authority_text,nrows,removed,added
"18 USC 3621, 3622, 3624, 4001, 4042, 4081, 4082 (Repealed in part as to offenses committed on or after November 1, 1987)",344,"('usc', 18, '1987', None)",""
"18 USC 3621, 3622, 3624, 4001, 4005, 4042, 4045, 4081, 4082 (Repealed in part as to offenses committed on or after November 1, 1987), 4241 to 4247, 5006 to 5024 (Repealed October 12, 1984)",325,"('usc', 18, '1984', None) | ('usc', 18, '1987', None)",""
Clean Air Act,262,"('act_relative', None, None, None)","('other', None, None, None)"
"18 USC 3521 to 3528, 3621, 3622, 3624, 4001, 4042, 4046, 4081, 4082 (Repealed in part as to offenses committed on or after November 1, 1987)",250,"('usc', 18, '1987', None)",""
Clean Air Act sec 112,222,"('act_relative', None, None, None)","('other', None, None, None)"
ERISA sec 505,190,"('act_relative', None, None, None)","('other', None, None, None)"
"18 USC 3621, 3622, 3624, 4001, 4042, 4081, 4082 (Repealed in part as to offenses committed on or after November 1, 1987), 5006 to 5024 (Repealed October 12, 1984, as to offenses committed)",180,"('usc', 18, '1984', None) | ('usc', 18, '1987', None)",""
"18 USC 751, 752, 1791, 1792, 1793, 3050, 3621, 3622, 3624, 4001, 4012, 4042, 4081 and 4082 (Repealed as to offenses committed on or after November 1, 1987)",165,"('usc', 18, '1987', None)",""
"18 USC 5006 to 5024 (Repealed October 12, 1984, as to offenses committed after that date)",160,"('usc', 18, '1984', None)",""
"18 U.S.C. 3621, 3622, 3624, 4001, 4042, 4081, 4082 (Repealed in part as to offenses committed on or after November 1, 1987)",144,"('usc', 18, '1987', None)",""
"18 USC 3013, 3571, 3572, 3621, 3622, 3624, 3663, 4001, 4042, 4081, 4082 (Repealed in part as to offenses committed on or after November 1, 1987), and 4126",130,"('usc', 18, '1987', None)",""
"sec. 1, 4(i), 4(j), 4(o), 251(e)(3), 254, 301, 303(b), 303(g), 303(r), 307, 309(a), 309(j)",117,"('act_relative', None, None, None)","('other', None, None, None)"
"18 USC 751, 752, 1791, 1792, 1793, 3050, 3621, 3622, 3624, 4001, 4012, 4042, 4081, 4082 (Repealed as to offenses committed on or after November 1, 1987)",105,"('usc', 18, '1987', None)",""
"18 U.S.C. 3621, 3622, 3624, 4001, 4042, 4081 and 4082 (repealed in part as to offenses committed on or after Nov. 1, 1987)",104,"('usc', 18, '1987', None)",""
"18 USC 3621, 3622, 3624, 4001, 4042, 4942, 4081, 4082 (Repealed in part as to conduct occurring on or after November 1, 1987), 5006 to 5024 (Repealed October 12, 1984, as to offense committed)",99,"('usc', 18, '1984', None) | ('usc', 18, '1987', None)",""
"18 USC 751, 3621, 3622, 3624, 4001, 4042, 4081 and 4082 (Repealed in part as to offenses committed on or after November 1, 1987)",99,"('usc', 18, '1987', None)",""
"18 USC 3013, 3571, 3572, 3621, 3622, 3624, 3663, 4001, 4042, 4081, 4082 (Repealed in part as to offenses committed on or after November 1, 1987)",96,"('usc', 18, '1987', None)",""
"18 U.S.C. 4082 (repealed in part as to offenses committed on or after Nov. 1, 1987)",92,"('usc', 18, '1987', None)",""
Rail Safety Improvement Act of 2008,91,"('act_relative', None, None, None)","('other', None, None, None)"
"18 USC 4001, 4042, 4942, 4081, 4082 (Repealed in part as to conduct occurring on or after November 1, 1987)",90,"('usc', 18, '1987', None)",""
"18 USC 4001, 4042, 4942, 4081, 4082 (Repealed in part as to conduct occurring on or after November 1, 1987), 5006 to 5024 (Repealed October 12, 1984, as to conduct occurring after that date), 5039",90,"('usc', 18, '1984', None) | ('usc', 18, '1987', None)",""
"CWA 301, 304, 306, 307, 308, 402, 501",84,"('act_relative', None, None, None)","('other', None, None, None)"
"18 USC 1791, 3621, 3622, 3624, 4001, 4042, 4081, 4082 (Repealed in part as to conduct occurring on or after November 1, 1987)",81,"('usc', 18, '1987', None)",""
"18 U.S.C. 3013, 3571, 3572, 3621, 3622, 3624, 3663, 4001, 4042, 4081, 4082 (Repealed in part as to offenses committed on or after November 1, 1987), and 4126",78,"('usc', 18, '1987', None)",""
"18 U.S.C. 751, 752, 1791, 1792, 1793, 3050, 3621, 3622, 3624, 4001, 4012, 4042, 4081 and 4082 (Repealed as to offenses committed on or after November 1, 1987)",75,"('usc', 18, '1987', None)",""
"18 USC 751, 3621, 3622, 3624, 4001, 4042, 4081, 4082 (Repealed in part as to offenses committed on or after November 1, 1987), 4161 to 4166, 5006 to 5024 (Repealed October 12, 1984)",72,"('usc', 18, '1984', None) | ('usc', 18, '1987', None)",""
"18 USC 5006 to 5024 (Repealed October 12, 1984, as to conduct occurring after that date)",66,"('usc', 18, '1984', None)",""
CAA sec 112,63,"('act_relative', None, None, None)","('other', None, None, None)"
CWA 301,63,"('act_relative', None, None, None)","('other', None, None, None)"
CAA 111,62,"('act_relative', None, None, None)","('other', None, None, None)"
CWA 304,62,"('act_relative', None, None, None)","('other', None, None, None)"
"18 USC 1512, 3621, 3622, 3624, 4001, 4005, 4042, 4081, 4082 (Repealed in part as to offenses committed on or after November 1, 1987)",60,"('usc', 18, '1987', None)",""
CWA 501,60,"('act_relative', None, None, None)","('other', None, None, None)"
"18 U.S.C. 3521 to 3528, 3621, 3622, 3624, 4001, 4042, 4046, 4081, 4082 (Repealed in part as to offenses committed on or after November 1, 1987)",60,"('usc', 18, '1987', None)",""
"18 USC 3621, 3622, 3624, 4001, 4042, 4081, 4082 (Repealed in part as to offenses committed on or after November 1, 1987), 5006-5024 (Repealed October 12, 1984, as to offenses committed)",60,"('usc', 18, '1984', None) | ('usc', 18, '1987', None)",""
"18 USC 3621, 3622, 3624, 4001, 4042, 4081, 4082 (Repealed in part as to offenses committed on or after November 1, 1987), 5006-5024 (Repealed October 12, 1984 as to offenses committed)",60,"('usc', 18, '1984', None) | ('usc', 18, '1987', None)",""
CAA,57,"('act_relative', None, None, None)","('other', None, None, None)"
Deficit Reduction Act of 2005,57,"('act_relative', None, None, None)","('other', None, None, None)"
"18 USC 3521 3528, 3621,3622, 3624, 4001, 4042, 4046, 4081,4082 (Repealed in part as to offenses committed on or after November 1, 1987) 5006 5024 (Repealed October 12, 1984 as to offenses committed)",55,"('usc', 18, '1984', None) | ('usc', 18, '1987', None)",""
"18 U.S.C. 3621, 3622, 3624, 4001, 4042, 4942, 4081, 4082 (Repealed in part as to conduct occurring on or after November 1, 1987), 5006 to 5024 (Repealed October 12, 1984, as to offense committed)",55,"('usc', 18, '1984', None) | ('usc', 18, '1987', None)",""
"18 U.S.C. 5006 to 5024 (repealed Oct. 12, 1984 as to offenses committed after that date)",54,"('usc', 18, '1984', None)",""
"Social Security Act, sec 1871",50,"('act_relative', None, None, None)","('other', None, None, None)"
CWA 402,47,"('act_relative', None, None, None)","('other', None, None, None)"
Nuclear Waste Policy Act of 1982,47,"('act_relative', None, None, None)","('other', None, None, None)"
CWA 308,47,"('act_relative', None, None, None)","('other', None, None, None)"
"18 USC 1791, 3621, 3622, 3624, 4001, 4042, 4081, 4082 (Repealed in part as to offenses committed on or after November 1, 1987)",45,"('usc', 18, '1987', None)",""
CAA 112,45,"('act_relative', None, None, None)","('other', None, None, None)"
Affordable Care Act,45,"('act_relative', None, None, None)","('other', None, None, None)"
"Social Security Act, sec 1102",45,"('act_relative', None, None, None)","('other', None, None, None)"
CWA 306,44,"('act_relative', None, None, None)","('other', None, None, None)"
Clean Air Act Amendments of 1990 sec 112,41,"('act_relative', None, None, None)","('other', None, None, None)"
"18 U.S.C. 4001, 4042, 4081, 4082 (Repealed in part as to offenses committed on or after November 1, 1987), 5006, 5024 (Repealed October 12, 1984 as to offenses committed on or after November 1, 1987)",40,"('usc', 18, '1984', None) | ('usc', 18, '1987', None)",""
CAA sec 111,40,"('act_relative', None, None, None)","('other', None, None, None)"
"18 USC 1512, 3621, 3622, 3624, 4001, 4005, 4042, 4081, and 4082 (Repealed in part as to offenses committed on or after November 1, 1987)",40,"('usc', 18, '1987', None)",""
"18 USC 3621, 3622, 3624, 4001, 4042, 4081, 4082 (Repealed in part as to offenses committed on or after November 1, 1987), 5006 5024 (Repealed October 12, 1984 as to offenses committed",40,"('usc', 18, '1984', None) | ('usc', 18, '1987', None)",""
"18 U.S.C. 5006 to 5024 (repealed Oct. 12, 1984, as to offenses committed after that date), 5039",39,"('usc', 18, '1984', None)",""
"CEA secs. 4(a), 4(c), and 8(a)(5)",39,"('act_relative', None, None, None)","('other', None, None, None)"
205(u) and 1631(e)(7) and 1129(l) of the Social Security Act,39,"('act_relative', None, None, None)","('other', None, None, None)"
"18 U.S.C. 5006 to 5024 (repealed Oct. 12, 1984, as to offenses committed on or after Nov. 1, 1987)",39,"('usc', 18, '1984', None) | ('usc', 18, '1987', None)",""
Commercial Motor Vehicle Safety Act of 1986,36,"('act_relative', None, None, None)","('other', None, None, None)"
ERISA sec. 505,36,"('act_relative', None, None, None)","('other', None, None, None)"
"Sections 1, 4(i), 4(j), 4(n), 201, 214, 218, 251(e)(3), 301, 303(b), 303(g), 303(j), 303(r), 307, 309, 316, 332, and 403 of the Communications Act of 1934, as amended",36,"('act_relative', None, None, None)","('other', None, None, None)"
"18 USC 5006 to 5024 (Repealed October 12, 1984, as to offenses committed)",36,"('usc', 18, '1984', None)",""
Clean Air Act title I,34,"('act_relative', None, None, None)","('other', None, None, None)"
"18 U.S.C. 4161 to 4166 (repealed as to offenses committed on or after Nov. 1, 1987)",34,"('usc', 18, '1987', None)",""
Motor Carrier Safety Act of 1984,34,"('act_relative', None, None, None)","('other', None, None, None)"
Motor Carrier Act of 1935,33,"('act_relative', None, None, None)","('other', None, None, None)"
"Social Security Act, sec 1818(d)(2)",33,"('act_relative', None, None, None)","('other', None, None, None)"
CWA 307,33,"('act_relative', None, None, None)","('other', None, None, None)"
"42 U.S.C. 290dd-2 amended by the Coronavirus Aid, Relief, and Economic Security Act (the CARES Act), Pub. L. 116-136, sec. 3221 (March 27, 2020)",33,"('usc', 42, '2020', None)",""
"Clean Air Act Amendments of 1990, sec 112",32,"('act_relative', None, None, None)","('other', None, None, None)"
"18 U.S.C. 5006 to 5024 (repealed Oct. 12, 1984, as to offenses committed after that date)",32,"('usc', 18, '1984', None)",""
Clean Air Act sec 111,32,"('act_relative', None, None, None)","('other', None, None, None)"
41708 and 41709,32,"('usc', 49, '41708', None) | ('usc', 49, '41709', None)","('other', None, None, None)"
"secs. 1, 4(i), 229, 301, 302, 303, 309, 312, 403, and 503 of the Communications Act of 1934, as amended",30,"('act_relative', None, None, None)","('other', None, None, None)"
"18 USC 3565 and 3568 to 3569 (Repealed in part as to offenses committed on or after November 1, 1987)",30,"('usc', 18, '1987', None)",""
"18 USC 5006 to 5024 (Repealed October 12, 1984, as to offenses committed after that date.)",30,"('usc', 18, '1984', None)",""
"Social Security Act, sec. 1776 (42 U.S.C. 1320d-5) added by Health Insurance Portability and Accountability Act of 1996 (HIPAA), Pub. L. 104-191, sec. 264 (August 21, 1996)",30,"('usc', 42, '1996', None)",""
"18 USC 4082 (Repealed in part as to offenses committed on or after November 1, 1987), 5006 to 5024 (Repealed October 12, 1984, as to offenses committed after that date), 5039",30,"('usc', 18, '1984', None) | ('usc', 18, '1987', None)",""
"Social Security Act, sec 1839",29,"('act_relative', None, None, None)","('other', None, None, None)"
"This rule is promulgated by the Secretary of Labor under the authority of 5 U.S.C. 301, as well as Secretary of Labor's Order 03-2006, 71 FR 4219 (January 25, 2006)",28,"('usc', 5, '2006', None)",""
"Social Security Act, sec 1818A(d)(2)",28,"('act_relative', None, None, None)","('other', None, None, None)"
Railroad Safety Improvement Act of 2008,27,"('act_relative', None, None, None)","('other', None, None, None)"
"Secs. 1, 2, 4(i), 4(n), 302, 303(r), 312, 333, and 503, of the Communications Act of 1934, as amended",27,"('act_relative', None, None, None)","('other', None, None, None)"
"MMA, sec 811",27,"('act_relative', None, None, None)","('other', None, None, None)"
CAA sec 112(f)(2),26,"('act_relative', None, None, None)","('other', None, None, None)"
"Social Security Act, sec 1886(j)",26,"('act_relative', None, None, None)","('other', None, None, None)"
"Social Security Act, sec 1888(e)",26,"('act_relative', None, None, None)","('other', None, None, None)"
"secs. 1, 2, 3, 4, 10, 201, 202, 208, 209, 214, 216, 217, 218, 219, 220(a), 229, 251, 254, 255, 256, 301, 303, 307, 332, and 333, of the Communications Act of 1934, as amended",25,"('act_relative', None, None, None)","('other', None, None, None)"
"MMA, sec 629",25,"('act_relative', None, None, None)","('other', None, None, None)"
"Safe, Accountable, Flexible, Efficient Transportation Equity Act: A Legacy for U",25,"('act_relative', None, None, None)","('other', None, None, None)"
"Social Security Act, sec 1813 (b)(2)",25,"('act_relative', None, None, None)","('other', None, None, None)"
Sec 1886(d) of the Social Security Act,25,"('act_relative', None, None, None)","('other', None, None, None)"
Transportation Equity Act for the 21st Century,25,"('act_relative', None, None, None)","('other', None, None, None)"
Clean Air Act section 112,25,"('act_relative', None, None, None)","('other', None, None, None)"
"18 U.S.C. 4042, 4081, 4082 (Repealed in part as to offenses committed on or after November 1, 1987)",24,"('usc', 18, '1987', None)",""
BBA,24,"('act_relative', None, None, None)","('other', None, None, None)"
"18 U.S.C. 4082, (repealed in part as to offenses committed on or after November 1, 1987)",24,"('usc', 18, '1987', None)",""
Clean Air Act sec 129,24,"('act_relative', None, None, None)","('other', None, None, None)"
"18 USC 4001, 4042, 4942, 4081, and 4082 (Repealed in part as to conduct occurring on or after November 1, 1987)",24,"('usc', 18, '1987', None)",""
"18 U.S.C. 5006 to 5024 (Repealed October 12, 1984, as to offenses committed after that date)",24,"('usc', 18, '1984', None)",""
"18 USC 4161 to 4166 (Repealed in part as to offenses committed on or after November 1, 1987)",24,"('usc', 18, '1987', None)",""
"18 U.S.C. 4001, 4042, 4046, 4081, 4082 (Repealed in part as to offenses committed on or after November 1, 1987)",24,"('usc', 18, '1987', None)",""
"18 U.S.C. 3621, 3622, 3624, 4001, 4042, 4081, 4082 (repealed in part as to offenses committed on or after Nov. 1, 1987)",24,"('usc', 18, '1987', None)",""
"18 U.S.C. 4161-4166 (repealed October 12, 1984 as to offenses committed on or after November 1, 1987), 5006-5024 (Repealed October 12, 1984 as to conduct occurring after that date)",24,"('usc', 18, '1984', None) | ('usc', 18, '1987', None)",""
"Social Security Act, sec 1895",24,"('act_relative', None, None, None)","('other', None, None, None)"
"18 USC 4001, 4042, 4046, 4081, 4082 (Repealed in part as to offenses committed on or after November 1, 1987)",24,"('usc', 18, '1987', None)",""
"18 USC 4126, 5006 to 5024 (Repealed October 12, 1984, as to offenses committed after that date)",24,"('usc', 18, '1984', None)",""
"18 USC 751, 3621, 3622, 3624, 4001, 4042, 4081, 4082 (Repealed in part as to offenses committed on or after November 1,1987), 4161-4166, 5006-5024 (Repealed October 12,1984, as to offenses committed)",24,"('usc', 18, '1984', None) | ('usc', 18, '1987', None)",""
sec. 4009 and 4011,24,"('public_law', None, None, None)","('other', None, None, None)"
"International Security and Development Cooperation Act of 1981, sec 601",23,"('act_relative', None, None, None)","('other', None, None, None)"
"Social Security Act, secs 1102 and 1871",23,"('act_relative', None, None, None)","('other', None, None, None)"
CAA sec 129,23,"('act_relative', None, None, None)","('other', None, None, None)"
sec. 1102 of the Social Security Act,22,"('act_relative', None, None, None)","('other', None, None, None)"
"18 USC 4161 to 4166 (Repealed as to offenses committed on or after November 1, 1987)",22,"('usc', 18, '1987', None)",""
"18 U.S.C. 5006 to 5024 (Repealed October 12, 1984, as to offenses committed)",22,"('usc', 18, '1984', None)",""
CAA 211,22,"('act_relative', None, None, None)","('other', None, None, None)"
Clean Air Act Section 112,22,"('act_relative', None, None, None)","('other', None, None, None)"
Clean Air Act Title I,22,"('act_relative', None, None, None)","('other', None, None, None)"
"18 U.S.C. 4082 (Repealed in part as to conduct occurring on or after November 1, 1987)",22,"('usc', 18, '1987', None)",""
"18 U.S.C. 3568 (repealed November 1, 1987 as to offenses committed on or after that date)",22,"('usc', 18, '1987', None)",""
ERISA sec 101(f),21,"('act_relative', None, None, None)","('other', None, None, None)"
"DRA, sec 5111",21,"('act_relative', None, None, None)","('other', None, None, None)"
Social Security Act,21,"('act_relative', None, None, None)","('other', None, None, None)"
CAA 112(d)(6),21,"('act_relative', None, None, None)","('other', None, None, None)"
CAA 112(r),21,"('act_relative', None, None, None)","('other', None, None, None)"
Clean Water Act sec 501,21,"('act_relative', None, None, None)","('other', None, None, None)"
sec 8a(5) of the Commodity Exchange Act,20,"('act_relative', None, None, None)","('other', None, None, None)"
secs. 7(a)(31) and 7(a)(34) of the Small Business Act,20,"('act_relative', None, None, None)","('other', None, None, None)"
sec. 321 and 325 of the Energy Independence and Security Act of 2007 (EISA),20,"('act_relative', None, None, None)","('other', None, None, None)"
National School Lunch Act (NSLA),20,"('act_relative', None, None, None)","('other', None, None, None)"
secs. 4004 and 5003,20,"('public_law', None, None, None)","('other', None, None, None)"
SDWA 1412,20,"('act_relative', None, None, None)","('other', None, None, None)"
ERISA sec 105,20,"('act_relative', None, None, None)","('other', None, None, None)"
"Food, Conservation, and Energy Act of 2008",20,"('act_relative', None, None, None)","('other', None, None, None)"
"18 U.S.C. 3621, 3622, 3624, 4001, 4042, 4081, 4082 (Repealed in part as to offenses committed on or after November 1, 1987), 5006-5024 (Repealed October 12, 1984, as to offenses committed)",20,"('usc', 18, '1984', None) | ('usc', 18, '1987', None)",""
MMA,20,"('act_relative', None, None, None)","('other', None, None, None)"
31136(a),19,"('usc', 49, '31136', None)","('other', None, None, None)"
"Clean Air Act Amendments of 1990, section 112",19,"('act_relative', None, None, None)","('other', None, None, None)"
BIPA,19,"('act_relative', None, None, None)","('other', None, None, None)"
sec 5b of the Commodity Exchange Act,19,"('act_relative', None, None, None)","('other', None, None, None)"
ERISA sec 404,18,"('act_relative', None, None, None)","('other', None, None, None)"
Clean Water Act sec 301,18,"('act_relative', None, None, None)","('other', None, None, None)"
21st Century Cures Act,18,"('act_relative', None, None, None)","('other', None, None, None)"
"18 USC 751, 3621, 3622, 3624, 4001, 4042, 4081, 4082 (Repealed in part as to offenses committed on or after November 1, 1987)",18,"('usc', 18, '1987', None)",""
"2244, 2252, 2277a-7",18,"('usc', 12, '2244', None) | ('usc', 12, '2252', None) | ('usc', 12, '2277a-7', None)","('other', None, None, None)"
"secs. 1, 4(i), 4(j), 4(n), 201, 214, 218, 251(e)(3), 301, 303(b), 303(g), 303(j), 303(r), 307, 309, 316, 332, and 403 of the Communications Act of 1934, as amended",18,"('act_relative', None, None, None)","('other', None, None, None)"
sec. 1819(b)(1)(A) and 1919 (b)(1)(A) of the Social Security Act,18,"('act_relative', None, None, None)","('other', None, None, None)"
sec 1102 of the Social Security Act,18,"('act_relative', None, None, None)","('other', None, None, None)"
CAA sec 112(d)(6),18,"('act_relative', None, None, None)","('other', None, None, None)"
"Clean Air Act, sec 112 as amended November 1990",18,"('act_relative', None, None, None)","('other', None, None, None)"
"CEA secs 4(a), 4(c), and 8(a)(5)",18,"('act_relative', None, None, None)","('other', None, None, None)"
"CWA 101, 304, 308, 401, 402, 510",18,"('act_relative', None, None, None)","('other', None, None, None)"
sec 1138 of the Social Security Act,18,"('act_relative', None, None, None)","('other', None, None, None)"
Clean Air Act Amendments of 1990,17,"('act_relative', None, None, None)","('other', None, None, None)"
Clean Water Act sec 304,17,"('act_relative', None, None, None)","('other', None, None, None)"
Cranston-Gonzalez National Affordable Housing Act,17,"('act_relative', None, None, None)","('other', None, None, None)"
Ethics Reform Act of 1989,17,"('act_relative', None, None, None)","('other', None, None, None)"
"INA 104(a), 212(n), 214(c), 218",16,"('act_relative', None, None, None)","('other', None, None, None)"
89-670 and 91-605,16,"('public_law', None, None, None)","('other', None, None, None)"
"18 U.S.C. 3621, 3622, 3624, 4001, 4042, 4081 and 4082 (repealed in part as to offenses committed on or after November 1, 1987)",16,"('usc', 18, '1987', None)",""
Fish and Wildlife Act of 1956,16,"('act_relative', None, None, None)","('other', None, None, None)"
secs 1819(g)(1)(D) and 1919(g)(1)(D) of the Social Security Act,16,"('act_relative', None, None, None)","('other', None, None, None)"
CWA 501(a),16,"('act_relative', None, None, None)","('other', None, None, None)"
"CAA section 202,203,247, 301(a)",16,"('act_relative', None, None, None)","('other', None, None, None)"
"18 U.S.C. 5006 to 5024 (Repealed October 12, 1984 as to offenses committed after that date)",16,"('usc', 18, '1984', None)",""
sec 7102 of the Affordable Care Act,16,"('act_relative', None, None, None)","('other', None, None, None)"
ERISA sec 104(b)(3),16,"('act_relative', None, None, None)","('other', None, None, None)"
CWA 311(d)(2),16,"('act_relative', None, None, None)","('other', None, None, None)"
SDWA 1412(b),15,"('act_relative', None, None, None)","('other', None, None, None)"
"secs. 474(f), 479 and 1102 of the Social Security Act",15,"('act_relative', None, None, None)","('other', None, None, None)"
Agriculture Improvement Act of 2018,15,"('act_relative', None, None, None)","('other', None, None, None)"
CWA 304(h),15,"('act_relative', None, None, None)","('other', None, None, None)"
sec. 412(a)(9) of the Immigration and Nationality Act,15,"('act_relative', None, None, None)","('other', None, None, None)"
sec. 1101(c) of the Violence Against Women Reauthorization Act of 2013,15,"('act_relative', None, None, None)","('other', None, None, None)"
The Family Smoking Prevention and Tobacco Control Act,15,"('act_relative', None, None, None)","('other', None, None, None)"
Clean Air Act 211(o),14,"('act_relative', None, None, None)","('other', None, None, None)"
"International Security and Development Cooperation Act of 1981, sec. 601",14,"('act_relative', None, None, None)","('other', None, None, None)"
secs. 321 and 325 of the Energy Independence and Security Act of 2007 (EISA),14,"('act_relative', None, None, None)","('other', None, None, None)"
INA 214(g),14,"('act_relative', None, None, None)","('other', None, None, None)"
"Sec 13(b)(21), FLSA, as amended",14,"('act_relative', None, None, None)","('other', None, None, None)"
"secs 905(j) and 910(a) of the Federal Food, Drug, and Cosmetic Act",14,"('act_relative', None, None, None)","('other', None, None, None)"
"Sec 13(a)(15), Fair Labor Standards Act (FLSA), as amended",14,"('act_relative', None, None, None)","('other', None, None, None)"
"12838, and 12905(h)",14,"('usc', 42, '12838', None) | ('usc', 42, '12905', None)","('other', None, None, None)"
Clean Water Act sec 306,14,"('act_relative', None, None, None)","('other', None, None, None)"
sec 1886(d) of the Social Security Act,14,"('act_relative', None, None, None)","('other', None, None, None)"
INA 101(a)(15)(h),14,"('act_relative', None, None, None)","('other', None, None, None)"
"Bipartisan Budget Act of 2015, sec. 824",14,"('act_relative', None, None, None)","('other', None, None, None)"
Sec 521 of BIPA,14,"('act_relative', None, None, None)","('other', None, None, None)"
Hazardous Materials Transportation Authorization Act of 1994,14,"('act_relative', None, None, None)","('other', None, None, None)"
ERISA sec. 4022,13,"('act_relative', None, None, None)","('other', None, None, None)"
Fair Labor Standards Act,13,"('act_relative', None, None, None)","('other', None, None, None)"
ERISA sec 3(21),13,"('act_relative', None, None, None)","('other', None, None, None)"
ERISA sec. 4044,13,"('act_relative', None, None, None)","('other', None, None, None)"
"Consolidated Appropriations Act of 2018, div. L, title IV, sec. 410",13,"('act_relative', None, None, None)","('other', None, None, None)"
John S. McCain National Defense Authorization Act (NDAA) for Fiscal Year (FY) 2019,13,"('act_relative', None, None, None)","('other', None, None, None)"
sec. 421 of the Trade Facilitation and Trade Enforcement Act of 2015,13,"('act_relative', None, None, None)","('other', None, None, None)"
Consumer Product Safety Act,13,"('act_relative', None, None, None)","('other', None, None, None)"
Clean Water Act sec 307,13,"('act_relative', None, None, None)","('other', None, None, None)"
Clean Air Act sec 211(o),13,"('act_relative', None, None, None)","('other', None, None, None)"
"18 U.S.C. 3621, 3622, 3624, 4001, 4005, 4042, 4045, 4081, 4082 (Repealed in part as to offenses committed on or after November 1, 1987), 4241 to 4247, 5006 to 5024 (Repealed October 12, 1984)",13,"('usc', 18, '1984', None) | ('usc', 18, '1987', None)",""
sec. 202(h) of the Telecommunications Act,13,"('act_relative', None, None, None)","('other', None, None, None)"
Safe Drinking Water Act sec 1412,13,"('act_relative', None, None, None)","('other', None, None, None)"
sec 1833 of the Social Security Act,13,"('act_relative', None, None, None)","('other', None, None, None)"
8 1252 note,13,"('usc', 8, '1252', None)","('other', None, None, None)"
sec. 403 of the 2018 FAA Reauthorization Act,13,"('act_relative', None, None, None)","('other', None, None, None)"
Federal Civil Penalties Inflation Adjustment Act Improvements Act of 2015,13,"('act_relative', None, None, None)","('other', None, None, None)"
CWA 101,13,"('act_relative', None, None, None)","('other', None, None, None)"
307(e),13,"('act_relative', None, None, None)","('other', None, None, None)"
Clean Air Act 211(k),13,"('act_relative', None, None, None)","('other', None, None, None)"
Clean Air Act sec 211,13,"('act_relative', None, None, None)","('other', None, None, None)"
sec. 11233(b)(2) of the National Capital Revitalization and Self-Government Improvement Act of 1997,12,"('act_relative', None, None, None)","('other', None, None, None)"
"CWA 301, 304, 306, 307",12,"('act_relative', None, None, None)","('other', None, None, None)"
CWA 510,12,"('act_relative', None, None, None)","('other', None, None, None)"
"18 U.S.C. 4161 to 4166 (repealed Oct. 12, 1984, as to offenses committed on or after Nov. 1, 1987), 5006 to 5024 (repealed Oct. 12, 1984 as to conduct occurring after that date)",12,"('usc', 18, '1984', None) | ('usc', 18, '1987', None)",""
5676,12,"('usc', 7, '5676', None)","('other', None, None, None)"
FOIA Improvements Act of 2016,12,"('act_relative', None, None, None)","('other', None, None, None)"
sec 371 to 376 of the Public Health Service Act,12,"('act_relative', None, None, None)","('other', None, None, None)"
"18 U.S.C. 5006-5024 (Repealed October 12, 1984 as to offenses committed after that date)",12,"('usc', 18, '1984', None)",""
sec. 13407 of the American Recovery and Reinvestment Act of 2009,12,"('act_relative', None, None, None)","('other', None, None, None)"
"sec. 621, Pub. L. 87-195, 75 Stat 445, (22 U.S.C. 2381) as amended, E.O. 12163, Sept 29, 1979, 44 FR 56673",12,"('usc', 22, '1979', None)",""
"31 USC 9701 Act of August 31, 1951, 65 Stat. 290",12,"('usc', 31, '1951', None)",""
"Div. D, title IV, sec. 416 of the Further Consolidated Appropriations Act 2020",12,"('act_relative', None, None, None)","('other', None, None, None)"
3813 and 3814,12,"('usc', 16, '3813', None) | ('usc', 16, '3814', None)","('other', None, None, None)"
secs 2104(e) and 2104(f) of the Social Security Act,12,"('act_relative', None, None, None)","('other', None, None, None)"
Sec 1613(a)(2)(A) of the Social Security Act,12,"('act_relative', None, None, None)","('other', None, None, None)"
CEA sec. 8(a)(5),12,"('act_relative', None, None, None)","('other', None, None, None)"
"18 USC 751, 3621, 3622, 3624, 4001, 4042, 4081, 4082 (Repealed in part as to offenses committed on or after November 1, 1987), 4161 to 4166, 5006 to 5024 (Repealed October 12, 1984 )",12,"('usc', 18, '1984', None) | ('usc', 18, '1987', None)",""
"18 U.S.C. 5006-5024 (Repealed October 12, 1984 as to offenses committed after that date), 5039",12,"('usc', 18, '1984', None)",""
"18 USC 4082 (Repealed in part as to offenses committed on or after November 1, 1987)",12,"('usc', 18, '1987', None)",""
Resource Conservation Recovery Act sec 3001,12,"('act_relative', None, None, None)","('other', None, None, None)"
CEA sec. 5,12,"('act_relative', None, None, None)","('other', None, None, None)"
"18 U.S.C. 5006 to 5024 (Repealed October 12, 1984, as to offenses committed after that date.)",12,"('usc', 18, '1984', None)",""
"secs. 201(ff)(3)(B), 301(ll)(2), and 701(a) of the Federal Food, Drug, and Cosmetic Act",12,"('act_relative', None, None, None)","('other', None, None, None)"
sec. 939(e),12,"('public_law', None, None, None)","('other', None, None, None)"
"18 U.S.C. 4161 to 4166 (Repealed in part as to offenses committed on or after November 1, 1987)",12,"('usc', 18, '1987', None)",""
Consolidated Farm and Rural Development Act (CONACT),12,"('act_relative', None, None, None)","('other', None, None, None)"
ERISA sec 408(g),12,"('act_relative', None, None, None)","('other', None, None, None)"
Sec 1102 of the Social Security Act,11,"('act_relative', None, None, None)","('other', None, None, None)"
sec. 429 of the FAA Reauthorization Act of 2018,11,"('act_relative', None, None, None)","('other', None, None, None)"
"18 USC 3621, 3622, 3624, 4001, 4042, 4081, 4082 (Repealed in part as to offenses committed on or after November 1, 1987), 5006, 5024 (Repealed October 12, 1984 as to offenses committed",11,"('usc', 18, '1984', None) | ('usc', 18, '1987', None)",""
Consolidated Farm and Rural Development Act,11,"('act_relative', None, None, None)","('other', None, None, None)"
"Pub. L. 10811, sec 1503",11,"('public_law', None, None, None)","('other', None, None, None)"
1844,11,"('usc', 12, '1844', None)","('other', None, None, None)"
CWA 316,11,"('act_relative', None, None, None)","('other', None, None, None)"
Resource Conservation Recovery Act sec 3004,11,"('act_relative', None, None, None)","('other', None, None, None)"
Clean Air Act sec 112(d),11,"('act_relative', None, None, None)","('other', None, None, None)"
Sec 1614(f)(2) of the Social Security Act,11,"('act_relative', None, None, None)","('other', None, None, None)"
Intermodal Surface Transportation Efficiency Act (ISTEA),11,"('act_relative', None, None, None)","('other', None, None, None)"
Clean Air Act sec. 112,10,"('act_relative', None, None, None)","('other', None, None, None)"
Section 212(d)(4)(C) of the Immigration & Nationality Act (INA),10,"('act_relative', None, None, None)","('other', None, None, None)"
"Clean Air Act, section 407",10,"('act_relative', None, None, None)","('other', None, None, None)"
FNA sec. 5(e)(6)(c),10,"('act_relative', None, None, None)","('other', None, None, None)"
Outer Continental Shelf Lands Act (OCSLA),10,"('act_relative', None, None, None)","('other', None, None, None)"
Sec 1878 of the Social Security Act,10,"('act_relative', None, None, None)","('other', None, None, None)"
"Older Americans Act of 1965, as amended",10,"('act_relative', None, None, None)","('other', None, None, None)"
Health Information Technology for Economic and Clinical Health (HITECH) Act (title XIII of the American Recovery and Reinvestment Act of 2009),10,"('act_relative', None, None, None)","('other', None, None, None)"
Safe Drinking Water Act,10,"('act_relative', None, None, None)","('other', None, None, None)"
FAST ACT,10,"('act_relative', None, None, None)","('other', None, None, None)"
"18 U.S.C. 5006-5024 (repealed Oct. 12, 1984 as to offenses committed after that date)",10,"('usc', 18, '1984', None)",""
"18021 to 18024 , 18031 to 18033 , 18041 to 18042 , 18044, 18051, 18054, 18061, 18063, 18071, and 18081 to 18083",10,"('usc', 42, '18021', None) | ('usc', 42, '18031', None) | ('usc', 42, '18041', None) | ('usc', 42, '18044', None) | ('usc', 42, '18051', None) | ('usc', 42, '18054', None) | ('usc', 42, '18061', None) | ('usc', 42, '18063', None) | ('usc', 42, '18071', None) | ('usc', 42, '18081', None)","('other', None, None, None)"
1902(a)(30)(A) of the Social Security Act,10,"('act_relative', None, None, None)","('other', None, None, None)"
"18 U.S.C. 1512, 3621, 3622, 3624, 4001, 4005, 4042, 4081, and 4082 (Repealed in part as to offenses committed on or after November 1, 1987)",10,"('usc', 18, '1987', None)",""
American Rescue Plan Act,10,"('act_relative', None, None, None)","('other', None, None, None)"
INA sec. 212(a)(4),10,"('act_relative', None, None, None)","('other', None, None, None)"
CAA title I,10,"('act_relative', None, None, None)","('other', None, None, None)"
"18 U.S.C. 3621, 3622, 3624, 4001, 4042, 4081, 4082 (Repealed in part as to offenses committed on or after November 1, 1987), 5006 5024 (Repealed October 12, 1984 as to offenses committed",10,"('usc', 18, '1984', None) | ('usc', 18, '1987', None)",""
sec.1819(d)(4)(B) and 1919(d)(4)(B) of the Social Security Act,10,"('act_relative', None, None, None)","('other', None, None, None)"
"Social Security Act, sec. 1818A(d)(2)",10,"('act_relative', None, None, None)","('other', None, None, None)"
sec. 504 of the Rehabilitation Act of 1973,10,"('act_relative', None, None, None)","('other', None, None, None)"
Food and Nutrition Act of 2008,10,"('act_relative', None, None, None)","('other', None, None, None)"
"Social Security Act, sec 1866",10,"('act_relative', None, None, None)","('other', None, None, None)"
"18 U.S.C. 4001, 18 U.S.C. 4042, 18 U.S.C. 4081, 18 U.S.C. 4082 (repealed in part as to offenses committed on or after November 1, 1987)",10,"('usc', 18, '1987', None)",""
"18 U.S.C. 4082 (Repealed in part as to offenses committed on or after November 1, 1987)",10,"('usc', 18, '1987', None)",""
sec 504 of the Rehabilitation Act of 1973,10,"('act_relative', None, None, None)","('other', None, None, None)"
TSCA sec 601,10,"('act_relative', None, None, None)","('other', None, None, None)"
sec 872,10,"('public_law', None, None, None)","('other', None, None, None)"
sec 2144(e) of the Public Health Service Act,10,"('act_relative', None, None, None)","('other', None, None, None)"
Federal Hazardous Substances Act,10,"('act_relative', None, None, None)","('other', None, None, None)"
secs.1819 and 1919 of the Social Security Act,10,"('act_relative', None, None, None)","('other', None, None, None)"
"18 USC 3621, 3622, 3624, 4001, 4042, 4081, 4082 (Repealed in part as to offenses committed on or after November 1, 1987), 5006-5024 (Repealed October 12, 1984 as to offenses committed",10,"('usc', 18, '1984', None) | ('usc', 18, '1987', None)",""
"18 U.S.C. 3621, 3622, 3624, 4001, 4042, 4081, 4082 (Repealed in part as to offenses committed on or after November 1, 1987), 5006-5024 (Repealed October 12, 1984 as to offenses committed",10,"('usc', 18, '1984', None) | ('usc', 18, '1987', None)",""
Stat 2936,10,"('statute_at_large', None, None, None)","('other', None, None, None)"
"18 U.S.C. 4001, 18 U.S.C. 4042, 18 U.S.C. 4081, 18 U.S.C. 4082 (Repealed in part as to offenses committed on or after November 1, 1987)",10,"('usc', 18, '1987', None)",""
"1715u, and 1715z-21",10,"('usc', 12, '1715u', None) | ('usc', 12, '1715z-21', None)","('other', None, None, None)"
CEA sec. 2(h),10,"('act_relative', None, None, None)","('other', None, None, None)"
"18 USC 3521 to 3528, 3621 and 3622, 3624, 4001, 4042, 4046, 4081 and 4082 (Repealed in part as to offenses committed on or after November 1, 1987)",10,"('usc', 18, '1987', None)",""
"18 U.S.C. 4082, (Repealed in part as to offenses committed on or after November 1, 1987),",10,"('usc', 18, '1987', None)",""
CAA 112(d)(2) and 112(d)(3),10,"('act_relative', None, None, None)","('other', None, None, None)"
Migratory Bird Treaty Act,10,"('act_relative', None, None, None)","('other', None, None, None)"
MMA 2003,10,"('act_relative', None, None, None)","('other', None, None, None)"
3568 and 3569,10,"('usc', 18, '3568', None) | ('usc', 18, '3569', None)","('other', None, None, None)"
National Technology Transfer and Advancement Act (NTTAA) of 1995,10,"('act_relative', None, None, None)","('other', None, None, None)"
"18 USC 1512, 3621, 3622, 3624, 4001, 4005, 4042, 4081 and 4082 (Repealed in part as to offenses committed on or after November 1, 1987)",10,"('usc', 18, '1987', None)",""
"18 U.S.C. 5006-5024 (Repealed October 12, 1984 as to offenses committed)",10,"('usc', 18, '1984', None)",""
"Secs. 609(b), 602(b)(3), and 701(a) of the Federal Food, Drug, and Cosmetic Act",9,"('act_relative', None, None, None)","('other', None, None, None)"
"18 U.S.C. 5006-5024 (Repealed October 12, 1984, as to offenses committed after that date), 5039",9,"('usc', 18, '1984', None)",""
1437z-5,9,"('usc', 42, '1437z-5', None)","('other', None, None, None)"
sec. 7 of the Small Business Act,9,"('act_relative', None, None, None)","('other', None, None, None)"
Wagner-Peyser Act,9,"('act_relative', None, None, None)","('other', None, None, None)"
CWA 401,9,"('act_relative', None, None, None)","('other', None, None, None)"
CWA 304(a)(9),9,"('act_relative', None, None, None)","('other', None, None, None)"
"Noise Control Act of 1972, sec 8",9,"('act_relative', None, None, None)","('other', None, None, None)"
RCRA 4004,9,"('act_relative', None, None, None)","('other', None, None, None)"
INA 221(d),9,"('act_relative', None, None, None)","('other', None, None, None)"
"secs. 641(a), 641(c), and 644(c), of the Head Start Act",9,"('act_relative', None, None, None)","('other', None, None, None)"
National Technology Transfer and Advancement Act of 1995,9,"('act_relative', None, None, None)","('other', None, None, None)"
"sec 301 of the National Organ Transplant Act (NOTA) of 1984, as amended",9,"('act_relative', None, None, None)","('other', None, None, None)"
INA sec. 103(a)(3),9,"('act_relative', None, None, None)","('other', None, None, None)"
Sec 1871 of the Social Security Act,9,"('act_relative', None, None, None)","('other', None, None, None)"
Sec 1888(e) of the Social Security Act,9,"('act_relative', None, None, None)","('other', None, None, None)"
INA 212(a)(1),9,"('act_relative', None, None, None)","('other', None, None, None)"
INA sec. 103(a)(1),9,"('act_relative', None, None, None)","('other', None, None, None)"
Federal Civil Penalties Inflation Adjustment Act Improvements Act of 2015.,9,"('act_relative', None, None, None)","('other', None, None, None)"
"Federal Insecticide, Fungicide, and Rodenticide Act sec 25",9,"('act_relative', None, None, None)","('other', None, None, None)"
"Clean Air Act, title I",9,"('act_relative', None, None, None)","('other', None, None, None)"
"Title XXI of the Social Security Act, sec 2104",9,"('act_relative', None, None, None)","('other', None, None, None)"
Title V of the Trade and Development Act of 2000,9,"('act_relative', None, None, None)","('other', None, None, None)"
Clean Air Act sec 202,9,"('act_relative', None, None, None)","('other', None, None, None)"
INA 101(a)(15)(K),9,"('act_relative', None, None, None)","('other', None, None, None)"
"sec 4116 of the Food, Conservation, and Energy Act of 2008",9,"('act_relative', None, None, None)","('other', None, None, None)"
ERISA sec 4022,9,"('act_relative', None, None, None)","('other', None, None, None)"
Poultry Products Inspection Act (PPIA),9,"('act_relative', None, None, None)","('other', None, None, None)"
The Federal Meat Inspection Act (FMIA),9,"('act_relative', None, None, None)","('other', None, None, None)"
INA 101(a)(15)(H),9,"('act_relative', None, None, None)","('other', None, None, None)"
INA sec. 235(b)(1)(B),9,"('act_relative', None, None, None)","('other', None, None, None)"
"18 U.S.C. 5006 to 5024 (Repealed October 12, 1984, as to offenses committed after that date), 5039",9,"('usc', 18, '1984', None)",""
"The Consolidated Farm and Rural Development Act, as amended",9,"('act_relative', None, None, None)","('other', None, None, None)"
Clean Air Act sec 301(a),9,"('act_relative', None, None, None)","('other', None, None, None)"
sec 325 of the Energy Independence and Security Act of 2007,9,"('act_relative', None, None, None)","('other', None, None, None)"
sec 737 of the Dodd-Frank Wall Street Reform and Consumer Protection Act,9,"('act_relative', None, None, None)","('other', None, None, None)"
"secs 1102, 11281 and 1871 Social Security Act",9,"('act_relative', None, None, None)","('other', None, None, None)"
1923(g) of the Social Security Act,9,"('act_relative', None, None, None)","('other', None, None, None)"
EPCRA 313,9,"('act_relative', None, None, None)",""
ERISA sec 4044,9,"('act_relative', None, None, None)","('other', None, None, None)"
Administrative Procedure Act,9,"('act_relative', None, None, None)","('other', None, None, None)"
sec 5508 of the Affordable Care Act,9,"('act_relative', None, None, None)","('other', None, None, None)"
Sec 1612 of the Social Security Act,9,"('act_relative', None, None, None)","('other', None, None, None)"
Ocean Shipping Reform Act of 2022,9,"('act_relative', None, None, None)","('other', None, None, None)"
RCRA sec 1004,9,"('act_relative', None, None, None)","('other', None, None, None)"
TSCA 4,8,"('act_relative', None, None, None)","('other', None, None, None)"
Sec 522 of the BIPA 2000,8,"('act_relative', None, None, None)","('other', None, None, None)"
212(a)(10) INA,8,"('act_relative', None, None, None)","('other', None, None, None)"
CAAA sec 320,8,"('act_relative', None, None, None)","('other', None, None, None)"
CAA 111 and 112,8,"('act_relative', None, None, None)","('other', None, None, None)"
CAA sec 111 and 129,8,"('act_relative', None, None, None)","('other', None, None, None)"
"Social Security Act, sec. 1115A",8,"('act_relative', None, None, None)","('other', None, None, None)"
PL 95 616,8,"('public_law', None, None, None)","('other', None, None, None)"
Moving Ahead for Progress in the 21st Century (MAP-21) Act,8,"('act_relative', None, None, None)","('other', None, None, None)"
SDWA,8,"('act_relative', None, None, None)","('other', None, None, None)"
Cooperative Forestry Assistance Act of 1978,8,"('act_relative', None, None, None)","('other', None, None, None)"
SDWA sec. 1412(b)(9),8,"('act_relative', None, None, None)","('other', None, None, None)"
Clean Air Act title V,8,"('act_relative', None, None, None)","('other', None, None, None)"
CEA sec 4a,8,"('act_relative', None, None, None)","('other', None, None, None)"
"Social Security Act, sec. 1173",8,"('act_relative', None, None, None)","('other', None, None, None)"
CAAA sec 172(a),8,"('act_relative', None, None, None)","('other', None, None, None)"
sec 727 of the Dodd-Frank Wall Street Reform and Consumer Protection Act (sec 2(a)(13) of the Commodity Exchange Act),8,"('act_relative', None, None, None)","('other', None, None, None)"
Clean Air Act Section 112(b)(3),8,"('act_relative', None, None, None)","('other', None, None, None)"
CWA sec 501,8,"('act_relative', None, None, None)","('other', None, None, None)"
"sec 1124, 1816, 1842, and 1893 of the Social Security Act",8,"('act_relative', None, None, None)","('other', None, None, None)"
sec 3568 and 3569,8,"('usc', 18, '3568', None) | ('usc', 18, '3569', None)","('other', None, None, None)"
CAAA,8,"('act_relative', None, None, None)","('other', None, None, None)"
"18 U.S.C. 4161 to 4166 (repealed October 12, 1984, as to offenses committed on or after November 1, 1987), 5006 to 5024 (repealed October 12, 1984 as to conduct occurring after that date)",8,"('usc', 18, '1984', None) | ('usc', 18, '1987', None)",""
"205(a), 702(a)(5), 810(a), and 1631(d)(1) of the Social Security Act",8,"('act_relative', None, None, None)","('other', None, None, None)"
sec 205(c) Federal Property and Administrative Services Act of 1949,8,"('act_relative', None, None, None)","('other', None, None, None)"
"title V, PL 109 to 351",8,"('public_law', None, None, None)","('other', None, None, None)"
sec 1347,8,"('public_law', None, None, None)","('other', None, None, None)"
Agricultural Credit Act of 1978,8,"('act_relative', None, None, None)","('other', None, None, None)"
CAAA sec 172(c),8,"('act_relative', None, None, None)","('other', None, None, None)"
Resource Conservation Recovery Act sec 2002(a),8,"('act_relative', None, None, None)","('other', None, None, None)"
sec 321 and 325 of the Energy Independence and Security Act of 2007 (EISA),8,"('act_relative', None, None, None)","('other', None, None, None)"
CAAA sec 165(e),8,"('act_relative', None, None, None)","('other', None, None, None)"
sec 31601,8,"('public_law', None, None, None)","('other', None, None, None)"
"18 U.S.C. 3621, 3622, 3624, 4001, 4042, 4081, 4082 (Repealed in part as to offenses committed on or after Nov. 1, 1987)",8,"('usc', 18, '1987', None)",""
sec. 206 of the Food Allergen Labeling and Consumer Protection Act,8,"('act_relative', None, None, None)","('other', None, None, None)"
49 46105,8,"('usc', 49, '46105', None)","('other', None, None, None)"
sec 1154 to 1160 of the Social Security Act,8,"('act_relative', None, None, None)","('other', None, None, None)"
sec 1102 and 1871 of the Social Security Act,8,"('act_relative', None, None, None)","('other', None, None, None)"
Clean Air Act sec 202(a),8,"('act_relative', None, None, None)","('other', None, None, None)"
FOIA Improvement Act 2016,7,"('act_relative', None, None, None)","('other', None, None, None)"
of the Social Security Act,7,"('act_relative', None, None, None)","('other', None, None, None)"
"sec 106, paragraph (g) of the Trafficking Victims Protection Act of 2000, as amended",7,"('act_relative', None, None, None)","('other', None, None, None)"
"sec 658E and other provisions of the Child Care and Development Block Grant Act of 1990, as amended",7,"('act_relative', None, None, None)","('other', None, None, None)"
"Fair Chance to Compete for Jobs Act of 2019 (Fair Chance Act), title XI, subtitle B of National Defense Authorization Act for Fiscal Year 2019",7,"('act_relative', None, None, None)","('other', None, None, None)"
"sec 1869 (b) of the Act, as amended by sec 521 of BIPA",7,"('act_relative', None, None, None)","('other', None, None, None)"
"FAA Reauthorization Act of 2018, Sec. 427",7,"('act_relative', None, None, None)","('other', None, None, None)"
"Social Security Act, sec 1864",7,"('act_relative', None, None, None)","('other', None, None, None)"
"Communications Act of 1934, as amended",7,"('act_relative', None, None, None)","('other', None, None, None)"
sec. 103 of the 2020 PIPES Act,7,"('act_relative', None, None, None)","('other', None, None, None)"
"Title IV, sec 402 of the JTPA",7,"('act_relative', None, None, None)","('other', None, None, None)"
Clean Water Act 304,7,"('act_relative', None, None, None)","('other', None, None, None)"
Tax Relief and Health Care Act of 2006,7,"('act_relative', None, None, None)","('other', None, None, None)"
sec. 221 (i) of the Social Security Act,7,"('act_relative', None, None, None)","('other', None, None, None)"
3474,7,"('usc', 20, '3474', None)","('other', None, None, None)"
Outer Continental Shelf Lands Act,7,"('act_relative', None, None, None)","('other', None, None, None)"
sec 6044,7,"('public_law', None, None, None)","('other', None, None, None)"
"secs. 301, 304, 306, 307, 308, 402, and 501 of the Clean Water Act",7,"('act_relative', None, None, None)","('other', None, None, None)"
"CAA as amended, title I",7,"('act_relative', None, None, None)","('other', None, None, None)"
"Social Security Act, sec 1171 to 1179",7,"('act_relative', None, None, None)","('other', None, None, None)"
TSCA 5(a),7,"('act_relative', None, None, None)","('other', None, None, None)"
Clean Water Act 306,7,"('act_relative', None, None, None)","('other', None, None, None)"
Clean Water Act 402,7,"('act_relative', None, None, None)","('other', None, None, None)"
2277a-10),7,"('usc', 12, '2277a-10', None)","('other', None, None, None)"
Clean Water Act 501,7,"('act_relative', None, None, None)","('other', None, None, None)"
"MMA of 2003, sec 303(d)",7,"('act_relative', None, None, None)","('other', None, None, None)"
sec. 4312(a) of BBA of 1997,7,"('act_relative', None, None, None)","('other', None, None, None)"
sec. 207 of the Telecommunications Act of 1996,7,"('act_relative', None, None, None)","('other', None, None, None)"
300gg-91 to 300gg-92,7,"('usc', 42, '300gg-91', None)","('other', None, None, None)"
"Social Security Act, sec 1128",7,"('act_relative', None, None, None)","('other', None, None, None)"
"111-5, sec. 13111 to 13112",7,"('public_law', None, None, None)","('other', None, None, None)"
1467a,7,"('usc', 12, '1467a', None)","('other', None, None, None)"
Atomic Energy Act of 1954,7,"('act_relative', None, None, None)","('other', None, None, None)"
Flammable Fabrics Act,7,"('act_relative', None, None, None)","('other', None, None, None)"
"sec. 248(a) of the Trade Act of 1974, as amended",7,"('act_relative', None, None, None)","('other', None, None, None)"
CAA sec 111(d),7,"('act_relative', None, None, None)","('other', None, None, None)"
CEA sec 4c,7,"('act_relative', None, None, None)","('other', None, None, None)"
"Fair Labor Standards Act of 1938 (as amended), section 4(f)",7,"('act_relative', None, None, None)","('other', None, None, None)"
Clean Water Act 307,7,"('act_relative', None, None, None)","('other', None, None, None)"
sec 307 FDA Food Safety Modernization Act,7,"('act_relative', None, None, None)","('other', None, None, None)"
sec 6402(a),7,"('public_law', None, None, None)","('other', None, None, None)"
ERISA sec 104,7,"('act_relative', None, None, None)","('other', None, None, None)"
ERISA sec 110,7,"('act_relative', None, None, None)","('other', None, None, None)"
"Title IV, sec 401 of the JTPA",7,"('act_relative', None, None, None)","('other', None, None, None)"
"title VIII, subtitle G, sec. 8705 of the Agriculture Improvement Act of 2018",7,"('act_relative', None, None, None)","('other', None, None, None)"
20107,7,"('usc', 49, '20107', None)","('other', None, None, None)"
CAA 211(o),7,"('act_relative', None, None, None)","('other', None, None, None)"
MAP-21,7,"('act_relative', None, None, None)","('other', None, None, None)"
Clean Water Act 308,7,"('act_relative', None, None, None)","('other', None, None, None)"
Privacy Act,7,"('act_relative', None, None, None)","('other', None, None, None)"
sec 4312(a) of BBA of 1997,7,"('act_relative', None, None, None)","('other', None, None, None)"
The Gramm-Leach-Bliley Act,7,"('act_relative', None, None, None)","('other', None, None, None)"
"Federal Insecticide, Fungicide, and Rodenticide Act sec 3",7,"('act_relative', None, None, None)","('other', None, None, None)"
Fostering Connections to Success and Increasing Adoptions Act of 2008,7,"('act_relative', None, None, None)","('other', None, None, None)"
Clean Water Act 301,7,"('act_relative', None, None, None)","('other', None, None, None)"
Clean Air Act sec 211(c),7,"('act_relative', None, None, None)","('other', None, None, None)"
"The Federal Food, Drug, and Cosmetic Act",7,"('act_relative', None, None, None)","('other', None, None, None)"
sec 2114(e) of the Public Health Service Act,7,"('act_relative', None, None, None)","('other', None, None, None)"
Sec. 3(r) and 7(a) of the Small Business Act,6,"('act_relative', None, None, None)","('other', None, None, None)"
Resource Conservation Recovery Act sec 3006,6,"('act_relative', None, None, None)","('other', None, None, None)"
Sec 1614(f) of the Social Security Act,6,"('act_relative', None, None, None)","('other', None, None, None)"
"18 U.S.C. 4082 (repealed in part as to conduct occurring on or after Nov. 1, 1987)",6,"('usc', 18, '1987', None)",""
sec 172(a),6,"('act_relative', None, None, None)","('other', None, None, None)"
ERISA sec. 523,6,"('act_relative', None, None, None)","('other', None, None, None)"
"SECURE 2.0 Act of 2022, sec. 120",6,"('act_relative', None, None, None)","('other', None, None, None)"
Martha Wright-Reed Just and Reasonable Communications Act of 2022,6,"('act_relative', None, None, None)","('other', None, None, None)"
Superfund (CERCLA) sec 102,6,"('act_relative', None, None, None)","('other', None, None, None)"
CAAA 172(c),6,"('act_relative', None, None, None)","('other', None, None, None)"
Federal Meat Inspection Act,6,"('act_relative', None, None, None)","('other', None, None, None)"
21st Century Department of Justice Appropriations Authorization Act,6,"('act_relative', None, None, None)","('other', None, None, None)"
USC 6662,6,"('usc', 26, '6662', None)","('other', None, None, None)"
sec. 1128D(b) of the Social Security Act and section 102 of the Social Security Act,6,"('act_relative', None, None, None)","('other', None, None, None)"
"20118 and 20119, 20156, 21301, 21304, 21311",6,"('usc', 49, '20118', None) | ('usc', 49, '20119', None) | ('usc', 49, '20156', None) | ('usc', 49, '21301', None) | ('usc', 49, '21304', None) | ('usc', 49, '21311', None)","('other', None, None, None)"
"SECURE 2.0 Act of 2022, sec. 303",6,"('act_relative', None, None, None)","('other', None, None, None)"
Sec 1171 to 1179 of the Social Security Act,6,"('act_relative', None, None, None)","('other', None, None, None)"
USC 6662A,6,"('usc', 26, '6662a', None)","('other', None, None, None)"
"CAA 112(f)(2), 112(d)(6)",6,"('act_relative', None, None, None)","('other', None, None, None)"
ERISA sec. 3(45),6,"('act_relative', None, None, None)","('other', None, None, None)"
sec. 1819(d)(4)(B) and 1919(d)(4)(B) of the Social Security Act,6,"('act_relative', None, None, None)","('other', None, None, None)"
USC 6664,6,"('usc', 26, '6664', None)","('other', None, None, None)"
"Social Security Act, title V, sec 502(a)(1)",6,"('act_relative', None, None, None)","('other', None, None, None)"
TSCA 402 and 404,6,"('act_relative', None, None, None)","('other', None, None, None)"
Sec. 369(d) of the Energy Policy Act of 2005,6,"('act_relative', None, None, None)","('other', None, None, None)"
sec 932 (c) (2) MMA,6,"('act_relative', None, None, None)","('other', None, None, None)"
"Social Security Act, sec 1128(c)(3)(b)",6,"('act_relative', None, None, None)","('other', None, None, None)"
"Social Security Act, title V, sec 501(a)(2)",6,"('act_relative', None, None, None)","('other', None, None, None)"
"Pub. L. 115-232, 132 Stat. 2208 (50 U.S.C. 4801 et seq.) Notice of August 8, 2018, 83 FR 39871 (August 13, 2018)",6,"('usc', 50, '2018', None)",""
Social Security Act 204(b),6,"('act_relative', None, None, None)","('other', None, None, None)"
CAA 112(f)(2),6,"('act_relative', None, None, None)","('other', None, None, None)"
sec 602 of the Agricultural Trade Act of 1978,6,"('act_relative', None, None, None)","('other', None, None, None)"
Federal Employees' Retirement System (FERS) Act of 1986,6,"('act_relative', None, None, None)","('other', None, None, None)"
Clean Air Act sec 114,6,"('act_relative', None, None, None)","('other', None, None, None)"
Balanced Budget Act of 1997,6,"('act_relative', None, None, None)","('other', None, None, None)"
CAA sec 129 and 111(d),6,"('act_relative', None, None, None)","('other', None, None, None)"
sec. 3505 of the Modernization of Cosmetics Regulation Act of 2022,6,"('act_relative', None, None, None)","('other', None, None, None)"
"SECURE 2.0 Act of 2022, sec. 127",6,"('act_relative', None, None, None)","('other', None, None, None)"
"secs 3(a), 406, and 407 of the Sarbanes-Oxley Act of 2002",6,"('act_relative', None, None, None)","('other', None, None, None)"
"""Nuclear Waste Policy Act of 1982""",6,"('act_relative', None, None, None)","('other', None, None, None)"
"Social Security Act, sec 112B(6)(A)",6,"('act_relative', None, None, None)","('other', None, None, None)"
"Social Security Act, sec 1102 and 1871",6,"('act_relative', None, None, None)","('other', None, None, None)"
SAFETEA-LU,6,"('act_relative', None, None, None)","('other', None, None, None)"
"Social Security Act, sec. 1813 (b)(2)",6,"('act_relative', None, None, None)","('other', None, None, None)"
CAA 202(a) and 211(v),6,"('act_relative', None, None, None)","('other', None, None, None)"
ERISA sec. 803,6,"('act_relative', None, None, None)","('other', None, None, None)"
"Social Security Act, sec 1128A(a)(5)",6,"('act_relative', None, None, None)","('other', None, None, None)"
"Social Security Act, sec 1159",6,"('act_relative', None, None, None)","('other', None, None, None)"
CAA 328,6,"('act_relative', None, None, None)","('other', None, None, None)"
"7 USC 612c, sec 32 of the Act of August 24, 1935",6,"('usc', 7, '1935', None)",""
Solid Waste Disposal Act,6,"('act_relative', None, None, None)","('other', None, None, None)"
secs. 1819 and 1919 of the Social Security Act,6,"('act_relative', None, None, None)","('other', None, None, None)"
Section 1102 of the Social Security Act,6,"('act_relative', None, None, None)","('other', None, None, None)"
USC 15001 et seq,6,"('usc', 42, '15001', None)","('other', None, None, None)"
TSCA 6,6,"('act_relative', None, None, None)","('other', None, None, None)"
Sec 1886 of the Social Security Act,6,"('act_relative', None, None, None)","('other', None, None, None)"
"Social Security Act, sec 112B(6)",6,"('act_relative', None, None, None)","('other', None, None, None)"
"1715w, 1735d",6,"('usc', 12, '1715w', None) | ('usc', 12, '1735d', None)","('other', None, None, None)"
sec 1101(c) of the Violence Against Women Reauthorization Act of 2013,6,"('act_relative', None, None, None)","('other', None, None, None)"
"Social Security Act, secs 1102, 1871, 1848",6,"('act_relative', None, None, None)","('other', None, None, None)"
sec 206 of the Food Allergen Labeling and Consumer Protection Act,6,"('act_relative', None, None, None)","('other', None, None, None)"
"18 U.S.C. 4001, 4042, 4942, 4081, and 4082 (Repealed in part as to conduct occurring on or after November 1, 1987)",6,"('usc', 18, '1987', None)",""
sec. 474(a)(3) of the Social Security Act,6,"('act_relative', None, None, None)","('other', None, None, None)"
"FAA Reauthorization Act of 2018, sec. 427",6,"('act_relative', None, None, None)","('other', None, None, None)"
Sec. 60506 of the Infrastructure Investment and Jobs Act,6,"('act_relative', None, None, None)","('other', None, None, None)"
"49 U.S.C. App. 1(4), 3(1), 15(1) (1988)",6,"","('usc', 49, '15', None) | ('usc', 49, '3', None)"
Clean Air Act section 129,6,"('act_relative', None, None, None)","('other', None, None, None)"
Sec 934 of the MMA,6,"('act_relative', None, None, None)","('other', None, None, None)"
3821 to 3824,6,"('usc', 16, '3821', None)","('other', None, None, None)"
"18 U.S.C. 3568 (repealed Nov. 1, 1987, as to offenses committed on or after that date)",6,"('usc', 18, '1987', None)",""
SAFETEA-LU sec 4212,6,"('act_relative', None, None, None)","('other', None, None, None)"
sec 13632(a)(3),6,"('public_law', None, None, None)","('other', None, None, None)"
sec 32911 of MAP-21,6,"('act_relative', None, None, None)","('other', None, None, None)"
2008 Food and Nutrition Act,6,"('act_relative', None, None, None)","('other', None, None, None)"
"Social Security Act, sec 1154",6,"('act_relative', None, None, None)","('other', None, None, None)"
"sections 2, 3(b) and 6-7 of the Wireless Communications and Public Safety Act",6,"('act_relative', None, None, None)","('other', None, None, None)"
CAAA 165(e),6,"('act_relative', None, None, None)","('other', None, None, None)"
CAAA 172(a),6,"('act_relative', None, None, None)","('other', None, None, None)"
Clean Air Act sec 112(b)(3),6,"('act_relative', None, None, None)","('other', None, None, None)"
"18 USC 5006 to 5024 (Repealed October 12, 1984, as to offenses committed after that)",6,"('usc', 18, '1984', None)",""
"Other sections of FDA Food Safety Modernization Act, as appropriate",6,"('act_relative', None, None, None)","('other', None, None, None)"
CEA secs 4(c)(b) and 8(a)(5),6,"('act_relative', None, None, None)","('other', None, None, None)"
sec. 102 of the Homeland Security Act of 2002,6,"('act_relative', None, None, None)","('other', None, None, None)"
"ERISA sec. 3(18), 408(e)",6,"('act_relative', None, None, None)","('other', None, None, None)"
Improper Payment Information Act of 2002,6,"('act_relative', None, None, None)","('other', None, None, None)"
CAAA 320,6,"('act_relative', None, None, None)","('other', None, None, None)"
CAA 160 to 169,6,"('act_relative', None, None, None)","('other', None, None, None)"
Regulatory Flexibility Act,6,"('act_relative', None, None, None)","('other', None, None, None)"
Section 407 of the Clean Air Act Amendments of 1990,6,"('act_relative', None, None, None)","('other', None, None, None)"
secs 1864 and 1865 of the Social Security Act,6,"('act_relative', None, None, None)","('other', None, None, None)"
"18 U.S.C. 4082 (repealed in part as to offenses committed on or after November 1, 1987)",6,"('usc', 18, '1987', None)",""
sec 1302 of the Foreign Relations Authorization Act,6,"('act_relative', None, None, None)","('other', None, None, None)"
Clean Air Act sec 301,6,"('act_relative', None, None, None)","('other', None, None, None)"
Clean Water Act sec 304(h),6,"('act_relative', None, None, None)","('other', None, None, None)"
Social Security Act 1631(b)(1)(B),6,"('act_relative', None, None, None)","('other', None, None, None)"
"1715z-16, 1715u, and 1715z-21",6,"('usc', 12, '1715u', None) | ('usc', 12, '1715z-16', None) | ('usc', 12, '1715z-21', None)","('other', None, None, None)"
Government Paperwork Elimination Act 17,6,"('act_relative', None, None, None)","('other', None, None, None)"
"18 U.S.C. 4001, 4042, 4942, 4081, 4082 (Repealed in part as to conduct occurring on or after November 1, 1987)",6,"('usc', 18, '1987', None)",""
sec 723(c)(3) of the Dodd-Frank Wall Street Reform and Consumer Protection Act,6,"('act_relative', None, None, None)","('other', None, None, None)"
CWA 312(f)(4)(A),6,"('act_relative', None, None, None)",""
sec 1817(i) and 1871 of the Social Security Act,6,"('act_relative', None, None, None)","('other', None, None, None)"
"SECURE 2.0 Act of 2022, sec. 346",6,"('act_relative', None, None, None)","('other', None, None, None)"
"18 U.S.C. 4161 to 4166 (Repealed as to offenses committed on or after November 1, 1987)",6,"('usc', 18, '1987', None)",""
"50 U.S.C. app. 2061 to 2170, 2171, and 2172",5,"","('usc', 50, '2171', None) | ('usc', 50, '2172', None)"
FAST Act sec. 3022,5,"('act_relative', None, None, None)","('other', None, None, None)"
Clean Air Act Title VI,5,"('act_relative', None, None, None)","('other', None, None, None)"
1990 Amendments to the Clean Air Act sections 129,5,"('act_relative', None, None, None)","('other', None, None, None)"
TSCA 5,5,"('act_relative', None, None, None)","('other', None, None, None)"
DRA sec 5111,5,"('act_relative', None, None, None)","('other', None, None, None)"
Creating Advanced Streamlined Electronic Services for Constituents (CASES) Act of 2019,5,"('act_relative', None, None, None)","('other', None, None, None)"
1437n,5,"('usc', 42, '1437n', None)","('other', None, None, None)"
"2244, 2252, 2277a, 2277a-7,2277a-10",5,"('usc', 12, '2244', None) | ('usc', 12, '2252', None) | ('usc', 12, '2277a', None) | ('usc', 12, '2277a-10', None) | ('usc', 12, '2277a-7', None)","('other', None, None, None)"
American Innovation and Manufacturing (AIM) Act of 2020,5,"('act_relative', None, None, None)","('other', None, None, None)"
Clean Air Act sec 203,5,"('act_relative', None, None, None)","('other', None, None, None)"
Sec 1895 of the Social Security Act,5,"('act_relative', None, None, None)","('other', None, None, None)"
"Division T - Consolidated Appropriations Act, 2023, H.R. 2617",5,"('act_relative', None, None, None)","('other', None, None, None)"
"Clean Air Act, section 183(e)",5,"('act_relative', None, None, None)","('other', None, None, None)"
ERISA sec 502(c)(4),5,"('act_relative', None, None, None)","('other', None, None, None)"
"Social Security Act, sec 1813(b)(2)",5,"('act_relative', None, None, None)","('other', None, None, None)"
sec. 1173(b) of the Social Security Act,5,"('act_relative', None, None, None)","('other', None, None, None)"
OCSLA sec. 5(a)(8),5,"('act_relative', None, None, None)","('other', None, None, None)"
"Ocean Shipping Reform Act of 2022, Sec. 7(d)",5,"('act_relative', None, None, None)","('other', None, None, None)"
Pub. L. 115 to 270,5,"('public_law', None, None, None)","('other', None, None, None)"
Clean Water Act sec 402,5,"('act_relative', None, None, None)","('other', None, None, None)"
The Foreign Affairs Reform and Restructuring Act of 1998,5,"('act_relative', None, None, None)","('other', None, None, None)"
"Social Security Act, sec. 1818(d)(2)",5,"('act_relative', None, None, None)","('other', None, None, None)"
1735f-15,5,"('usc', 12, '1735f-15', None)","('other', None, None, None)"
"sec 2, PL 105-264, 112 Stat 2350 (5 USC 5701 note), Office of Management and Budget Circular No. A-126, Improving the Management and Use of Government Aircraft Revised May 22, 1992",5,"('usc', 5, '1992', None)",""
CAA sec 604,5,"('act_relative', None, None, None)","('other', None, None, None)"
1990 Amendments to the Clean Air Act sections 301(a)(d),5,"('act_relative', None, None, None)","('other', None, None, None)"
sec 212(d)(4)(C) of the Immigration & Nationality Act (INA),5,"('act_relative', None, None, None)","('other', None, None, None)"
Clean Air Act 112,5,"('act_relative', None, None, None)","('other', None, None, None)"
Safe Drinking Water Act sec 1401,5,"('act_relative', None, None, None)","('other', None, None, None)"
CAA 110(k)(5),5,"('act_relative', None, None, None)","('other', None, None, None)"
Sec 165(i)(2) of the Dodd-Frank Wall Street Reform and Consumer Protection Act,5,"('act_relative', None, None, None)","('other', None, None, None)"
"Social Security Act, sec 1865",5,"('act_relative', None, None, None)","('other', None, None, None)"
"Social Security Act, sec 1875",5,"('act_relative', None, None, None)","('other', None, None, None)"
sec 1881(b) of the Social Security Act,5,"('act_relative', None, None, None)","('other', None, None, None)"
"Clean Air Act Amendments of 1990, sections 114(a)(3), 503(b),",5,"('act_relative', None, None, None)","('other', None, None, None)"
Resource Conservation Recovery Act sec 3002,5,"('act_relative', None, None, None)","('other', None, None, None)"
Emergency Planning and Community Right-To-Know Act sec 313,5,"('act_relative', None, None, None)","('other', None, None, None)"
sec 1171 to 1179 of the Social Security Act,5,"('act_relative', None, None, None)","('other', None, None, None)"
Clean Air Act sec 110,5,"('act_relative', None, None, None)","('other', None, None, None)"
"Title VIII, subtitle G, sec. 8705 of the Agriculture Improvement Act of 2018",5,"('act_relative', None, None, None)","('other', None, None, None)"
"CAA, title I",5,"('act_relative', None, None, None)","('other', None, None, None)"
"BIPA, sec 623",5,"('act_relative', None, None, None)","('other', None, None, None)"
Sec 1877 of the Social Security Act,5,"('act_relative', None, None, None)","('other', None, None, None)"
"BIPA, sec 903",5,"('act_relative', None, None, None)","('other', None, None, None)"
FAA Reauthorization Act of 2018,5,"('act_relative', None, None, None)","('other', None, None, None)"
CAA sec 112(f),5,"('act_relative', None, None, None)","('other', None, None, None)"
Sec 534(a)(3) of the Equity in Educational Land-Grant Status Act of 1994,5,"('act_relative', None, None, None)","('other', None, None, None)"
Pension Protection Act of 2006,5,"('act_relative', None, None, None)","('other', None, None, None)"
sec 321 of the Energy Independence and Security Act of 2007,5,"('act_relative', None, None, None)","('other', None, None, None)"
PL 112 29,5,"('public_law', None, None, None)","('other', None, None, None)"
"Social Security Act, sec 1842",5,"('act_relative', None, None, None)","('other', None, None, None)"
212(a)(10)(d) INA,5,"('act_relative', None, None, None)","('other', None, None, None)"
The Emergency Supplemental Appropriations Act for Defense,5,"('act_relative', None, None, None)","('other', None, None, None)"
secs 6041 to 6043,5,"('public_law', None, None, None)","('other', None, None, None)"
"title XXI of the Social Security Act, sec 2104",5,"('act_relative', None, None, None)","('other', None, None, None)"
"Fish and Wildlife Act of 1956, USC 742a-j",5,"('act_relative', None, None, None)","('other', None, None, None)"
Military Commercial Driver’s License Act of 2012,5,"('act_relative', None, None, None)","('other', None, None, None)"
sec 939(e),5,"('public_law', None, None, None)","('other', None, None, None)"
sec 1881 of the Social Security Act,5,"('act_relative', None, None, None)","('other', None, None, None)"
Sec 202 of the TWWIIA of 1999,5,"('act_relative', None, None, None)","('other', None, None, None)"
CAA title III,5,"('act_relative', None, None, None)","('other', None, None, None)"
"Social Security Act, sec. 1818(d)",5,"('act_relative', None, None, None)","('other', None, None, None)"
section 455(m) of the HEA,5,"('act_relative', None, None, None)","('other', None, None, None)"
CEA sec 8a(5),5,"('act_relative', None, None, None)","('other', None, None, None)"
CAA sec 211,5,"('act_relative', None, None, None)","('other', None, None, None)"
1990 Amendments to the Clean Air Act sections 111,5,"('act_relative', None, None, None)","('other', None, None, None)"
1437z-3,5,"('usc', 42, '1437z-3', None)","('other', None, None, None)"
"18 U.S.C. 4001, 18 U.S.C. 4042, 18 U.S.C. 4081, 18 U.S.C. 4082 (repealed in part as to offenses committed on or after Nov. 1, 1987)",5,"('usc', 18, '1987', None)",""
Federal Land Policy and Management Act of 1976 (FLPMA),5,"('act_relative', None, None, None)","('other', None, None, None)"
Defense Production Act of 1950,5,"('act_relative', None, None, None)","('other', None, None, None)"
"18 U.S.C. 4001, 4042, 4081, 4082 (Repealed in part as to offenses committed on or after November 1, 1987)",5,"('usc', 18, '1987', None)",""
Sec 1819(b) of the Social Security Act,5,"('act_relative', None, None, None)","('other', None, None, None)"
"Social Security Act, sec 1851 to 1859",5,"('act_relative', None, None, None)","('other', None, None, None)"
Sec 508(b)(7)(A) Federal Crop Insurance Reform Act of 1994,5,"('act_relative', None, None, None)","('other', None, None, None)"
OSH Act,5,"('act_relative', None, None, None)","('other', None, None, None)"
SDWA 1412(b)(1)(B),5,"('act_relative', None, None, None)","('other', None, None, None)"
sec 401(b),5,"('public_law', None, None, None)","('other', None, None, None)"
Clean Air Act Sec 112,5,"('act_relative', None, None, None)","('other', None, None, None)"
Clean Air Act sec 407,5,"('act_relative', None, None, None)","('other', None, None, None)"
The Debt Collection Improvement Act of 1996,5,"('act_relative', None, None, None)","('other', None, None, None)"
CAA sec 111(b)(1)(B),5,"('act_relative', None, None, None)","('other', None, None, None)"
sec. 641A of the Head Start Act,5,"('act_relative', None, None, None)","('other', None, None, None)"
sec 1882 of the Social Security Act,5,"('act_relative', None, None, None)","('other', None, None, None)"
Section 1521 of the American Recovery and Reinvestment Act of 2009,5,"('act_relative', None, None, None)","('other', None, None, None)"
"BBA, sec 4001",5,"('act_relative', None, None, None)","('other', None, None, None)"
Resource Conservation Recovery Act sec 3005,5,"('act_relative', None, None, None)","('other', None, None, None)"
"21301, 21303, 21304, 21311",4,"('usc', 49, '21301', None) | ('usc', 49, '21303', None) | ('usc', 49, '21304', None) | ('usc', 49, '21311', None)","('other', None, None, None)"
CWA Section 306,4,"('act_relative', None, None, None)","('other', None, None, None)"
"Social Security Act, sec 1902(a)(10)",4,"('act_relative', None, None, None)","('other', None, None, None)"
Sec 1813(b)(2) of the Social Security Act,4,"('act_relative', None, None, None)","('other', None, None, None)"
CAA 231,4,"('act_relative', None, None, None)","('other', None, None, None)"
"Clean Air Act as amended, section 112",4,"('act_relative', None, None, None)","('other', None, None, None)"
"46 app USC 1101, 1114(b), 1122(d), 1241",4,"","('usc', 46, '1114', None) | ('usc', 46, '1122', None) | ('usc', 46, '1241', None)"
Section 1923(i) of the Social Security Act,4,"('act_relative', None, None, None)","('other', None, None, None)"
Sec 1833(h)(8) of the MMA,4,"('act_relative', None, None, None)","('other', None, None, None)"
sec. 303(g) of the Controlled Substances Act (CSA),4,"('act_relative', None, None, None)","('other', None, None, None)"
"1735d, and 1735f-19",4,"('usc', 12, '1735d', None) | ('usc', 12, '1735f-19', None)","('other', None, None, None)"
INA sec. 212(a)(9)(B),4,"('act_relative', None, None, None)","('other', None, None, None)"
ERISA sec 206(d)(3),4,"('act_relative', None, None, None)","('other', None, None, None)"
Sections 1864 and 1865 of the Social Security Act,4,"('act_relative', None, None, None)","('other', None, None, None)"
Dodd-Frank Wall Street Reform and Consumer Protection Act,4,"('act_relative', None, None, None)","('other', None, None, None)"
Clean Air Act secs 111 and 112,4,"('act_relative', None, None, None)","('other', None, None, None)"
"The Foreign Assistance Act of 1961, as amended",4,"('act_relative', None, None, None)","('other', None, None, None)"
CWA Section 308,4,"('act_relative', None, None, None)","('other', None, None, None)"
"Social Security Act, sec 1861(v)",4,"('act_relative', None, None, None)","('other', None, None, None)"
"Social Security Act, sec 1886(a)(4)",4,"('act_relative', None, None, None)","('other', None, None, None)"
Sec 522 of the BIPA,4,"('act_relative', None, None, None)","('other', None, None, None)"
CAA sec 301(a),4,"('act_relative', None, None, None)","('other', None, None, None)"
6921,4,"('usc', 42, '6921', None)","('other', None, None, None)"
Clean Air Act sec 502,4,"('act_relative', None, None, None)","('other', None, None, None)"
CAAA sec 110,4,"('act_relative', None, None, None)","('other', None, None, None)"
"18 U.S.C. 4161 to 4166 (repealed as to offenses committed on or after November 1, 1987)",4,"('usc', 18, '1987', None)",""
INA sec. 212(a)(9)(C),4,"('act_relative', None, None, None)","('other', None, None, None)"
202(h) of the Telecommunications Act of 1996,4,"('act_relative', None, None, None)","('other', None, None, None)"
"Clean Air Act Amendments of 1990, sec 407(c)",4,"('act_relative', None, None, None)","('other', None, None, None)"
Clean Air Act sec 328,4,"('act_relative', None, None, None)","('other', None, None, None)"
Sec 1834(a)(12) of the Social Security Act,4,"('act_relative', None, None, None)","('other', None, None, None)"
Sec 1834(i) of the Social Security Act,4,"('act_relative', None, None, None)","('other', None, None, None)"
sec 1905 (a)(13) of the Social Security Act,4,"('act_relative', None, None, None)","('other', None, None, None)"
ERISA sec 408(b)(19)(H),4,"('act_relative', None, None, None)","('other', None, None, None)"
"18 U.S.C. 5006-5024 (repealed October 12, 1984 as to offenses committed after that date)",4,"('usc', 18, '1984', None)",""
U.S.C. 31311,4,"('usc', 49, '31311', None)","('other', None, None, None)"
sec 1321 and 1322,4,"('public_law', None, None, None)","('other', None, None, None)"
"Title IV of the Higher Education Act of 1965, as amended",4,"('act_relative', None, None, None)","('other', None, None, None)"
CWA Section 304,4,"('act_relative', None, None, None)","('other', None, None, None)"
Sec 1915(g) of the Social Security Act,4,"('act_relative', None, None, None)","('other', None, None, None)"
Section 112 of Clean Air Act,4,"('act_relative', None, None, None)","('other', None, None, None)"
CWA 304(i),4,"('act_relative', None, None, None)","('other', None, None, None)"
Sec 1153(h)(2) of the Social Security Act,4,"('act_relative', None, None, None)","('other', None, None, None)"
"18 U.S.C. 3568 (repealed November 1, 1987, as to offenses committed on or after that date)",4,"('usc', 18, '1987', None)",""
CAA Section 112,4,"('act_relative', None, None, None)","('other', None, None, None)"
CWA sec 318,4,"('act_relative', None, None, None)","('other', None, None, None)"
Section 320 of the 1990 Clean Air Act amendments,4,"('act_relative', None, None, None)","('other', None, None, None)"
"Clean Water Act section 301, 304, 306, 307, 308, and 501",4,"('act_relative', None, None, None)","('other', None, None, None)"
Clean Water Act sec 308,4,"('act_relative', None, None, None)","('other', None, None, None)"
Sec 902 of the MMA,4,"('act_relative', None, None, None)","('other', None, None, None)"
ERISA sec 101(k),4,"('act_relative', None, None, None)","('other', None, None, None)"
Energy Independence and Security Act of 2007,4,"('act_relative', None, None, None)","('other', None, None, None)"
American Recovery and Reinvestment Act of 2009,4,"('act_relative', None, None, None)","('other', None, None, None)"
sec 8205 of the Agricultural Act of 2014 (2014 Act),4,"('act_relative', None, None, None)","('other', None, None, None)"
"18 U.S.C. 5006 to 5024 (Repealed October 12, 1984, as to conduct occurring after that date)",4,"('usc', 18, '1984', None)",""
CAA 129,4,"('act_relative', None, None, None)","('other', None, None, None)"
USC 886a,4,"('usc', 21, '886a', None)","('other', None, None, None)"
sec. 1128D of the Social Security Act,4,"('act_relative', None, None, None)","('other', None, None, None)"
Sec. 7(b) of the Small Business Act,4,"('act_relative', None, None, None)","('other', None, None, None)"
SDWA 1412(b)(2)(C),4,"('act_relative', None, None, None)","('other', None, None, None)"
sec 1871 of the Social Security Act,4,"('act_relative', None, None, None)","('other', None, None, None)"
"Social Security Act, sec 1933",4,"('act_relative', None, None, None)","('other', None, None, None)"
"Clean Air Act, sec 112 as amended, November 1990",4,"('act_relative', None, None, None)","('other', None, None, None)"
504(b),4,"('act_relative', None, None, None)","('other', None, None, None)"
"Clean Air Act, sections 182 and 187",4,"('act_relative', None, None, None)","('other', None, None, None)"
FIFRA 25(b),4,"('act_relative', None, None, None)","('other', None, None, None)"
"CAA Sections 112(f)(2), 112(d)(6)",4,"('act_relative', None, None, None)","('other', None, None, None)"
sec 1878 of the Social Security Act,4,"('act_relative', None, None, None)","('other', None, None, None)"
sec 1893(i)(1) of the Social Security Act as amended by sec 935(i)(1) of Medicare Modernization Act (MMA),4,"('act_relative', None, None, None)","('other', None, None, None)"
"18 U.S.C. 5006 to 5024 (repealed October 12, 1984 as to offenses committed after that date)",4,"('usc', 18, '1984', None)",""
Bald and Golden Eagle Protection Act,4,"('act_relative', None, None, None)","('other', None, None, None)"
1467a(g),4,"('usc', 12, '1467a', None)","('other', None, None, None)"
"18 U.S.C. 5006 to 5024 (Repealed October 12, 1984 as to conduct occurring after that date)",4,"('usc', 18, '1984', None)",""
TSCA sec 5(a),4,"('act_relative', None, None, None)","('other', None, None, None)"
Clean Air Act sec 126,4,"('act_relative', None, None, None)","('other', None, None, None)"
Social Security Act sec 1832(a)(2)(F)(i),4,"('act_relative', None, None, None)","('other', None, None, None)"
CWA307,4,"('act_relative', None, None, None)","('other', None, None, None)"
sec 321 of the Energy Independence and Security Act of 2007 (EISA),4,"('act_relative', None, None, None)","('other', None, None, None)"
78x,4,"('usc', 15, '78x', None)","('other', None, None, None)"
"BIPA, sec 307",4,"('act_relative', None, None, None)","('other', None, None, None)"
Clean Air Act sec 110(a)(2)(F),4,"('act_relative', None, None, None)","('other', None, None, None)"
CWA sec 308,4,"('act_relative', None, None, None)","('other', None, None, None)"
"Medicare, Medicaid and SCHIP Balanced Budget Refinement Act of 1999",4,"('act_relative', None, None, None)","('other', None, None, None)"
CAA sections 111 and 129,4,"('act_relative', None, None, None)","('other', None, None, None)"
Surface Mining Control and Reclamation Act of 1977,4,"('act_relative', None, None, None)","('other', None, None, None)"
"1099b, and 1099c",4,"('usc', 20, '1099b', None) | ('usc', 20, '1099c', None)","('other', None, None, None)"
Social Security Act sec 1839,4,"('act_relative', None, None, None)","('other', None, None, None)"
CEA 8a(5) and 21,4,"('act_relative', None, None, None)","('other', None, None, None)"
Clean Air Act sec 176(c),4,"('act_relative', None, None, None)","('other', None, None, None)"
Sec 1834(1) of the Social Security Act,4,"('act_relative', None, None, None)","('other', None, None, None)"
"18 U.S.C. 5006-5024 (Repealed October 12, 1984 as to conduct occurring after that date)",4,"('usc', 18, '1984', None)",""
sec 534(a)(3) of the Equity in Educational Land-Grant Status Act of 1994,4,"('act_relative', None, None, None)","('other', None, None, None)"
CWA306,4,"('act_relative', None, None, None)","('other', None, None, None)"
CWA501,4,"('act_relative', None, None, None)","('other', None, None, None)"
78ll,4,"('usc', 15, '78ll', None)","('other', None, None, None)"
SDWA 1412(b)(14),4,"('act_relative', None, None, None)","('other', None, None, None)"
CWA Section 301,4,"('act_relative', None, None, None)","('other', None, None, None)"
CWA sec 301,4,"('act_relative', None, None, None)","('other', None, None, None)"
Sec 422 of the Uruguay Round Agreements Act,4,"('act_relative', None, None, None)","('other', None, None, None)"
DRA of 2005,4,"('act_relative', None, None, None)","('other', None, None, None)"
"18 U.S.C. 4082 (repealed in part as to conduct occurring on or after November 1, 1987)",4,"('usc', 18, '1987', None)",""
FAST Act,4,"('act_relative', None, None, None)","('other', None, None, None)"
Strengthening Protections for Social Security Beneficiaries Act of 2018,4,"('act_relative', None, None, None)","('other', None, None, None)"
CAA 301,4,"('act_relative', None, None, None)","('other', None, None, None)"
"18 U.S.C. 5006 to 5024 (repealed October 12, 1984, as to offenses committed after that date)",4,"('usc', 18, '1984', None)",""
"50 USC app 2401 et seq, 1701 et seq",4,"","('usc', 50, '1701', None)"
CWA Section 318,4,"('act_relative', None, None, None)","('other', None, None, None)"
"Social Security Act, sec 1839(e)",4,"('act_relative', None, None, None)","('other', None, None, None)"
Sec 1818(d)(2) of the Social Security Act,4,"('act_relative', None, None, None)","('other', None, None, None)"
Clean Air Act section 112(d),4,"('act_relative', None, None, None)","('other', None, None, None)"
Clean Air Act Amendments of 1990 section 112,4,"('act_relative', None, None, None)","('other', None, None, None)"
"Clean Air Act, sec 112(e)(5) and 112(n)(3)",4,"('act_relative', None, None, None)","('other', None, None, None)"
"Clean Air Act Amendments of 1990, sec 183(e)",4,"('act_relative', None, None, None)","('other', None, None, None)"
"Clean Air Act Amendments of 1990, sec 112(g)",4,"('act_relative', None, None, None)","('other', None, None, None)"
Resource Conservation Recovery Act sec 2002,4,"('act_relative', None, None, None)","('other', None, None, None)"
Sec 1834(h)(3) of the Social Security Act,4,"('act_relative', None, None, None)","('other', None, None, None)"
"Medicare, Medicaid, and SCHIP Benefits Improvement and Protection Act of 2000",4,"('act_relative', None, None, None)","('other', None, None, None)"
ERISA sec 206 (d) (3),4,"('act_relative', None, None, None)","('other', None, None, None)"
sec. 1128D(b) of the Social Security Act and sec. 102 of the Social Security Act,4,"('act_relative', None, None, None)","('other', None, None, None)"
CWA301,4,"('act_relative', None, None, None)","('other', None, None, None)"
PL 112 274,4,"('public_law', None, None, None)","('other', None, None, None)"
"Title XIX of the Social Security Act, sec 1923(f) and (h)",4,"('act_relative', None, None, None)","('other', None, None, None)"
sec 733 and 728,4,"('act_relative', None, None, None)","('other', None, None, None)"
sec 1860D-13(a) of the Social Security Act,4,"('act_relative', None, None, None)","('other', None, None, None)"
Pub. L. 108199,4,"('public_law', None, None, None)","('other', None, None, None)"
CWA Section 307,4,"('act_relative', None, None, None)","('other', None, None, None)"
Sec 1924 of the Social Security Act,4,"('act_relative', None, None, None)","('other', None, None, None)"
CWA sec 307,4,"('act_relative', None, None, None)","('other', None, None, None)"
"Social Security Act, sec 1832",4,"('act_relative', None, None, None)","('other', None, None, None)"
7410(k)(5),4,"('usc', 42, '7410', None)","('other', None, None, None)"
CAA 231 to 232,4,"('act_relative', None, None, None)","('other', None, None, None)"
Sec 112B (6) (6)(A) of the Social Security Act,4,"('act_relative', None, None, None)","('other', None, None, None)"
"Clean Air Act, sec 183(a)",4,"('act_relative', None, None, None)","('other', None, None, None)"
Toxic Substances Control Act sec 5,4,"('act_relative', None, None, None)","('other', None, None, None)"
Intermodal Surface Transportation Efficiency Act,4,"('act_relative', None, None, None)","('other', None, None, None)"
"""CAA 112(r)""",4,"('act_relative', None, None, None)","('other', None, None, None)"
Section 214 of The Homeland Security Act of 2002,4,"('act_relative', None, None, None)","('other', None, None, None)"
The Outer Continental Shelf Lands Act,4,"('act_relative', None, None, None)","('other', None, None, None)"
"CAA 202, 206, 208, 211",4,"('act_relative', None, None, None)","('other', None, None, None)"
CAA sec 202 and 206,4,"('act_relative', None, None, None)","('other', None, None, None)"
"16c of the Food and Nutrition Act of 2008, as amended",4,"('act_relative', None, None, None)","('other', None, None, None)"
ERISA Sec 505,4,"('act_relative', None, None, None)","('other', None, None, None)"
ERISA Sec 404,4,"('act_relative', None, None, None)","('other', None, None, None)"
CWA Section 402,4,"('act_relative', None, None, None)","('other', None, None, None)"
SDWA1412(b)(1)(B),4,"('act_relative', None, None, None)",""
6924(y) and 6938,4,"('usc', 42, '6924', None) | ('usc', 42, '6938', None)","('other', None, None, None)"
Clean Air Act secs 202 and 301(a),4,"('act_relative', None, None, None)","('other', None, None, None)"
"Clean Air Act Amendments of 1990 section 112, 114, and 301",4,"('act_relative', None, None, None)","('other', None, None, None)"
CAA secs 111 and 129,4,"('act_relative', None, None, None)","('other', None, None, None)"
sec. 5206(e),4,"('public_law', None, None, None)","('other', None, None, None)"
"Clean Air Act Amendments of 1990, title IV",4,"('act_relative', None, None, None)","('other', None, None, None)"
CWA 501(e),4,"('act_relative', None, None, None)","('other', None, None, None)"
"18 USC 4001, 4042, 4942, 4081and 4082 (Repealed in part as to conduct occurring on or after November 1, 1987)",4,"('usc', 18, '1987', None)",""
"18 U.S.C. 4201-4218, 5003, 5006-5024 (Repealed October 12, 1984 as to offenses committed after that date)",4,"('usc', 18, '1984', None)",""
Clean Air Act section 608,4,"('act_relative', None, None, None)","('other', None, None, None)"
"Clean Air Act Amendments of 1990, Title IV",4,"('act_relative', None, None, None)","('other', None, None, None)"
"General Mining Act of 1872, as amended",4,"('act_relative', None, None, None)","('other', None, None, None)"
TSCA 402/404,4,"('act_relative', None, None, None)","('other', None, None, None)"
Sec 414 of the MMA,4,"('act_relative', None, None, None)","('other', None, None, None)"
CWA Section 501,4,"('act_relative', None, None, None)","('other', None, None, None)"
Clean Water Act sec 405,4,"('act_relative', None, None, None)","('other', None, None, None)"
"Sections 1834(1), and 1861 (s) (7) of the Social Security Act (the Act).",4,"('act_relative', None, None, None)","('other', None, None, None)"
sec 4(b)(1)(A) of the Commodity Exchange Act (as amended by the Dodd-Frank Wall Street Reform and Consumer Protection Act),4,"('act_relative', None, None, None)","('other', None, None, None)"
1833(i)(2)(D)(iii),4,"('usc', 42, '1833', None)",""
sec 510 of the Social Security Act,4,"('act_relative', None, None, None)","('other', None, None, None)"
Sec 1818A(d)(2) of the Social Security Act,4,"('act_relative', None, None, None)","('other', None, None, None)"
"Clean Air Act Amendments of 1990, sec 403",4,"('act_relative', None, None, None)","('other', None, None, None)"
sec. 412(e),4,"('public_law', None, None, None)","('other', None, None, None)"
"Clean Air Act, sec 112",4,"('act_relative', None, None, None)","('other', None, None, None)"
OTETA of 1991,4,"('act_relative', None, None, None)","('other', None, None, None)"
Clean Air Act sec 111(b),4,"('act_relative', None, None, None)","('other', None, None, None)"
CAA 112(c)(6),4,"('act_relative', None, None, None)","('other', None, None, None)"
2277a-14(c) and (d),4,"('usc', 12, '2277a-14', None)","('other', None, None, None)"
CWA308,4,"('act_relative', None, None, None)","('other', None, None, None)"
CAA section 112,4,"('act_relative', None, None, None)","('other', None, None, None)"
sec 1341 and 1343,4,"('public_law', None, None, None)","('other', None, None, None)"
Clean Air Act title VI,4,"('act_relative', None, None, None)","('other', None, None, None)"
"Social Security Act, sec 1833",4,"('act_relative', None, None, None)","('other', None, None, None)"
"Clean Air Act secs 202(a), 211(c), 213(a), 301(a)",4,"('act_relative', None, None, None)","('other', None, None, None)"
CWA 306 to 308,4,"('act_relative', None, None, None)","('other', None, None, None)"
CWA304,4,"('act_relative', None, None, None)","('other', None, None, None)"
sec 20012(b)(5) of MAP-21,4,"('act_relative', None, None, None)","('other', None, None, None)"
"ERISA sec 502(a)(2), (a)(5), and 506(b)",4,"('act_relative', None, None, None)","('other', None, None, None)"
Section 110(a)(2) of the 1990 Clean Air Act amendments,4,"('act_relative', None, None, None)","('other', None, None, None)"
secs 1321 and 1322,4,"('public_law', None, None, None)","('other', None, None, None)"
"BIPA, sec 634",4,"('act_relative', None, None, None)","('other', None, None, None)"
CWA sec 306,4,"('act_relative', None, None, None)","('other', None, None, None)"
"sec 5b(k), 21(b) and 21(h) of the Commodity Exchange Act, as amended by the Dodd-Frank Wall Street Reform and Consumer Protection Act.",4,"('act_relative', None, None, None)","('other', None, None, None)"
sec 934 of the MMA,4,"('act_relative', None, None, None)","('other', None, None, None)"
Section 165(e) of the 1990 Clean Air Act amendments,4,"('act_relative', None, None, None)","('other', None, None, None)"
Section 301(a)(1) of the 1990 Clean Air Act amendments,4,"('act_relative', None, None, None)","('other', None, None, None)"
"secs 305 and 306 of the National Aeronautics and Space Act of 1958, as amended",4,"('act_relative', None, None, None)","('other', None, None, None)"
Federal Meat Inspection Act (FMIA),4,"('act_relative', None, None, None)","('other', None, None, None)"
Toxic Substances Control Act sec 6,4,"('act_relative', None, None, None)","('other', None, None, None)"
Sec 1842 of the Social Security Act,4,"('act_relative', None, None, None)","('other', None, None, None)"
6922,4,"('usc', 42, '6922', None)","('other', None, None, None)"
Clean Air Act sec 612,4,"('act_relative', None, None, None)","('other', None, None, None)"
ERISA sec 408(a),4,"('act_relative', None, None, None)","('other', None, None, None)"
CWA sec 402,4,"('act_relative', None, None, None)","('other', None, None, None)"
Sec 416 of the MMA,4,"('act_relative', None, None, None)","('other', None, None, None)"
Secs 452(f) and 466(a)(19) of the Social Security Act (Act),4,"('act_relative', None, None, None)","('other', None, None, None)"
CWA sec 304,4,"('act_relative', None, None, None)","('other', None, None, None)"
Toxic Substances Control Act sec 4,4,"('act_relative', None, None, None)","('other', None, None, None)"
CWA section 311(d)(2),4,"('act_relative', None, None, None)","('other', None, None, None)"
"50 USC app. 2401 et seq, 1701 et seq",3,"","('usc', 50, '1701', None)"
CAAA sec 407(c),3,"('act_relative', None, None, None)","('other', None, None, None)"
"107-248, sec 8021",3,"('public_law', None, None, None)","('other', None, None, None)"
Clean Air Act Amendments of 1990 sec 183(e),3,"('act_relative', None, None, None)","('other', None, None, None)"
Sec 2721(b)(2) of the Public Health Service Act,3,"('act_relative', None, None, None)","('other', None, None, None)"
"Social Security Act, sec. 1813(b)(2)",3,"('act_relative', None, None, None)","('other', None, None, None)"
ERISA sec. 408(a),3,"('act_relative', None, None, None)","('other', None, None, None)"
The Social Security Number Fraud Prevention Act of 2017,3,"('act_relative', None, None, None)","('other', None, None, None)"
CAA sec 112(c)(6),3,"('act_relative', None, None, None)","('other', None, None, None)"
6945(c),3,"('usc', 42, '6945', None)","('other', None, None, None)"
Inflation Reduction Act,3,"('act_relative', None, None, None)","('other', None, None, None)"
"secs. 2, 3(b) and 6-7 of the Wireless Communications and Public Safety Act",3,"('act_relative', None, None, None)","('other', None, None, None)"
Title III of the Juvenile Justice and Delinquency Prevention Act of 1974,3,"('act_relative', None, None, None)","('other', None, None, None)"
"BIPA, sec 612",3,"('act_relative', None, None, None)","('other', None, None, None)"
Clean Air Act Amendments of 1990 sec 301(a)(1),3,"('act_relative', None, None, None)","('other', None, None, None)"
Clean Air Act sec 608,3,"('act_relative', None, None, None)","('other', None, None, None)"
Clean Air Act sec 182,3,"('act_relative', None, None, None)","('other', None, None, None)"
"""CAAA 172(c)""",3,"('act_relative', None, None, None)","('other', None, None, None)"
Sec 1834(j)(1) of the Social Security Act,3,"('act_relative', None, None, None)","('other', None, None, None)"
89-670,3,"('public_law', None, None, None)","('other', None, None, None)"
sec 1886(b) of the Social Security Act,3,"('act_relative', None, None, None)","('other', None, None, None)"
Workforce Investment Act of 1998,3,"('act_relative', None, None, None)","('other', None, None, None)"
sec. 5(a) of FNA of 2008,3,"('act_relative', None, None, None)","('other', None, None, None)"
INA sec. 213A,3,"('act_relative', None, None, None)","('other', None, None, None)"
44935 to 44936,3,"('usc', 49, '44935', None)","('other', None, None, None)"
CAA sec 107(d),3,"('act_relative', None, None, None)","('other', None, None, None)"
"Social Security Act, secs 1102, 1871 and 1848",3,"('act_relative', None, None, None)","('other', None, None, None)"
"title III, sec 301 of FDA Food Safety Modernization Act",3,"('act_relative', None, None, None)","('other', None, None, None)"
5563(e),3,"('usc', 12, '5563', None)","('other', None, None, None)"
Federal Employees Pay Comparability Act of 1990,3,"('act_relative', None, None, None)","('other', None, None, None)"
Clean Air Act section112(l),3,"('act_relative', None, None, None)","('other', None, None, None)"
Clean Water Act sec 303,3,"('act_relative', None, None, None)","('other', None, None, None)"
Sec 1839 of the Social Security Act,3,"('act_relative', None, None, None)","('other', None, None, None)"
Section 1866(l) of the Social Security Act,3,"('act_relative', None, None, None)","('other', None, None, None)"
Social Security Act sec 1848,3,"('act_relative', None, None, None)","('other', None, None, None)"
44901,3,"('usc', 49, '44901', None)","('other', None, None, None)"
"the Helms, Biden, 1978, and 1985 Amendments, 22 U.S.C. 2151b(f), e.g., Consolidated Appropriations Act, 2018, Pub. L. 115-141, Div. K, sec. 7018)",3,"('usc', 22, '2018', None)",""
"18 USC 5006 to 5024 (Repealed October 12, 1984 as to offenses committed after that date), 5039",3,"('usc', 18, '1984', None)",""
Omnibus Budget Reconciliation Act of 1987 (OBRA '87),3,"('act_relative', None, None, None)","('other', None, None, None)"
sec 1503 of MAP-21,3,"('act_relative', None, None, None)","('other', None, None, None)"
sec. 1261,3,"('public_law', None, None, None)","('other', None, None, None)"
CEA sec. 2(h)(8),3,"('act_relative', None, None, None)","('other', None, None, None)"
"""CAAA 165(e)""",3,"('act_relative', None, None, None)","('other', None, None, None)"
304,3,"('act_relative', None, None, None)","('other', None, None, None)"
"Social Security Act, sec 1865(b)(l)",3,"('act_relative', None, None, None)","('other', None, None, None)"
"Social Security Act, sec 1832(a)(F)(i)",3,"('act_relative', None, None, None)","('other', None, None, None)"
"Social Security Act, sec 1905(a)(A)",3,"('act_relative', None, None, None)","('other', None, None, None)"
Sec 5561 of BBA 1997,3,"('act_relative', None, None, None)","('other', None, None, None)"
"Coastal Zone Management Act, as amended",3,"('act_relative', None, None, None)","('other', None, None, None)"
RCRA 4010,3,"('act_relative', None, None, None)","('other', None, None, None)"
Clean Air Act section 105,3,"('act_relative', None, None, None)","('other', None, None, None)"
"CAA 111, 112, and 129",3,"('act_relative', None, None, None)","('other', None, None, None)"
Federal Employee Representation Improvement Act of 1996,3,"('act_relative', None, None, None)","('other', None, None, None)"
Section 935 of the MMA,3,"('act_relative', None, None, None)","('other', None, None, None)"
44722,3,"('usc', 49, '44722', None)","('other', None, None, None)"
"sec 301 of the National Organ Transplant Act (NOTA) of 1964, as amended",3,"('act_relative', None, None, None)","('other', None, None, None)"
ERISA sec. 110,3,"('act_relative', None, None, None)","('other', None, None, None)"
"18 U.S.C. 5006 to 5024 (Repealed Oct. 12, 1984, as to offenses committed on or after Nov. 1, 1987)",3,"('usc', 18, '1984', None) | ('usc', 18, '1987', None)",""
DRA,3,"('act_relative', None, None, None)","('other', None, None, None)"
MIPPA (title XVIII of the Social Security Act),3,"('act_relative', None, None, None)","('other', None, None, None)"
"49 USC 40118, Office of Management and Budget Circular No. A-126, ""Improving the Management and Use of Government Aircraft."" Revised April 28, 2006.",3,"('usc', 49, '2006', None)",""
6949a,3,"('usc', 42, '6949a', None)","('other', None, None, None)"
6981(a),3,"('usc', 42, '6981', None)","('other', None, None, None)"
"Bipartisan Budget Act of 2015, sec. 813",3,"('act_relative', None, None, None)","('other', None, None, None)"
ERISA sec. 404,3,"('act_relative', None, None, None)","('other', None, None, None)"
Safe Connections Act of 2022,3,"('act_relative', None, None, None)","('other', None, None, None)"
sec. 1212(a),3,"('public_law', None, None, None)","('other', None, None, None)"
"BIPA, sec 621",3,"('act_relative', None, None, None)","('other', None, None, None)"
"Social Security Act, sec 1815(a)",3,"('act_relative', None, None, None)","('other', None, None, None)"
Fishery Conservation Amendments of 1990,3,"('act_relative', None, None, None)","('other', None, None, None)"
Safe Drinking Water Act sec 1449,3,"('act_relative', None, None, None)","('other', None, None, None)"
Clean Water Act sec 101,3,"('act_relative', None, None, None)","('other', None, None, None)"
Sec 1833 (j) of the Social Security Act,3,"('act_relative', None, None, None)","('other', None, None, None)"
The statutory basis for any subsequent rulemaking will be The Federal Meat Inspection Act (FMIA,3,"('act_relative', None, None, None)","('other', None, None, None)"
Small Business Investment Act,3,"('act_relative', None, None, None)","('other', None, None, None)"
ERISA sec. 105,3,"('act_relative', None, None, None)","('other', None, None, None)"
"2244,2252,2277a-7",3,"('usc', 12, '2244', None) | ('usc', 12, '2252', None) | ('usc', 12, '2277a-7', None)","('other', None, None, None)"
501,3,"('act_relative', None, None, None)","('other', None, None, None)"
Federal Deposit Insurance Reform Act of 2005,3,"('act_relative', None, None, None)","('other', None, None, None)"
ERISA section 734,3,"('act_relative', None, None, None)","('other', None, None, None)"
Social Security Act sec 1888(e),3,"('act_relative', None, None, None)","('other', None, None, None)"
TSCA 8(d),3,"('act_relative', None, None, None)","('other', None, None, None)"
1831o,3,"('usc', 12, '1831o', None)","('other', None, None, None)"
sec 641A of the Head Start Act,3,"('act_relative', None, None, None)","('other', None, None, None)"
"Social Security Act, sec 1834(a)(12)",3,"('act_relative', None, None, None)","('other', None, None, None)"
"Social Security Act, sec 1834(h)(3)",3,"('act_relative', None, None, None)","('other', None, None, None)"
RCRA 8002(o),3,"('act_relative', None, None, None)","('other', None, None, None)"
CAA 608,3,"('act_relative', None, None, None)","('other', None, None, None)"
Clean Air Act Amendments of 1990 sec 112(n)(3),3,"('act_relative', None, None, None)","('other', None, None, None)"
CAAA 112,3,"('act_relative', None, None, None)","('other', None, None, None)"
Ticket to Work and Work Incentives Improvement Act of 1999,3,"('act_relative', None, None, None)","('other', None, None, None)"
"SSA, sec 1834",3,"('act_relative', None, None, None)","('other', None, None, None)"
"Section 2115 of the Public Health Service Act, 42 USC, 300aa-15",3,"('act_relative', None, None, None)","('other', None, None, None)"
1365a note,3,"('usc', 8, '1365a', None)","('other', None, None, None)"
44912,3,"('usc', 49, '44912', None)","('other', None, None, None)"
sec 1893 (f) (2) of the Social Security Act added by sec 935 of the MMA,3,"('act_relative', None, None, None)","('other', None, None, None)"
49,3,"('public_law', None, None, None)",""
"Social Security Act, sec 1833(j)",3,"('act_relative', None, None, None)","('other', None, None, None)"
Clean Air Act sec 247,3,"('act_relative', None, None, None)","('other', None, None, None)"
CERCLA 104(i),3,"('act_relative', None, None, None)","('other', None, None, None)"
CWA 303,3,"('act_relative', None, None, None)","('other', None, None, None)"
"CAA sections 111, 129 and 301(a)(d)",3,"('act_relative', None, None, None)","('other', None, None, None)"
212(a)(10)(D) INA,3,"('act_relative', None, None, None)","('other', None, None, None)"
308,3,"('act_relative', None, None, None)","('other', None, None, None)"
secs 1301 to 1343,3,"('act_relative', None, None, None)",""
sec 6606 of the Patient Protection and Affordable Care Act,3,"('act_relative', None, None, None)","('other', None, None, None)"
CEA sec 8(a)(5),3,"('act_relative', None, None, None)","('other', None, None, None)"
"Bipartisan Budget Act of 2015, section 832",3,"('act_relative', None, None, None)","('other', None, None, None)"
sec. 105 of the Communications Assistance for Law Enforcement Act,3,"('act_relative', None, None, None)","('other', None, None, None)"
"Workforce Investment Act of 1998, section 189(2)-506(c)",3,"('act_relative', None, None, None)","('other', None, None, None)"
"Sec 1861(v)(1)(O) of the Social Security Act, as amended",3,"('act_relative', None, None, None)","('other', None, None, None)"
"The Food, Agriculture, Conservation, and Trade Act of 1990",3,"('act_relative', None, None, None)","('other', None, None, None)"
"Ocean Thermal Energy Conversion Act, as amended",3,"('act_relative', None, None, None)","('other', None, None, None)"
Safe Drinking Water Act sec 1447,3,"('act_relative', None, None, None)","('other', None, None, None)"
Clean Air Act Amendments of 1990 sec 165(e),3,"('act_relative', None, None, None)","('other', None, None, None)"
Sec 1886(j) of the Social Security Act,3,"('act_relative', None, None, None)","('other', None, None, None)"
Sec 1815(d) of the Social Security Act,3,"('act_relative', None, None, None)","('other', None, None, None)"
Section 104 of the MMA,3,"('act_relative', None, None, None)","('other', None, None, None)"
ERISA sec. 104,3,"('act_relative', None, None, None)","('other', None, None, None)"
CAA sec 126,3,"('act_relative', None, None, None)","('other', None, None, None)"
CAA 211(c),3,"('act_relative', None, None, None)","('other', None, None, None)"
CAA title 1 parts C and D,3,"('act_relative', None, None, None)","('other', None, None, None)"
Federal Deposit Insurance Reform Conforming Amendments Act of 2005,3,"('act_relative', None, None, None)","('other', None, None, None)"
sec 1018 of the Residential Lead-Based Paint Hazard Reduction Act of 1992,3,"('act_relative', None, None, None)","('other', None, None, None)"
"secs. 609(b), 602(b)(3), and 701(a) of the Federal Food, Drug, and Cosmetic Act",3,"('act_relative', None, None, None)","('other', None, None, None)"
the Secure and Trusted Communications Networks Act of 2019,3,"('act_relative', None, None, None)","('other', None, None, None)"
Sec 1631(b) of the Social Security Act,3,"('act_relative', None, None, None)","('other', None, None, None)"
3(a)(2),3,"('public_law', None, None, None)","('other', None, None, None)"
Clean Air Act Section 112(r),3,"('act_relative', None, None, None)","('other', None, None, None)"
Clean Air Act section 112(b)(3).,3,"('act_relative', None, None, None)","('other', None, None, None)"
"Clean Air Act 211(1), 211(c), 114",3,"('act_relative', None, None, None)","('other', None, None, None)"
Clean Water Act sec 312(n) as amended,3,"('act_relative', None, None, None)","('other', None, None, None)"
"Clean Air Act, Title I Parts C and D and Section 111(a)(4)",3,"('act_relative', None, None, None)","('other', None, None, None)"
sec 1157 of the Social Security Act,3,"('act_relative', None, None, None)","('other', None, None, None)"
"18 U.S.C. 5006 to 5024 (repealed October 12, 1984, as to offenses committed after that date), 5039",3,"('usc', 18, '1984', None)",""
section 1881 (h) of the Social Security Act,3,"('act_relative', None, None, None)","('other', None, None, None)"
Clean Air Act sec 111 and 112,3,"('act_relative', None, None, None)","('other', None, None, None)"
"18 U.S.C. 3565 and 3568 to 3569 (Repealed in part as to offenses committed on or after November 1, 1987)",3,"('usc', 18, '1987', None)",""
Administrative Procedures Act,3,"('act_relative', None, None, None)","('other', None, None, None)"
Social Security Act 1631(a)(2)(F),3,"('act_relative', None, None, None)","('other', None, None, None)"
"49 U.S.C. 30301 note (Pub. L. 116–260, div. U, title X, Dec. 27, 2020)",3,"('usc', 49, '2020', None)",""
"BIPA, sec 615 to 617",3,"('act_relative', None, None, None)","('other', None, None, None)"
Clean Air Act sec 112(c)(6),3,"('act_relative', None, None, None)","('other', None, None, None)"
Section 1861(v)(1)(A),3,"('act_relative', None, None, None)","('other', None, None, None)"
Clean Air Act Amendments of 1990 sec 172(a),3,"('act_relative', None, None, None)","('other', None, None, None)"
1184,3,"('usc', 8, '1184', None)","('other', None, None, None)"
"SSA, sec 1886(i)",3,"('act_relative', None, None, None)","('other', None, None, None)"
"18 USC 5006 to 5024 (Repealed October 12, 1984, as to offenses committed after that date), 5039",3,"('usc', 18, '1984', None)",""
"sec 1923(a)(2)(D) of the Social Security Act, MMA",3,"('act_relative', None, None, None)","('other', None, None, None)"
402,3,"('act_relative', None, None, None)","('other', None, None, None)"
CEA sec 2(h),3,"('act_relative', None, None, None)","('other', None, None, None)"
"Sections 474(f), 479 and 1102 of the Social Security Act",3,"('act_relative', None, None, None)","('other', None, None, None)"
The Federal Civil Penalties Inflation Adjustment Act Improvements Act of 2015.,3,"('act_relative', None, None, None)","('other', None, None, None)"
TRHCA,3,"('act_relative', None, None, None)","('other', None, None, None)"
"sec 2(h) of the Commodity Exchange Act, as amended by the Dodd-Frank Act",3,"('act_relative', None, None, None)","('other', None, None, None)"
113-128,3,"('public_law', None, None, None)","('other', None, None, None)"
CAA sec 202,3,"('act_relative', None, None, None)","('other', None, None, None)"
TSCA 6(e),3,"('act_relative', None, None, None)","('other', None, None, None)"
Clean Air Act Amendments of 1990 sec 320,3,"('act_relative', None, None, None)","('other', None, None, None)"
sec. 5403,3,"('act_relative', None, None, None)","('other', None, None, None)"
"ERISA, sec 101(k)",3,"('act_relative', None, None, None)","('other', None, None, None)"
Pub. L. 96 to 511,3,"('public_law', None, None, None)","('other', None, None, None)"
Small Business Act,3,"('act_relative', None, None, None)","('other', None, None, None)"
Clean Air Act section 169A and 169B,3,"('act_relative', None, None, None)","('other', None, None, None)"
Clean Air Act Amendments of 1990 sec 407(c),3,"('act_relative', None, None, None)","('other', None, None, None)"
sec 1886(h)(d) of the Social Security Act,3,"('act_relative', None, None, None)","('other', None, None, None)"
CAA 325(a)(1),3,"('act_relative', None, None, None)","('other', None, None, None)"
"Social Security Act, sec 1848",3,"('act_relative', None, None, None)","('other', None, None, None)"
Clean Air Act sec 112(l),3,"('act_relative', None, None, None)","('other', None, None, None)"
"Title II and Title VIII, section 892 of the Homeland Security Act of 2002",3,"('act_relative', None, None, None)","('other', None, None, None)"
"ERISA sections 502(a)(2), (a)(5), and 506(b)",3,"('act_relative', None, None, None)","('other', None, None, None)"
"""CAAA 320""",3,"('act_relative', None, None, None)","('other', None, None, None)"
Clean Air Act Section 211(o),3,"('act_relative', None, None, None)","('other', None, None, None)"
"The Consolidated Farm and Rural Development Act,as amended",3,"('act_relative', None, None, None)","('other', None, None, None)"
sec 745 of the Dodd-Frank Wall Street Reform and Consumer Protection Act,3,"('act_relative', None, None, None)","('other', None, None, None)"
Clean Air Act sec 187,3,"('act_relative', None, None, None)","('other', None, None, None)"
Section 113 of the Employee Retirement Income Security Act of 1974,3,"('act_relative', None, None, None)","('other', None, None, None)"
TSCA 26,3,"('act_relative', None, None, None)","('other', None, None, None)"
"BIPA, sec 606",3,"('act_relative', None, None, None)","('other', None, None, None)"
National Marine Sanctuaries Act,3,"('act_relative', None, None, None)","('other', None, None, None)"
"The Maritime Security Act of 1996, sec 17",3,"('act_relative', None, None, None)","('other', None, None, None)"
91-605,3,"('public_law', None, None, None)","('other', None, None, None)"
Energy Policy Act of 2005,3,"('act_relative', None, None, None)","('other', None, None, None)"
Resource Conservation Recovery Act sec 1006,3,"('act_relative', None, None, None)","('other', None, None, None)"
"""CAAA 172(a)""",3,"('act_relative', None, None, None)","('other', None, None, None)"
"ERISA, sec 505",3,"('act_relative', None, None, None)","('other', None, None, None)"
6944,3,"('usc', 42, '6944', None)","('other', None, None, None)"
CEA sec 5,3,"('act_relative', None, None, None)","('other', None, None, None)"
Clean Air Act sec 203(i),3,"('act_relative', None, None, None)","('other', None, None, None)"
Clean Water Act sec 501(a),3,"('act_relative', None, None, None)","('other', None, None, None)"
"Social Security Act, sec 1834(j)(1)(E)",3,"('act_relative', None, None, None)","('other', None, None, None)"
"Social Security Act, sec 1902(a)(32)",3,"('act_relative', None, None, None)","('other', None, None, None)"
sec 126 of the CAA,3,"('act_relative', None, None, None)","('other', None, None, None)"
Clean Air Act Amendments of 1990 sec 172(c),3,"('act_relative', None, None, None)","('other', None, None, None)"
and the Secure Equipment Act of 2021,3,"('act_relative', None, None, None)","('other', None, None, None)"
"CEA secs 2(h)(5), 4r(a) and 12a(5)",3,"('act_relative', None, None, None)","('other', None, None, None)"
"Social Security Act, sec 1815(d)",3,"('act_relative', None, None, None)","('other', None, None, None)"
"Social Security Act, sec. 1776",3,"('act_relative', None, None, None)","('other', None, None, None)"
TSCA 8(a),3,"('act_relative', None, None, None)","('other', None, None, None)"
sec 1893(f)(2) of the Social Security Act added by sec 935 of the MMA,3,"('act_relative', None, None, None)","('other', None, None, None)"
Clean Air Act Amendments of 1990 sec 112(e)(5),3,"('act_relative', None, None, None)","('other', None, None, None)"
"BIPA, sec 620",3,"('act_relative', None, None, None)","('other', None, None, None)"
"Social Security Act, sec 1833(e)",3,"('act_relative', None, None, None)","('other', None, None, None)"
the IoT Cybersecurity Improvement Act of 2020,3,"('act_relative', None, None, None)","('other', None, None, None)"
SDWA 1445(a)(1)(A),3,"('act_relative', None, None, None)","('other', None, None, None)"
"18 USC 5006-5024 (Repealed October 12, 1984 as to offenses committed after that date), 5039",3,"('usc', 18, '1984', None)",""
"CAA 202(a), 202(k), and 211(c)",3,"('act_relative', None, None, None)","('other', None, None, None)"
Clean Air Act sec 112 (d),3,"('act_relative', None, None, None)","('other', None, None, None)"
Clean Air Act sec 109,3,"('act_relative', None, None, None)","('other', None, None, None)"
"Bipartisan Budget Act of 2015, sec. 814",3,"('act_relative', None, None, None)","('other', None, None, None)"
Safe Drinking Water Act 1421-1425,3,"('act_relative', None, None, None)","('other', None, None, None)"
"the Helms, Biden, 1978, and 1985 Amendments, 22 U.S.C. 2151b(f), e.g., Consolidated Appropriations Act, 2018, Pub. L115-141, Div. K, sec. 7018)",3,"('usc', 22, '2018', None)",""
"The Food Security Act of 1985, sec 1201, as amended",3,"('act_relative', None, None, None)","('other', None, None, None)"
Clean Air Act Amendments of 1990 sec 110(a)(2),3,"('act_relative', None, None, None)","('other', None, None, None)"
"Clean Air Act Amendments of 1990, title V",3,"('act_relative', None, None, None)","('other', None, None, None)"
Sec 1886(l) of the Social Security Act,3,"('act_relative', None, None, None)","('other', None, None, None)"
ERISA section 408(a),3,"('act_relative', None, None, None)","('other', None, None, None)"
TSCA 12,3,"('act_relative', None, None, None)","('other', None, None, None)"
CAA 110(a)(1),3,"('act_relative', None, None, None)","('other', None, None, None)"
sec 1102 of Social Security Act,3,"('act_relative', None, None, None)","('other', None, None, None)"
sec. 203,3,"('public_law', None, None, None)","('other', None, None, None)"
Clean Air Act Amendments of 1990 sec 112 (d),3,"('act_relative', None, None, None)","('other', None, None, None)"
"Social Security Act, sec 1870",3,"('act_relative', None, None, None)","('other', None, None, None)"
"BIPA, sec 605",3,"('act_relative', None, None, None)","('other', None, None, None)"
CAA301,3,"('act_relative', None, None, None)","('other', None, None, None)"
Resource Conservation Recovery Act sec 3004(v),3,"('act_relative', None, None, None)","('other', None, None, None)"
"18 U.S.C. 4100-4115, 4161-4166, (Repealed in part as to offenses committed on or after November 1, 1987)",3,"('usc', 18, '1987', None)",""
"SecS. 1, 2, 3, 4, 10, 201, 202, 208, 209, 214, 216, 217, 218, 219, 220(a), 229, 251, 254, 255, 256, 301, 303, 307, 332, and 333, of the Communications Act of 1934, as amended",2,"('act_relative', None, None, None)","('other', None, None, None)"
Privacy Act of 1974,2,"('act_relative', None, None, None)","('other', None, None, None)"
Sections 432(a) and 468(2) of the HEA,2,"('act_relative', None, None, None)","('other', None, None, None)"
"Public Health Service Act, Sec. 2713",2,"('act_relative', None, None, None)","('other', None, None, None)"
"Social Security Act, sec 1155",2,"('act_relative', None, None, None)","('other', None, None, None)"
Sec 1870 of the Social Security Act,2,"('act_relative', None, None, None)","('other', None, None, None)"
"BIPA, sec 601 to 603",2,"('act_relative', None, None, None)","('other', None, None, None)"
Clean Air Act sec 166,2,"('act_relative', None, None, None)","('other', None, None, None)"
Clean Air Act section 602,2,"('act_relative', None, None, None)","('other', None, None, None)"
RCRA 3001(a),2,"('act_relative', None, None, None)","('other', None, None, None)"
"""CWA Section 304""",2,"('act_relative', None, None, None)","('other', None, None, None)"
45102 to 45103,2,"('usc', 49, '45102', None)","('other', None, None, None)"
Social Security Act sec 1102,2,"('act_relative', None, None, None)","('other', None, None, None)"
"title XIX of the Social Security Act, sec 1923(f) and (h)",2,"('act_relative', None, None, None)","('other', None, None, None)"
"18 U.S.C 5006-5024 (Repealed October 12, 1984 as to conduct occurring after that date)",2,"('usc', 18, '1984', None)",""
1094,2,"('usc', 20, '1094', None)","('other', None, None, None)"
secs 2104 (e) and 2104(f) of the Social Security Act,2,"('act_relative', None, None, None)","('other', None, None, None)"
690d,2,"('public_law', None, None, None)",""
CAA sec 203(a)(1),2,"('act_relative', None, None, None)","('other', None, None, None)"
sec 733 of the Dodd-Frank Wall Street Reform and Consumer Protection Act,2,"('act_relative', None, None, None)","('other', None, None, None)"
sec 1525 MAP-21,2,"('act_relative', None, None, None)","('other', None, None, None)"
Sec 325 of the Energy Independence and Security Act of 2007,2,"('act_relative', None, None, None)","('other', None, None, None)"
Cranston-Gonzalez National Affordable Housng Act,2,"('act_relative', None, None, None)","('other', None, None, None)"
"Social Security Act, sec 1115A",2,"('act_relative', None, None, None)","('other', None, None, None)"
as amended by the Dodd-Frank Wall Street Reform and Consumer Protection Act,2,"('act_relative', None, None, None)","('other', None, None, None)"
1818,2,"('usc', 12, '1818', None)","('other', None, None, None)"
"Social Security Act, sec 1869(b)",2,"('act_relative', None, None, None)","('other', None, None, None)"
"Social Security Act, sec 1869(b), subpart H",2,"('act_relative', None, None, None)","('other', None, None, None)"
"Social Security Act, sec 1861",2,"('act_relative', None, None, None)","('other', None, None, None)"
Clean Air Act sec 167,2,"('act_relative', None, None, None)","('other', None, None, None)"
Clean Air Act sec 206,2,"('act_relative', None, None, None)","('other', None, None, None)"
"""Clean Air Act Section 112(b)(3)""",2,"('act_relative', None, None, None)","('other', None, None, None)"
41706,2,"('usc', 49, '41706', None)","('other', None, None, None)"
of the Social Security Act.,2,"('act_relative', None, None, None)","('other', None, None, None)"
"18 USC 4082 (Repealed as to offenses committed on or after November 1, 1987.)",2,"('usc', 18, '1987', None)",""
"46 app USC 808, 839",2,"","('usc', 46, '839', None)"
Bipartisan Budget Act of 2015 sec. 824,2,"('act_relative', None, None, None)","('other', None, None, None)"
"National Childhood Vaccine Injury Act of 1986, as amended",2,"('act_relative', None, None, None)","('other', None, None, None)"
FIFRA sec 3 and 25,2,"('act_relative', None, None, None)","('other', None, None, None)"
"18 USC 4082 (Repealed in part as to offenses committed on or after November 1, 1987.)",2,"('usc', 18, '1987', None)",""
sec 726,2,"('public_law', None, None, None)","('other', None, None, None)"
CAA sec 307(d)(7)(B),2,"('act_relative', None, None, None)","('other', None, None, None)"
205(u) and 1631e(7) of the Social Security Act,2,"('act_relative', None, None, None)","('other', None, None, None)"
"secs. 301, 304 (b) and (c), 306 (b) and (c), 307(c), Federal Water Pollution Control Act, as amended",2,"('act_relative', None, None, None)","('other', None, None, None)"
"Social Security Act, sec 1842(b)(3)(C), subpart H",2,"('act_relative', None, None, None)","('other', None, None, None)"
BIPA Section 331,2,"('act_relative', None, None, None)","('other', None, None, None)"
Sec 1915(c) of the Social Security Act,2,"('act_relative', None, None, None)","('other', None, None, None)"
RCRA Section 1004(27),2,"('act_relative', None, None, None)","('other', None, None, None)"
CAA 202(k),2,"('act_relative', None, None, None)","('other', None, None, None)"
TSCA 404,2,"('act_relative', None, None, None)","('other', None, None, None)"
"Federal Insecticide, Fungicide, and Rodenticide Act sec 6",2,"('act_relative', None, None, None)","('other', None, None, None)"
Clean Water Act sec 502,2,"('act_relative', None, None, None)","('other', None, None, None)"
secs 30 and 38 of Investment Company Act,2,"('act_relative', None, None, None)","('other', None, None, None)"
"""CWA Section 306""",2,"('act_relative', None, None, None)","('other', None, None, None)"
Sec 701 of the MMA,2,"('act_relative', None, None, None)","('other', None, None, None)"
Sec 1916 of the Social Security Act,2,"('act_relative', None, None, None)","('other', None, None, None)"
"Sec 1128(c)(3)(b), Social Security Act",2,"('act_relative', None, None, None)","('other', None, None, None)"
"the Budget and Accounting Procedures Act of 1950, as amended",2,"('act_relative', None, None, None)","('other', None, None, None)"
sec 281 of INA,2,"('act_relative', None, None, None)","('other', None, None, None)"
sec 101 (b) (1) of INA,2,"('act_relative', None, None, None)","('other', None, None, None)"
44705,2,"('usc', 49, '44705', None)","('other', None, None, None)"
parts C and D of title I of the Clean Air Act,2,"('act_relative', None, None, None)","('other', None, None, None)"
1903(a)(7) of the Social Security Act (the Act),2,"('act_relative', None, None, None)","('other', None, None, None)"
sec. 11A of the Securities Exchange Act of 1934,2,"('act_relative', None, None, None)","('other', None, None, None)"
sec. 7(a)(13) of the Small Business Act,2,"('act_relative', None, None, None)","('other', None, None, None)"
CAA 129 and 111(d),2,"('act_relative', None, None, None)","('other', None, None, None)"
"SSA, sec 1848(c)(2)(B)(i)",2,"('act_relative', None, None, None)","('other', None, None, None)"
sec 32934 and sec 32101(d) of MAP-21,2,"('act_relative', None, None, None)","('other', None, None, None)"
1331,2,"('public_law', None, None, None)","('other', None, None, None)"
"Social Security Act, title V, sec 501(a)(2 and 3)",2,"('act_relative', None, None, None)","('other', None, None, None)"
"18 USC 5006 to 5024 (Repealed October 12, 1984 as to offenses committed after that date)",2,"('usc', 18, '1984', None)",""
Bipartisan Budget Act of 2015 sec 824,2,"('act_relative', None, None, None)","('other', None, None, None)"
Stat. 2936,2,"('statute_at_large', None, None, None)","('other', None, None, None)"
"sec. 412(e),",2,"('public_law', None, None, None)","('other', None, None, None)"
2656,2,"('usc', 22, '2656', None)","('other', None, None, None)"
sec 1812(d) of the Social Security Act,2,"('act_relative', None, None, None)","('other', None, None, None)"
sec 1866 of the Social Security Act,2,"('act_relative', None, None, None)","('other', None, None, None)"
Sec. 1819(b) of the Social Security Act,2,"('act_relative', None, None, None)","('other', None, None, None)"
Sec 1861(s)(2)(B) of the Social Security Act,2,"('act_relative', None, None, None)","('other', None, None, None)"
"Safe Drinking Water Act, sec. 1412",2,"('act_relative', None, None, None)","('other', None, None, None)"
Section 1893 (f) (2) of the Social Security Act added by Section 935 of the MMA,2,"('act_relative', None, None, None)","('other', None, None, None)"
1831d note,2,"('usc', 12, '1831d', None)","('other', None, None, None)"
"CAA sec 112(f)(2), 112(d)(6)",2,"('act_relative', None, None, None)","('other', None, None, None)"
Social Security Act sec 1871,2,"('act_relative', None, None, None)","('other', None, None, None)"
"2279aa-11,2279aa-12",2,"('usc', 12, '2279aa-11', None) | ('usc', 12, '2279aa-12', None)","('other', None, None, None)"
Dodd-Frank Wall Street Reform and Consumer Protection Ac,2,"('act_relative', None, None, None)","('other', None, None, None)"
The Elijah E. Cummings Federal Employee Antidiscrimination Act of 2020 (Cummings Act),2,"('act_relative', None, None, None)","('other', None, None, None)"
U.S.C. 1135 (ERISA sec. 505),2,"('act_relative', None, None, None)","('other', None, None, None)"
93a,2,"('usc', 12, '93a', None)","('other', None, None, None)"
"National Environmental Policy Act, as amended",2,"('act_relative', None, None, None)","('other', None, None, None)"
"Social Security Act, sec 1833(i)(1)",2,"('act_relative', None, None, None)","('other', None, None, None)"
"Social Security Act, sec 1102, subpart H",2,"('act_relative', None, None, None)","('other', None, None, None)"
sec. 1307(c),2,"('public_law', None, None, None)","('other', None, None, None)"
Children's Health Act of 2000,2,"('act_relative', None, None, None)","('other', None, None, None)"
CAA Section 211,2,"('act_relative', None, None, None)","('other', None, None, None)"
Sec 1842(o) of the Social Security Act,2,"('act_relative', None, None, None)","('other', None, None, None)"
Sec 421 of the MMA,2,"('act_relative', None, None, None)","('other', None, None, None)"
"BIPA, sec 422",2,"('act_relative', None, None, None)","('other', None, None, None)"
secs 2104(e) & (f) of the Social Security Act,2,"('act_relative', None, None, None)","('other', None, None, None)"
44702 et seq,2,"('usc', 49, '44702', None)","('other', None, None, None)"
1820(g),2,"('usc', 12, '1820', None)","('other', None, None, None)"
SDWA 1422,2,"('act_relative', None, None, None)","('other', None, None, None)"
"2279aa-11, 2279aa-12",2,"('usc', 12, '2279aa-11', None) | ('usc', 12, '2279aa-12', None)","('other', None, None, None)"
"18 USC 5006 to 5024 (Repealed October 12, 1984, as to conduct occurring after that date",2,"('usc', 18, '1984', None)",""
"Social Security Act, sec 1902",2,"('act_relative', None, None, None)","('other', None, None, None)"
"sec 515(b)(1) of the Federal Food, Drug, and Cosmetic Act",2,"('act_relative', None, None, None)","('other', None, None, None)"
1312,2,"('public_law', None, None, None)","('other', None, None, None)"
MMA sec 629,2,"('act_relative', None, None, None)","('other', None, None, None)"
MMA sec 811,2,"('act_relative', None, None, None)","('other', None, None, None)"
TSCA section 601,2,"('act_relative', None, None, None)","('other', None, None, None)"
secs 3(a) and 306(a) of Sarbanes-Oxley Act,2,"('act_relative', None, None, None)","('other', None, None, None)"
"the Budget and Accounting Act of 1921, as amended",2,"('act_relative', None, None, None)","('other', None, None, None)"
Mental Health Parity Act,2,"('act_relative', None, None, None)","('other', None, None, None)"
1820 (f),2,"('usc', 12, '1820', None)","('other', None, None, None)"
"Social Security Act, sec 1819",2,"('act_relative', None, None, None)","('other', None, None, None)"
"Social Security Act, sec 1886(d)",2,"('act_relative', None, None, None)","('other', None, None, None)"
Sec 110 of the Social Security Act,2,"('act_relative', None, None, None)","('other', None, None, None)"
sec 1883 of the Social Security Act,2,"('act_relative', None, None, None)","('other', None, None, None)"
Clean Air Act sec 168,2,"('act_relative', None, None, None)","('other', None, None, None)"
Clean Air Act sec 169,2,"('act_relative', None, None, None)","('other', None, None, None)"
Clean Air Act sec 231,2,"('act_relative', None, None, None)","('other', None, None, None)"
Toxic Substances Control Act sec 8(d),2,"('act_relative', None, None, None)","('other', None, None, None)"
Toxic Substances Control Act Title IV,2,"('act_relative', None, None, None)","('other', None, None, None)"
Clean Air Act section 604,2,"('act_relative', None, None, None)","('other', None, None, None)"
"""CWA Section 318""",2,"('act_relative', None, None, None)","('other', None, None, None)"
"""CAA 231 to 232""",2,"('act_relative', None, None, None)","('other', None, None, None)"
Sec 731 of the MMA,2,"('act_relative', None, None, None)","('other', None, None, None)"
"Medicare Prescription Drug, Improvement, and Modernization Act of 2003 (MMA), sec 911(d)(2)(A)",2,"('act_relative', None, None, None)","('other', None, None, None)"
44903 to 44904,2,"('usc', 49, '44903', None)","('other', None, None, None)"
46301,2,"('usc', 49, '46301', None)","('other', None, None, None)"
"title XXI, Social Security Act, sec 2104",2,"('act_relative', None, None, None)","('other', None, None, None)"
"18 U.S.C. 4082 (Repealed in part as to offenses committed on or after Nov. 1, 1987)",2,"('usc', 18, '1987', None)",""
sec. 513 of the FAA Reauthorization Act of 2024,2,"('act_relative', None, None, None)","('other', None, None, None)"
Bank Secrecy Act,2,"('act_relative', None, None, None)","('other', None, None, None)"
Stat. 782,2,"('statute_at_large', None, None, None)","('other', None, None, None)"
Expatriate Health Coverage Clarification Act of 2014,2,"('act_relative', None, None, None)","('other', None, None, None)"
INA Section 213A,2,"('act_relative', None, None, None)","('other', None, None, None)"
CAA secs 129 and 111(d),2,"('act_relative', None, None, None)","('other', None, None, None)"
CAA title I parts C and D and sec 111(a)(4),2,"('act_relative', None, None, None)","('other', None, None, None)"
"Social Security Act, secs 1923(f) and 1923(h)",2,"('act_relative', None, None, None)","('other', None, None, None)"
sec 10221,2,"('public_law', None, None, None)","('other', None, None, None)"
"sec 1881 of the Social Security Act, MIPPA sec 153 (c)",2,"('act_relative', None, None, None)","('other', None, None, None)"
"46 USC app 1114(b), 1241(a)",2,"","('usc', 46, '1241', None)"
Public Rangelands Improvement Act of 1978,2,"('act_relative', None, None, None)","('other', None, None, None)"
sec 553(a)(2) of the Administrative Procedure Act,2,"('act_relative', None, None, None)","('other', None, None, None)"
secs 1311 to 1313,2,"('public_law', None, None, None)","('other', None, None, None)"
PL 101 to 164,2,"('public_law', None, None, None)","('other', None, None, None)"
sec 1318 of MAP-21 (PL 112 to 141),2,"('act_relative', None, None, None)","('other', None, None, None)"
"sec 248(a) of the Trade Act of 1974, as amended",2,"('act_relative', None, None, None)","('other', None, None, None)"
sec.1819 and 1919 of the Social Security Act,2,"('act_relative', None, None, None)","('other', None, None, None)"
secs. 105 and 301(a) of the United States-Canada Free-Trade Agreement Implementation Act of 1988,2,"('act_relative', None, None, None)","('other', None, None, None)"
SDWA 1450(a),2,"('act_relative', None, None, None)","('other', None, None, None)"
SDWA 1445(a)(6),2,"('act_relative', None, None, None)","('other', None, None, None)"
Sec 1834(l) of the Social Security Act,2,"('act_relative', None, None, None)","('other', None, None, None)"
CAA 202(a),2,"('act_relative', None, None, None)","('other', None, None, None)"
Clean Air Act section 183 (e),2,"('act_relative', None, None, None)","('other', None, None, None)"
"Small Business Act, sec 5(b)(6) and 21 as amended",2,"('act_relative', None, None, None)","('other', None, None, None)"
TSCA sec 8,2,"('act_relative', None, None, None)","('other', None, None, None)"
1814(i)(A),2,"('act_relative', None, None, None)","('other', None, None, None)"
Sec 1902 (a) (54) of the Social Security Act,2,"('act_relative', None, None, None)","('other', None, None, None)"
sec 604 of the CAA,2,"('act_relative', None, None, None)","('other', None, None, None)"
45301 to 45302,2,"('usc', 49, '45301', None)","('other', None, None, None)"
secs 2104(e) and (f) of the Social Security Act,2,"('act_relative', None, None, None)","('other', None, None, None)"
ERISA sec. 502(a)(2),2,"('act_relative', None, None, None)","('other', None, None, None)"
DRA 2005,2,"('act_relative', None, None, None)","('other', None, None, None)"
OCSLA,2,"('act_relative', None, None, None)","('other', None, None, None)"
"BIPA, sec 608",2,"('act_relative', None, None, None)","('other', None, None, None)"
"Clean Air Act, section 112",2,"('act_relative', None, None, None)","('other', None, None, None)"
"""CWA Section 307""",2,"('act_relative', None, None, None)","('other', None, None, None)"
"49 USC app 1301(7), 1303, 1344, 1348, 1352 to 1355, 1401, 1421 to 1431, 1471 to 1472",2,"","('usc', 49, '1303', None) | ('usc', 49, '1344', None) | ('usc', 49, '1348', None) | ('usc', 49, '1352', None) | ('usc', 49, '1401', None) | ('usc', 49, '1421', None) | ('usc', 49, '1471', None)"
"Sec 938 of the Medicare Prescription Drug, Improvement, and Modernization Act of 2003",2,"('act_relative', None, None, None)","('other', None, None, None)"
"MMA, sec 951",2,"('act_relative', None, None, None)","('other', None, None, None)"
Sec 1154 to 1160 of the Social Security Act,2,"('act_relative', None, None, None)","('other', None, None, None)"
45101 to 45105,2,"('usc', 49, '45101', None)","('other', None, None, None)"
1261 et seq,2,"('public_law', None, None, None)","('other', None, None, None)"
"2277a-7,2277a-10",2,"('usc', 12, '2277a-10', None) | ('usc', 12, '2277a-7', None)","('other', None, None, None)"
6941 et seq.,2,"('usc', 7, '6941', None)","('other', None, None, None)"
Sec 1817(i) and 1871 of the SSA,2,"('act_relative', None, None, None)","('other', None, None, None)"
sec 324 of the Energy Independence and Security Act of 2007,2,"('act_relative', None, None, None)","('other', None, None, None)"
CWA 306 and 307,2,"('act_relative', None, None, None)","('other', None, None, None)"
Sec 1833 of the Social Security Act,2,"('act_relative', None, None, None)","('other', None, None, None)"
Omnibus Budget Reconciliation Act of 1987 (OBRA 87),2,"('act_relative', None, None, None)","('other', None, None, None)"
CAA sec 307(d),2,"('act_relative', None, None, None)","('other', None, None, None)"
PL 108 to 159,2,"('public_law', None, None, None)","('other', None, None, None)"
Clean Air Act sec 202(k),2,"('act_relative', None, None, None)","('other', None, None, None)"
sec. 32911 of the Moving Ahead for Progress in the 21st Century Act (MAP-21),2,"('act_relative', None, None, None)","('other', None, None, None)"
"Social Security Act, sec 1871, subpart H",2,"('act_relative', None, None, None)","('other', None, None, None)"
SDWA sec 1422,2,"('act_relative', None, None, None)","('other', None, None, None)"
"BIPA, sec 607",2,"('act_relative', None, None, None)","('other', None, None, None)"
CAA sec 114,2,"('act_relative', None, None, None)","('other', None, None, None)"
Clean Water Act sec 302,2,"('act_relative', None, None, None)","('other', None, None, None)"
Resource Conservation Recovery Act sec 3001 to 3008,2,"('act_relative', None, None, None)","('other', None, None, None)"
Resource Conservation Recovery Act sec 4010,2,"('act_relative', None, None, None)","('other', None, None, None)"
Sec 324 of the Energy Policy and Conservation Act,2,"('act_relative', None, None, None)","('other', None, None, None)"
"""CWA Section 308""",2,"('act_relative', None, None, None)","('other', None, None, None)"
"""CWA Section 501""",2,"('act_relative', None, None, None)","('other', None, None, None)"
Sec 1902(a)(4) of the Social Security Act,2,"('act_relative', None, None, None)","('other', None, None, None)"
ERISA 503,2,"('act_relative', None, None, None)","('other', None, None, None)"
Clean Air Act Title V,2,"('act_relative', None, None, None)","('other', None, None, None)"
Section 232 of the Trade Expansion Act of 1962,2,"('act_relative', None, None, None)","('other', None, None, None)"
"49 U.S.C. App. 13, 15 (1988)",2,"","('usc', 49, '15', None)"
sec 932(c)(2) MMA,2,"('act_relative', None, None, None)","('other', None, None, None)"
"Social Security Act, sec 1923(f) & (h)",2,"('act_relative', None, None, None)","('other', None, None, None)"
ERISA sec. 506(b),2,"('act_relative', None, None, None)","('other', None, None, None)"
SDWA 1425,2,"('act_relative', None, None, None)","('other', None, None, None)"
Title VI of the Civil Rights Act of 1964,2,"('act_relative', None, None, None)","('other', None, None, None)"
APA section 553,2,"('act_relative', None, None, None)","('other', None, None, None)"
SDWA 1414(c)(1),2,"('act_relative', None, None, None)","('other', None, None, None)"
sec 1814(b) of the Social Security Act,2,"('act_relative', None, None, None)","('other', None, None, None)"
sec 1833(a) of the Social Security Act,2,"('act_relative', None, None, None)","('other', None, None, None)"
sec 1833(n) of the Social Security Act,2,"('act_relative', None, None, None)","('other', None, None, None)"
sec 1861(v) of the Social Security Act,2,"('act_relative', None, None, None)","('other', None, None, None)"
SDWA sec 1425,2,"('act_relative', None, None, None)","('other', None, None, None)"
Title I of the Clean Air Act,2,"('act_relative', None, None, None)","('other', None, None, None)"
Clean Air Act sec 161,2,"('act_relative', None, None, None)","('other', None, None, None)"
CAAA 112(g) and 112(q),2,"('act_relative', None, None, None)","('other', None, None, None)"
606 of BIPA,2,"('act_relative', None, None, None)","('other', None, None, None)"
"Immigration and Nationality Act, sec 244",2,"('act_relative', None, None, None)","('other', None, None, None)"
Section 1893(i)(1) of the Social Security Act as amended by sec 935(i)(1) of Medicare Modernization Act (MMA),2,"('act_relative', None, None, None)","('other', None, None, None)"
"Social Security Act, sec 1818 A(d)(2)",2,"('act_relative', None, None, None)","('other', None, None, None)"
CWA 402(p),2,"('act_relative', None, None, None)","('other', None, None, None)"
INA 243(d),2,"('act_relative', None, None, None)","('other', None, None, None)"
"18 U.S.C. 4161 to 4166 (Repealed as to offenses committed on or after Nov. 1, 1987)",2,"('usc', 18, '1987', None)",""
INA 208(a)(2)(A),2,"('act_relative', None, None, None)","('other', None, None, None)"
"Social Security Act, sec 1886(e)",2,"('act_relative', None, None, None)","('other', None, None, None)"
"Social Security Act sec 1881, 1861, 1920, 1102, 1871, 1965",2,"('act_relative', None, None, None)","('other', None, None, None)"
sec 728 of the Dodd-Frank Wall Street Reform and Consumer Protection Act (Dodd-Frank Act),2,"('act_relative', None, None, None)","('other', None, None, None)"
sec 6402(j) and 6503,2,"('public_law', None, None, None)","('other', None, None, None)"
Federal Property & Administrative Services Act of 1949,2,"('act_relative', None, None, None)","('other', None, None, None)"
Debt Collection Improvement Act of 1996,2,"('act_relative', None, None, None)","('other', None, None, None)"
"Federal Civil Penalties, Inflation Adjustment Act of 1990",2,"('act_relative', None, None, None)","('other', None, None, None)"
Sec 2(h)(8) of the Commodity Exchange Act (as amended by the Dodd-Frank Wall Street Reform and Consumer Protection Act),2,"('act_relative', None, None, None)","('other', None, None, None)"
"Social Security Act secs 1102, 1871, 1848",2,"('act_relative', None, None, None)","('other', None, None, None)"
"Social Security Act, sec 1834(a)(1)(G)",2,"('act_relative', None, None, None)","('other', None, None, None)"
sec 1313 of MAP-21,2,"('act_relative', None, None, None)","('other', None, None, None)"
Pub. L. 101 to 410,2,"('public_law', None, None, None)","('other', None, None, None)"
Bipartisan Budget Act of 2015 sec 825,2,"('act_relative', None, None, None)","('other', None, None, None)"
Pub. L. 111 to 203,2,"('public_law', None, None, None)","('other', None, None, None)"
GENIUS Act,2,"('act_relative', None, None, None)","('other', None, None, None)"
Clean Air Act section 111,2,"('act_relative', None, None, None)","('other', None, None, None)"
"BIPA, sec 611 to 621",2,"('act_relative', None, None, None)","('other', None, None, None)"
Sec. 1128(b)(A) of the Social Security Act,2,"('act_relative', None, None, None)","('other', None, None, None)"
SDWA 1401,2,"('act_relative', None, None, None)","('other', None, None, None)"
Section 1834(h)(i),2,"('act_relative', None, None, None)","('other', None, None, None)"
"Social Security Act, Sec 1839",2,"('act_relative', None, None, None)","('other', None, None, None)"
sec 203,2,"('public_law', None, None, None)","('other', None, None, None)"
Clean Air Act section 611,2,"('act_relative', None, None, None)","('other', None, None, None)"
"Sec 1128E(b)(2), Social Security Act",2,"('act_relative', None, None, None)","('other', None, None, None)"
"Title IX of the Education Amendments of 1972, as amended",2,"('act_relative', None, None, None)","('other', None, None, None)"
"MMA, sec 623",2,"('act_relative', None, None, None)","('other', None, None, None)"
"2104 (e) & (f) of the Social Security Act, sec 6101 of DRA",2,"('act_relative', None, None, None)","('other', None, None, None)"
40119,2,"('usc', 49, '40119', None)","('other', None, None, None)"
Clean Air Act Section 111,2,"('act_relative', None, None, None)","('other', None, None, None)"
"Social Security Act, sec. 1839",2,"('act_relative', None, None, None)","('other', None, None, None)"
The Bipartisan Budget Act of 2018,2,"('act_relative', None, None, None)","('other', None, None, None)"
Social Security Act sec 1886(j),2,"('act_relative', None, None, None)","('other', None, None, None)"
CAA 111 and 129,2,"('act_relative', None, None, None)","('other', None, None, None)"
USC 44717,2,"('usc', 49, '44717', None)","('other', None, None, None)"
"Affordable Care Act, secs 1301 to 1343, secs 1401 to 1413",2,"('act_relative', None, None, None)","('other', None, None, None)"
Rail Safety Improvement Act of 2008 sec 410(c),2,"('act_relative', None, None, None)","('other', None, None, None)"
Federal Civil Penalties Inflation Adjustment Act of 1990,2,"('act_relative', None, None, None)","('other', None, None, None)"
"Fish and Wildlife Act of 1956, U.S.C. 742a to j",2,"('act_relative', None, None, None)","('other', None, None, None)"
Federal Civil Penalties Inflation Adjustment Act Improvement Act of 2015,2,"('act_relative', None, None, None)","('other', None, None, None)"
sec. 7102 of the Affordable Care Act,2,"('act_relative', None, None, None)","('other', None, None, None)"
sec 956,2,"('public_law', None, None, None)","('other', None, None, None)"
"Social Security Act, sec 1171-79",2,"('act_relative', None, None, None)","('other', None, None, None)"
Clean Air Act sec 213(a),2,"('act_relative', None, None, None)","('other', None, None, None)"
Federal Civil Penalties Inflation Adjustment Act,2,"('act_relative', None, None, None)","('other', None, None, None)"
6924,2,"('usc', 42, '6924', None)","('other', None, None, None)"
Pub. L. 109 to 351,2,"('public_law', None, None, None)","('other', None, None, None)"
CWA 118,2,"('act_relative', None, None, None)","('other', None, None, None)"
RCRA sec 3001(b)(3)(C),2,"('act_relative', None, None, None)","('other', None, None, None)"
Sec 7102 of the Affordable Care Act,2,"('act_relative', None, None, None)","('other', None, None, None)"
CWA 401 and 402,2,"('act_relative', None, None, None)","('other', None, None, None)"
SDWA 1445,2,"('act_relative', None, None, None)","('other', None, None, None)"
SDWA 1414(c)(2),2,"('act_relative', None, None, None)","('other', None, None, None)"
"18 USC 5006-5024 (Repealed October 12, 1984 as to offenses committed after that date)",2,"('usc', 18, '1984', None)",""
Clean Air Act sec 160,2,"('act_relative', None, None, None)","('other', None, None, None)"
"18 U.S.C. 4161-4166 (Repealed as to offenses committed on or after November 1, 1987)",2,"('usc', 18, '1987', None)",""
Clean Water Act sec 404,2,"('act_relative', None, None, None)","('other', None, None, None)"
Sec 1101(c) of the Violence Against Women Reauthorization Act of 2013,2,"('act_relative', None, None, None)","('other', None, None, None)"
Safe Drinking Water Act sec 1413,2,"('act_relative', None, None, None)","('other', None, None, None)"
2277a-14(c) and (d).,2,"('usc', 12, '2277a-14', None)","('other', None, None, None)"
SDWA 1401(a),2,"('act_relative', None, None, None)","('other', None, None, None)"
93-87,2,"('public_law', None, None, None)","('other', None, None, None)"
1252,2,"('usc', 8, '1252', None)","('other', None, None, None)"
Clean Water Act section 312(n) as amended,2,"('act_relative', None, None, None)","('other', None, None, None)"
"QI, TMA, and Abstinence Programs Extension and Hurricane Katrina Unemployment Relief Act of 2005, sec 101",2,"('act_relative', None, None, None)","('other', None, None, None)"
"Federal Insecticide, Fungicide, and Rodenticide Act sec 2",2,"('act_relative', None, None, None)","('other', None, None, None)"
Toxic Substances Control Act sec 6(e),2,"('act_relative', None, None, None)","('other', None, None, None)"
Clean Air Act sec 162,2,"('act_relative', None, None, None)","('other', None, None, None)"
Toxic Substances Control Act,2,"('act_relative', None, None, None)","('other', None, None, None)"
TSCA,2,"('act_relative', None, None, None)","('other', None, None, None)"
1313,2,"('public_law', None, None, None)","('other', None, None, None)"
U.S.C. 31311(a),2,"('usc', 49, '31311', None)","('other', None, None, None)"
INA sec. 214,2,"('act_relative', None, None, None)","('other', None, None, None)"
INA 208(d)(5)(B),2,"('act_relative', None, None, None)","('other', None, None, None)"
CWA 106,2,"('act_relative', None, None, None)","('other', None, None, None)"
sec. 15(c) of the Securities Exchange Act of 1934,2,"('act_relative', None, None, None)","('other', None, None, None)"
CAA sec 112(k),2,"('act_relative', None, None, None)","('other', None, None, None)"
"2277a-7, 2277a-10)",2,"('usc', 12, '2277a-10', None) | ('usc', 12, '2277a-7', None)","('other', None, None, None)"
Clean Air Act secs 110 and 172,2,"('act_relative', None, None, None)","('other', None, None, None)"
CAA Sections 129 and 111(d),2,"('act_relative', None, None, None)","('other', None, None, None)"
306,2,"('act_relative', None, None, None)","('other', None, None, None)"
307,2,"('act_relative', None, None, None)","('other', None, None, None)"
of the Debt Collection Improvement Act of 1996,2,"('act_relative', None, None, None)","('other', None, None, None)"
Sec 1817(i) and 1871 of the Social Security Act,2,"('act_relative', None, None, None)","('other', None, None, None)"
secs 1102 and 1811 of the Social Security Act,2,"('act_relative', None, None, None)","('other', None, None, None)"
"Social Security Act, sec 1833(i)(2)",2,"('act_relative', None, None, None)","('other', None, None, None)"
"Section 1502 of the Elementary and Secondary Education Act of 1965 (ESEA), as amended by the No Child Left Behind Act of 2001",2,"('act_relative', None, None, None)","('other', None, None, None)"
Pub. L.110 to 181,2,"('public_law', None, None, None)","('other', None, None, None)"
Secs. 1881(b)(1) and 1882(d)(3) of the Social Security Act,2,"('act_relative', None, None, None)","('other', None, None, None)"
sec.1888(e)(4)(G)(i) of the Social Security Act,2,"('act_relative', None, None, None)","('other', None, None, None)"
CAA Section 111,2,"('act_relative', None, None, None)","('other', None, None, None)"
Section 1128A(a)(5) of the Social Security Act,2,"('act_relative', None, None, None)","('other', None, None, None)"
secs 452(f) and 466(a)(19) of the Social Security Act (Act),2,"('act_relative', None, None, None)","('other', None, None, None)"
"Fish and Wildlife Act of 1956, USC 742a to j",2,"('act_relative', None, None, None)","('other', None, None, None)"
"Social Security Act, sec 2104(f)",2,"('act_relative', None, None, None)","('other', None, None, None)"
Rehabilitation Act of 1973,2,"('act_relative', None, None, None)","('other', None, None, None)"
sec 10302(a) of SAFETEA-LU,2,"('act_relative', None, None, None)","('other', None, None, None)"
"Sec. 4(f) of the Fair Labor Standards Act of 1938, as amended",2,"('act_relative', None, None, None)","('other', None, None, None)"
Sec 2107 (b)(1) of the Social Security Act,2,"('act_relative', None, None, None)","('other', None, None, None)"
1282,2,"('usc', 8, '1282', None)","('other', None, None, None)"
as amended by title VII of the Dodd-Frank Wall Street Reform and Consumer Protection Act,2,"('act_relative', None, None, None)","('other', None, None, None)"
"""CWA 311(d)(2)""",2,"('act_relative', None, None, None)","('other', None, None, None)"
"Social Security Act, sec 2104(e)",2,"('act_relative', None, None, None)","('other', None, None, None)"
"""CAA 211""",2,"('act_relative', None, None, None)","('other', None, None, None)"
Sec 1905 (a) (12) of the Social Security Act,2,"('act_relative', None, None, None)","('other', None, None, None)"
Sec 1927 of the Social Security Act,2,"('act_relative', None, None, None)","('other', None, None, None)"
sec 1905(a)(13) of the Social Security Act,2,"('act_relative', None, None, None)","('other', None, None, None)"
1158,2,"('usc', 8, '1158', None)","('other', None, None, None)"
sec 1128a of the Social Security Act,2,"('act_relative', None, None, None)","('other', None, None, None)"
ERISA 505,2,"('act_relative', None, None, None)","('other', None, None, None)"
sec 2455,2,"('public_law', None, None, None)","('other', None, None, None)"
Section 1923(a)(2)(D)of the Social Security Act,2,"('act_relative', None, None, None)","('other', None, None, None)"
Sec 340E PHSA,2,"('act_relative', None, None, None)","('other', None, None, None)"
CAA 202(m),2,"('act_relative', None, None, None)","('other', None, None, None)"
Pub. L. 104 to 134,2,"('public_law', None, None, None)","('other', None, None, None)"
Bipartisan Budget Act of 2015 sec 812,2,"('act_relative', None, None, None)","('other', None, None, None)"
CWA 302,2,"('act_relative', None, None, None)","('other', None, None, None)"
Sec 1903 (a) of the Social Security Act,2,"('act_relative', None, None, None)","('other', None, None, None)"
"sec 2115 of the Public Health Service Act, 42 USC, 300aa-15",2,"('act_relative', None, None, None)","('other', None, None, None)"
"Social Security Act, sec 203",2,"('act_relative', None, None, None)","('other', None, None, None)"
CWA 501(a) and 501(e),2,"('act_relative', None, None, None)","('other', None, None, None)"
sec 725(c) and (d),2,"('public_law', None, None, None)","('other', None, None, None)"
Clean Air Act section 183,2,"('act_relative', None, None, None)","('other', None, None, None)"
"Section 9302 of Elementary and Secondary Education Act, as amended",2,"('act_relative', None, None, None)","('other', None, None, None)"
Sec 1903 (i) (10) of the Social Security Act,2,"('act_relative', None, None, None)","('other', None, None, None)"
"BIPA, sec 601 to 605",2,"('act_relative', None, None, None)","('other', None, None, None)"
"Social Security Act, sec 1818A (d)(2)",2,"('act_relative', None, None, None)","('other', None, None, None)"
"Social Security Act, sec 1865(b)",2,"('act_relative', None, None, None)","('other', None, None, None)"
"""CWA Section 402""",2,"('act_relative', None, None, None)","('other', None, None, None)"
Sec 303(c) of the MMA 2003,2,"('act_relative', None, None, None)","('other', None, None, None)"
6926,2,"('usc', 42, '6926', None)","('other', None, None, None)"
"BIPA, sec 619",2,"('act_relative', None, None, None)","('other', None, None, None)"
Bipartisan Budget Act of 2015 sec 831,2,"('act_relative', None, None, None)","('other', None, None, None)"
sec 2705 of the Public Health Service Act (as amended by the Mental Health Parity Act of 1996),2,"('act_relative', None, None, None)","('other', None, None, None)"
TSCA 8,2,"('act_relative', None, None, None)","('other', None, None, None)"
Defense Production Act,2,"('act_relative', None, None, None)","('other', None, None, None)"
Clean Water Act sec 402(b)(8),2,"('act_relative', None, None, None)","('other', None, None, None)"
"Social Security Act, sec 1832(a)(2)(F)",2,"('act_relative', None, None, None)","('other', None, None, None)"
"sec 307 PL 112 to 213, The Coast Guard and Maritime Transportation Act 2012",2,"('act_relative', None, None, None)","('other', None, None, None)"
Bipartisan Budget Act of 2015 sec 813,2,"('act_relative', None, None, None)","('other', None, None, None)"
sec 107(d) of the CAA,2,"('act_relative', None, None, None)","('other', None, None, None)"
Clean Air Act sec 164,2,"('act_relative', None, None, None)","('other', None, None, None)"
ERISA sec. 502(a)(5),2,"('act_relative', None, None, None)","('other', None, None, None)"
sec 3041,2,"('public_law', None, None, None)","('other', None, None, None)"
"Social Security Act, sec 1834 (a)(1)(6)",2,"('act_relative', None, None, None)","('other', None, None, None)"
FAA Reauthorization Act of 2024,2,"('act_relative', None, None, None)","('other', None, None, None)"
Sec. 1102 of the SSA,2,"('act_relative', None, None, None)","('other', None, None, None)"
Resource Conservation Recovery Act,2,"('act_relative', None, None, None)","('other', None, None, None)"
"Social Security Act, sec 1923(f)(3)",2,"('act_relative', None, None, None)","('other', None, None, None)"
sec 1834 (e) of the Social Security Act,2,"('act_relative', None, None, None)","('other', None, None, None)"
"18 U.S.C. 5006 to 5024 (Repealed Oct. 12, 1984 as to offenses committed after that date)",2,"('usc', 18, '1984', None)",""
"Section 112, Clean Air Act",2,"('act_relative', None, None, None)","('other', None, None, None)"
Pollution Prevention Act,2,"('act_relative', None, None, None)","('other', None, None, None)"
1818(q),2,"('usc', 12, '1818', None)","('other', None, None, None)"
sec 1833(i) of the Social Security Act,2,"('act_relative', None, None, None)","('other', None, None, None)"
"Federal Insecticide, Fungicide, and Rodenticide Act",2,"('act_relative', None, None, None)","('other', None, None, None)"
sec 1815 of the Social Security Act,2,"('act_relative', None, None, None)","('other', None, None, None)"
Sec. 408 and 946 of the MMA of 2003,2,"('act_relative', None, None, None)","('other', None, None, None)"
CAA sec 407,2,"('act_relative', None, None, None)","('other', None, None, None)"
Clean Air Act sec 110 and 172,2,"('act_relative', None, None, None)","('other', None, None, None)"
Section 4(b) of the Steel Trade Liberalization Program Implementation Act,2,"('act_relative', None, None, None)","('other', None, None, None)"
sec 2104 (e) & (f) of the Social Security Act,2,"('act_relative', None, None, None)","('other', None, None, None)"
Atomic Energy Act of 1954 sec 274(h),2,"('act_relative', None, None, None)","('other', None, None, None)"
ERISA section 4010,2,"('act_relative', None, None, None)","('other', None, None, None)"
Clean Air Act sec 165,2,"('act_relative', None, None, None)","('other', None, None, None)"
FIFRA sec. 25(a) and 25(b),2,"('act_relative', None, None, None)","('other', None, None, None)"
MMA secs 629 and 811,2,"('act_relative', None, None, None)","('other', None, None, None)"
"""CWA Section 301""",2,"('act_relative', None, None, None)","('other', None, None, None)"
"46 app USC 802, 803, 808, 835, 839, 841a, 114(b), 1195",2,"","('usc', 46, '114', None) | ('usc', 46, '1195', None) | ('usc', 46, '803', None) | ('usc', 46, '808', None) | ('usc', 46, '835', None) | ('usc', 46, '839', None) | ('usc', 46, '841a', None)"
sec 1311,2,"('public_law', None, None, None)","('other', None, None, None)"
1334,2,"('public_law', None, None, None)","('other', None, None, None)"
Sec. 202 of the TWWIIA of 1999,2,"('act_relative', None, None, None)","('other', None, None, None)"
sec.1819(d)(4)(B) and 1919 (d)(4)(B) of the Social Security Act,2,"('act_relative', None, None, None)","('other', None, None, None)"
section 1316 and 1317 of MAP-21 (PL 112 to 141),2,"('act_relative', None, None, None)","('other', None, None, None)"
sec 727,2,"('act_relative', None, None, None)","('other', None, None, None)"
sec 735(b),2,"('public_law', None, None, None)","('other', None, None, None)"
Clean Air Act sec 112(k),2,"('act_relative', None, None, None)","('other', None, None, None)"
"BIPA, sec 613",2,"('act_relative', None, None, None)","('other', None, None, None)"
sec 1102,2,"('act_relative', None, None, None)","('other', None, None, None)"
Sec 13622 of OBRA '93,2,"('act_relative', None, None, None)","('other', None, None, None)"
Sec 1881 of the Social Security Act,2,"('act_relative', None, None, None)","('other', None, None, None)"
Clean Air Act sec 163,2,"('act_relative', None, None, None)","('other', None, None, None)"
Sec 32 of the Agricultural Adjustment Act of 1935,2,"('act_relative', None, None, None)","('other', None, None, None)"
"BIPA, sec 601 to 608",2,"('act_relative', None, None, None)","('other', None, None, None)"
"Medicare Prescription Drug, Improvement and Modernization Act of 2003",2,"('act_relative', None, None, None)","('other', None, None, None)"
"Social Security Act, sec 1905(h)",1,"('act_relative', None, None, None)","('other', None, None, None)"
"SSA, Sec. 1171 to 1179",1,"('act_relative', None, None, None)","('other', None, None, None)"
"Social Security Act, sec 1902(a)(30)",1,"('act_relative', None, None, None)","('other', None, None, None)"
section 1302 of the Foreign Relations Authorization Act,1,"('act_relative', None, None, None)","('other', None, None, None)"
2154,1,"('usc', 12, '2154', None)","('other', None, None, None)"
"Clean Air Act, sec 114(a)(3) and 504(b)",1,"('act_relative', None, None, None)","('other', None, None, None)"
SDWA Sec 1447,1,"('act_relative', None, None, None)","('other', None, None, None)"
Clean Air Act section 176(c),1,"('act_relative', None, None, None)","('other', None, None, None)"
Clean Water Act sec 405(f),1,"('act_relative', None, None, None)","('other', None, None, None)"
"Marine Protection, Research, and Sanctuaries Act sec 2 et seq",1,"('act_relative', None, None, None)","('other', None, None, None)"
Resource Conservation Recovery Act sec 3007,1,"('act_relative', None, None, None)","('other', None, None, None)"
Sections 114 of the Clean Air Act as amended,1,"('act_relative', None, None, None)","('other', None, None, None)"
"Federal Food, Drug, and Cosmetic Act sec 408",1,"('act_relative', None, None, None)","('other', None, None, None)"
Clean Air Act Amendments of 1990 sec 114(a)(3),1,"('act_relative', None, None, None)","('other', None, None, None)"
Section 301(a) of the Clean Air Act as amended,1,"('act_relative', None, None, None)","('other', None, None, None)"
"Clean Air Act Amendments of 1990, title I",1,"('act_relative', None, None, None)","('other', None, None, None)"
Section 302(j) of the Clean Air Act,1,"('act_relative', None, None, None)","('other', None, None, None)"
CAAA sec 301(a)(1),1,"('act_relative', None, None, None)","('other', None, None, None)"
CAAA sec 112(n)(3),1,"('act_relative', None, None, None)","('other', None, None, None)"
TSCA sec 5,1,"('act_relative', None, None, None)","('other', None, None, None)"
CAAA 110(a)(2),1,"('act_relative', None, None, None)","('other', None, None, None)"
"Social Security Act, sec 606",1,"('act_relative', None, None, None)","('other', None, None, None)"
Sec 1833(e) of the Social Security Act,1,"('act_relative', None, None, None)","('other', None, None, None)"
Clean Air Act Section 202 et seq,1,"('act_relative', None, None, None)","('other', None, None, None)"
"Safe Drinking Water Act, sec 1412",1,"('act_relative', None, None, None)","('other', None, None, None)"
"MMA, sec 104",1,"('act_relative', None, None, None)","('other', None, None, None)"
44702 to 44703,1,"('usc', 49, '44702', None)","('other', None, None, None)"
30505,1,"('usc', 49, '30505', None)","('other', None, None, None)"
"Consolidated Appropriations Act, 2018, div. L, tit. IV sec. 410",1,"('act_relative', None, None, None)","('other', None, None, None)"
"Clean Air Act Sections 202, 206, 208, 211",1,"('act_relative', None, None, None)","('other', None, None, None)"
CAA 112(b)(3),1,"('act_relative', None, None, None)","('other', None, None, None)"
Section 321 of the Energy Independence and Security Act of 2007,1,"('act_relative', None, None, None)","('other', None, None, None)"
"sec 4120, Farm Bill of 2008",1,"('act_relative', None, None, None)","('other', None, None, None)"
USC 44705,1,"('usc', 49, '44705', None)","('other', None, None, None)"
3631 et seq,1,"('usc', 16, '3631', None)","('other', None, None, None)"
Section 733 of the Dodd-Frank Wall Street Reform and Consumer Protection Act,1,"('act_relative', None, None, None)","('other', None, None, None)"
Americans With Disabilities Act,1,"('act_relative', None, None, None)","('other', None, None, None)"
sec 153(b),1,"('public_law', None, None, None)","('other', None, None, None)"
Clean Air Act sec 211(K),1,"('act_relative', None, None, None)","('other', None, None, None)"
"sec. 307 Pub. L. 112 to 213, The Coast Guard and Maritime Transportation Act 2012",1,"('act_relative', None, None, None)","('other', None, None, None)"
Pub. L. 89564,1,"('public_law', None, None, None)","('other', None, None, None)"
FNA sec. 5(e)(c),1,"('act_relative', None, None, None)","('other', None, None, None)"
sec. 4(b),1,"('public_law', None, None, None)","('other', None, None, None)"
SDWA sec 1421 to 1425,1,"('act_relative', None, None, None)","('other', None, None, None)"
Section 1833(i)(1) of SSA,1,"('act_relative', None, None, None)","('other', None, None, None)"
"The Agricultural Act of 1949, as amended",1,"('act_relative', None, None, None)","('other', None, None, None)"
5 USC (Ethics in Government Act of 1978),1,"('act_relative', None, None, None)","('other', None, None, None)"
2647,1,"('usc', 15, '2647', None)","('other', None, None, None)"
Sec 2455 of Federal Acquisition Streamlining Act of 1994,1,"('act_relative', None, None, None)","('other', None, None, None)"
sec 203(i),1,"('public_law', None, None, None)","('other', None, None, None)"
Resource Conservation Recovery Act sec 1004,1,"('act_relative', None, None, None)","('other', None, None, None)"
FFDCA 201(q)(3),1,"('act_relative', None, None, None)","('other', None, None, None)"
section 302(j) of the Clean Air Act,1,"('act_relative', None, None, None)","('other', None, None, None)"
CAA sec 163,1,"('act_relative', None, None, None)","('other', None, None, None)"
CAA sec 203,1,"('act_relative', None, None, None)","('other', None, None, None)"
Resource Conservation and Recovery Act,1,"('act_relative', None, None, None)","('other', None, None, None)"
Sec 1905(a)(A) of the Social Security Act,1,"('act_relative', None, None, None)","('other', None, None, None)"
"""Resource Conservation and Recovery Act""",1,"('act_relative', None, None, None)","('other', None, None, None)"
Fish and Seafood Promotion Act,1,"('act_relative', None, None, None)","('other', None, None, None)"
"Social Security Act, sec 1861(S)(7)",1,"('act_relative', None, None, None)","('other', None, None, None)"
SSA 1860D-1(c),1,"('act_relative', None, None, None)","('other', None, None, None)"
Sec 629 of MMA,1,"('act_relative', None, None, None)","('other', None, None, None)"
44903,1,"('usc', 49, '44903', None)","('other', None, None, None)"
"MMA, Section 629",1,"('act_relative', None, None, None)","('other', None, None, None)"
CAA title I parts C and D,1,"('act_relative', None, None, None)","('other', None, None, None)"
"Consolidated Appropriations Act, 2018, div. L, title IV sec. 410",1,"('act_relative', None, None, None)","('other', None, None, None)"
Sec. 303(g) of the Controlled Substances Act (CSA),1,"('act_relative', None, None, None)","('other', None, None, None)"
USC 41706,1,"('usc', 49, '41706', None)","('other', None, None, None)"
"Clean Air Act title V, parts C & D",1,"('act_relative', None, None, None)","('other', None, None, None)"
Administrative Procedure Act sec 553(e),1,"('act_relative', None, None, None)","('other', None, None, None)"
"Social Security Act, sec 1818A(d0(2)",1,"('act_relative', None, None, None)","('other', None, None, None)"
1735f-19,1,"('usc', 12, '1735f-19', None)","('other', None, None, None)"
PHS Act section 2715 (incorporated into ERISA section 715),1,"('act_relative', None, None, None)","('other', None, None, None)"
Sec 321 of the Energy Independence and Security Act of 2007,1,"('act_relative', None, None, None)","('other', None, None, None)"
CAA Section 111(b)(1)(B),1,"('act_relative', None, None, None)","('other', None, None, None)"
section 340B of the Public Health Service Act,1,"('act_relative', None, None, None)","('other', None, None, None)"
sec 172 of the CAA,1,"('act_relative', None, None, None)","('other', None, None, None)"
sec 340B of the Public Health Service Act,1,"('act_relative', None, None, None)","('other', None, None, None)"
Sec. 621,1,"('public_law', None, None, None)","('other', None, None, None)"
OPEN Government Act,1,"('act_relative', None, None, None)","('other', None, None, None)"
"sec. 405 Coast Guard and Maritime Transportation Act of 2012, Pub .L. 112-213",1,"('act_relative', None, None, None)","('other', None, None, None)"
sec. 602 of the Agricultural Trade Act of 1978,1,"('act_relative', None, None, None)","('other', None, None, None)"
sec. 1138 of the Social Security Act,1,"('act_relative', None, None, None)","('other', None, None, None)"
ERISA section 3(16),1,"('act_relative', None, None, None)","('other', None, None, None)"
sec. 103(c),1,"('public_law', None, None, None)","('other', None, None, None)"
sec. 208,1,"('public_law', None, None, None)","('other', None, None, None)"
sec. 217,1,"('public_law', None, None, None)","('other', None, None, None)"
"Balanced Budget Act of 1997, sec 4701 to 4710",1,"('act_relative', None, None, None)","('other', None, None, None)"
Budget and Accounting Act of 1921 as amended,1,"('act_relative', None, None, None)","('other', None, None, None)"
"Clean Air Act Amendments of 1990, section 111",1,"('act_relative', None, None, None)","('other', None, None, None)"
"Clean Air Act Amendments of 1990, sec 183",1,"('act_relative', None, None, None)","('other', None, None, None)"
2625,1,"('usc', 15, '2625', None)","('other', None, None, None)"
Clean Air Act sec 113(d),1,"('act_relative', None, None, None)","('other', None, None, None)"
Resource Conservation Recovery Act sec 6002(e),1,"('act_relative', None, None, None)","('other', None, None, None)"
Clean Water Act,1,"('act_relative', None, None, None)","('other', None, None, None)"
Resource Conservation Recovery Act sec 3004(u),1,"('act_relative', None, None, None)","('other', None, None, None)"
Clean Air Act Amendments of 1990 sec 114,1,"('act_relative', None, None, None)","('other', None, None, None)"
Clean Air Act Amendments of 1990 Title I,1,"('act_relative', None, None, None)","('other', None, None, None)"
Clean Air Act sec 105,1,"('act_relative', None, None, None)","('other', None, None, None)"
Toxic Substances Control Act sec 8(a),1,"('act_relative', None, None, None)","('other', None, None, None)"
Section 114 of the Clean Air Act as amended,1,"('act_relative', None, None, None)","('other', None, None, None)"
"Clean Air Act sec 202(a), sec 211(c), sec 213(a), sec 301(a)",1,"('act_relative', None, None, None)","('other', None, None, None)"
Sec 1834(j)(E) of the Social Security Act,1,"('act_relative', None, None, None)","('other', None, None, None)"
CAA Section 301(a),1,"('act_relative', None, None, None)","('other', None, None, None)"
"Social Security Act, sec 1834(I)(3)(B)",1,"('act_relative', None, None, None)","('other', None, None, None)"
"Social Security Act, Section 1818(d)(2)",1,"('act_relative', None, None, None)","('other', None, None, None)"
"MMA, section 811",1,"('act_relative', None, None, None)","('other', None, None, None)"
44718,1,"('usc', 49, '44718', None)","('other', None, None, None)"
Section 10 of MINER Act,1,"('act_relative', None, None, None)","('other', None, None, None)"
30170,1,"('usc', 49, '30170', None)","('other', None, None, None)"
Section 2001(b)(1) of the American Rescue Plan Act of 2021 (117 Pub. L. 2),1,"('act_relative', None, None, None)","('other', None, None, None)"
Section 2001 of the American Rescue Plan Act of 2021 (117 Pub. L. 2),1,"('act_relative', None, None, None)","('other', None, None, None)"
CWA402,1,"('act_relative', None, None, None)","('other', None, None, None)"
Clean Air Act sec 112 and 111,1,"('act_relative', None, None, None)","('other', None, None, None)"
"46 app USC 802, 803, 808, 835, 839, 841(a), 1114(a), 1195",1,"","('usc', 46, '1114', None) | ('usc', 46, '1195', None) | ('usc', 46, '803', None) | ('usc', 46, '808', None) | ('usc', 46, '835', None) | ('usc', 46, '839', None) | ('usc', 46, '841', None)"
sec 201,1,"('public_law', None, None, None)","('other', None, None, None)"
sec. 31601,1,"('public_law', None, None, None)","('other', None, None, None)"
Section 641A of the Head Start Act,1,"('act_relative', None, None, None)","('other', None, None, None)"
"sec.11301 of the Inflation Reduction Act of 2022, 117 Pub. L. 169",1,"('act_relative', None, None, None)","('other', None, None, None)"
"Spectrum and Secure Technology and Innovation Act,",1,"('act_relative', None, None, None)","('other', None, None, None)"
"secs. 301, 304(b), (c), (e), (g), and (i)(A) and (B), 306(b) and (c), 307(c), 308, 402, 501, Federal Water Pollution Control Act, as amended",1,"('act_relative', None, None, None)","('other', None, None, None)"
"sec 1932, Social Security Act",1,"('act_relative', None, None, None)","('other', None, None, None)"
Clean Air Act Section 110(a)(2)(F),1,"('act_relative', None, None, None)","('other', None, None, None)"
Sec 1862(b)(2)(A) of the Social Security Act,1,"('act_relative', None, None, None)","('other', None, None, None)"
"""CWA 307""",1,"('act_relative', None, None, None)","('other', None, None, None)"
Sec 1612(b) of the Social Security Act,1,"('act_relative', None, None, None)","('other', None, None, None)"
1221e-3(a)(1),1,"('usc', 20, '1221e-3', None)","('other', None, None, None)"
"""Government Paperwork Elimination Act 17""",1,"('act_relative', None, None, None)","('other', None, None, None)"
Section 1893(i)(1) of the Social Security Act as amended by sec. 935(i)(1) of Medicare Modernization Act (MMA),1,"('act_relative', None, None, None)","('other', None, None, None)"
70121,1,"('usc', 49, '70121', None)","('other', None, None, None)"
"Clean Air Act, title I, parts C and D, and sec 111(a)(4)",1,"('act_relative', None, None, None)","('other', None, None, None)"
46 app USC 1279f and 1279g,1,"","('usc', 46, '1279g', None)"
32709,1,"('usc', 49, '32709', None)","('other', None, None, None)"
sec. 14 of the Medicare and Medicaid Patient and Program Protection Act of 1987,1,"('act_relative', None, None, None)","('other', None, None, None)"
"Bipartisan Budget Act of 2015 (BBA), sec. 814",1,"('act_relative', None, None, None)","('other', None, None, None)"
CARES Act,1,"('act_relative', None, None, None)","('other', None, None, None)"
CAA112(f)(2),1,"('act_relative', None, None, None)","('other', None, None, None)"
CAA sec 609,1,"('act_relative', None, None, None)","('other', None, None, None)"
sec.14 of the Medicare and Medicaid Patient and Program Protection Act of 1987,1,"('act_relative', None, None, None)","('other', None, None, None)"
Section 70415 of One Big Beautiful Bill Act,1,"('act_relative', None, None, None)","('other', None, None, None)"
sec 1865(b) of the Social Security Act,1,"('act_relative', None, None, None)","('other', None, None, None)"
Sec 1905(a)(11) of the Social Security Act,1,"('act_relative', None, None, None)","('other', None, None, None)"
"Title V, Violent Crime Control and Law Enforcement Act of 1994",1,"('act_relative', None, None, None)","('other', None, None, None)"
SDWA Sec 1449,1,"('act_relative', None, None, None)","('other', None, None, None)"
Section 1886(d)(5)(F) of the Social Security Act,1,"('act_relative', None, None, None)","('other', None, None, None)"
47111,1,"('usc', 49, '47111', None)","('other', None, None, None)"
47306,1,"('usc', 49, '47306', None)","('other', None, None, None)"
sec 214 of The Homeland Security Act of 2002,1,"('act_relative', None, None, None)","('other', None, None, None)"
sec 1923(a)(2)(D) of the Social Security Act,1,"('act_relative', None, None, None)","('other', None, None, None)"
sec. 504 of the Rehabilitation Act of 19,1,"('act_relative', None, None, None)","('other', None, None, None)"
ALS Disability Insurance Access Act of 2019,1,"('act_relative', None, None, None)","('other', None, None, None)"
sec. 2001(b)(1) of the American Rescue Plan Act of 2021 (117 Pub. L. 2),1,"('act_relative', None, None, None)","('other', None, None, None)"
"Social Security Act, sec 1936 Deficit Reduction Act sec 6034",1,"('act_relative', None, None, None)","('other', None, None, None)"
4513b,1,"('usc', 12, '4513b', None)","('other', None, None, None)"
"sec 1917(b)(1)(C) (iii)(VI), Social Security Act",1,"('act_relative', None, None, None)","('other', None, None, None)"
47101,1,"('usc', 49, '47101', None)","('other', None, None, None)"
"Social Security Act secs 1881, 1861, 1102, 1871",1,"('act_relative', None, None, None)","('other', None, None, None)"
"""Energy Policy Conservation Act (EPCA)""",1,"('act_relative', None, None, None)","('other', None, None, None)"
Leahy-Smith American Invents Act,1,"('act_relative', None, None, None)","('other', None, None, None)"
sec 4g of the CEA,1,"('act_relative', None, None, None)","('other', None, None, None)"
Section 1503 of MAP-21,1,"('act_relative', None, None, None)","('other', None, None, None)"
CAA Sec 129,1,"('act_relative', None, None, None)","('other', None, None, None)"
sec. 32911 of MAP-21,1,"('act_relative', None, None, None)","('other', None, None, None)"
"Bipartisan Budget Act of 2015, section 812",1,"('act_relative', None, None, None)","('other', None, None, None)"
Bipartisan Budget Act of 2015 sec 843,1,"('act_relative', None, None, None)","('other', None, None, None)"
Clean Air Act sec 211(f),1,"('act_relative', None, None, None)","('other', None, None, None)"
Toxic Substances Control Act sec 6(e)(3)(B),1,"('act_relative', None, None, None)","('other', None, None, None)"
Toxic Substances Control Act sec 7,1,"('act_relative', None, None, None)","('other', None, None, None)"
Clean Air Act sec 207,1,"('act_relative', None, None, None)","('other', None, None, None)"
301 CAA as amended,1,"('act_relative', None, None, None)","('other', None, None, None)"
CAA sec 162,1,"('act_relative', None, None, None)","('other', None, None, None)"
CAA sec 168,1,"('act_relative', None, None, None)","('other', None, None, None)"
CAA sec 213(a),1,"('act_relative', None, None, None)","('other', None, None, None)"
CWA 501 (a),1,"('act_relative', None, None, None)","('other', None, None, None)"
RCRA 3001,1,"('act_relative', None, None, None)","('other', None, None, None)"
Sec 1832 of the Social Security Act,1,"('act_relative', None, None, None)","('other', None, None, None)"
Clean Air Act sec 202 et seq,1,"('act_relative', None, None, None)","('other', None, None, None)"
CWA 402(p)(11),1,"('act_relative', None, None, None)","('other', None, None, None)"
"Title XIX of the Social Security Act, secs 1923(f) and (h)",1,"('act_relative', None, None, None)","('other', None, None, None)"
Section 8 of the MINER Act,1,"('act_relative', None, None, None)","('other', None, None, None)"
104-134,1,"('public_law', None, None, None)","('other', None, None, None)"
"46 App USC 1101, 1114(b), 1122(d), 1241",1,"","('usc', 46, '1114', None) | ('usc', 46, '1122', None) | ('usc', 46, '1241', None)"
sec. 481 of the Energy Independence and Security Act of 2007,1,"('act_relative', None, None, None)","('other', None, None, None)"
"5.51, 5.58, 5.61 of the Farm Act",1,"('act_relative', None, None, None)","('other', None, None, None)"
sec 1902 of the Social Security Act (the Act),1,"('act_relative', None, None, None)","('other', None, None, None)"
sec 1101 of the Social Security Act,1,"('act_relative', None, None, None)","('other', None, None, None)"
Section 112(c)(6) of the CAA,1,"('act_relative', None, None, None)","('other', None, None, None)"
Secs 607-608 of BIPA,1,"('act_relative', None, None, None)","('other', None, None, None)"
BIPA 00,1,"('act_relative', None, None, None)","('other', None, None, None)"
Omnibus Transportation Employee Testing Act of 1991,1,"('act_relative', None, None, None)","('other', None, None, None)"
"Clean Water Act, sec. 402(p)(6)",1,"('act_relative', None, None, None)","('other', None, None, None)"
Clean water Act sec 304,1,"('act_relative', None, None, None)","('other', None, None, None)"
Resource Conservation Recovery Act sec 1004(5)(B),1,"('act_relative', None, None, None)","('other', None, None, None)"
Resource Conservation Recovery Act sec 3004(x),1,"('act_relative', None, None, None)","('other', None, None, None)"
Clean Air Act Amendments of 1990 sec 301,1,"('act_relative', None, None, None)","('other', None, None, None)"
611,1,"('act_relative', None, None, None)","('other', None, None, None)"
Clean Air Act sec 176,1,"('act_relative', None, None, None)","('other', None, None, None)"
Clean Air Act sec 216,1,"('act_relative', None, None, None)","('other', None, None, None)"
TSCA sec 4,1,"('act_relative', None, None, None)","('other', None, None, None)"
Homeland Security Act of 2002,1,"('act_relative', None, None, None)","('other', None, None, None)"
"Social Security Act, sec 1902 (a) (54)",1,"('act_relative', None, None, None)","('other', None, None, None)"
"Social Security Act, sec 1903 (i) (10)",1,"('act_relative', None, None, None)","('other', None, None, None)"
"Social Security Act, sec 1927",1,"('act_relative', None, None, None)","('other', None, None, None)"
"Sec 522 of the Medicare, Medicaid, and SCHIP Benefits Improvement and Protection Act of 2000",1,"('act_relative', None, None, None)","('other', None, None, None)"
"""CWA 306""",1,"('act_relative', None, None, None)","('other', None, None, None)"
SSA 1860D-31(h)(8),1,"('act_relative', None, None, None)","('other', None, None, None)"
46318,1,"('usc', 49, '46318', None)","('other', None, None, None)"
Clean Air Act Section 612,1,"('act_relative', None, None, None)","('other', None, None, None)"
TSCA Section 28,1,"('act_relative', None, None, None)","('other', None, None, None)"
"46 USC app 841a, 876",1,"","('usc', 46, '876', None)"
32912,1,"('usc', 49, '32912', None)","('other', None, None, None)"
"(Age Discrimination Act of 1975, as amended)",1,"('act_relative', None, None, None)","('other', None, None, None)"
"Coronavirus Aid, Relief, and Economic Security Act",1,"('act_relative', None, None, None)","('other', None, None, None)"
"Title IV of the Higher Education Act of 1965, as amended.",1,"('act_relative', None, None, None)","('other', None, None, None)"
Sec. 328(a),1,"('public_law', None, None, None)","('other', None, None, None)"
"Bipartisan Budget Act of 2015, sec 831",1,"('act_relative', None, None, None)","('other', None, None, None)"
Social Security Act sec 1886(e),1,"('act_relative', None, None, None)","('other', None, None, None)"
sec 1153(h)(2) of the Social Security Act,1,"('act_relative', None, None, None)","('other', None, None, None)"
CAA 112(r)(7),1,"('act_relative', None, None, None)","('other', None, None, None)"
USC 44710,1,"('usc', 49, '44710', None)","('other', None, None, None)"
Clean Air Act Section 202(a),1,"('act_relative', None, None, None)","('other', None, None, None)"
"Clean Air Act title V, parts C and D",1,"('act_relative', None, None, None)","('other', None, None, None)"
sec 303(b)(6) of the Magnuson-Stevens Fishery Conservation and Management Act,1,"('act_relative', None, None, None)","('other', None, None, None)"
Sec 210(c)(8)(H) of the DoddFrank Wall Street Reform and Consumer Protection Act,1,"('act_relative', None, None, None)","('other', None, None, None)"
"Sec 14005 and 14006, Division A, of the American Recovery and Reinvestment Act of 2009",1,"('act_relative', None, None, None)","('other', None, None, None)"
section 20012(b)(5) of MAP-21,1,"('act_relative', None, None, None)","('other', None, None, None)"
"MMA, sec. 629",1,"('act_relative', None, None, None)","('other', None, None, None)"
114-74 sec. 701,1,"('public_law', None, None, None)","('other', None, None, None)"
Section 701(b)(1)(a),1,"('public_law', None, None, None)","('other', None, None, None)"
"BBA, sec 4422(a)(1)",1,"('act_relative', None, None, None)","('other', None, None, None)"
BIPA sec 701,1,"('act_relative', None, None, None)","('other', None, None, None)"
26 274(d),1,"('usc', 26, '274', None)","('other', None, None, None)"
Section 1833(i)(2) of SSA,1,"('act_relative', None, None, None)","('other', None, None, None)"
"The Social Security Act, sec 1905(h)",1,"('act_relative', None, None, None)","('other', None, None, None)"
Stat. 855,1,"('statute_at_large', None, None, None)","('other', None, None, None)"
"Foreign Affairs Reform and Restructuring Act of 1998, PL",1,"('act_relative', None, None, None)","('other', None, None, None)"
Federal Acquisition Streamlining Act of 1994,1,"('act_relative', None, None, None)","('other', None, None, None)"
136i(e),1,"('usc', 7, '136i', None)","('other', None, None, None)"
Sec 112 of the Clean Air Act,1,"('act_relative', None, None, None)","('other', None, None, None)"
CAA 602,1,"('act_relative', None, None, None)","('other', None, None, None)"
Clean Air Act sec 201,1,"('act_relative', None, None, None)","('other', None, None, None)"
CAA sec 109,1,"('act_relative', None, None, None)","('other', None, None, None)"
CAA sec 169,1,"('act_relative', None, None, None)","('other', None, None, None)"
CAAA 301(a)(1),1,"('act_relative', None, None, None)","('other', None, None, None)"
Sec 205(c)(2) of the Social Security Act,1,"('act_relative', None, None, None)","('other', None, None, None)"
"Social Security Act, sec 612",1,"('act_relative', None, None, None)","('other', None, None, None)"
Sec 1815(a) of the Social Security Act,1,"('act_relative', None, None, None)","('other', None, None, None)"
Sec 1154 of the Social Security Act,1,"('act_relative', None, None, None)","('other', None, None, None)"
Sec 1159 of the Social Security Act,1,"('act_relative', None, None, None)","('other', None, None, None)"
"BIPA, sec 221",1,"('act_relative', None, None, None)","('other', None, None, None)"
"Social Security Act, section 1813 (b)(2)",1,"('act_relative', None, None, None)","('other', None, None, None)"
47106,1,"('usc', 49, '47106', None)","('other', None, None, None)"
"Clean Air Act, title I parts C and D and sec 111(a)(4)",1,"('act_relative', None, None, None)","('other', None, None, None)"
"Social Security Act, sec. 1936, Deficit Reduction Act, sec. 6034",1,"('act_relative', None, None, None)","('other', None, None, None)"
sec 1886(e),1,"('act_relative', None, None, None)","('other', None, None, None)"
MCSA 1984,1,"('act_relative', None, None, None)","('other', None, None, None)"
sec. 872,1,"('public_law', None, None, None)","('other', None, None, None)"
CAA section 307(d)(7)(B),1,"('act_relative', None, None, None)","('other', None, None, None)"
Safe Drinking Water Act 1421 to 1425,1,"('act_relative', None, None, None)","('other', None, None, None)"
Secs 601-605 of BIPA,1,"('act_relative', None, None, None)","('other', None, None, None)"
Sec 634 of BIPA,1,"('act_relative', None, None, None)","('other', None, None, None)"
1861(s)(2)(B),1,"('act_relative', None, None, None)","('other', None, None, None)"
"Social Security Act, sec 1861(s)(2)(B)",1,"('act_relative', None, None, None)","('other', None, None, None)"
"The Agricultural Act of 1949, sec 105B(g), as amended",1,"('act_relative', None, None, None)","('other', None, None, None)"
CWA section 301(k),1,"('act_relative', None, None, None)","('other', None, None, None)"
Section 112 of the Clean Air Act,1,"('act_relative', None, None, None)","('other', None, None, None)"
Clean Air Act sec 611,1,"('act_relative', None, None, None)","('other', None, None, None)"
Toxic Substances Control Act sec 404,1,"('act_relative', None, None, None)","('other', None, None, None)"
"Pollution Prevention Act, etc.",1,"('act_relative', None, None, None)","('other', None, None, None)"
Child Support Performance and Incentive Act of 1998,1,"('act_relative', None, None, None)","('other', None, None, None)"
CAA section 111,1,"('act_relative', None, None, None)","('other', None, None, None)"
CAA sec 112 (d),1,"('act_relative', None, None, None)","('other', None, None, None)"
CAA sec 165,1,"('act_relative', None, None, None)","('other', None, None, None)"
TSCA sec 6(e),1,"('act_relative', None, None, None)","('other', None, None, None)"
SDWA 1412(b)(8),1,"('act_relative', None, None, None)","('other', None, None, None)"
Sec 124 of the Social Security Act,1,"('act_relative', None, None, None)","('other', None, None, None)"
Section 405(d) and (e) of the Clean Water Act,1,"('act_relative', None, None, None)","('other', None, None, None)"
Sec 1902 (a)(6) of the Social Security Act,1,"('act_relative', None, None, None)","('other', None, None, None)"
"""Small Business Paperwork Relief Act of 2002""",1,"('act_relative', None, None, None)","('other', None, None, None)"
"Social Security Act, sec 1152",1,"('act_relative', None, None, None)","('other', None, None, None)"
44725,1,"('usc', 49, '44725', None)","('other', None, None, None)"
46501 to 46502,1,"('usc', 49, '46501', None)","('other', None, None, None)"
Clean Air Act title II,1,"('act_relative', None, None, None)","('other', None, None, None)"
PPA,1,"('act_relative', None, None, None)","('other', None, None, None)"
"Social Security Act, secs. 1902(a)(61), 1903(a)(6), 1903(b)(3) and 1903(g)",1,"('act_relative', None, None, None)","('other', None, None, None)"
40701 to 40706,1,"('usc', 46, '40701', None)","('other', None, None, None)"
1324a,1,"('usc', 8, '1324a', None)","('other', None, None, None)"
"Social Security Act, sec 1818A60(2)",1,"('act_relative', None, None, None)","('other', None, None, None)"
"Social Security Act, sec 1936",1,"('act_relative', None, None, None)","('other', None, None, None)"
CAA 107(d),1,"('act_relative', None, None, None)","('other', None, None, None)"
4519g,1,"('usc', 12, '4519g', None)","('other', None, None, None)"
Section 504 of the Rehabilitation Act of 1973,1,"('act_relative', None, None, None)","('other', None, None, None)"
CAA sec 211(h),1,"('act_relative', None, None, None)","('other', None, None, None)"
"Social security Act, sec 1102",1,"('act_relative', None, None, None)","('other', None, None, None)"
"Social Security Act, sec1866(j)(2)(C)(i)(II)",1,"('act_relative', None, None, None)","('other', None, None, None)"
Poultry Products Inspection Act,1,"('act_relative', None, None, None)","('other', None, None, None)"
"Clean Air Act, sec 126",1,"('act_relative', None, None, None)","('other', None, None, None)"
694b,1,"('usc', 15, '694b', None)","('other', None, None, None)"
Consolidated Appropriations Act of 2014,1,"('act_relative', None, None, None)","('other', None, None, None)"
Occupational Safety and Health Act of 1970,1,"('act_relative', None, None, None)","('other', None, None, None)"
"111-216, sec. 206",1,"('public_law', None, None, None)","('other', None, None, None)"
30104,1,"('usc', 52, '30104', None)","('other', None, None, None)"
30107(a)(8),1,"('usc', 52, '30107', None)","('other', None, None, None)"
Clean Air Act sec. 111(b)(1)(B),1,"('act_relative', None, None, None)","('other', None, None, None)"
sec. 161,1,"('public_law', None, None, None)","('other', None, None, None)"
"Sec 1902(a)(30), Social Security Act",1,"('act_relative', None, None, None)","('other', None, None, None)"
Childrens's Health Act of 2000,1,"('act_relative', None, None, None)","('other', None, None, None)"
"Social Security Act, sec 1932",1,"('act_relative', None, None, None)","('other', None, None, None)"
CAA as amended title I,1,"('act_relative', None, None, None)","('other', None, None, None)"
"The Social Security Act, sec 1905(a)(16)",1,"('act_relative', None, None, None)","('other', None, None, None)"
Budget and Accounting Procedures Act of 1950 as amended,1,"('act_relative', None, None, None)","('other', None, None, None)"
Clean Air Act section 169A,1,"('act_relative', None, None, None)","('other', None, None, None)"
136j,1,"('usc', 7, '136j', None)","('other', None, None, None)"
Clean Air Act sections 160-169,1,"('act_relative', None, None, None)","('other', None, None, None)"
Superfund (CERCLA) sec 117,1,"('act_relative', None, None, None)","('other', None, None, None)"
Resource Conservation Recovery Act sec 4005,1,"('act_relative', None, None, None)","('other', None, None, None)"
Resource Conservation Recovery Act sec 3002(a)(5),1,"('act_relative', None, None, None)","('other', None, None, None)"
Resource Conservation Recovery Act sec 3003(a)(3),1,"('act_relative', None, None, None)","('other', None, None, None)"
Clean Water Act sec 306 to 308,1,"('act_relative', None, None, None)","('other', None, None, None)"
Clean Air Act sec 183,1,"('act_relative', None, None, None)","('other', None, None, None)"
Clean Air Act secs 160 to 169,1,"('act_relative', None, None, None)","('other', None, None, None)"
CAAA sec 112(e)(5),1,"('act_relative', None, None, None)","('other', None, None, None)"
CAA sec 202(a),1,"('act_relative', None, None, None)","('other', None, None, None)"
"Social Security Act, sec 1902(a)(4)",1,"('act_relative', None, None, None)","('other', None, None, None)"
"Section 405(d)""and (e) of the Clean Water Act""",1,"('act_relative', None, None, None)","('other', None, None, None)"
Sec 1902(a)(6) of the Social Security Act,1,"('act_relative', None, None, None)","('other', None, None, None)"
Section 303(e)(2) of the MMA,1,"('act_relative', None, None, None)","('other', None, None, None)"
"Social Security Act, section 1818 A(d)(2)",1,"('act_relative', None, None, None)","('other', None, None, None)"
SSA 1860D-31(h)(7)(B),1,"('act_relative', None, None, None)","('other', None, None, None)"
Sec 811 of MMA,1,"('act_relative', None, None, None)","('other', None, None, None)"
"Energy Policy Act of 2005, Sec 353",1,"('act_relative', None, None, None)","('other', None, None, None)"
47122,1,"('usc', 49, '47122', None)","('other', None, None, None)"
47531 to 47532,1,"('usc', 49, '47531', None)","('other', None, None, None)"
"DRA, Section 511",1,"('act_relative', None, None, None)","('other', None, None, None)"
"FAST ACT, sec. 5403",1,"('act_relative', None, None, None)","('other', None, None, None)"
CAA Section 129,1,"('act_relative', None, None, None)","('other', None, None, None)"
Sec 13407 of the American Recovery and Reinvestment Act of 2009,1,"('act_relative', None, None, None)","('other', None, None, None)"
sec 302(s) of the CAA,1,"('act_relative', None, None, None)","('other', None, None, None)"
MCA of 1935,1,"('act_relative', None, None, None)","('other', None, None, None)"
"Social Security Act, Sec 1115A",1,"('act_relative', None, None, None)","('other', None, None, None)"
CAA sec 112(b)(3),1,"('act_relative', None, None, None)","('other', None, None, None)"
USC 5318A,1,"('usc', 31, '5318a', None)","('other', None, None, None)"
Social Security Act 1631(a)(2)(F)(i),1,"('act_relative', None, None, None)","('other', None, None, None)"
sec. 1431,1,"('public_law', None, None, None)","('other', None, None, None)"
Section 70204 of OBBBA,1,"('act_relative', None, None, None)","('other', None, None, None)"
"Social Security Act, sec 1905(a)(16)",1,"('act_relative', None, None, None)","('other', None, None, None)"
sec. 202,1,"('public_law', None, None, None)","('other', None, None, None)"
"Sec 4701 to 4710, Balanced Budget Act of 1997",1,"('act_relative', None, None, None)","('other', None, None, None)"
Section 831-834 American Homeownership and Economic Opportunity Act of 2000,1,"('act_relative', None, None, None)","('other', None, None, None)"
"Clean Air Act Amendments of 1990, section 183(e) and 112",1,"('act_relative', None, None, None)","('other', None, None, None)"
Clean Air Act 160-169,1,"('act_relative', None, None, None)","('other', None, None, None)"
Safe Drinking Water Act sec 1421 to 1425,1,"('act_relative', None, None, None)","('other', None, None, None)"
Resource Conservation Recovery Act sec 3001(b)(3),1,"('act_relative', None, None, None)","('other', None, None, None)"
Clean Air Act sec 112(c)(3),1,"('act_relative', None, None, None)","('other', None, None, None)"
302(j) of the Clean Air Act,1,"('act_relative', None, None, None)","('other', None, None, None)"
Toxic Substances Control Act sec 12,1,"('act_relative', None, None, None)","('other', None, None, None)"
CAA sec 161,1,"('act_relative', None, None, None)","('other', None, None, None)"
CAA sec 211(c),1,"('act_relative', None, None, None)","('other', None, None, None)"
FIFRA sec 3,1,"('act_relative', None, None, None)","('other', None, None, None)"
Sections 1902 (a)(6) of the Social Security Act,1,"('act_relative', None, None, None)","('other', None, None, None)"
"Medicare, Medicaid and SCHIP Benefits Improvement and Protection Act of 2000",1,"('act_relative', None, None, None)","('other', None, None, None)"
"""CWA 501 (a)""",1,"('act_relative', None, None, None)","('other', None, None, None)"
"Sec 1860D-31, Social Security Act",1,"('act_relative', None, None, None)","('other', None, None, None)"
PL 108 to 199,1,"('public_law', None, None, None)","('other', None, None, None)"
"Social Security Act, sec 1153(i)",1,"('act_relative', None, None, None)","('other', None, None, None)"
"Social Security Act, sec. 1864(e)",1,"('act_relative', None, None, None)","('other', None, None, None)"
CMVSA 1986,1,"('act_relative', None, None, None)","('other', None, None, None)"
"Bipartisan Budget Act of 2015, Sec. 834",1,"('act_relative', None, None, None)","('other', None, None, None)"
"Social Security Act, sec 1818(d0(2)",1,"('act_relative', None, None, None)","('other', None, None, None)"
TSCA section 5(a),1,"('act_relative', None, None, None)","('other', None, None, None)"
"Social Security Act, Sec 1902 (a) (32)",1,"('act_relative', None, None, None)","('other', None, None, None)"
sec 3401(h),1,"('public_law', None, None, None)","('other', None, None, None)"
"Section 455(h) of the Higher Education Act of 1965, as amended",1,"('act_relative', None, None, None)","('other', None, None, None)"
sec. 943,1,"('public_law', None, None, None)","('other', None, None, None)"
sec. 7214 of the Agricultural Act of 2014,1,"('act_relative', None, None, None)","('other', None, None, None)"
Security and Accountability for Every (SAFE) Port Act of 2006,1,"('act_relative', None, None, None)","('other', None, None, None)"
CAA Section 112(d)(6),1,"('act_relative', None, None, None)","('other', None, None, None)"
Clean Air Act sec112,1,"('act_relative', None, None, None)","('other', None, None, None)"
Clean Air Act 211,1,"('act_relative', None, None, None)","('other', None, None, None)"
"sec 13, Food and Nutrition Act of 2008",1,"('act_relative', None, None, None)","('other', None, None, None)"
title XXI of the Social Security Act,1,"('act_relative', None, None, None)","('other', None, None, None)"
CEA section 4a(a)(7),1,"('act_relative', None, None, None)","('other', None, None, None)"
CEA secs 4r(a),1,"('act_relative', None, None, None)","('other', None, None, None)"
Federal Hazardous Substance Act,1,"('act_relative', None, None, None)","('other', None, None, None)"
Pub. L. 113 to 160,1,"('public_law', None, None, None)","('other', None, None, None)"
Tuna Conventions Act,1,"('act_relative', None, None, None)","('other', None, None, None)"
"Section 1502 of the Elementary and Secondary Education Act of 1965, (ESEA), as amended by the No Child Left Behind Act of 2001",1,"('act_relative', None, None, None)","('other', None, None, None)"
ERISA sec 4010,1,"('act_relative', None, None, None)","('other', None, None, None)"
Bipartisan Budget Act of 2015 sec 834,1,"('act_relative', None, None, None)","('other', None, None, None)"
"Omnibus Budget Reconciliation Act of 1990 (OBRA), sec. 4360",1,"('act_relative', None, None, None)","('other', None, None, None)"
sec. 5508 of the Affordable Care Act,1,"('act_relative', None, None, None)","('other', None, None, None)"
"INA sec. 286(m),",1,"('act_relative', None, None, None)","('other', None, None, None)"
Section 70204 of One Big Beautiful Bill Act,1,"('act_relative', None, None, None)","('other', None, None, None)"
Spectrum and Secure Technology and Innovation Act,1,"('act_relative', None, None, None)","('other', None, None, None)"
sec. 103(e),1,"('public_law', None, None, None)","('other', None, None, None)"
BIPA' 00,1,"('act_relative', None, None, None)","('other', None, None, None)"
Sec 522 of BIPA,1,"('act_relative', None, None, None)","('other', None, None, None)"
BBA 97,1,"('act_relative', None, None, None)","('other', None, None, None)"
"Workforce Investment Act of 1998, sec 189(a)",1,"('act_relative', None, None, None)","('other', None, None, None)"
"Clean Water Act sec 307, 402, 501",1,"('act_relative', None, None, None)","('other', None, None, None)"
CWA sec 312(f)(4)(B),1,"('act_relative', None, None, None)","('other', None, None, None)"
Section 182(a)(2)(B)ii and 301(a)(1) of the Clean Air Act,1,"('act_relative', None, None, None)","('other', None, None, None)"
sec 203(i) of the Clean Air Act Amendments of 1990,1,"('act_relative', None, None, None)","('other', None, None, None)"
"Federal Insecticide, Fungicide, and Rodenticide Act sec 8",1,"('act_relative', None, None, None)","('other', None, None, None)"
Resource Conservation Recovery Act sec 4004,1,"('act_relative', None, None, None)","('other', None, None, None)"
EPCRA,1,"('act_relative', None, None, None)","('other', None, None, None)"
Sections 211(a)(b)(c)(l) of the Clean Air Act as amended,1,"('act_relative', None, None, None)","('other', None, None, None)"
CAA sec 247,1,"('act_relative', None, None, None)","('other', None, None, None)"
TSCA sec 12,1,"('act_relative', None, None, None)","('other', None, None, None)"
"Social Security Act, sec 1905 (a) (12)",1,"('act_relative', None, None, None)","('other', None, None, None)"
8065a,1,"('usc', 20, '8065a', None)","('other', None, None, None)"
"Social Security Act, section 1839",1,"('act_relative', None, None, None)","('other', None, None, None)"
"MMA, section 629",1,"('act_relative', None, None, None)","('other', None, None, None)"
Section 942(b) of the MMA,1,"('act_relative', None, None, None)","('other', None, None, None)"
"Social Security Act, section 1818(d)(2)",1,"('act_relative', None, None, None)","('other', None, None, None)"
sec 4113 of SAFETEA-LU,1,"('act_relative', None, None, None)","('other', None, None, None)"
32507,1,"('usc', 49, '32507', None)","('other', None, None, None)"
Section 504 of the Rehabilitation Act of 19,1,"('act_relative', None, None, None)","('other', None, None, None)"
"Consolidated Appropriations Act, 2022, Division O, sec. 204",1,"('act_relative', None, None, None)","('other', None, None, None)"
"Clean Air Act, title I, parts C and D and Section 111(a)(4)",1,"('act_relative', None, None, None)","('other', None, None, None)"
sec 110(a) of the Clean Air Act,1,"('act_relative', None, None, None)","('other', None, None, None)"
"sec 6(k), Food and Nutrition Act of 2008",1,"('act_relative', None, None, None)","('other', None, None, None)"
715s,1,"('usc', 16, '715s', None)","('other', None, None, None)"
49 10708,1,"('usc', 49, '10708', None)","('other', None, None, None)"
Section 723(c)(3) of the Dodd-Frank Wall Street Reform and Consumer Protection Act,1,"('act_relative', None, None, None)","('other', None, None, None)"
CAA sec 301D,1,"('act_relative', None, None, None)","('other', None, None, None)"
"Clean Air Act, title II",1,"('act_relative', None, None, None)","('other', None, None, None)"
CEA section 4a(a),1,"('act_relative', None, None, None)","('other', None, None, None)"
Social Security Act secs 1102 and 1871,1,"('act_relative', None, None, None)","('other', None, None, None)"
"sec 515(d)(6) of the Federal Food, Drug, and Cosmetic Act",1,"('act_relative', None, None, None)","('other', None, None, None)"
CAA Sec 111,1,"('act_relative', None, None, None)","('other', None, None, None)"
PHS Act section 2708 (incorporated into ERISA section 715),1,"('act_relative', None, None, None)","('other', None, None, None)"
Sec 621,1,"('public_law', None, None, None)","('other', None, None, None)"
sec. 3001(c0(5) of the Public Health Service Act,1,"('act_relative', None, None, None)","('other', None, None, None)"
sec. 601,1,"('public_law', None, None, None)","('other', None, None, None)"
sec. 41009,1,"('public_law', None, None, None)","('other', None, None, None)"
sec 340E PHSA,1,"('act_relative', None, None, None)","('other', None, None, None)"
"Longshore and Harbor Workers' Compensation Act, as amended",1,"('act_relative', None, None, None)","('other', None, None, None)"
"sec 721(a)(21), 723 and 733 of the Dodd-Frank Wall Street Reform and Consumer Protection Act  Commodity Exchange Act (the Act) secs: 1a(50), 5h, and sec 8a(5) of the Act",1,"('act_relative', None, None, None)","('other', None, None, None)"
Superfund (CERCLA) sec 311,1,"('act_relative', None, None, None)","('other', None, None, None)"
CWA 312(n),1,"('act_relative', None, None, None)","('other', None, None, None)"
1834(I)(3)(B),1,"('act_relative', None, None, None)","('other', None, None, None)"
"ERISA sec. 502(a)(2), (a)(5), and 506(b)",1,"('act_relative', None, None, None)","('other', None, None, None)"
"Social Security Act, sec 1861(e)",1,"('act_relative', None, None, None)","('other', None, None, None)"
Superfund (CERCLA) sec 105,1,"('act_relative', None, None, None)","('other', None, None, None)"
Clean Air Act title I and title V,1,"('act_relative', None, None, None)","('other', None, None, None)"
PL 111 148,1,"('public_law', None, None, None)","('other', None, None, None)"
CAAA section 110,1,"('act_relative', None, None, None)","('other', None, None, None)"
CAA 176(c),1,"('act_relative', None, None, None)","('other', None, None, None)"
CAA sec 302(j),1,"('act_relative', None, None, None)","('other', None, None, None)"
Sec 4(f) of the Fair Labor Standards Act of 1939 as amended,1,"('act_relative', None, None, None)","('other', None, None, None)"
5401-5405,1,"('public_law', None, None, None)","('other', None, None, None)"
sec. 3207 of the Agricultural Act of 2014,1,"('act_relative', None, None, None)","('other', None, None, None)"
Pub. L. 112 to 81,1,"('public_law', None, None, None)","('other', None, None, None)"
USC 40119,1,"('usc', 49, '40119', None)","('other', None, None, None)"
sec 126,1,"('act_relative', None, None, None)","('other', None, None, None)"
CAA sec 167,1,"('act_relative', None, None, None)","('other', None, None, None)"
Energy Policy Conservation Act (EPCA),1,"('act_relative', None, None, None)","('other', None, None, None)"
Safe Drinking Water Act sec 1421,1,"('act_relative', None, None, None)","('other', None, None, None)"
Pub. L. 114 to 92,1,"('public_law', None, None, None)","('other', None, None, None)"
CWA 402(p)(4),1,"('act_relative', None, None, None)","('other', None, None, None)"
"Workforce Investment Act of 1998, section 506c",1,"('act_relative', None, None, None)","('other', None, None, None)"
Military Commercial Driver's License Act of 2012,1,"('act_relative', None, None, None)","('other', None, None, None)"
PHS Act section 2713 (incorporated into ERISA section 715),1,"('act_relative', None, None, None)","('other', None, None, None)"
Trade Facilitation and Trade Enforcement Act of 2015,1,"('act_relative', None, None, None)","('other', None, None, None)"
CAA 160-169,1,"('act_relative', None, None, None)","('other', None, None, None)"
CEA sec 4c(a)(5),1,"('act_relative', None, None, None)","('other', None, None, None)"
CAA sec 112(l),1,"('act_relative', None, None, None)","('other', None, None, None)"
sec. 201(C),1,"('public_law', None, None, None)","('other', None, None, None)"
sec. 214,1,"('public_law', None, None, None)","('other', None, None, None)"
BBA 1997,1,"('act_relative', None, None, None)","('other', None, None, None)"
"title XIX of the Social Security Act, secs 1923(f) and (h)",1,"('act_relative', None, None, None)","('other', None, None, None)"
1842(o),1,"('act_relative', None, None, None)","('other', None, None, None)"
Section 1832(a)(2)(F) of SSA,1,"('act_relative', None, None, None)","('other', None, None, None)"
Sec 307(b) of BIPA 2000,1,"('act_relative', None, None, None)","('other', None, None, None)"
TSCA 206,1,"('act_relative', None, None, None)","('other', None, None, None)"
"The Agricultural Adjustment Act of 1938, sec 379, as amended",1,"('act_relative', None, None, None)","('other', None, None, None)"
"""Clean Air Act 211(k)""",1,"('act_relative', None, None, None)","('other', None, None, None)"
Servicemember Quality of Life Improvement and National Defense Authorization Act for Fiscal Year 2025,1,"('act_relative', None, None, None)","('other', None, None, None)"
Resource Conservation Recovery Act sec 7004(a),1,"('act_relative', None, None, None)","('other', None, None, None)"
FIFRA sec 19,1,"('act_relative', None, None, None)","('other', None, None, None)"
"Social Security Act, sec 605",1,"('act_relative', None, None, None)","('other', None, None, None)"
"Social Security Act, sec 615 to 617",1,"('act_relative', None, None, None)","('other', None, None, None)"
Sec 1814(i)(A) of the Social Security Act,1,"('act_relative', None, None, None)","('other', None, None, None)"
"Social Security Act, sec 1860D-31",1,"('act_relative', None, None, None)","('other', None, None, None)"
"""Clean Air Act""",1,"('act_relative', None, None, None)","('other', None, None, None)"
Social Security Act section 1813 (b) (2),1,"('act_relative', None, None, None)","('other', None, None, None)"
44904,1,"('usc', 49, '44904', None)","('other', None, None, None)"
"""Clean Air Act sec 112(b)(3)""",1,"('act_relative', None, None, None)","('other', None, None, None)"
46301 to 46316,1,"('usc', 49, '46301', None)","('other', None, None, None)"
46504 to 46507,1,"('usc', 49, '46504', None)","('other', None, None, None)"
"Sec 1895 of the Social Security Act,",1,"('act_relative', None, None, None)","('other', None, None, None)"
"Clean Air Act sec 609, title VI",1,"('act_relative', None, None, None)","('other', None, None, None)"
47508,1,"('usc', 49, '47508', None)","('other', None, None, None)"
"MMA, Section 811",1,"('act_relative', None, None, None)","('other', None, None, None)"
CERCLA,1,"('act_relative', None, None, None)","('other', None, None, None)"
"Social Security Act, sec. 1776,",1,"('act_relative', None, None, None)","('other', None, None, None)"
Families First Coronavirus Response Act,1,"('act_relative', None, None, None)","('other', None, None, None)"
SDWA Section 1425,1,"('act_relative', None, None, None)","('other', None, None, None)"
Section 403 of the 2018 FAA Reauthorization Act,1,"('act_relative', None, None, None)","('other', None, None, None)"
sec 409(b)(3) of the Federal Deposit Insurance Corporation Improvement Act,1,"('act_relative', None, None, None)","('other', None, None, None)"
sec. 1101(b) of the Fast Act,1,"('act_relative', None, None, None)","('other', None, None, None)"
"Energy Policy Act of 2005, sec 353",1,"('act_relative', None, None, None)","('other', None, None, None)"
"Clean Air Act Amendments of 1990, section 504(b)",1,"('act_relative', None, None, None)","('other', None, None, None)"
CAA sec 211(k)(6),1,"('act_relative', None, None, None)","('other', None, None, None)"
301,1,"('act_relative', None, None, None)","('other', None, None, None)"
Toxic Substances Control Act sec 8(e),1,"('act_relative', None, None, None)","('other', None, None, None)"
Section 32911 of MAP-21,1,"('act_relative', None, None, None)","('other', None, None, None)"
Section 1902(xx) of the Social Security Act,1,"('act_relative', None, None, None)","('other', None, None, None)"
TSCA 402,1,"('act_relative', None, None, None)","('other', None, None, None)"
Noise Control Act of 1972 sec 8,1,"('act_relative', None, None, None)","('other', None, None, None)"
CAA 112(k),1,"('act_relative', None, None, None)","('other', None, None, None)"
Secs 611-613 of BIPA,1,"('act_relative', None, None, None)","('other', None, None, None)"
"Federal Insecticide, Fungicide, and Rodenticide Act sec 19",1,"('act_relative', None, None, None)","('other', None, None, None)"
CAA title VI,1,"('act_relative', None, None, None)","('other', None, None, None)"
CAA Sec 110(a)(2)(d),1,"('act_relative', None, None, None)","('other', None, None, None)"
FIFRA,1,"('act_relative', None, None, None)","('other', None, None, None)"
CAA Section 114,1,"('act_relative', None, None, None)","('other', None, None, None)"
Section 12314,1,"('public_law', None, None, None)","('other', None, None, None)"
sec 3207 of the Agricultural Act of 2014,1,"('act_relative', None, None, None)","('other', None, None, None)"
sec. 1101(a)(3),1,"('public_law', None, None, None)","('other', None, None, None)"
Social Security Act sec 1881,1,"('act_relative', None, None, None)","('other', None, None, None)"
sec. 1347,1,"('public_law', None, None, None)","('other', None, None, None)"
Sec 205(i) of the Social Security Act,1,"('act_relative', None, None, None)","('other', None, None, None)"
Sec. 521,1,"('public_law', None, None, None)","('other', None, None, None)"
Section 412(a)(9) of the Immigration and Nationality Act,1,"('act_relative', None, None, None)","('other', None, None, None)"
CAA sec 176(c),1,"('act_relative', None, None, None)","('other', None, None, None)"
Employee Retirement Income Security Act of 1974,1,"('act_relative', None, None, None)","('other', None, None, None)"
ERISA sec 734,1,"('act_relative', None, None, None)","('other', None, None, None)"
sec. 20012(b)(5) of MAP-21,1,"('act_relative', None, None, None)","('other', None, None, None)"
Section 7214 of the Agricultural Act of 2014,1,"('act_relative', None, None, None)","('other', None, None, None)"
"MMA, sec. 811",1,"('act_relative', None, None, None)","('other', None, None, None)"
Sec. 701 Bipartisan Budget Act of 2015,1,"('act_relative', None, None, None)","('other', None, None, None)"
TSCA 407,1,"('act_relative', None, None, None)","('other', None, None, None)"
"Social Security Act, sec 620 to 623",1,"('act_relative', None, None, None)","('other', None, None, None)"
1861(S)(7),1,"('act_relative', None, None, None)","('other', None, None, None)"
Sec 1866 of the Social Security Act,1,"('act_relative', None, None, None)","('other', None, None, None)"
Sec 307(b) of the BIPA 2000,1,"('act_relative', None, None, None)","('other', None, None, None)"
"Safe, Accountable, Flexible, Efficient Transportation Equity Act: A Legacy for Users",1,"('act_relative', None, None, None)","('other', None, None, None)"
Clean Air Act Section 129,1,"('act_relative', None, None, None)","('other', None, None, None)"
"46 app USC 808, 839, 802, 803, 835, 841(a), 1114(b), 1195",1,"","('usc', 46, '1114', None) | ('usc', 46, '1195', None) | ('usc', 46, '802', None) | ('usc', 46, '803', None) | ('usc', 46, '835', None) | ('usc', 46, '839', None) | ('usc', 46, '841', None)"
CAA sec 172(a),1,"('act_relative', None, None, None)","('other', None, None, None)"
Section 1886 (d)(5)(F) of the Social Security Act,1,"('act_relative', None, None, None)","('other', None, None, None)"
"Social Security Act, sec 1153",1,"('act_relative', None, None, None)","('other', None, None, None)"
Section 1834(1) of the Social Security Act (the Act).,1,"('act_relative', None, None, None)","('other', None, None, None)"
sec723(c)(3) of the Dodd-Frank Wall Street Reform and Consumer Protection Act,1,"('act_relative', None, None, None)","('other', None, None, None)"
Clean Air Act Title IV,1,"('act_relative', None, None, None)","('other', None, None, None)"
SSA 1851(d)(1),1,"('act_relative', None, None, None)","('other', None, None, None)"
CAA Section 231,1,"('act_relative', None, None, None)","('other', None, None, None)"
Resource Conservation Recovery Act sec 3001(b)(3)(C),1,"('act_relative', None, None, None)","('other', None, None, None)"
CAA 126,1,"('act_relative', None, None, None)","('other', None, None, None)"
"title IV of the Higher Education Act of 1965, as amended",1,"('act_relative', None, None, None)","('other', None, None, None)"
SDWA Section 1422,1,"('act_relative', None, None, None)","('other', None, None, None)"
Clean Water Act sec 118,1,"('act_relative', None, None, None)","('other', None, None, None)"
Virus-Serum-Toxin Act,1,"('act_relative', None, None, None)","('other', None, None, None)"
sec 32 of the Agricultural Adjustment Act of 1935,1,"('act_relative', None, None, None)","('other', None, None, None)"
Section 4 of the MINER Act,1,"('act_relative', None, None, None)","('other', None, None, None)"
46506 to 46507,1,"('usc', 49, '46506', None)","('other', None, None, None)"
sec 1923(a)(2)(D)of the Social Security Act,1,"('act_relative', None, None, None)","('other', None, None, None)"
Clean Air Act Amendments of 1990 title I,1,"('act_relative', None, None, None)","('other', None, None, None)"
Sec 321 of the Energy Independence and Security Act of 2007 (EISA),1,"('act_relative', None, None, None)","('other', None, None, None)"
CAAA 112(n)(3),1,"('act_relative', None, None, None)","('other', None, None, None)"
"DRA, sec. 5111",1,"('act_relative', None, None, None)","('other', None, None, None)"
"Clean Water Act, sec 405(d) and (e)",1,"('act_relative', None, None, None)","('other', None, None, None)"
CAA sec 307(b)(2),1,"('act_relative', None, None, None)","('other', None, None, None)"
44703,1,"('usc', 49, '44703', None)","('other', None, None, None)"
CAA Sec 112,1,"('act_relative', None, None, None)","('other', None, None, None)"
U.S.C. 20141,1,"('usc', 49, '20141', None)","('other', None, None, None)"
Resource Conservation Recovery Act sec 3004(a)(2),1,"('act_relative', None, None, None)","('other', None, None, None)"
33115,1,"('usc', 49, '33115', None)","('other', None, None, None)"
CEA sec4c,1,"('act_relative', None, None, None)","('other', None, None, None)"
32710,1,"('usc', 49, '32710', None)","('other', None, None, None)"
"ERISA sections 4002(b)(3), 4041A(f)(2), 4245(e)(4), and 4281(d)",1,"('act_relative', None, None, None)","('other', None, None, None)"
CAA sec 110(a)(2)(D)(i),1,"('act_relative', None, None, None)","('other', None, None, None)"
694b note,1,"('usc', 15, '694b', None)","('other', None, None, None)"
CEA secs 2(h)(5),1,"('act_relative', None, None, None)","('other', None, None, None)"
Public Health Service Act 245,1,"('act_relative', None, None, None)","('other', None, None, None)"
Clean Air Act secs 114 and 208,1,"('act_relative', None, None, None)","('other', None, None, None)"
"Clean Air Act Title I, Part C",1,"('act_relative', None, None, None)","('other', None, None, None)"
Clean Air Act sec 208,1,"('act_relative', None, None, None)","('other', None, None, None)"
CAA 213(a)(3),1,"('act_relative', None, None, None)","('other', None, None, None)"
Noise Control Act of 1972,1,"('act_relative', None, None, None)","('other', None, None, None)"
CWA sec 502,1,"('act_relative', None, None, None)","('other', None, None, None)"
CAA sec 160,1,"('act_relative', None, None, None)","('other', None, None, None)"
Clean Water Act sec 312,1,"('act_relative', None, None, None)","('other', None, None, None)"
CAA sec112(c)(6),1,"('act_relative', None, None, None)","('other', None, None, None)"
Sec. 1861(dd) of the Social Security Act,1,"('act_relative', None, None, None)","('other', None, None, None)"
CAAA sec 110(a)(2),1,"('act_relative', None, None, None)","('other', None, None, None)"
"Noise Control Act of 1972, 8",1,"('act_relative', None, None, None)","('other', None, None, None)"
Resource Conservation Recovery Act sec 9003,1,"('act_relative', None, None, None)","('other', None, None, None)"
Resource Conservation Recovery Act sec 3001(a),1,"('act_relative', None, None, None)","('other', None, None, None)"
Sec. 1861(v) of the Social Security Act as Amended,1,"('act_relative', None, None, None)","('other', None, None, None)"
CAA sec 164,1,"('act_relative', None, None, None)","('other', None, None, None)"
Social Security Act sec 1895,1,"('act_relative', None, None, None)","('other', None, None, None)"
sec 14 of the Medicare and Medicaid Patient and Program Protection Act of 1987,1,"('act_relative', None, None, None)","('other', None, None, None)"
Title 17 Government Paperwork Elimination Act,1,"('act_relative', None, None, None)","('other', None, None, None)"
Clean Water Act sec 101 to 607,1,"('act_relative', None, None, None)","('other', None, None, None)"
Energy Policy Act of 1992,1,"('act_relative', None, None, None)","('other', None, None, None)"
Federal Power Act 330,1,"('act_relative', None, None, None)","('other', None, None, None)"
USC 44702,1,"('usc', 49, '44702', None)","('other', None, None, None)"
sec 32911 of the Moving Ahead for Progress in the 21st Century Act (MAP-21),1,"('act_relative', None, None, None)","('other', None, None, None)"
CAA sec 181(a),1,"('act_relative', None, None, None)","('other', None, None, None)"
Resource Conservation Recovery Act sec 1008,1,"('act_relative', None, None, None)","('other', None, None, None)"
CAAA 112(e)(5),1,"('act_relative', None, None, None)","('other', None, None, None)"
sec 621,1,"('public_law', None, None, None)","('other', None, None, None)"
CAA Section 112(f)(2),1,"('act_relative', None, None, None)","('other', None, None, None)"
ERISA sec 502,1,"('act_relative', None, None, None)","('other', None, None, None)"
752,1,"('public_law', None, None, None)","('other', None, None, None)"
CAA sec 166,1,"('act_relative', None, None, None)","('other', None, None, None)"
Resource Conservation Recovery Act sec 4005(c),1,"('act_relative', None, None, None)","('other', None, None, None)"
CWA sec 312(n),1,"('act_relative', None, None, None)","('other', None, None, None)"
Sec 623 of BIPA,1,"('act_relative', None, None, None)","('other', None, None, None)"
Clean Water Act sec 304(a)(8),1,"('act_relative', None, None, None)","('other', None, None, None)"
38 3032,1,"('usc', 38, '3032', None)","('other', None, None, None)"
CAAA sec 183(e),1,"('act_relative', None, None, None)","('other', None, None, None)"
PL 105 to 185,1,"('public_law', None, None, None)","('other', None, None, None)"
sec 102,1,"('public_law', None, None, None)","('other', None, None, None)"
Safe Drinking Water Act sec 1445,1,"('act_relative', None, None, None)","('other', None, None, None)"
Section 302(s) of the CAA,1,"('act_relative', None, None, None)","('other', None, None, None)"
CERCLA 102,1,"('act_relative', None, None, None)","('other', None, None, None)"
sec 4104 of SAFETEA-LU,1,"('act_relative', None, None, None)","('other', None, None, None)"
Sec 1888(d) of the Social Security Act,1,"('act_relative', None, None, None)","('other', None, None, None)"
section 212(d)(4)(C) of the Immigration & Nationality Act (INA),1,"('act_relative', None, None, None)","('other', None, None, None)"
CERCLA 105,1,"('act_relative', None, None, None)","('other', None, None, None)"
Clean Air Act sec 211(k)(6),1,"('act_relative', None, None, None)","('other', None, None, None)"
FIFRA sec 25,1,"('act_relative', None, None, None)","('other', None, None, None)"
Clean Water Act sec 311(j)(l)(C),1,"('act_relative', None, None, None)","('other', None, None, None)"
sec 5b of Commodity Exchange Act,1,"('act_relative', None, None, None)","('other', None, None, None)"
as amended by sec 31001(s)(1) of the Debt Collection Improvement Act of 1996,1,"('act_relative', None, None, None)","('other', None, None, None)"
"ERISA Sections 3(1), 3(5), and 505",1,"('act_relative', None, None, None)","('other', None, None, None)"
Secs 619-621 of BIPA,1,"('act_relative', None, None, None)","('other', None, None, None)"
Sec 508 (b)(7)(A) Federal Crop Insurance Reform Act of 1994,1,"('act_relative', None, None, None)","('other', None, None, None)"
FOIA Improvement Act of 2016,1,"('act_relative', None, None, None)","('other', None, None, None)"
ERISA section 505,1,"('act_relative', None, None, None)","('other', None, None, None)"
"5401-5405,",1,"('public_law', None, None, None)","('other', None, None, None)"
Clean Air Act section 111(b),1,"('act_relative', None, None, None)","('other', None, None, None)"
Section 325 of the Energy Independence and Security Act of 2007,1,"('act_relative', None, None, None)","('other', None, None, None)"
SAFETEA-LU Sec. 4212,1,"('act_relative', None, None, None)","('other', None, None, None)"
Balanced Budget Act of 1997.,1,"('act_relative', None, None, None)","('other', None, None, None)"
8,1,"('act_relative', None, None, None)","('other', None, None, None)"
Sec. 1882 of the Social Security Act,1,"('act_relative', None, None, None)","('other', None, None, None)"
CAA112,1,"('act_relative', None, None, None)","('other', None, None, None)"
Bipartisan Budget Act of 2015 sec 832,1,"('act_relative', None, None, None)","('other', None, None, None)"
CAA sec 608,1,"('act_relative', None, None, None)","('other', None, None, None)"
Clean Air Act sec612,1,"('act_relative', None, None, None)","('other', None, None, None)"
Shore Protection Act of 1988,1,"('act_relative', None, None, None)","('other', None, None, None)"
"other sections of FDA Food Safety Modernization Act, as appropriate",1,"('act_relative', None, None, None)","('other', None, None, None)"
RCRA 2002(a),1,"('act_relative', None, None, None)","('other', None, None, None)"
Sec 2107(b)(1) of the Social Security Act,1,"('act_relative', None, None, None)","('other', None, None, None)"
604,1,"('act_relative', None, None, None)","('other', None, None, None)"
"Servicemember Quality of Life Improvement and National Defense Authorization Act for Fiscal Year 2025,",1,"('act_relative', None, None, None)","('other', None, None, None)"
Clean Air Act sec 110(c),1,"('act_relative', None, None, None)","('other', None, None, None)"
sec 13407 of the American Recovery and Reinvestment Act of 2009,1,"('act_relative', None, None, None)","('other', None, None, None)"
Clean Water Act sec 303(c),1,"('act_relative', None, None, None)","('other', None, None, None)"
ERISA sections 732 to 734,1,"('act_relative', None, None, None)","('other', None, None, None)"
"Social Security Act, sec 1916",1,"('act_relative', None, None, None)","('other', None, None, None)"
"Social Security Act, sec 1903 (a)",1,"('act_relative', None, None, None)","('other', None, None, None)"
Toxic Substances Control Act sec 2,1,"('act_relative', None, None, None)","('other', None, None, None)"
PL No. 113128,1,"('public_law', None, None, None)","('other', None, None, None)"
Clean Air Act Amendments of 1990 sec 504(b),1,"('act_relative', None, None, None)","('other', None, None, None)"
sec 3103(d),1,"('public_law', None, None, None)","('other', None, None, None)"
"Sec. 6(o)(4) of the Food and Nutrition Act of 2008, as amended",1,"('act_relative', None, None, None)","('other', None, None, None)"
"Social Security Act, sec 1881(b)",1,"('act_relative', None, None, None)","('other', None, None, None)"
CAA 112(f),1,"('act_relative', None, None, None)","('other', None, None, None)"
Sec 504 of the Rehabilitation Act of 1973,1,"('act_relative', None, None, None)","('other', None, None, None)"
sec 7045,1,"('public_law', None, None, None)","('other', None, None, None)"
Clean Air Act Section 502,1,"('act_relative', None, None, None)","('other', None, None, None)"
"MMA, sec 508",1,"('act_relative', None, None, None)","('other', None, None, None)"
Clean Air Act Amendments of 1990 sec 503(b),1,"('act_relative', None, None, None)","('other', None, None, None)"
"Social Security Act, section 1818A (d)(2)",1,"('act_relative', None, None, None)","('other', None, None, None)"
sec. 105(d)(3),1,"('public_law', None, None, None)","('other', None, None, None)"
CEA secs 12a(5),1,"('act_relative', None, None, None)","('other', None, None, None)"
