rin,majority_sig,minority_sig,reason,majority_n,minority_n,n_editions,shape,contiguous
0331-AA04,eo:13891,eo:3891,eo.field0.leading-digit,2,1,3,minority-prefix,true
0348-AB01,usc:31:3111,usc:31:1111,usc.field1.edit1,4,3,7,minority-suffix,true
0350-AA12,eo:23891,eo:13891,eo.field0.edit1,2,1,3,minority-suffix,true
0412-AA54,usc:7:1726a,usc:7:1726,usc.field1.trailing-char,13,3,16,minority-suffix,true
0524-AA58,usc:7:5925a,usc:7:5925,usc.field1.trailing-char,10,3,13,minority-suffix,true
0551-AA85,usc:7:3319,usc:7:3319a,usc.field1.trailing-char,7,2,9,minority-prefix,true
0570-AB10,usc:7:1989,usc:7:1980,usc.field1.edit1,3,1,4,minority-prefix,true
0572-AB48,usc:7:941,usc:7:901,usc.field1.edit1,5,1,6,minority-suffix,true
0572-AB63,usc:7:1921,usc:7:1981,usc.field1.edit1,3,2,5,minority-prefix,true
0575-AC03,usc:42:1471,usc:42:1971,usc.field1.edit1,3,2,5,minority-prefix,true
0575-AC07,usc:42:4012a,usc:42:4012,usc.field1.trailing-char,30,2,41,minority-suffix,true
0575-AC07,usc:42:4104b,usc:42:4104,usc.field1.trailing-char,30,2,41,minority-suffix,true
0578-AA27,usc:16:3801,usc:16:3821,usc.field1.edit1,7,6,13,minority-suffix,true
0579-AA80,usc:7:7711-7772,usc:7:7701-7772,usc.field1.edit1,13,1,27,minority-prefix,true
0579-AA80,usc:7:7711-7772,usc:7:7711-7712,usc.field1.edit1,13,4,27,minority-prefix,true
0579-AA83,usc:7:166,usc:7:162,usc.field1.edit1,3,2,10,minority-prefix,true
0579-AA83,usc:7:166,usc:7:161,usc.field1.edit1,3,2,10,minority-prefix,true
0579-AA90,usc:21:111-114,usc:21:111-114a,usc.field1.trailing-char,7,1,8,minority-suffix,true
0579-AB03,usc:21:135-136a,usc:21:136-136a,usc.field1.edit1,7,2,9,minority-suffix,true
0579-AB10,usc:21:134,usc:21:134b,usc.field1.trailing-char,5,2,12,minority-suffix,true
0579-AB10,usc:7:8301-8317,usc:7:8301-8316,usc.field1.edit1,4,1,12,minority-prefix,true
0579-AB13,usc:7:8301-8316,usc:7:8301-8317,usc.field1.edit1,3,1,8,minority-suffix,true
0579-AB21,usc:49:1509d,usc:49:1509,usc.field1.trailing-char,3,2,5,minority-prefix,true
0579-AB22,usc:31:3701,usc:31:9701,usc.field1.edit1,7,1,8,reverted-blip,true
0579-AB22,usc:7:8301-8317,usc:7:8301-8316,usc.field1.edit1,3,1,8,minority-prefix,true
0579-AB29,usc:7:8301-8317,usc:7:8301-8316,usc.field1.edit1,7,1,10,minority-prefix,true
0579-AB35,usc:21:134,usc:21:134b,usc.field1.trailing-char,6,2,24,minority-prefix,true
0579-AB35,usc:7:8301-8316,usc:7:8301-8317,usc.field1.edit1,16,6,24,minority-suffix,true
0579-AB44,usc:7:8301-8317,usc:7:8301-8316,usc.field1.edit1,10,6,17,minority-prefix,true
0579-AB45,usc:7:7701-7712,usc:7:7711-7712,usc.field1.edit1,8,5,17,minority-prefix,true
0579-AB45,usc:7:7701-7712,usc:7:7701-7772,usc.field1.edit1,8,4,17,minority-suffix,true
0579-AB46,usc:7:8301-8317,usc:7:8301-8316,usc.field1.edit1,2,1,3,minority-prefix,true
0579-AD50,usc:16:3374,usc:16:3371,usc.field1.edit1,3,2,5,minority-prefix,true
0580-AA85,usc:7:1621,usc:7:1627,usc.field1.edit1,6,3,9,minority-suffix,true
0580-AA92,usc:7:1627,usc:7:1621,usc.field1.edit1,2,1,3,minority-prefix,true
0580-AA94,usc:7:1627,usc:7:1621,usc.field1.edit1,7,1,8,minority-prefix,true
0581-AB69,usc:7:1621-1727,usc:7:1621-1627,usc.field1.edit1,2,1,3,minority-suffix,true
0581-AC16,usc:7:4501,usc:7:450,usc.field1.trailing-char,6,1,7,minority-prefix,true
0581-AC87,usc:7:4501-4514,usc:7:4501-4513,usc.field1.edit1,4,2,6,minority-prefix,true
0581-AD34,usc:7:6501-6522,usc:7:6501-6524,usc.field1.edit1,11,2,13,minority-suffix,true
0583-AD30,usc:21:451,usc:21:421,usc.field1.edit1,11,8,19,minority-prefix,true
0583-AD36,pl:110-249,pl:110-246,pl.field0.edit1,10,5,15,minority-suffix,true
0583-AD83,usc:7:1622,usc:7:1621,usc.field1.edit1,4,1,5,minority-suffix,true
0583-AD83,usc:7:1624,usc:7:1621,usc.field1.edit1,4,1,5,minority-suffix,true
0583-AD90,usc:21:601,usc:21:621,usc.field1.edit1,5,1,6,minority-prefix,true
0584-AC01,pl:103-488,pl:103-448,pl.field0.edit1,7,2,9,minority-suffix,true
0584-AD76,usc:15:713c,usc:15:713,usc.field1.trailing-char,6,5,11,minority-suffix,true
0584-AD76,usc:42:1762a,usc:42:1762,usc.field1.trailing-char,6,5,11,minority-suffix,true
0584-AD76,usc:42:3030a,usc:42:3030,usc.field1.trailing-char,6,5,11,minority-suffix,true
0584-AD76,usc:7:612c,usc:7:612,usc.field1.trailing-char,6,5,11,minority-suffix,true
0584-AD76,usc:7:612d,usc:7:612,usc.field1.trailing-char,6,5,11,minority-suffix,true
0584-AD81,usc:15:713c,usc:15:713,usc.field1.trailing-char,6,1,7,minority-suffix,true
0584-AD81,usc:41:1762a,usc:41:1762,usc.field1.trailing-char,6,1,7,minority-suffix,true
0584-AD81,usc:41:3030a,usc:41:3030,usc.field1.trailing-char,6,1,7,minority-suffix,true
0584-AD96,usc:42:1769,usc:42:1769a,usc.field1.trailing-char,20,2,22,minority-suffix,true
0596-AB93,cfr:7:15e,cfr:7:15,cfr.field1.trailing-char,9,1,10,minority-prefix,true
0596-AC71,usc:42:311f,usc:42:311,usc.field1.trailing-char,5,2,7,minority-suffix,true
0596-AD23,usc:16:2103d,usc:16:2103,usc.field1.trailing-char,4,2,6,minority-suffix,true
0605-AA38,usc:5:552,usc:5:552a,usc.field1.trailing-char,2,1,3,minority-prefix,true
0607-AA24,usc:15:1526,usc:15:1256,usc.field1.transpose,12,3,15,minority-suffix,true
0607-AA59,usc:13:301,usc:13:30,usc.field1.trailing-char,6,1,7,minority-prefix,true
0610-AA63,usc:42:184,usc:42:5184,usc.field1.leading-digit,5,3,8,minority-suffix,true
0610-AA63,usc:42:5141,usc:42:5121,usc.field1.edit1,5,3,8,minority-suffix,true
0625-AB07,usc:15:4721,usc:15:4724,usc.field1.edit1,3,1,4,minority-prefix,true
0648-AG15,usc:16:1533,usc:16:1531,usc.field1.edit1,8,1,11,minority-suffix,true
0648-AG51,usc:33:883a,usc:33:883e,usc.field1.edit1,4,3,7,minority-suffix,true
0648-AH41,usc:16:1801,usc:16:1851,usc.field1.edit1,6,4,10,minority-suffix,true
0648-AH88,usc:16:1531,usc:16:1533,usc.field1.edit1,5,3,8,minority-suffix,true
0648-AL06,usc:16:1434,usc:16:1432,usc.field1.edit1,13,2,15,minority-prefix,true
0648-AL82,usc:16:1533,usc:16:1531,usc.field1.edit1,3,2,5,minority-prefix,true
0648-AN89,usc:16:1533,usc:16:1531,usc.field1.edit1,4,1,5,minority-prefix,true
0648-AU01,usc:16:791,usc:16:791a,usc.field1.trailing-char,11,5,22,minority-prefix,true
0648-AV85,usc:16:1431,usc:16:1439,usc.field1.edit1,20,12,32,minority-prefix,true
0648-AW62,usc:16:1801,usc:16:1851,usc.field1.edit1,9,1,10,minority-prefix,true
0648-AX63,usc:16:1826a,usc:16:1826,usc.field1.trailing-char,11,4,15,minority-suffix,true
0648-AX63,usc:16:971a,usc:16:971,usc.field1.trailing-char,11,4,15,minority-suffix,true
0648-AY21,usc:16:1361,usc:16:1361e,usc.field1.trailing-char,2,1,4,minority-prefix,true
0648-BA73,usc:16:1371,usc:16:1361,usc.field1.edit1,7,6,13,minority-suffix,true
0648-BA81,usc:16:1533,usc:16:1531,usc.field1.edit1,7,2,9,minority-suffix,true
0648-BB17,usc:16:1853,usc:16:1853a,usc.field1.trailing-char,2,1,5,minority-prefix,true
0648-BC45,usc:16:1531,usc:16:1533,usc.field1.edit1,8,5,13,minority-prefix,true
0648-BC68,usc:16:1531,usc:16:1539,usc.field1.edit1,3,1,4,minority-prefix,true
0648-BC69,usc:16:1361,usc:16:1371,usc.field1.edit1,3,1,4,minority-prefix,true
0651-AA50,usc:35:6,usc:35:2,usc.field1.edit1,9,1,10,minority-suffix,true
0651-AA92,usc:35:1115,usc:15:1115,usc.field0.edit1,2,1,3,minority-suffix,true
0651-AA98,usc:35:6,usc:35:2,usc.field1.edit1,3,2,5,minority-suffix,true
0651-AB01,usc:35:2,usc:35:6,usc.field1.edit1,4,3,7,minority-prefix,true
0651-AB04,usc:35:2,usc:35:6,usc.field1.edit1,3,1,4,minority-prefix,true
0651-AB05,usc:35:2,usc:35:6,usc.field1.edit1,2,1,3,minority-prefix,true
0651-AB06,usc:35:2,usc:35:6,usc.field1.edit1,2,1,3,minority-prefix,true
0651-AD75,usc:35:135,usc:35:153,usc.field1.transpose,2,1,3,minority-suffix,true
0651-AD79,usc:35:135,usc:35:153,usc.field1.transpose,2,1,3,minority-suffix,true
0651-AD79,usc:35:311-316,usc:35:311-312,usc.field1.edit1,2,1,3,minority-suffix,true
0660-AA09,usc:47:390-393,usc:47:290-393,usc.field1.edit1,2,1,3,minority-prefix,true
0692-AA17,usc:35:206,usc:35:209,usc.field1.edit1,9,2,11,minority-suffix,true
0694-AA52,usc:10:7429,usc:10:7420,usc.field1.edit1,8,4,17,minority-suffix,true
0694-AA52,usc:10:74301,usc:10:7430,usc.field1.trailing-char,8,4,17,minority-suffix,true
0694-AA52,usc:42:2139,usc:42:2139a,usc.field1.trailing-char,12,5,17,minority-suffix,true
0694-AB06,usc:42:2139a,usc:42:2139,usc.field1.trailing-char,11,8,23,minority-prefix,true
0694-AB06,usc:50:1701,usc:50:1710,usc.field1.transpose,11,8,23,minority-prefix,true
0694-AB25,usc:10:7420,usc:10:7429,usc.field1.edit1,10,8,18,minority-prefix,true
0694-AB28,usc:10:7429,usc:10:7420,usc.field1.edit1,8,5,13,minority-suffix,true
0694-AB41,usc:42:2139,usc:42:2139a,usc.field1.trailing-char,11,5,16,minority-suffix,true
0694-AB41,usc:50:1710,usc:50:1701,usc.field1.transpose,11,5,16,minority-suffix,true
0694-AB49,usc:42:2139,usc:42:2139a,usc.field1.trailing-char,10,7,17,minority-suffix,true
0694-AB49,usc:50:1710,usc:50:1701,usc.field1.transpose,10,7,17,minority-suffix,true
0694-AB53,usc:42:2139,usc:42:2139a,usc.field1.trailing-char,9,1,10,minority-suffix,true
0694-AB53,usc:50:1710,usc:50:1701,usc.field1.transpose,9,1,10,minority-suffix,true
0694-AB59,usc:42:2139,usc:42:2139a,usc.field1.trailing-char,8,5,13,minority-suffix,true
0694-AB59,usc:50:1710,usc:50:1701,usc.field1.transpose,8,5,13,minority-suffix,true
0694-AB60,usc:42:2139,usc:42:2139a,usc.field1.trailing-char,8,5,13,minority-suffix,true
0694-AB60,usc:50:1710,usc:50:1701,usc.field1.transpose,8,5,13,minority-suffix,true
0694-AB62,usc:42:2139,usc:42:2139a,usc.field1.trailing-char,8,1,9,minority-suffix,true
0694-AB73,usc:42:2139,usc:42:2139a,usc.field1.trailing-char,6,5,11,minority-suffix,true
0694-AB73,usc:50:1710,usc:50:1701,usc.field1.transpose,6,5,11,minority-suffix,true
0694-AB75,fr:63:44121,fr:643:44121,fr.field0.edit1,2,1,3,minority-suffix,true
0694-AB76,usc:42:2139,usc:42:2139a,usc.field1.trailing-char,6,3,9,minority-suffix,true
0694-AB76,usc:50:1710,usc:50:1701,usc.field1.transpose,6,3,9,minority-suffix,true
0694-AB90,usc:42:2139a,usc:42:2139,usc.field1.trailing-char,5,4,9,minority-prefix,true
0694-AB97,usc:42:2139a,usc:42:2139,usc.field1.trailing-char,5,4,9,minority-prefix,true
0694-AC05,usc:42:2139a,usc:42:2139,usc.field1.trailing-char,14,4,18,minority-prefix,true
0694-AC06,usc:42:2139a,usc:42:2139,usc.field1.trailing-char,5,4,9,minority-prefix,true
0694-AC10,usc:42:2139,usc:42:2139a,usc.field1.trailing-char,4,3,7,minority-suffix,true
0694-AC15,usc:42:2139a,usc:42:2139,usc.field1.trailing-char,21,3,24,minority-prefix,true
0694-AC17,usc:42:2139a,usc:42:2139,usc.field1.trailing-char,21,3,24,minority-prefix,true
0694-AC25,usc:10:7420,usc:10:7429,usc.field1.edit1,21,3,24,minority-prefix,true
0694-AC28,usc:42:2139a,usc:42:2139,usc.field1.trailing-char,5,2,7,minority-prefix,true
0694-AC31,usc:42:2139a,usc:42:2139,usc.field1.trailing-char,6,2,8,minority-prefix,true
0694-AC32,usc:42:2139a,usc:42:2139,usc.field1.trailing-char,5,2,7,minority-prefix,true
0694-AC34,usc:42:2139a,usc:42:2139,usc.field1.trailing-char,21,1,22,minority-prefix,true
0694-AC35,usc:42:2139a,usc:42:2139,usc.field1.trailing-char,21,1,22,minority-prefix,true
0694-AC37,usc:42:2139a,usc:42:2139,usc.field1.trailing-char,3,1,4,minority-prefix,true
0694-AC44,usc:42:2139a,usc:42:2139,usc.field1.trailing-char,2,1,3,minority-prefix,true
0694-AE43,pl:107-56,pl:107-156,pl.field0.edit1,12,1,14,reverted-blip,true
0694-AE89,usc:15:1824,usc:15:1824a,usc.field1.trailing-char,9,3,12,minority-suffix,true
0694-AE89,usc:22:287,usc:22:287c,usc.field1.trailing-char,9,3,12,minority-suffix,true
0694-AE89,usc:42:2139,usc:42:2139a,usc.field1.trailing-char,9,3,12,minority-suffix,true
0694-AF73,usc:30:185,usc:30:185u,usc.field1.trailing-char,4,1,5,minority-prefix,true
0694-AH66,usc:15:1824,usc:15:1824a,usc.field1.trailing-char,12,2,14,minority-prefix,true
0694-AH88,usc:15:1824,usc:15:1824a,usc.field1.trailing-char,4,1,5,minority-prefix,true
0701-AA72,usc:10:8012,usc:10:8013,usc.field1.edit1,2,1,3,minority-suffix,true
0703-AB01,usc:42:432-4361,usc:42:4321-4361,usc.field1.edit1,3,1,4,minority-prefix,true
0710-AA74,usc:33:403,usc:33:401,usc.field1.edit1,3,1,4,minority-suffix,true
0720-AB73,usc:5:301,usc:5:801,usc.field1.edit1,10,1,11,minority-prefix,true
0750-AJ43,usc:15:657q,usc:14:657q,usc.field0.edit1,2,1,3,minority-prefix,true
0790-AI82,usc:10:1781c,usc:10:1781,usc.field1.trailing-char,8,6,14,minority-suffix,true
0790-AJ01,usc:50:1902,usc:50:1903,usc.field1.edit1,7,1,9,minority-suffix,true
0790-AJ04,usc:42:2000d,usc:42:2000,usc.field1.trailing-char,5,1,23,minority-suffix,true
0790-AJ04,usc:5:552a,usc:5:552,usc.field1.trailing-char,7,1,23,minority-suffix,true
0790-AJ11,usc:15:3710,usc:15:3701,usc.field1.transpose,3,2,5,minority-prefix,true
0790-AJ40,pl:111-84,pl:11-84,pl.field0.leading-digit,2,1,11,minority-suffix,true
0790-AJ40,pl:113-66,pl:113-662,pl.field0.trailing-char,9,1,11,reverted-blip,true
0790-AK11,usc:10:113,usc:10:133,usc.field1.edit1,7,3,10,minority-prefix,true
0906-AA44,usc:42:254b,usc:42:254c,usc.field1.edit1,39,1,40,minority-prefix,true
0910-AA39,usc:21:360d,usc:21:360i,usc.field1.edit1,12,1,13,minority-suffix,true
0910-AA49,usc:21:357,usc:21:353,usc.field1.edit1,7,1,40,minority-suffix,true
0910-AA57,usc:42:262-263,usc:42:262-264,usc.field1.edit1,3,2,5,minority-suffix,true
0910-AA61,usc:21:351-353,usc:21:351-352,usc.field1.edit1,9,5,22,minority-prefix,true
0910-AA61,usc:21:371,usc:21:374,usc.field1.edit1,17,5,22,minority-prefix,true
0910-AA62,usc:21:331,usc:21:321,usc.field1.edit1,3,2,5,minority-suffix,true
0910-AA97,usc:21:360b-360j,usc:21:360b-360f,usc.field1.edit1,22,3,39,minority-suffix,true
0910-AA97,usc:21:360b-360j,usc:21:360i-360j,usc.field1.edit1,22,3,39,minority-suffix,true
0910-AA97,usc:21:375,usc:21:379,usc.field1.edit1,29,3,39,minority-suffix,true
0910-AA97,usc:21:379e,usc:21:379,usc.field1.trailing-char,29,3,39,minority-suffix,true
0910-AB08,usc:21:360,usc:21:360b,usc.field1.trailing-char,3,2,5,minority-suffix,true
0910-AB21,usc:21:360e,usc:21:360j,usc.field1.edit1,7,2,9,minority-suffix,true
0910-AB21,usc:21:360e,usc:21:360i,usc.field1.edit1,7,2,9,minority-suffix,true
0910-AB21,usc:21:360e,usc:21:360b,usc.field1.edit1,7,2,9,minority-suffix,true
0910-AB21,usc:21:360e,usc:21:360c,usc.field1.edit1,7,2,9,minority-suffix,true
0910-AB50,pl:104-25,pl:104-250,pl.field0.trailing-char,6,3,9,minority-suffix,true
0910-AB50,usc:21:360b,usc:21:360,usc.field1.trailing-char,7,2,9,minority-prefix,true
0910-AB70,usc:21:360b,usc:21:360,usc.field1.trailing-char,11,1,12,minority-prefix,true
0910-AB76,usc:21:372,usc:21:352,usc.field1.edit1,7,6,19,minority-prefix,true
0910-AB76,usc:21:381,usc:21:351,usc.field1.edit1,7,6,19,minority-prefix,true
0910-AB95,usc:15:1453,usc:15:145,usc.field1.trailing-char,4,3,7,minority-suffix,true
0910-AB96,usc:21:348,usc:21:342,usc.field1.edit1,7,6,13,minority-prefix,true
0910-AB96,usc:21:348,usc:21:343,usc.field1.edit1,7,6,13,minority-prefix,true
0910-AB96,usc:21:393,usc:21:333,usc.field1.edit1,7,6,13,minority-prefix,true
0910-AB96,usc:21:393,usc:21:343,usc.field1.edit1,7,6,13,minority-prefix,true
0910-AB98,usc:21:360,usc:21:360i,usc.field1.trailing-char,2,1,5,minority-suffix,true
0910-AB98,usc:42:263b,usc:42:263,usc.field1.trailing-char,3,2,5,minority-prefix,true
0910-AC02,usc:21:355,usc:21:355i,usc.field1.trailing-char,4,1,5,reverted-blip,true
0910-AC02,usc:21:360b,usc:21:360,usc.field1.trailing-char,3,1,5,minority-prefix,true
0910-AC02,usc:21:360c,usc:21:360,usc.field1.trailing-char,3,1,5,minority-prefix,true
0910-AC02,usc:21:360e,usc:21:360,usc.field1.trailing-char,3,1,5,minority-prefix,true
0910-AC02,usc:21:360i,usc:21:360,usc.field1.trailing-char,3,1,5,minority-prefix,true
0910-AC02,usc:21:360j,usc:21:360,usc.field1.trailing-char,3,1,5,minority-prefix,true
0910-AC02,usc:21:360k,usc:21:360,usc.field1.trailing-char,3,1,5,minority-prefix,true
0910-AC02,usc:21:361,usc:21:360,usc.field1.edit1,2,1,5,minority-prefix,true
0910-AC04,usc:21:360b,usc:21:360,usc.field1.trailing-char,4,2,6,minority-prefix,true
0910-AC14,usc:42:243,usc:42:343,usc.field1.edit1,17,1,19,minority-prefix,true
0910-AC17,usc:21:355,usc:21:352,usc.field1.edit1,13,1,16,minority-prefix,true
0910-AC17,usc:21:355,usc:21:351,usc.field1.edit1,13,1,16,minority-prefix,true
0910-AC17,usc:21:355,usc:21:353,usc.field1.edit1,13,1,16,minority-prefix,true
0910-AC25,usc:21:353,usc:21:351,usc.field1.edit1,12,9,21,reverted-blip,true
0910-AC30,usc:21:360,usc:21:360i,usc.field1.trailing-char,9,3,19,minority-prefix,true
0910-AC30,usc:21:360e,usc:21:360i,usc.field1.edit1,9,3,19,minority-prefix,true
0910-AC30,usc:21:360j,usc:21:360i,usc.field1.edit1,9,3,19,minority-prefix,true
0910-AC32,usc:21:331,usc:21:361,usc.field1.edit1,10,1,11,minority-suffix,true
0910-AC32,usc:21:331,usc:21:334,usc.field1.edit1,10,1,11,minority-suffix,true
0910-AC32,usc:21:371,usc:21:361,usc.field1.edit1,10,1,11,minority-suffix,true
0910-AC32,usc:21:374,usc:21:334,usc.field1.edit1,10,1,11,minority-suffix,true
0910-AC34,usc:21:351,usc:21:301,usc.field1.edit1,5,3,8,minority-prefix,true
0910-AC34,usc:21:371,usc:21:301,usc.field1.edit1,5,3,8,minority-prefix,true
0910-AC34,usc:21:381,usc:21:301,usc.field1.edit1,5,3,8,minority-prefix,true
0910-AC35,usc:21:355b,usc:21:355a,usc.field1.edit1,11,3,14,minority-prefix,true
0910-AC48,usc:21:321,usc:21:3321,usc.field1.leading-digit,2,1,3,minority-prefix,true
0910-AF26,usc:21:360d,usc:21:360j,usc.field1.edit1,12,4,17,minority-prefix,true
0910-AF33,usc:21:321p,usc:21:321,usc.field1.trailing-char,24,1,25,minority-suffix,true
0910-AF33,usc:21:331,usc:21:321,usc.field1.edit1,20,1,25,minority-suffix,true
0910-AF38,usc:21:321,usc:21:361,usc.field1.edit1,5,1,22,minority-prefix,true
0910-AF38,usc:21:321p,usc:21:321,usc.field1.trailing-char,17,5,22,minority-suffix,true
0910-AF43,usc:21:321p,usc:21:321,usc.field1.trailing-char,25,1,26,minority-suffix,true
0910-AF43,usc:21:371,usc:21:321,usc.field1.edit1,23,1,26,minority-suffix,true
0910-AF46,usc:21:348,usc:21:349,usc.field1.edit1,7,4,11,minority-prefix,true
0910-AF61,usc:21:342,usc:21:362,usc.field1.edit1,15,3,18,minority-prefix,true
0910-AF61,usc:21:342,usc:21:352,usc.field1.edit1,15,3,18,minority-prefix,true
0910-AF82,usc:21:351,usc:21:371,usc.field1.edit1,5,4,22,minority-suffix,true
0910-AF82,usc:21:371a,usc:21:371,usc.field1.trailing-char,18,4,22,minority-suffix,true
0910-AF86,usc:21:360,usc:21:360e,usc.field1.trailing-char,14,1,15,reverted-blip,true
0910-AF86,usc:21:360,usc:21:360c,usc.field1.trailing-char,14,1,15,reverted-blip,true
0910-AF86,usc:21:360j,usc:21:360e,usc.field1.edit1,14,1,15,reverted-blip,true
0910-AF86,usc:21:360j,usc:21:360c,usc.field1.edit1,14,1,15,reverted-blip,true
0910-AF96,usc:21:356-356c,usc:21:356-356b,usc.field1.edit1,9,2,14,minority-prefix,true
0910-AG07,usc:21:360ccc,usc:21:360cc,usc.field1.trailing-char,10,1,11,minority-prefix,true
0910-AG10,usc:21:350c,usc:21:350e,usc.field1.edit1,6,4,15,minority-prefix,true
0910-AG10,usc:21:350d,usc:21:350e,usc.field1.edit1,7,4,15,minority-prefix,true
0910-AG10,usc:21:350g,usc:21:350e,usc.field1.edit1,7,4,15,minority-prefix,true
0910-AG26,usc:21:321,usc:21:821,usc.field1.edit1,6,1,10,minority-prefix,true
0910-AG31,usc:21:351,usc:21:321,usc.field1.edit1,3,1,4,minority-prefix,true
0910-AG31,usc:21:371,usc:21:321,usc.field1.edit1,3,1,4,minority-prefix,true
0910-AG87,usc:21:351-353,usc:21:351-352,usc.field1.edit1,3,1,4,minority-suffix,true
0910-AG93,usc:21:355c,usc:21:355b,usc.field1.edit1,11,4,15,minority-prefix,true
0910-AH03,usc:21:360c,usc:21:360,usc.field1.trailing-char,8,2,10,minority-prefix,true
0910-AH16,usc:21:321p,usc:21:321,usc.field1.trailing-char,5,1,6,minority-suffix,true
0910-AH24,usc:21:387f,usc:21:387,usc.field1.trailing-char,8,7,15,minority-prefix,true
0910-AH37,usc:42:263,usc:42:263b,usc.field1.trailing-char,7,1,8,minority-suffix,true
0910-AH37,usc:42:263,usc:42:263a,usc.field1.trailing-char,7,1,8,minority-suffix,true
0910-AH47,usc:21:352,usc:21:372,usc.field1.edit1,2,1,7,minority-suffix,true
0910-AH47,usc:21:371,usc:21:372,usc.field1.edit1,6,1,7,minority-suffix,true
0910-AH52,usc:21:360j,usc:21:360,usc.field1.trailing-char,10,5,15,minority-prefix,true
0910-AH59,usc:21:387,usc:21:387e,usc.field1.trailing-char,16,1,17,minority-suffix,true
0910-AH59,usc:21:387,usc:21:387k,usc.field1.trailing-char,16,1,17,minority-suffix,true
0910-AH59,usc:21:387,usc:21:381,usc.field1.edit1,16,1,17,minority-suffix,true
0910-AH59,usc:21:387,usc:21:387g,usc.field1.trailing-char,16,1,17,minority-suffix,true
0910-AH59,usc:21:387,usc:21:387j,usc.field1.trailing-char,16,1,17,minority-suffix,true
0910-AH59,usc:21:387,usc:21:387i,usc.field1.trailing-char,16,1,17,minority-suffix,true
0910-AH59,usc:21:387,usc:21:387c,usc.field1.trailing-char,16,1,17,minority-suffix,true
0910-AH90,usc:21:387,usc:21:387g,usc.field1.trailing-char,4,3,7,minority-suffix,true
0910-AH90,usc:21:387,usc:21:387b,usc.field1.trailing-char,4,3,7,minority-suffix,true
0910-AH91,usc:21:387f,usc:21:386f,usc.field1.edit1,16,1,17,minority-prefix,true
0910-AI03,usc:21:343,usc:21:349,usc.field1.edit1,6,3,9,minority-prefix,true
0910-AI07,usc:21:360c-360e,usc:21:360c-360f,usc.field1.edit1,14,2,16,minority-prefix,true
0910-AI08,usc:21:360c-360e,usc:21:360c-360f,usc.field1.edit1,13,2,16,minority-prefix,true
0910-AI08,usc:21:360h-360j,usc:21:360e-360j,usc.field1.edit1,2,1,16,minority-suffix,true
0910-AI08,usc:21:360j,usc:21:360c,usc.field1.edit1,13,1,16,minority-prefix,true
0910-AI10,usc:21:360,usc:21:360i,usc.field1.trailing-char,2,1,8,minority-suffix,true
0910-AI10,usc:21:360e,usc:21:360,usc.field1.trailing-char,6,2,8,minority-prefix,true
0910-AI10,usc:21:360j,usc:21:360i,usc.field1.edit1,5,1,8,minority-prefix,true
0910-AI10,usc:21:360j,usc:21:360,usc.field1.trailing-char,5,2,8,minority-prefix,true
0910-AI10,usc:21:371,usc:21:381,usc.field1.edit1,6,2,8,minority-prefix,true
0910-AI10,usc:21:371,usc:21:379,usc.field1.edit1,6,2,8,minority-prefix,true
0910-AI11,usc:42:262,usc:42:261,usc.field1.edit1,11,2,13,minority-prefix,true
0910-AI12,usc:21:360c,usc:21:360,usc.field1.trailing-char,8,7,15,minority-prefix,true
0910-AI15,usc:21:379e,usc:21:379,usc.field1.trailing-char,9,2,11,minority-prefix,true
0910-AI16,usc:21:379e,usc:21:779e,usc.field1.edit1,7,1,8,minority-prefix,true
0910-AI21,usc:21:332-334,usc:21:331-334,usc.field1.edit1,5,4,9,minority-suffix,true
0910-AI29,pl:112-29,pl:12-29,pl.field0.leading-digit,7,5,12,minority-prefix,true
0910-AI43,usc:21:360b,usc:21:306b,usc.field1.transpose,12,1,13,minority-prefix,true
0910-AI65,usc:21:346a,usc:21:3346a,usc.field1.leading-digit,8,1,9,minority-prefix,true
0910-AI77,usc:21:371a,usc:21:371,usc.field1.trailing-char,5,2,7,minority-suffix,true
0920-AA07,eo:13179,eo:13129,eo.field0.edit1,4,1,5,minority-prefix,true
0920-AA12,usc:42:268,usc:42:248,usc.field1.edit1,5,3,8,minority-prefix,true
0930-AA14,usc:42:300xx-23,usc:42:300x-23,usc.field1.edit1,7,1,8,minority-suffix,true
0938-AB50,usc:42:1395g,usc:42:1995g,usc.field1.edit1,6,1,11,minority-prefix,true
0938-AB50,usc:42:1395g,usc:42:1395w,usc.field1.edit1,6,3,11,minority-prefix,true
0938-AB50,usc:42:1395g,usc:42:1395u,usc.field1.edit1,6,3,11,minority-prefix,true
0938-AB50,usc:42:1395g,usc:42:1395m,usc.field1.edit1,6,3,11,minority-prefix,true
0938-AB50,usc:42:1395g,usc:42:1395y,usc.field1.edit1,6,3,11,minority-prefix,true
0938-AB50,usc:42:1395l,usc:42:1395u,usc.field1.edit1,8,3,11,reverted-blip,true
0938-AB50,usc:42:1395l,usc:42:1395w,usc.field1.edit1,8,3,11,reverted-blip,true
0938-AB50,usc:42:1395l,usc:42:1395y,usc.field1.edit1,8,3,11,reverted-blip,true
0938-AB50,usc:42:1395l,usc:42:1395m,usc.field1.edit1,8,3,11,reverted-blip,true
0938-AD32,usc:42:1395l,usc:42:13951,usc.field1.edit1,4,3,7,minority-suffix,true
0938-AE39,usc:42:1395bbb,usc:42:1395bb,usc.field1.trailing-char,10,1,11,reverted-blip,true
0938-AE97,usc:42:1395i-3,usc:42:1395l-3,usc.field1.edit1,2,1,5,minority-prefix,true
0938-AF28,usc:42:405,usc:42:205,usc.field1.edit1,7,1,11,minority-prefix,true
0938-AF97,usc:42:1395l,usc:42:13951,usc.field1.edit1,4,3,8,minority-suffix,true
0938-AF98,usc:43:1302,usc:42:1302,usc.field0.edit1,3,1,8,minority-prefix,true
0938-AG30,usc:42:1320c,usc:42:1320,usc.field1.trailing-char,2,1,4,minority-prefix,true
0938-AG32,usc:42:1320c-2,usc:42:132c-2,usc.field1.edit1,4,2,10,minority-prefix,true
0938-AG32,usc:42:1320c-2,usc:42:1320-2,usc.field1.edit1,4,1,10,minority-prefix,true
0938-AG32,usc:42:132c-2,usc:42:1320-2,usc.field1.edit1,2,1,10,minority-prefix,true
0938-AG59,usc:42:13951,usc:42:1395d,usc.field1.edit1,8,3,12,minority-prefix,true
0938-AG59,usc:42:13951,usc:42:1395z,usc.field1.edit1,8,3,12,minority-prefix,true
0938-AG59,usc:42:1395f,usc:42:1395d,usc.field1.edit1,8,3,12,minority-prefix,true
0938-AG59,usc:42:1395f,usc:42:1395z,usc.field1.edit1,8,3,12,minority-prefix,true
0938-AG81,usc:42:1395bb,usc:42:1395bbb,usc.field1.trailing-char,31,9,40,minority-prefix,false
0938-AG84,usc:42:1395hh,usc:42:1895hh,usc.field1.edit1,8,1,12,minority-prefix,true
0938-AH16,usc:42:1395x,usc:42:1495x,usc.field1.edit1,9,2,11,minority-prefix,true
0938-AH19,usc:42:1395m,usc:42:1395g,usc.field1.edit1,4,1,12,minority-prefix,true
0938-AH19,usc:42:1395m,usc:42:1395n,usc.field1.edit1,4,1,12,minority-prefix,true
0938-AH19,usc:42:1395m,usc:42:1395f,usc.field1.edit1,4,1,12,minority-prefix,true
0938-AH19,usc:42:1395x,usc:42:1395f,usc.field1.edit1,2,1,12,minority-prefix,true
0938-AH19,usc:42:1395x,usc:42:1395n,usc.field1.edit1,2,1,12,minority-prefix,true
0938-AH19,usc:42:1395x,usc:42:1395g,usc.field1.edit1,2,1,12,minority-prefix,true
0938-AH22,usc:42:1320a,usc:42:1320,usc.field1.trailing-char,4,1,8,minority-prefix,true
0938-AH22,usc:42:1395u,usc:42:1395x,usc.field1.edit1,7,1,8,minority-prefix,true
0938-AH30,usc:42:1396r-4,usc:42:1395r-4,usc.field1.edit1,2,1,3,minority-prefix,true
0938-AH50,usc:42:1395u,usc:42:1395,usc.field1.trailing-char,4,1,7,minority-prefix,true
0938-AH50,usc:42:1395u,usc:42:1395w,usc.field1.edit1,4,1,7,minority-prefix,true
0938-AH67,usc:42:1395k,usc:42:1395,usc.field1.trailing-char,7,2,9,minority-prefix,true
0938-AH69,usc:42:1396r,usc:42:1395r,usc.field1.edit1,6,3,9,minority-prefix,true
0938-AH74,usc:42:12395bbb,usc:42:12395bb,usc.field1.trailing-char,2,1,4,reverted-blip,true
0938-AH75,usc:42:300gg-41,usc:42:300gg-341,usc.field1.edit1,6,1,10,reverted-blip,true
0938-AH98,usc:42:1396u-1,usc:42:1369u-1,usc.field1.transpose,5,1,7,minority-prefix,true
0938-AH99,usc:42:1320d,usc:42:1320,usc.field1.trailing-char,2,1,15,minority-suffix,true
0938-AI18,usc:42:1395l,usc:42:1395e,usc.field1.edit1,2,1,3,minority-prefix,true
0938-AI29,usc:42:1395w,usc:42:1395,usc.field1.trailing-char,2,1,7,minority-suffix,true
0938-AI52,usc:42:1395w,usc:42:1395,usc.field1.trailing-char,2,1,3,minority-prefix,true
0938-AI63,usc:42:1396a,usc:42:1396,usc.field1.trailing-char,5,1,7,minority-prefix,true
0938-AI63,usc:42:1396a,usc:42:1396aa,usc.field1.trailing-char,5,1,7,minority-prefix,true
0938-AI76,usc:42:1395x,usc:42:1395,usc.field1.trailing-char,2,1,3,minority-prefix,true
0938-AK02,usc:42:1395,usc:42:1395l,usc.field1.trailing-char,4,2,9,minority-suffix,true
0938-AK71,act:bipa:605,act:bipa:601,act.field1.edit1,3,2,6,minority-prefix,true
0938-AK71,act:bipa:606,act:bipa:601,act.field1.edit1,3,2,6,minority-prefix,true
0938-AK71,act:bipa:612,act:bipa:611,act.field1.edit1,3,2,6,minority-prefix,true
0938-AK71,act:bipa:615,act:bipa:611,act.field1.edit1,3,2,6,minority-prefix,true
0938-AK71,act:bipa:621,act:bipa:601,act.field1.edit1,3,2,6,minority-prefix,true
0938-AK71,act:bipa:621,act:bipa:611,act.field1.edit1,3,2,6,minority-prefix,true
0938-AK76,act:social security act:1171,act:social security act:1871,act.field1.edit1,3,1,4,minority-prefix,true
0938-AK90,act:bipa:613,act:bipa:623,act.field1.edit1,2,1,3,minority-prefix,true
0938-AL26,pl:106-554,pl:105-554,pl.field0.edit1,12,2,17,minority-prefix,true
0938-AM75,usc:42:1395l,usc:42:1935l,usc.field1.transpose,3,1,4,minority-prefix,true
0938-AM88,usc:42:1395x,usc:42:1395,usc.field1.trailing-char,6,2,8,minority-prefix,true
0938-AM88,usc:42:1396d,usc:42:1396,usc.field1.trailing-char,6,2,8,minority-prefix,true
0938-AO61,usc:42:1395e-2,usc:42:1395c-2,usc.field1.edit1,2,1,3,minority-prefix,true
0938-AO68,act:deficit reduction act of 2005:5111,act:deficit reduction act of 2005:511,act.field1.trailing-char,2,1,3,minority-prefix,true
0938-AO70,act:social security act:1886,act:social security act:1888,act.field1.edit1,2,1,3,minority-prefix,true
0938-AP43,usc:42:1395i-2,usc:42:13951-2,usc.field1.edit1,2,1,3,minority-prefix,true
0938-AP43,usc:42:1395i-2a,usc:42:13951-2a,usc.field1.edit1,2,1,3,minority-prefix,true
0938-AP46,act:social security act:1888,act:social security act:1886,act.field1.edit1,2,1,3,minority-prefix,true
0938-AT88,usc:42:1302b-12,usc:42:1320b-12,usc.field1.transpose,4,3,7,minority-suffix,true
0945-AA00,pl:111-5,pl:115-5,pl.field0.edit1,13,5,28,minority-suffix,true
0945-AA17,usc:42:1395,usc:42:1395l,usc.field1.trailing-char,4,1,7,minority-prefix,true
0945-AA17,usc:42:1395,usc:42:13951,usc.field1.trailing-char,4,1,7,minority-prefix,true
0955-AA08,usc:42:300jj-11,usc:2:300jj-11,usc.field0.leading-digit,2,1,3,minority-prefix,true
0960-AD93,usc:42:1302,usc:42:1382,usc.field1.edit1,10,2,14,minority-suffix,true
0960-AD93,usc:42:1383,usc:42:1382,usc.field1.edit1,12,2,14,minority-suffix,true
0960-AE12,usc:5:301,usc:45:301,usc.field0.leading-digit,2,1,3,minority-prefix,true
0960-AE97,usc:42:205,usc:42:405,usc.field1.edit1,10,1,11,reverted-blip,true
0960-AF37,usc:42:402,usc:442:402,usc.field0.leading-digit,4,1,5,minority-prefix,true
0960-AF37,usc:42:4215,usc:42:4225,usc.field1.edit1,2,1,5,minority-prefix,true
0960-AF37,usc:42:425,usc:42:4225,usc.field1.edit1,2,1,5,minority-prefix,true
0960-AF47,usc:42:1382c,usc:42:1382,usc.field1.trailing-char,7,1,20,minority-prefix,true
0960-AF53,usc:42:1383,usc:42:1382,usc.field1.edit1,2,1,3,minority-prefix,true
0960-AF69,usc:42:1382c,usc:42:1382,usc.field1.trailing-char,13,3,29,minority-prefix,true
0960-AF99,usc:42:1383b,usc:42:1382b,usc.field1.edit1,3,1,8,minority-prefix,true
0960-AF99,usc:42:1383c,usc:42:1382c,usc.field1.edit1,2,1,8,minority-prefix,true
0960-AG00,usc:42:1383b,usc:42:1383,usc.field1.trailing-char,4,2,6,minority-prefix,true
0960-AG00,usc:42:1383b,usc:42:1382b,usc.field1.edit1,4,2,6,minority-prefix,true
0960-AG13,usc:42:1382b,usc:42:1383b,usc.field1.edit1,4,1,5,minority-suffix,true
0960-AG84,usc:42:1832c,usc:42:1382c,usc.field1.transpose,4,2,6,minority-prefix,true
0960-AH42,usc:42:404,usc:42:402,usc.field1.edit1,11,1,12,minority-prefix,true
0960-AI10,act:social security act:1631,act:social security act:1631e,act.field1.trailing-char,13,1,14,minority-prefix,true
0960-AI25,usc:42:902,usc:42:905,usc.field1.edit1,3,2,7,reverted-blip,true
0960-AI49,pl:114-74,pl:117-74,pl.field0.edit1,9,1,10,minority-prefix,true
0970-AA97,usc:42:1302,usc:42:1320,usc.field1.transpose,7,2,10,minority-prefix,true
0970-AA97,usc:42:1320,usc:42:1320a,usc.field1.trailing-char,2,1,10,minority-suffix,true
0970-AA97,usc:42:1320a-1a,usc:42:1320a-2a,usc.field1.edit1,4,3,10,minority-suffix,true
0970-AA97,usc:42:627,usc:42:622,usc.field1.edit1,7,3,10,minority-suffix,true
0970-AB66,usc:42:603,usc:42:403,usc.field1.edit1,6,1,9,minority-prefix,true
0970-AB81,usc:42:1302,usc:42:1102,usc.field1.edit1,12,1,14,minority-prefix,true
0970-AB99,usc:42:9801,usc:42:9831,usc.field1.edit1,5,3,8,minority-prefix,true
0970-AC00,usc:42:9801,usc:42:9831,usc.field1.edit1,8,2,10,minority-prefix,true
0970-AC01,usc:42:652-654a,usc:42:652-654,usc.field1.trailing-char,16,2,21,minority-prefix,true
0970-AC88,usc:42:2991,usc:42:2991b,usc.field1.trailing-char,3,2,5,minority-suffix,true
1004-AE15,usc:25:396d,usc:25:396,usc.field1.trailing-char,8,7,15,minority-suffix,true
1006-AA30,usc:43:392a,usc:43:392,usc.field1.trailing-char,8,1,9,minority-prefix,true
1006-AA30,usc:43:394,usc:43:392,usc.field1.edit1,8,1,9,minority-prefix,true
1006-AA45,usc:43:3736,usc:43:373c,usc.field1.edit1,5,2,9,minority-prefix,true
1006-AA45,usc:43:3736,usc:43:373b,usc.field1.edit1,5,4,9,minority-prefix,true
1010-AC06,usc:30:1701,usc:30:170,usc.field1.trailing-char,3,2,6,minority-suffix,true
1010-AC07,usc:43:1334,usc:43:4331,usc.field1.transpose,2,1,3,minority-prefix,true
1010-AC28,usc:25:2101,usc:25:2102,usc.field1.edit1,3,1,4,minority-prefix,true
1010-AC34,usc:31:9701,usc:30:9701,usc.field0.edit1,9,1,10,minority-prefix,true
1010-AC63,usc:25:2102,usc:25:2101,usc.field1.edit1,3,2,5,minority-prefix,true
1010-AC64,usc:25:2102,usc:25:2101,usc.field1.edit1,3,2,5,minority-prefix,true
1010-AC71,usc:43:1801,usc:43:1810,usc.field1.transpose,5,1,6,minority-prefix,true
1010-AD06,usc:43:1334,usc:43:1331,usc.field1.edit1,14,11,25,minority-prefix,true
1010-AD12,usc:43:1331,usc:43:1334,usc.field1.edit1,10,4,14,minority-suffix,true
1010-AD13,usc:43:1331,usc:43:1334,usc.field1.edit1,10,8,18,minority-suffix,true
1010-AD15,usc:43:1331,usc:43:1334,usc.field1.edit1,9,5,14,minority-suffix,true
1010-AD30,usc:43:1331,usc:43:1337,usc.field1.edit1,5,2,7,minority-suffix,true
1010-AD41,usc:43:1331,usc:43:1334,usc.field1.edit1,5,2,7,minority-suffix,true
1010-AD47,usc:43:1334,usc:43:1331,usc.field1.edit1,4,2,6,minority-prefix,true
1010-AE00,usc:43:1331,usc:43:1337,usc.field1.edit1,3,1,4,minority-prefix,true
1018-AC57,usc:16:1531,usc:16:1538,usc.field1.edit1,12,8,20,minority-suffix,true
1018-AC57,usc:16:1531,usc:16:1539,usc.field1.edit1,12,8,20,minority-suffix,true
1018-AG11,usc:16:703-712,usc:16:703-711,usc.field1.edit1,12,5,17,minority-prefix,true
1018-AW64,usc:16:777c,usc:16:777,usc.field1.trailing-char,6,3,12,minority-suffix,true
1018-AW64,usc:16:777g,usc:16:777,usc.field1.trailing-char,6,3,12,minority-suffix,true
1018-AX56,usc:16:3101,usc:16:301,usc.field1.edit1,9,1,10,minority-prefix,true
1018-AY74,usc:16:742,usc:16:742a,usc.field1.trailing-char,6,1,7,minority-prefix,true
1018-AZ35,usc:166:1531,usc:16:1531,usc.field0.trailing-char,8,1,9,minority-suffix,true
1018-BA33,usc:16:777,usc:16:777u,usc.field1.trailing-char,11,1,12,reverted-blip,true
1018-BB22,usc:16:3551-3586,usc:18:3551-3586,usc.field0.edit1,5,2,7,minority-prefix,true
1018-BE34,usc:16:703-712,usc:16:703-711,usc.field1.edit1,5,1,6,minority-prefix,true
1018-BE34,usc:16:742a,usc:16:742,usc.field1.trailing-char,5,1,6,minority-prefix,true
1024-AC21,usc:16:20,usc:16:20d,usc.field1.trailing-char,2,1,3,minority-suffix,true
1024-AC75,usc:16:5397,usc:16:5937,usc.field1.transpose,3,1,4,minority-prefix,true
1024-AD42,usc:16:9,usc:16:9a,usc.field1.trailing-char,10,2,12,minority-prefix,true
1024-AE19,usc:25:3001,usc:23:3001,usc.field0.edit1,19,3,22,minority-prefix,true
1029-AB94,usc:30:1201,usc:30:12012,usc.field1.trailing-char,3,2,8,minority-prefix,true
1029-AB94,usc:30:1202,usc:30:12012,usc.field1.edit1,3,2,8,minority-suffix,true
1082-AA02,usc:43:1334,usc:43:1331,usc.field1.edit1,5,3,8,minority-prefix,true
1105-AA31,usc:31:3711,usc:31:3717,usc.field1.edit1,10,2,12,minority-prefix,true
1105-AA71,usc:49:30504,usc:49:3504,usc.field1.edit1,15,1,16,minority-prefix,true
1105-AB34,usc:42:15601,usc:42:15607,usc.field1.edit1,3,2,5,minority-suffix,true
1110-AA09,usc:28:534,usc:28:3534,usc.field1.leading-digit,2,1,3,minority-prefix,true
1115-AB45,usc:8:1102,usc:8:1201,usc.field1.transpose,11,5,16,minority-prefix,true
1115-AE31,usc:8:1102,usc:8:1201,usc.field1.transpose,7,1,8,minority-prefix,true
1115-AE47,usc:8:1182,usc:8:1282,usc.field1.edit1,13,1,14,minority-prefix,true
1115-AE61,usc:8:1186a,usc:9:1186a,usc.field0.edit1,6,2,8,minority-prefix,true
1115-AE83,usc:8:1253,usc:8:1254,usc.field1.edit1,12,1,13,minority-prefix,true
1115-AE83,usc:8:1253,usc:8:1252,usc.field1.edit1,12,1,13,minority-prefix,true
1115-AE83,usc:8:1255,usc:8:1254,usc.field1.edit1,12,1,13,minority-prefix,true
1115-AE83,usc:8:1255,usc:8:1252,usc.field1.edit1,12,1,13,minority-prefix,true
1115-AF14,usc:8:1182,usc:8:1282,usc.field1.edit1,9,1,10,minority-prefix,true
1115-AF14,usc:8:1251,usc:8:1201,usc.field1.edit1,9,1,10,minority-prefix,true
1115-AF14,usc:8:1252a,usc:8:1252b,usc.field1.edit1,9,1,10,minority-prefix,true
1115-AF24,usc:8:1182,usc:8:1102,usc.field1.edit1,9,1,10,minority-prefix,true
1115-AF24,usc:8:1182,usc:8:1184,usc.field1.edit1,9,1,10,minority-prefix,true
1115-AF26,usc:8:1203,usc:8:1201,usc.field1.edit1,9,1,10,minority-prefix,true
1115-AF26,usc:8:1257,usc:8:1252,usc.field1.edit1,9,1,10,minority-prefix,true
1115-AF26,usc:8:1257,usc:8:1227,usc.field1.edit1,9,1,10,minority-prefix,true
1115-AF81,usc:8:1221,usc:8:1201,usc.field1.edit1,5,1,6,minority-prefix,true
1115-AF96,cfr:8:2,cfr:9:2,cfr.field0.edit1,4,1,5,minority-prefix,true
1117-AB25,usc:21:886a,usc:21:886,usc.field1.trailing-char,4,1,5,reverted-blip,true
1117-AB27,usc:21:886a,usc:21:886,usc.field1.trailing-char,3,1,4,reverted-blip,true
1117-AB30,usc:21:886a,usc:21:886,usc.field1.trailing-char,9,1,10,minority-prefix,true
1120-AA98,usc:5:552a,usc:5:552,usc.field1.trailing-char,23,1,24,minority-suffix,true
1120-AB10,usc:18:5039,usc:18:5031,usc.field1.edit1,13,9,22,minority-suffix,true
1120-AB20,usc:10:876b,usc:10:876,usc.field1.trailing-char,17,2,19,minority-suffix,true
1120-AB48,usc:5:552,usc:5:552a,usc.field1.trailing-char,8,5,13,minority-prefix,true
1120-AB48,uscch:18:113,uscch:18:113b,uscch.field1.trailing-char,7,5,13,minority-prefix,true
1121-AA78,usc:42:10603,usc:42:10603c,usc.field1.trailing-char,11,2,24,minority-suffix,true
1125-AA18,usc:8:1324b,usc:8:1324,usc.field1.trailing-char,18,12,39,minority-suffix,true
1125-AA25,usc:8:1186a,usc:8:1186,usc.field1.trailing-char,24,5,29,minority-suffix,true
1125-AA27,usc:28:509-510,usc:28:509-10,usc.field1.edit1,11,5,16,minority-prefix,true
1125-AA35,usc:8:1186a,usc:8:1186,usc.field1.trailing-char,19,1,20,minority-suffix,true
1125-AA35,usc:8:1324b,usc:8:1324,usc.field1.trailing-char,19,1,20,minority-suffix,true
1125-AA38,usc:8:1324b,usc:8:1324,usc.field1.trailing-char,17,5,22,minority-suffix,true
1125-AA44,usc:8:1186a,usc:8:1186,usc.field1.trailing-char,15,1,43,minority-suffix,true
1125-AA44,usc:8:1229,usc:8:1225,usc.field1.edit1,27,16,43,minority-prefix,true
1125-AA44,usc:8:1229,usc:8:1227,usc.field1.edit1,27,16,43,minority-prefix,true
1125-AA44,usc:8:1229,usc:8:1224,usc.field1.edit1,27,16,43,minority-prefix,true
1125-AA44,usc:8:1231,usc:8:1251,usc.field1.edit1,27,16,43,minority-prefix,true
1125-AA44,usc:8:1254a,usc:8:1252a,usc.field1.edit1,27,15,43,minority-prefix,true
1125-AA44,usc:8:1255,usc:8:1251,usc.field1.edit1,27,16,43,minority-prefix,true
1125-AA44,usc:8:1255,usc:8:1225,usc.field1.edit1,27,16,43,minority-prefix,true
1125-AA44,usc:8:1324b,usc:8:1324,usc.field1.trailing-char,15,1,43,minority-suffix,true
1125-AA44,usc:8:1324d,usc:8:1324,usc.field1.trailing-char,27,1,43,minority-prefix,true
1125-AA44,usc:8:1324d,usc:8:1324b,usc.field1.edit1,27,15,43,minority-prefix,true
1125-AA45,usc:8:1324,usc:8:1324b,usc.field1.trailing-char,29,15,44,minority-prefix,true
1125-AA45,usc:8:1324,usc:8:1324a,usc.field1.trailing-char,29,15,44,minority-prefix,true
1125-AA45,usc:8:1324,usc:8:1324c,usc.field1.trailing-char,29,15,44,minority-prefix,true
1125-AA45,usc:8:1375,usc:8:1375b,usc.field1.trailing-char,29,6,44,minority-prefix,true
1125-AA45,usc:8:1375,usc:8:1375a,usc.field1.trailing-char,29,9,44,minority-prefix,true
1125-AA45,usc:8:1375a,usc:8:1375b,usc.field1.edit1,9,6,44,minority-prefix,true
1125-AA49,usc:8:11866,usc:8:1186b,usc.field1.edit1,16,4,20,minority-suffix,true
1125-AA52,usc:8:1229,usc:8:1229a,usc.field1.trailing-char,19,9,32,minority-prefix,true
1125-AA52,usc:8:1324,usc:8:1324b,usc.field1.trailing-char,19,13,32,minority-prefix,true
1125-AA53,usc:8:1324b,usc:8:1324,usc.field1.trailing-char,13,1,14,minority-suffix,true
1125-AA58,usc:8:1254,usc:8:1254a,usc.field1.trailing-char,9,8,17,minority-prefix,true
1125-AA58,usc:8:1324,usc:8:1324d,usc.field1.trailing-char,9,8,17,minority-prefix,true
1125-AA64,usc:8:1324a,usc:8:1324,usc.field1.trailing-char,4,1,5,minority-suffix,true
1125-AA65,usc:8:1231,usc:8:1251,usc.field1.edit1,5,2,7,reverted-blip,true
1140-AA04,usc:18:921-931,usc:18:921-930,usc.field1.edit1,44,1,45,minority-prefix,true
1140-AA05,usc:18:921-931,usc:18:921-930,usc.field1.edit1,44,1,45,minority-prefix,true
1140-AA07,usc:18:921-931,usc:18:921-930,usc.field1.edit1,4,1,5,minority-prefix,true
1140-AA08,usc:18:921-931,usc:18:921-930,usc.field1.edit1,44,1,45,minority-prefix,true
1140-AA09,usc:18:921-931,usc:18:921-930,usc.field1.edit1,2,1,3,minority-prefix,true
1140-AA33,usc:18:921,usc:18:926,usc.field1.edit1,13,5,26,minority-suffix,true
1190-AA48,usc:8:1324b,usc:8:1324,usc.field1.trailing-char,18,2,25,minority-suffix,true
1190-AA51,usc:42:1973a,usc:42:1973,usc.field1.trailing-char,20,2,22,minority-suffix,true
1190-AA51,usc:42:1973c,usc:42:1973,usc.field1.trailing-char,20,2,22,minority-suffix,true
1190-AA52,usc:42:2000d,usc:42:2000,usc.field1.trailing-char,20,2,22,minority-suffix,true
1190-AA58,usc:42:1973b,usc:42:1973,usc.field1.trailing-char,11,2,13,minority-suffix,true
1190-AA58,usc:42:1973j,usc:42:1973,usc.field1.trailing-char,11,2,13,minority-suffix,true
1190-AA70,usc:42:2000d,usc:42:2000,usc.field1.trailing-char,5,4,9,minority-prefix,true
1205-AB20,usc:29:939,usc:29:2939,usc.field1.leading-digit,3,1,5,minority-suffix,true
1205-AB75,usc:8:1152,usc:8:1182,usc.field1.edit1,3,1,4,minority-suffix,true
1205-AB79,pl:114-144,pl:114-114,pl.field0.edit1,3,1,4,minority-prefix,true
1210-AA60,usc:29:1136,usc:29:1166,usc.field1.edit1,11,4,15,minority-suffix,true
1210-AA63,usc:29:1185,usc:29:1181,usc.field1.edit1,13,10,23,minority-prefix,true
1210-AA63,usc:29:1185,usc:29:1182,usc.field1.edit1,13,2,23,minority-prefix,true
1210-AA77,usc:29:1182,usc:29:1181,usc.field1.edit1,10,7,17,minority-prefix,true
1210-AB38,usc:29:1135,usc:29:1135u,usc.field1.trailing-char,13,1,14,reverted-blip,true
1210-AB64,usc:29:1132,usc:29:1135,usc.field1.edit1,9,4,23,minority-prefix,true
1210-AB82,usc:29:1108,usc:29:1008,usc.field1.edit1,5,3,8,minority-prefix,true
1218-AB27,usc:5:553,usc:5:533,usc.field1.edit1,12,3,15,minority-prefix,true
1218-AB41,usc:29:651,usc:29:654,usc.field1.edit1,5,3,15,minority-prefix,true
1218-AB41,usc:29:651,usc:29:652,usc.field1.edit1,5,3,15,minority-prefix,true
1218-AB41,usc:29:651,usc:29:653,usc.field1.edit1,5,3,15,minority-suffix,true
1218-AB55,usc:5:553,usc:5:533,usc.field1.edit1,6,3,9,minority-prefix,true
1218-AB59,usc:5:553,usc:5:533,usc.field1.edit1,7,1,8,minority-prefix,true
1218-AB60,usc:5:553,usc:5:533,usc.field1.edit1,17,1,18,minority-prefix,true
1218-AB61,usc:5:553,usc:5:533,usc.field1.edit1,10,1,11,minority-prefix,true
1218-AB79,usc:29:670,usc:29:570,usc.field1.edit1,6,1,7,minority-prefix,true
1218-AC41,usc:29:655,usc:29:6559,usc.field1.trailing-char,9,7,16,minority-prefix,true
1218-AC45,usc:5:533,usc:5:553,usc.field1.edit1,30,1,31,minority-suffix,true
1218-AC58,usc:21:399d,usc:21:399,usc.field1.trailing-char,9,1,11,minority-suffix,true
1218-AC79,usc:29:218c,usc:29:218,usc.field1.trailing-char,8,1,9,minority-suffix,true
1218-AD29,usc:29:657,usc:20:657,usc.field0.edit1,2,1,3,minority-prefix,true
1219-AB09,usc:30:811,usc:80:811,usc.field0.edit1,2,1,3,minority-prefix,true
1219-AB14,usc:30:813,usc:30:812,usc.field1.edit1,13,4,24,minority-prefix,true
1219-AB63,usc:30:957,usc:30:8957,usc.field1.leading-digit,3,1,4,minority-prefix,true
1219-AB64,usc:30:813,usc:30:812,usc.field1.edit1,7,4,11,minority-prefix,true
1219-AB67,usc:30:801,usc:30:811,usc.field1.edit1,7,1,8,minority-prefix,true
1219-AB67,usc:30:813,usc:30:811,usc.field1.edit1,7,1,8,minority-prefix,true
1219-AB67,usc:30:819,usc:30:811,usc.field1.edit1,7,1,8,minority-prefix,true
1219-AB72,usc:30:815,usc:30:812,usc.field1.edit1,12,1,14,minority-prefix,true
1219-AB72,usc:30:815,usc:30:811,usc.field1.edit1,12,2,14,minority-prefix,true
1250-AA03,eo:11246,eo:11256,eo.field0.edit1,7,6,13,reverted-blip,true
1290-AA27,usc:31:3720d,usc:31:3720,usc.field1.trailing-char,7,1,8,minority-suffix,true
1400-AB14,usc:22:1475e,usc:22:14758,usc.field1.edit1,5,1,6,minority-prefix,true
1400-AB14,usc:8:1258,usc:8:1250,usc.field1.edit1,5,1,6,minority-prefix,true
1400-AB93,usc:22:2651a,usc:22:2651,usc.field1.trailing-char,3,2,5,minority-prefix,true
1400-AC25,usc:5:522,usc:5:552,usc.field1.edit1,2,1,3,minority-suffix,true
1400-AD30,case:F. 3d:588:158,case:F.3d:588:158,case.field0.edit1,5,4,11,minority-prefix,true
1400-AD30,case:F. 3d:588:158,case:F 3d:588:158,case.field0.edit1,5,2,11,minority-prefix,true
1400-AD30,case:F.3d:588:158,case:F 3d:588:158,case.field0.edit1,4,2,11,minority-suffix,true
1400-AD87,usc:22:2651,usc:22:2651a,usc.field1.trailing-char,2,1,3,minority-prefix,true
1400-AD87,usc:29:794,usc:29:794d,usc.field1.trailing-char,2,1,3,minority-prefix,true
1505-AA53,usc:15:78o-5,usc:15:780-5,usc.field1.edit1,2,1,3,minority-prefix,true
1505-AA70,usc:15:78o-5,usc:15:780-5,usc.field1.edit1,3,1,4,minority-prefix,true
1505-AC02,pl:105-33,pl:105-32,pl.field0.edit1,7,1,8,minority-prefix,true
1505-AC05,pl:110-343,pl:110-334,pl.field0.transpose,5,1,6,minority-prefix,true
1505-AC09,pl:110-343,pl:110-334,pl.field0.transpose,10,1,11,minority-prefix,true
1505-AC43,usc:5:552a,usc:5:552,usc.field1.trailing-char,8,6,14,minority-suffix,true
1505-AC45,usc:42:2000d,usc:42:2000,usc.field1.trailing-char,7,2,9,minority-suffix,true
1505-AC50,usc:5:552,usc:5:552a,usc.field1.trailing-char,6,2,8,minority-prefix,true
1506-AA97,usc:12:1829,usc:12:1829b,usc.field1.trailing-char,5,1,6,minority-prefix,true
1506-AB01,usc:12:1829,usc:12:1829b,usc.field1.trailing-char,20,6,26,other,false
1506-AB10,usc:12:1829b,usc:12:1829,usc.field1.trailing-char,13,7,20,reverted-blip,true
1506-AB16,usc:31:5316-5332,usc:31:5316-5336,usc.field1.edit1,8,3,26,minority-suffix,true
1506-AB16,usc:31:5318a,usc:31:5318,usc.field1.trailing-char,10,5,26,reverted-blip,true
1506-AB21,usc:12:1829b,usc:12:1829,usc.field1.trailing-char,17,8,25,reverted-blip,true
1506-AB21,usc:31:5316-5332,usc:31:5316-5336,usc.field1.edit1,22,3,25,minority-suffix,true
1506-AB21,usc:31:5318a,usc:31:5318,usc.field1.trailing-char,8,6,25,reverted-blip,true
1506-AB22,usc:12:1829b,usc:12:1829,usc.field1.trailing-char,18,7,25,reverted-blip,true
1506-AB22,usc:31:5316-5332,usc:31:5316-5336,usc.field1.edit1,22,3,25,minority-suffix,true
1506-AB22,usc:31:5318a,usc:31:5318,usc.field1.trailing-char,9,5,25,reverted-blip,true
1506-AB23,usc:31:5318,usc:31:5318a,usc.field1.trailing-char,5,1,6,minority-suffix,true
1506-AB25,usc:12:1829b,usc:12:1829,usc.field1.trailing-char,3,1,4,minority-suffix,true
1506-AB26,usc:31:5316-5336,usc:31:5316-5332,usc.field1.edit1,9,3,23,minority-prefix,true
1506-AB27,usc:31:5318a,usc:31:5318,usc.field1.trailing-char,4,1,5,minority-suffix,true
1506-AB28,usc:12:1829,usc:12:1829b,usc.field1.trailing-char,7,6,13,other,false
1506-AB36,usc:31:5316-5332,usc:31:5316-5336,usc.field1.edit1,14,3,17,minority-suffix,true
1506-AB39,usc:31:5316-5332,usc:31:5316-5336,usc.field1.edit1,8,2,14,minority-suffix,true
1506-AB41,usc:31:5316-5336,usc:31:5316-5332,usc.field1.edit1,9,2,11,minority-prefix,true
1506-AB43,usc:31:5316-5336,usc:31:5316-5332,usc.field1.edit1,9,2,11,minority-prefix,true
1506-AB44,usc:31:5316-5336,usc:31:5316-5332,usc.field1.edit1,2,1,3,minority-prefix,true
1506-AB45,usc:31:5316-5336,usc:31:5316-5332,usc.field1.edit1,8,2,10,minority-prefix,true
1510-AA58,usc:31:3716,usc:31:3711,usc.field1.edit1,3,1,5,minority-prefix,true
1510-AA75,usc:12:1789a,usc:12:1789,usc.field1.trailing-char,4,1,5,minority-suffix,true
1510-AA79,usc:12:1789,usc:12:1789a,usc.field1.trailing-char,8,2,10,minority-prefix,true
1510-AB25,usc:31:3334,usc:331:3334,usc.field0.leading-digit,5,1,6,minority-prefix,true
1512-AB37,usc:26:5051-5056,usc:26:5051-5057,usc.field1.edit1,11,2,16,minority-suffix,true
1512-AB37,usc:26:5401-5417,usc:26:5401-5418,usc.field1.edit1,12,2,16,minority-suffix,true
1512-AB37,usc:26:5401-5417,usc:27:5401-5417,usc.field0.edit1,12,2,16,minority-prefix,true
1512-AB48,usc:5:552,usc:5:522,usc.field1.edit1,12,2,14,minority-prefix,true
1513-AA14,usc:27:5723,usc:26:5723,usc.field0.edit1,6,1,7,minority-suffix,true
1513-AA16,usc:26:5701,usc:27:5701,usc.field0.edit1,17,6,23,minority-prefix,true
1513-AA16,usc:26:5702,usc:27:5702,usc.field0.edit1,17,6,23,minority-prefix,true
1513-AA39,usc:26:205,usc:27:205,usc.field0.edit1,6,1,7,minority-suffix,true
1513-AB11,usc:27:205,usc:26:205,usc.field0.edit1,2,1,3,minority-prefix,true
1513-AB56,usc:26:205,usc:27:205,usc.field0.edit1,19,8,27,minority-suffix,true
1515-AD49,usc:19:1593,usc:19:1593a,usc.field1.trailing-char,18,11,29,minority-prefix,true
1515-AD64,usc:19:1592-1593,usc:19:1592-1593a,usc.field1.trailing-char,18,11,29,minority-prefix,true
1515-AD77,usc:19:58,usc:19:58b,usc.field1.trailing-char,18,9,27,minority-prefix,true
1515-AD81,usc:19:1646a,usc:19:1646,usc.field1.trailing-char,9,3,12,minority-suffix,true
1530-AA03,usc:31:3720,usc:31:3720e,usc.field1.trailing-char,5,4,9,minority-prefix,true
1530-AA03,usc:31:3720,usc:31:3720d,usc.field1.trailing-char,5,4,9,minority-prefix,true
1530-AA03,usc:31:3720,usc:31:3720a,usc.field1.trailing-char,5,4,9,minority-prefix,true
1530-AA03,usc:31:3720,usc:31:3720b,usc.field1.trailing-char,5,4,9,minority-prefix,true
1535-AA00,usc:31:3301-3304,usc:31:3301-3303,usc.field1.edit1,3,2,5,minority-prefix,true
1545-AB43,usc:26:0453,usc:26:453,usc.field1.leading-digit,5,1,6,minority-prefix,true
1545-AC09,usc:26:905,usc:26:0905,usc.field1.leading-digit,33,16,49,minority-suffix,true
1545-AP10,usc:26:6038c,usc:26:6038,usc.field1.trailing-char,31,2,33,minority-prefix,true
1545-AR82,usc:26:0468b,usc:26:0468,usc.field1.trailing-char,17,4,22,minority-prefix,true
1545-AS46,usc:26:1297,usc:26:1296,usc.field1.edit1,7,6,13,minority-prefix,true
1545-AS85,usc:26:860g,usc:26:860,usc.field1.trailing-char,2,1,54,minority-suffix,true
1545-AU15,usc:26:6034a,usc:26:6034,usc.field1.trailing-char,9,1,13,minority-suffix,true
1545-AU94,usc:26:8606,usc:26:860l,usc.field1.edit1,6,4,18,minority-prefix,true
1545-AV56,usc:26:7702b,usc:26:7702,usc.field1.trailing-char,3,1,4,minority-prefix,true
1545-AV59,usc:26:8602,usc:26:8606,usc.field1.edit1,2,1,3,minority-suffix,true
1545-AV71,usc:24:4052,usc:26:4052,usc.field0.edit1,4,1,6,minority-suffix,true
1545-AW54,usc:26:263a,usc:26:263,usc.field1.trailing-char,6,1,7,minority-suffix,true
1545-AW65,usc:26:25a,usc:26:25,usc.field1.trailing-char,6,4,10,minority-suffix,true
1545-AW67,usc:26:6050,usc:26:6050s,usc.field1.trailing-char,5,3,9,minority-prefix,false
1545-AW67,usc:26:6050,usc:26:60505,usc.field1.trailing-char,5,1,9,reverted-blip,true
1545-AW67,usc:26:6050s,usc:26:60505,usc.field1.edit1,3,1,9,reverted-blip,true
1545-AX06,usc:26:263,usc:26:263a,usc.field1.trailing-char,7,4,11,minority-prefix,true
1545-AY48,usc:26:817a,usc:26:817,usc.field1.trailing-char,5,1,6,reverted-blip,true
1545-BA84,usc:26:45d,usc:26:45,usc.field1.trailing-char,24,2,26,minority-suffix,true
1545-BA89,usc:26:7602,usc:26:7802,usc.field1.edit1,4,3,7,minority-suffix,true
1545-BC02,usc:26:45d,usc:26:450,usc.field1.edit1,2,1,3,minority-prefix,true
1545-BC03,usc:26:45d,usc:26:450,usc.field1.edit1,4,1,5,minority-prefix,true
1545-BC16,usc:26:468,usc:26:468b,usc.field1.trailing-char,10,6,17,minority-suffix,true
1545-BC94,usc:26:355,usc:26:335,usc.field1.edit1,20,1,41,minority-prefix,true
1545-BE89,usc:26:450,usc:26:45d,usc.field1.edit1,11,3,14,minority-suffix,true
1545-BF20,usc:26:45j,usc:26:45,usc.field1.trailing-char,11,1,12,minority-suffix,true
1545-BF38,usc:26:6708-1t,usc:26:6708-1,usc.field1.trailing-char,4,1,12,minority-suffix,true
1545-BF50,usc:26:409a,usc:26:409,usc.field1.trailing-char,28,5,33,reverted-blip,true
1545-BG07,usc:26:263a,usc:26:263,usc.field1.trailing-char,13,6,24,minority-suffix,true
1545-BG08,usc:26:0892,usc:26:892,usc.field1.leading-digit,11,4,15,minority-suffix,true
1545-BG16,usc:26:7508a,usc:26:7805a,usc.field1.transpose,2,1,5,minority-prefix,true
1545-BG16,usc:26:7805,usc:26:7805a,usc.field1.trailing-char,4,1,5,minority-prefix,true
1545-BG42,case:F 3d:123:1460,case:F. 3d:123:1460,case.field0.edit1,21,1,22,minority-prefix,true
1545-BG80,usc:26:4979,usc:26:4679,usc.field1.edit1,3,1,4,minority-prefix,true
1545-BG98,usc:26:0954,usc:26:954,usc.field1.leading-digit,6,3,9,minority-suffix,true
1545-BH15,usc:26:6695a,usc:26:6695,usc.field1.trailing-char,17,1,18,minority-suffix,true
1545-BH34,usc:26:45d,usc:26:45,usc.field1.trailing-char,27,6,33,reverted-blip,true
1545-BH43,usc:26:6324a,usc:26:6324,usc.field1.trailing-char,16,3,19,minority-suffix,true
1545-BI04,usc:26:6039f,usc:26:6039,usc.field1.trailing-char,11,3,34,other,false
1545-BI37,usc:26:263a,usc:26:263,usc.field1.trailing-char,5,1,6,minority-suffix,true
1545-BI53,usc:26:4980g,usc:26:4980,usc.field1.trailing-char,12,2,14,minority-suffix,true
1545-BI75,usc:26:54a,usc:26:54,usc.field1.trailing-char,6,1,7,minority-suffix,true
1545-BI76,usc:26:54a,usc:26:54,usc.field1.trailing-char,4,1,5,minority-suffix,true
1545-BI95,usc:26:263a,usc:26:263,usc.field1.trailing-char,3,1,4,minority-suffix,true
1545-BK06,usc:26:5000c,usc:26:5000,usc.field1.trailing-char,10,1,11,minority-suffix,true
1545-BK08,usc:26:402a,usc:26:402,usc.field1.trailing-char,10,1,11,minority-suffix,true
1545-BK15,usc:26:453,usc:26:453b,usc.field1.trailing-char,18,9,27,minority-prefix,true
1545-BK60,usc:26:0904,usc:26:904,usc.field1.leading-digit,12,1,13,minority-suffix,true
1545-BK61,usc:26:0904,usc:26:904,usc.field1.leading-digit,12,1,13,minority-suffix,true
1545-BK62,usc:26:6707a,usc:26:6707,usc.field1.trailing-char,8,6,14,minority-suffix,true
1545-BK78,usc:26:280a,usc:26:280,usc.field1.trailing-char,8,5,13,minority-suffix,true
1545-BL25,usc:26:409a,usc:26:409,usc.field1.trailing-char,21,5,26,reverted-blip,true
1545-BL34,usc:26:6050w,usc:26:6050,usc.field1.trailing-char,19,6,25,reverted-blip,true
1545-BL40,usc:26:419,usc:26:419a,usc.field1.trailing-char,19,7,26,minority-prefix,true
1545-BL43,usc:26:36b,usc:26:36,usc.field1.trailing-char,7,2,9,minority-suffix,true
1545-BM01,usc:26:6050p,usc:26:6050,usc.field1.trailing-char,4,2,6,minority-suffix,true
1545-BM09,usc:26:36b,usc:26:36,usc.field1.trailing-char,4,3,7,minority-suffix,true
1545-BM31,usc:26:280f,usc:26:280,usc.field1.trailing-char,20,2,22,reverted-blip,true
1545-BM33,usc:26:0871,usc:26:871,usc.field1.leading-digit,4,2,6,minority-suffix,true
1545-BM68,usc:26:529a,usc:26:529,usc.field1.trailing-char,8,5,13,reverted-blip,true
1545-BM80,usc:26:954,usc:26:0954,usc.field1.leading-digit,19,2,21,minority-prefix,true
1545-BM80,usc:26:989,usc:26:0989,usc.field1.leading-digit,19,2,21,minority-prefix,true
1545-BM80,usc:26:996,usc:26:0996,usc.field1.leading-digit,19,2,21,minority-prefix,true
1545-BM85,usc:26:36,usc:26:36b,usc.field1.trailing-char,12,2,14,minority-prefix,true
1545-BM88,usc:26:0954,usc:26:0964,usc.field1.edit1,2,1,3,minority-prefix,true
1545-BN21,usc:26:4980,usc:26:4980i,usc.field1.trailing-char,8,1,9,minority-prefix,true
1545-BN27,usc:26:25,usc:26:25a,usc.field1.trailing-char,17,1,18,minority-suffix,true
1545-BN27,usc:26:6050,usc:26:6050s,usc.field1.trailing-char,15,3,18,minority-suffix,true
1545-BN42,usc:26:468,usc:26:468a,usc.field1.trailing-char,7,2,9,minority-suffix,true
1545-BN45,usc:26:894,usc:26:0894,usc.field1.leading-digit,12,7,19,minority-prefix,true
1545-BN51,usc:26:0956,usc:26:956,usc.field1.leading-digit,8,1,9,minority-suffix,true
1545-BN65,usc:26:871,usc:26:0871,usc.field1.leading-digit,5,3,8,minority-prefix,true
1545-BN89,usc:26:0897,usc:26:897,usc.field1.leading-digit,7,6,13,minority-suffix,true
1545-BO10,usc:26:6050h,usc:26:605h,usc.field1.edit1,13,1,14,minority-prefix,true
1545-BO61,usc:26:7805,usc:26:7835,usc.field1.edit1,14,2,16,minority-prefix,true
1545-BO82,usc:26:401,usc:6:401,usc.field0.leading-digit,3,2,5,minority-prefix,true
1550-AB88,usc:15:1681b,usc:15:1681w,usc.field1.edit1,4,1,5,minority-prefix,true
1550-AC13,usc:12:1464,usc:12:1462,usc.field1.edit1,5,3,10,minority-prefix,true
1550-AC19,usc:12:1463,usc:12:1462,usc.field1.edit1,7,1,8,minority-prefix,true
1550-AC19,usc:12:1464,usc:12:1462,usc.field1.edit1,7,1,8,minority-prefix,true
1557-AB47,usc:42:4104a,usc:42:4014a,usc.field1.transpose,2,1,3,minority-prefix,true
1557-AB52,usc:15:78o-5,usc:15:780-5,usc.field1.edit1,4,1,5,minority-prefix,true
1557-AB97,usc:12:1818,usc:12:1838,usc.field1.edit1,5,1,6,minority-prefix,true
1557-AB97,usc:12:1828,usc:12:1838,usc.field1.edit1,5,1,6,minority-prefix,true
1557-AB97,usc:12:1835,usc:12:1838,usc.field1.edit1,5,1,6,minority-prefix,true
1557-AB97,usc:12:3101,usc:12:3102,usc.field1.edit1,3,2,6,minority-prefix,true
1557-AB97,usc:12:3101,usc:12:3108,usc.field1.edit1,3,2,6,minority-prefix,true
1557-AB97,usc:12:3909,usc:12:3903,usc.field1.edit1,4,1,6,reverted-blip,true
1557-AC85,usc:15:1681b,usc:15:1681,usc.field1.trailing-char,3,2,5,minority-prefix,true
1557-AC85,usc:15:1681s,usc:15:1681,usc.field1.trailing-char,3,2,5,minority-prefix,true
1557-AC85,usc:15:1681w,usc:15:1681,usc.field1.trailing-char,3,2,5,minority-prefix,true
1557-AC87,usc:15:1681c,usc:15:1681,usc.field1.trailing-char,7,2,9,minority-prefix,true
1557-AC87,usc:15:1681m,usc:15:1681,usc.field1.trailing-char,7,2,9,minority-prefix,true
1557-AD14,usc:15:1681s-3,usc:15:1681s-2,usc.field1.edit1,2,1,3,minority-suffix,true
1557-AD67,usc:42:5412,usc:12:5412,usc.field0.edit1,9,5,14,minority-suffix,true
1557-AD87,usc:12:1462a,usc:12:1462,usc.field1.trailing-char,20,1,21,minority-prefix,true
1557-AD87,usc:12:1463,usc:12:1462,usc.field1.edit1,20,1,21,minority-prefix,true
1557-AD87,usc:12:1464,usc:12:1462,usc.field1.edit1,20,1,21,minority-prefix,true
1557-AD91,usc:12:1831,usc:12:1831n,usc.field1.trailing-char,2,1,3,minority-prefix,true
1557-AD93,usc:12:371d,usc:12:371a,usc.field1.edit1,3,1,4,minority-suffix,true
1557-AD95,usc:12:1463-1465,usc:12:1463-1464,usc.field1.edit1,3,1,4,minority-prefix,true
1557-AE10,usc:12:93,usc:12:93a,usc.field1.trailing-char,5,1,6,minority-suffix,true
1557-AE16,usc:12:16,usc:12:1,usc.field1.trailing-char,3,1,4,minority-suffix,true
1557-AE17,usc:12:1831n,usc:12:1831,usc.field1.trailing-char,2,1,3,minority-prefix,true
1557-AE38,usc:12:1831,usc:12:1831n,usc.field1.trailing-char,5,1,6,minority-suffix,true
1557-AE48,usc:12:1831n,usc:12:1831,usc.field1.trailing-char,3,1,4,minority-prefix,true
1601-AA05,usc:5:310,usc:5:301,usc.field1.transpose,31,6,37,minority-suffix,true
1601-AA17,cfr:5:2635,cfr:5:2625,cfr.field1.edit1,21,4,25,minority-prefix,true
1615-AA78,usc:8:1324a,usc:8:1324,usc.field1.trailing-char,6,2,8,minority-suffix,true
1615-AB18,usc:5:552,usc:8:552,usc.field0.edit1,2,1,3,minority-prefix,true
1615-AB18,usc:5:552a,usc:8:552a,usc.field0.edit1,2,1,3,minority-prefix,true
1615-AC22,usc:8:1103,usc:8:1153,usc.field1.edit1,6,2,14,minority-prefix,true
1615-AC22,usc:8:1159,usc:8:1153,usc.field1.edit1,4,2,14,minority-prefix,true
1615-AC24,usc:8:1224,usc:8:1225,usc.field1.edit1,2,1,9,minority-suffix,true
1615-AC55,usc:8:1184,usc:8:1183,usc.field1.edit1,3,1,4,minority-prefix,true
1615-AC55,usc:8:1184,usc:8:1182,usc.field1.edit1,3,1,4,minority-prefix,true
1615-AC55,usc:8:1324a,usc:8:11324a,usc.field1.leading-digit,3,1,4,minority-prefix,true
1615-AC76,usc:8:1001,usc:8:1101,usc.field1.edit1,5,3,8,minority-suffix,true
1615-AC76,usc:8:1103,usc:8:1101,usc.field1.edit1,5,3,8,minority-suffix,true
1625-AA00,usc:33:1333,usc:43:1333,usc.field0.edit1,34,6,45,minority-suffix,true
1625-AA00,usc:33:1333,usc:33:1233,usc.field1.edit1,34,5,45,minority-prefix,true
1625-AA01,usc:33:2071,usc:33:2701,usc.field1.transpose,36,9,45,minority-suffix,true
1625-AA10,usc:46:373,usc:46:3703,usc.field1.edit1,12,2,14,minority-prefix,true
1625-AA11,usc:33:1226,usc:33:1223,usc.field1.edit1,28,3,45,minority-prefix,true
1625-AA11,usc:33:1226,usc:33:1221,usc.field1.edit1,28,3,45,minority-prefix,true
1625-AA20,usc:33:1504,usc:33:1503,usc.field1.edit1,6,2,8,minority-prefix,true
1625-AA99,eo:12234,eo:1223,eo.field0.trailing-char,6,4,19,minority-prefix,true
1625-AB06,usc:46:3308,usc:46:3305,usc.field1.edit1,13,7,20,minority-prefix,true
1625-AB32,usc:46:3203,usc:46:3202,usc.field1.edit1,21,6,30,reverted-blip,true
1625-AB32,usc:46:3703,usc:46:3703a,usc.field1.trailing-char,27,3,30,minority-prefix,true
1625-AB99,usc:43:1331,usc:43:1333,usc.field1.edit1,16,10,26,minority-suffix,true
1625-AC81,usc:33:2701,usc:33:2071,usc.field1.transpose,3,1,4,minority-suffix,true
1625-AC95,usc:46:70001,usc:46:70006,usc.field1.edit1,3,1,4,minority-prefix,true
1625-AC95,usc:46:70003,usc:46:70006,usc.field1.edit1,2,1,4,minority-prefix,true
1651-AA04,usc:8:1181,usc:8:1101,usc.field1.edit1,8,1,19,minority-suffix,true
1651-AA08,usc:8:1225-1228,usc:8:1225-1227,usc.field1.edit1,10,8,18,minority-prefix,true
1651-AB35,usc:5:553,usc:5:552,usc.field1.edit1,10,1,11,minority-prefix,true
1652-AA08,usc:49:114,usc:49:114l,usc.field1.trailing-char,35,1,36,minority-prefix,true
1652-AA08,usc:49:44913,usc:49:44912,usc.field1.edit1,28,4,36,minority-suffix,true
1652-AA08,usc:49:44914,usc:49:44912,usc.field1.edit1,28,4,36,minority-suffix,true
1652-AA08,usc:49:44935,usc:49:44905,usc.field1.edit1,28,8,36,minority-suffix,true
1652-AA08,usc:49:44942,usc:49:44912,usc.field1.edit1,28,4,36,minority-suffix,true
1652-AA12,usc:49:40113,usc:49:40119,usc.field1.edit1,2,1,3,minority-prefix,true
1652-AA15,usc:49:40113,usc:49:40119,usc.field1.edit1,2,1,3,minority-prefix,true
1652-AA33,pl:108-90,pl:109-90,pl.field0.edit1,3,1,4,reverted-blip,true
1652-AA44,usc:49:5103,usc:48:5103,usc.field0.edit1,4,3,7,minority-prefix,true
1652-AA49,usc:49:44901-44907,usc:49:44901-44905,usc.field1.edit1,20,7,27,minority-suffix,true
1653-AA50,usc:8:1314a,usc:8:1324a,usc.field1.edit1,4,2,6,minority-suffix,true
1653-AA71,usc:8:1103,usc:8:1003,usc.field1.edit1,7,5,14,minority-prefix,true
1660-AA23,usc:42:5121-5206,usc:42:5121-5207,usc.field1.edit1,11,8,19,minority-suffix,true
1660-AA32,usc:42:5121-5206,usc:42:5121-5207,usc.field1.edit1,9,2,11,minority-suffix,true
1660-AA45,usc:42:5121-5206,usc:42:5121-5207,usc.field1.edit1,4,3,7,minority-suffix,true
1660-AA51,usc:42:5121-5207,usc:42:5121-5206,usc.field1.edit1,8,2,10,minority-prefix,true
1660-AA55,usc:50:2160,usc:50:2061,usc.field1.transpose,6,3,9,minority-prefix,true
1810-AA86,usc:20:1070d,usc:20:1070,usc.field1.trailing-char,2,1,3,minority-prefix,true
1810-AB25,pl:114-113,pl:113-114,pl.field0.transpose,2,1,3,minority-prefix,true
1810-AB54,usc:20:7441,usc:20:7442,usc.field1.edit1,4,1,5,minority-prefix,true
1820-AB33,usc:20:795g,usc:29:795g,usc.field0.edit1,3,1,4,minority-suffix,true
1820-AB38,usc:29:761,usc:29:761a,usc.field1.trailing-char,2,1,3,minority-prefix,true
1820-AB54,usc:20:1400-1487,usc:20:1400-1482,usc.field1.edit1,5,2,7,minority-suffix,true
1840-AC26,usc:22:2452,usc:20:2452,usc.field0.edit1,4,1,5,minority-prefix,true
1840-AC29,usc:20:1070a,usc:20:1070,usc.field1.trailing-char,2,1,3,minority-prefix,true
1840-AD13,pl:112-141,pl:112-14,pl.field0.trailing-char,3,1,4,minority-prefix,true
1901-AB36,usc:16:824p,usc:16:824,usc.field1.trailing-char,2,1,3,minority-suffix,true
1902-AB65,usc:42:7101-7352,usc:43:7101-7352,usc.field0.edit1,2,1,3,minority-prefix,true
1902-AC07,usc:15:3301-3423,usc:15:3301-3432,usc.field1.transpose,7,4,11,minority-suffix,true
1902-AC18,usc:16:791a-825r,usc:16:791s-825r,usc.field1.edit1,6,1,7,minority-prefix,true
1902-AC51,usc:16:791-825r,usc:16:791a-825r,usc.field1.edit1,11,3,14,minority-suffix,true
1902-AC97,usc:16:791a-825r,usc:16:791a-825,usc.field1.trailing-char,5,3,8,minority-prefix,true
1902-AE12,usc:16:791a-825r,usc:16:791-825r,usc.field1.edit1,2,1,3,minority-prefix,true
1902-AE30,usc:15:717-717z,usc:15:717-717w,usc.field1.edit1,8,2,10,minority-prefix,true
1902-AE76,usc:16:791-825r,usc:16:791a-825r,usc.field1.edit1,3,2,5,minority-prefix,true
1903-AA12,usc:42:6939f,usc:42:6939,usc.field1.trailing-char,8,2,10,minority-prefix,true
1904-AA82,usc:42:6311-6317,usc:42:6311-6316,usc.field1.edit1,6,2,8,minority-suffix,true
1904-AB14,usc:42:6311,usc:42:6313,usc.field1.edit1,5,1,6,minority-suffix,true
1904-AB14,usc:42:6312,usc:42:6313,usc.field1.edit1,5,1,6,minority-suffix,true
1904-AB15,usc:42:6291,usc:42:629,usc.field1.trailing-char,5,2,7,minority-suffix,true
1904-AB15,usc:42:6292,usc:42:629,usc.field1.trailing-char,5,2,7,minority-suffix,true
1904-AB68,usc:42:8259b,usc:42:8259,usc.field1.trailing-char,5,1,6,minority-prefix,true
1904-AB70,usc:41:6311-6317,usc:42:6311-6317,usc.field0.edit1,5,1,6,minority-suffix,true
1904-AB94,usc:42:6293,usc:42:6292,usc.field1.edit1,3,1,12,minority-suffix,true
1904-AB98,usc:42:6374e,usc:41:6374e,usc.field0.edit1,7,3,10,minority-prefix,true
1904-AB99,usc:42:6293,usc:42:6295,usc.field1.edit1,3,1,4,minority-prefix,true
1904-AC10,usc:42:6296,usc:42:6291,usc.field1.edit1,2,1,3,minority-prefix,true
1904-AC68,usc:42:62905,usc:42:6295,usc.field1.edit1,6,3,9,minority-suffix,true
1904-AC71,usc:42:6291,usc:42:6292,usc.field1.edit1,4,3,7,minority-suffix,true
1904-AC71,usc:42:6291,usc:42:6293,usc.field1.edit1,4,3,7,minority-suffix,true
1904-AC79,usc:42:6293,usc:42:6292,usc.field1.edit1,7,1,8,minority-prefix,true
1904-AC79,usc:42:6293,usc:42:6291,usc.field1.edit1,7,1,8,minority-prefix,true
1904-AD10,usc:42:6295,usc:42:6291,usc.field1.edit1,4,1,6,minority-suffix,true
1904-AD20,usc:42:6295,usc:42:6291,usc.field1.edit1,20,1,21,minority-prefix,true
1904-AD22,usc:42:6293,usc:42:6295,usc.field1.edit1,5,1,6,minority-prefix,true
1904-AD24,usc:42:6292,usc:42:6291,usc.field1.edit1,2,1,7,minority-prefix,true
1904-AD24,usc:42:6295,usc:42:6291,usc.field1.edit1,6,1,7,minority-prefix,true
1904-AD25,usc:42:6311-6317,usc:42:6315-6317,usc.field1.edit1,6,3,10,minority-prefix,true
1904-AD29,usc:42:6311,usc:42:6316,usc.field1.edit1,12,2,14,minority-suffix,true
1904-AD29,usc:42:6313,usc:42:6316,usc.field1.edit1,11,2,14,minority-suffix,true
1904-AD34,usc:42:6313,usc:412:6313,usc.field0.edit1,15,4,19,minority-prefix,true
1904-AD43,usc:42:6311,usc:42:63311,usc.field1.edit1,5,1,6,minority-prefix,true
1904-AD48,usc:42:6291,usc:42:6292,usc.field1.edit1,6,3,12,minority-prefix,true
1904-AD51,usc:42:6295,usc:43:6295,usc.field0.edit1,10,3,13,minority-prefix,true
1904-AD69,usc:42:6295,usc:42:6291,usc.field1.edit1,7,1,8,minority-prefix,true
1904-AD70,usc:42:6292,usc:42:6291,usc.field1.edit1,13,1,14,minority-prefix,true
1904-AD70,usc:42:6293,usc:42:6291,usc.field1.edit1,13,1,14,minority-prefix,true
1904-AD79,usc:42:6311,usc:42:6316,usc.field1.edit1,14,2,17,minority-prefix,true
1904-AD79,usc:42:6313,usc:42:6316,usc.field1.edit1,14,2,17,minority-prefix,true
1904-AE02,usc:42:6316,usc:42:6313,usc.field1.edit1,3,1,4,minority-prefix,true
1904-AE07,usc:42:6313,usc:42:6314,usc.field1.edit1,9,1,10,minority-prefix,true
1904-AE54,usc:42:6316,usc:42:6313,usc.field1.edit1,11,2,13,minority-prefix,true
1904-AE55,usc:42:6295,usc:42:6291,usc.field1.edit1,4,2,6,minority-suffix,true
1904-AE90,usc:42:6292,usc:42:6291,usc.field1.edit1,4,2,6,minority-prefix,true
1904-AE97,usc:42:6316,usc:42:6313,usc.field1.edit1,9,3,12,minority-prefix,true
1904-AF09,usc:42:6295,usc:42:6293,usc.field1.edit1,3,1,4,minority-prefix,true
1904-AF27,usc:42:6311,usc:42:6313,usc.field1.edit1,3,1,5,minority-prefix,true
1904-AF27,usc:42:6316,usc:42:6313,usc.field1.edit1,4,1,5,minority-prefix,true
1991-AB25,usc:40:4861,usc:40:486,usc.field1.trailing-char,2,1,3,minority-suffix,true
1991-AC00,usc:41:418b,usc:41:418,usc.field1.trailing-char,4,1,9,minority-suffix,true
1991-AC00,usc:42:2281a,usc:42:2281,usc.field1.trailing-char,2,1,9,minority-suffix,true
1991-AC18,usc:31:6301-6308,usc:31:6301-6208,usc.field1.edit1,7,2,9,minority-prefix,true
1992-AA39,usc:42:2201,usc:42:201,usc.field1.leading-digit,29,6,35,minority-prefix,true
1992-AA39,usc:42:2282,usc:42:2282c,usc.field1.trailing-char,19,1,35,minority-prefix,true
1992-AA39,usc:42:7101,usc:42:7107,usc.field1.edit1,18,2,35,minority-prefix,true
1992-AA53,usc:41:2201,usc:41:2201p,usc.field1.trailing-char,7,1,16,minority-prefix,true
1992-AA53,usc:42:2201,usc:41:2201,usc.field0.edit1,8,7,16,minority-prefix,true
1992-AA53,usc:50:2401,usc:50:2410,usc.field1.transpose,10,6,16,reverted-blip,true
1992-AA63,usc:42:1201,usc:42:12101,usc.field1.edit1,6,1,7,minority-prefix,true
2020-AA13,usc:7:136l,usc:7:136,usc.field1.trailing-char,8,1,9,minority-suffix,true
2020-AA21,usc:42:300f,usc:42:300,usc.field1.trailing-char,8,3,11,minority-suffix,true
2020-AA28,usc:7:136f,usc:7:136,usc.field1.trailing-char,3,1,4,reverted-blip,true
2020-AA34,usc:16:2403,usc:16:2403a,usc.field1.trailing-char,6,2,11,minority-prefix,true
2025-AA17,usc:42:11013,usc:42:11023,usc.field1.edit1,11,7,18,minority-suffix,true
2025-AA19,usc:42:11013,usc:42:11023,usc.field1.edit1,11,4,15,minority-suffix,true
2040-AA94,usc:42:300f,usc:42:300,usc.field1.trailing-char,31,10,41,minority-prefix,false
2040-AA97,usc:42:300,usc:42:300f,usc.field1.trailing-char,17,5,23,reverted-blip,false
2040-AB75,usc:42:300,usc:42:300f,usc.field1.trailing-char,10,4,14,minority-suffix,false
2040-AB82,usc:42:300,usc:42:300f,usc.field1.trailing-char,7,1,8,minority-suffix,true
2040-AB83,usc:42:300,usc:42:300f,usc.field1.trailing-char,2,1,10,minority-prefix,true
2040-AB83,usc:42:300h,usc:42:300,usc.field1.trailing-char,7,2,10,minority-suffix,true
2040-AB83,usc:42:300h,usc:42:300f,usc.field1.edit1,7,1,10,minority-prefix,true
2040-AC07,usc:42:300,usc:42:300f,usc.field1.trailing-char,12,1,13,reverted-blip,true
2040-AC13,usc:42:300f,usc:42:300,usc.field1.trailing-char,27,10,37,minority-prefix,false
2040-AC41,usc:42:300,usc:42:300f,usc.field1.trailing-char,4,2,12,minority-suffix,false
2040-AC54,usc:33:1313,usc:33:1316,usc.field1.edit1,9,2,11,minority-prefix,true
2040-AC54,usc:33:1314,usc:33:1314h,usc.field1.trailing-char,7,2,11,minority-prefix,true
2040-AC54,usc:33:1314,usc:33:1316,usc.field1.edit1,7,2,11,minority-prefix,true
2040-AC54,usc:33:1361,usc:33:1316,usc.field1.transpose,9,2,11,minority-prefix,true
2040-AC63,usc:33:1316,usc:33:1314,usc.field1.edit1,5,4,9,minority-suffix,true
2040-AC73,usc:42:300j-4,usc:42:300f-4,usc.field1.edit1,6,1,10,minority-suffix,true
2040-AC77,usc:42:300f,usc:42:300,usc.field1.trailing-char,6,1,7,minority-prefix,true
2040-AC77,usc:42:300g,usc:42:300,usc.field1.trailing-char,2,1,7,minority-prefix,true
2040-AC79,usc:33:1318,usc:33:1313,usc.field1.edit1,5,1,12,minority-prefix,true
2040-AC79,usc:33:1342,usc:33:1362,usc.field1.edit1,4,1,12,minority-prefix,true
2040-AC79,usc:33:1361,usc:33:1362,usc.field1.edit1,4,1,12,minority-prefix,true
2040-AC83,usc:42:300h,usc:42:300,usc.field1.trailing-char,4,1,5,minority-prefix,true
2040-AC91,usc:42:300,usc:42:300f,usc.field1.trailing-char,5,1,6,minority-suffix,true
2040-AC98,usc:42:300,usc:42:300f,usc.field1.trailing-char,7,2,9,minority-suffix,false
2040-AD04,usc:42:300f,usc:42:300,usc.field1.trailing-char,4,2,6,minority-suffix,true
2040-AD08,usc:33:1361,usc:33:1361a,usc.field1.trailing-char,12,1,13,minority-prefix,true
2040-AD21,usc:33:1311,usc:33:1211,usc.field1.edit1,4,1,5,minority-prefix,true
2040-AD21,usc:33:1314,usc:33:1214,usc.field1.edit1,4,1,5,minority-prefix,true
2040-AD61,usc:42:300f,usc:42:300,usc.field1.trailing-char,6,1,7,minority-prefix,true
2040-AD62,usc:33:1316,usc:33:1314,usc.field1.edit1,8,1,9,minority-suffix,true
2040-AE98,usc:42:300f,usc:42:300h,usc.field1.edit1,4,3,7,minority-suffix,true
2040-AF27,usc:33:1312,usc:33:1318,usc.field1.edit1,4,3,7,minority-prefix,true
2040-AF29,usc:42:300f,usc:42:300,usc.field1.trailing-char,15,1,16,reverted-blip,true
2040-AF37,usc:42:300f,usc:42:300,usc.field1.trailing-char,10,1,11,reverted-blip,true
2040-AF49,usc:42:300j-4,usc:40:300j-4,usc.field0.edit1,5,2,7,minority-prefix,true
2040-AF55,usc:42:300f,usc:42:300,usc.field1.trailing-char,11,1,12,reverted-blip,true
2040-AG12,usc:33:1151,usc:33:1251,usc.field1.edit1,5,1,6,minority-prefix,true
2050-AD04,usc:42:6949,usc:42:6949a,usc.field1.trailing-char,3,1,4,minority-prefix,true
2050-AD85,usc:42:6921,usc:42:6922,usc.field1.edit1,11,1,12,minority-prefix,true
2050-AD85,usc:42:6921,usc:42:6912,usc.field1.transpose,11,1,12,minority-prefix,true
2050-AE34,act:resource conservation and recovery act of 1976:2002,act:resource conservation and recovery act of 1976:8002,act.field1.edit1,2,1,47,minority-prefix,true
2050-AE50,usc:42:6949,usc:42:6949a,usc.field1.trailing-char,12,3,17,minority-prefix,true
2050-AE67,usc:42:6949a,usc:42:6949,usc.field1.trailing-char,12,4,16,minority-prefix,true
2050-AF01,usc:42:6922,usc:42:6912,usc.field1.edit1,20,12,32,minority-prefix,true
2050-AF04,usc:42:9601,usc:42:9607,usc.field1.edit1,7,1,8,minority-prefix,true
2050-AG34,usc:42:6905,usc:42:6901,usc.field1.edit1,20,1,21,minority-suffix,true
2050-AG34,usc:42:6906,usc:42:6901,usc.field1.edit1,20,1,21,minority-suffix,true
2050-AG34,usc:42:6921,usc:42:6901,usc.field1.edit1,20,1,21,minority-suffix,true
2050-AG39,usc:42:6930,usc:42:6938,usc.field1.edit1,9,1,24,minority-prefix,true
2050-AG39,usc:42:6937,usc:42:6938,usc.field1.edit1,9,1,24,minority-prefix,true
2050-AG55,usc:42:9604,usc:42:9601,usc.field1.edit1,4,1,5,minority-prefix,true
2050-AG60,usc:42:6921-29,usc:42:6921-24,usc.field1.edit1,3,1,7,minority-prefix,true
2050-AG75,usc:42:6949a,usc:42:6949,usc.field1.trailing-char,5,1,6,minority-suffix,true
2050-AG80,usc:42:6939,usc:42:6939g,usc.field1.trailing-char,6,1,8,minority-prefix,true
2050-AG86,usc:42:6949a,usc:42:6949,usc.field1.trailing-char,7,1,8,minority-prefix,true
2050-AG90,usc:42:6922-6924,usc:42:6921-6924,usc.field1.edit1,3,1,4,minority-suffix,true
2050-AG92,usc:42:6922-6924,usc:42:6922-6925,usc.field1.edit1,5,2,7,reverted-blip,true
2050-AH21,usc:42:69424,usc:42:6942,usc.field1.trailing-char,6,4,10,minority-prefix,true
2050-AH27,usc:42:6921,usc:42:6928,usc.field1.edit1,8,1,9,minority-prefix,true
2050-AH27,usc:42:6925,usc:42:6928,usc.field1.edit1,8,1,9,minority-prefix,true
2050-AH27,usc:42:6927,usc:42:6928,usc.field1.edit1,8,1,9,minority-prefix,true
2050-AH27,usc:42:6938,usc:42:6928,usc.field1.edit1,8,1,9,minority-prefix,true
2050-AH30,usc:42:6923,usc:42:6921,usc.field1.edit1,4,1,7,minority-prefix,true
2050-AH30,usc:42:6925,usc:42:6921,usc.field1.edit1,6,1,7,minority-prefix,true
2060-AG12,usc:42:7671,usc:42:7671k,usc.field1.trailing-char,15,4,19,reverted-blip,true
2060-AG20,usc:42:7671,usc:42:7671g,usc.field1.trailing-char,10,1,18,minority-prefix,true
2060-AG70,usc:42:7401-7671q,usc:42:7401-7671,usc.field1.trailing-char,3,2,5,other,false
2060-AG90,usc:42:7661a,usc:42:7661,usc.field1.trailing-char,6,1,7,minority-suffix,true
2060-AG92,usc:42:7661,usc:42:7661a,usc.field1.trailing-char,12,6,18,minority-prefix,true
2060-AH08,usc:42:7412,usc:42:7402,usc.field1.edit1,9,7,16,minority-prefix,true
2060-AH23,usc:42:7411,usc:42:7410,usc.field1.edit1,22,12,34,minority-prefix,true
2060-AH30,usc:42:7511a,usc:42:7511,usc.field1.trailing-char,2,1,3,minority-suffix,true
2060-AH37,usc:42:7410,usc:42:7401,usc.field1.transpose,25,5,30,minority-suffix,true
2060-AH59,usc:42:7401-7671,usc:42:7401-7671q,usc.field1.trailing-char,2,1,3,minority-prefix,true
2060-AH62,usc:42:7511,usc:42:7511a,usc.field1.trailing-char,2,1,3,minority-prefix,true
2060-AI11,usc:42:7401-7671,usc:42:7401-7671q,usc.field1.trailing-char,8,2,10,minority-prefix,true
2060-AI14,usc:42:7671g,usc:42:7671,usc.field1.trailing-char,2,1,3,minority-suffix,true
2060-AI62,usc:42:7511b,usc:42:7511,usc.field1.trailing-char,17,2,26,minority-suffix,true
2060-AL94,usc:42:7671-7671q,usc:42:7671-7671,usc.field1.trailing-char,10,3,35,minority-suffix,false
2060-AM54,usc:42:7671k,usc:42:7671,usc.field1.trailing-char,15,2,17,minority-suffix,true
2060-AN72,usc:42:7401,usc:42:7411,usc.field1.edit1,9,4,13,minority-suffix,true
2060-AO50,usc:42:7401-7671q,usc:42:7401-7671,usc.field1.trailing-char,4,1,5,minority-suffix,true
2060-AP38,usc:42:7408,usc:42:7401,usc.field1.edit1,10,2,12,minority-suffix,true
2060-AP38,usc:42:7409,usc:42:7401,usc.field1.edit1,10,2,12,minority-suffix,true
2060-AP92,usc:42:7671c,usc:42:7671,usc.field1.trailing-char,4,1,5,minority-suffix,true
2060-AQ07,usc:42:7401-7671q,usc:42:7401-7671,usc.field1.trailing-char,11,1,12,reverted-blip,true
2060-AQ48,usc:42:7401,usc:42:7601,usc.field1.edit1,7,4,11,minority-suffix,false
2060-AQ75,act:clean air act:111,act:clean air act:112,act.field1.edit1,6,1,10,minority-prefix,true
2060-AQ83,usc:42:7671,usc:42:7671c,usc.field1.trailing-char,2,1,3,minority-prefix,true
2060-AR02,act:clean air act:112,act:clean air act:111,act.field1.edit1,4,1,5,minority-prefix,true
2060-AR89,usc:42:7671m,usc:42:7671c,usc.field1.edit1,2,1,3,minority-prefix,true
2060-AS23,usc:42:7401,usc:42:7411,usc.field1.edit1,4,1,5,minority-prefix,true
2060-AS50,usc:42:7401,usc:42:7408,usc.field1.edit1,9,2,11,minority-prefix,true
2060-AS50,usc:42:7401,usc:42:7409,usc.field1.edit1,9,2,11,minority-prefix,true
2060-AS53,usc:42:7601,usc:42:7401,usc.field1.edit1,3,1,4,minority-prefix,true
2060-AS62,usc:42:7401-7671q,usc:42:7401-7671,usc.field1.trailing-char,13,1,15,minority-prefix,true
2060-AS74,usc:40:7601,usc:42:7601,usc.field0.edit1,20,1,21,reverted-blip,true
2060-AS74,usc:40:7651,usc:42:7651,usc.field0.edit1,19,1,21,reverted-blip,true
2060-AS82,usc:42:7401-7671q,usc:42:7401-7671,usc.field1.trailing-char,6,1,7,minority-prefix,true
2060-AT36,usc:42:7401,usc:42:7601,usc.field1.edit1,3,2,5,minority-suffix,true
2060-AT36,usc:42:7401,usc:42:7410,usc.field1.transpose,3,2,5,minority-suffix,true
2060-AT37,usc:42:7401,usc:42:7601,usc.field1.edit1,3,2,5,minority-suffix,true
2060-AT37,usc:42:7401,usc:42:7410,usc.field1.transpose,3,2,5,minority-suffix,true
2060-AT38,usc:42:7401,usc:42:7410,usc.field1.transpose,3,2,5,minority-suffix,true
2060-AT38,usc:42:7401,usc:42:7601,usc.field1.edit1,3,2,5,minority-suffix,true
2060-AT39,usc:42:7401,usc:42:7410,usc.field1.transpose,3,2,5,minority-suffix,true
2060-AT39,usc:42:7401,usc:42:7601,usc.field1.edit1,3,2,5,minority-suffix,true
2060-AU28,usc:42:7401,usc:42:7411,usc.field1.edit1,4,2,8,minority-prefix,true
2060-AU33,usc:42:7401,usc:42:7411,usc.field1.edit1,2,1,3,minority-suffix,true
2060-AU37,usc:42:7601,usc:42:7401,usc.field1.edit1,4,1,11,minority-prefix,true
2060-AU73,usc:42:7412,usc:42:7414,usc.field1.edit1,5,4,9,minority-suffix,true
2060-AU87,usc:42:7401,usc:42:7411,usc.field1.edit1,2,1,3,minority-prefix,true
2060-AV18,usc:42:7601,usc:42:7401,usc.field1.edit1,3,1,6,minority-prefix,true
2060-AV19,usc:42:7601,usc:42:7401,usc.field1.edit1,5,1,8,minority-prefix,true
2060-AV34,usc:42:7601,usc:42:7401,usc.field1.edit1,2,1,5,minority-prefix,true
2060-AV55,usc:42:7601,usc:42:7401,usc.field1.edit1,3,1,4,minority-prefix,true
2060-AV58,usc:42:7601,usc:42:7401,usc.field1.edit1,4,1,5,minority-prefix,true
2060-AV80,usc:42:7414,usc:42:7412,usc.field1.edit1,3,1,4,minority-suffix,true
2060-AV80,usc:42:7601,usc:42:7607,usc.field1.edit1,3,1,4,minority-suffix,true
2070-AA59,usc:15:2604,usc:15:2601,usc.field1.edit1,29,3,32,minority-suffix,true
2070-AA59,usc:15:2607,usc:15:2601,usc.field1.edit1,4,3,32,minority-suffix,true
2070-AB08,usc:15:2607,usc:15:2607a,usc.field1.trailing-char,28,5,33,minority-prefix,true
2070-AB14,usc:15:2603,usc:15:260,usc.field1.trailing-char,6,1,7,reverted-blip,true
2070-AB14,usc:15:2605,usc:15:260,usc.field1.trailing-char,4,1,7,minority-suffix,true
2070-AB14,usc:15:2607,usc:15:260,usc.field1.trailing-char,4,1,7,minority-suffix,true
2070-AB79,usc:15:2611,usc:5:2611,usc.field0.leading-digit,14,1,31,reverted-blip,true
2070-AB94,usc:15:2603,usc:15:260,usc.field1.trailing-char,32,1,33,reverted-blip,true
2070-AB95,usc:7:136,usc:7:136a,usc.field1.trailing-char,15,8,23,minority-prefix,true
2070-AB95,usc:7:136,usc:7:136q,usc.field1.trailing-char,15,8,23,minority-prefix,true
2070-AB95,usc:7:136,usc:7:136w,usc.field1.trailing-char,15,8,23,minority-prefix,true
2070-AC12,usc:7:136,usc:7:136a,usc.field1.trailing-char,12,6,25,minority-prefix,true
2070-AC12,usc:7:136,usc:7:136w,usc.field1.trailing-char,12,5,25,minority-prefix,true
2070-AC12,usc:7:136-136y,usc:7:136a-136y,usc.field1.edit1,5,2,25,minority-prefix,true
2070-AC27,usc:15:2601,usc:15:2611,usc.field1.edit1,11,8,27,minority-prefix,true
2070-AC27,usc:15:2603,usc:15:2601,usc.field1.edit1,16,11,27,minority-suffix,true
2070-AC33,usc:7:136,usc:7:136j,usc.field1.trailing-char,3,1,4,minority-prefix,true
2070-AC33,usc:7:136,usc:7:136i,usc.field1.trailing-char,3,1,4,minority-prefix,true
2070-AC33,usc:7:136,usc:7:136a,usc.field1.trailing-char,3,1,4,minority-prefix,true
2070-AC37,usc:15:2605,usc:15:2607,usc.field1.edit1,28,4,32,minority-prefix,true
2070-AC45,usc:21:346a,usc:21:346,usc.field1.trailing-char,4,3,7,minority-suffix,true
2070-AC45,usc:21:348,usc:21:346,usc.field1.edit1,4,3,7,minority-suffix,true
2070-AC46,usc:7:136,usc:7:136a,usc.field1.trailing-char,31,5,36,minority-prefix,false
2070-AC46,usc:7:136,usc:7:136i,usc.field1.trailing-char,31,1,36,minority-prefix,true
2070-AC46,usc:7:136,usc:7:136j,usc.field1.trailing-char,31,1,36,minority-prefix,true
2070-AC55,usc:21:346,usc:21:346a,usc.field1.trailing-char,3,1,4,minority-prefix,true
2070-AC58,usc:7:136,usc:7:136w,usc.field1.trailing-char,2,1,3,minority-prefix,true
2070-AC64,usc:15:2603,usc:15:260,usc.field1.trailing-char,13,1,32,minority-prefix,true
2070-AC66,usc:15:2605,usc:15:2604,usc.field1.edit1,9,3,12,reverted-blip,true
2070-AC66,usc:15:2607,usc:15:2604,usc.field1.edit1,9,3,12,reverted-blip,true
2070-AC66,usc:15:2614,usc:15:2604,usc.field1.edit1,5,3,12,minority-prefix,true
2070-AC67,usc:7:136,usc:7:136w,usc.field1.trailing-char,2,1,3,minority-prefix,true
2070-AC84,act:toxic substances control act:4,act:toxic substances control act:2,act.field1.edit1,2,1,16,minority-prefix,true
2070-AC93,usc:7:136,usc:7:136w,usc.field1.trailing-char,11,8,19,minority-prefix,true
2070-AC96,usc:7:136w,usc:7:136,usc.field1.trailing-char,4,2,6,minority-prefix,true
2070-AD06,usc:15:2683,usc:15:2603,usc.field1.edit1,7,3,10,minority-suffix,true
2070-AD14,usc:7:136,usc:7:136w,usc.field1.trailing-char,28,3,34,minority-prefix,true
2070-AD15,usc:21:346a,usc:21:346,usc.field1.trailing-char,6,4,10,minority-suffix,true
2070-AD16,usc:15:2601,usc:15:2611,usc.field1.edit1,3,1,31,minority-prefix,true
2070-AD16,usc:15:2603,usc:15:2601,usc.field1.edit1,28,3,31,minority-suffix,true
2070-AD23,usc:21:346,usc:21:346a,usc.field1.trailing-char,11,2,15,minority-prefix,true
2070-AD24,usc:21:346,usc:21:346a,usc.field1.trailing-char,15,2,17,minority-prefix,true
2070-AD26,usc:21:346,usc:21:346a,usc.field1.trailing-char,7,2,9,minority-prefix,true
2070-AD29,usc:7:136a,usc:7:136,usc.field1.trailing-char,12,5,17,reverted-blip,true
2070-AD29,usc:7:136w,usc:7:136,usc.field1.trailing-char,11,5,17,reverted-blip,true
2070-AD30,usc:7:136-136y,usc:7:136a-136y,usc.field1.edit1,10,1,29,minority-prefix,true
2070-AD36,usc:7:136p,usc:7:136,usc.field1.trailing-char,8,7,15,reverted-blip,true
2070-AD40,usc:7:136,usc:7:136a,usc.field1.trailing-char,3,1,4,minority-prefix,true
2070-AD52,usc:15:2607,usc:15:2605,usc.field1.edit1,9,5,14,minority-suffix,true
2070-AD55,usc:21:346a,usc:21:346,usc.field1.trailing-char,20,4,24,minority-suffix,true
2070-AD64,usc:42:4852d,usc:42:4852,usc.field1.trailing-char,17,1,18,minority-suffix,true
2070-AJ04,usc:15:2607,usc:15:2604,usc.field1.edit1,10,6,16,other,false
2070-AJ08,usc:15:2601,usc:15:2611,usc.field1.edit1,10,1,21,minority-prefix,true
2070-AJ08,usc:15:2603,usc:15:2601,usc.field1.edit1,11,10,21,minority-suffix,true
2070-AJ27,usc:21:346a,usc:21:346,usc.field1.trailing-char,4,2,13,minority-suffix,true
2070-AJ27,usc:7:136-136y,usc:7:136-136,usc.field1.trailing-char,4,1,13,minority-suffix,true
2070-AJ27,usc:7:136a,usc:7:136,usc.field1.trailing-char,7,1,13,minority-suffix,true
2070-AJ27,usc:7:136w,usc:7:136,usc.field1.trailing-char,7,1,13,minority-suffix,true
2070-AJ28,usc:21:346a,usc:21:346,usc.field1.trailing-char,33,6,39,reverted-blip,true
2070-AJ32,usc:7:136,usc:7:136a,usc.field1.trailing-char,8,4,12,minority-suffix,true
2070-AJ45,usc:7:136a,usc:7:136,usc.field1.trailing-char,4,2,7,minority-suffix,true
2070-AJ45,usc:7:136w,usc:7:136,usc.field1.trailing-char,4,2,7,minority-suffix,true
2070-AJ50,usc:7:136,usc:7:136o,usc.field1.trailing-char,2,1,6,minority-prefix,true
2070-AJ51,usc:42:7401-7671q,usc:42:7401-7671,usc.field1.trailing-char,3,1,4,reverted-blip,true
2070-AJ58,usc:7:136,usc:7:136a,usc.field1.trailing-char,5,4,9,minority-prefix,true
2070-AJ71,usc:15:2604,usc:15:2601,usc.field1.edit1,4,1,5,minority-prefix,true
2070-AJ71,usc:15:2607,usc:15:2601,usc.field1.edit1,3,1,5,minority-prefix,true
2070-AJ76,usc:21:346,usc:21:346a,usc.field1.trailing-char,4,1,5,minority-prefix,true
2070-AJ77,usc:7:136,usc:7:136a,usc.field1.trailing-char,3,1,4,minority-prefix,true
2070-AJ79,usc:7:136,usc:7:136w,usc.field1.trailing-char,6,1,8,minority-prefix,true
2070-AJ79,usc:7:136,usc:7:136a,usc.field1.trailing-char,6,2,8,minority-prefix,false
2070-AK66,usc:15:2601,usc:15:2681,usc.field1.edit1,2,1,4,minority-suffix,true
2070-AK67,usc:15:2607,usc:15:2601,usc.field1.edit1,4,3,7,minority-prefix,true
2070-AK91,usc:15:2681,usc:15:2601,usc.field1.edit1,5,1,8,minority-prefix,true
2070-AL16,usc:15:2620,usc:15:2625,usc.field1.edit1,3,1,4,minority-prefix,true
2080-AA14,usc:42:9616,usc:42:9615,usc.field1.edit1,4,2,7,minority-suffix,true
2090-AA21,usc:42:7401-7671q,usc:42:740-7671q,usc.field1.edit1,6,1,7,reverted-blip,true
2105-AE12,usc:49:47105,usc:49:41705,usc.field1.transpose,20,8,28,minority-suffix,true
2105-AE32,usc:49:41705,usc:49:47105,usc.field1.transpose,18,5,23,minority-prefix,true
2105-AE32,usc:49:41705,usc:49:41702,usc.field1.edit1,18,5,23,minority-prefix,true
2105-AE69,usc:49:166,usc:49:116,usc.field1.edit1,3,1,14,minority-suffix,true
2105-AE69,usc:49:166-117,usc:49:116-117,usc.field1.edit1,6,4,14,minority-suffix,true
2105-AF16,usc:28:2641,usc:28:2461,usc.field1.transpose,2,1,3,minority-suffix,true
2115-AE84,usc:33:1233,usc:33:1231,usc.field1.edit1,14,2,16,minority-suffix,true
2115-AF55,usc:16:4751,usc:16:4711,usc.field1.edit1,8,1,9,minority-prefix,true
2115-AF55,usc:16:4751,usc:16:4721,usc.field1.edit1,8,1,9,minority-prefix,true
2115-AF98,usc:43:1333,usc:43:1133,usc.field1.edit1,5,1,6,minority-prefix,true
2120-AD16,usc:49:106,usc:49:1406,usc.field1.edit1,21,1,22,minority-prefix,true
2120-AD45,usc:40:106,usc:49:106,usc.field0.edit1,15,1,16,minority-prefix,true
2120-AE42,usc:49:44715-44717,usc:49:44716-44717,usc.field1.edit1,14,5,20,minority-prefix,true
2120-AF23,usc:49:106,usc:4:106,usc.field0.trailing-char,6,1,7,minority-prefix,true
2120-AF86,usc:49:44101,usc:49:40101,usc.field1.edit1,6,1,7,minority-prefix,true
2120-AG87,usc:49:44716-44717,usc:49:44715-44717,usc.field1.edit1,18,1,20,minority-suffix,true
2120-AG93,usc:49:44709,usc:49:44704,usc.field1.edit1,8,7,15,minority-suffix,true
2120-AH77,usc:49:465504,usc:49:46504,usc.field1.edit1,9,2,11,reverted-blip,false
2120-AH88,usc:49:100,usc:49:106,usc.field1.edit1,11,1,12,reverted-blip,true
2120-AI05,usc:49:44709-44711,usc:49:44709-44715,usc.field1.edit1,9,1,15,minority-prefix,true
2120-AI05,usc:49:44716-44717,usc:44:44716-44717,usc.field0.edit1,4,1,15,reverted-blip,true
2120-AI53,usc:49:44717,usc:49:4717,usc.field1.leading-digit,6,4,10,minority-prefix,true
2120-AI56,usc:49:70103-70105,usc:49:70101-70105,usc.field1.edit1,2,1,5,reverted-blip,true
2120-AI63,usc:49:44709-44711,usc:49:44709-44712,usc.field1.edit1,5,2,7,minority-prefix,false
2120-AI66,usc:49:44704,usc:49:44794,usc.field1.edit1,5,1,6,minority-suffix,true
2120-AI84,usc:49:44709-44711,usc:49:44709-44713,usc.field1.edit1,5,4,9,minority-suffix,true
2120-AI91,usc:49:44701,usc:49:44707,usc.field1.edit1,2,1,4,minority-suffix,true
2120-AI91,usc:49:44701,usc:49:44709,usc.field1.edit1,2,1,4,minority-suffix,true
2120-AI91,usc:49:44703,usc:49:44707,usc.field1.edit1,3,1,4,minority-suffix,true
2120-AI91,usc:49:44703,usc:49:44709,usc.field1.edit1,3,1,4,minority-suffix,true
2120-AI93,usc:49:44709-44713,usc:49:44709-44711,usc.field1.edit1,4,3,7,minority-prefix,true
2120-AI93,usc:49:44715-44717,usc:49:44716-44717,usc.field1.edit1,4,3,7,minority-prefix,true
2120-AJ37,usc:49:40101,usc:49:44101,usc.field1.edit1,2,1,3,minority-prefix,true
2120-AJ53,usc:49:44101,usc:49:45101,usc.field1.edit1,8,1,9,minority-prefix,true
2120-AJ53,usc:49:44111,usc:49:44711,usc.field1.edit1,8,1,9,minority-prefix,true
2120-AJ71,usc:49:44701,usc:49:44709,usc.field1.edit1,5,1,6,minority-suffix,true
2120-AJ78,usc:49:44904,usc:49:44704,usc.field1.edit1,2,1,22,minority-prefix,true
2120-AJ86,usc:49:44705,usc:49:44105,usc.field1.edit1,7,1,8,minority-suffix,true
2120-AJ89,usc:49:40106,usc:49:40101,usc.field1.edit1,9,2,11,reverted-blip,true
2120-AJ89,usc:49:40106,usc:49:40105,usc.field1.edit1,9,2,11,reverted-blip,true
2120-AJ89,usc:49:40109,usc:49:40105,usc.field1.edit1,9,2,11,reverted-blip,true
2120-AJ89,usc:49:40109,usc:49:40101,usc.field1.edit1,9,2,11,reverted-blip,true
2120-AK26,usc:49:44106,usc:49:44016,usc.field1.transpose,21,1,23,reverted-blip,true
2120-AK90,usc:49:44103-44106,usc:49:44103-46106,usc.field1.edit1,2,1,3,minority-prefix,true
2120-AL23,usc:49:44702,usc:49:44707,usc.field1.edit1,8,2,10,minority-suffix,true
2120-AL23,usc:49:44702,usc:49:44703,usc.field1.edit1,8,2,10,minority-suffix,true
2120-AL23,usc:49:44705,usc:49:44707,usc.field1.edit1,8,2,10,minority-suffix,true
2120-AL23,usc:49:44705,usc:49:44703,usc.field1.edit1,8,2,10,minority-suffix,true
2120-AL23,usc:49:44717,usc:49:44707,usc.field1.edit1,8,2,10,minority-suffix,true
2120-AL36,usc:49:44715,usc:49:44705,usc.field1.edit1,7,5,12,minority-suffix,true
2120-AL51,usc:49:40113,usc:49:40103,usc.field1.edit1,7,1,8,minority-prefix,true
2120-AL51,usc:49:44707,usc:49:44702,usc.field1.edit1,7,1,8,minority-prefix,true
2120-AL51,usc:49:44707,usc:49:44701,usc.field1.edit1,7,1,8,minority-prefix,true
2120-AL51,usc:49:45103,usc:49:40103,usc.field1.edit1,7,1,8,minority-prefix,true
2120-AL52,pl:115-254,pl:115-24,pl.field0.edit1,3,1,4,minority-prefix,true
2125-AD25,usc:49:31502,usc:49:3102,usc.field1.edit1,9,1,10,minority-prefix,true
2125-AD27,usc:49:3102,usc:49:31502,usc.field1.edit1,5,4,9,minority-suffix,true
2125-AE01,usc:49:13901-13905,usc:49:13901-13906,usc.field1.edit1,5,3,8,minority-prefix,true
2126-AA00,usc:49:3102,usc:49:31502,usc.field1.edit1,2,1,3,minority-suffix,true
2126-AA03,usc:49:31102,usc:49:3102,usc.field1.edit1,11,2,13,minority-prefix,true
2126-AA05,usc:49:31502,usc:49:3102,usc.field1.edit1,10,2,12,minority-prefix,true
2126-AA06,usc:49:3102,usc:49:31502,usc.field1.edit1,2,1,3,minority-suffix,true
2126-AA10,usc:49:31305,usc:49:31301,usc.field1.edit1,16,1,19,reverted-blip,true
2126-AA10,usc:49:31502,usc:49:3102,usc.field1.edit1,17,2,19,minority-prefix,true
2126-AA17,usc:49:31301,usc:49:13301,usc.field1.transpose,8,1,9,minority-suffix,true
2126-AA22,pl:109-159,pl:109-59,pl.field0.edit1,14,1,27,minority-prefix,true
2126-AA25,usc:49:13903,usc:49:13906,usc.field1.edit1,11,3,19,minority-prefix,true
2126-AA37,usc:49:31144,usc:49:3144,usc.field1.edit1,11,2,13,minority-prefix,true
2126-AA84,usc:49:13902,usc:19:13902,usc.field0.edit1,14,1,15,reverted-blip,true
2126-AB14,usc:49:3116,usc:49:31136,usc.field1.edit1,2,1,3,minority-suffix,true
2126-AB40,usc:49:31146,usc:49:31136,usc.field1.edit1,4,3,7,minority-suffix,true
2126-AB40,usc:49:31317,usc:49:31311,usc.field1.edit1,4,3,7,minority-suffix,true
2126-AB40,usc:49:31317,usc:49:31314,usc.field1.edit1,4,3,7,minority-suffix,true
2127-AF40,usc:49:30168,usc:49:30166,usc.field1.edit1,5,4,9,minority-suffix,true
2127-AG70,usc:49:322,usc:49:332,usc.field1.edit1,5,3,8,minority-prefix,true
2127-AK32,usc:49:30141-31047,usc:49:30141-30147,usc.field1.transpose,5,1,6,reverted-blip,true
2127-AL65,usc:49:32304a,usc:49:32304,usc.field1.trailing-char,5,1,6,reverted-blip,true
2130-AC67,usc:49:21301-21302,usc:49:2130-21302,usc.field1.edit1,2,1,9,minority-suffix,true
2130-AC76,usc:49:201701,usc:49:20701,usc.field1.edit1,5,1,10,minority-prefix,true
2132-AA43,usc:49:5304,usc:49:5324,usc.field1.edit1,10,5,15,minority-suffix,true
2132-AA43,usc:49:5304,usc:49:5303,usc.field1.edit1,10,5,15,minority-suffix,true
2132-AA43,usc:49:5304,usc:49:5301,usc.field1.edit1,10,5,15,minority-suffix,true
2132-AA43,usc:49:5304,usc:49:5309,usc.field1.edit1,10,5,15,minority-suffix,true
2132-AA66,usc:42:7410,usc:42:7419,usc.field1.edit1,6,1,9,reverted-blip,true
2132-AB21,usc:42:3334,usc:42:334,usc.field1.leading-digit,4,1,5,minority-prefix,true
2132-AB26,pl:112-141,pl:112-142,pl.field0.edit1,7,1,8,reverted-blip,true
2137-AD34,usc:49:5101-5127,usc:49:5102-5127,usc.field1.edit1,8,2,10,minority-prefix,true
2137-AD68,usc:49:60102,usc:49:60101,usc.field1.edit1,9,1,10,reverted-blip,true
2137-AD68,usc:49:60103,usc:49:60101,usc.field1.edit1,8,1,10,reverted-blip,true
2137-AD68,usc:49:60104,usc:49:60101,usc.field1.edit1,8,1,10,reverted-blip,true
2137-AD68,usc:49:60108,usc:49:60101,usc.field1.edit1,9,1,10,reverted-blip,true
2137-AD68,usc:49:60109,usc:49:60101,usc.field1.edit1,8,1,10,reverted-blip,true
2137-AD68,usc:49:60110,usc:49:60101,usc.field1.transpose,8,1,10,reverted-blip,true
2137-AD95,usc:49:6101,usc:49:60101,usc.field1.edit1,2,1,3,minority-prefix,true
2137-AE33,usc:49:60102,usc:49:60101,usc.field1.edit1,2,1,4,minority-suffix,true
2137-AE33,usc:49:60103,usc:49:60113,usc.field1.edit1,2,1,4,minority-suffix,true
2137-AE33,usc:49:60103,usc:49:60101,usc.field1.edit1,2,1,4,minority-suffix,true
2137-AE33,usc:49:60111,usc:49:60101,usc.field1.edit1,2,1,4,minority-suffix,true
2137-AE33,usc:49:60111,usc:49:60113,usc.field1.edit1,2,1,4,minority-suffix,true
2137-AE33,usc:49:60118,usc:49:60113,usc.field1.edit1,2,1,4,minority-suffix,true
2137-AE37,usc:40:5101,usc:49:5101,usc.field0.edit1,6,2,8,minority-suffix,true
2137-AF22,usc:49:60102,usc:49:60101,usc.field1.edit1,8,1,9,reverted-blip,true
2140-AA50,usc:49:10901,usc:49:10101,usc.field1.edit1,7,2,9,minority-prefix,true
2501-AB57,usc:42:4822,usc:42:4821,usc.field1.edit1,8,1,9,minority-suffix,true
2501-AC47,usc:42:4151,usc:42:4153,usc.field1.edit1,5,1,12,minority-prefix,true
2501-AC61,usc:42:701,usc:41:701,usc.field0.edit1,2,1,3,minority-suffix,true
2501-AC63,usc:42:3535,usc:42:3525,usc.field1.edit1,3,2,5,minority-prefix,true
2501-AC92,usc:12:1716-1723i,usc:12:1716-1723h,usc.field1.edit1,3,2,5,minority-prefix,true
2501-AD33,usc:42:3608,usc:42:3601,usc.field1.edit1,14,2,16,minority-prefix,true
2502-AG96,usc:12:1709,usc:12:1701,usc.field1.edit1,3,1,4,minority-suffix,true
2502-AG96,usc:12:1710,usc:12:1701,usc.field1.transpose,2,1,4,minority-suffix,true
2502-AG96,usc:42:1551a,usc:42:1551,usc.field1.trailing-char,3,1,4,minority-prefix,true
2502-AH06,usc:12:1709-1715b,usc:17:1709-1715b,usc.field0.edit1,2,1,3,minority-prefix,true
2502-AH36,usc:42:3535,usc:42:535,usc.field1.leading-digit,5,3,8,minority-prefix,true
2502-AH60,usc:12:1715b,usc:12:1715,usc.field1.trailing-char,10,1,11,minority-prefix,true
2502-AH71,usc:12:1709,usc:12:1701,usc.field1.edit1,5,4,9,minority-suffix,true
2502-AH96,usc:12:1716-1723i,usc:12:1716-1723h,usc.field1.edit1,3,1,4,minority-prefix,true
2502-AI14,usc:12:1701,usc:12:1710,usc.field1.transpose,7,1,8,minority-prefix,true
2502-AI70,usc:12:5101-5113,usc:12:5101-5116,usc.field1.edit1,4,2,6,minority-suffix,true
2502-AJ30,usc:42:3535,usc:42:355,usc.field1.edit1,9,1,10,minority-suffix,true
2506-AB90,usc:42:5301-5321,usc:42:5301-5320,usc.field1.edit1,6,1,7,minority-prefix,true
2506-AC26,usc:42:11371,usc:42:11301,usc.field1.edit1,4,2,6,reverted-blip,true
2506-AC55,usc:42:12709,usc:2:12709,usc.field0.leading-digit,5,1,6,minority-prefix,true
2550-AA02,usc:12:4611,usc:12:4618,usc.field1.edit1,8,6,14,minority-suffix,true
2550-AA02,usc:12:4611,usc:12:4614,usc.field1.edit1,8,6,14,minority-suffix,true
2577-AC02,usc:42:1437t,usc:42:1437f,usc.field1.edit1,9,1,10,minority-prefix,true
2577-AC05,usc:42:1437b,usc:42:1437,usc.field1.trailing-char,7,1,8,minority-prefix,true
2577-AC07,usc:42:1437z-6,usc:42:1437-6,usc.field1.edit1,3,1,4,minority-prefix,true
2577-AC44,usc:42:1437f,usc:42:1437,usc.field1.trailing-char,4,2,6,minority-suffix,true
2577-AC55,usc:42:1437v,usc:42:1437z,usc.field1.edit1,4,1,16,minority-suffix,true
2577-AD02,usc:42:1437p,usc:42:1437f,usc.field1.edit1,7,3,10,minority-prefix,true
2577-AD13,pl:116-26,pl:116-260,pl.field0.trailing-char,4,2,6,minority-suffix,true
2590-AA13,usc:12:4519g,usc:12:4519,usc.field1.trailing-char,3,2,7,minority-suffix,true
2590-AA24,usc:12:1426,usc:12:1422,usc.field1.edit1,3,2,5,minority-prefix,true
2590-AA24,usc:12:1429,usc:12:1422,usc.field1.edit1,3,2,5,minority-prefix,true
2590-AA24,usc:12:1432,usc:12:1422,usc.field1.edit1,3,2,5,minority-prefix,true
2590-AA26,usc:12:4501,usc:12:4561,usc.field1.edit1,2,1,4,minority-prefix,true
2590-AA26,usc:12:4502,usc:12:4562,usc.field1.edit1,2,1,4,minority-prefix,true
2590-AA26,usc:12:4511,usc:12:4561,usc.field1.edit1,2,1,4,minority-prefix,true
2590-AA26,usc:12:4513,usc:12:4563,usc.field1.edit1,2,1,4,minority-prefix,true
2590-AA26,usc:12:4526,usc:12:4562,usc.field1.transpose,2,1,4,minority-prefix,true
2590-AA26,usc:12:4561-4566,usc:12:4561-4563,usc.field1.edit1,2,1,4,minority-prefix,true
2590-AA70,usc:12:14514,usc:12:4514,usc.field1.leading-digit,9,2,11,minority-suffix,true
2700-AC37,cfr:15:2640,cfr:5:2640,cfr.field0.leading-digit,3,2,6,minority-suffix,true
2700-AD51,usc:51:20113,usc:51:20112,usc.field1.edit1,2,1,8,minority-prefix,true
2900-AI93,usc:38:5901-5905,usc:38:5902-5905,usc.field1.edit1,11,1,12,minority-prefix,true
2900-AJ31,usc:28:2672,usc:28:2671,usc.field1.edit1,2,1,3,minority-prefix,true
2900-AK80,usc:38:3034,usc:38:3032,usc.field1.edit1,10,3,13,minority-prefix,true
2900-AL32,usc:38:1155,usc:38:115,usc.field1.trailing-char,7,3,10,minority-prefix,true
2900-AL44,usc:38:501,usc:38:3501,usc.field1.leading-digit,10,2,12,minority-prefix,true
2900-AL44,usc:38:512,usc:38:3512,usc.field1.leading-digit,10,2,12,minority-prefix,true
2900-AL53,pl:104-191,pl:104-101,pl.field0.edit1,2,1,3,minority-prefix,true
2900-AL70,usc:38:1111,usc:38:1113,usc.field1.edit1,16,1,17,minority-prefix,true
2900-AN40,usc:38:1965-1980a,usc:38:1965-1980,usc.field1.trailing-char,13,1,14,minority-suffix,true
2900-AN81,usc:38:2002,usc:38:2001,usc.field1.edit1,3,2,5,minority-suffix,true
2900-AN81,usc:38:2011,usc:38:2001,usc.field1.edit1,3,2,5,minority-suffix,true
2900-AN81,usc:38:2061,usc:38:2001,usc.field1.edit1,3,2,5,minority-suffix,true
2900-AO57,usc:38:1741-1745,usc:38:1741-1743,usc.field1.edit1,14,2,16,minority-suffix,true
2900-AO73,usc:42:7385,usc:42:7385e,usc.field1.trailing-char,5,3,12,minority-prefix,true
2900-AO92,usc:38:111,usc:38:111a,usc.field1.trailing-char,4,1,5,minority-prefix,true
2900-AP20,usc:38:1720,usc:38:1720e,usc.field1.trailing-char,5,4,9,minority-prefix,true
2900-AP20,usc:38:1720,usc:38:1720d,usc.field1.trailing-char,5,4,9,minority-prefix,true
2900-AS11,usc:38:5101,usc:38:501,usc.field1.edit1,3,1,4,minority-suffix,true
2900-AS17,usc:38:101,usc:38:501,usc.field1.edit1,2,1,3,minority-suffix,true
3014-AA37,usc:29:794,usc:29:794d,usc.field1.trailing-char,12,9,21,minority-prefix,true
3014-AA40,usc:29:794,usc:29:794f,usc.field1.trailing-char,12,1,13,minority-prefix,true
3037-AA00,usc:41:46-48c,usc:41:46-48,usc.field1.trailing-char,13,1,14,minority-suffix,true
3037-AA01,usc:41:46-48c,usc:41:46-48,usc.field1.trailing-char,13,3,38,minority-suffix,true
3037-AA03,usc:41:46-48c,usc:41:46-48,usc.field1.trailing-char,13,2,15,minority-suffix,true
3038-AB31,usc:7:2a,usc:7:12a,usc.field1.leading-digit,6,4,10,minority-suffix,true
3038-AB31,usc:7:4,usc:7:5,usc.field1.edit1,6,4,10,minority-suffix,true
3038-AB31,usc:7:6,usc:7:5,usc.field1.edit1,6,4,10,minority-suffix,true
3038-AB31,usc:7:6a-6d,usc:7:6a-6h,usc.field1.edit1,4,2,10,minority-prefix,true
3038-AB45,usc:7:6,usc:7:4,usc.field1.edit1,8,3,11,minority-prefix,true
3038-AB45,usc:7:6c,usc:7:4c,usc.field1.edit1,8,3,11,minority-prefix,true
3038-AB72,usc:7:2,usc:7:1,usc.field1.edit1,4,1,5,minority-prefix,true
3038-AB73,usc:7:2,usc:7:1,usc.field1.edit1,3,1,4,minority-prefix,true
3038-AB75,usc:7:1,usc:7:1a,usc.field1.trailing-char,15,8,23,minority-suffix,true
3038-AB75,usc:7:1,usc:7:2,usc.field1.edit1,15,8,23,minority-suffix,true
3038-AC07,usc:7:1,usc:7:7,usc.field1.edit1,10,4,14,minority-suffix,true
3038-AC44,usc:7:2,usc:7:1,usc.field1.edit1,3,2,5,minority-prefix,true
3038-AC48,usc:7:2,usc:7:1,usc.field1.edit1,3,2,5,minority-prefix,true
3038-AC49,usc:7:7,usc:7:1,usc.field1.edit1,3,2,5,minority-prefix,true
3038-AC50,usc:7:12a,usc:7:12,usc.field1.trailing-char,2,1,3,minority-prefix,true
3038-AC50,usc:7:2,usc:7:12,usc.field1.leading-digit,2,1,3,minority-prefix,true
3038-AC54,usc:7:6,usc:7:1,usc.field1.edit1,7,1,8,minority-prefix,true
3038-AC57,usc:7:12,usc:7:1,usc.field1.trailing-char,4,1,5,minority-prefix,true
3038-AC57,usc:7:15,usc:7:1,usc.field1.trailing-char,4,1,5,minority-prefix,true
3038-AC57,usc:7:2,usc:7:1,usc.field1.edit1,4,1,5,minority-prefix,true
3038-AC57,usc:7:9,usc:7:1,usc.field1.edit1,4,1,5,minority-prefix,true
3038-AC62,usc:7:1,usc:7:7,usc.field1.edit1,4,1,5,reverted-blip,true
3038-AC64,usc:7:1,usc:7:1a,usc.field1.trailing-char,3,1,4,minority-prefix,true
3038-AD52,usc:7:1a,usc:7:15,usc.field1.edit1,11,8,19,minority-prefix,true
3038-AD82,act:commodity exchange act:4,act:commodity exchange act:4c,act.field1.trailing-char,5,4,10,minority-prefix,true
3038-AD82,act:commodity exchange act:8,act:commodity exchange act:8a,act.field1.trailing-char,5,4,10,minority-prefix,true
3038-AD99,act:commodity exchange act:4,act:commodity exchange act:4a,act.field1.trailing-char,11,4,15,minority-prefix,true
3038-AD99,act:commodity exchange act:4,act:commodity exchange act:4c,act.field1.trailing-char,11,4,15,minority-prefix,true
3038-AD99,act:commodity exchange act:8,act:commodity exchange act:8a,act.field1.trailing-char,11,1,15,minority-prefix,true
3038-AE01,usc:7:12,usc:7:12a,usc.field1.trailing-char,13,4,19,minority-prefix,true
3038-AE27,usc:7:1a,usc:7:1,usc.field1.trailing-char,3,1,4,minority-prefix,true
3038-AE27,usc:7:24a,usc:7:24,usc.field1.trailing-char,3,1,4,minority-prefix,true
3038-AE27,usc:7:6r,usc:7:6,usc.field1.trailing-char,3,1,4,minority-prefix,true
3038-AE27,usc:7:6s,usc:7:6,usc.field1.trailing-char,3,1,4,minority-prefix,true
3038-AE56,usc:7:16a,usc:7:6a,usc.field1.leading-digit,3,1,4,minority-prefix,true
3038-AE56,usc:7:6s,usc:7:6p,usc.field1.edit1,3,1,4,minority-prefix,true
3038-AE56,usc:7:6s,usc:7:6d,usc.field1.edit1,3,1,4,minority-prefix,true
3038-AE56,usc:7:6s,usc:7:6i,usc.field1.edit1,3,1,4,minority-prefix,true
3038-AE56,usc:7:6s,usc:7:6c,usc.field1.edit1,3,1,4,minority-prefix,true
3038-AE56,usc:7:6s,usc:7:6n,usc.field1.edit1,3,1,4,minority-prefix,true
3038-AE56,usc:7:6s,usc:7:6m,usc.field1.edit1,3,1,4,minority-prefix,true
3038-AE56,usc:7:6s,usc:7:6f,usc.field1.edit1,3,1,4,minority-prefix,true
3038-AE56,usc:7:6s,usc:7:6a,usc.field1.edit1,3,1,4,minority-prefix,true
3038-AE56,usc:7:6s,usc:7:6h,usc.field1.edit1,3,1,4,minority-prefix,true
3038-AE56,usc:7:6s,usc:7:6b,usc.field1.edit1,3,1,4,minority-prefix,true
3038-AE56,usc:7:6s,usc:7:6o,usc.field1.edit1,3,1,4,minority-prefix,true
3038-AE56,usc:7:6s,usc:7:6e,usc.field1.edit1,3,1,4,minority-prefix,true
3038-AE56,usc:7:6s,usc:7:6g,usc.field1.edit1,3,1,4,minority-prefix,true
3038-AE59,usc:7:64s,usc:7:4s,usc.field1.leading-digit,7,6,13,minority-prefix,true
3038-AE73,usc:7:6c,usc:7:6s,usc.field1.edit1,2,1,3,minority-suffix,true
3038-AE73,usc:7:6c,usc:7:6r,usc.field1.edit1,2,1,3,minority-suffix,true
3038-AE73,usc:7:6c,usc:7:6,usc.field1.trailing-char,2,1,3,minority-suffix,true
3038-AE73,usc:7:6f,usc:7:6s,usc.field1.edit1,2,1,3,minority-suffix,true
3038-AE73,usc:7:6f,usc:7:6r,usc.field1.edit1,2,1,3,minority-suffix,true
3038-AE73,usc:7:6f,usc:7:6,usc.field1.trailing-char,2,1,3,minority-suffix,true
3038-AE88,usc:7:7a-2,usc:7:7aa-2,usc.field1.edit1,2,1,3,minority-prefix,true
3038-AF23,usc:7:6s,usc:7:64s,usc.field1.edit1,6,1,8,minority-prefix,true
3038-AF23,usc:7:6s,usc:7:6m,usc.field1.edit1,6,2,8,minority-prefix,true
3038-AF23,usc:7:6s,usc:7:4s,usc.field1.edit1,6,1,8,minority-prefix,true
3038-AF23,usc:7:6s,usc:7:6n,usc.field1.edit1,6,2,8,minority-prefix,true
3041-AB35,usc:15:1193,usc:15:1293,usc.field1.edit1,46,2,51,minority-prefix,true
3041-AB35,usc:15:1193,usc:15:1191,usc.field1.edit1,46,3,51,reverted-blip,true
3041-AC31,usc:15:2051,usc:15:2056,usc.field1.edit1,32,5,37,minority-suffix,true
3041-AC31,usc:15:2051,usc:15:2058,usc.field1.edit1,32,5,37,minority-suffix,true
3041-AC36,usc:15:2051,usc:15:2056,usc.field1.edit1,32,5,37,minority-suffix,true
3041-AC36,usc:15:2051,usc:15:2058,usc.field1.edit1,32,5,37,minority-suffix,true
3041-AC78,usc:15:2056,usc:15:2051,usc.field1.edit1,19,12,31,minority-prefix,true
3041-AC78,usc:15:2058,usc:15:2051,usc.field1.edit1,19,12,31,minority-prefix,true
3041-AD30,usc:15:2051,usc:15:2058,usc.field1.edit1,19,2,21,minority-suffix,true
3041-AD30,usc:15:2051,usc:15:2056,usc.field1.edit1,19,2,21,minority-suffix,true
3041-AD31,usc:15:2056,usc:15:2051,usc.field1.edit1,15,5,20,minority-prefix,true
3041-AD31,usc:15:2058,usc:15:2051,usc.field1.edit1,15,5,20,minority-prefix,true
3041-AD87,usc:15:2056e,usc:15:2056,usc.field1.trailing-char,3,2,5,minority-prefix,true
3041-AD91,usc:15:2057e,usc:15:2057,usc.field1.trailing-char,2,1,3,minority-prefix,true
3041-AD93,usc:15:2057d,usc:15:2057,usc.field1.trailing-char,2,1,3,minority-prefix,true
3045-AA56,usc:42:12645,usc:42:12645g,usc.field1.trailing-char,3,1,4,minority-prefix,true
3045-AA59,usc:5:552,usc:5:555,usc.field1.edit1,20,3,23,minority-suffix,true
3045-AA60,usc:42:12501,usc:42:12502,usc.field1.edit1,19,8,27,minority-suffix,true
3046-AA68,usc:5:522,usc:5:552,usc.field1.edit1,4,3,7,minority-prefix,true
3046-AB27,usc:29:794a,usc:29:794,usc.field1.trailing-char,2,1,3,minority-prefix,true
3052-AD20,usc:12:2202,usc:12:2201,usc.field1.edit1,11,8,19,minority-prefix,true
3052-AD20,usc:12:2202,usc:12:2200,usc.field1.edit1,11,8,19,minority-prefix,true
3060-AF50,usc:47:151,usc:47:251,usc.field1.edit1,22,6,32,minority-suffix,true
3060-AF50,usc:47:152-155,usc:47:151-155,usc.field1.edit1,20,10,32,minority-suffix,true
3060-AG42,usc:47:228,usc:47:220,usc.field1.edit1,28,2,30,minority-prefix,true
3060-AG43,usc:47:272,usc:47:275,usc.field1.edit1,28,13,41,minority-prefix,true
3060-AG49,usc:47:157,usc:47:151,usc.field1.edit1,33,25,58,minority-prefix,true
3060-AG49,usc:47:157,usc:47:154,usc.field1.edit1,33,25,58,minority-prefix,true
3060-AG49,usc:47:201-205,usc:47:201-206,usc.field1.edit1,31,27,58,minority-suffix,true
3060-AG67,usc:47:152,usc:47:151,usc.field1.edit1,2,1,3,minority-prefix,true
3060-AH03,usc:47:252,usc:47:272,usc.field1.edit1,12,3,15,minority-prefix,true
3060-AI05,usc:47:302,usc:47:308,usc.field1.edit1,4,3,12,minority-prefix,true
3060-AI05,usc:47:302,usc:47:301,usc.field1.edit1,4,3,12,minority-prefix,true
3060-AI22,usc:47:155,usc:47:151,usc.field1.edit1,12,9,21,minority-prefix,true
3060-AI22,usc:47:251,usc:47:151,usc.field1.edit1,12,9,21,minority-prefix,true
3060-AI92,usc:347:307,usc:47:307,usc.field0.leading-digit,11,2,13,minority-suffix,true
3060-AJ13,usc:47:160,usc:47:610,usc.field1.transpose,5,1,18,minority-suffix,true
3060-AJ75,usc:47:303,usc:47:303f,usc.field1.trailing-char,5,2,7,minority-prefix,true
3060-AJ89,usc:47:257,usc:47:217,usc.field1.edit1,9,6,17,minority-suffix,true
3060-AJ89,usc:47:257,usc:47:254,usc.field1.edit1,9,6,17,minority-suffix,true
3060-AJ89,usc:47:257,usc:47:251,usc.field1.edit1,9,8,17,minority-suffix,true
3060-AJ89,usc:47:257,usc:47:227,usc.field1.edit1,9,6,17,minority-suffix,true
3060-AK06,usc:47:302,usc:47:308,usc.field1.edit1,16,6,25,minority-prefix,true
3060-AK06,usc:47:302,usc:47:309,usc.field1.edit1,16,6,25,minority-prefix,true
3060-AK06,usc:47:302,usc:47:307,usc.field1.edit1,16,6,25,minority-prefix,true
3060-AK08,usc:47:225,usc:47:220,usc.field1.edit1,14,9,23,minority-suffix,true
3060-AK08,usc:47:303,usc:47:403,usc.field1.edit1,14,9,23,minority-suffix,true
3060-AK40,act:communications act of 1934:254,act:communications act of 1934:214,act.field1.edit1,9,3,21,minority-suffix,true
3060-AK40,usc:47:254,usc:47:214,usc.field1.edit1,9,3,21,minority-suffix,true
3060-AK41,usc:47:155,usc:47:151,usc.field1.edit1,13,1,19,minority-suffix,true
3064-AB31,usc:12:1831,usc:12:1835,usc.field1.edit1,9,5,14,minority-suffix,true
3064-AB31,usc:12:1831,usc:12:1831o,usc.field1.trailing-char,9,5,14,minority-suffix,true
3064-AB41,usc:12:1819,usc:12:1817,usc.field1.edit1,9,3,12,minority-suffix,true
3064-AB41,usc:12:1819,usc:12:1818,usc.field1.edit1,9,3,12,minority-suffix,true
3064-AB41,usc:12:1819,usc:12:1829,usc.field1.edit1,9,3,12,minority-suffix,true
3064-AD85,usc:12:3103,usc:12:3101,usc.field1.edit1,3,1,5,minority-suffix,true
3064-AE24,usc:12:1813,usc:12:1819,usc.field1.edit1,3,1,4,minority-prefix,true
3064-AE24,usc:12:1815,usc:12:1819,usc.field1.edit1,3,1,4,minority-prefix,true
3064-AE39,usc:12:5385,usc:12:5381,usc.field1.edit1,10,1,11,minority-prefix,true
3064-AE39,usc:12:5389,usc:12:5381,usc.field1.edit1,10,1,11,minority-prefix,true
3064-AE59,usc:12:1815,usc:12:1819,usc.field1.edit1,5,1,6,minority-prefix,true
3064-AE59,usc:12:1816,usc:12:1819,usc.field1.edit1,5,1,6,minority-prefix,true
3064-AE59,usc:12:1818,usc:12:1819,usc.field1.edit1,5,1,6,minority-prefix,true
3072-AB80,usc:46:817d,usc:46:817e,usc.field1.edit1,12,2,14,minority-prefix,true
3072-AC32,usc:46:1706,usc:46:1709,usc.field1.edit1,2,1,4,minority-suffix,true
3072-AC32,usc:46:1706,usc:46:1707,usc.field1.edit1,2,1,4,minority-suffix,true
3072-AC32,usc:46:1706,usc:46:1716,usc.field1.edit1,2,1,4,minority-suffix,true
3084-AA24,usc:15:41,usc:15:45,usc.field1.edit1,3,1,4,minority-prefix,true
3084-AA97,usc:15:6801,usc:16:6801,usc.field0.edit1,11,2,13,minority-prefix,true
3084-AB32,usc:15:18a,usc:15:18,usc.field1.trailing-char,7,2,9,minority-suffix,true
3084-AB55,usc:15:57a,usc:15:57,usc.field1.trailing-char,11,3,14,minority-prefix,true
3090-AG33,usc:40:586,usc:40:486,usc.field1.edit1,17,10,30,minority-prefix,false
3090-AI37,eo:11609,eo:11603,eo.field0.edit1,5,1,8,minority-prefix,true
3090-AJ81,eo:1327,eo:13327,eo.field0.edit1,3,2,8,minority-suffix,true
3090-AJ88,usc:42:4370m-8,usc:41:4370m-8,usc.field0.edit1,6,1,7,minority-prefix,true
3095-AB84,uscch:44:15,uscch:44:5,uscch.field1.leading-digit,20,1,21,minority-suffix,true
3095-AC19,usc:44:3102,usc:44:3101,usc.field1.edit1,3,2,5,minority-suffix,true
3095-AC20,usc:5:552,usc:5:552a,usc.field1.trailing-char,3,2,5,minority-suffix,true
3133-AC14,usc:12:1790,usc:12:1790d,usc.field1.trailing-char,2,1,3,minority-suffix,true
3133-AC51,usc:12:1755-1757,usc:12:1755-1657,usc.field1.edit1,3,1,4,minority-prefix,true
3133-AC53,usc:12:1759,usc:12:1757,usc.field1.edit1,2,1,3,minority-prefix,true
3133-AC53,usc:12:1761,usc:12:1766,usc.field1.edit1,2,1,3,minority-prefix,true
3133-AC77,usc:12:1766,usc:12:1761,usc.field1.edit1,2,1,3,minority-suffix,true
3133-AC98,usc:12:1755,usc:12:1757,usc.field1.edit1,7,3,11,minority-suffix,true
3133-AC98,usc:12:1759,usc:12:1757,usc.field1.edit1,8,3,11,minority-suffix,true
3133-AD58,usc:12:1766,usc:12:1762,usc.field1.edit1,4,1,5,minority-suffix,true
3133-AD58,usc:12:1766,usc:12:1786,usc.field1.edit1,4,1,5,minority-suffix,true
3133-AE23,usc:12:3339,usc:12:3331,usc.field1.edit1,19,2,24,minority-suffix,true
3133-AE64,usc:12:1784,usc:12:1784e,usc.field1.trailing-char,2,1,6,minority-suffix,true
3136-AA18,usc:5:552a,usc:5:552,usc.field1.trailing-char,36,12,48,reverted-blip,true
3136-AA27,usc:5:522,usc:5:552,usc.field1.edit1,14,5,19,minority-suffix,true
3141-AA10,usc:25:2706,usc:25:2701,usc.field1.edit1,11,3,14,minority-suffix,true
3141-AA25,usc:31:3716,usc:31:3711,usc.field1.edit1,13,8,22,minority-suffix,true
3141-AA32,usc:25:2701,usc:25:2710,usc.field1.transpose,15,10,36,minority-prefix,true
3150-AE26,usc:42:5841,usc:42:5846,usc.field1.edit1,7,3,10,minority-prefix,true
3170-AA11,usc:15:1639e,usc:15:1639,usc.field1.trailing-char,4,1,5,minority-prefix,true
3170-AA11,usc:15:1639h,usc:15:1639,usc.field1.trailing-char,4,1,5,minority-prefix,true
3170-AA14,usc:15:1602,usc:12:1602,usc.field0.edit1,2,1,3,minority-suffix,true
3170-AA14,usc:15:1638,usc:12:1638,usc.field0.edit1,2,1,3,minority-suffix,true
3170-AA14,usc:15:1639f,usc:15:1639,usc.field1.trailing-char,2,1,3,minority-prefix,true
3170-AA14,usc:15:1639g,usc:15:1639,usc.field1.trailing-char,2,1,3,minority-prefix,true
3170-AA17,usc:15:1604,usc:12:1604,usc.field0.edit1,2,1,3,minority-suffix,true
3170-AA22,usc:15:1693,usc:15:1693b,usc.field1.trailing-char,6,4,10,minority-suffix,true
3170-AB04,usc:12:2607,usc:12:2601,usc.field1.edit1,3,1,4,minority-suffix,true
3170-AB04,usc:12:2609,usc:12:2601,usc.field1.edit1,3,1,4,minority-suffix,true
3206-AG47,usc:5:5545a,usc:5:5545,usc.field1.trailing-char,6,1,8,minority-prefix,true
3206-AG47,usc:5:5548,usc:5:5348,usc.field1.edit1,7,1,8,minority-prefix,true
3206-AI20,usc:5:3301,usc:5:3304,usc.field1.edit1,18,10,32,minority-suffix,true
3206-AI20,usc:5:3302,usc:5:3304,usc.field1.edit1,18,10,32,minority-suffix,true
3206-AJ65,usc:5:4506,usc:5:4507,usc.field1.edit1,9,2,11,minority-suffix,true
3206-AK78,usc:5:5304,usc:5:5307,usc.field1.edit1,2,1,3,minority-prefix,true
3206-AL09,usc:5:5307,usc:5:5304,usc.field1.edit1,2,1,3,minority-suffix,true
3206-AO09,uscch:5:89,uscch:5:87,uscch.field1.edit1,3,1,4,minority-prefix,true
3220-AB70,usc:45:231f,usc:45:231,usc.field1.trailing-char,8,1,9,minority-suffix,true
3220-AB71,usc:45:231a,usc:45:231,usc.field1.trailing-char,14,1,15,reverted-blip,true
3220-AB71,usc:45:231f,usc:45:231,usc.field1.trailing-char,14,1,15,reverted-blip,true
3235-AD21,usc:15:80b-6a,usc:15:80b-6,usc.field1.trailing-char,5,1,11,minority-suffix,true
3235-AD21,usc:15:80b-6a,usc:15:80b-3a,usc.field1.edit1,5,1,11,minority-suffix,true
3235-AE11,usc:15:78w,usc:15:78m,usc.field1.edit1,3,1,4,minority-suffix,true
3235-AE11,usc:15:78w,usc:15:78o,usc.field1.edit1,3,1,4,minority-suffix,true
3235-AE11,usc:15:78w,usc:15:78n,usc.field1.edit1,3,1,4,minority-suffix,true
3235-AE11,usc:15:78w,usc:15:78l,usc.field1.edit1,3,1,4,minority-suffix,true
3235-AE11,usc:15:78w,usc:15:78b,usc.field1.edit1,3,1,4,minority-suffix,true
3235-AE11,usc:15:78w,usc:15:78c,usc.field1.edit1,3,1,4,minority-suffix,true
3235-AF78,usc:15:79e,usc:15:79c,usc.field1.edit1,12,5,21,minority-prefix,true
3235-AF78,usc:15:79f,usc:15:79c,usc.field1.edit1,12,5,21,minority-prefix,true
3235-AF78,usc:15:79i,usc:15:79c,usc.field1.edit1,12,5,21,minority-prefix,true
3235-AF78,usc:15:79j,usc:15:79c,usc.field1.edit1,12,5,21,minority-prefix,true
3235-AF78,usc:15:79l,usc:15:79c,usc.field1.edit1,12,5,21,minority-prefix,true
3235-AF78,usc:15:79m,usc:15:79c,usc.field1.edit1,12,5,21,minority-prefix,true
3235-AF78,usc:15:79n,usc:15:79c,usc.field1.edit1,12,5,21,minority-prefix,true
3235-AF78,usc:15:79o,usc:15:79c,usc.field1.edit1,12,5,21,minority-prefix,true
3235-AF78,usc:15:79t,usc:15:79c,usc.field1.edit1,12,5,21,minority-prefix,true
3235-AF79,usc:15:79,usc:15:79f,usc.field1.trailing-char,9,3,12,minority-suffix,true
3235-AF79,usc:15:79,usc:15:79t,usc.field1.trailing-char,9,3,12,minority-suffix,true
3235-AF93,usc:15:78n,usc:15:78,usc.field1.trailing-char,17,11,28,minority-suffix,true
3235-AF93,usc:15:78o,usc:15:78,usc.field1.trailing-char,17,11,28,minority-suffix,true
3235-AF93,usc:15:78w,usc:15:78,usc.field1.trailing-char,17,11,28,minority-suffix,true
3235-AF93,usc:15:80a-8,usc:15:80a-1,usc.field1.edit1,17,11,28,minority-suffix,true
3235-AG62,usc:15:601,usc:5:601,usc.field0.leading-digit,3,2,7,minority-suffix,true
3235-AG64,usc:15:77e,usc:15:77a,usc.field1.edit1,2,1,18,minority-suffix,true
3235-AG64,usc:15:77f,usc:15:77a,usc.field1.edit1,17,1,18,minority-suffix,true
3235-AG64,usc:15:77g,usc:15:77a,usc.field1.edit1,2,1,18,minority-suffix,true
3235-AG64,usc:15:77h,usc:15:77a,usc.field1.edit1,2,1,18,minority-suffix,true
3235-AG64,usc:15:77j,usc:15:77a,usc.field1.edit1,17,1,18,minority-suffix,true
3235-AG64,usc:15:77s,usc:15:77a,usc.field1.edit1,2,1,18,minority-suffix,true
3235-AG64,usc:15:78j,usc:15:78,usc.field1.trailing-char,2,1,18,minority-suffix,true
3235-AG64,usc:15:78l,usc:15:78,usc.field1.trailing-char,2,1,18,minority-suffix,true
3235-AG64,usc:15:78m,usc:15:78,usc.field1.trailing-char,2,1,18,minority-suffix,true
3235-AG64,usc:15:78o,usc:15:78,usc.field1.trailing-char,2,1,18,minority-suffix,true
3235-AG64,usc:15:78w,usc:15:78,usc.field1.trailing-char,2,1,18,minority-suffix,true
3235-AG64,usc:15:80a-6,usc:15:80a-1,usc.field1.edit1,2,1,18,minority-suffix,true
3235-AG64,usc:15:80a-8,usc:15:80a-1,usc.field1.edit1,2,1,18,minority-suffix,true
3235-AG94,usc:15:77f,usc:15:77a,usc.field1.edit1,8,5,13,minority-prefix,true
3235-AG94,usc:15:77g,usc:15:77a,usc.field1.edit1,8,5,13,minority-prefix,true
3235-AG94,usc:15:77h,usc:15:77a,usc.field1.edit1,8,5,13,minority-prefix,true
3235-AG94,usc:15:77j,usc:15:77a,usc.field1.edit1,8,5,13,minority-prefix,true
3235-AG94,usc:15:77s,usc:15:77a,usc.field1.edit1,8,5,13,minority-prefix,true
3235-AG98,usc:15:80a-29,usc:15:80a-24,usc.field1.edit1,4,1,8,minority-prefix,true
3235-AH16,usc:15:78i,usc:15:78k,usc.field1.edit1,4,1,5,minority-suffix,true
3235-AH19,usc:15:77f,usc:15:77,usc.field1.trailing-char,2,1,13,minority-prefix,true
3235-AH19,usc:15:77h,usc:15:77f,usc.field1.edit1,11,2,13,minority-suffix,true
3235-AH22,usc:15:80b-3a,usc:15:80b-6a,usc.field1.edit1,2,1,3,minority-suffix,true
3235-AH77,usc:15:80a-8,usc:15:80a-1,usc.field1.edit1,2,1,4,minority-prefix,true
3235-AI10,usc:5:77a,usc:15:77a,usc.field0.leading-digit,8,5,13,minority-suffix,true
3235-AI10,usc:5:78a,usc:15:78a,usc.field0.leading-digit,8,5,13,minority-suffix,true
3235-AI17,usc:15:78bbb,usc:15:78bb,usc.field1.trailing-char,17,3,20,minority-suffix,true
3235-AI47,usc:15:78,usc:15:78a,usc.field1.trailing-char,4,1,5,minority-suffix,true
3235-AI95,usc:15:77a,usc:15:77s,usc.field1.edit1,2,1,3,minority-prefix,true
3235-AI95,usc:15:77a,usc:15:77j,usc.field1.edit1,2,1,3,minority-prefix,true
3235-AI95,usc:15:80a-1,usc:15:80a-8,usc.field1.edit1,2,1,3,minority-prefix,true
3235-AJ44,usc:15:77a,usc:15:77j,usc.field1.edit1,7,1,8,minority-prefix,true
3235-AJ44,usc:15:77a,usc:15:77e,usc.field1.edit1,7,1,8,minority-prefix,true
3235-AJ44,usc:15:77a,usc:15:77g,usc.field1.edit1,7,1,8,minority-prefix,true
3235-AJ44,usc:15:77a,usc:15:77f,usc.field1.edit1,7,1,8,minority-prefix,true
3235-AJ44,usc:15:77a,usc:15:77h,usc.field1.edit1,7,1,8,minority-prefix,true
3235-AJ44,usc:15:77a,usc:15:77s,usc.field1.edit1,7,1,8,minority-prefix,true
3235-AJ44,usc:15:80a-1,usc:15:80a-8,usc.field1.edit1,7,1,8,minority-prefix,true
3235-AJ57,usc:15:78b,usc:15:78,usc.field1.trailing-char,2,1,3,minority-prefix,true
3235-AJ57,usc:15:78c,usc:15:78,usc.field1.trailing-char,2,1,3,minority-prefix,true
3235-AJ57,usc:15:78o,usc:15:78,usc.field1.trailing-char,2,1,3,minority-prefix,true
3235-AJ57,usc:15:78q,usc:15:78,usc.field1.trailing-char,2,1,3,minority-prefix,true
3235-AJ57,usc:15:78s,usc:15:78,usc.field1.trailing-char,2,1,3,minority-prefix,true
3235-AJ57,usc:15:78w,usc:15:78,usc.field1.trailing-char,2,1,3,minority-prefix,true
3235-AK33,usc:15:80a-29,usc:15:80a-39,usc.field1.edit1,2,1,3,minority-prefix,true
3235-AK33,usc:15:80a-30,usc:15:80a-34,usc.field1.edit1,2,1,3,minority-prefix,true
3235-AK33,usc:15:80a-30,usc:15:80a-39,usc.field1.edit1,2,1,3,minority-prefix,true
3235-AK60,usc:15:77a,usc:15:77j,usc.field1.edit1,19,1,20,minority-suffix,true
3235-AK60,usc:15:77a,usc:15:77s,usc.field1.edit1,19,1,20,minority-suffix,true
3235-AK60,usc:15:80a-1,usc:15:80a-8,usc.field1.edit1,19,1,20,minority-suffix,true
3235-AK93,usc:15:78dd,usc:15:78d,usc.field1.trailing-char,23,3,26,minority-suffix,true
3235-AL00,usc:15:78n,usc:15:78,usc.field1.trailing-char,22,1,23,reverted-blip,true
3235-AL04,usc:15:77z-3m,usc:15:77z-3,usc.field1.trailing-char,23,3,26,minority-suffix,true
3235-AL27,usc:15:80b-211,usc:15:80b-11,usc.field1.edit1,11,5,16,minority-suffix,true
3235-AL60,usc:15:80a-31,usc:15:80a-37,usc.field1.edit1,8,3,11,minority-suffix,true
3235-AL60,usc:15:80a-31,usc:15:80a-33,usc.field1.edit1,8,1,11,minority-suffix,true
3235-AL60,usc:15:80a-31,usc:15:80a-35,usc.field1.edit1,8,1,11,minority-suffix,true
3235-AL60,usc:15:80a-38,usc:15:80a-33,usc.field1.edit1,8,1,11,minority-suffix,true
3235-AL60,usc:15:80a-38,usc:15:80a-18,usc.field1.edit1,8,3,11,minority-suffix,true
3235-AL60,usc:15:80a-38,usc:15:80a-35,usc.field1.edit1,8,1,11,minority-suffix,true
3235-AL60,usc:15:80a-38,usc:15:80a-37,usc.field1.edit1,8,3,11,minority-suffix,true
3235-AL60,usc:15:80b,usc:15:80a,usc.field1.edit1,2,1,11,minority-prefix,true
3235-AL66,usc:15:78b,usc:15:78a,usc.field1.edit1,5,4,9,minority-suffix,true
3235-AL66,usc:15:78c,usc:15:78a,usc.field1.edit1,5,4,9,minority-suffix,true
3235-AL66,usc:15:78i,usc:15:78a,usc.field1.edit1,5,4,9,minority-suffix,true
3235-AL66,usc:15:78j,usc:15:78a,usc.field1.edit1,5,4,9,minority-suffix,true
3235-AL66,usc:15:78l,usc:15:78a,usc.field1.edit1,5,4,9,minority-suffix,true
3235-AL66,usc:15:78m,usc:15:78a,usc.field1.edit1,5,4,9,minority-suffix,true
3235-AL66,usc:15:78n,usc:15:78a,usc.field1.edit1,5,4,9,minority-suffix,true
3235-AL69,usc:15:78q,usc:15:78f,usc.field1.edit1,7,5,12,minority-prefix,true
3235-AL69,usc:15:78q,usc:15:78w,usc.field1.edit1,7,5,12,minority-prefix,true
3235-AL77,usc:15:772-3,usc:15:77z-3,usc.field1.edit1,5,2,8,minority-suffix,true
3235-AL77,usc:15:77l,usc:15:77c,usc.field1.edit1,6,2,8,minority-suffix,true
3235-AL77,usc:15:77l,usc:15:78l,usc.field1.edit1,6,2,8,minority-suffix,true
3235-AL77,usc:15:77l,usc:15:77f,usc.field1.edit1,6,2,8,minority-suffix,true
3235-AL77,usc:15:77m,usc:15:78m,usc.field1.edit1,6,2,8,minority-suffix,true
3235-AL77,usc:15:77m,usc:15:77f,usc.field1.edit1,6,2,8,minority-suffix,true
3235-AL77,usc:15:77m,usc:15:77c,usc.field1.edit1,6,2,8,minority-suffix,true
3235-AL77,usc:15:77mm,usc:15:778mm,usc.field1.edit1,6,2,8,minority-suffix,true
3235-AL77,usc:15:77o,usc:15:78o,usc.field1.edit1,6,2,8,minority-suffix,true
3235-AL77,usc:15:77o,usc:15:77f,usc.field1.edit1,6,2,8,minority-suffix,true
3235-AL77,usc:15:77o,usc:15:77c,usc.field1.edit1,6,2,8,minority-suffix,true
3235-AL77,usc:15:77w,usc:15:77f,usc.field1.edit1,6,2,8,minority-suffix,true
3235-AL77,usc:15:77w,usc:15:78w,usc.field1.edit1,6,2,8,minority-suffix,true
3235-AL77,usc:15:77w,usc:15:77c,usc.field1.edit1,6,2,8,minority-suffix,true
3235-AL81,usc:15:78l,usc:15:780,usc.field1.edit1,4,1,5,minority-prefix,true
3235-AL81,usc:15:78l,usc:15:77l,usc.field1.edit1,4,1,5,minority-prefix,true
3235-AL81,usc:15:78o,usc:15:780,usc.field1.edit1,4,1,5,minority-prefix,true
3235-AL88,usc:15:77f,usc:16:77f,usc.field0.edit1,6,2,8,minority-prefix,true
3235-AL88,usc:15:77g,usc:16:77g,usc.field0.edit1,6,2,8,minority-prefix,true
3235-AL88,usc:15:77h,usc:16:77h,usc.field0.edit1,6,2,8,minority-prefix,true
3235-AL88,usc:15:77j,usc:16:77j,usc.field0.edit1,6,2,8,minority-prefix,true
3235-AL96,usc:15:78w,usc:15:78s,usc.field1.edit1,6,5,11,minority-suffix,true
3235-AL96,usc:15:78w,usc:15:78c,usc.field1.edit1,6,5,11,minority-suffix,true
3235-AL96,usc:15:78w,usc:15:78o,usc.field1.edit1,6,5,11,minority-suffix,true
3235-AL96,usc:15:78w,usc:15:78m,usc.field1.edit1,6,5,11,minority-suffix,true
3235-AL96,usc:15:78w,usc:15:78l,usc.field1.edit1,6,5,11,minority-suffix,true
3235-AM06,pl:111-2013,pl:111-203,pl.field0.edit1,11,6,17,minority-suffix,true
3235-AM06,usc:15:78l,usc:17:78l,usc.field0.edit1,6,3,17,minority-prefix,true
3235-AM06,usc:17:78,usc:17:78l,usc.field1.trailing-char,8,3,17,minority-suffix,true
3235-AM06,usc:17:78c,usc:15:78c,usc.field0.edit1,11,6,17,minority-suffix,true
3235-AM06,usc:17:78m,usc:15:78m,usc.field0.edit1,11,6,17,minority-suffix,true
3235-AM06,usc:17:78mm,usc:15:78mm,usc.field0.edit1,11,6,17,minority-suffix,true
3235-AM06,usc:17:78o,usc:15:78o,usc.field0.edit1,11,6,17,minority-suffix,true
3235-AM06,usc:17:78w,usc:15:78w,usc.field0.edit1,11,6,17,minority-suffix,true
3235-AM08,usc:15:80b-11a,usc:15:80b-11,usc.field1.trailing-char,7,1,8,minority-suffix,true
3235-AM27,usc:15:77a,usc:15:77s,usc.field1.edit1,3,1,4,minority-suffix,true
3235-AM27,usc:15:77a,usc:15:77d,usc.field1.edit1,3,1,4,minority-suffix,true
3235-AM27,usc:15:77a,usc:15:77c,usc.field1.edit1,3,1,4,minority-suffix,true
3235-AM31,usc:15:78b,usc:15:78n,usc.field1.edit1,2,1,3,minority-suffix,true
3235-AM31,usc:15:78b,usc:15:78o,usc.field1.edit1,2,1,3,minority-suffix,true
3235-AM31,usc:15:78b,usc:15:78m,usc.field1.edit1,2,1,3,minority-suffix,true
3235-AM31,usc:15:78b,usc:15:78d,usc.field1.edit1,2,1,3,minority-suffix,true
3235-AM31,usc:15:78b,usc:15:78j,usc.field1.edit1,2,1,3,minority-suffix,true
3235-AM31,usc:15:78i,usc:15:78m,usc.field1.edit1,2,1,3,minority-suffix,true
3235-AM31,usc:15:78i,usc:15:78j,usc.field1.edit1,2,1,3,minority-suffix,true
3235-AM31,usc:15:78i,usc:15:78n,usc.field1.edit1,2,1,3,minority-suffix,true
3235-AM31,usc:15:78i,usc:15:78o,usc.field1.edit1,2,1,3,minority-suffix,true
3235-AM31,usc:15:78i,usc:15:78d,usc.field1.edit1,2,1,3,minority-suffix,true
3235-AM31,usc:15:80a-36,usc:15:80a-38,usc.field1.edit1,2,1,3,minority-suffix,true
3235-AM31,usc:15:80a-36,usc:15:80a-31,usc.field1.edit1,2,1,3,minority-suffix,true
3235-AM31,usc:15:80a-37,usc:15:80a-31,usc.field1.edit1,2,1,3,minority-suffix,true
3235-AM31,usc:15:80a-37,usc:15:80a-38,usc.field1.edit1,2,1,3,minority-suffix,true
3235-AM48,usc:15:77a,usc:15:77g,usc.field1.edit1,3,1,4,minority-suffix,true
3235-AM48,usc:15:77a,usc:15:77j,usc.field1.edit1,3,1,4,minority-suffix,true
3235-AM48,usc:15:77a,usc:15:77s,usc.field1.edit1,3,1,4,minority-suffix,true
3235-AM48,usc:15:78a,usc:15:78c,usc.field1.edit1,3,1,4,minority-suffix,true
3235-AM48,usc:15:78a,usc:15:78l,usc.field1.edit1,3,1,4,minority-suffix,true
3235-AM48,usc:15:78a,usc:15:78w,usc.field1.edit1,3,1,4,minority-suffix,true
3235-AM48,usc:15:78a,usc:15:78m,usc.field1.edit1,3,1,4,minority-suffix,true
3235-AM48,usc:15:78a,usc:15:78n,usc.field1.edit1,3,1,4,minority-suffix,true
3235-AM51,usc:15:80a-37,usc:15:80a-39,usc.field1.edit1,2,1,3,minority-prefix,true
3235-AM57,usc:15:78b,usc:15:78f,usc.field1.edit1,8,5,13,minority-suffix,true
3235-AM57,usc:15:78b,usc:15:78o,usc.field1.edit1,8,5,13,minority-suffix,true
3235-AM57,usc:15:78b,usc:15:78w,usc.field1.edit1,8,5,13,minority-suffix,true
3235-AM57,usc:15:78b,usc:15:78s,usc.field1.edit1,8,5,13,minority-suffix,true
3235-AM57,usc:15:78b,usc:15:78e,usc.field1.edit1,8,5,13,minority-suffix,true
3235-AM63,usc:15:77,usc:15:77s,usc.field1.trailing-char,3,1,4,minority-suffix,true
3235-AM63,usc:15:77,usc:15:77g,usc.field1.trailing-char,3,1,4,minority-suffix,true
3235-AM63,usc:15:77,usc:15:77j,usc.field1.trailing-char,3,1,4,minority-suffix,true
3235-AM63,usc:15:77,usc:15:77h,usc.field1.trailing-char,3,1,4,minority-suffix,true
3235-AM63,usc:15:78,usc:15:78w,usc.field1.trailing-char,3,1,4,minority-suffix,true
3235-AM63,usc:15:78,usc:15:78m,usc.field1.trailing-char,3,1,4,minority-suffix,true
3235-AM63,usc:15:78,usc:15:78q,usc.field1.trailing-char,3,1,4,minority-suffix,true
3235-AM63,usc:15:78,usc:15:78l,usc.field1.trailing-char,3,1,4,minority-suffix,true
3235-AM63,usc:15:78,usc:15:78c,usc.field1.trailing-char,3,1,4,minority-suffix,true
3235-AM63,usc:15:78,usc:15:78n,usc.field1.trailing-char,3,1,4,minority-suffix,true
3235-AM96,usc:15:77e,usc:15:77,usc.field1.trailing-char,5,1,6,minority-prefix,true
3235-AN07,usc:15:80b-1,usc:15:80b-11,usc.field1.trailing-char,3,2,5,minority-suffix,true
3235-AN07,usc:15:80b-1,usc:15:80b-6,usc.field1.edit1,3,2,5,minority-suffix,true
3235-AN07,usc:15:80b-1,usc:15:80b-4,usc.field1.edit1,3,2,5,minority-suffix,true
3235-AN07,usc:15:80b-1,usc:15:80b-3,usc.field1.edit1,3,2,5,minority-suffix,true
3235-AN08,usc:15:80a-8,usc:15:80a-1,usc.field1.edit1,5,3,8,minority-prefix,true
3235-AN08,usc:15:80b-11,usc:15:80b-1,usc.field1.trailing-char,5,3,8,minority-prefix,true
3235-AN08,usc:15:80b-3,usc:15:80b-1,usc.field1.edit1,5,3,8,minority-prefix,true
3235-AN08,usc:15:80b-4,usc:15:80b-1,usc.field1.edit1,5,3,8,minority-prefix,true
3235-AN08,usc:15:80b-6,usc:15:80b-1,usc.field1.edit1,5,3,8,minority-prefix,true
3235-AN15,usc:15:77f,usc:15:78f,usc.field1.edit1,5,1,6,minority-prefix,true
3235-AN15,usc:15:78c,usc:15:78f,usc.field1.edit1,5,1,6,minority-prefix,true
3235-AN15,usc:15:78c,usc:15:78q,usc.field1.edit1,5,1,6,minority-prefix,true
3235-AN15,usc:15:78l,usc:15:78q,usc.field1.edit1,5,1,6,minority-prefix,true
3235-AN15,usc:15:78l,usc:15:78f,usc.field1.edit1,5,1,6,minority-prefix,true
3235-AN15,usc:15:78n,usc:15:78f,usc.field1.edit1,5,1,6,minority-prefix,true
3235-AN15,usc:15:78n,usc:15:78q,usc.field1.edit1,5,1,6,minority-prefix,true
3235-AN18,usc:15:10b-11,usc:15:80b-11,usc.field1.edit1,5,1,6,minority-prefix,true
3235-AN18,usc:15:10b-3,usc:15:10b-6,usc.field1.edit1,5,1,6,minority-prefix,true
3235-AN18,usc:15:10b-3,usc:15:80b-3,usc.field1.edit1,5,1,6,minority-prefix,true
3235-AN18,usc:15:10b-4,usc:15:10b-6,usc.field1.edit1,5,1,6,minority-prefix,true
3235-AN18,usc:15:10b-4,usc:15:80b-4,usc.field1.edit1,5,1,6,minority-prefix,true
3245-AD90,usc:31:3720,usc:31:3720a,usc.field1.trailing-char,8,2,10,minority-suffix,true
3245-AD90,usc:5:5574,usc:5:5514,usc.field1.edit1,8,2,10,minority-suffix,true
3245-AE08,usc:15:6833,usc:15:683,usc.field1.trailing-char,4,1,5,minority-suffix,true
3245-AE68,usc:15:697,usc:15:687,usc.field1.edit1,4,1,5,minority-prefix,true
3245-AE68,usc:15:697,usc:15:697c,usc.field1.trailing-char,4,1,5,minority-prefix,true
3245-AE68,usc:15:697,usc:15:697a,usc.field1.trailing-char,4,1,5,minority-prefix,true
3245-AE68,usc:15:697,usc:15:697b,usc.field1.trailing-char,4,1,5,minority-prefix,true
3245-AE68,usc:15:697,usc:15:695,usc.field1.edit1,4,1,5,minority-prefix,true
3245-AF13,usc:15:657a,usc:15:657,usc.field1.trailing-char,5,3,8,minority-prefix,true
3245-AF85,usc:15:694b,usc:15:694,usc.field1.trailing-char,5,1,18,minority-suffix,true
3245-AF88,usc:15:636,usc:15:636j,usc.field1.trailing-char,8,4,13,minority-suffix,true
3245-AF99,usc:15:657n,usc:15:657,usc.field1.trailing-char,13,1,25,minority-prefix,true
3245-AH26,pl:116-283,pl:116-238,pl.field0.transpose,2,1,5,minority-prefix,true
7100-AB77,usc:12:321-338,usc:12:321-338a,usc.field1.trailing-char,13,1,14,minority-prefix,true
7100-AB86,usc:42:4001,usc:12:4001,usc.field0.edit1,2,1,3,minority-prefix,true
7100-AC87,usc:12:2901,usc:12:290,usc.field1.trailing-char,5,4,9,minority-suffix,true
7100-AD27,usc:15:1693,usc:15:1693b,usc.field1.trailing-char,2,1,3,minority-prefix,true
7100-AD70,usc:15:780-11,usc:15:78o-11,usc.field1.edit1,5,1,6,minority-prefix,true
7100-AE78,usc:12:4008,usc:12:4002,usc.field1.edit1,3,1,4,minority-prefix,true
7100-AE78,usc:12:4008,usc:12:4003,usc.field1.edit1,3,1,4,minority-prefix,true
7100-AE78,usc:12:4008,usc:12:4004,usc.field1.edit1,3,1,4,minority-prefix,true
7100-AE78,usc:12:4008,usc:12:4005,usc.field1.edit1,3,1,4,minority-prefix,true
7100-AE78,usc:12:4008,usc:12:4001,usc.field1.edit1,3,1,4,minority-prefix,true
7100-AF56,usc:12:1467a,usc:12:1467,usc.field1.trailing-char,6,3,9,minority-prefix,true
9000-AL41,usc:42:2473,usc:42:473,usc.field1.leading-digit,2,1,3,minority-prefix,true
