eo_number,title,signing_date,president,citation
12890,Amendment to Executive Order No. 12864,1993-12-30,William J. Clinton,59 FR 499
12891,Advisory Committee on Human Radiation Experiments,1994-01-15,William J. Clinton,59 FR 2935
12892,Leadership and Coordination of Fair Housing in Federal Programs: Affirmatively Furthering Fair Housing,1994-01-17,William J. Clinton,59 FR 2939
12893,Principles for Federal Infrastructure Investments,1994-01-26,William J. Clinton,59 FR 4233
12894,North Pacific Marine Science Organization,1994-01-26,William J. Clinton,59 FR 4237
12895,North Pacific Anadromous Fish Commission,1994-01-26,William J. Clinton,59 FR 4239
12896,Amending the Civil Service Rules Concerning Political Activity,1994-02-03,William J. Clinton,59 FR 5515
12897,Garnishment of Federal Employees' Pay,1994-02-03,William J. Clinton,59 FR 5517
12898,Federal Actions To Address Environmental Justice in Minority Populations and Low-Income Populations,1994-02-11,William J. Clinton,59 FR 7629
12899,Establishing an Emergency Board To Investigate a Dispute Between The Long Island Rail Road and Certain of Its Employees Represented by the United Transportation Union,1994-02-15,William J. Clinton,59 FR 8113
12900,Educational Excellence for Hispanic Americans,1994-02-22,William J. Clinton,59 FR 9061
12901,Identification of Trade Expansion Priorities,1994-03-02,William J. Clinton,59 FR 10727
12902,Energy Efficiency and Water Conservation at Federal Facilities,1994-03-08,William J. Clinton,59 FR 11463
12903,Nuclear Cooperation With EURATOM,1994-03-09,William J. Clinton,59 FR 11473
12904,"Commission for Environmental Cooperation, Commission for Labor Cooperation, Border Environment Cooperation Commission, and North American Development Bank",1994-03-16,William J. Clinton,59 FR 13179
12905,Trade and Environment Policy Advisory Committee,1994-03-25,William J. Clinton,59 FR 14733
12906,Coordinating Geographic Data Acquisition and Access: The National Spatial Data Infrastructure,1994-04-11,William J. Clinton,59 FR 17670
12907,Amending Executive Order No. 12882,1994-04-14,William J. Clinton,59 FR 18291
12908,Order of Succession of Officers To Act as Secretary of the Army,1994-04-22,William J. Clinton,59 FR 21907
12909,Order of Succession of Officers To Act as Secretary of the Air Force,1994-04-22,William J. Clinton,59 FR 21909
12910,"Providing for the Closing of Government Departments and agencies on April 27, 1994",1994-04-23,William J. Clinton,59 FR 21915
12911,Seal for the Office of National Drug Control Policy,1994-04-25,William J. Clinton,59 FR 22121
12912,Amendment to Executive Order No. 12878,1994-04-29,William J. Clinton,59 FR 22949
12913,Revocation of Executive Order No. 12582,1994-05-02,William J. Clinton,59 FR 23115
12914,Prohibiting Certain Transactions With Respect to Haiti,1994-05-07,William J. Clinton,59 FR 24339
12915,Federal Implementation of the North American Agreement on Environmental Cooperation,1994-05-13,William J. Clinton,59 FR 25775
12916,Implementation of the Border Environment Cooperation Commission and the North American Development Bank,1994-05-13,William J. Clinton,59 FR 25779
12917,Prohibiting Certain Transactions With Respect to Haiti,1994-05-21,William J. Clinton,59 FR 26925
12918,Prohibiting Certain Transactions With Respect to Rwanda and Delegating Authority With Respect to Other United Nations Arms Embargoes,1994-05-26,William J. Clinton,59 FR 28205
12919,National Defense Industrial Resources Preparedness,1994-06-03,William J. Clinton,59 FR 29525
12920,Prohibiting Certain Transactions With Respect to Haiti,1994-06-10,William J. Clinton,59 FR 30501
12921,Amendment to Executive Order No. 12864,1994-06-13,William J. Clinton,59 FR 30667
12922,Blocking Property of Certain Haitian Nationals,1994-06-21,William J. Clinton,59 FR 32645
12923,Continuation of Export Control Regulations,1994-06-30,William J. Clinton,59 FR 34551
12924,Continuation of Export Control Regulations,1994-08-19,William J. Clinton,59 FR 43437
12925,Establishing an Emergency Board To Investigate a Dispute Between the Soo Line Railroad Company and Certain of Its Employees Represented by the United Transportation Union,1994-08-29,William J. Clinton,59 FR 45181
12926,Implementation of the National Voter Registration Act of 1993,1994-09-12,William J. Clinton,59 FR 47227
12927,Ordering the Selected Reserve of the Armed Forces to Active Duty,1994-09-15,William J. Clinton,59 FR 47781
12928,"Promoting Procurement With Small Businesses Owned and Controlled by Socially and Economically Disadvantaged Individuals, Historically Black Colleges and Universities, and Minority Institutions",1994-09-16,William J. Clinton,59 FR 48377
12929,Delegation of Authority Regarding the Naval Petroleum and Oil Shale Reserves,1994-09-29,William J. Clinton,59 FR 50473
12930,Measures To Restrict the Participation by United States Persons in Weapons Proliferation Activities,1994-09-29,William J. Clinton,59 FR 50475
12931,Federal Procurement Reform,1994-10-13,William J. Clinton,59 FR 52387
12932,Termination of Emergency With Respect to Haiti,1994-10-14,William J. Clinton,59 FR 52403
12933,Nondisplacement of Qualified Workers Under Certain Contracts,1994-10-20,William J. Clinton,59 FR 53559
12934,Blocking Property and Additional Measures With Respect to the Bosnian Serb-Controlled Areas of the Republic of Bosnia and Herzegovina,1994-10-25,William J. Clinton,59 FR 54117
12935,"Amending Executive Order No. 11157 as it Relates to the Definition of""Field Duty''",1994-10-28,William J. Clinton,59 FR 54511
12936,"Amendments to the Manual for Courts-Martial, United States, 1984",1994-11-10,William J. Clinton,59 FR 59075
12937,Declassification of Selected Records Within the National Archives of the United States,1994-11-10,William J. Clinton,59 FR 59097
12938,Proliferation of Weapons of Mass Destruction,1994-11-14,William J. Clinton,59 FR 59099
12939,Expedited Naturalization of Aliens and Noncitizen Nationals Who Served in an Active-Duty Status During the Persian Gulf Conflict,1994-11-22,William J. Clinton,59 FR 61231
12940,Amendment to Civil Service Rule VI,1994-11-28,William J. Clinton,59 FR 61519
12941,Seismic Safety of Existing Federally Owned or Leased Buildings,1994-12-01,William J. Clinton,59 FR 62545
12942,"Addition to Level V of the Executive Schedule Commissioner, Administration for Native Americans",1994-12-12,William J. Clinton,59 FR 64551
12943,Further Amendment to Executive Order No. 11755,1994-12-13,William J. Clinton,59 FR 64553
12944,Adjustments of Certain Rates of Pay and Allowances,1994-12-28,William J. Clinton,60 FR 309
12945,Amendment to Executive Order No. 12640,1995-01-20,William J. Clinton,60 FR 4527
12946,President's Advisory Board on Arms Proliferation Policy,1995-01-20,William J. Clinton,60 FR 4829
12947,Prohibiting Transactions With Terrorists Who Threaten To Disrupt the Middle East Peace Process,1995-01-23,William J. Clinton,60 FR 5079
12948,Amendment to Executive Order No. 12898,1995-01-30,William J. Clinton,60 FR 6381
12949,Foreign Intelligence Physical Searches,1995-02-09,William J. Clinton,60 FR 8169
12950,Establishing an Emergency Board To Investigate a Dispute Between Metro North Commuter Railroad and Its Employees Represented by Certain Labor Organizations,1995-02-22,William J. Clinton,60 FR 10475
12951,Release of Imagery Acquired by Space-Based National Intelligence Reconnaissance Systems,1995-02-22,William J. Clinton,60 FR 10789
12952,Amendment to Executive Order No. 12950,1995-02-24,William J. Clinton,60 FR 11011
12953,Actions Required of all Executive Agencies To Facilitate Payment of Child Support,1995-02-27,William J. Clinton,60 FR 11013
12954,Ensuring the Economical and Efficient Administration and Completion of Federal Government Contracts,1995-03-08,William J. Clinton,60 FR 13023
12955,Nuclear Cooperation With EURATOM,1995-03-09,William J. Clinton,60 FR 13365
12956,"Executive Order 12956 of March 13, 1995",1995-03-13,William J. Clinton,60 FR 14199
12957,Prohibiting Certain Transactions With Respect to the Development of Iranian Petroleum Resources,1995-03-15,William J. Clinton,60 FR 14615
12958,Classified National Security Information,1995-04-17,William J. Clinton,60 FR 19825
12959,Prohibiting Certain Transactions With Respect to Iran,1995-05-06,William J. Clinton,60 FR 24757
12960,"Amendments to the Manual for Courts-Martial, United States, 1984",1995-05-12,William J. Clinton,60 FR 26647
12961,Presidential Advisory Committee on Gulf War Veterans' Illnesses,1995-05-26,William J. Clinton,60 FR 28507
12962,Recreational Fisheries,1995-06-07,William J. Clinton,60 FR 30769
12963,Presidential Advisory Council on HIV/AIDS,1995-06-14,William J. Clinton,60 FR 31905
12964,Commission on United States-Pacific Trade and Investment Policy,1995-06-21,William J. Clinton,60 FR 33095
12965,Further Amendment to Executive Order No. 12852,1995-06-27,William J. Clinton,60 FR 34087
12966,Foreign Disaster Assistance,1995-07-14,William J. Clinton,60 FR 36949
12967,Establishing an Emergency Board To Investigate Disputes Between Metro North Commuter Railroad and Its Employees Represented by Certain Labor Organizations,1995-07-31,William J. Clinton,60 FR 39623
12968,Access to Classified Information,1995-08-02,William J. Clinton,60 FR 40245
12969,Federal Acquisition and Community Right-To-Know,1995-08-08,William J. Clinton,60 FR 40989
12970,Further Amendment to Executive Order No. 12864,1995-09-14,William J. Clinton,60 FR 48359
12971,Amendment to Executive Order No. 12425,1995-09-15,William J. Clinton,60 FR 48617
12972,Amendment to Executive Order No. 12958,1995-09-18,William J. Clinton,60 FR 48863
12973,Amendment to Executive Order No. 12901,1995-09-27,William J. Clinton,60 FR 51665
12974,Continuance of Certain Federal Advisory Committees,1995-09-29,William J. Clinton,60 FR 51875
12975,Protection of Human Research Subjects and Creation of National Bioethics Advisory Commission,1995-10-03,William J. Clinton,60 FR 52063
12976,Compensation Practices of Government Corporations,1995-10-05,William J. Clinton,60 FR 52829
12977,Interagency Security Committee,1995-10-19,William J. Clinton,60 FR 54411
12978,Blocking Assets and Prohibiting Transactions With Significant Narcotics Traffickers,1995-10-21,William J. Clinton,60 FR 54579
12979,Agency Procurement Protests,1995-10-25,William J. Clinton,60 FR 55171
12980,"Further Amendment to Executive Order No. 12852, as Amended",1995-11-17,William J. Clinton,60 FR 57819
12981,Administration of Export Controls,1995-12-05,William J. Clinton,60 FR 62981
12982,Ordering the Selected Reserve of the Armed Forces to Active Duty,1995-12-08,William J. Clinton,60 FR 63895
12983,Amendment to Executive Order No. 12871,1995-12-21,William J. Clinton,60 FR 66855
12984,Adjustments of Certain Rates of Pay and Allowances,1995-12-28,William J. Clinton,61 FR 237
12985,Establishing the Armed Forces Service Medal,1996-01-11,William J. Clinton,61 FR 1209
12986,International Union for Conservation of Nature and Natural Resources,1996-01-18,William J. Clinton,61 FR 1693
12987,Amendment to Executive Order No. 12964,1996-01-31,William J. Clinton,61 FR 4205
12988,Civil Justice Reform,1996-02-05,William J. Clinton,61 FR 4729
12989,Economy and Efficiency in Government Procurement Through Compliance With Certain Immigration and Naturalization Act Provisions,1996-02-13,William J. Clinton,61 FR 6091
12990,"Adjustments of Rates of Pay and Allowances for the Uniformed Services, Amendment to Executive Order No. 12984",1996-02-29,William J. Clinton,61 FR 8467
12991,Adding the Small Business Administration to the President's Export Council,1996-03-06,William J. Clinton,61 FR 9587
12992,President's Council on Counter-Narcotics,1996-03-15,William J. Clinton,61 FR 11287
12993,Administrative Allegations Against Inspectors General,1996-03-21,William J. Clinton,61 FR 13043
12994,Continuing the President's Committee on Mental Retardation and Broadening Its Membership and Responsibilities,1996-03-21,William J. Clinton,61 FR 13047
12995,Amendment to Executive Order No. 12873,1996-03-25,William J. Clinton,61 FR 13645
12996,Management and General Public Use of the National Wildlife Refuge System,1996-03-25,William J. Clinton,61 FR 13647
12997,Korean Peninsula Energy Development Organization,1996-04-01,William J. Clinton,61 FR 14949
12998,Amendment to Executive Order No. 11880,1996-04-05,William J. Clinton,61 FR 15873
12999,Educational Technology: Ensuring Opportunity for All Children in the Next Century,1996-04-17,William J. Clinton,61 FR 17227
13000,Order of Succession of Officers To Act as Secretary of Defense,1996-04-24,William J. Clinton,61 FR 18483
13001,Establishing an Emergency Board To Investigate a Dispute Between Certain Railroads Represented by the National Railway Labor Conference and Their Employees Represented by the Transportation Communications International Union,1996-05-08,William J. Clinton,61 FR 21943
13002,Termination of Combat Zone Designation in Vietnam and Waters Adjacent Thereto,1996-05-13,William J. Clinton,61 FR 24665
13003,"Establishing an Emergency Board To Investigate Disputes Between Certain Railroads Represented by the National Carriers' Conference Committee of the National Railway Labor Conference and Their Employees Represented by the Brotherhood of Maintenance of Way Employes Disputes exist between certain railroads represented by the National Carriers' Conference Committee of the National Railway Labor Conference, including Consolidated Rail Corporation (including the Clearfield Cluster), Burlington Northern Railroad Co., CSX Transportation Inc., Norfolk Southern Railway Co., Atchison, Topeka and Santa Fe Railway Co., Union Pacific Railroad, Chicago & North Western Railway Co., Kansas City Southern Railway Co., and their employees represented by the Brotherhood of Maintenance of Way Employes. The railroads involved in these disputes are designated on the attached list, which is made a part of this order.",1996-05-15,William J. Clinton,61 FR 25131
13004,Establishing an Emergency Board To Investigate Disputes Between Certain Railroads Represented by the National Railway Labor Conference and Their- Employees Represented by Certain Labor Organizations,1996-05-17,William J. Clinton,61 FR 25771
13005,Empowerment Contracting,1996-05-21,William J. Clinton,61 FR 26069
13006,Locating Federal Facilities on Historic Properties in Our Nation's Central Cities,1996-05-21,William J. Clinton,61 FR 26071
13007,Indian Sacred Sites,1996-05-24,William J. Clinton,61 FR 26771
13008,Amending Executive Order No. 12880,1996-06-03,William J. Clinton,61 FR 28721
13009,Amendment to Executive Order No. 12963 Entitled Presidential Advisory Council on HIV/AIDS,1996-06-14,William J. Clinton,61 FR 30799
13010,Critical Infrastructure Protection,1996-07-15,William J. Clinton,61 FR 37347
13011,Federal Information Technology,1996-07-16,William J. Clinton,61 FR 37657
13012,Establishing an Emergency Board To Investigate a Dispute Between the Southeastern Pennsylvania Transportation Authority and Their Employees Represented by the Brotherhood of Locomotive Engineers,1996-07-18,William J. Clinton,61 FR 38051
13013,"Amending Executive Order No. 10163, the Armed Forces Reserve Medal",1996-08-06,William J. Clinton,61 FR 41483
13014,Maintaining Unofficial Relations With the People on Taiwan,1996-08-15,William J. Clinton,61 FR 42963
13015,White House Commission on Aviation Safety and Security,1996-08-22,William J. Clinton,61 FR 43937
13016,Amendment to Executive Order No. 12580,1996-08-28,William J. Clinton,61 FR 45871
13017,Advisory Commission on Consumer Protection and Quality in the Health Care Industry,1996-09-05,William J. Clinton,61 FR 47659
13018,Amending Executive Order No. 12975,1996-09-16,William J. Clinton,61 FR 49045
13019,Supporting Families: Collecting Delinquent Child Support Obligations,1996-09-28,William J. Clinton,61 FR 51763
13020,Amendment to Executive Order 12981,1996-10-12,William J. Clinton,61 FR 54079
13021,Tribal Colleges and Universities,1996-10-19,William J. Clinton,61 FR 54929
13022,Administration of the Midway Islands,1996-10-31,William J. Clinton,61 FR 56875
13023,"Amendments to Executive Order 12992, Expanding and Changing the Name of the President's Council on Counter-Narcotics",1996-11-06,William J. Clinton,61 FR 57767
13024,"Amending Executive Order 12015, Relating to Competitive Appointments of Students Who Have Completed Approved Career-Related Work Study Programs",1996-11-07,William J. Clinton,61 FR 58125
13025,"Amendment to Executive Order 13010, the President's Commission on Critical Infrastructure Protection",1996-11-13,William J. Clinton,61 FR 58623
13026,Administration of Export Controls on Encryption Products,1996-11-15,William J. Clinton,61 FR 58767
13027,Establishing an Emergency Board To Investigate a Dispute Between the Southeastern Pennsylvania Transportation Authority and Its Employees Represented by the Brotherhood of Locomotive Engineers,1996-11-15,William J. Clinton,61 FR 58971
13028,Further Amendments to Executive Order No. 12757 Implementation of the Enterprise for the Americas Initiative,1996-12-03,William J. Clinton,61 FR 64589
13029,"Implementing, for the United States, the Provisions of An- nex 1 of the Decision Concerning Legal Capacity and Privileges and Immunities, Issued by the Council of Ministers of the Conference on Security and Cooperation in Europe on December 1, 1993",1996-12-03,William J. Clinton,61 FR 64592
13030,Administration of Foreign Assistance and Related Functions and Arms Export Controls,1996-12-12,William J. Clinton,61 FR 66187
13031,Federal Alternative Fueled Vehicle Leadership,1996-12-13,William J. Clinton,61 FR 66529
13032,Further Amendment to Executive Order No. 12964,1996-12-26,William J. Clinton,61 FR 68985
13033,"Executive Order 13033 of December 27, 1996",1996-12-27,William J. Clinton,61 FR 68987
13034,Extension of Presidential Advisory Committee on Gulf War Veterans' Illnesses,1997-01-30,William J. Clinton,62 FR 5137
13035,"Advisory Committee on High-Performance Computing and Communications, Information Technology, and the Next Generation Internet",1997-02-11,William J. Clinton,62 FR 7131
13036,Establishing an Emergency Board To Investigate a Dispute Between American Airlines and its Employees Represented by the Allied Pilots Association,1997-02-15,William J. Clinton,62 FR 7653
13037,Commission To Study Capital Budgeting,1997-03-03,William J. Clinton,62 FR 10185
13038,Advisory Committee on Public Interest Obligations of Digital Television Broadcasters,1997-03-11,William J. Clinton,62 FR 12065
13039,Exclusion of the Naval Special Warfare Development Group From the Federal Labor-Management Relations Program,1997-03-11,William J. Clinton,62 FR 12529
13040,"Amendment to Executive Order 13017, Advisory Commission on Consumer Protection and Quality in the Health Care Industry",1997-03-25,William J. Clinton,62 FR 14773
13041,"Further Amendment to Executive Order 13010, as Amended",1997-04-03,William J. Clinton,62 FR 17039
13042,Implementing for the United States Article VIII of the Agreement Establishing the World Trade Organization Concerning Legal Capacity and Privileges and Immunities,1997-04-09,William J. Clinton,62 FR 18017
13043,Increasing Seat Belt Use in the United States,1997-04-16,William J. Clinton,62 FR 19217
13044,"Amending Executive Order 12752, Implementation of the Agricultural Trade Development and Assistance Act of 1954, as Amended, and the Food for Progress Act of 1985, as Amended",1997-04-18,William J. Clinton,62 FR 19665
13045,Protection of Children From Environmental Health Risks and Safety Risks,1997-04-21,William J. Clinton,62 FR 19885
13046,"Further Amendment to Executive Order 12975 of May 16, 1997, Extension of the National Bioethics Advisory Commission",1997-05-16,William J. Clinton,62 FR 27685
13047,Prohibiting New Investment in Burma,1997-05-20,William J. Clinton,62 FR 28301
13048,Improving Administrative Management in the Executive Branch,1997-06-10,William J. Clinton,62 FR 32467
13049,Organization for the Prohibition of Chemical Weapons,1997-06-11,William J. Clinton,62 FR 32471
13050,President's Advisory Board on Race,1997-06-13,William J. Clinton,62 FR 32987
13051,Internal Revenue Service Management Board,1997-06-24,William J. Clinton,62 FR 34609
13052,Hong Kong Economic and Trade Offices,1997-06-30,William J. Clinton,62 FR 35659
13053,Adding Members to and Extending the President's Council on Sustainable Development,1997-06-30,William J. Clinton,62 FR 35945
13054,Eligibility of Certain Overseas Employees for Noncompetitive Appointments,1997-07-07,William J. Clinton,62 FR 36965
13055,Coordination of United States Government International Exchanges and Training Programs,1997-07-15,William J. Clinton,62 FR 39099
13056,"Further Amendment to Executive Order 13017, Advisory Commission on Consumer Protection and Quality in the Health Care Industry",1997-07-21,William J. Clinton,62 FR 39415
13057,Federal Actions in the Lake Tahoe Region,1997-07-26,William J. Clinton,62 FR 41249
13058,Protecting Federal Employees and the Public From Exposure to Tobacco Smoke in the Federal Workplace,1997-08-09,William J. Clinton,62 FR 43451
13059,Prohibiting Certain Transactions With Respect to Iran,1997-08-19,William J. Clinton,62 FR 44531
13060,Establishing an Emergency Board To Investigate Disputes Between Amtrak and its Employees Represented by the Brotherhood of Maintenance of Way Employes,1997-08-21,William J. Clinton,62 FR 45139
13061,Federal Support of Community Efforts Along American Heritage Rivers,1997-09-11,William J. Clinton,62 FR 48445
13062,Continuance of Certain Federal Advisory Committees and Amendments to Executive Orders 13038 and 13054,1997-09-29,William J. Clinton,62 FR 51755
13063,"Level V of the Executive Schedule: Removal of the Executive Director, Pension Benefit Guaranty Corporation, Department of Labor",1997-09-30,William J. Clinton,62 FR 51757
13064,"Further Amendment to Executive Order 13010, as Amended, Critical Infrastructure Protection",1997-10-11,William J. Clinton,62 FR 53711
13065,Further Amendment to Executive Order 13038 Advisory Committee on Public Interest Obligations of Digital Television Broadcasters,1997-10-22,William J. Clinton,62 FR 55329
13066,"Amendment to Executive Order 13037, Commission To Study Capital Budgeting",1997-10-29,William J. Clinton,62 FR 59273
13067,Blocking Sudanese Government Property and Prohibiting Transactions With Sudan,1997-11-03,William J. Clinton,62 FR 59989
13068,"Closing of Government Departments and Agencies on Friday, December 26, 1997",1997-11-25,William J. Clinton,62 FR 63247
13069,Prohibiting Certain Transactions With Respect to UNITA,1997-12-12,William J. Clinton,62 FR 65989
13070,"The Intelligence Oversight Board, Amendment to Executive Order 12863",1997-12-15,William J. Clinton,62 FR 66493
13071,Adjustments of Certain Rates of Pay,1997-12-29,William J. Clinton,62 FR 68521
13072,White House Millennium Council,1998-02-02,William J. Clinton,63 FR 6041
13073,Year 2000 Conversion,1998-02-04,William J. Clinton,63 FR 6467
13074,Amendment to Executive Order 12656,1998-02-09,William J. Clinton,63 FR 7277
13075,Special Oversight Board for Department of Defense Investigations of Gulf War Chemical and Biological Incidents,1998-02-19,William J. Clinton,63 FR 9085
13076,Ordering the Selected Reserve of the Armed Forces to Active Duty,1998-02-24,William J. Clinton,63 FR 9719
13077,"Further Amendment to Executive Order 13010, Critical Infrastructure Protection",1998-03-10,William J. Clinton,63 FR 12381
13078,Increasing Employment of Adults With Disabilities,1998-03-13,William J. Clinton,63 FR 13111
13079,Waiver Under The Trade Act Of 1974 With Respect to Vietnam,1998-04-07,William J. Clinton,63 FR 17309
13080,American Heritage Rivers Initiative Advisory Committee,1998-04-07,William J. Clinton,63 FR 17667
13081,"Amendment to Executive Order No. 13038, Advisory Committee on Public Interest Obligations of Digital Television Broadcasters",1998-04-30,William J. Clinton,63 FR 24385
13082,Joint Mexican-United States Defense Commission,1998-05-08,William J. Clinton,63 FR 26709
13083,Federalism,1998-05-14,William J. Clinton,63 FR 27651
13084,Consultation and Coordination With Indian Tribal Governments,1998-05-14,William J. Clinton,63 FR 27655
13085,Establishment of the Enrichment Oversight Committee,1998-05-26,William J. Clinton,63 FR 29335
13086,"1998 Amendments to the Manual for Courts-Martial, United States",1998-05-27,William J. Clinton,63 FR 30065
13087,"Further Amendment to Executive Order 11478, Equal Employment Opportunity in the Federal Government",1998-05-28,William J. Clinton,63 FR 30097
13088,"Blocking Property of the Governments of the Federal Republic of Yugoslavia (Serbia and Montenegro), the Republic of Serbia, and the Republic of Montenegro, and Prohibiting New Investment in the Republic of Serbia in Response to the Situation in Kosovo",1998-06-09,William J. Clinton,63 FR 32109
13089,Coral Reef Protection,1998-06-11,William J. Clinton,63 FR 32701
13090,President's Commission on the Celebration of Women in American History,1998-06-29,William J. Clinton,63 FR 36151
13091,Administration of Arms Export Controls and Foreign Assistance,1998-06-29,William J. Clinton,63 FR 36153
13092,"President's Information Technology Advisory Committee, Amendments to Executive Order 13035",1998-07-24,William J. Clinton,63 FR 40167
13093,"American Heritage Rivers, Amending Executive Order 13061 and 13080",1998-07-27,William J. Clinton,63 FR 40357
13094,Proliferation of Weapons of Mass Destruction,1998-07-28,William J. Clinton,63 FR 40803
13095,Suspension of Executive Order 13083,1998-08-05,William J. Clinton,63 FR 42565
13096,American Indian and Alaska Native Education,1998-08-06,William J. Clinton,63 FR 42681
13097,Interparliamentary Union,1998-08-07,William J. Clinton,63 FR 43065
13098,Blocking Property of UNITA and ProhibitingCertain Transactions With Respect to UNITA,1998-08-18,William J. Clinton,63 FR 44771
13099,Prohibiting Transactions With Terrorists Who Threaten To Disrupt the Middle East Peace Process,1998-08-20,William J. Clinton,63 FR 45167
13100,President's Council on Food Safety,1998-08-25,William J. Clinton,63 FR 45661
13101,"Greening the Government Through Waste Prevention, Recycling, and Federal Acquisition",1998-09-14,William J. Clinton,63 FR 49643
13102,"Further Amendment to Executive Order 13038, Advisory Committee on Public Interest Obligations of Digital Television Broadcasters",1998-09-25,William J. Clinton,63 FR 52125
13103,Computer Software Piracy,1998-09-30,William J. Clinton,63 FR 53273
13104,"Amendment to Executive Order 13021, Tribal Colleges and Universities",1998-10-19,William J. Clinton,63 FR 56535
13105,Open Enrollment Season for Participants in the Foreign Service Retirement and Disability System and the Central Intelligence Agency Retirement and Disability System,1998-11-02,William J. Clinton,63 FR 60201
13106,Adjustments of Certain Rates of Pay and Delegation of a Federal Pay Administration Authority,1998-12-07,William J. Clinton,63 FR 68151
13107,Implementation of Human Rights Treaties,1998-12-10,William J. Clinton,63 FR 68991
13108,"Further Amendment to Executive Order 13037, Commission To Study Capital Budgeting",1998-12-11,William J. Clinton,63 FR 69175
13109,"Half-Day Closing of Executive Departments and Agencies of the Federal Government on Thursday, December 24, 1998",1998-12-17,William J. Clinton,63 FR 70631
13110,Nazi War Criminal Records Interagency Working Group,1999-01-11,William J. Clinton,64 FR 2419
13111,Using Technology To Improve Training Opportunities for Federal Government Employees,1999-01-12,William J. Clinton,64 FR 2793
13112,Invasive Species,1999-02-03,William J. Clinton,64 FR 6183
13113,"President's Information Technology Advisory Committee, Further Amendments to Executive Order 13035, as Amended",1999-02-10,William J. Clinton,64 FR 7489
13114,"Further Amendment to Executive Order 12852, as Amended, Extending the President's Council on Sustainable Development",1999-02-25,William J. Clinton,64 FR 10099
13115,Interagency Task Force on the Roles and Missions of the United States Coast Guard,1999-03-25,William J. Clinton,64 FR 15283
13116,Identification of Trade Expansion Priorities and Discriminatory Procurement Practices,1999-03-31,William J. Clinton,64 FR 16333
13117,"Further Amendment to Executive Order 12981, as Amended",1999-03-31,William J. Clinton,64 FR 16591
13118,Implementation of the Foreign Affairs Reform and Restructuring Act of 1998,1999-03-31,William J. Clinton,64 FR 16595
13119,"Designation of Federal Republic of Yugoslavia (Serbia/Montenegro), Albania, the Airspace Above, and Adjacent Waters as a Combat Zone",1999-04-13,William J. Clinton,64 FR 18797
13120,Ordering the Selected Reserve and Certain Individual Ready Reserve Members of the Armed Forces to Active Duty,1999-04-27,William J. Clinton,64 FR 23007
13121,"Blocking Property of the Governments of the Federal Republic of Yugoslavia (Serbia and Montenegro), the Republic of Serbia, and the Republic of Montenegro, and Prohibiting Trade Transactions Involving the Federal Republic of Yugoslavia (Serbia and Montenegro) in Response to the Situation in Kosovo",1999-04-30,William J. Clinton,64 FR 24021
13122,Interagency Task Force on the Economic Development of the Southwest Border,1999-05-25,William J. Clinton,64 FR 29201
13123,Greening the Government Through Efficient Energy Management,1999-06-03,William J. Clinton,64 FR 30851
13124,Amending the Civil Service Rules Relating To Federal Employees With Psychiatric Disabilities,1999-06-04,William J. Clinton,64 FR 31103
13125,Increasing Participation of Asian Americans and Pacific Islanders in Federal Programs,1999-06-07,William J. Clinton,64 FR 31105
13126,Prohibition of Acquisition of Products Produced by Forced or Indentured Child Labor,1999-06-12,William J. Clinton,64 FR 32383
13127,"Amendment to Executive Order 13073, Year 2000 Conversion",1999-06-14,William J. Clinton,64 FR 32793
13128,Implementation of the Chemical Weapons Convention and the Chemical Weapons Convention Implementation Act,1999-06-25,William J. Clinton,64 FR 34703
13129,Blocking Property and Prohibiting Transactions With the Taliban,1999-07-04,William J. Clinton,64 FR 36759
13130,National Infrastructure Assurance Council,1999-07-14,William J. Clinton,64 FR 38535
13131,"Further Amendments to Executive Order 12757, Implementation of the Enterprise for the Americas Initiative",1999-07-22,William J. Clinton,64 FR 40733
13132,Federalism,1999-08-04,William J. Clinton,64 FR 43255
13133,Working Group on Unlawful Conduct on the Internet,1999-08-05,William J. Clinton,64 FR 43895
13134,Developing and Promoting Biobased Products and Bioenergy,1999-08-12,William J. Clinton,64 FR 44639
13135,"Amendment to Executive Order 12216, President's Committee on the International Labor Organization",1999-08-27,William J. Clinton,64 FR 47339
13136,"Amendment to Executive Order 13090, President's Commission on the Celebration of Women in American History",1999-09-03,William J. Clinton,64 FR 48931
13137,"Amendment to Executive Order 12975, as Amended, National Bioethics Advisory Commission",1999-09-15,William J. Clinton,64 FR 50733
13138,Continuance of Certain Federal Advisory Committees,1999-09-30,William J. Clinton,64 FR 53879
13139,Improving Health Protection of Military Personnel Participating in Particular Military Operations,1999-09-30,William J. Clinton,64 FR 54175
13140,"1999 Amendments to the Manual for Courts-Martial, United States",1999-10-06,William J. Clinton,64 FR 55115
13141,Environmental Review of Trade Agreements,1999-11-16,William J. Clinton,64 FR 63169
13142,Amendment To Executive Order 12958-Classified National Security Information,1999-11-19,William J. Clinton,64 FR 66089
13143,"Amending Executive Order 10173, as Amended, Prescribing Regulations Relating to the Safeguarding of Vessels, Harbors, Ports, and Waterfront Facilities of the United States",1999-12-01,William J. Clinton,64 FR 68273
13144,Adjustments of Certain Rates of Pay,1999-12-21,William J. Clinton,64 FR 72237
13145,To Prohibit Discrimination in Federal Employment Based on Genetic Information,2000-02-08,William J. Clinton,65 FR 6877
13146,"President's Council on the Future of Princeville, North Carolina",2000-02-29,William J. Clinton,65 FR 11201
13147,White House Commission on Complementary and Alternative Medicine Policy,2000-03-07,William J. Clinton,65 FR 13233
13148,Greening the Government Through Leadership in Environmental Management,2000-04-21,William J. Clinton,65 FR 24595
13149,Greening the Government Through Federal Fleet and Transportation Efficiency,2000-04-21,William J. Clinton,65 FR 24607
13150,Federal Workforce Transportation,2000-04-21,William J. Clinton,65 FR 24613
13151,Global Disaster Information Network,2000-04-27,William J. Clinton,65 FR 25619
13152,"Further Amendment to Executive Order 11478, Equal Employment Opportunity in Federal Government",2000-05-02,William J. Clinton,65 FR 26115
13153,Actions To Improve Low-Performing Schools,2000-05-03,William J. Clinton,65 FR 26475
13154,Establishing the Kosovo Campaign Medal,2000-05-03,William J. Clinton,65 FR 26479
13155,Access to HIV/AIDS Pharmaceuticals and Medical,2000-05-10,William J. Clinton,65 FR 30521
13156,Amendment to Executive Order 12871 Regarding the National Partnership Council,2000-05-17,William J. Clinton,65 FR 31785
13157,Increasing Opportunities for Women-Owned Small Businesses,2000-05-23,William J. Clinton,65 FR 34035
13158,Marine Protected Areas,2000-05-26,William J. Clinton,65 FR 34909
13159,Blocking Property of the Government of the Russian Federation Relating to the Disposition of Highly Enriched Uranium Extracted From Nuclear Weapons,2000-06-21,William J. Clinton,65 FR 39279
13160,"Nondiscrimination on the Basis of Race, Sex, Color, National Origin, Disability, Religion, Age, Sexual Orientation, and Status as a Parent in Federally Conducted Education and Training Programs",2000-06-23,William J. Clinton,65 FR 39775
13161,Establishment of the Presidential Medal of Valor for Public Safety Officers,2000-06-29,William J. Clinton,65 FR 41543
13162,Federal Career Intern Program,2000-07-06,William J. Clinton,65 FR 43211
13163,Increasing the Opportunity for Individuals With Disabilities To Be Employed in the Federal Government,2000-07-26,William J. Clinton,65 FR 46563
13164,Requiring Federal Agencies To Establish Procedures To Facilitate the Provision of Reasonable Accommodation,2000-07-26,William J. Clinton,65 FR 46565
13165,Creation of the White House Task Force on Drug Use in Sports and Authorization for the Director of the Office of National Drug Control Policy To Serve as the United States Government's Representative on the Board of the World Anti-Doping Agency,2000-08-09,William J. Clinton,65 FR 49469
13166,Improving Access to Services for Persons With Limited English Proficiency,2000-08-11,William J. Clinton,65 FR 50121
13167,"Amendment to Executive Order 13147, Increasing the Membership of the White House Commission on Complementary and Alternative Medicine Policy",2000-09-15,William J. Clinton,65 FR 57079
13168,President's Commission on Improving Economic Opportunity in Communities Dependent on Tobacco Production While Protecting Public Health,2000-09-22,William J. Clinton,65 FR 58217
13169,Assistance to Small Business Exporters and Dislocated,2000-10-06,William J. Clinton,65 FR 60581
13170,Increasing Opportunities and Access for Disadvantaged Businesses,2000-10-06,William J. Clinton,65 FR 60827
13171,Hispanic Employment in the Federal Government,2000-10-12,William J. Clinton,65 FR 61251
13172,"Amendment to Executive Order 13078, To Expand the Role of the National Task Force on Employment of Adults With Disabilities To Include a Focus on Youth",2000-10-25,William J. Clinton,65 FR 64577
13173,Interagency Task Force on the Economic Development of the Central San Joaquin Valley,2000-10-25,William J. Clinton,65 FR 64579
13174,"Commission on Workers, Communities, and Economic Change in the New Economy",2000-10-27,William J. Clinton,65 FR 65705
13175,Consultation and Coordination With Indian Tribal Governments,2000-11-06,William J. Clinton,65 FR 67249
13176,Facilitation of a Presidential Transition,2000-11-27,William J. Clinton,65 FR 71233
13177,National Commission on the Use of Offsets in Defense Trade and President's Council on the Use of Offsets in Commercial Trade,2000-12-04,William J. Clinton,65 FR 76558
13178,Northwestern Hawaiian Islands Coral Reef Ecosystem Reserve,2000-12-04,William J. Clinton,65 FR 76903
13179,Providing Compensation to America's Nuclear Weapons Workers,2000-12-07,William J. Clinton,65 FR 77487
13180,Air Traffic Performance-Based Organization,2000-12-07,William J. Clinton,65 FR 77493
13181,To Protect the Privacy of Protected Health Information in Oversight Investigations,2000-12-20,William J. Clinton,65 FR 81321
13182,Adjustments of Certain Rates of Pay,2000-12-23,William J. Clinton,65 FR 82879
13183,Establishment of the President's Task Force on Puerto Rico's Status,2000-12-23,William J. Clinton,65 FR 82889
13184,Revocation of Executive Order 12834,2000-12-28,William J. Clinton,66 FR 697
13185,To Strengthen the Federal Government-University Research Partnership,2000-12-28,William J. Clinton,66 FR 701
13186,Responsibilities of Federal Agencies To Protect Migratory Birds,2001-01-10,William J. Clinton,66 FR 3853
13187,The President's Disability Employment Partnership Board,2001-01-10,William J. Clinton,66 FR 3857
13188,"Amendment to Executive Order 13111, Extension of the Advisory Committee on Expanding Training Opportunities",2001-01-12,William J. Clinton,66 FR 5419
13189,Federal Interagency Task Force on the District of Columbia,2001-01-15,William J. Clinton,66 FR 5421
13190,President's Commission on Educational Resource Equity,2001-01-15,William J. Clinton,66 FR 5424
13191,Implementation of the African Growth and Opportunity Act and the United States-Caribbean Basin Trade Partnership Act,2001-01-17,William J. Clinton,66 FR 7271
13192,Lifting and Modifying Measures With Respect to the Federal Republic of Yugoslavia (Serbia and Montenegro),2001-01-17,William J. Clinton,66 FR 7379
13193,Federal Leadership on Global Tobacco Control and Prevention,2001-01-18,William J. Clinton,66 FR 7387
13194,Prohibiting the Importation of Rough Diamonds From Sierra Leone,2001-01-18,William J. Clinton,66 FR 7389
13195,Trails for America in the 21st Century,2001-01-18,William J. Clinton,66 FR 7391
13196,Final Northwestern Hawaiian Islands Coral Reef Ecosystem Reserve,2001-01-18,William J. Clinton,66 FR 7395
13197,Governmentwide Accountability for Merit System Principles; Workforce Information,2001-01-18,William J. Clinton,66 FR 7853
13198,Agency Responsibilities With Respect to Faith- Based and Community Initiatives,2001-01-29,George W. Bush,66 FR 8497
13199,Establishment of White House Office of Faith- Based and Community Initiatives,2001-01-29,George W. Bush,66 FR 8499
13200,"President's Information Technology Advisory Committee, Further Amendment to Executive Order 13035, as Amended",2001-02-11,George W. Bush,66 FR 10183
13201,Notification of Employee Rights Concerning Payment of Union Dues or Fees,2001-02-17,George W. Bush,66 FR 11221
13202,Preservation of Open Competition and Government Neutrality Towards Government Contractors'Labor Relations on Federal and Federally Funded Construction Projects,2001-02-17,George W. Bush,66 FR 11225
13203,Revocation of Executive Order and Presidential Memorandum Concerning Labor-Management Partnerships,2001-02-17,George W. Bush,66 FR 11227
13204,Revocation of Executive Order on Nondisplacement of Qualified Workers Under Certain Contracts,2001-02-17,George W. Bush,66 FR 11228
13205,"Establishing an Emergency Board To Investigate a Dispute Between Northwest Airlines, Inc., and Its Employees Represented by the Aircraft Mechanics Fraternal Association",2001-03-09,George W. Bush,66 FR 15011
13206,Termination of Emergency Authority for Certain Export Controls,2001-04-04,George W. Bush,66 FR 18397
13207,"Further Amendment to Executive Order 10000, Regulations Governing Additional Compensation and Credit Granted Certain Employees of the Federal Government Serving Outside the United States",2001-04-05,George W. Bush,66 FR 18399
13208,"Amendment to Executive Order 13202, Preservation of Open Competition and Government Neutrality Towards Government Contractors' Labor Relations on Federal and Federally Funded Construction Projects",2001-04-06,George W. Bush,66 FR 18717
13209,"Amendment to Executive Order 13183, Establishment of the President's Task Force on Puerto Rico's Statis",2001-04-30,George W. Bush,66 FR 22105
13210,President's Commission To Strengthen Social Security,2001-05-02,George W. Bush,66 FR 22895
13211,"Actions Concerning Regulations That Significantly Affect Energy Supply, Distribution, or Use",2001-05-18,George W. Bush,66 FR 28355
13212,Actions To Expedite Energy-Related Projects,2001-05-18,George W. Bush,66 FR 28357
13213,Additional Measures With Respect To Prohibiting the Importation of Rough Diamonds From Sierra Leone,2001-05-22,George W. Bush,66 FR 28829
13214,President's Task Force To Improve Health Care Delivery for Our Nation's Veterans,2001-05-28,George W. Bush,66 FR 29447
13215,"President’s Information Technology Advisory Committee, Further Amendment to Executive Order 13035, as Amended",2001-05-31,George W. Bush,66 FR 30285
13216,"Amendment to Executive Order 13125, Increasing Participation of Asian Americans and Pacific Islanders in Federal Programs",2001-06-06,George W. Bush,66 FR 31373
13217,Community-Based Alternatives for Individuals With Disabilities,2001-06-18,George W. Bush,66 FR 33155
13218,21st Century Workforce Initiative,2001-06-20,George W. Bush,66 FR 33627
13219,Blocking Property of Persons Who Threaten International Stabilization Efforts in the Western Balkans,2001-06-26,George W. Bush,66 FR 34777
13220,Waiver Under the Trade Act of 1974 With Respect to the Republic of Belarus,2001-07-02,George W. Bush,66 FR 35527
13221,Energy Efficient Standby Power Devices,2001-07-31,George W. Bush,66 FR 40571
13222,Continuation of Export Control Regulations,2001-08-17,George W. Bush,66 FR 44025
13223,Ordering the Ready Reserve of the Armed Forces To Active Duty and Delegating Certain Authorities to the Secretary of Defense and the Secretary of Transportation,2001-09-14,George W. Bush,66 FR 48201
13224,"Blocking Property and Prohibiting Transactions With Persons Who Commit, Threaten To Commit, or Support Terrorism",2001-09-23,George W. Bush,66 FR 49079
13225,Continuance of Certain Federal Advisory Committees,2001-09-28,George W. Bush,66 FR 50291
13226,President's Council of Advisors on Science and Technology,2001-09-30,George W. Bush,66 FR 50523
13227,President's Commission on Excellence in Special Education,2001-10-02,George W. Bush,66 FR 51287
13228,Establishing the Office of Homeland Security and the Homeland Security Council,2001-10-08,George W. Bush,66 FR 51812
13229,"Amendment to Executive Order 13045, Extending the Task Force on Environmental Health Risks and Safety Risks to Children",2001-10-09,George W. Bush,66 FR 52013
13230,President's Advisory Commission on Educational Excellence for Hispanic Americans,2001-10-12,George W. Bush,66 FR 52841
13231,Critical Infrastructure Protection in the Information Age,2001-10-16,George W. Bush,66 FR 53063
13232,"Further Amendment to Executive Order 10789, as Amended, To Authorize the Department of Health and Human Services To Exercise Certain Contracting Authority in Connection With National Defense Functions",2001-10-20,George W. Bush,66 FR 53941
13233,Further Implementation of the Presidential Records Act,2001-11-01,George W. Bush,66 FR 56025
13234,Presidential Task Force on Citizen Preparedness in the War on Terrorism,2001-11-09,George W. Bush,66 FR 57355
13235,National Emergency Construction Authority,2001-11-16,George W. Bush,66 FR 58343
13236,Waiver of Dual Compensation Provisions of the Central Intelligence Agency Retirement Act of 1964,2001-11-27,George W. Bush,66 FR 59671
13237,Creation of the President's Council on Bioethics,2001-11-28,George W. Bush,66 FR 59851
13238,"Closing of Federal Government Executive Departments and Agencies on Monday, December 24, 2001",2001-12-05,George W. Bush,66 FR 63903
13239,Designation of Afghanistan and the Airspace Above as a Combat Zone,2001-12-12,George W. Bush,66 FR 64907
13240,Council of Europe in Respect of the Group of States Against Corruption,2001-12-18,George W. Bush,66 FR 66257
13241,Providing an Order of Succession Within the Department of Agriculture,2001-12-18,George W. Bush,66 FR 66258
13242,Providing an Order of Succession Within the Department of Commerce,2001-12-18,George W. Bush,66 FR 66260
13243,Providing an Order of Succession Within the Department of Housing and Urban Development,2001-12-18,George W. Bush,66 FR 66262
13244,Providing an Order of Succession Within the Department of the Interior,2001-12-18,George W. Bush,66 FR 66267
13245,Providing an Order of Succession Within the Department of Labor,2001-12-18,George W. Bush,66 FR 66268
13246,Providing an Order of Succession Within the Department of the Treasury,2001-12-18,George W. Bush,66 FR 66270
13247,Providing an Order of Succession Within the Department of Veterans Affairs,2001-12-18,George W. Bush,66 FR 66271
13248,"Establishing an Emergency Board To Investigate a Dispute Between United Airlines, Inc., and its Mechanics and Related Employees Represented by the International Association of Machinists and Aerospace Workers",2001-12-20,George W. Bush,66 FR 66705
13249,Adjustments of Certain Rates of Pay,2001-12-28,George W. Bush,67 FR 639
13250,Providing an Order of Succession Within the Department of Health and Human Services,2001-12-28,George W. Bush,67 FR 1597
13251,Providing an Order of Succession Within the Department of State,2001-12-28,George W. Bush,67 FR 1599
13252,Exclusions From the Federal Labor-Management Relations Program,2002-01-07,George W. Bush,67 FR 1601
13253,"Amendment to Executive Order 13223, Ordering the Ready Reserve of the Armed Forces to Active Duty and Delegating Certain Authorities to the Secretary of Defense and the",2002-01-16,George W. Bush,67 FR 2791
13254,Establishing the USA Freedom Corps,2002-01-29,George W. Bush,67 FR 4869
13255,"Amendment to Executive Order 13227, President's Commission on Excellence in Special Education",2002-02-06,George W. Bush,67 FR 6157
13256,President's Board of Advisors on Historically Black Colleges and Universities,2002-02-12,George W. Bush,67 FR 6823
13257,President's Interagency Task Force To Monitor and Combat Trafficking in Persons,2002-02-13,George W. Bush,67 FR 7259
13258,Amending Executive Order 12866 on Regulatory Planning and Review,2002-02-26,George W. Bush,67 FR 9385
13259,Designation of Public International Organizations for Purposes of the Securities Exchange Act of 1934 and the Foreign Corrupt Practices Act of 1977,2002-03-19,George W. Bush,67 FR 13239
13260,Establishing the President's Homeland Security Advisory Council and Senior Advisory Committees for Homeland,2002-03-19,George W. Bush,67 FR 13241
13261,Providing An Order of Succession in the Environmental Protection Agency and Amending Certain Orders on Succession,2002-03-19,George W. Bush,67 FR 13243
13262,"2002 Amendments to the Manual for Courts-Martial, United States",2002-04-11,George W. Bush,67 FR 18773
13263,President's New Freedom Commission on Mental Health,2002-04-29,George W. Bush,67 FR 22337
13264,"Amendment to Executive Order 13180, Air Traffic Performance-Based Organization",2002-06-04,George W. Bush,67 FR 39243
13265,President's Council on Physical Fitness and Sports,2002-06-06,George W. Bush,67 FR 39841
13266,Activities To Promote Personal Fitness,2002-06-20,George W. Bush,67 FR 42467
13267,Establishing a Transition Planning Office for the Department of Homeland Security Within the Office of Management and Budget,2002-06-20,George W. Bush,67 FR 42469
13268,"Termination of Emergency With Respect to the Taliban and Amendment of Executive Order 13224 of September 23, 2001",2002-07-02,George W. Bush,67 FR 44751
13269,Expedited Naturalization of Aliens and Noncitizen Nationals Serving in an Active-Duty Status During the War on Terrorism,2002-07-03,George W. Bush,67 FR 45287
13270,Tribal Colleges and Universities,2002-07-03,George W. Bush,67 FR 45288
13271,Establishment of the Corporate Fraud Task Force,2002-07-09,George W. Bush,67 FR 46091
13272,Proper Consideration of Small Entities in Agency Rulemaking,2002-08-13,George W. Bush,67 FR 53461
13273,"Further Amending Executive Order 10173, as Amended, Prescribing Regulations Relating to the Safeguarding of Vessels, Harbors, Ports, and Waterfront Facilities of the United States",2002-08-21,George W. Bush,67 FR 56215
13274,Environmental Stewardship and Transportation Infrastructure Project Reviews,2002-09-18,George W. Bush,67 FR 59449
13275,Creating a Board of Inquiry To Report on Certain Labor Disputes Affecting the Maritime Industry of the United States,2002-10-07,George W. Bush,67 FR 62869
13276,Delegation of Responsibilities Concerning Undocumented Aliens Interdicted or Intercepted in the Caribbean Region,2002-11-15,George W. Bush,67 FR 69985
13277,Delegation of Certain Authorities and Assignment of Certain Functions Under the Trade Act of 2002,2002-11-19,George W. Bush,67 FR 70305
13278,President's Commission on the United States Postal Service,2002-12-11,George W. Bush,67 FR 76671
13279,Equal Protection of the Laws for Faith-Based and Community Organizations,2002-12-12,George W. Bush,67 FR 77141
13280,Responsibilities of the Department of Agriculture and the Agency for International Development With Respect to Faith-Based and Community Initiatives,2002-12-12,George W. Bush,67 FR 77145
13281,"Half-Day Closing of Executive Departments and Agencies of the Federal Government on Tuesday, December 24, 2002",2002-12-19,George W. Bush,67 FR 78319
13282,Adjustments of Certain Rates of Pay,2002-12-31,George W. Bush,68 FR 1133
13283,Establishing the Office of Global Communications,2003-01-21,George W. Bush,68 FR 3371
13284,"Amendment of Executive Orders, and Other Actions, in Connection With the Establishment of the Department of Homeland Security",2003-01-23,George W. Bush,68 FR 4075
13285,President's Council on Service and Civic Participation,2003-01-29,George W. Bush,68 FR 5203
13286,"Amendment of Executive Orders, and Other Actions, in Connection With the Transfer of Certain Functions to the Secretary of Homeland Security",2003-02-28,George W. Bush,68 FR 10619
13287,Preserve America,2003-03-03,George W. Bush,68 FR 10635
13288,Blocking Property of Persons Undermining Democratic Processes or Institutions in Zimbabwe,2003-03-06,George W. Bush,68 FR 11457
13289,Establishing the Global War on Terrorism Medals,2003-03-12,George W. Bush,68 FR 12567
13290,Confiscating and Vesting Certain Iraqi Property,2003-03-20,George W. Bush,68 FR 14307
13291,Further Adjustment of Certain Rates of Pay,2003-03-21,George W. Bush,68 FR 14525
13292,"Further Amendment to Executive Order 12958, as Amended, Classified National Security Information",2003-03-25,George W. Bush,68 FR 15315
13293,"Amendment to Executive Order 10448, Establishing the National Defense Service Medal",2003-03-28,George W. Bush,68 FR 15917
13294,"Regulations Relating to Hazardous Duty Incentive Pay, Aviation Career Incentive Pay, and Submarine Duty Incentive Pay",2003-03-28,George W. Bush,68 FR 15917
13295,Revised List of Quarantinable Communicable Diseases,2003-04-04,George W. Bush,68 FR 17255
13296,"Amendments to Executive Order 13045, Protection of Children From Environmental Health Risks and Safety Risks",2003-04-18,George W. Bush,68 FR 19931
13297,"Applying the Federal Physicians Comparability Allowance Amendments of 2000 to Participants in the Foreign Service Retirement and Disability System, the Foreign Service Pension System, and the Central Intelligence Agency Retirement and Disability System",2003-04-23,George W. Bush,68 FR 22565
13298,Termination of Emergency With Respect to the Actions and Policies of Unita and Revocation of Related Executive Orders,2003-05-06,George W. Bush,68 FR 24857
13299,Interagency Group on Insular Areas,2003-05-12,George W. Bush,68 FR 25477
13300,Facilitating the Administration of Justice in the Federal Courts,2003-05-09,George W. Bush,68 FR 25807
13301,Increasing the Number of Members on the Intelligence Oversight Board,2003-05-14,George W. Bush,68 FR 26981
13302,"Amending Executive Order 13212, Actions to Expedite Energy-Related Projects",2003-05-15,George W. Bush,68 FR 27429
13303,Protecting the Development Fund for Iraq and Certain Other Property in Which Iraq Has an Interest,2003-05-22,George W. Bush,68 FR 31931
13304,"Termination of Emergencies With Respect to Yugoslavia and Modification of Executive Order 13219 of June 26, 2001",2003-05-28,George W. Bush,68 FR 32315
13305,Extension of the President's Information Technology Advisory Committee and the President's Council of Advisors on Science and Technology,2003-05-28,George W. Bush,68 FR 32323
13306,Establishing the Bob Hope American Patriot Award,2003-05-28,George W. Bush,68 FR 33337
13307,European Central Bank,2003-05-29,George W. Bush,68 FR 33338
13308,"Further Amendment to Executive Order 12580, as Amended, Superfund Implementation",2003-06-20,George W. Bush,68 FR 37691
13309,"Amendments to Executive Order 12994, and Renaming the President's Committee on Mental Retardation as the President's Committee for People with Intellectual Disabilities",2003-07-25,George W. Bush,68 FR 44851
13310,Blocking Property of the Government of Burma and Prohibiting Certain Transactions,2003-07-28,George W. Bush,68 FR 44853
13311,Homeland Security Information Sharing,2003-07-29,George W. Bush,68 FR 45149
13312,Implementing the Clean Diamond Trade Act,2003-07-29,George W. Bush,68 FR 45151
13313,Delegation of Certain Congressional Reporting Functions,2003-07-31,George W. Bush,68 FR 46073
13314,Waiver Under the Trade Act of 1974 With Respect to Turkmenistan,2003-08-08,George W. Bush,68 FR 48249
13315,"Blocking Property of the Former Iraqi Regime, Its Senior Officials and Their Family Members, and Taking Certain Other Actions",2003-08-28,George W. Bush,68 FR 52315
13316,Continuance of Certain Federal Advisory Committees,2003-09-17,George W. Bush,68 FR 55255
13317,Volunteers for Prosperity,2003-09-25,George W. Bush,68 FR 56515
13318,Presidential Management Fellows Program,2003-11-21,George W. Bush,68 FR 66317
13319,"Amendment to Executive Order 13183, Establishment of the President's Task Force on Puerto Rico's Status",2003-12-03,George W. Bush,68 FR 68233
13320,Closing of Executive Departments and Agencies of the,2003-12-09,George W. Bush,68 FR 69295
13321,Appointments During National Emergency,2003-12-17,George W. Bush,68 FR 74465
13322,Adjustments of Certain Rates of Pay,2003-12-30,George W. Bush,69 FR 231
13323,Assignment of Functions Relating to Arrivals in and Departures From the United States,2003-12-30,George W. Bush,69 FR 241
13324,Termination of Emergency With Respect to Sierra Leone and Liberia,2004-01-15,George W. Bush,69 FR 2823
13325,"Amendment to Executive Order 12293, the Foreign Service of the United States",2004-01-23,George W. Bush,69 FR 4217
13326,President's Commission on Implementation of United States Space Exploration Policy,2004-01-27,George W. Bush,69 FR 5255
13327,Federal Real Property Asset Management,2004-02-04,George W. Bush,69 FR 5897
13328,Commission on the Intelligence Capabilities of the United States Regarding Weapons of Mass Destruction,2004-02-06,George W. Bush,69 FR 6901
13329,Encouraging Innovation in Manufacturing,2004-02-24,George W. Bush,69 FR 9181
13330,Human Service Transportation Coordination,2004-02-24,George W. Bush,69 FR 9185
13331,National and Community Service Programs,2004-02-27,George W. Bush,69 FR 9911
13332,Further Adjustment of Certain Rates of Pay,2004-03-03,George W. Bush,69 FR 10891
13333,Amending Executive Order 13257 To Implement the Trafficking Victims Protection Reauthorization Act of 2003,2004-03-18,George W. Bush,69 FR 13455
13334,Establishing an Emergency Board To Investigate a Dispute Between the Southeastern Pennsylvania Transportation Authority and its Conductors Represented by the United Transportation Union,2004-04-10,George W. Bush,69 FR 19917
13335,Incentives for the Use of Health Information Technology and Establishing the Position of the National Health Information Technology Coordinator,2004-04-27,George W. Bush,69 FR 24059
13336,American Indian and Alaska Native Education,2004-04-30,George W. Bush,69 FR 25295
13337,Issuance of Permits With Respect to Certain Energy-Related Facilities and Land Transportation Crossings on the International Boundaries of the United States,2004-04-30,George W. Bush,69 FR 25299
13338,Blocking Property of Certain Persons and Prohibiting the Export of Certain Goods to Syria,2004-05-11,George W. Bush,69 FR 26751
13339,Increasing Economic Opportunity and Business Participation of Asian Americans and Pacific Islanders,2004-05-13,George W. Bush,69 FR 28037
13340,Establishment of Great Lakes Interagency Task Force and Promotion of a Regional Collaboration of National Significance for the Great Lakes,2004-05-18,George W. Bush,69 FR 29043
13341,"Further Amendment to Executive Order 11023, Providing for the Performance by the Secretary of Commerce of Certain Functions Relating to the National Oceanic and Atmospheric Administration",2004-05-20,George W. Bush,69 FR 29843
13342,Responsibilities of the Departments of Commerce and Veterans Affairs and the Small Business Administration With Respect to Faith-Based and Community Initiatives,2004-06-01,George W. Bush,69 FR 31509
13343,"Providing for the Closing of Government Departments and Agencies on June 11, 2004",2004-06-06,George W. Bush,69 FR 32245
13344,Amending Executive Order 13261 on the Order of Succession in the Environmental Protection Agency,2004-07-07,George W. Bush,69 FR 41747
13345,Assigning Foreign Affairs Functions and Implementing the Enterprise for the Americas Initiative and the Tropical Forest Conservation Act,2004-07-08,George W. Bush,69 FR 41901
13346,"Delegation of Certain Waiver, Determination, Certification, Recommendation, and Reporting Functions",2004-07-08,George W. Bush,69 FR 41905
13347,Individuals With Disabilities in Emergency Preparedness,2004-07-22,George W. Bush,69 FR 44573
13348,Blocking Property of Certain Persons and Prohibiting the Importation of Certain Goods from Liberia,2004-07-22,George W. Bush,69 FR 44885
13349,Amending Executive Order 13226 To Designate the President's Council of Advisors on Science and Technology To Serve as the National Nanotechnology Advisory Panel,2004-07-23,George W. Bush,69 FR 44891
13350,"Termination of Emergency Declared in Executive Order 12722 With Respect to Iraq and Modification of Executive Order 13290, Executive Order 13303, and Executive Order 13315",2004-07-29,George W. Bush,69 FR 46055
13351,Establishing an Emergency Board To Investigate a Dispute Between the Southeastern Pennsylvania Transportation Authority and Its Conductors Represented by the United Transportation Union,2004-08-09,George W. Bush,69 FR 50047
13352,Facilitation of Cooperative Conservation,2004-08-26,George W. Bush,69 FR 52989
13353,Establishing the President's Board on Safeguarding Americans' Civil Liberties,2004-08-27,George W. Bush,69 FR 53585
13354,National Counterterrorism Center,2004-08-27,George W. Bush,69 FR 53589
13355,Strengthened Management of the Intelligence Community,2004-08-27,George W. Bush,69 FR 53593
13356,Strengthening the Sharing of Terrorism Information To Protect Americans,2004-08-27,George W. Bush,69 FR 53599
13357,Termination of Emergency Declared in Executive Order 12543 With Respect to the Policies and Actions of the,2004-09-20,George W. Bush,69 FR 56665
13358,"Assignment of Functions Relating to Certain Appointments, Promotions, and Commissions in the Armed Forces",2004-09-28,George W. Bush,69 FR 58797
13359,"Amendment to Executive Order 13173, Interagency Task Force on the Economic Development of the Central San Joaquin Valley",2004-10-20,George W. Bush,69 FR 62391
13360,Providing Opportunities for Service-Disabled Veteran Businesses To Increase Their Federal Contracting and Subcontracting,2004-10-20,George W. Bush,69 FR 62549
13361,"Assignment of Functions Under the United States Leadership Against HIV/AIDS, Tuberculosis, and Malaria Act of 2003",2004-11-16,George W. Bush,69 FR 67633
13362,Designation of Additional Officers for the Department of Homeland Security Order of Succession,2004-11-29,George W. Bush,69 FR 70173
13363,Establishing the Afghanistan and Iraq Campaign Medals,2004-11-29,George W. Bush,69 FR 70175
13364,Modifying the Protection Granted to the Development Fund for Iraq and Certain Property in Which Iraq Has an Interest and Protecting the Central Bank of Iraq,2004-11-29,George W. Bush,69 FR 70177
13365,"2004 Amendments to the Manual for Courts-Martial, United States",2004-12-03,George W. Bush,69 FR 71333
13366,Committee on Ocean Policy,2004-12-17,George W. Bush,69 FR 76591
13367,United States-Mexico Border Health Commission,2004-12-21,George W. Bush,69 FR 77605
13368,Adjustments of Certain Rates of Pay,2004-12-30,George W. Bush,70 FR 1147
13369,President's Advisory Panel on Federal Tax Reform,2005-01-07,George W. Bush,70 FR 2323
13370,Providing an Order of Succession in the Office of Management and Budget,2005-01-13,George W. Bush,70 FR 3137
13371,"Amendments to Executive Order 13285, Relating to the President's Council on Service and Civic Participation",2005-01-27,George W. Bush,70 FR 5041
13372,Clarification of Certain Executive Orders Blocking Property and Prohibiting Certain Transactions,2005-02-16,George W. Bush,70 FR 8499
13373,Amendments to Executive Order 11926 Relating to the Vice Presidential Service Badge,2005-03-10,George W. Bush,70 FR 12579
13374,Amendments to Executive Order 12293—The Foreign Service of the United States,2005-03-14,George W. Bush,70 FR 12961
13375,"Amendment to Executive Order 13295 Relating to Certain
Influenza Viruses and Quarantinable Communicable Diseases",2005-04-01,George W. Bush,70 FR 17299
13376,"Amendments to Executive Order 12863, Relating to the President's Foreign Intelligence Advisory Board",2005-04-13,George W. Bush,70 FR 20261
13377,"Designating the African Union as a Public International Organization Entitled To Enjoy Certain Privileges, Exemptions, and Immunities",2005-04-13,George W. Bush,70 FR 20263
13378,Amendments to Executive Order 12788 Relating to the Defense Economic Adjustment Program,2005-05-12,George W. Bush,70 FR 28413
13379,"Amendment to Executive Order 13369, Relating to the President's Advisory Panel on Federal Tax Reform",2005-06-16,George W. Bush,70 FR 35505
13380,Implementing Amendments to Agreement on Border,2005-06-17,George W. Bush,70 FR 35509
13381,Strengthening Processes Relating to Determining Eligibility for Access to Classified National Security Information,2005-06-27,George W. Bush,70 FR 37953
13382,Blocking Property of Weapons of Mass Destruction Proliferators and Their Supporters,2005-06-28,George W. Bush,70 FR 38567
13383,Amending Executive Orders 12139 and 12949 in Light of Establishment of the Office of Director of National Intelligence,2005-07-15,George W. Bush,70 FR 41933
13384,Assignment of Functions Relating to Original Appointments as Commissioned Officers and Chief Warrant Officer Appointments in the Armed Forces,2005-07-27,George W. Bush,70 FR 43739
13385,Continuance of Certain Federal Advisory Committees and Amendments to and Revocation of Other Executive Orders,2005-09-29,George W. Bush,70 FR 57989
13386,"Further Amendment to Executive Order 13369, Relating to the President's Advisory Panel on Federal Tax Reform",2005-09-30,George W. Bush,70 FR 58289
13387,"2005 Amendments to the Manual for Courts-Martial, United States",2005-10-14,George W. Bush,70 FR 60697
13388,Further Strengthening the Sharing of Terrorism Information To Protect Americans,2005-10-25,George W. Bush,70 FR 62023
13389,Creation of the Gulf Coast Recovery and Rebuilding Council,2005-11-01,George W. Bush,70 FR 67325
13390,Establishment of a Coordinator of Federal Support for the Recovery and Rebuilding of the Gulf Coast Region,2005-11-01,George W. Bush,70 FR 67327
13391,Blocking Property of Additional Persons Undermining Democratic Processes or Institutions in Zimbabwe,2005-11-22,George W. Bush,70 FR 71201
13392,Improving Agency Disclosure of Information,2005-12-14,George W. Bush,70 FR 75373
13393,Adjustments of Certain Rates of Pay,2005-12-22,George W. Bush,70 FR 76655
13394,Providing an Order of Succession Within the Department of Defense,2005-12-22,George W. Bush,70 FR 76665
13395,"Designating the Global Fund To Fight AIDS, Tuberculosis and Malaria as a Public International Organization Entitled To Enjoy Certain Privileges, Exemptions, and Immunities",2006-01-13,George W. Bush,71 FR 3203
13396,Blocking Property of Certain Persons Contributing to the Conflict in Côte d'Ivoire,2006-02-07,George W. Bush,71 FR 7389
13397,Responsibilities of the Department of Homeland Security With Respect to Faith-Based and Community Initiatives,2006-03-07,George W. Bush,71 FR 12275
13398,National Mathematics Advisory Panel,2006-04-18,George W. Bush,71 FR 20519
13399,Blocking Property of Additional Persons in Connection With the National Emergency With Respect to Syria,2006-04-25,George W. Bush,71 FR 25059
13400,Blocking Property of Persons in Connection With the Conflict in Sudan's Darfur Region,2006-04-26,George W. Bush,71 FR 25483
13401,Responsibilities of Federal Departments and Agencies With Respect to Volunteer Community Service,2006-04-27,George W. Bush,71 FR 25737
13402,Strengthening Federal Efforts To Protect Against Identity Theft,2006-05-10,George W. Bush,71 FR 27945
13403,"Amendments to Executive Orders 11030, 13279, 13339, 13381, and 13389, and Revocation of Executive Order 13011",2006-05-12,George W. Bush,71 FR 28543
13404,Task Force on New Americans,2006-06-07,George W. Bush,71 FR 33593
13405,Blocking Property of Certain Persons Undermining Democratic Processes or Institutions in Belarus,2006-06-16,George W. Bush,71 FR 35485
13406,Protecting the Property Rights of the American People,2006-06-23,George W. Bush,71 FR 36973
13407,Public Alert and Warning System,2006-06-26,George W. Bush,71 FR 36975
13408,"Amending Executive Order 13381, As Amended, To Extend its Duration by One Year",2006-06-29,George W. Bush,71 FR 37807
13409,Establishing an Emergency Board To Investigate a Dispute Between Southeastern Pennsylvania Transportation Authority and Its Locomotive Engineers Represented by the Brotherhood of Locomotive Engineers and Trainmen,2006-07-03,George W. Bush,71 FR 38511
13410,Promoting Quality and Efficient Health Care in Federal Government Administered or Sponsored Health Care Programs,2006-08-22,George W. Bush,71 FR 51089
13411,Improving Assistance for Disaster Victims,2006-08-29,George W. Bush,71 FR 52729
13412,Blocking Property of and Prohibiting Transactions With the Government of Sudan,2006-10-13,George W. Bush,71 FR 61369
13413,Blocking Property of Certain Persons Contributing to the Conflict in the Democratic Republic of the Congo,2006-10-27,George W. Bush,71 FR 64105
13414,"Amendment to Executive Order 13402, Strengthening Federal Efforts To Protect Against Identity Theft",2006-11-03,George W. Bush,71 FR 65365
13415,Assignment of Certain Pay-Related Functions,2006-12-01,George W. Bush,71 FR 70641
13416,Strengthening Surface Transportation Security,2006-12-05,George W. Bush,71 FR 71033
13417,Establishing an Emergency Board To Investigate Disputes Between Metro-North Railroad and Certain of Its Employees Represented by Certain Labor Organizations,2006-12-06,George W. Bush,71 FR 71459
13418,"Amendment to Executive Order 13317, Volunteers for Prosperity",2006-12-14,George W. Bush,71 FR 75647
13419,National Aeronautics Research and Development,2006-12-20,George W. Bush,71 FR 77565
13420,Adjustments of Certain Rates of Pay,2006-12-21,George W. Bush,71 FR 77571
13421,"Providing for the Closing of Government Departments and Agencies on January 2, 2007",2006-12-28,George W. Bush,72 FR 425
13422,Further Amendment to Executive Order 12866 on Regulatory Planning and Review,2007-01-18,George W. Bush,72 FR 2763
13423,"Strengthening Federal Environmental, Energy, and Transportation Management",2007-01-24,George W. Bush,72 FR 3919
13424,"Further Amendment to Executive Order 13285, Relating to the President's Council on Service and Civic Participation",2007-01-26,George W. Bush,72 FR 4409
13425,Trial of Alien Unlawful Enemy Combatants by Military Commission,2007-02-14,George W. Bush,72 FR 7737
13426,Establishing a Commission on Care for America's Returning Wounded Warriors and a Task Force on Returning Global War on Terror Heroes,2007-03-06,George W. Bush,72 FR 10589
13427,Extending Privileges and Immunities to the Permanent Observer Mission of the Holy See to the United Nations,2007-03-07,George W. Bush,72 FR 10879
13428,Renaming a National Forest in the Commonwealth of Puerto Rico,2007-04-02,George W. Bush,72 FR 16693
13429,Establishing an Emergency Board To Investigate a Dispute Between Metro-North Railroad and Its Maintenance of Way Employees Represented by the International Brotherhood of Teamsters,2007-04-04,George W. Bush,72 FR 18101
13430,"2007 Amendments to the Manual for Courts-Martial, United States",2007-04-18,George W. Bush,72 FR 20213
13431,Establishment of Temporary Organization To Facilitate United States Government Assistance for Transition in Iraq,2007-05-08,George W. Bush,72 FR 26709
13432,"Cooperation Among Agencies in Protecting the Environment With Respect to Greenhouse Gas Emissions From Motor Vehicles, Nonroad Vehicles, and Nonroad Engines",2007-05-14,George W. Bush,72 FR 27717
13433,Protecting American Taxpayers From Payment of Contingency Fees,2007-05-16,George W. Bush,72 FR 28441
13434,National Security Professional Development,2007-05-17,George W. Bush,72 FR 28583
13435,Expanding Approved Stem Cell Lines in Ethically Responsible Ways,2007-06-20,George W. Bush,72 FR 34591
13436,"Further Amending Executive Order 13381, as Amended, To Extend Its Duration by One Year",2007-06-28,George W. Bush,72 FR 36337
13437,Waiver Under the Trade Act of 1974 With Respect to Turkmenistan,2007-06-28,George W. Bush,72 FR 36339
13438,Blocking Property of Certain Persons Who Threaten Stabilization Efforts in Iraq,2007-07-17,George W. Bush,72 FR 39719
13439,Establishing an Interagency Working Group on Import Safety,2007-07-18,George W. Bush,72 FR 40053
13440,Interpretation of the Geneva Conventions Common Article 3 as Applied to a Program of Detention and Interrogation Operated by the Central Intelligence Agency,2007-07-20,George W. Bush,72 FR 40707
13441,Blocking Property of Persons Undermining the Sovereignty of Lebanon or Its Democratic Processes and Institutions,2007-08-01,George W. Bush,72 FR 43499
13442,Amending the Order of Succession in the Department of Homeland Security,2007-08-13,George W. Bush,72 FR 45877
13443,Facilitation of Hunting Heritage and Wildlife Conservation,2007-08-16,George W. Bush,72 FR 46537
13444,Extending Privileges and Immunities to the African Union Mission to the United States,2007-09-12,George W. Bush,72 FR 52747
13445,Strengthening Adult Education,2007-09-27,George W. Bush,72 FR 56165
13446,Continuance of Certain Federal Advisory Committees and Amendments to and Revocation of Other Executive Orders,2007-09-28,George W. Bush,72 FR 56175
13447,"Further 2007 Amendments to the Manual for Courts- Martial, United States",2007-09-28,George W. Bush,72 FR 56179
13448,Blocking Property and Prohibiting Certain Transactions Related to Burma,2007-10-18,George W. Bush,72 FR 60223
13449,Protection of Striped Bass and Red Drum Fish Populations,2007-10-20,George W. Bush,72 FR 60531
13450,Improving Government Program Performance,2007-11-13,George W. Bush,72 FR 64519
13451,"Designating the ITER International Fusion Energy Organization as a Public International Organization Entitled To Enjoy Certain Privileges, Exemptions, and Immunities",2007-11-19,George W. Bush,72 FR 65653
13452,Establishing an Emergency Board To Investigate Disputes Between the National Railroad Passenger Corporation and Certain of Its Employees Represented by Certain Labor Organizations,2007-11-28,George W. Bush,72 FR 67827
13453,"Closing of Executive Departments and Agencies of the Federal Government on Monday, December 24, 2007",2007-12-06,George W. Bush,72 FR 70477
13454,Adjustments of Certain Rates of Pay,2008-01-04,George W. Bush,73 FR 1481
13455,Establishing the President's Advisory Council on Financial Literacy,2008-01-22,George W. Bush,73 FR 4445
13456,Further Amendment of Executive Order 11858 Concerning Foreign Investment in the United States,2008-01-23,George W. Bush,73 FR 4677
13457,Protecting American Taxpayers From Government Spending on Wasteful Earmarks,2008-01-29,George W. Bush,73 FR 6417
13458,Implementation of the Protocol Additional to the Agreement Between the United States and the International Atomic Energy Agency for the Application of Safeguards in the United States of America,2008-02-04,George W. Bush,73 FR 7181
13459,Improving the Coordination and Effectiveness of Youth Programs,2008-02-07,George W. Bush,73 FR 8003
13460,Blocking Property of Additional Persons in Connection With the National Emergency With Respect to Syria,2008-02-13,George W. Bush,73 FR 8991
13461,Providing an Order of Succession Within the Department of Health and Human Services,2008-02-15,George W. Bush,73 FR 9437
13462,President's Intelligence Advisory Board and Intelligence Oversight Board,2008-02-29,George W. Bush,73 FR 11805
13463,Amending Executive Orders 13389 and 13390,2008-04-18,George W. Bush,73 FR 22047
13464,Blocking Property and Prohibiting Certain Transactions Related to Burma,2008-04-30,George W. Bush,73 FR 24491
13465,"Amending Executive Order 12989, as Amended",2008-06-06,George W. Bush,73 FR 33285
13466,Continuing Certain Restrictions With Respect to North Korea and North Korean Nationals,2008-06-26,George W. Bush,73 FR 36787
13467,"Reforming Processes Related to Suitability for Government Employment, Fitness for Contractor Employees, and Eligibility for Access to Classified National Security Information",2008-06-30,George W. Bush,73 FR 38103
13468,"2008 Amendments to the Manual for Courts-Martial, United States",2008-07-24,George W. Bush,73 FR 43827
13469,Blocking Property of Additional Persons Undermining Democratic Processes or Institutions in Zimbabwe,2008-07-25,George W. Bush,73 FR 43841
13470,"Further Amendments to Executive Order 12333, United States Intelligence Activities",2008-07-30,George W. Bush,73 FR 45325
13471,"Further Amendments To Executive Order 13285, President's Council On Service And Civic Participation",2008-08-28,George W. Bush,73 FR 51209
13472,Executive Branch Responsibilities With Respect To Orders of Succession,2008-09-11,George W. Bush,73 FR 53353
13473,To Authorize Certain Noncompetitive Appointments in the Civil Service for Spouses of Certain Members of the Armed Forces,2008-09-25,George W. Bush,73 FR 56703
13474,Amendments to Executive Order 12962,2008-09-26,George W. Bush,73 FR 57229
13475,Further Amendments To Executive Orders 12139 And 12949 In Light of the Foreign Intelligence Surveillance Act of 1978 Amendments Act of 2008,2008-10-07,George W. Bush,73 FR 60095
13476,Facilitation of a Presidential Transition,2008-10-09,George W. Bush,73 FR 60605
13477,Settlement of Claims Against Libya,2008-10-31,George W. Bush,73 FR 65965
13478,Amendments To Executive Order 9397 Relating To Federal Agency Use of Social Security Numbers,2008-11-18,George W. Bush,73 FR 70239
13479,Transformation of the National Air Transportation System,2008-11-18,George W. Bush,73 FR 70241
13480,Exclusions From the Federal Labor-management Relations Program,2008-11-26,George W. Bush,73 FR 73991
13481,Providing An Order of Succession Within the Department of Justice,2008-12-09,George W. Bush,73 FR 75531
13482,"Closing of Executive Departments and Agencies of the Federal Government on Friday, December 26, 2008",2008-12-12,George W. Bush,73 FR 76501
13483,Adjustments of Certain Rates of Pay,2008-12-18,George W. Bush,73 FR 78587
13484,Amending the Order of Succession Within the Department of Agriculture,2009-01-09,George W. Bush,74 FR 2285
13485,Providing an Order of Succession Within the Department of Transportation,2009-01-09,George W. Bush,74 FR 2287
13486,Strengthening Laboratory Biosecurity in the United States,2009-01-09,George W. Bush,74 FR 2289
13487,Establishment of a Temporary Organization To Facilitate United States Government Support for Afghanistan,2009-01-16,George W. Bush,74 FR 4097
13488,Granting Reciprocity on Excepted Service and Federal Contractor Employee Fitness and Reinvestigating Individuals in Positions of Public Trust,2009-01-16,George W. Bush,74 FR 4111
13489,Presidential Records,2009-01-21,Barack Obama,74 FR 4669
13490,Ethics Commitments by Executive Branch Personnel,2009-01-21,Barack Obama,74 FR 4673
13491,Ensuring Lawful Interrogations,2009-01-22,Barack Obama,74 FR 4893
13492,Review and Disposition of Individuals Detained At the Guantanamo Bay Naval Base and Closure of Detention Facilities,2009-01-22,Barack Obama,74 FR 4897
13493,Review of Detention Policy Options,2009-01-22,Barack Obama,74 FR 4901
13494,Economy in Government Contracting,2009-01-30,Barack Obama,74 FR 6101
13495,Nondisplacement of Qualified Workers Under Service Contracts,2009-01-30,Barack Obama,74 FR 6103
13496,Notification of Employee Rights Under Federal Labor Laws,2009-01-30,Barack Obama,74 FR 6107
13497,Revocation of Certain Executive Orders Concerning Regulatory Planning and Review,2009-01-30,Barack Obama,74 FR 6113
13498,Amendments to Executive Order 13199 and Establishment of the President's Advisory Council for Faith-Based and Neighborhood Partnerships,2009-02-05,Barack Obama,74 FR 6533
13499,"Further Amendments to Executive Order 12835, Establishment of the National Economic Council",2009-02-05,Barack Obama,74 FR 6979
13500,"Further Amendments to Executive Order 12859, Establishment of the Domestic Policy Council",2009-02-05,Barack Obama,74 FR 6981
13501,Establishment of the President's Economic Recovery Advisory Board,2009-02-06,Barack Obama,74 FR 6983
13502,Use of Project Labor Agreements for Federal Construction Projects,2009-02-06,Barack Obama,74 FR 6985
13503,Establishment of the White House Office of Urban Affairs,2009-02-19,Barack Obama,74 FR 8139
13504,Amending Executive Order 13390,2009-02-20,Barack Obama,74 FR 8431
13505,Removing Barriers to Responsible Scientific Research Involving Human Stem Cells,2009-03-09,Barack Obama,74 FR 10667
13506,Establishing a White House Council on Women And Girls,2009-03-11,Barack Obama,74 FR 11271
13507,Establishment of the White House Office of Health Reform,2009-04-08,Barack Obama,74 FR 17071
13508,Chesapeake Bay Protection and Restoration,2009-05-12,Barack Obama,74 FR 23099
13509,Establishing a White House Council on Automotive Communities and Workers,2009-06-23,Barack Obama,74 FR 30903
13510,Waiver Under the Trade Act of 1974 With Respect to the Republic of Belarus,2009-07-01,Barack Obama,74 FR 32047
13511,Continuance of Certain Federal Advisory Committees,2009-09-29,Barack Obama,74 FR 50909
13512,Amending Executive Order 13390,2009-09-29,Barack Obama,74 FR 50911
13513,Federal Leadership On Reducing Text Messaging While Driving,2009-10-01,Barack Obama,74 FR 51225
13514,"Federal Leadership in Environmental, Energy, and Economic Performance",2009-10-05,Barack Obama,74 FR 52117
13515,Increasing Participation of Asian Americans and Pacific Islanders in Federal Programs,2009-10-14,Barack Obama,74 FR 53635
13516,Amending Executive Order 13462,2009-11-02,Barack Obama,74 FR 56521
13517,Amendments to Executive Orders 13183 and 13494,2009-10-30,Barack Obama,74 FR 57239
13518,Employment of Veterans in the Federal Government,2009-11-09,Barack Obama,74 FR 58533
13519,Establishment of the Financial Fraud Enforcement Task Force,2009-11-17,Barack Obama,74 FR 60123
13520,Reducing Improper Payments,2009-11-20,Barack Obama,74 FR 62201
13521,Establishing the Presidential Commission for the Study of Bioethical Issues,2009-11-24,Barack Obama,74 FR 62671
13522,Creating Labor-Management Forums to Improve Delivery of Government Services,2009-12-09,Barack Obama,74 FR 66203
13523,"Half-Day Closing of Executive Departments and Agencies on Thursday, December 24, 2009",2009-12-11,Barack Obama,74 FR 66563
13524,"Amending Executive Order 12425 Designating Interpol as a Public International Organization Entitled To Enjoy Certain Privileges, Exemptions, and Immunities",2009-12-16,Barack Obama,74 FR 67803
13525,Adjustments of Certain Rates of Pay,2009-12-23,Barack Obama,74 FR 69231
13526,Correction,2009-12-29,Barack Obama,75 FR 1013
13527,Establishing Federal Capability for the Timely Provision of Medical Countermeasures Following a Biological Attack,2009-12-30,Barack Obama,75 FR 737
13528,Establishment of the Council of Governors,2010-01-11,Barack Obama,75 FR 2053
13529,Ordering the Selected Reserve and Certain Individual Ready Reserve Members of the Armed Forces to Active Duty,2010-01-16,Barack Obama,75 FR 3331
13530,President's Advisory Council on Financial Capability,2010-01-29,Barack Obama,75 FR 5481
13531,National Commission on Fiscal Responsibility and Reform,2010-02-18,Barack Obama,75 FR 7927
13532,"Promoting Excellence, Innovation, and Sustainability at Historically Black Colleges and Universities",2010-02-26,Barack Obama,75 FR 9749
13533,Providing an Order of Succession Within the Department of Defense,2010-03-01,Barack Obama,75 FR 10163
13534,National Export Initiative,2010-03-11,Barack Obama,75 FR 12433
13535,Ensuring Enforcement and Implementation of Abortion Restrictions in the Patient Protection and Affordable Care Act,2010-03-24,Barack Obama,75 FR 15599
13536,Blocking Property of Certain Persons Contributing to the Conflict in Somalia,2010-04-12,Barack Obama,75 FR 19869
13537,Interagency Group on Insular Areas,2010-04-14,Barack Obama,75 FR 20237
13538,Establishing the President's Management Advisory Board,2010-04-19,Barack Obama,75 FR 20895
13539,President's Council of Advisors on Science and Technology,2010-04-21,Barack Obama,75 FR 21973
13540,Interagency Task Force on Veterans Small Business Development,2010-04-26,Barack Obama,75 FR 22497
13541,Temporary Organization To Facilitate a Strategic Partnership With the Republic of Iraq,2010-05-07,Barack Obama,75 FR 26879
13542,Providing an Order of Succession Within the Department of Agriculture,2010-05-13,Barack Obama,75 FR 27921
13543,National Commission on the BP Deepwater Horizon Oil Spill and Offshore Drilling,2010-05-21,Barack Obama,75 FR 29397
13544,"Establishing the National Prevention, Health Promotion, and Public Health Council",2010-06-10,Barack Obama,75 FR 33983
13545,"President's Council on Fitness, Sports, and Nutrition",2010-06-22,Barack Obama,75 FR 37283
13546,Optimizing the Security of Biological Select Agents and Toxins in the United States,2010-07-02,Barack Obama,75 FR 39439
13547,"Stewardship of the Ocean, Our Coasts, and the Great Lakes",2010-07-19,Barack Obama,75 FR 43023
13548,Increasing Federal Employment of Individuals With Disabilities,2010-07-26,Barack Obama,75 FR 45039
13549,"Classified National Security Information Program for State, Local, Tribal, and Private Sector Entities",2010-08-18,Barack Obama,75 FR 51609
13550,Establishment of Pakistan and Afghanistan Support Office,2010-08-18,Barack Obama,75 FR 51615
13551,Blocking Property of Certain Persons With Respect to North Korea,2010-08-30,Barack Obama,75 FR 53837
13552,"2010 Amendments to the Manual for Courts-Martial, United States",2010-08-31,Barack Obama,75 FR 54263
13553,Blocking Property of Certain Persons With Respect to Serious Human Rights Abuses by the Government of Iran and Taking Certain Other Actions,2010-09-28,Barack Obama,75 FR 60567
13554,Establishing the Gulf Coast Ecosystem Restoration Task Force,2010-10-05,Barack Obama,75 FR 62313
13555,White House Initiative on Educational Excellence for Hispanics,2010-10-19,Barack Obama,75 FR 65417
13556,Controlled Unclassified Information,2010-11-04,Barack Obama,75 FR 68675
13557,Providing an Order of Succession Within the Department of Justice,2010-11-04,Barack Obama,75 FR 68679
13558,Export Enforcement Coordination Center,2010-11-09,Barack Obama,75 FR 69573
13559,Fundamental Principles and Policymaking Criteria for Partnerships With Faith-Based and Other Neighborhood Organizations,2010-11-17,Barack Obama,75 FR 71319
13560,White House Council for Community Solutions,2010-12-14,Barack Obama,75 FR 78875
13561,Adjustments of Certain Rates of Pay,2010-12-22,Barack Obama,75 FR 81817
13562,Recruiting and Hiring Students and Recent Graduates,2010-12-27,Barack Obama,75 FR 82585
13563,Improving Regulation and Regulatory Review,2011-01-18,Barack Obama,76 FR 3821
13564,Establishment of the President's Council on Jobs and Competitiveness,2011-01-31,Barack Obama,76 FR 6309
13565,Establishment of the Intellectual Property Enforcement Advisory Committees,2011-02-08,Barack Obama,76 FR 7681
13566,Blocking Property and Prohibiting Certain Transactions Related to Libya,2011-02-25,Barack Obama,76 FR 11315
13567,Periodic Review of Individuals Detained at Guantánamo Bay Naval Station Pursuant to the Authorization for Use of Military Force,2011-03-07,Barack Obama,76 FR 13277
13568,Extending Provisions of the International Organizations Immunities Act to the Office of the High Representative in Bosnia and Herzegovina and the International Civilian Office in Kosovo,2011-03-08,Barack Obama,76 FR 13497
13569,"Amendments to Executive Orders 12824, 12835, 12859, and 13532, Reestablishment Pursuant to Executive Order 13498, and Revocation of Executive Order 13507",2011-04-05,Barack Obama,76 FR 19891
13570,Prohibiting Certain Transactions With Respect to North Korea,2011-04-18,Barack Obama,76 FR 22291
13571,Streamlining Service Delivery and Improving Customer Service,2011-04-27,Barack Obama,76 FR 24339
13572,Blocking Property of Certain Persons With Respect to Human Rights Abuses in Syria,2011-04-29,Barack Obama,76 FR 24787
13573,Blocking Property of Senior Officials of the Government of Syria,2011-05-18,Barack Obama,76 FR 29143
13574,"Authorizing the Implementation of Certain Sanctions Set Forth in the Iran Sanctions Act of 1996, as Amended",2011-05-23,Barack Obama,76 FR 30505
13575,Establishment of the White House Rural Council,2011-06-09,Barack Obama,76 FR 34841
13576,"Delivering an Efficient, Effective, and Accountable Government",2011-06-13,Barack Obama,76 FR 35297
13577,Establishment of the SelectUSA Initiative,2011-06-15,Barack Obama,76 FR 35715
13578,Coordinating Policies on Automotive Communities and Workers,2011-07-06,Barack Obama,76 FR 40591
13579,Regulation and Independent Regulatory Agencies,2011-07-11,Barack Obama,76 FR 41587
13580,Interagency Working Group on Coordination of Domestic Energy Development and Permitting in Alaska,2011-07-12,Barack Obama,76 FR 41989
13581,Blocking Property of Transnational Criminal Organizations,2011-07-24,Barack Obama,76 FR 44757
13582,Blocking Property of the Government of Syria and Prohibiting Certain Transactions With Respect to Syria,2011-08-17,Barack Obama,76 FR 52209
13583,Establishing a Coordinated Government-Wide Initiative to Promote Diversity and Inclusion in the Federal Workforce,2011-08-18,Barack Obama,76 FR 52847
13584,Developing an Integrated Strategic Counterterrorism Communications Initiative and Establishing a Temporary Organization to Support Certain Government-wide Communications Activities Directed Abroad,2011-09-09,Barack Obama,76 FR 56945
13585,Continuance of Certain Federal Advisory Committees,2011-09-30,Barack Obama,76 FR 62281
13586,Establishing an Emergency Board to Investigate Disputes Between Certain Railroads Represented by the National Carriers' Conference Committee of the National Railway Labor Conference and Their Employees Represented by Certain Labor Organizations,2011-10-06,Barack Obama,76 FR 63533
13587,Structural Reforms To Improve the Security of Classified Networks and the Responsible Sharing and Safeguarding of Classified Information,2011-10-07,Barack Obama,76 FR 63811
13588,Reducing Prescription Drug Shortages,2011-10-31,Barack Obama,76 FR 68295
13589,Promoting Efficient Spending,2011-11-09,Barack Obama,76 FR 70863
13590,"Authorizing the Imposition of Certain Sanctions With Respect to the Provision of Goods, Services, Technology, or Support for Iran's Energy and Petrochemical Sectors",2011-11-20,Barack Obama,76 FR 72609
13591,Continuance of Certain Federal Advisory Committees,2011-11-23,Barack Obama,76 FR 74623
13592,Improving American Indian and Alaska Native Educational Opportunities and Strengthening Tribal Colleges and Universities,2011-12-02,Barack Obama,76 FR 76603
13593,"2011 Amendments to the Manual for Courts-Martial, United States",2011-12-13,Barack Obama,76 FR 78451
13594,Adjustments of Certain Rates of Pay,2011-12-19,Barack Obama,76 FR 80191
13595,"Instituting a National Action Plan On Women, Peace, And Security",2011-12-19,Barack Obama,76 FR 80205
13596,Amendments to Executive Orders 12131 and 13539,2011-12-19,Barack Obama,76 FR 80725
13597,Establishing Visa and Foreign Visitor Processing Goals and the Task Force On Travel and Competitiveness,2012-01-19,Barack Obama,77 FR 3373
13598,Assignment of Functions Relating to Certain Promotion and Appointment Actions in the Armed Forces,2012-01-27,Barack Obama,77 FR 5371
13599,Blocking Property of the Government of Iran and Iranian Financial Institutions,2012-02-05,Barack Obama,77 FR 6659
13600,Establishing the President's Global Development Council,2012-02-09,Barack Obama,77 FR 8713
13601,Establishment of the Interagency Trade Enforcement Center,2012-02-28,Barack Obama,77 FR 12981
13602,"Establishing a White House Council on Strong Cities, Strong Communities",2012-03-15,Barack Obama,77 FR 16131
13603,National Defense Resources Preparedness,2012-03-16,Barack Obama,77 FR 16651
13604,Improving Performance of Federal Permitting and Review of Infrastructure Projects,2012-03-22,Barack Obama,77 FR 18887
13605,Supporting Safe and Responsible Development of Unconventional Domestic Natural Gas Resources,2012-04-13,Barack Obama,77 FR 23107
13606,Blocking the Property and Suspending Entry Into the United States of Certain Persons With Respect to Grave Human Rights Abuses by the Governments of Iran and Syria via Information Technology,2012-04-22,Barack Obama,77 FR 24571
13607,"Establishing Principles of Excellence for Educational Institutions Serving Service Members, Veterans, Spouses, and Other Family Members",2012-04-27,Barack Obama,77 FR 25861
13608,Prohibiting Certain Transactions With and Suspending Entry Into the United States of Foreign Sanctions Evaders With Respect to Iran and Syria,2012-05-01,Barack Obama,77 FR 26409
13609,Promoting International Regulatory Cooperation,2012-05-01,Barack Obama,77 FR 26413
13610,Identifying and Reducing Regulatory Burdens,2012-05-10,Barack Obama,77 FR 28469
13611,"Blocking Property of Persons Threatening the Peace, Security, or Stability of Yemen",2012-05-16,Barack Obama,77 FR 29533
13612,Providing an Order of Succession Within the Department of Agriculture,2012-05-21,Barack Obama,77 FR 31153
13613,Providing an Order of Succession Within the Department of Commerce,2012-05-21,Barack Obama,77 FR 31155
13614,Providing an Order of Succession Within the Environmental Protection Agency,2012-05-21,Barack Obama,77 FR 31157
13615,Providing an Order of Succession Within the Office of Management and Budget,2012-05-21,Barack Obama,77 FR 31159
13616,Accelerating Broadband Infrastructure Deployment,2012-06-14,Barack Obama,77 FR 36903
13617,Blocking Property of the Government of the Russian Federation Relating to the Disposition of Highly Enriched Uranium Extracted From Nuclear Weapons,2012-06-25,Barack Obama,77 FR 38459
13618,Assignment of National Security and Emergency Preparedness Communications Functions,2012-07-06,Barack Obama,77 FR 40779
13619,"Blocking Property of Persons Threatening the Peace, Security, or Stability of Burma",2012-07-11,Barack Obama,77 FR 41243
13620,Taking Additional Steps to Address the National Emergency With Respect to Somalia,2012-07-20,Barack Obama,77 FR 43483
13621,White House Initiative on Educational Excellence for African Americans,2012-07-26,Barack Obama,77 FR 45471
13622,Authorizing Additional Sanctions With Respect to Iran,2012-07-30,Barack Obama,77 FR 45897
13623,Preventing and Responding to Violence Against Women and Girls Globally,2012-08-10,Barack Obama,77 FR 49345
13624,Accelerating Investment in Industrial Energy Efficiency,2012-08-30,Barack Obama,77 FR 54779
13625,"Improving Access to Mental Health Services for Veterans, Service Members, and Military Families",2012-08-31,Barack Obama,77 FR 54783
13626,Gulf Coast Ecosystem Restoration,2012-09-10,Barack Obama,77 FR 56749
13627,Strengthening Protections Against Trafficking in Persons in Federal Contracts,2012-09-25,Barack Obama,77 FR 60029
13628,Authorizing the Implementation of Certain Sanctions Set Forth in the Iran Threat Reduction and Syria Human Rights Act of 2012 and Additional Sanctions With Respect to Iran,2012-10-09,Barack Obama,77 FR 62139
13629,Establishing the White House Homeland Security Partnership Council,2012-10-26,Barack Obama,77 FR 66353
13630,Establishment of an Interagency Task Force on Commercial Advocacy,2012-12-06,Barack Obama,77 FR 73893
13631,Reestablishment of Advisory Group,2012-12-07,Barack Obama,77 FR 74101
13632,Establishing the Hurricane Sandy Rebuilding Task Force,2012-12-07,Barack Obama,77 FR 74341
13633,"Closing of Executive Departments and Agencies of the Federal Government on Monday, December 24, 2012",2012-12-21,Barack Obama,77 FR 76339
13634,Reestablishment of Advisory Commission,2012-12-21,Barack Obama,77 FR 77249
13635,Adjustments of Certain Rates of Pay,2012-12-27,Barack Obama,78 FR 649
13636,Improving Critical Infrastructure Cybersecurity,2013-02-12,Barack Obama,78 FR 11739
13637,Administration of Reformed Export Controls,2013-03-08,Barack Obama,78 FR 16129
13638,Amendments to Executive Order 12777,2013-03-15,Barack Obama,78 FR 17589
13639,Establishment of the Presidential Commission on Election Administration,2013-03-28,Barack Obama,78 FR 19979
13640,Continuance of Advisory Council,2013-04-05,Barack Obama,78 FR 21211
13641,Adjustments of Certain Rates of Pay,2013-04-05,Barack Obama,78 FR 21503
13642,Making Open and Machine Readable the New Default for Government Information,2013-05-09,Barack Obama,78 FR 28111
13643,"2013 Amendments to the Manual for Courts-Martial, United States",2013-05-15,Barack Obama,78 FR 29559
13644,Amendment to Executive Order 13639,2013-05-21,Barack Obama,78 FR 31813
13645,Authorizing the Implementation of Certain Sanctions Set Forth in the Iran Freedom and Counter- Proliferation Act of 2012 and Additional Sanctions With Respect To Iran,2013-06-03,Barack Obama,78 FR 33945
13646,Establishing the President's Advisory Council on Financial Capability for Young Americans,2013-06-25,Barack Obama,78 FR 39159
13647,Establishing the White House Council on Native American Affairs,2013-06-26,Barack Obama,78 FR 39539
13648,Combating Wildlife Trafficking,2013-07-01,Barack Obama,78 FR 40621
13649,Accelerating Improvements in HIV Prevention and Care in the United States Through the HIV Care Continuum Initiative,2013-07-15,Barack Obama,78 FR 43057
13650,Improving Chemical Facility Safety and Security,2013-08-01,Barack Obama,78 FR 48029
13651,Prohibiting Certain Imports of Burmese Jadeite and Rubies,2013-08-06,Barack Obama,78 FR 48793
13652,Continuance Of Certain Federal Advisory Committees,2013-09-30,Barack Obama,78 FR 61817
13653,Preparing the United States for the Impacts of Climate Change,2013-11-01,Barack Obama,78 FR 66819
13654,Establishing an Emergency Board To Investigate Disputes Between the Long Island Rail Road Company and Certain of Its Employees Represented by Certain Labor Organizations,2013-11-21,Barack Obama,78 FR 70843
13655,Adjustments of Certain Rates of Pay,2013-12-23,Barack Obama,78 FR 80451
13656,Establishment of Afghanistan and Pakistan Strategic Partnership Office and Amendment to Executive Order 12163,2014-01-17,Barack Obama,79 FR 4263
13657,Changing the Name of the National Security Staff to the National Security Council Staff,2014-02-10,Barack Obama,79 FR 8823
13658,Establishing a Minimum Wage for Contractors,2014-02-12,Barack Obama,79 FR 9851
13659,Streamlining the Export/Import Process for America's Businesses,2014-02-19,Barack Obama,79 FR 10657
13660,Blocking Property of Certain Persons Contributing to the Situation in Ukraine,2014-03-06,Barack Obama,79 FR 13493
13661,Blocking Property of Additional Persons Contributing to the Situation in Ukraine,2014-03-16,Barack Obama,79 FR 15535
13662,Blocking Property of Additional Persons Contributing to the Situation in Ukraine,2014-03-20,Barack Obama,79 FR 16169
13663,Establishing an Emergency Board to Investigate Disputes Between the Long Island Rail Road Company and Certain of Its Employees Represented by Certain Labor Organizations,2014-03-20,Barack Obama,79 FR 16647
13664,Blocking Property of Certain Persons With Respect to South Sudan,2014-04-03,Barack Obama,79 FR 19283
13665,Non-Retaliation for Disclosure of Compensation Information,2014-04-08,Barack Obama,79 FR 20749
13666,Expanding Eligibility for the Defense Meritorious Service Medal,2014-04-18,Barack Obama,79 FR 22591
13667,Blocking Property of Certain Persons Contributing to the Conflict in the Central African Republic,2014-05-12,Barack Obama,79 FR 28387
13668,"Ending Immunities Granted to the Development Fund for Iraq and Certain Other Iraqi Property and Interests in Property Pursuant to Executive Order 13303, as Amended",2014-05-27,Barack Obama,79 FR 31019
13669,"2014 Amendments to the Manual for Courts-Martial, United States",2014-06-13,Barack Obama,79 FR 34999
13670,Establishing an Emergency Board To Investigate Disputes Between the Southeastern Pennsylvania Transportation Authority and Certain of Its Employees Represented by Certain Labor Organizations,2014-06-14,Barack Obama,79 FR 35029
13671,Taking Additional Steps to Address the National Emergency With Respect to the Conflict in the Democratic Republic of the Congo,2014-07-08,Barack Obama,79 FR 39949
13672,"Further Amendments to Executive Order 11478, Equal Employment Opportunity in the Federal Government, and Executive Order 11246, Equal Employment Opportunity",2014-07-21,Barack Obama,79 FR 42971
13673,Fair Pay and Safe Workplaces,2014-07-31,Barack Obama,79 FR 45309
13674,Revised List of Quarantinable Communicable Diseases,2014-07-31,Barack Obama,79 FR 45671
13675,Establishing the President's Advisory Council on Doing Business in Africa,2014-08-05,Barack Obama,79 FR 46661
13676,Combating Antibiotic-Resistant Bacteria,2014-09-18,Barack Obama,79 FR 56931
13677,Climate-Resilient International Development,2014-09-23,Barack Obama,79 FR 58231
13678,"Conversion Authority for Criminal Investigators (Special Agents) of the Bureau of Alcohol, Tobacco, Firearms, and Explosives",2014-10-03,Barack Obama,79 FR 60949
13679,Establishing an Emergency Board To Investigate a Dispute Between the Southeastern Pennsylvania Transportation Authority and Its Locomotive Engineers Represented by the Brotherhood of Locomotive Engineers and Trainmen,2014-10-10,Barack Obama,79 FR 62323
13680,Ordering the Selected Reserve and Certain Individual Ready Reserve Members of the Armed Forces to Active Duty,2014-10-16,Barack Obama,79 FR 63287
13681,Improving the Security of Consumer Financial Transactions,2014-10-17,Barack Obama,79 FR 63491
13682,"Closing of Executive Departments and Agencies of the Federal Government on Friday, December 26, 2014",2014-12-05,Barack Obama,79 FR 73459
13683,"Amendments to Executive Orders 11030, 13653, and 13673",2014-12-11,Barack Obama,79 FR 75041
13684,Establishment of the President's Task Force on 21st Century Policing,2014-12-18,Barack Obama,79 FR 76865
13685,Blocking Property of Certain Persons and Prohibiting Certain Transactions With Respect to the Crimea Region of Ukraine,2014-12-19,Barack Obama,79 FR 77357
13686,Adjustments of Certain Rates of Pay,2014-12-19,Barack Obama,79 FR 77361
13687,Imposing Additional Sanctions With Respect To North Korea,2015-01-02,Barack Obama,80 FR 819
13688,Federal Support for Local Law Enforcement Equipment Acquisition,2015-01-16,Barack Obama,80 FR 3451
13689,Enhancing Coordination of National Efforts in the Arctic,2015-01-21,Barack Obama,80 FR 4191
13690,Establishing a Federal Flood Risk Management Standard and a Process for Further Soliciting and Considering Stakeholder Input,2015-01-30,Barack Obama,80 FR 6425
13691,Promoting Private Sector Cybersecurity Information Sharing,2015-02-13,Barack Obama,80 FR 9349
13692,Blocking Property and Suspending Entry of Certain Persons Contributing to the Situation in Venezuela,2015-03-08,Barack Obama,80 FR 12747
13693,Planning for Federal Sustainability in the Next Decade,2015-03-19,Barack Obama,80 FR 15871
13694,Blocking the Property of Certain Persons Engaging in Significant Malicious Cyber-Enabled Activities,2015-04-01,Barack Obama,80 FR 18077
13695,Termination of Emergency With Respect to the Risk of Nuclear Proliferation Created by the Accumulation of a Large Volume of Weapons-Usable Fissile Material in the Territory of the Russian Federation,2015-05-26,Barack Obama,80 FR 30331
13696,"2015 Amendments to the Manual for Courts-Martial, United States",2015-06-17,Barack Obama,80 FR 35783
13697,"Amendment to Executive Order 11155, Awards for Special Capability in Career and Technical Education",2015-06-22,Barack Obama,80 FR 36691
13698,Hostage Recovery Activities,2015-06-24,Barack Obama,80 FR 37131
13699,Establishing the Advisory Board on Toxic Substances and Worker Health,2015-06-26,Barack Obama,80 FR 37529
13700,Establishing an Emergency Board To Investigate Disputes Between New Jersey Transit Rail and Certain of Its Employees Represented by Certain Labor Organizations,2015-07-15,Barack Obama,80 FR 43003
13701,Delegation of Certain Authorities and Assignment of Certain Functions Under the Bipartisan Congressional Trade Priorities and Accountability Act of 2015,2015-07-17,Barack Obama,80 FR 43903
13702,Creating a National Strategic Computing Initiative,2015-07-29,Barack Obama,80 FR 46177
13703,Implementing the National HIV/AIDS Strategy for the United States for 2015-2020,2015-07-30,Barack Obama,80 FR 46181
13704,Presidential Innovation Fellows Program,2015-08-17,Barack Obama,80 FR 50751
13705,"Designating the International Renewable Energy Agency as a Public International Organization Entitled To Enjoy Certain Privileges, Exemptions, and Immunities",2015-09-03,Barack Obama,80 FR 54405
13706,Establishing Paid Sick Leave for Federal Contractors,2015-09-07,Barack Obama,80 FR 54697
13707,Using Behavioral Science Insights To Better Serve the American People,2015-09-15,Barack Obama,80 FR 56365
13708,Continuance or Reestablishment of Certain Federal Advisory Committees,2015-09-30,Barack Obama,80 FR 60271
13709,National Security Medal,2015-10-02,Barack Obama,80 FR 60793
13710,Termination of Emergency With Respect to the Actions and Policies of Former Liberian President Charles Taylor,2015-11-12,Barack Obama,80 FR 71679
13711,Establishing an Emergency Board To Investigate Disputes Between New Jersey Transit Rail and Certain of Its Employees Represented by Certain Labor Organizations,2015-11-12,Barack Obama,80 FR 71923
13712,Blocking Property of Certain Persons Contributing to the Situation in Burundi,2015-11-22,Barack Obama,80 FR 73633
13713,"Half-Day Closing of Executive Departments and Agencies of the Federal Government on Thursday, December 24, 2015",2015-12-11,Barack Obama,80 FR 78117
13714,Strengthening the Senior Executive Service,2015-12-15,Barack Obama,80 FR 79225
13715,Adjustments of Certain Rates of Pay,2015-12-18,Barack Obama,80 FR 80195
13716,"Revocation of Executive Orders 13574, 13590, 13622, and 13645 With Respect to Iran, Amendment of Executive Order 13628 With Respect to Iran, and Provision of Implementation Authorities for Aspects of Certain Statutory Sanctions Outside the Scope of U.S. Commitments Under the Joint Comprehensive Plan of Action of July 14, 2015",2016-01-16,Barack Obama,81 FR 3693
13717,Establishing a Federal Earthquake Risk Management Standard,2016-02-02,Barack Obama,81 FR 6407
13718,Commission on Enhancing National Cybersecurity,2016-02-09,Barack Obama,81 FR 7441
13719,Establishment of the Federal Privacy Council,2016-02-09,Barack Obama,81 FR 7961
13720,Delegation of Certain Authorities and Assignment of Certain Functions Under the Trade Preferences Extension Act of 2015,2016-02-26,Barack Obama,81 FR 11089
13721,Developing an Integrated Global Engagement Center To Support Government-wide Counterterrorism Communications Activities Directed Abroad and Revoking Executive Order 13584,2016-03-14,Barack Obama,81 FR 14685
13722,"Blocking Property of the Government of North Korea and the Workers' Party of Korea, and Prohibiting Certain Transactions With Respect to North Korea",2016-03-15,Barack Obama,81 FR 14943
13723,Establishing the Inherent Resolve Campaign Medal,2016-03-30,Barack Obama,81 FR 19017
13724,Amending Executive Order 12137,2016-04-08,Barack Obama,81 FR 22021
13725,Steps to Increase Competition and Better Inform Consumers and Workers to Support Continued Growth of the American Economy,2016-04-15,Barack Obama,81 FR 23417
13726,Blocking Property and Suspending Entry Into the United States of Persons Contributing to the Situation in Libya,2016-04-19,Barack Obama,81 FR 23559
13727,Facilitation of a Presidential Transition,2016-05-06,Barack Obama,81 FR 29465
13728,Wildland-Urban Interface Federal Risk Mitigation,2016-05-18,Barack Obama,81 FR 32223
13729,A Comprehensive Approach to Atrocity Prevention and Response,2016-05-18,Barack Obama,81 FR 32611
13730,"2016 Amendments to the Manual for Courts-Martial, United States",2016-05-20,Barack Obama,81 FR 33331
13731,Global Entrepreneurship,2016-06-24,Barack Obama,81 FR 42221
13732,United States Policy on Pre- and Post-Strike Measures To Address Civilian Casualties in U.S. Operations Involving the Use of Force,2016-07-01,Barack Obama,81 FR 44485
13733,Delegation of Certain Authorities and Assignment of Certain Functions Under the Trade Facilitation and Trade Enforcement Act of 2015,2016-07-22,Barack Obama,81 FR 49515
13734,Amending Executive Order 13675 To Expand Membership on the President's Advisory Council on Doing Business in Africa,2016-08-03,Barack Obama,81 FR 52321
13735,Providing an Order of Succession Within the Department of the Treasury,2016-08-12,Barack Obama,81 FR 54709
13736,Providing an Order of Succession Within the Department of Veterans Affairs,2016-08-12,Barack Obama,81 FR 54711
13737,Providing an Order of Succession Within the Environmental Protection Agency,2016-08-12,Barack Obama,81 FR 54713
13738,Amendment to Executive Order 13673,2016-08-23,Barack Obama,81 FR 58807
13739,Termination of Emergency With Respect to the Situation in or in Relation to Côte d'Ivoire,2016-09-14,Barack Obama,81 FR 63673
13740,"2016 Amendments to the Manual for Courts-Martial, United States",2016-09-16,Barack Obama,81 FR 65175
13741,Amending Executive Order 13467 To Establish the Roles and Responsibilities of the National Background Investigations Bureau and Related Matters,2016-09-29,Barack Obama,81 FR 68289
13742,Termination of Emergency With Respect to the Actions and Policies of the Government of Burma,2016-10-07,Barack Obama,81 FR 70593
13743,Charitable Fundraising,2016-10-13,Barack Obama,81 FR 71571
13744,Coordinating Efforts To Prepare the Nation for Space Weather Events,2016-10-13,Barack Obama,81 FR 71573
13745,Delegation of Function to the Director of the Office of Personnel Management,2016-10-31,Barack Obama,81 FR 76493
13746,Advancing the Goals of the Power Africa Initiative to Expand Access to Electricity in Sub- Saharan Africa Through the Establishment of the President's Power Africa Working Group,2016-11-03,Barack Obama,81 FR 78697
13747,Advancing the Global Health Security Agenda To Achieve a World Safe and Secure From Infectious Disease Threats,2016-11-04,Barack Obama,81 FR 78701
13748,Establishing a Community Solutions Council,2016-11-16,Barack Obama,81 FR 83619
13749,Providing for the Appointment in the Competitive Service of Certain Employees of the Foreign Service,2016-11-29,Barack Obama,81 FR 87391
13750,"Providing for the Appointment of Alumni of the Fulbright U.S. Student Program, the Benjamin A. Gilman International Scholarship Program, and the Critical Language Scholarship Program to the Competitive Service",2016-11-29,Barack Obama,81 FR 87393
13751,Safeguarding the Nation From the Impacts of Invasive Species,2016-12-05,Barack Obama,81 FR 88609
13752,Relating to the Implementation of the Convention on the International Recovery of Child Support and Other Forms of Family Maintenance,2016-12-08,Barack Obama,81 FR 90181
13753,Amending the Order of Succession in the Department of Homeland Security,2016-12-09,Barack Obama,81 FR 90667
13754,Northern Bering Sea Climate Resilience,2016-12-09,Barack Obama,81 FR 90669
13755,Providing an Order of Succession Within the Department of Labor,2016-12-23,Barack Obama,81 FR 96329
13756,Adjustments of Certain Rates of Pay,2016-12-27,Barack Obama,81 FR 97099
13757,Taking Additional Steps to Address the National Emergency With Respect to Significant Malicious Cyber- Enabled Activities,2016-12-28,Barack Obama,82 FR 1
13758,Amending Executive Order 11016 To Update Eligibility Criteria for Award of the Purple Heart,2017-01-12,Barack Obama,82 FR 5321
13759,"Designating the World Organisation for Animal Health as a Public International Organization Entitled To Enjoy Certain Privileges, Exemptions, and Immunities",2017-01-12,Barack Obama,82 FR 5323
13760,Exclusions From the Federal Labor-Management Relations Program,2017-01-12,Barack Obama,82 FR 5325
13761,Recognizing Positive Actions by the Government of Sudan and Providing for the Revocation of Certain Sudan-Related Sanctions,2017-01-13,Barack Obama,82 FR 5331
13762,Providing an Order of Succession Within the Department of Justice,2017-01-13,Barack Obama,82 FR 7619
13763,Providing an Order of Succession Within the Environmental Protection Agency,2017-01-13,Barack Obama,82 FR 7621
13764,"Amending the Civil Service Rules, Executive Order 13488, and Executive Order 13467 To Modernize the Executive Branch-Wide Governance Structure and Processes for Security Clearances, Suitability and Fitness for Employment, and Credentialing, and Related Matters",2017-01-17,Barack Obama,82 FR 8115
13765,Minimizing the Economic Burden of the Patient Protection and Affordable Care Act Pending Repeal,2017-01-20,Donald Trump,82 FR 8351
13766,Expediting Environmental Reviews and Approvals for High Priority Infrastructure Projects,2017-01-24,Donald Trump,82 FR 8657
13767,Border Security and Immigration Enforcement Improvements,2017-01-25,Donald Trump,82 FR 8793
13768,Enhancing Public Safety in the Interior of the United States,2017-01-25,Donald Trump,82 FR 8799
13769,Protecting the Nation From Foreign Terrorist Entry Into the United States,2017-01-27,Donald Trump,82 FR 8977
13770,Ethics Commitments by Executive Branch Appointees,2017-01-28,Donald Trump,82 FR 9333
13771,Reducing Regulation and Controlling Regulatory Costs,2017-01-30,Donald Trump,82 FR 9339
13772,Core Principles for Regulating the United States Financial System,2017-02-03,Donald Trump,82 FR 9965
13773,Enforcing Federal Law With Respect to Transnational Criminal Organizations and Preventing International Trafficking,2017-02-09,Donald Trump,82 FR 10691
13774,"Preventing Violence Against Federal, State, Tribal, and Local Law Enforcement Officers",2017-02-09,Donald Trump,82 FR 10695
13775,Providing an Order of Succession Within the Department of Justice,2017-02-09,Donald Trump,82 FR 10697
13776,Task Force on Crime Reduction and Public Safety,2017-02-09,Donald Trump,82 FR 10699
13777,Enforcing the Regulatory Reform Agenda,2017-02-24,Donald Trump,82 FR 12285
13778,"Restoring the Rule of Law, Federalism, and Economic Growth by Reviewing the ""Waters of the United States"" Rule",2017-02-28,Donald Trump,82 FR 12497
13779,White House Initiative To Promote Excellence and Innovation at Historically Black Colleges and Universities,2017-02-28,Donald Trump,82 FR 12499
13780,Protecting the Nation From Foreign Terrorist Entry Into the United States,2017-03-06,Donald Trump,82 FR 13209
13781,Comprehensive Plan for Reorganizing the Executive Branch,2017-03-13,Donald Trump,82 FR 13959
13782,Revocation of Federal Contracting Executive Orders,2017-03-27,Donald Trump,82 FR 15607
13783,Promoting Energy Independence and Economic Growth,2017-03-28,Donald Trump,82 FR 16093
13784,Establishing the President's Commission on Combating Drug Addiction and the Opioid Crisis,2017-03-29,Donald Trump,82 FR 16283
13785,Establishing Enhanced Collection and Enforcement of Antidumping and Countervailing Duties and Violations of Trade and Customs Laws,2017-03-31,Donald Trump,82 FR 16719
13786,Omnibus Report on Significant Trade Deficits,2017-03-31,Donald Trump,82 FR 16721
13787,Providing an Order of Succession Within the Department of Justice,2017-03-31,Donald Trump,82 FR 16723
13788,Buy American and Hire American,2017-04-18,Donald Trump,82 FR 18837
13789,Identifying and Reducing Tax Regulatory Burdens,2017-04-21,Donald Trump,82 FR 19317
13790,Promoting Agriculture and Rural Prosperity in America,2017-04-25,Donald Trump,82 FR 20237
13791,Enforcing Statutory Prohibitions on Federal Control of Education,2017-04-26,Donald Trump,82 FR 20427
13792,Review of Designations Under the Antiquities Act,2017-04-26,Donald Trump,82 FR 20429
13793,Improving Accountability and Whistleblower Protection at the Department of Veterans Affairs,2017-04-27,Donald Trump,82 FR 20539
13794,Establishment of the American Technology Council,2017-04-28,Donald Trump,82 FR 20811
13795,Implementing an America-First Offshore Energy Strategy,2017-04-28,Donald Trump,82 FR 20815
13796,Addressing Trade Agreement Violations and Abuses,2017-04-29,Donald Trump,82 FR 20819
13797,Establishment of Office of Trade and Manufacturing Policy,2017-04-29,Donald Trump,82 FR 20821
13798,Promoting Free Speech and Religious Liberty,2017-05-04,Donald Trump,82 FR 21675
13799,Establishment of Presidential Advisory Commission on Election Integrity,2017-05-11,Donald Trump,82 FR 22389
13800,Strengthening the Cybersecurity of Federal Networks and Critical Infrastructure,2017-05-11,Donald Trump,82 FR 22391
13801,Expanding Apprenticeships in America,2017-06-15,Donald Trump,82 FR 28229
13802,Amending Executive Order 13597,2017-06-21,Donald Trump,82 FR 28747
13803,Reviving the National Space Council,2017-06-30,Donald Trump,82 FR 31429
13804,Allowing Additional Time for Recognizing Positive Actions by the Government of Sudan and Amending Executive Order 13761,2017-07-11,Donald Trump,82 FR 32611
13805,Establishing a Presidential Advisory Council on Infrastructure,2017-07-19,Donald Trump,82 FR 34383
13806,Assessing and Strengthening the Manufacturing and Defense Industrial Base and Supply Chain Resiliency of the United States,2017-07-21,Donald Trump,82 FR 34597
13807,Establishing Discipline and Accountability in the Environmental Review and Permitting Process for Infrastructure Projects,2017-08-15,Donald Trump,82 FR 40463
13808,Imposing Additional Sanctions With Respect to the Situation in Venezuela,2017-08-24,Donald Trump,82 FR 41155
13809,"Restoring State, Tribal, and Local Law Enforcement's Access to Life-Saving Equipment and Resources",2017-08-28,Donald Trump,82 FR 41499
13810,Imposing Additional Sanctions With Respect to North Korea,2017-09-20,Donald Trump,82 FR 44705
13811,Continuance of Certain Federal Advisory Committees,2017-09-29,Donald Trump,82 FR 46363
13812,Revocation of Executive Order Creating Labor- Management Forums,2017-09-29,Donald Trump,82 FR 46367
13813,Promoting Healthcare Choice and Competition Across the United States,2017-10-12,Donald Trump,82 FR 48385
13814,Amending Executive Order 13223,2017-10-20,Donald Trump,82 FR 49273
13815,Resuming the United States Refugee Admissions Program With Enhanced Vetting Capabilities,2017-10-24,Donald Trump,82 FR 50055
13816,Revising the Seal for the National Credit Union Administration,2017-12-08,Donald Trump,82 FR 58701
13817,A Federal Strategy To Ensure Secure and Reliable Supplies of Critical Minerals,2017-12-20,Donald Trump,82 FR 60835
13818,Blocking the Property of Persons Involved in Serious Human Rights Abuse or Corruption,2017-12-20,Donald Trump,82 FR 60839
13819,Adjustments of Certain Rates of Pay,2017-12-22,Donald Trump,82 FR 61431
13820,Termination of Presidential Advisory Commission on Election Integrity,2018-01-03,Donald Trump,83 FR 969
13821,Streamlining and Expediting Requests To Locate Broadband Facilities in Rural America,2018-01-08,Donald Trump,83 FR 1507
13822,Supporting Our Veterans During Their Transition From Uniformed Service to Civilian Life,2018-01-09,Donald Trump,83 FR 1513
13823,Protecting America Through Lawful Detention of Terrorists,2018-01-30,Donald Trump,83 FR 4831
13824,"President's Council on Sports, Fitness, and Nutrition",2018-02-26,Donald Trump,83 FR 8923
13825,"2018 Amendments to the Manual for Courts-Martial, United States",2018-03-01,Donald Trump,83 FR 9889
13826,Federal Interagency Council on Crime Prevention and Improving Reentry,2018-03-07,Donald Trump,83 FR 10771
13827,Taking Additional Steps to Address the Situation in Venezuela,2018-03-19,Donald Trump,83 FR 12469
13828,Reducing Poverty in America by Promoting Opportunity and Economic Mobility,2018-04-10,Donald Trump,83 FR 15941
13829,Task Force on the United States Postal System,2018-04-12,Donald Trump,83 FR 17281
13830,Delegation of Authority To Approve Certain Military Decorations,2018-04-20,Donald Trump,83 FR 18191
13831,Establishment of a White House Faith and Opportunity Initiative,2018-05-03,Donald Trump,83 FR 20715
13832,Enhancing Noncompetitive Civil Service Appointments of Military Spouses,2018-05-09,Donald Trump,83 FR 22343
13833,Enhancing the Effectiveness of Agency Chief Information Officers,2018-05-15,Donald Trump,83 FR 23345
13834,Efficient Federal Operations,2018-05-17,Donald Trump,83 FR 23771
13835,Prohibiting Certain Additional Transactions With Respect to Venezuela,2018-05-21,Donald Trump,83 FR 24001
13836,"Developing Efficient, Effective, and Cost- Reducing Approaches To Federal Sector Collective Bargaining",2018-05-25,Donald Trump,83 FR 25329
13837,"Ensuring Transparency, Accountability, and Efficiency in Taxpayer-Funded Union Time Use",2018-05-25,Donald Trump,83 FR 25335
13838,Exemption From Executive Order 13658 for Recreational Services on Federal Lands,2018-05-25,Donald Trump,83 FR 25341
13839,Promoting Accountability and Streamlining Removal Procedures Consistent With Merit System Principles,2018-05-25,Donald Trump,83 FR 25343
13840,"Ocean Policy To Advance the Economic, Security, and Environmental Interests of the United States",2018-06-19,Donald Trump,83 FR 29431
13841,Affording Congress an Opportunity To Address Family Separation,2018-06-20,Donald Trump,83 FR 29435
13842,"Establishing an Exception to Competitive Examining Rules for Appointment to Certain Positions in the United States Marshals Service, Department of Justice",2018-07-10,Donald Trump,83 FR 32753
13843,Excepting Administrative Law Judges From the Competitive Service,2018-07-10,Donald Trump,83 FR 32755
13844,Establishment of the Task Force on Market Integrity and Consumer Fraud,2018-07-11,Donald Trump,83 FR 33115
13845,Establishing the President's National Council for the American Worker,2018-07-19,Donald Trump,83 FR 35099
13846,Reimposing Certain Sanctions With Respect to Iran,2018-08-06,Donald Trump,83 FR 38939
13847,Strengthening Retirement Security in America,2018-08-31,Donald Trump,83 FR 45321
13848,Imposing Certain Sanctions in the Event of Foreign Interference in a United States Election,2018-09-12,Donald Trump,83 FR 46843
13849,Authorizing the Implementation of Certain Sanctions Set Forth in the Countering America's Adversaries Through Sanctions Act,2018-09-20,Donald Trump,83 FR 48195
13850,Blocking Property of Additional Persons Contributing to the Situation in Venezuela,2018-11-01,Donald Trump,83 FR 55243
13851,Blocking Property of Certain Persons Contributing to the Situation in Nicaragua,2018-11-27,Donald Trump,83 FR 61505
13852,"Providing for the Closing of Executive Departments and Agencies of the Federal Government on December 5, 2018",2018-12-01,Donald Trump,83 FR 62687
13853,Establishing the White House Opportunity and Revitalization Council,2018-12-12,Donald Trump,83 FR 65071
13854,"Providing for the Closing of Executive Departments and Agencies of the Federal Government on December 24, 2018",2018-12-18,Donald Trump,83 FR 65481
13855,"Promoting Active Management of America's Forests, Rangelands, and Other Federal Lands To Improve Conditions and Reduce Wildfire Risk",2018-12-21,Donald Trump,84 FR 45
13856,Adjustments of Certain Rates of Pay,2018-12-28,Donald Trump,84 FR 65
13857,Taking Additional Steps To Address the National Emergency With Respect to Venezuela,2019-01-25,Donald Trump,84 FR 509
13858,Strengthening Buy-American Preferences for Infrastructure Projects,2019-01-31,Donald Trump,84 FR 2039
13859,Maintaining American Leadership in Artificial Intelligence,2019-02-11,Donald Trump,84 FR 3967
13860,Supporting the Transition of Active Duty Service Members and Military Veterans Into the Merchant Marine,2019-03-04,Donald Trump,84 FR 8407
13861,National Roadmap to Empower Veterans and End Suicide,2019-03-05,Donald Trump,84 FR 8585
13862,Revocation of Reporting Requirement,2019-03-06,Donald Trump,84 FR 8789
13863,Taking Additional Steps to Address the National Emergency With Respect to Significant Transnational Criminal Organizations,2019-03-15,Donald Trump,84 FR 10255
13864,"Improving Free Inquiry, Transparency, and Accountability at Colleges and Universities",2019-03-21,Donald Trump,84 FR 11401
13865,Coordinating National Resilience to Electromagnetic Pulses,2019-03-26,Donald Trump,84 FR 12041
13866,Adjustments of Certain Rates of Pay,2019-03-28,Donald Trump,84 FR 12853
13867,Issuance of Permits With Respect to Facilities and Land Transportation Crossings at the International Boundaries of the United States,2019-04-10,Donald Trump,84 FR 15491
13868,Promoting Energy Infrastructure and Economic Growth,2019-04-10,Donald Trump,84 FR 15495
13869,Transferring Responsibility for Background Investigations to the Department of Defense,2019-04-24,Donald Trump,84 FR 18125
13870,America's Cybersecurity Workforce,2019-05-02,Donald Trump,84 FR 20523
13871,"Imposing Sanctions With Respect to the Iron, Steel, Aluminum, and Copper Sectors of Iran",2019-05-08,Donald Trump,84 FR 20761
13872,Economic Empowerment of Asian Americans and Pacific Islanders,2019-05-13,Donald Trump,84 FR 22321
13873,Securing the Information and Communications Technology and Services Supply Chain,2019-05-15,Donald Trump,84 FR 22689
13874,Modernizing the Regulatory Framework for Agricultural Biotechnology Products,2019-06-11,Donald Trump,84 FR 27899
13875,Evaluating and Improving the Utility of Federal Advisory Committees,2019-06-14,Donald Trump,84 FR 28711
13876,Imposing Sanctions With Respect to Iran,2019-06-24,Donald Trump,84 FR 30573
13877,Improving Price and Quality Transparency in American Healthcare To Put Patients First,2019-06-24,Donald Trump,84 FR 30849
13878,Establishing a White House Council on Eliminating Regulatory Barriers to Affordable Housing,2019-06-25,Donald Trump,84 FR 30853
13879,Advancing American Kidney Health,2019-07-10,Donald Trump,84 FR 33817
13880,Collecting Information About Citizenship Status in Connection With the Decennial Census,2019-07-11,Donald Trump,84 FR 33821
13881,"Maximizing Use of American-Made Goods, Products, and Materials",2019-07-15,Donald Trump,84 FR 34257
13882,Blocking Property and Suspending Entry of Certain Persons Contributing to the Situation in Mali,2019-07-26,Donald Trump,84 FR 37055
13883,Administration of Proliferation Sanctions and Amendment of Executive Order 12851,2019-08-01,Donald Trump,84 FR 38113
13884,Blocking Property of the Government of Venezuela,2019-08-05,Donald Trump,84 FR 38843
13885,Establishing the National Quantum Initiative Advisory Committee,2019-08-30,Donald Trump,84 FR 46873
13886,Modernizing Sanctions To Combat Terrorism,2019-09-09,Donald Trump,84 FR 48041
13887,Modernizing Influenza Vaccines in the United States to Promote National Security and Public Health,2019-09-19,Donald Trump,84 FR 49935
13888,Enhancing State and Local Involvement in Refugee Resettlement,2019-09-26,Donald Trump,84 FR 52355
13889,Continuance of Certain Federal Advisory Committees,2019-09-27,Donald Trump,84 FR 52743
13890,Protecting and Improving Medicare for Our Nation's Seniors,2019-10-03,Donald Trump,84 FR 53573
13891,Promoting the Rule of Law Through Improved Agency Guidance Documents,2019-10-09,Donald Trump,84 FR 55235
13892,Promoting the Rule of Law Through Transparency and Fairness in Civil Administrative Enforcement and Adjudication,2019-10-09,Donald Trump,84 FR 55239
13893,Increasing Government Accountability for Administrative Actions by Reinvigorating Administrative PAYGO,2019-10-10,Donald Trump,84 FR 55487
13894,Blocking Property and Suspending Entry of Certain Persons Contributing to the Situation in Syria,2019-10-14,Donald Trump,84 FR 55851
13895,President's Council of Advisors on Science and Technology,2019-10-22,Donald Trump,84 FR 57309
13896,Commission on Law Enforcement and the Administration of Justice,2019-10-28,Donald Trump,84 FR 58595
13897,Improving Federal Contractor Operations by Revoking Executive Order 13495,2019-10-31,Donald Trump,84 FR 59709
13898,Establishing the Task Force on Missing and Murdered American Indians and Alaska Natives,2019-11-26,Donald Trump,84 FR 66059
13899,Combating Anti-Semitism,2019-12-11,Donald Trump,84 FR 68779
13900,"Providing for the Closing of Executive Departments and Agencies of the Federal Government on December 24, 2019",2019-12-17,Donald Trump,84 FR 69983
13901,Adjustments of Certain Rates of Pay,2019-12-26,Donald Trump,84 FR 72213
13902,Imposing Sanctions With Respect to Additional Sectors of Iran,2020-01-10,Donald Trump,85 FR 2003
13903,Combating Human Trafficking and Online Child Exploitation in the United States,2020-01-31,Donald Trump,85 FR 6721
13904,"Ensuring Safe and Lawful E-Commerce for United States Consumers, Businesses, Government Supply Chains, and Intellectual Property Rights Holders",2020-01-31,Donald Trump,85 FR 6725
13905,"Strengthening National Resilience Through Responsible Use of Positioning, Navigation, and Timing Services",2020-02-12,Donald Trump,85 FR 9359
13906,Amending Executive Order 13803Reviving the National Space Council,2020-02-13,Donald Trump,85 FR 10031
13907,Establishment of the Interagency Environment Committee for Monitoring and Enforcement Under Section 811 of the United States-Mexico-Canada Agreement Implementation Act,2020-02-28,Donald Trump,85 FR 12977
13908,Establishment of the Interagency Committee on Trade in Automotive Goods Under Section 202A of the United States Mexico Canada Agreement Implementation Act,2020-02-28,Donald Trump,85 FR 12983
13909,Prioritizing and Allocating Health and Medical Resources to Respond to the Spread of COVID-19,2020-03-18,Donald Trump,85 FR 16227
13910,Preventing Hoarding of Health and Medical Resources To Respond to the Spread of COVID-19,2020-03-23,Donald Trump,85 FR 17001
13911,Delegating Additional Authority Under the Defense Production Act With Respect to Health and Medical Resources To Respond to the Spread of COVID-19,2020-03-27,Donald Trump,85 FR 18403
13912,National Emergency Authority To Order the Selected Reserve and Certain Members of the Individual Ready Reserve of the Armed Forces to Active Duty,2020-03-27,Donald Trump,85 FR 18407
13913,Establishing the Committee for the Assessment of Foreign Participation in the United States Telecommunications Services Sector,2020-04-04,Donald Trump,85 FR 19643
13914,Encouraging International Support for the Recovery and Use of Space Resources,2020-04-06,Donald Trump,85 FR 20381
13915,Providing an Order of Succession Within the Department of the Interior,2020-04-14,Donald Trump,85 FR 21733
13916,National Emergency Authority To Temporarily Extend Deadlines for Certain Estimated Payments,2020-04-18,Donald Trump,85 FR 22951
13917,Delegating Authority Under the Defense Production Act With Respect to Food Supply Chain Resources During the National Emergency Caused by the Outbreak of COVID- 19,2020-04-28,Donald Trump,85 FR 26313
13918,Establishment of the Interagency Labor Committee for Monitoring and Enforcement Under Section 711 of the United States-Mexico-Canada Agreement Implementation Act,2020-04-28,Donald Trump,85 FR 26315
13919,Ordering the Selected Reserve of the Armed Forces to Active Duty,2020-04-30,Donald Trump,85 FR 26591
13920,Securing the United States Bulk-Power System,2020-05-01,Donald Trump,85 FR 26595
13921,Promoting American Seafood Competitiveness and Economic Growth,2020-05-07,Donald Trump,85 FR 28471
13922,Delegating Authority Under the Defense Production Act to the Chief Executive Officer of the United States International Development Finance Corporation To Respond to the COVID-19 Outbreak,2020-05-14,Donald Trump,85 FR 30583
13923,Establishment of the Forced Labor Enforcement Task Force Under Section 741 of the United States- Mexico-Canada Agreement Implementation Act,2020-05-15,Donald Trump,85 FR 30587
13924,Regulatory Relief To Support Economic Recovery,2020-05-19,Donald Trump,85 FR 31353
13925,Preventing Online Censorship,2020-05-28,Donald Trump,85 FR 34079
13926,Advancing International Religious Freedom,2020-06-02,Donald Trump,85 FR 34951
13927,Accelerating the Nation's Economic Recovery From the COVID-19 Emergency by Expediting Infrastructure Investments and Other Activities,2020-06-04,Donald Trump,85 FR 35165
13928,Blocking Property of Certain Persons Associated With the International Criminal Court,2020-06-11,Donald Trump,85 FR 36139
13929,Safe Policing for Safe Communities,2020-06-16,Donald Trump,85 FR 37325
13930,Strengthening the Child Welfare System for America's Children,2020-06-24,Donald Trump,85 FR 38741
13931,Continuing the President's National Council for the American Worker and the American Workforce Policy Advisory Board,2020-06-26,Donald Trump,85 FR 39455
13932,Modernizing and Reforming the Assessment and Hiring of Federal Job Candidates,2020-06-26,Donald Trump,85 FR 39457
13933,"Protecting American Monuments, Memorials, and Statues and Combating Recent Criminal Violence",2020-06-26,Donald Trump,85 FR 40081
13934,Building and Rebuilding Monuments to American Heroes,2020-07-03,Donald Trump,85 FR 41165
13935,White House Hispanic Prosperity Initiative,2020-07-09,Donald Trump,85 FR 42683
13936,The President's Executive Order on Hong Kong Normalization,2020-07-14,Donald Trump,85 FR 43413
13937,Access to Affordable Life-Saving Medications,2020-07-24,Donald Trump,85 FR 45755
13938,Increasing Drug Importation To Lower Prices for American Patients,2020-07-24,Donald Trump,85 FR 45757
13939,Lowering Prices for Patients by Eliminating Kickbacks to Middlemen,2020-07-24,Donald Trump,85 FR 45759
13940,Aligning Federal Contracting and Hiring Practices With the Interests of American Workers,2020-08-03,Donald Trump,85 FR 47879
13941,Improving Rural Health and Telehealth Access,2020-08-03,Donald Trump,85 FR 47881
13942,"Addressing the Threat Posed by TikTok, and Taking Additional Steps To Address the National Emergency With Respect to the Information and Communications Technology and Services Supply Chain",2020-08-06,Donald Trump,85 FR 48637
13943,"Addressing the Threat Posed by WeChat, and Taking Additional Steps To Address the National Emergency With Respect to the Information and Communications Technology and Services Supply Chain",2020-08-06,Donald Trump,85 FR 48641
13944,"Combating Public Health Emergencies and Strengthening National Security by Ensuring Essential Medicines, Medical Countermeasures, and Critical Inputs Are Made in the United States",2020-08-06,Donald Trump,85 FR 49929
13945,Fighting the Spread of COVID-19 by Providing Assistance to Renters and Homeowners,2020-08-08,Donald Trump,85 FR 49935
13946,Targeting Opportunity Zones and Other Distressed Communities for Federal Site Locations,2020-08-24,Donald Trump,85 FR 52879
13947,Lowering Drug Prices by Putting America First,2020-07-24,Donald Trump,85 FR 59171
13948,Lowering Drug Prices by Putting America First,2020-09-13,Donald Trump,85 FR 59649
13949,Blocking Property of Certain Persons With Respect to the Conventional Arms Activities of Iran,2020-09-21,Donald Trump,85 FR 60043
13950,Combating Race and Sex Stereotyping,2020-09-22,Donald Trump,85 FR 60683
13951,An America-First Healthcare Plan,2020-09-24,Donald Trump,85 FR 62179
13952,Protecting Vulnerable Newborn and Infant Children,2020-09-25,Donald Trump,85 FR 62187
13953,Addressing the Threat to the Domestic Supply Chain From Reliance on Critical Minerals From Foreign Adversaries and Supporting the Domestic Mining and Processing Industries,2020-09-30,Donald Trump,85 FR 62539
13954,Saving Lives Through Increased Support for Mental- and Behavioral-Health Needs,2020-10-03,Donald Trump,85 FR 63977
13955,Establishing the One Trillion Trees Interagency Council,2020-10-13,Donald Trump,85 FR 65643
13956,Modernizing America's Water Resource Management and Water Infrastructure,2020-10-13,Donald Trump,85 FR 65647
13957,Creating Schedule F in the Excepted Service,2020-10-21,Donald Trump,85 FR 67631
13958,Establishing the President's Advisory 1776 Commission,2020-11-02,Donald Trump,85 FR 70951
13959,Addressing the Threat From Securities Investments That Finance Communist Chinese Military Companies,2020-11-12,Donald Trump,85 FR 73185
13960,Promoting the Use of Trustworthy Artificial Intelligence in the Federal Government,2020-12-03,Donald Trump,85 FR 78939
13961,Governance and Integration of Federal Mission Resilience,2020-12-07,Donald Trump,85 FR 79379
13962,Ensuring Access to United States Government COVID-19 Vaccines,2020-12-08,Donald Trump,85 FR 79777
13963,Providing an Order of Succession Within the Department of Defense,2020-12-10,Donald Trump,85 FR 81331
13964,Rebranding United States Foreign Assistance To Advance American Influence,2020-12-10,Donald Trump,85 FR 81333
13965,"Providing for the Closing of Executive Departments and Agencies of the Federal Government on December 24, 2020",2020-12-11,Donald Trump,85 FR 81337
13966,Increasing Economic and Geographic Mobility,2020-12-14,Donald Trump,85 FR 81777
13967,Promoting Beautiful Federal Civic Architecture,2020-12-18,Donald Trump,85 FR 83739
13968,Promoting Redemption of Savings Bonds,2020-12-18,Donald Trump,85 FR 83745
13969,Expanding Educational Opportunity Through School Choice,2020-12-28,Donald Trump,86 FR 219
13970,Adjustments of Certain Rates of Pay,2020-12-31,Donald Trump,86 FR 421
13971,Addressing the Threat Posed by Applications and Other Software Developed or Controlled by Chinese Companies,2021-01-05,Donald Trump,86 FR 1249
13972,Promoting Small Modular Reactors for National Defense and Space Exploration,2021-01-05,Donald Trump,86 FR 3727
13973,Providing an Order of Succession Within the Environmental Protection Agency,2021-01-08,Donald Trump,86 FR 3733
13974,Amending Executive Order 13959Addressing the Threat From Securities Investments That Finance Communist Chinese Military Companies,2021-01-13,Donald Trump,86 FR 4875
13975,Encouraging Buy American Policies for the United States Postal Service,2021-01-14,Donald Trump,86 FR 6547
13976,Establishing the Wildland Fire Management Policy Committee,2021-01-14,Donald Trump,86 FR 6549
13977,"Protecting Law Enforcement Officers, Judges, Prosecutors, and Their Families",2021-01-18,Donald Trump,86 FR 6803
13978,Building the National Garden of American Heroes,2021-01-18,Donald Trump,86 FR 6809
13979,Ensuring Democratic Accountability in Agency Rulemaking,2021-01-18,Donald Trump,86 FR 6813
13980,Protecting Americans From Overcriminalization Through Regulatory Reform,2021-01-18,Donald Trump,86 FR 6817
13981,Protecting the United States From Certain Unmanned Aircraft Systems,2021-01-18,Donald Trump,86 FR 6821
13982,Care of Veterans With Service in Uzbekistan,2021-01-19,Donald Trump,86 FR 6833
13983,Revocation of Executive Order 13770,2021-01-19,Donald Trump,86 FR 6835
13984,Taking Additional Steps To Address the National Emergency With Respect to Significant Malicious Cyber- Enabled Activities,2021-01-19,Donald Trump,86 FR 6837
13985,Advancing Racial Equity and Support for Underserved Communities Through the Federal Government,2021-01-20,Joseph R. Biden Jr.,86 FR 7009
13986,Ensuring a Lawful and Accurate Enumeration and Apportionment Pursuant to the Decennial Census,2021-01-20,Joseph R. Biden Jr.,86 FR 7015
13987,Organizing and Mobilizing the United States Government To Provide a Unified and Effective Response To Combat COVID-19 and To Provide United States Leadership on Global Health and Security,2021-01-20,Joseph R. Biden Jr.,86 FR 7019
13988,Preventing and Combating Discrimination on the Basis of Gender Identity or Sexual Orientation,2021-01-20,Joseph R. Biden Jr.,86 FR 7023
13989,Ethics Commitments by Executive Branch Personnel,2021-01-20,Joseph R. Biden Jr.,86 FR 7029
13990,Protecting Public Health and the Environment and Restoring Science To Tackle the Climate Crisis,2021-01-20,Joseph R. Biden Jr.,86 FR 7037
13991,Protecting the Federal Workforce and Requiring Mask-Wearing,2021-01-20,Joseph R. Biden Jr.,86 FR 7045
13992,Revocation of Certain Executive Orders Concerning Federal Regulation,2021-01-20,Joseph R. Biden Jr.,86 FR 7049
13993,Revision of Civil Immigration Enforcement Policies and Priorities,2021-01-20,Joseph R. Biden Jr.,86 FR 7051
13994,Ensuring a Data-Driven Response to COVID-19 and Future High-Consequence Public Health Threats,2021-01-21,Joseph R. Biden Jr.,86 FR 7189
13995,Ensuring an Equitable Pandemic Response and Recovery,2021-01-21,Joseph R. Biden Jr.,86 FR 7193
13996,Establishing the COVID-19 Pandemic Testing Board and Ensuring a Sustainable Public Health Workforce for COVID-19 and Other Biological Threats,2021-01-21,Joseph R. Biden Jr.,86 FR 7197
13997,Improving and Expanding Access to Care and Treatments for COVID-19,2021-01-21,Joseph R. Biden Jr.,86 FR 7201
13998,Promoting COVID-19 Safety in Domestic and International Travel,2021-01-21,Joseph R. Biden Jr.,86 FR 7205
13999,Protecting Worker Health and Safety,2021-01-21,Joseph R. Biden Jr.,86 FR 7211
14000,Supporting the Reopening and Continuing Operation of Schools and Early Childhood Education Providers,2021-01-21,Joseph R. Biden Jr.,86 FR 7215
14001,A Sustainable Public Health Supply Chain,2021-01-21,Joseph R. Biden Jr.,86 FR 7219
14002,Economic Relief Related to the COVID-19 Pandemic,2021-01-22,Joseph R. Biden Jr.,86 FR 7229
14003,Protecting the Federal Workforce,2021-01-22,Joseph R. Biden Jr.,86 FR 7231
14004,Enabling All Qualified Americans To Serve Their Country in Uniform,2021-01-25,Joseph R. Biden Jr.,86 FR 7471
14005,Ensuring the Future Is Made in All of America by All of America's Workers,2021-01-25,Joseph R. Biden Jr.,86 FR 7475
14006,Reforming Our Incarceration System To Eliminate the Use of Privately Operated Criminal Detention Facilities,2021-01-26,Joseph R. Biden Jr.,86 FR 7483
14007,President's Council of Advisors on Science and Technology,2021-01-27,Joseph R. Biden Jr.,86 FR 7615
14008,Tackling the Climate Crisis at Home and Abroad,2021-01-27,Joseph R. Biden Jr.,86 FR 7619
14009,Strengthening Medicaid and the Affordable Care Act,2021-01-28,Joseph R. Biden Jr.,86 FR 7793
14010,"Creating a Comprehensive Regional Framework To Address the Causes of Migration, To Manage Migration Throughout North and Central America, and To Provide Safe and Orderly Processing of Asylum Seekers at the United States Border",2021-02-02,Joseph R. Biden Jr.,86 FR 8267
14011,Establishment of Interagency Task Force on the Reunification of Families,2021-02-02,Joseph R. Biden Jr.,86 FR 8273
14012,Restoring Faith in Our Legal Immigration Systems and Strengthening Integration and Inclusion Efforts for New Americans,2021-02-02,Joseph R. Biden Jr.,86 FR 8277
14013,Rebuilding and Enhancing Programs To Resettle Refugees and Planning for the Impact of Climate Change on Migration,2021-02-04,Joseph R. Biden Jr.,86 FR 8839
14014,Blocking Property With Respect to the Situation in Burma,2021-02-10,Joseph R. Biden Jr.,86 FR 9429
14015,Establishment of the White House Office of Faith- Based and Neighborhood Partnerships,2021-02-14,Joseph R. Biden Jr.,86 FR 10007
14016,Revocation of Executive Order 13801,2021-02-17,Joseph R. Biden Jr.,86 FR 11089
14017,America's Supply Chains,2021-02-24,Joseph R. Biden Jr.,86 FR 11849
14018,Revocation of Certain Presidential Actions,2021-02-24,Joseph R. Biden Jr.,86 FR 11855
14019,Promoting Access to Voting,2021-03-07,Joseph R. Biden Jr.,86 FR 13623
14020,Establishment of the White House Gender Policy Council,2021-03-08,Joseph R. Biden Jr.,86 FR 13797
14021,"Guaranteeing an Educational Environment Free From Discrimination on the Basis of Sex, Including Sexual Orientation or Gender Identity",2021-03-08,Joseph R. Biden Jr.,86 FR 13803
14022,Termination of Emergency With Respect to the International Criminal Court,2021-04-01,Joseph R. Biden Jr.,86 FR 17895
14023,Establishment of the Presidential Commission on the Supreme Court of the United States,2021-04-09,Joseph R. Biden Jr.,86 FR 19569
14024,Blocking Property With Respect To Specified Harmful Foreign Activities of the Government of the Russian Federation,2021-04-15,Joseph R. Biden Jr.,86 FR 20249
14025,Worker Organizing and Empowerment,2021-04-26,Joseph R. Biden Jr.,86 FR 22829
14026,Increasing the Minimum Wage for Federal Contractors,2021-04-27,Joseph R. Biden Jr.,86 FR 22835
14027,Establishment of the Climate Change Support Office,2021-05-07,Joseph R. Biden Jr.,86 FR 25947
14028,Improving the Nation's Cybersecurity,2021-05-12,Joseph R. Biden Jr.,86 FR 26633
14029,Revocation of Certain Presidential Actions and Technical Amendment,2021-05-14,Joseph R. Biden Jr.,86 FR 27025
14030,Climate-Related Financial Risk,2021-05-20,Joseph R. Biden Jr.,86 FR 27967
14031,"Advancing Equity, Justice, and Opportunity for Asian Americans, Native Hawaiians, and Pacific Islanders",2021-05-28,Joseph R. Biden Jr.,86 FR 29675
14032,Addressing the Threat From Securities Investments That Finance Certain Companies of the People's Republic of China,2021-06-03,Joseph R. Biden Jr.,86 FR 30145
14033,Blocking Property and Suspending Entry Into the United States of Certain Persons Contributing to the Destabilizing Situation in the Western Balkans,2021-06-08,Joseph R. Biden Jr.,86 FR 31079
14034,Protecting Americans' Sensitive Data From Foreign Adversaries,2021-06-09,Joseph R. Biden Jr.,86 FR 31423
14035,"Diversity, Equity, Inclusion, and Accessibility in the Federal Workforce",2021-06-25,Joseph R. Biden Jr.,86 FR 34593
14036,Promoting Competition in the American Economy,2021-07-09,Joseph R. Biden Jr.,86 FR 36987
14037,Strengthening American Leadership in Clean Cars and Trucks,2021-08-05,Joseph R. Biden Jr.,86 FR 43583
14038,Blocking Property of Additional Persons Contributing to the Situation in Belarus,2021-08-09,Joseph R. Biden Jr.,86 FR 43905
14039,Blocking Property With Respect to Certain Russian Energy Export Pipelines,2021-08-20,Joseph R. Biden Jr.,86 FR 47205
14040,"Declassification Reviews of Certain Documents Concerning the Terrorist Attacks of September 11, 2001",2021-09-03,Joseph R. Biden Jr.,86 FR 50439
14041,"White House Initiative on Advancing Educational Equity, Excellence, and Economic Opportunity Through Historically Black Colleges and Universities",2021-09-03,Joseph R. Biden Jr.,86 FR 50443
14042,Ensuring Adequate COVID Safety Protocols for Federal Contractors,2021-09-09,Joseph R. Biden Jr.,86 FR 50985
14043,Requiring Coronavirus Disease 2019 Vaccination for Federal Employees,2021-09-09,Joseph R. Biden Jr.,86 FR 50989
14044,Amending Executive Order 14007,2021-09-13,Joseph R. Biden Jr.,86 FR 51579
14045,"White House Initiative on Advancing Educational Equity, Excellence, and Economic Opportunity for Hispanics",2021-09-13,Joseph R. Biden Jr.,86 FR 51581
14046,Imposing Sanctions on Certain Persons With Respect to the Humanitarian and Human Rights Crisis in Ethiopia,2021-09-17,Joseph R. Biden Jr.,86 FR 52389
14047,Adding Measles to the List of Quarantinable Communicable Diseases,2021-09-17,Joseph R. Biden Jr.,86 FR 52591
14048,Continuance or Reestablishment of Certain Federal Advisory Committees and Amendments to Other Executive Orders,2021-09-30,Joseph R. Biden Jr.,86 FR 55465
14049,"White House Initiative on Advancing Educational Equity, Excellence, and Economic Opportunity for Native Americans and Strengthening Tribal Colleges and Universities",2021-10-11,Joseph R. Biden Jr.,86 FR 57313
14050,"White House Initiative on Advancing Educational Equity, Excellence, and Economic Opportunity for Black Americans",2021-10-19,Joseph R. Biden Jr.,86 FR 58551
14051,Designation To Exercise Authority Over the National Defense Stockpile,2021-10-31,Joseph R. Biden Jr.,86 FR 60747
14052,Implementation of the Infrastructure Investment and Jobs Act,2021-11-15,Joseph R. Biden Jr.,86 FR 64335
14053,Improving Public Safety and Criminal Justice for Native Americans and Addressing the Crisis of Missing or Murdered Indigenous People,2021-11-15,Joseph R. Biden Jr.,86 FR 64337
14054,Termination of Emergency With Respect to the Situation in Burundi,2021-11-18,Joseph R. Biden Jr.,86 FR 66149
14055,Nondisplacement of Qualified Workers Under Service Contracts,2021-11-18,Joseph R. Biden Jr.,86 FR 66397
14056,The National Space Council,2021-12-01,Joseph R. Biden Jr.,86 FR 68871
14057,Catalyzing Clean Energy Industries and Jobs Through Federal Sustainability,2021-12-08,Joseph R. Biden Jr.,86 FR 70935
14058,Transforming Federal Customer Experience and Service Delivery To Rebuild Trust in Government,2021-12-13,Joseph R. Biden Jr.,86 FR 71357
14059,Imposing Sanctions on Foreign Persons Involved in the Global Illicit Drug Trade,2021-12-15,Joseph R. Biden Jr.,86 FR 71549
14060,Establishing the United States Council on Transnational Organized Crime,2021-12-15,Joseph R. Biden Jr.,86 FR 71793
14061,Adjustments of Certain Rates of Pay,2021-12-22,Joseph R. Biden Jr.,86 FR 73601
14062,"2022 Amendments to the Manual for Courts-Martial, United States",2022-01-26,Joseph R. Biden Jr.,87 FR 4763
14063,Use of Project Labor Agreements for Federal Construction Projects,2022-02-04,Joseph R. Biden Jr.,87 FR 7363
14064,Protecting Certain Property of Da Afghanistan Bank for the Benefit of the People of Afghanistan,2022-02-11,Joseph R. Biden Jr.,87 FR 8391
14065,Blocking Property of Certain Persons and Prohibiting Certain Transactions With Respect to Continued Russian Efforts To Undermine the Sovereignty and Territorial Integrity of Ukraine,2022-02-21,Joseph R. Biden Jr.,87 FR 10293
14066,Prohibiting Certain Imports and New Investments With Respect to Continued Russian Federation Efforts To Undermine the Sovereignty and Territorial Integrity of Ukraine,2022-03-08,Joseph R. Biden Jr.,87 FR 13625
14067,Ensuring Responsible Development of Digital Assets,2022-03-09,Joseph R. Biden Jr.,87 FR 14143
14068,"Prohibiting Certain Imports, Exports, and New Investment With Respect to Continued Russian Federation Aggression",2022-03-11,Joseph R. Biden Jr.,87 FR 14381
14069,"Advancing Economy, Efficiency, and Effectiveness in Federal Contracting by Promoting Pay Equity and Transparency",2022-03-15,Joseph R. Biden Jr.,87 FR 15315
14070,"Continuing To Strengthen Americans' Access to Affordable, Quality Health Coverage",2022-04-05,Joseph R. Biden Jr.,87 FR 20689
14071,Prohibiting New Investment in and Certain Services to the Russian Federation in Response to Continued Russian Federation Aggression,2022-04-06,Joseph R. Biden Jr.,87 FR 20999
14072,"Strengthening the Nation's Forests, Communities, and Local Economies",2022-04-22,Joseph R. Biden Jr.,87 FR 24851
14073,Enhancing the National Quantum Initiative Advisory Committee,2022-05-04,Joseph R. Biden Jr.,87 FR 27909
14074,"Advancing Effective, Accountable Policing and Criminal Justice Practices To Enhance Public Trust and Public Safety",2022-05-25,Joseph R. Biden Jr.,87 FR 32945
14075,"Advancing Equality for Lesbian, Gay, Bisexual, Transgender, Queer, and Intersex Individuals",2022-06-15,Joseph R. Biden Jr.,87 FR 37189
14076,Protecting Access to Reproductive Healthcare Services,2022-07-08,Joseph R. Biden Jr.,87 FR 42053
14077,Establishing an Emergency Board To Investigate Disputes Between Certain Railroads Represented by the National Carriers' Conference Committee of the National Railway Labor Conference and Their Employees Represented by Certain Labor Organizations,2022-07-15,Joseph R. Biden Jr.,87 FR 43203
14078,Bolstering Efforts To Bring Hostages and Wrongfully Detained United States Nationals Home,2022-07-19,Joseph R. Biden Jr.,87 FR 43389
14079,Securing Access to Reproductive and Other Healthcare Services,2022-08-03,Joseph R. Biden Jr.,87 FR 49505
14080,Implementation of the CHIPS Act of 2022,2022-08-25,Joseph R. Biden Jr.,87 FR 52847
14081,"Advancing Biotechnology and Biomanufacturing Innovation for a Sustainable, Safe, and Secure American Bioeconomy",2022-09-12,Joseph R. Biden Jr.,87 FR 56849
14082,Implementation of the Energy and Infrastructure Provisions of the Inflation Reduction Act of 2022,2022-09-12,Joseph R. Biden Jr.,87 FR 56861
14083,Ensuring Robust Consideration of Evolving National Security Risks by the Committee on Foreign Investment in the United States,2022-09-15,Joseph R. Biden Jr.,87 FR 57369
14084,"Promoting the Arts, the Humanities, and Museum and Library Services",2022-09-30,Joseph R. Biden Jr.,87 FR 60535
14085,Expanding Eligibility for Certain Military Decorations and Awards,2022-10-03,Joseph R. Biden Jr.,87 FR 60541
14086,Enhancing Safeguards for United States Signals Intelligence Activities,2022-10-07,Joseph R. Biden Jr.,87 FR 62283
14087,Lowering Prescription Drug Costs for Americans,2022-10-14,Joseph R. Biden Jr.,87 FR 63399
14088,Taking Additional Steps To Address the National Emergency With Respect to the Situation in Nicaragua,2022-10-24,Joseph R. Biden Jr.,87 FR 64685
14089,Establishing the President's Advisory Council on African Diaspora Engagement in the United States,2022-12-13,Joseph R. Biden Jr.,87 FR 77459
14090,Adjustments of Certain Rates of Pay,2022-12-23,Joseph R. Biden Jr.,87 FR 79985
14091,Further Advancing Racial Equity and Support for Underserved Communities Through the Federal Government,2023-02-16,Joseph R. Biden Jr.,88 FR 10825
14092,Reducing Gun Violence and Making Our Communities Safer,2023-03-14,Joseph R. Biden Jr.,88 FR 16527
14093,Prohibition on Use by the United States Government of Commercial Spyware That Poses Risks to National Security,2023-03-27,Joseph R. Biden Jr.,88 FR 18957
14094,Modernizing Regulatory Review,2023-04-06,Joseph R. Biden Jr.,88 FR 21879
14095,Increasing Access to High-Quality Care and Supporting Caregivers,2023-04-18,Joseph R. Biden Jr.,88 FR 24669
14096,Revitalizing Our Nation's Commitment to Environmental Justice for All,2023-04-21,Joseph R. Biden Jr.,88 FR 25251
14097,Authority To Order the Ready Reserve of the Armed Forces to Active Duty To Address International Drug Trafficking,2023-04-27,Joseph R. Biden Jr.,88 FR 26471
14098,Imposing Sanctions on Certain Persons Destabilizing Sudan and Undermining the Goal of a Democratic Transition,2023-05-04,Joseph R. Biden Jr.,88 FR 29529
14099,Moving Beyond COVID-19 Vaccination Requirements for Federal Workers,2023-05-09,Joseph R. Biden Jr.,88 FR 30891
14100,"Advancing Economic Security for Military and Veteran Spouses, Military Caregivers, and Survivors",2023-06-09,Joseph R. Biden Jr.,88 FR 39111
14101,"Strengthening Access to Affordable, High-Quality Contraception and Family Planning Services",2023-06-23,Joseph R. Biden Jr.,88 FR 41815
14102,Ordering the Selected Reserve and Certain Members of the Individual Ready Reserve of the Armed Forces to Active Duty,2023-07-13,Joseph R. Biden Jr.,88 FR 45807
14103,"2023 Amendments to the Manual for Courts-Martial, United States",2023-07-28,Joseph R. Biden Jr.,88 FR 50535
14104,Federal Research and Development in Support of Domestic Manufacturing and United States Jobs,2023-07-28,Joseph R. Biden Jr.,88 FR 51203
14105,Addressing United States Investments in Certain National Security Technologies and Products in Countries of Concern,2023-08-09,Joseph R. Biden Jr.,88 FR 54867
14106,United States Coast Guard Officer Personnel Management,2023-08-14,Joseph R. Biden Jr.,88 FR 55905
14107,Exemption of Paul H. Maurer From Mandatory Separation,2023-09-06,Joseph R. Biden Jr.,88 FR 62441
14108,Ensuring the People of East Palestine Are Protected Now and in the Future,2023-09-20,Joseph R. Biden Jr.,88 FR 66265
14109,Continuance of Certain Federal Advisory Committees and Amendments to Other Executive Orders,2023-09-29,Joseph R. Biden Jr.,88 FR 68447
14110,"Safe, Secure, and Trustworthy Development and Use of Artificial Intelligence",2023-10-30,Joseph R. Biden Jr.,88 FR 75191
14111,Interagency Security Committee,2023-11-27,Joseph R. Biden Jr.,88 FR 83809
14112,Reforming Federal Funding and Support for Tribal Nations To Better Embrace Our Trust Responsibilities and Promote the Next Era of Tribal Self-Determination,2023-12-06,Joseph R. Biden Jr.,88 FR 86021
14113,Adjustments of Certain Rates of Pay,2023-12-21,Joseph R. Biden Jr.,88 FR 89259
14114,Taking Additional Steps With Respect to the Russian Federation's Harmful Activities,2023-12-22,Joseph R. Biden Jr.,88 FR 89271
14115,"Imposing Certain Sanctions on Persons Undermining Peace, Security, and Stability in the West Bank",2024-02-01,Joseph R. Biden Jr.,89 FR 7605
14116,"Amending Regulations Relating to the Safeguarding of Vessels, Harbors, Ports, and Waterfront Facilities of the United States",2024-02-21,Joseph R. Biden Jr.,89 FR 13971
14117,Preventing Access to Americans' Bulk Sensitive Personal Data and United States Government-Related Data by Countries of Concern,2024-02-28,Joseph R. Biden Jr.,89 FR 15421
14118,Termination of Emergency With Respect to the Situation in Zimbabwe,2024-03-04,Joseph R. Biden Jr.,89 FR 15945
14119,Scaling and Expanding the Use of Registered Apprenticeships in Industries and the Federal Government and Promoting Labor-Management Forums,2024-03-06,Joseph R. Biden Jr.,89 FR 17265
14120,Advancing Women's Health Research and Innovation,2024-03-18,Joseph R. Biden Jr.,89 FR 20095
14121,Recognizing and Honoring Women's History,2024-03-27,Joseph R. Biden Jr.,89 FR 22327
14122,COVID-19 and Public Health Preparedness and Response,2024-04-12,Joseph R. Biden Jr.,89 FR 27355
14123,White House Council on Supply Chain Resilience,2024-06-14,Joseph R. Biden Jr.,89 FR 51949
14124,"White House Initiative on Advancing Educational Equity, Excellence, and Economic Opportunity Through Hispanic-Serving Institutions",2024-07-17,Joseph R. Biden Jr.,89 FR 59585
14125,Establishing an Emergency Board To Investigate a Dispute Between New Jersey Transit Rail Operations and Its Locomotive Engineers Represented by the Brotherhood of Locomotive Engineers and Trainmen,2024-07-24,Joseph R. Biden Jr.,89 FR 60791
14126,Investing in America and Investing in American Workers,2024-09-06,Joseph R. Biden Jr.,89 FR 73559
14127,Combating Emerging Firearms Threats and Improving School-Based Active-Shooter Drills,2024-09-26,Joseph R. Biden Jr.,89 FR 80345
14128,Establishing a Second Emergency Board To Investigate a Dispute Between New Jersey Transit Rail Operations and Its Locomotive Engineers Represented by the Brotherhood of Locomotive Engineers and Trainmen,2024-11-21,Joseph R. Biden Jr.,89 FR 93145
14129,"Providing for the Closing of Executive Departments and Agencies of the Federal Government on December 24, 2024",2024-12-18,Joseph R. Biden Jr.,89 FR 104857
14130,"2024 Amendments to the Manual for Courts Martial, United States",2024-12-20,Joseph R. Biden Jr.,89 FR 105343
14131,Amendments to Executive Orders Relating to Certain Certificates and Badges,2024-12-20,Joseph R. Biden Jr.,89 FR 105377
14132,Adjustments of Certain Rates of Pay,2024-12-23,Joseph R. Biden Jr.,89 FR 106963
14133,"Providing for the Closing of Executive Departments and Agencies of the Federal Government on January 9, 2025",2024-12-30,Joseph R. Biden Jr.,90 FR 187
14134,Providing an Order of Succession Within the Department of Agriculture,2025-01-03,Joseph R. Biden Jr.,90 FR 2577
14135,Providing an Order of Succession Within the Department of Homeland Security,2025-01-03,Joseph R. Biden Jr.,90 FR 2579
14136,Providing an Order of Succession Within the Department of Justice,2025-01-03,Joseph R. Biden Jr.,90 FR 2581
14137,Providing an Order of Succession Within the Department of the Treasury,2025-01-03,Joseph R. Biden Jr.,90 FR 2583
14138,Providing an Order of Succession Within the Office of Management and Budget,2025-01-03,Joseph R. Biden Jr.,90 FR 2585
14139,Providing an Order of Succession Within the Office of the National Cyber Director,2025-01-03,Joseph R. Biden Jr.,90 FR 2587
14140,Taking Additional Steps With Respect to the Situation in the Western Balkans,2025-01-08,Joseph R. Biden Jr.,90 FR 2589
14141,Advancing United States Leadership in Artificial Intelligence Infrastructure,2025-01-14,Joseph R. Biden Jr.,90 FR 5469
14142,Taking Additional Steps With Respect to the Situation in Syria,2025-01-15,Joseph R. Biden Jr.,90 FR 6709
14143,Providing for the Appointment of Alumni of AmeriCorps to the Competitive Service,2025-01-16,Joseph R. Biden Jr.,90 FR 6751
14144,Strengthening and Promoting Innovation in the Nation's Cybersecurity,2025-01-16,Joseph R. Biden Jr.,90 FR 6755
14145,Helping Left-Behind Communities Make a Comeback,2025-01-19,Joseph R. Biden Jr.,90 FR 8105
14146,Partial Revocation of Executive Order 13961,2025-01-19,Joseph R. Biden Jr.,90 FR 8109
14147,Ending the Weaponization of the Federal Government,2025-01-20,Donald Trump,90 FR 8235
14148,Initial Rescissions of Harmful Executive Orders and Actions,2025-01-20,Donald Trump,90 FR 8237
14149,Restoring Freedom of Speech and Ending Federal Censorship,2025-01-20,Donald Trump,90 FR 8243
14150,America First Policy Directive to the Secretary of State,2025-01-20,Donald Trump,90 FR 8337
14151,Ending Radical and Wasteful Government DEI Programs and Preferencing,2025-01-20,Donald Trump,90 FR 8339
14152,Holding Former Government Officials Accountable for Election Interference and Improper Disclosure of Sensitive Governmental Information,2025-01-20,Donald Trump,90 FR 8343
14153,Unleashing Alaska's Extraordinary Resource Potential,2025-01-20,Donald Trump,90 FR 8347
14154,Unleashing American Energy,2025-01-20,Donald Trump,90 FR 8353
14155,Withdrawing the United States From the World Health Organization,2025-01-20,Donald Trump,90 FR 8361
14156,Declaring a National Energy Emergency,2025-01-20,Donald Trump,90 FR 8433
14157,Designating Cartels and Other Organizations as Foreign Terrorist Organizations and Specially Designated Global Terrorists,2025-01-20,Donald Trump,90 FR 8439
14158,"Establishing and Implementing the President's ""Department of Government Efficiency""",2025-01-20,Donald Trump,90 FR 8441
14159,Protecting the American People Against Invasion,2025-01-20,Donald Trump,90 FR 8443
14160,Protecting the Meaning and Value of American Citizenship,2025-01-20,Donald Trump,90 FR 8449
14161,Protecting the United States From Foreign Terrorists and Other National Security and Public Safety Threats,2025-01-20,Donald Trump,90 FR 8451
14162,Putting America First in International Environmental Agreements,2025-01-20,Donald Trump,90 FR 8455
14163,Realigning the United States Refugee Admissions Program,2025-01-20,Donald Trump,90 FR 8459
14164,Restoring the Death Penalty and Protecting Public Safety,2025-01-20,Donald Trump,90 FR 8463
14165,Securing Our Borders,2025-01-20,Donald Trump,90 FR 8467
14166,Application of Protecting Americans From Foreign Adversary Controlled Applications Act to TikTok,2025-01-20,Donald Trump,90 FR 8611
14167,Clarifying the Military's Role in Protecting the Territorial Integrity of the United States,2025-01-20,Donald Trump,90 FR 8613
14168,Defending Women From Gender Ideology Extremism and Restoring Biological Truth to the Federal Government,2025-01-20,Donald Trump,90 FR 8615
14169,Reevaluating and Realigning United States Foreign Aid,2025-01-20,Donald Trump,90 FR 8619
14170,Reforming the Federal Hiring Process and Restoring Merit to Government Service,2025-01-20,Donald Trump,90 FR 8621
14171,Restoring Accountability to Policy-Influencing Positions Within the Federal Workforce,2025-01-20,Donald Trump,90 FR 8625
14172,Restoring Names That Honor American Greatness,2025-01-20,Donald Trump,90 FR 8629
14173,Ending Illegal Discrimination and Restoring Merit-Based Opportunity,2025-01-21,Donald Trump,90 FR 8633
14174,Revocation of Certain Executive Orders,2025-01-21,Donald Trump,90 FR 8637
14175,Designation of Ansar Allah as a Foreign Terrorist Organization,2025-01-22,Donald Trump,90 FR 8639
14176,"Declassification of Records Concerning the Assassinations of President John F. Kennedy, Senator Robert F. Kennedy, and the Reverend Dr. Martin Luther King, Jr.",2025-01-23,Donald Trump,90 FR 8641
14177,President's Council of Advisors on Science and Technology,2025-01-23,Donald Trump,90 FR 8643
14178,Strengthening American Leadership in Digital Financial Technology,2025-01-23,Donald Trump,90 FR 8647
14179,Removing Barriers to American Leadership in Artificial Intelligence,2025-01-23,Donald Trump,90 FR 8741
14180,Council To Assess the Federal Emergency Management Agency,2025-01-24,Donald Trump,90 FR 8743
14181,Emergency Measures To Provide Water Resources in California and Improve Disaster Response in Certain Areas,2025-01-24,Donald Trump,90 FR 8747
14182,Enforcing the Hyde Amendment,2025-01-24,Donald Trump,90 FR 8751
14183,Prioritizing Military Excellence and Readiness,2025-01-27,Donald Trump,90 FR 8757
14184,Reinstating Service Members Discharged Under the Military's COVID-19 Vaccination Mandate,2025-01-27,Donald Trump,90 FR 8761
14185,Restoring America's Fighting Force,2025-01-27,Donald Trump,90 FR 8763
14186,The Iron Dome for America,2025-01-27,Donald Trump,90 FR 8767
14187,Protecting Children From Chemical and Surgical Mutilation,2025-01-28,Donald Trump,90 FR 8771
14188,Additional Measures To Combat Anti-Semitism,2025-01-29,Donald Trump,90 FR 8847
14189,Celebrating America's 250th Birthday,2025-01-29,Donald Trump,90 FR 8849
14190,Ending Radical Indoctrination in K-12 Schooling,2025-01-29,Donald Trump,90 FR 8853
14191,Expanding Educational Freedom and Opportunity for Families,2025-01-29,Donald Trump,90 FR 8859
14192,Unleashing Prosperity Through Deregulation,2025-01-31,Donald Trump,90 FR 9065
14193,Imposing Duties To Address the Flow of Illicit Drugs Across Our Northern Border,2025-02-01,Donald Trump,90 FR 9113
14194,Imposing Duties To Address the Situation at Our Southern Border,2025-02-01,Donald Trump,90 FR 9117
14195,Imposing Duties To Address the Synthetic Opioid Supply Chain in the People's Republic of China,2025-02-01,Donald Trump,90 FR 9121
14196,A Plan for Establishing a United States Sovereign Wealth Fund,2025-02-03,Donald Trump,90 FR 9181
14197,Progress on the Situation at Our Northern Border,2025-02-03,Donald Trump,90 FR 9183
14198,Progress on the Situation at Our Southern Border,2025-02-03,Donald Trump,90 FR 9185
14199,Withdrawing the United States From and Ending Funding to Certain United Nations Organizations and Reviewing United States Support to All International Organizations,2025-02-04,Donald Trump,90 FR 9275
14200,Amendment to Duties Addressing the Synthetic Opioid Supply Chain in the People's Republic of China,2025-02-05,Donald Trump,90 FR 9277
14201,Keeping Men Out of Women's Sports,2025-02-05,Donald Trump,90 FR 9279
14202,Eradicating Anti-Christian Bias,2025-02-06,Donald Trump,90 FR 9365
14203,Imposing Sanctions on the International Criminal Court,2025-02-06,Donald Trump,90 FR 9369
14204,Addressing Egregious Actions of the Republic of South Africa,2025-02-07,Donald Trump,90 FR 9497
14205,Establishment of the White House Faith Office,2025-02-07,Donald Trump,90 FR 9499
14206,Protecting Second Amendment Rights,2025-02-07,Donald Trump,90 FR 9503
14207,Eliminating the Federal Executive Institute,2025-02-10,Donald Trump,90 FR 9583
14208,Ending Procurement and Forced Use of Paper Straws,2025-02-10,Donald Trump,90 FR 9585
14209,Pausing Foreign Corrupt Practices Act Enforcement To Further American Economic and National Security,2025-02-10,Donald Trump,90 FR 9587
14210,"Implementing the President's ""Department of Government Efficiency"" Workforce Optimization Initiative",2025-02-11,Donald Trump,90 FR 9669
14211,One Voice for America's Foreign Relations,2025-02-12,Donald Trump,90 FR 9831
14212,Establishing the President's Make America Healthy Again Commission,2025-02-13,Donald Trump,90 FR 9833
14213,Establishing the National Energy Dominance Council,2025-02-14,Donald Trump,90 FR 9945
14214,Keeping Education Accessible and Ending COVID-19 Vaccine Mandates in Schools,2025-02-14,Donald Trump,90 FR 9949
14215,Ensuring Accountability for All Agencies,2025-02-18,Donald Trump,90 FR 10447
14216,Expanding Access to In Vitro Fertilization,2025-02-18,Donald Trump,90 FR 10451
14217,Commencing the Reduction of the Federal Bureaucracy,2025-02-19,Donald Trump,90 FR 10577
14218,Ending Taxpayer Subsidization of Open Borders,2025-02-19,Donald Trump,90 FR 10581
14219,"Ensuring Lawful Governance and Implementing the President's ""Department of Government Efficiency"" Deregulatory Initiative",2025-02-19,Donald Trump,90 FR 10583
14220,Addressing the Threat to National Security From Imports of Copper,2025-02-25,Donald Trump,90 FR 11001
14221,"Making America Healthy Again by Empowering Patients With Clear, Accurate, and Actionable Healthcare Pricing Information",2025-02-25,Donald Trump,90 FR 11005
14222,"Implementing the President's ""Department of Government Efficiency"" Cost Efficiency Initiative",2025-02-26,Donald Trump,90 FR 11095
14223,"Addressing the Threat to National Security From Imports of Timber, Lumber, and Their Derivative Products",2025-03-01,Donald Trump,90 FR 11359
14224,Designating English as the Official Language of the United States,2025-03-01,Donald Trump,90 FR 11363
14225,Immediate Expansion of American Timber Production,2025-03-01,Donald Trump,90 FR 11365
14226,Amendment to Duties To Address the Flow of Illicit Drugs Across Our Northern Border,2025-03-02,Donald Trump,90 FR 11369
14227,Amendment to Duties To Address the Situation at Our Southern Border,2025-03-02,Donald Trump,90 FR 11371
14228,Further Amendment to Duties Addressing the Synthetic Opioid Supply Chain in the People's Republic of China,2025-03-03,Donald Trump,90 FR 11463
14229,Honoring Jocelyn Nungaray,2025-03-04,Donald Trump,90 FR 11585
14230,Addressing Risks From Perkins Coie LLP,2025-03-06,Donald Trump,90 FR 11781
14231,Amendment to Duties To Address the Flow of Illicit Drugs Across Our Northern Border,2025-03-06,Donald Trump,90 FR 11785
14232,Amendment to Duties To Address the Flow of Illicit Drugs Across Our Southern Border,2025-03-06,Donald Trump,90 FR 11787
14233,Establishment of the Strategic Bitcoin Reserve and United States Digital Asset Stockpile,2025-03-06,Donald Trump,90 FR 11789
14234,Establishing the White House Task Force on the FIFA World Cup 2026,2025-03-07,Donald Trump,90 FR 11883
14235,Restoring Public Service Loan Forgiveness,2025-03-07,Donald Trump,90 FR 11885
14236,Additional Rescissions of Harmful Executive Orders and Actions,2025-03-14,Donald Trump,90 FR 13037
14237,Addressing Risks From Paul Weiss,2025-03-14,Donald Trump,90 FR 13039
14238,Continuing the Reduction of the Federal Bureaucracy,2025-03-14,Donald Trump,90 FR 13043
14239,Achieving Efficiency Through State and Local Preparedness,2025-03-18,Donald Trump,90 FR 13267
14240,Eliminating Waste and Saving Taxpayer Dollars by Consolidating Procurement,2025-03-20,Donald Trump,90 FR 13671
14241,Immediate Measures To Increase American Mineral Production,2025-03-20,Donald Trump,90 FR 13673
14242,"Improving Education Outcomes by Empowering Parents, States, and Communities",2025-03-20,Donald Trump,90 FR 13679
14243,"Stopping Waste, Fraud, and Abuse by Eliminating Information Silos",2025-03-20,Donald Trump,90 FR 13681
14244,Addressing Remedial Action by Paul Weiss,2025-03-21,Donald Trump,90 FR 13685
14245,Imposing Tariffs on Countries Importing Venezuelan Oil,2025-03-24,Donald Trump,90 FR 13829
14246,Addressing Risks From Jenner & Block,2025-03-25,Donald Trump,90 FR 13997
14247,Modernizing Payments To and From America's Bank Account,2025-03-25,Donald Trump,90 FR 14001
14248,Preserving and Protecting the Integrity of American Elections,2025-03-25,Donald Trump,90 FR 14005
14249,"Protecting America's Bank Account Against Fraud, Waste, and Abuse",2025-03-25,Donald Trump,90 FR 14011
14250,Addressing Risks From WilmerHale,2025-03-27,Donald Trump,90 FR 14549
14251,Exclusions From Federal Labor-Management Relations Programs,2025-03-27,Donald Trump,90 FR 14553
14252,Making the District of Columbia Safe and Beautiful,2025-03-27,Donald Trump,90 FR 14559
14253,Restoring Truth and Sanity to American History,2025-03-27,Donald Trump,90 FR 14563
14254,Combating Unfair Practices in the Live Entertainment Market,2025-03-31,Donald Trump,90 FR 14699
14255,Establishing the United States Investment Accelerator,2025-03-31,Donald Trump,90 FR 14701
14256,Further Amendment to Duties Addressing the Synthetic Opioid Supply Chain in the People's Republic of China as Applied to Low-Value Imports,2025-04-02,Donald Trump,90 FR 14899
14257,Regulating Imports With a Reciprocal Tariff To Rectify Trade Practices That Contribute to Large and Persistent Annual United States Goods Trade Deficits,2025-04-02,Donald Trump,90 FR 15041
14258,Extending the TikTok Enforcement Delay,2025-04-04,Donald Trump,90 FR 15209
14259,Amendment to Reciprocal Tariffs and Updated Duties as Applied to Low-Value Imports From the People's Republic of China,2025-04-08,Donald Trump,90 FR 15509
14260,Protecting American Energy From State Overreach,2025-04-08,Donald Trump,90 FR 15513
14261,Reinvigorating America's Beautiful Clean Coal Industry and Amending Executive Order 14241,2025-04-08,Donald Trump,90 FR 15517
14262,Strengthening the Reliability and Security of the United States Electric Grid,2025-04-08,Donald Trump,90 FR 15521
14263,Addressing Risks From Susman Godfrey,2025-04-09,Donald Trump,90 FR 15615
14264,Maintaining Acceptable Water Pressure in Showerheads,2025-04-09,Donald Trump,90 FR 15619
14265,Modernizing Defense Acquisitions and Spurring Innovation in the Defense Industrial Base,2025-04-09,Donald Trump,90 FR 15621
14266,Modifying Reciprocal Tariff Rates To Reflect Trading Partner Retaliation and Alignment,2025-04-09,Donald Trump,90 FR 15625
14267,Reducing Anti-Competitive Regulatory Barriers,2025-04-09,Donald Trump,90 FR 15629
14268,Reforming Foreign Defense Sales To Improve Speed and Accountability,2025-04-09,Donald Trump,90 FR 15631
14269,Restoring America's Maritime Dominance,2025-04-09,Donald Trump,90 FR 15635
14270,Zero-Based Regulatory Budgeting To Unleash American Energy,2025-04-09,Donald Trump,90 FR 15643
14271,"Ensuring Commercial, Cost-Effective Solutions in Federal Contracts",2025-04-15,Donald Trump,90 FR 16433
14272,Ensuring National Security and Economic Resilience Through Section 232 Actions on Processed Critical Minerals and Derivative Products,2025-04-15,Donald Trump,90 FR 16437
14273,Lowering Drug Prices by Once Again Putting Americans First,2025-04-15,Donald Trump,90 FR 16441
14274,Restoring Common Sense to Federal Office Space Management,2025-04-15,Donald Trump,90 FR 16445
14275,Restoring Common Sense to Federal Procurement,2025-04-15,Donald Trump,90 FR 16447
14276,Restoring American Seafood Competitiveness,2025-04-17,Donald Trump,90 FR 16993
14277,Advancing Artificial Intelligence Education for American Youth,2025-04-23,Donald Trump,90 FR 17519
14278,Preparing Americans for High-Paying Skilled Trade Jobs of the Future,2025-04-23,Donald Trump,90 FR 17525
14279,Reforming Accreditation To Strengthen Higher Education,2025-04-23,Donald Trump,90 FR 17529
14280,Reinstating Commonsense School Discipline Policies,2025-04-23,Donald Trump,90 FR 17533
14281,Restoring Equality of Opportunity and Meritocracy,2025-04-23,Donald Trump,90 FR 17537
14282,Transparency Regarding Foreign Influence at American Universities,2025-04-23,Donald Trump,90 FR 17541
14283,White House Initiative To Promote Excellence and Innovation at Historically Black Colleges and Universities,2025-04-23,Donald Trump,90 FR 17543
14284,Strengthening Probationary Periods in the Federal Service,2025-04-24,Donald Trump,90 FR 17729
14285,Unleashing America's Offshore Critical Minerals and Resources,2025-04-24,Donald Trump,90 FR 17735
14286,Enforcing Commonsense Rules of the Road for America's Truck Drivers,2025-04-28,Donald Trump,90 FR 18759
14287,Protecting American Communities From Criminal Aliens,2025-04-28,Donald Trump,90 FR 18761
14288,Strengthening and Unleashing America's Law Enforcement To Pursue Criminals and Protect Innocent Citizens,2025-04-28,Donald Trump,90 FR 18765
14289,Addressing Certain Tariffs on Imported Articles,2025-04-29,Donald Trump,90 FR 18907
14290,Ending Taxpayer Subsidization of Biased Media,2025-05-01,Donald Trump,90 FR 19415
14291,Establishment of the Religious Liberty Commission,2025-05-01,Donald Trump,90 FR 19417
14292,Improving the Safety and Security of Biological Research,2025-05-05,Donald Trump,90 FR 19611
14293,Regulatory Relief To Promote Domestic Production of Critical Medicines,2025-05-05,Donald Trump,90 FR 19615
14294,Fighting Overcriminalization in Federal Regulations,2025-05-09,Donald Trump,90 FR 20363
14295,Increasing Efficiency at the Office of the Federal Register,2025-05-09,Donald Trump,90 FR 20367
14296,Keeping Promises to Veterans and Establishing a National Center for Warrior Independence,2025-05-09,Donald Trump,90 FR 20369
14297,Delivering Most-Favored-Nation Prescription Drug Pricing to American Patients,2025-05-12,Donald Trump,90 FR 20749
14298,Modifying Reciprocal Tariff Rates To Reflect Discussions With the People's Republic of China,2025-05-12,Donald Trump,90 FR 21831
14299,Deploying Advanced Nuclear Reactor Technologies for National Security,2025-05-23,Donald Trump,90 FR 22581
14300,Ordering the Reform of the Nuclear Regulatory Commission,2025-05-23,Donald Trump,90 FR 22587
14301,Reforming Nuclear Reactor Testing at the Department of Energy,2025-05-23,Donald Trump,90 FR 22591
14302,Reinvigorating the Nuclear Industrial Base,2025-05-23,Donald Trump,90 FR 22595
14303,Restoring Gold Standard Science,2025-05-23,Donald Trump,90 FR 22601
14304,Leading the World in Supersonic Flight,2025-06-06,Donald Trump,90 FR 24717
14305,Restoring American Airspace Sovereignty,2025-06-06,Donald Trump,90 FR 24719
14306,Sustaining Select Efforts To Strengthen the Nation's Cybersecurity and Amending Executive Order 13694 and Executive Order 14144,2025-06-06,Donald Trump,90 FR 24723
14307,Unleashing American Drone Dominance,2025-06-06,Donald Trump,90 FR 24727
14308,Empowering Commonsense Wildfire Prevention and Response,2025-06-12,Donald Trump,90 FR 26175
14309,Implementing the General Terms of the United States of America-United Kingdom Economic Prosperity Deal,2025-06-16,Donald Trump,90 FR 26419
14310,Further Extending the TikTok Enforcement Delay,2025-06-19,Donald Trump,90 FR 26913
14311,Establishing a White House Office for Special Peace Missions,2025-06-30,Donald Trump,90 FR 29393
14312,Providing for the Revocation of Syria Sanctions,2025-06-30,Donald Trump,90 FR 29395
14313,Establishing the President's Make America Beautiful Again Commission,2025-07-03,Donald Trump,90 FR 30197
14314,Making America Beautiful Again by Improving Our National Parks,2025-07-03,Donald Trump,90 FR 30201
14315,"Ending Market Distorting Subsidies for Unreliable, Foreign-Controlled Energy Sources",2025-07-07,Donald Trump,90 FR 30821
14316,Extending the Modification of the Reciprocal Tariff Rates,2025-07-07,Donald Trump,90 FR 30823
14317,Creating Schedule G in the Excepted Service,2025-07-17,Donald Trump,90 FR 34753
14318,Accelerating Federal Permitting of Data Center Infrastructure,2025-07-23,Donald Trump,90 FR 35385
14319,Preventing Woke AI in the Federal Government,2025-07-23,Donald Trump,90 FR 35389
14320,Promoting the Export of the American AI Technology Stack,2025-07-23,Donald Trump,90 FR 35393
14321,Ending Crime and Disorder on America's Streets,2025-07-24,Donald Trump,90 FR 35817
14322,Saving College Sports,2025-07-24,Donald Trump,90 FR 35821
14323,Addressing Threats to the United States by the Government of Brazil,2025-07-30,Donald Trump,90 FR 37739
14324,Suspending Duty-Free De Minimis Treatment for All Countries,2025-07-30,Donald Trump,90 FR 37775
14325,Amendment to Duties To Address the Flow of Illicit Drugs Across Our Northern Border,2025-07-31,Donald Trump,90 FR 37957
14326,Further Modifying the Reciprocal Tariff Rates,2025-07-31,Donald Trump,90 FR 37963
14327,"President's Council on Sports, Fitness, and Nutrition, and the Reestablishment of the Presidential Fitness Test",2025-07-31,Donald Trump,90 FR 37993
14328,Establishing the White House Task Force on the 2028 Summer Olympics,2025-08-05,Donald Trump,90 FR 38597
14329,Addressing Threats to the United States by the Government of the Russian Federation,2025-08-06,Donald Trump,90 FR 38701
14330,Democratizing Access to Alternative Assets for 401(k) Investors,2025-08-07,Donald Trump,90 FR 38921
14331,Guaranteeing Fair Banking for All Americans,2025-08-07,Donald Trump,90 FR 38925
14332,Improving Oversight of Federal Grantmaking,2025-08-07,Donald Trump,90 FR 38929
14333,Declaring a Crime Emergency in the District of Columbia,2025-08-11,Donald Trump,90 FR 39301
14334,Further Modifying Reciprocal Tariff Rates To Reflect Ongoing Discussions With the People's Republic of China,2025-08-11,Donald Trump,90 FR 39305
14335,Enabling Competition in the Commercial Space Industry,2025-08-13,Donald Trump,90 FR 40219
14336,Ensuring American Pharmaceutical Supply Chain Resilience by Filling the Strategic Active Pharmaceutical Ingredients Reserve,2025-08-13,Donald Trump,90 FR 40223
14337,Revocation of Executive Order on Competition,2025-08-13,Donald Trump,90 FR 40227
14338,Improving Our Nation Through Better Design,2025-08-21,Donald Trump,90 FR 41759
14339,Additional Measures To Address the Crime Emergency in the District of Columbia,2025-08-25,Donald Trump,90 FR 42121
14340,Measures To End Cashless Bail and Enforce the Law in the District of Columbia,2025-08-25,Donald Trump,90 FR 42125
14341,Prosecuting Burning of the American Flag,2025-08-25,Donald Trump,90 FR 42127
14342,Taking Steps To End Cashless Bail To Protect Americans,2025-08-25,Donald Trump,90 FR 42129
14343,Further Exclusions From the Federal Labor- Management Relations Program,2025-08-28,Donald Trump,90 FR 42683
14344,Making Federal Architecture Beautiful Again,2025-08-28,Donald Trump,90 FR 42685
14345,Implementing the United States-Japan Agreement,2025-09-04,Donald Trump,90 FR 43535
14346,Modifying the Scope of Reciprocal Tariffs and Establishing Procedures for Implementing Trade and Security Agreements,2025-09-05,Donald Trump,90 FR 43737
14347,Restoring the United States Department of War,2025-09-05,Donald Trump,90 FR 43893
14348,Strengthening Efforts To Protect U.S. Nationals From Wrongful Detention Abroad,2025-09-05,Donald Trump,90 FR 43895
14349,Establishing an Emergency Board To Investigate Disputes Between the Long Island Rail Road Company and Certain of Its Employees Represented by Certain Labor Organizations,2025-09-16,Donald Trump,90 FR 45901
14350,Further Extending the TikTok Enforcement Delay,2025-09-16,Donald Trump,90 FR 45903
14351,The Gold Card,2025-09-19,Donald Trump,90 FR 46031
14352,Saving TikTok While Protecting National Security,2025-09-25,Donald Trump,90 FR 47219
14353,Assuring the Security of the State of Qatar,2025-09-29,Donald Trump,90 FR 48143
14354,Continuance of Certain Federal Advisory Committees,2025-09-29,Donald Trump,90 FR 48145
14355,Unlocking Cures for Pediatric Cancer With Artificial Intelligence,2025-09-30,Donald Trump,90 FR 48153
14356,Ensuring Continued Accountability in Federal Hiring,2025-10-15,Donald Trump,90 FR 48387
14357,Modifying Duties Addressing the Synthetic Opioid Supply Chain in the People's Republic of China,2025-11-04,Donald Trump,90 FR 50725
14358,Modifying Reciprocal Tariff Rates Consistent With the Economic and Trade Arrangement Between the United States and the People's Republic of China,2025-11-04,Donald Trump,90 FR 50729
14359,Fostering the Future for American Children and Families,2025-11-13,Donald Trump,90 FR 52227
14360,Modifying the Scope of the Reciprocal Tariffs With Respect to Certain Agricultural Products,2025-11-14,Donald Trump,90 FR 54091
14361,Modifying the Scope of Tariffs on the Government of Brazil,2025-11-20,Donald Trump,90 FR 54467
14362,Designation of Certain Muslim Brotherhood Chapters as Foreign Terrorist Organizations and Specially Designated Global Terrorists,2025-11-24,Donald Trump,90 FR 55033
14363,Launching the Genesis Mission,2025-11-24,Donald Trump,90 FR 55035
14364,Addressing Security Risks From Price Fixing and Anti-Competitive Behavior in the Food Supply Chain,2025-12-06,Donald Trump,90 FR 57349
14365,Ensuring a National Policy Framework for Artificial Intelligence,2025-12-11,Donald Trump,90 FR 58499
14366,Protecting American Investors From Foreign-Owned and Politically-Motivated Proxy Advisors,2025-12-11,Donald Trump,90 FR 58503
14367,Designating Fentanyl as a Weapon of Mass Destruction,2025-12-15,Donald Trump,90 FR 59365
14368,Adjustments of Certain Rates of Pay,2025-12-18,Donald Trump,90 FR 60521
14369,Ensuring American Space Superiority,2025-12-18,Donald Trump,90 FR 60537
14370,Increasing Medical Marijuana and Cannabidiol Research,2025-12-18,Donald Trump,90 FR 60541
14371,"Providing for the Closing of Executive Departments and Agencies of the Federal Government on December 24, 2025, and December 26, 2025",2025-12-18,Donald Trump,90 FR 60545
14372,Prioritizing the Warfighter in Defense Contracting,2026-01-07,Donald Trump,91 FR 1377
14373,Safeguarding Venezuelan Oil Revenue for the Good of the American and Venezuelan People,2026-01-09,Donald Trump,91 FR 2045
14374,Establishing a Second Emergency Board To Investigate Disputes Between the Long Island Rail Road Company and Certain of Its Employees Represented by Certain Labor Organizations,2026-01-14,Donald Trump,91 FR 2457
14375,"Designating the Board of Peace as a Public International Organization Entitled To Enjoy Certain Privileges, Exemptions, and Immunities",2026-01-16,Donald Trump,91 FR 2837
14376,Stopping Wall Street From Competing With Main Street Homebuyers,2026-01-20,Donald Trump,91 FR 3023
14377,Addressing State and Local Failures To Rebuild Los Angeles After Wildfire Disasters,2026-01-23,Donald Trump,91 FR 3989
14378,Continuance of the Federal Emergency Management Agency Review Council,2026-01-23,Donald Trump,91 FR 3993
14379,Addressing Addiction Through the Great American Recovery Initiative,2026-01-29,Donald Trump,91 FR 5081
14380,Addressing Threats to the United States by the Government of Cuba,2026-01-29,Donald Trump,91 FR 5085
14381,Celebrating American Greatness With American Motor Racing,2026-01-30,Donald Trump,91 FR 5211
14382,Addressing Threats to the United States by the Government of Iran,2026-02-06,Donald Trump,91 FR 6493
14383,Establishing an America First Arms Transfer Strategy,2026-02-06,Donald Trump,91 FR 6497
14384,Modifying Duties To Address Threats to the United States by the Government of the Russian Federation,2026-02-06,Donald Trump,91 FR 6501
14385,Protecting the National Security and Welfare of the United States and Its Citizens From Criminal Actors and Other Public Safety Threats,2026-02-06,Donald Trump,91 FR 6505
14386,Strengthening United States National Defense With America's Beautiful Clean Coal Power Generation Fleet,2026-02-11,Donald Trump,91 FR 7393
14387,Promoting the National Defense by Ensuring an Adequate Supply of Elemental Phosphorus and Glyphosate- Based Herbicides,2026-02-18,Donald Trump,91 FR 8703
14388,Continuing the Suspension of Duty-Free De Minimis Treatment for All Countries,2026-02-20,Donald Trump,91 FR 17839
14389,Ending Certain Tariff Actions,2026-02-20,Donald Trump,91 FR 9437
14390,"Combating Cybercrime, Fraud, and Predatory Schemes Against American Citizens",2026-03-06,Donald Trump,91 FR 12051
14391,Adjusting Certain Delegations Under the Defense Production Act,2026-03-13,Donald Trump,91 FR 13199
14392,Ensuring Truthful Advertising of Products Claiming To Be Made in America,2026-03-13,Donald Trump,91 FR 13201
14393,Promoting Access to Mortgage Credit,2026-03-13,Donald Trump,91 FR 13203
14394,Removing Regulatory Barriers to Affordable Home Construction,2026-03-13,Donald Trump,91 FR 13207
14395,Establishing the Task Force To Eliminate Fraud,2026-03-16,Donald Trump,91 FR 13485
14396,Preserving America's Game,2026-03-20,Donald Trump,91 FR 14639
14397,Further Continuance of the Federal Emergency Management Agency Review Council,2026-03-24,Donald Trump,91 FR 15509
14398,Addressing DEI Discrimination by Federal Contractors,2026-03-26,Donald Trump,91 FR 16147
14399,Ensuring Citizenship Verification and Integrity in Federal Elections,2026-03-31,Donald Trump,91 FR 17125
14400,Urgent National Action To Save College Sports,2026-04-03,Donald Trump,91 FR 18267
14401,Accelerating Medical Treatments for Serious Mental Illness,2026-04-18,Donald Trump,91 FR 21709
14402,"Promoting Efficiency, Accountability, and Performance in Federal Contracting",2026-04-30,Donald Trump,91 FR 24325
14403,Promoting Retirement-Savings Access for American Workers by Establishing TrumpIRA.gov,2026-04-30,Donald Trump,91 FR 24329
14404,Imposing Sanctions on Those Responsible for Repression in Cuba and for Threats to United States National Security and Foreign Policy,2026-05-01,Donald Trump,91 FR 25061
14405,Integrating Financial Technology Innovation Into Regulatory Frameworks,2026-05-19,Donald Trump,91 FR 30475
14406,Restoring Integrity to America's Financial System,2026-05-19,Donald Trump,91 FR 30479
14407,"Realigning United States Core Childhood Vaccine Recommendations With Best Practices From Peer, Developed Countries",2026-05-29,Donald Trump,91 FR 33575
14408,Removing Unnecessary and Counterproductive Restrictions on Access to Federal Lands,2026-05-29,Donald Trump,91 FR 33577
14409,Promoting Advanced Artificial Intelligence Innovation and Security,2026-06-02,Donald Trump,91 FR 34565
14410,Implementing Schedule Policy/Career in the Excepted Service,2026-06-03,Donald Trump,91 FR 34893
14411,Strengthening Customs Enforcement,2026-06-03,Donald Trump,91 FR 35125
14412,Securing the Nation Against Advanced Cryptographic Attacks,2026-06-22,Donald Trump,91 FR 38483
14413,Ushering in the Next Frontier of Quantum Innovation,2026-06-22,Donald Trump,91 FR 38487
14414,Advancing Regenerative Agriculture and Strengthening American Farm Resilience,2026-06-25,Donald Trump,91 FR 39841
14415,Securing America's Defense Supply Chains and Ensuring Domestic Acquisition of Critical Materials,2026-07-20,Donald Trump,91 FR 46693
14416,Restoring Trust in the Smithsonian Institution,2026-07-24,Donald Trump,91 FR 47925
14417,Establishing the President's Military Spouse Commission,2026-08-03,Donald Trump,91 FR 51059
14418,Continuing To Protect the Meaning and Value of American Citizenship,2026-08-06,Donald Trump,91 FR 51991
14419,Ending Birth Tourism,2026-08-06,Donald Trump,91 FR 51993
14420,Delivering Gold Standard Childhood Vaccine Recommendations for Americans,2026-08-10,Donald Trump,91 FR 53173
