eo_number,window,source
9,nara_codification,nara-codification-index
170,nara_codification,nara-codification-index
171,nara_codification,nara-codification-index
194,nara_codification,nara-codification-index
279,nara_codification,nara-codification-index
283,nara_codification,nara-codification-index
294,nara_codification,nara-codification-index
314,nara_codification,nara-codification-index
359,nara_codification,nara-codification-index
458,nara_codification,nara-codification-index
493,nara_codification,nara-codification-index
495,nara_codification,nara-codification-index
589,nara_codification,nara-codification-index
641,nara_codification,nara-codification-index
653,nara_codification,nara-codification-index
661,nara_codification,nara-codification-index
715,nara_codification,nara-codification-index
723,nara_codification,nara-codification-index
724,nara_codification,nara-codification-index
758,nara_codification,nara-codification-index
982,nara_codification,nara-codification-index
983,nara_codification,nara-codification-index
1008,nara_codification,nara-codification-index
1032,nara_codification,nara-codification-index
1065,nara_codification,nara-codification-index
1072,nara_codification,nara-codification-index
1076,nara_codification,nara-codification-index
1118,nara_codification,nara-codification-index
1137,nara_codification,nara-codification-index
1153,nara_codification,nara-codification-index
1175,nara_codification,nara-codification-index
1210,nara_codification,nara-codification-index
1242,nara_codification,nara-codification-index
1277,nara_codification,nara-codification-index
1362,nara_codification,nara-codification-index
1390,nara_codification,nara-codification-index
1439,nara_codification,nara-codification-index
1472,nara_codification,nara-codification-index
1486,nara_codification,nara-codification-index
1556,nara_codification,nara-codification-index
1559,nara_codification,nara-codification-index
1583,nara_codification,nara-codification-index
1624,nara_codification,nara-codification-index
1637,nara_codification,nara-codification-index
1712,nara_codification,nara-codification-index
1776,nara_codification,nara-codification-index
1778,nara_codification,nara-codification-index
1888,nara_codification,nara-codification-index
1930,nara_codification,nara-codification-index
1947,nara_codification,nara-codification-index
1950,nara_codification,nara-codification-index
1991,nara_codification,nara-codification-index
2071,nara_codification,nara-codification-index
2119,nara_codification,nara-codification-index
2154,nara_codification,nara-codification-index
2164,nara_codification,nara-codification-index
2178,nara_codification,nara-codification-index
2246,nara_codification,nara-codification-index
2252,nara_codification,nara-codification-index
2262,nara_codification,nara-codification-index
2323,nara_codification,nara-codification-index
2325,nara_codification,nara-codification-index
2335,nara_codification,nara-codification-index
2357,nara_codification,nara-codification-index
2382,nara_codification,nara-codification-index
2390,nara_codification,nara-codification-index
2406,nara_codification,nara-codification-index
2414,nara_codification,nara-codification-index
2458,nara_codification,nara-codification-index
2463,nara_codification,nara-codification-index
2464,nara_codification,nara-codification-index
2483,nara_codification,nara-codification-index
2514,nara_codification,nara-codification-index
2560,nara_codification,nara-codification-index
2566,nara_codification,nara-codification-index
2581,nara_codification,nara-codification-index
2596,nara_codification,nara-codification-index
2600,nara_codification,nara-codification-index
2602,nara_codification,nara-codification-index
2614,nara_codification,nara-codification-index
2617,nara_codification,nara-codification-index
2628,nara_codification,nara-codification-index
2659,nara_codification,nara-codification-index
2694,nara_codification,nara-codification-index
2716,nara_codification,nara-codification-index
2721,nara_codification,nara-codification-index
2732,nara_codification,nara-codification-index
2733,nara_codification,nara-codification-index
2734,nara_codification,nara-codification-index
2740,nara_codification,nara-codification-index
2741,nara_codification,nara-codification-index
2742,nara_codification,nara-codification-index
2752,nara_codification,nara-codification-index
2754,nara_codification,nara-codification-index
2756,nara_codification,nara-codification-index
2761,nara_codification,nara-codification-index
2762,nara_codification,nara-codification-index
2763,nara_codification,nara-codification-index
2766,nara_codification,nara-codification-index
2768,nara_codification,nara-codification-index
2786,nara_codification,nara-codification-index
2794,nara_codification,nara-codification-index
2800,nara_codification,nara-codification-index
2808,nara_codification,nara-codification-index
2819,nara_codification,nara-codification-index
2821,nara_codification,nara-codification-index
2822,nara_codification,nara-codification-index
2828,nara_codification,nara-codification-index
2829,nara_codification,nara-codification-index
2833,nara_codification,nara-codification-index
2834,nara_codification,nara-codification-index
2852,nara_codification,nara-codification-index
2859,nara_codification,nara-codification-index
2870,nara_codification,nara-codification-index
2875,nara_codification,nara-codification-index
2876,nara_codification,nara-codification-index
2892,nara_codification,nara-codification-index
2900,nara_codification,nara-codification-index
2901,nara_codification,nara-codification-index
2919,nara_codification,nara-codification-index
2921,nara_codification,nara-codification-index
2932,nara_codification,nara-codification-index
2960,nara_codification,nara-codification-index
2975,nara_codification,nara-codification-index
2993,nara_codification,nara-codification-index
2995,nara_codification,nara-codification-index
2996,nara_codification,nara-codification-index
3005,nara_codification,nara-codification-index
3011,nara_codification,nara-codification-index
3058,nara_codification,nara-codification-index
3070,nara_codification,nara-codification-index
3083,nara_codification,nara-codification-index
3088,nara_codification,nara-codification-index
3108,nara_codification,nara-codification-index
3157,nara_codification,nara-codification-index
3158,nara_codification,nara-codification-index
3193,nara_codification,nara-codification-index
3206,nara_codification,nara-codification-index
3215,nara_codification,nara-codification-index
3231,nara_codification,nara-codification-index
3232,nara_codification,nara-codification-index
3246,nara_codification,nara-codification-index
3294,nara_codification,nara-codification-index
3313,nara_codification,nara-codification-index
3326,nara_codification,nara-codification-index
3358,nara_codification,nara-codification-index
3359,nara_codification,nara-codification-index
3375,nara_codification,nara-codification-index
3391,nara_codification,nara-codification-index
3427,nara_codification,nara-codification-index
3457,nara_codification,nara-codification-index
3461,nara_codification,nara-codification-index
3468,nara_codification,nara-codification-index
3505,nara_codification,nara-codification-index
3513,nara_codification,nara-codification-index
3550,nara_codification,nara-codification-index
3555,nara_codification,nara-codification-index
3562,nara_codification,nara-codification-index
3577,nara_codification,nara-codification-index
3578,nara_codification,nara-codification-index
3597,nara_codification,nara-codification-index
3629,nara_codification,nara-codification-index
3668,nara_codification,nara-codification-index
3689,nara_codification,nara-codification-index
3696,nara_codification,nara-codification-index
3718,nara_codification,nara-codification-index
3725,nara_codification,nara-codification-index
3731,nara_codification,nara-codification-index
3771,nara_codification,nara-codification-index
3820,nara_codification,nara-codification-index
3860,nara_codification,nara-codification-index
3862,nara_codification,nara-codification-index
3899,nara_codification,nara-codification-index
3900,nara_codification,nara-codification-index
3904,nara_codification,nara-codification-index
3941,nara_codification,nara-codification-index
3973,nara_codification,nara-codification-index
3987,nara_codification,nara-codification-index
4013,nara_codification,nara-codification-index
4022,nara_codification,nara-codification-index
4027,nara_codification,nara-codification-index
4030,nara_codification,nara-codification-index
4032,nara_codification,nara-codification-index
4036,nara_codification,nara-codification-index
4048,nara_codification,nara-codification-index
4049,nara_codification,nara-codification-index
4059,nara_codification,nara-codification-index
4086,nara_codification,nara-codification-index
4109,nara_codification,nara-codification-index
4124,nara_codification,nara-codification-index
4125,nara_codification,nara-codification-index
4143,nara_codification,nara-codification-index
4182,nara_codification,nara-codification-index
4185,nara_codification,nara-codification-index
4203,nara_codification,nara-codification-index
4220,nara_codification,nara-codification-index
4225,nara_codification,nara-codification-index
4250,nara_codification,nara-codification-index
4255,nara_codification,nara-codification-index
4262,nara_codification,nara-codification-index
4274,nara_codification,nara-codification-index
4314,nara_codification,nara-codification-index
4321,nara_codification,nara-codification-index
4351,nara_codification,nara-codification-index
4372,nara_codification,nara-codification-index
4401,nara_codification,nara-codification-index
4409,nara_codification,nara-codification-index
4430,nara_codification,nara-codification-index
4436,nara_codification,nara-codification-index
4439,nara_codification,nara-codification-index
4446,nara_codification,nara-codification-index
4463,nara_codification,nara-codification-index
4465,nara_codification,nara-codification-index
4467,nara_codification,nara-codification-index
4476,nara_codification,nara-codification-index
4485,nara_codification,nara-codification-index
4487,nara_codification,nara-codification-index
4488,nara_codification,nara-codification-index
4489,nara_codification,nara-codification-index
4523,nara_codification,nara-codification-index
4524,nara_codification,nara-codification-index
4527,nara_codification,nara-codification-index
4530,nara_codification,nara-codification-index
4535,nara_codification,nara-codification-index
4547,nara_codification,nara-codification-index
4552,nara_codification,nara-codification-index
4574,nara_codification,nara-codification-index
4577,nara_codification,nara-codification-index
4589,nara_codification,nara-codification-index
4601,nara_codification,nara-codification-index
4610,nara_codification,nara-codification-index
4627,nara_codification,nara-codification-index
4629,nara_codification,nara-codification-index
4648,nara_codification,nara-codification-index
4681,nara_codification,nara-codification-index
4690,nara_codification,nara-codification-index
4701,nara_codification,nara-codification-index
4705,nara_codification,nara-codification-index
4721,nara_codification,nara-codification-index
4728,nara_codification,nara-codification-index
4813,nara_codification,nara-codification-index
4815,nara_codification,nara-codification-index
4833,nara_codification,nara-codification-index
4860,nara_codification,nara-codification-index
4872,nara_codification,nara-codification-index
4879,nara_codification,nara-codification-index
4892,nara_codification,nara-codification-index
4893,nara_codification,nara-codification-index
4923,nara_codification,nara-codification-index
4943,nara_codification,nara-codification-index
5001,nara_codification,nara-codification-index
5022,nara_codification,nara-codification-index
5032,nara_codification,nara-codification-index
5038,nara_codification,nara-codification-index
5065,nara_codification,nara-codification-index
5110,nara_codification,nara-codification-index
5133,nara_codification,nara-codification-index
5187,nara_codification,nara-codification-index
5188,nara_codification,nara-codification-index
5189,nara_codification,nara-codification-index
5191,nara_codification,nara-codification-index
5211,nara_codification,nara-codification-index
5220,nara_codification,nara-codification-index
5221,nara_codification,nara-codification-index
5226,nara_codification,nara-codification-index
5256,nara_codification,nara-codification-index
5268,nara_codification,nara-codification-index
5281,nara_codification,nara-codification-index
5288,nara_codification,nara-codification-index
5290,nara_codification,nara-codification-index
5295,nara_codification,nara-codification-index
5345,nara_codification,nara-codification-index
5366,nara_codification,nara-codification-index
5375,nara_codification,nara-codification-index
5386,nara_codification,nara-codification-index
5398,nara_codification,nara-codification-index
5414,nara_codification,nara-codification-index
5417,nara_codification,nara-codification-index
5426,nara_codification,nara-codification-index
5463,nara_codification,nara-codification-index
5468,nara_codification,nara-codification-index
5469,nara_codification,nara-codification-index
5487,nara_codification,nara-codification-index
5491,nara_codification,nara-codification-index
5526,nara_codification,nara-codification-index
5549,nara_codification,nara-codification-index
5565,nara_codification,nara-codification-index
5602,nara_codification,nara-codification-index
5612,nara_codification,nara-codification-index
5614,nara_codification,nara-codification-index
5621,nara_codification,nara-codification-index
5624,nara_codification,nara-codification-index
5627,nara_codification,nara-codification-index
5636,nara_codification,nara-codification-index
5642,nara_codification,nara-codification-index
5648,nara_codification,nara-codification-index
5658,nara_codification,nara-codification-index
5661,nara_codification,nara-codification-index
5666,nara_codification,nara-codification-index
5700,nara_codification,nara-codification-index
5707,nara_codification,nara-codification-index
5710,nara_codification,nara-codification-index
5737,nara_codification,nara-codification-index
5771,nara_codification,nara-codification-index
5773,nara_codification,nara-codification-index
5786,nara_codification,nara-codification-index
5812,nara_codification,nara-codification-index
5814,nara_codification,nara-codification-index
5818,nara_codification,nara-codification-index
5825,nara_codification,nara-codification-index
5837,nara_codification,nara-codification-index
5848,nara_codification,nara-codification-index
5857,nara_codification,nara-codification-index
5860,nara_codification,nara-codification-index
5865,nara_codification,nara-codification-index
5869,nara_codification,nara-codification-index
5910,nara_codification,nara-codification-index
5918,nara_codification,nara-codification-index
5924,nara_codification,nara-codification-index
5952,nara_codification,nara-codification-index
5956,nara_codification,nara-codification-index
5973,nara_codification,nara-codification-index
6017,nara_codification,nara-codification-index
6051,nara_codification,nara-codification-index
6073,nara_codification,nara-codification-index
6102,nara_codification,nara-codification-index
6108,nara_codification,nara-codification-index
6111,nara_codification,nara-codification-index
6128,nara_codification,nara-codification-index
6143,nara_codification,nara-codification-index
6166,nara_codification,nara-codification-index
6167,nara_codification,nara-codification-index
6226,nara_codification,nara-codification-index
6247,nara_codification,nara-codification-index
6259,nara_codification,nara-codification-index
6260,nara_codification,nara-codification-index
6261,nara_codification,nara-codification-index
6262,nara_codification,nara-codification-index
6276,nara_codification,nara-codification-index
6359,nara_codification,nara-codification-index
6362,nara_codification,nara-codification-index
6444,nara_codification,nara-codification-index
6497,nara_codification,nara-codification-index
6518,nara_codification,nara-codification-index
6550,nara_codification,nara-codification-index
6556,nara_codification,nara-codification-index
6558,nara_codification,nara-codification-index
6559,nara_codification,nara-codification-index
6560,nara_codification,nara-codification-index
6570,nara_codification,nara-codification-index
6584,nara_codification,nara-codification-index
6586,nara_codification,nara-codification-index
6588,nara_codification,nara-codification-index
6596,nara_codification,nara-codification-index
6605,nara_codification,nara-codification-index
6607,nara_codification,nara-codification-index
6623,nara_codification,nara-codification-index
6639,nara_codification,nara-codification-index
6650,nara_codification,nara-codification-index
6657,nara_codification,nara-codification-index
6694,nara_codification,nara-codification-index
6715,nara_codification,nara-codification-index
6722,nara_codification,nara-codification-index
6728,nara_codification,nara-codification-index
6750,nara_codification,nara-codification-index
6779,nara_codification,nara-codification-index
6780,nara_codification,nara-codification-index
6783,nara_codification,nara-codification-index
6810,nara_codification,nara-codification-index
6824,nara_codification,nara-codification-index
6850,nara_codification,nara-codification-index
6868,nara_codification,nara-codification-index
6869,nara_codification,nara-codification-index
6880,nara_codification,nara-codification-index
6886,nara_codification,nara-codification-index
6888,nara_codification,nara-codification-index
6909,nara_codification,nara-codification-index
6910,nara_codification,nara-codification-index
6918,nara_codification,nara-codification-index
6928,nara_codification,nara-codification-index
6935,nara_codification,nara-codification-index
6938,nara_codification,nara-codification-index
6942,nara_codification,nara-codification-index
6950,nara_codification,nara-codification-index
6958,nara_codification,nara-codification-index
6964,nara_codification,nara-codification-index
6979,nara_codification,nara-codification-index
6981,nara_codification,nara-codification-index
6986,nara_codification,nara-codification-index
6987,nara_codification,nara-codification-index
7010,nara_codification,nara-codification-index
7012,nara_codification,nara-codification-index
7013,nara_codification,nara-codification-index
7021,nara_codification,nara-codification-index
7023,nara_codification,nara-codification-index
7026,nara_codification,nara-codification-index
7034,nara_codification,nara-codification-index
7035,nara_codification,nara-codification-index
7045,nara_codification,nara-codification-index
7048,nara_codification,nara-codification-index
7057,nara_codification,nara-codification-index
7081,nara_codification,nara-codification-index
7098,nara_codification,nara-codification-index
7108,nara_codification,nara-codification-index
7114,nara_codification,nara-codification-index
7126,nara_codification,nara-codification-index
7138,nara_codification,nara-codification-index
7146,nara_codification,nara-codification-index
7150,nara_codification,nara-codification-index
7165,nara_codification,nara-codification-index
7172,nara_codification,nara-codification-index
7174,nara_codification,nara-codification-index
7178,nara_codification,nara-codification-index
7180,nara_codification,nara-codification-index
7182,nara_codification,nara-codification-index
7198,nara_codification,nara-codification-index
7207,nara_codification,nara-codification-index
7211,nara_codification,nara-codification-index
7220,nara_codification,nara-codification-index
7224,nara_codification,nara-codification-index
7235,nara_codification,nara-codification-index
7245,nara_codification,nara-codification-index
7246,nara_codification,nara-codification-index
7256,nara_codification,nara-codification-index
7262,nara_codification,nara-codification-index
7266,nara_codification,nara-codification-index
7267,nara_codification,nara-codification-index
7270,nara_codification,nara-codification-index
7274,nara_codification,nara-codification-index
7277,nara_codification,nara-codification-index
7289,nara_codification,nara-codification-index
7293,nara_codification,nara-codification-index
7298,nara_codification,nara-codification-index
7303,nara_codification,nara-codification-index
7311,nara_codification,nara-codification-index
7312,nara_codification,nara-codification-index
7330,nara_codification,nara-codification-index
7332,nara_codification,nara-codification-index
7337,nara_codification,nara-codification-index
7359,nara_codification,nara-codification-index
7363,nara_codification,nara-codification-index
7364,nara_codification,nara-codification-index
7369,nara_codification,nara-codification-index
7373,nara_codification,nara-codification-index
7379,nara_codification,nara-codification-index
7388,nara_codification,nara-codification-index
7397,nara_codification,nara-codification-index
7402,nara_codification,nara-codification-index
7403,nara_codification,nara-codification-index
7417,nara_codification,nara-codification-index
7425,nara_codification,nara-codification-index
7430,nara_codification,nara-codification-index
7435,nara_codification,nara-codification-index
7439,nara_codification,nara-codification-index
7441,nara_codification,nara-codification-index
7442,nara_codification,nara-codification-index
7443,nara_codification,nara-codification-index
7449,nara_codification,nara-codification-index
7465,nara_codification,nara-codification-index
7470,nara_codification,nara-codification-index
7491,nara_codification,nara-codification-index
7493,nara_codification,nara-codification-index
7497,nara_codification,nara-codification-index
7500,nara_codification,nara-codification-index
7502,nara_codification,nara-codification-index
7503,nara_codification,nara-codification-index
7504,nara_codification,nara-codification-index
7505,nara_codification,nara-codification-index
7509,nara_codification,nara-codification-index
7510,nara_codification,nara-codification-index
7515,nara_codification,nara-codification-index
7520,nara_codification,nara-codification-index
7522,nara_codification,nara-codification-index
7523,nara_codification,nara-codification-index
7543,nara_codification,nara-codification-index
7544,nara_codification,nara-codification-index
7547,nara_codification,nara-codification-index
7548,nara_codification,nara-codification-index
7554,nara_codification,nara-codification-index
7555,nara_codification,nara-codification-index
7558,nara_codification,nara-codification-index
7577,nara_codification,nara-codification-index
7599,nara_codification,nara-codification-index
7600,nara_codification,nara-codification-index
7616,nara_codification,nara-codification-index
7628,nara_codification,nara-codification-index
7636,nara_codification,nara-codification-index
7647,nara_codification,nara-codification-index
7648,nara_codification,nara-codification-index
7655,nara_codification,nara-codification-index
7658,nara_codification,nara-codification-index
7662,nara_codification,nara-codification-index
7664,nara_codification,nara-codification-index
7669,nara_codification,nara-codification-index
7670,nara_codification,nara-codification-index
7671,nara_codification,nara-codification-index
7672,nara_codification,nara-codification-index
7673,nara_codification,nara-codification-index
7674,nara_codification,nara-codification-index
7675,nara_codification,nara-codification-index
7677,nara_codification,nara-codification-index
7689,nara_codification,nara-codification-index
7693,nara_codification,nara-codification-index
7695,nara_codification,nara-codification-index
7707,nara_codification,nara-codification-index
7713,nara_codification,nara-codification-index
7722,nara_codification,nara-codification-index
7729,nara_codification,nara-codification-index
7734,nara_codification,nara-codification-index
7736,nara_codification,nara-codification-index
7740,nara_codification,nara-codification-index
7744,nara_codification,nara-codification-index
7747,nara_codification,nara-codification-index
7756,nara_codification,nara-codification-index
7760,nara_codification,nara-codification-index
7766,nara_codification,nara-codification-index
7785,nara_codification,nara-codification-index
7786,nara_codification,nara-codification-index
7795,nara_codification,nara-codification-index
7796,nara_codification,nara-codification-index
7797,nara_codification,nara-codification-index
7803,nara_codification,nara-codification-index
7813,nara_codification,nara-codification-index
7814,nara_codification,nara-codification-index
7823,nara_codification,nara-codification-index
7826,nara_codification,nara-codification-index
7831,nara_codification,nara-codification-index
7856,nara_codification,nara-codification-index
7865,nara_codification,nara-codification-index
7866,nara_codification,nara-codification-index
7867,nara_codification,nara-codification-index
7883,nara_codification,nara-codification-index
7895,nara_codification,nara-codification-index
7896,nara_codification,nara-codification-index
7900,nara_codification,nara-codification-index
7908,nara_codification,nara-codification-index
7910,nara_codification,nara-codification-index
7915,nara_codification,nara-codification-index
7916,nara_codification,nara-codification-index
7921,nara_codification,nara-codification-index
7925,nara_codification,nara-codification-index
7926,nara_codification,nara-codification-index
7944,nara_codification,nara-codification-index
7951,nara_codification,nara-codification-index
7955,nara_codification,nara-codification-index
7960,nara_codification,nara-codification-index
7962,nara_codification,nara-codification-index
7968,nara_codification,nara-codification-index
7972,nara_codification,nara-codification-index
7985,nara_codification,nara-codification-index
7993,nara_codification,nara-codification-index
8010,nara_codification,nara-codification-index
8013,nara_codification,nara-codification-index
8016,nara_codification,nara-codification-index
8018,nara_codification,nara-codification-index
8021,nara_codification,nara-codification-index
8029,nara_codification,nara-codification-index
8031,nara_codification,nara-disposition-1939
8032,nara_codification,nara-disposition-1939
8033,nara_codification,nara-disposition-1939
8034,nara_codification,nara-disposition-1939
8035,nara_codification,nara-disposition-1939
8036,nara_codification,nara-disposition-1939
8037,nara_codification,nara-disposition-1939
8038,nara_codification,nara-disposition-1939
8039,nara_codification,nara-disposition-1939
8040,nara_codification,nara-disposition-1939
8041,nara_codification,nara-disposition-1939
8042,nara_codification,nara-disposition-1939
8043,nara_codification,nara-disposition-1939
8044,nara_codification,nara-disposition-1939
8045,nara_codification,nara-disposition-1939
8046,nara_codification,nara-disposition-1939
8047,nara_codification,nara-disposition-1939
8048,nara_codification,nara-disposition-1939
8049,nara_codification,nara-disposition-1939
8050,nara_codification,nara-disposition-1939
8051,nara_codification,nara-disposition-1939
8052,nara_codification,nara-disposition-1939
8053,nara_codification,nara-disposition-1939
8054,nara_codification,nara-disposition-1939
8055,nara_codification,nara-disposition-1939
8056,nara_codification,nara-disposition-1939
8057,nara_codification,nara-disposition-1939
8058,nara_codification,nara-disposition-1939
8059,nara_codification,nara-disposition-1939
8060,nara_codification,nara-disposition-1939
8061,nara_codification,nara-disposition-1939
8062,nara_codification,nara-disposition-1939
8063,nara_codification,nara-disposition-1939
8064,nara_codification,nara-disposition-1939
8065,nara_codification,nara-disposition-1939
8066,nara_codification,nara-disposition-1939
8067,nara_codification,nara-disposition-1939
8068,nara_codification,nara-disposition-1939
8069,nara_codification,nara-disposition-1939
8070,nara_codification,nara-disposition-1939
8071,nara_codification,nara-disposition-1939
8072,nara_codification,nara-disposition-1939
8073,nara_codification,nara-disposition-1939
8074,nara_codification,nara-disposition-1939
8075,nara_codification,nara-disposition-1939
8076,nara_codification,nara-disposition-1939
8077,nara_codification,nara-disposition-1939
8078,nara_codification,nara-disposition-1939
8079,nara_codification,nara-disposition-1939
8080,nara_codification,nara-disposition-1939
8081,nara_codification,nara-disposition-1939
8082,nara_codification,nara-disposition-1939
8083,nara_codification,nara-disposition-1939
8084,nara_codification,nara-disposition-1939
8085,nara_codification,nara-disposition-1939
8086,nara_codification,nara-disposition-1939
8087,nara_codification,nara-disposition-1939
8088,nara_codification,nara-disposition-1939
8089,nara_codification,nara-disposition-1939
8090,nara_codification,nara-disposition-1939
8091,nara_codification,nara-disposition-1939
8092,nara_codification,nara-disposition-1939
8093,nara_codification,nara-disposition-1939
8094,nara_codification,nara-disposition-1939
8095,nara_codification,nara-disposition-1939
8096,nara_codification,nara-disposition-1939
8097,nara_codification,nara-disposition-1939
8098,nara_codification,nara-disposition-1939
8099,nara_codification,nara-disposition-1939
8100,nara_codification,nara-disposition-1939
8101,nara_codification,nara-disposition-1939
8102,nara_codification,nara-disposition-1939
8103,nara_codification,nara-disposition-1939
8104,nara_codification,nara-disposition-1939
8105,nara_codification,nara-disposition-1939
8106,nara_codification,nara-disposition-1939
8107,nara_codification,nara-disposition-1939
8108,nara_codification,nara-disposition-1939
8109,nara_codification,nara-disposition-1939
8110,nara_codification,nara-disposition-1939
8111,nara_codification,nara-disposition-1939
8112,nara_codification,nara-disposition-1939
8113,nara_codification,nara-disposition-1939
8114,nara_codification,nara-disposition-1939
8115,nara_codification,nara-disposition-1939
8116,nara_codification,nara-disposition-1939
8117,nara_codification,nara-disposition-1939
8118,nara_codification,nara-disposition-1939
8119,nara_codification,nara-disposition-1939
8120,nara_codification,nara-disposition-1939
8121,nara_codification,nara-disposition-1939
8122,nara_codification,nara-disposition-1939
8123,nara_codification,nara-disposition-1939
8124,nara_codification,nara-disposition-1939
8125,nara_codification,nara-disposition-1939
8126,nara_codification,nara-disposition-1939
8127,nara_codification,nara-disposition-1939
8128,nara_codification,nara-disposition-1939
8129,nara_codification,nara-disposition-1939
8130,nara_codification,nara-disposition-1939
8131,nara_codification,nara-disposition-1939
8132,nara_codification,nara-disposition-1939
8133,nara_codification,nara-disposition-1939
8134,nara_codification,nara-disposition-1939
8135,nara_codification,nara-disposition-1939
8136,nara_codification,nara-disposition-1939
8137,nara_codification,nara-disposition-1939
8138,nara_codification,nara-disposition-1939
8139,nara_codification,nara-disposition-1939
8140,nara_codification,nara-disposition-1939
8141,nara_codification,nara-disposition-1939
8142,nara_codification,nara-disposition-1939
8143,nara_codification,nara-disposition-1939
8144,nara_codification,nara-disposition-1939
8145,nara_codification,nara-disposition-1939
8146,nara_codification,nara-disposition-1939
8147,nara_codification,nara-disposition-1939
8148,nara_codification,nara-disposition-1939
8149,nara_codification,nara-disposition-1939
8150,nara_codification,nara-disposition-1939
8151,nara_codification,nara-disposition-1939
8152,nara_codification,nara-disposition-1939
8153,nara_codification,nara-disposition-1939
8154,nara_codification,nara-disposition-1939
8155,nara_codification,nara-disposition-1939
8156,nara_codification,nara-disposition-1939
8157,nara_codification,nara-disposition-1939
8158,nara_codification,nara-disposition-1939
8159,nara_codification,nara-disposition-1939
8160,nara_codification,nara-disposition-1939
8161,nara_codification,nara-disposition-1939
8162,nara_codification,nara-disposition-1939
8163,nara_codification,nara-disposition-1939
8164,nara_codification,nara-disposition-1939
8165,nara_codification,nara-disposition-1939
8166,nara_codification,nara-disposition-1939
8167,nara_codification,nara-disposition-1939
8168,nara_codification,nara-disposition-1939
8169,nara_codification,nara-disposition-1939
8170,nara_codification,nara-disposition-1939
8171,nara_codification,nara-disposition-1939
8172,nara_codification,nara-disposition-1939
8173,nara_codification,nara-disposition-1939
8174,nara_codification,nara-disposition-1939
8175,nara_codification,nara-disposition-1939
8176,nara_codification,nara-disposition-1939
8177,nara_codification,nara-disposition-1939
8178,nara_codification,nara-disposition-1939
8179,nara_codification,nara-disposition-1939
8180,nara_codification,nara-disposition-1939
8181,nara_codification,nara-disposition-1939
8182,nara_codification,nara-disposition-1939
8183,nara_codification,nara-disposition-1939
8184,nara_codification,nara-disposition-1939
8185,nara_codification,nara-disposition-1939
8186,nara_codification,nara-disposition-1939
8187,nara_codification,nara-disposition-1939
8188,nara_codification,nara-disposition-1939
8189,nara_codification,nara-disposition-1939
8190,nara_codification,nara-disposition-1939
8191,nara_codification,nara-disposition-1939
8192,nara_codification,nara-disposition-1939
8193,nara_codification,nara-disposition-1939
8194,nara_codification,nara-disposition-1939
8195,nara_codification,nara-disposition-1939
8196,nara_codification,nara-disposition-1939
8197,nara_codification,nara-disposition-1939
8198,nara_codification,nara-disposition-1939
8199,nara_codification,nara-disposition-1939
8200,nara_codification,nara-disposition-1939
8201,nara_codification,nara-disposition-1939
8202,nara_codification,nara-disposition-1939
8203,nara_codification,nara-disposition-1939
8204,nara_codification,nara-disposition-1939
8205,nara_codification,nara-disposition-1939
8206,nara_codification,nara-disposition-1939
8207,nara_codification,nara-disposition-1939
8208,nara_codification,nara-disposition-1939
8209,nara_codification,nara-disposition-1939
8210,nara_codification,nara-disposition-1939
8211,nara_codification,nara-disposition-1939
8212,nara_codification,nara-disposition-1939
8213,nara_codification,nara-disposition-1939
8214,nara_codification,nara-disposition-1939
8215,nara_codification,nara-disposition-1939
8216,nara_codification,nara-disposition-1939
8217,nara_codification,nara-disposition-1939
8218,nara_codification,nara-disposition-1939
8219,nara_codification,nara-disposition-1939
8220,nara_codification,nara-disposition-1939
8221,nara_codification,nara-disposition-1939
8222,nara_codification,nara-disposition-1939
8223,nara_codification,nara-disposition-1939
8224,nara_codification,nara-disposition-1939
8225,nara_codification,nara-disposition-1939
8226,nara_codification,nara-disposition-1939
8227,nara_codification,nara-disposition-1939
8228,nara_codification,nara-disposition-1939
8229,nara_codification,nara-disposition-1939
8230,nara_codification,nara-disposition-1939
8231,nara_codification,nara-disposition-1939
8232,nara_codification,nara-disposition-1939
8233,nara_codification,nara-disposition-1939
8234,nara_codification,nara-disposition-1939
8235,nara_codification,nara-disposition-1939
8236,nara_codification,nara-disposition-1939
8237,nara_codification,nara-disposition-1939
8238,nara_codification,nara-disposition-1939
8239,nara_codification,nara-disposition-1939
8240,nara_codification,nara-disposition-1939
8241,nara_codification,nara-disposition-1939
8242,nara_codification,nara-disposition-1939
8243,nara_codification,nara-disposition-1939
8244,nara_codification,nara-disposition-1939
8245,nara_codification,nara-disposition-1939
8246,nara_codification,nara-disposition-1939
8247,nara_codification,nara-disposition-1939
8248,nara_codification,nara-disposition-1939
8249,nara_codification,nara-disposition-1939
8250,nara_codification,nara-disposition-1939
8251,nara_codification,nara-disposition-1939
8252,nara_codification,nara-disposition-1939
8253,nara_codification,nara-disposition-1939
8254,nara_codification,nara-disposition-1939
8255,nara_codification,nara-disposition-1939
8256,nara_codification,nara-disposition-1939
8257,nara_codification,nara-disposition-1939
8258,nara_codification,nara-disposition-1939
8259,nara_codification,nara-disposition-1939
8260,nara_codification,nara-disposition-1939
8261,nara_codification,nara-disposition-1939
8262,nara_codification,nara-disposition-1939
8263,nara_codification,nara-disposition-1939
8264,nara_codification,nara-disposition-1939
8265,nara_codification,nara-disposition-1939
8266,nara_codification,nara-disposition-1939
8267,nara_codification,nara-disposition-1939
8268,nara_codification,nara-disposition-1939
8269,nara_codification,nara-disposition-1939
8270,nara_codification,nara-disposition-1939
8271,nara_codification,nara-disposition-1939
8272,nara_codification,nara-disposition-1939
8273,nara_codification,nara-disposition-1939
8274,nara_codification,nara-disposition-1939
8275,nara_codification,nara-disposition-1939
8276,nara_codification,nara-disposition-1939
8277,nara_codification,nara-disposition-1939
8278,nara_codification,nara-disposition-1939
8279,nara_codification,nara-disposition-1939
8280,nara_codification,nara-disposition-1939
8281,nara_codification,nara-disposition-1939
8282,nara_codification,nara-disposition-1939
8283,nara_codification,nara-disposition-1939
8284,nara_codification,nara-disposition-1939
8285,nara_codification,nara-disposition-1939
8286,nara_codification,nara-disposition-1939
8287,nara_codification,nara-disposition-1939
8288,nara_codification,nara-disposition-1939
8289,nara_codification,nara-disposition-1939
8290,nara_codification,nara-disposition-1939
8291,nara_codification,nara-disposition-1939
8292,nara_codification,nara-disposition-1939
8293,nara_codification,nara-disposition-1939
8294,nara_codification,nara-disposition-1939
8295,nara_codification,nara-disposition-1939
8296,nara_codification,nara-disposition-1939
8297,nara_codification,nara-disposition-1939
8298,nara_codification,nara-disposition-1939
8299,nara_codification,nara-disposition-1939
8300,nara_codification,nara-disposition-1939
8301,nara_codification,nara-disposition-1939
8302,nara_codification,nara-disposition-1939
8303,nara_codification,nara-disposition-1939
8304,nara_codification,nara-disposition-1939
8305,nara_codification,nara-disposition-1939
8306,nara_codification,nara-disposition-1939
8307,nara_codification,nara-disposition-1939
8308,nara_codification,nara-disposition-1939
8309,nara_codification,nara-disposition-1939
8310,nara_codification,nara-disposition-1939
8311,nara_codification,nara-disposition-1939
8312,nara_codification,nara-disposition-1939
8313,nara_codification,nara-disposition-1939
8314,nara_codification,nara-disposition-1939
8315,nara_codification,nara-disposition-1939
8316,nara_codification,nara-disposition-1939
8319,nara_codification,nara-codification-index
8325,nara_codification,nara-codification-index
8332,nara_codification,nara-codification-index
8333,nara_codification,nara-codification-index
8342,nara_codification,nara-codification-index
8343,nara_codification,nara-codification-index
8344,nara_codification,nara-codification-index
8346,nara_codification,nara-codification-index
8347,nara_codification,nara-codification-index
8352,nara_codification,nara-codification-index
8356,nara_codification,nara-codification-index
8361,nara_codification,nara-codification-index
8363,nara_codification,nara-codification-index
8371,nara_codification,nara-codification-index
8377,nara_codification,nara-codification-index
8378,nara_codification,nara-codification-index
8379,nara_codification,nara-codification-index
8380,nara_codification,nara-codification-index
8381,nara_codification,nara-codification-index
8389,nara_codification,nara-codification-index
8390,nara_codification,nara-codification-index
8396,nara_codification,nara-codification-index
8397,nara_codification,nara-codification-index
8399,nara_codification,nara-codification-index
8400,nara_codification,nara-codification-index
8403,nara_codification,nara-codification-index
8405,nara_codification,nara-codification-index
8407,nara_codification,nara-codification-index
8417,nara_codification,nara-codification-index
8423,nara_codification,nara-codification-index
8425,nara_codification,nara-codification-index
8427,nara_codification,nara-codification-index
8429,nara_codification,nara-codification-index
8430,nara_codification,nara-codification-index
8439,nara_codification,nara-codification-index
8440,nara_codification,nara-codification-index
8444,nara_codification,nara-codification-index
8446,nara_codification,nara-codification-index
8450,nara_codification,nara-codification-index
8454,nara_codification,nara-codification-index
8455,nara_codification,nara-codification-index
8459,nara_codification,nara-codification-index
8461,nara_codification,nara-codification-index
8467,nara_codification,nara-codification-index
8479,nara_codification,nara-codification-index
8484,nara_codification,nara-codification-index
8486,nara_codification,nara-codification-index
8492,nara_codification,nara-codification-index
8493,nara_codification,nara-codification-index
8507,nara_codification,nara-codification-index
8508,nara_codification,nara-codification-index
8512,nara_codification,nara-codification-index
8514,nara_codification,nara-codification-index
8516,nara_codification,nara-codification-index
8521,nara_codification,nara-codification-index
8526,nara_codification,nara-codification-index
8527,nara_codification,nara-codification-index
8531,nara_codification,nara-codification-index
8533,nara_codification,nara-codification-index
8535,nara_codification,nara-codification-index
8536,nara_codification,nara-codification-index
8541,nara_codification,nara-codification-index
8546,nara_codification,nara-codification-index
8547,nara_codification,nara-codification-index
8557,nara_codification,nara-codification-index
8564,nara_codification,nara-codification-index
8565,nara_codification,nara-codification-index
8566,nara_codification,nara-codification-index
8572,nara_codification,nara-codification-index
8577,nara_codification,nara-codification-index
8578,nara_codification,nara-codification-index
8579,nara_codification,nara-codification-index
8587,nara_codification,nara-codification-index
8588,nara_codification,nara-codification-index
8591,nara_codification,nara-codification-index
8597,nara_codification,nara-codification-index
8598,nara_codification,nara-codification-index
8600,nara_codification,nara-codification-index
8602,nara_codification,nara-codification-index
8612,nara_codification,nara-codification-index
8616,nara_codification,nara-codification-index
8622,nara_codification,nara-codification-index
8629,nara_codification,nara-codification-index
8636,nara_codification,nara-codification-index
8649,nara_codification,nara-codification-index
8651,nara_codification,nara-codification-index
8652,nara_codification,nara-codification-index
8655,nara_codification,nara-codification-index
8672,nara_codification,nara-codification-index
8673,nara_codification,nara-codification-index
8674,nara_codification,nara-codification-index
8680,nara_codification,nara-codification-index
8682,nara_codification,nara-codification-index
8683,nara_codification,nara-codification-index
8684,nara_codification,nara-codification-index
8688,nara_codification,nara-codification-index
8689,nara_codification,nara-codification-index
8691,nara_codification,nara-codification-index
8701,nara_codification,nara-codification-index
8704,nara_codification,nara-codification-index
8705,nara_codification,nara-codification-index
8706,nara_codification,nara-codification-index
8707,nara_codification,nara-codification-index
8708,nara_codification,nara-codification-index
8711,nara_codification,nara-codification-index
8714,nara_codification,nara-codification-index
8715,nara_codification,nara-codification-index
8716,nara_codification,nara-codification-index
8718,nara_codification,nara-codification-index
8721,nara_codification,nara-codification-index
8725,nara_codification,nara-codification-index
8729,nara_codification,nara-codification-index
8731,nara_codification,nara-codification-index
8732,nara_codification,nara-codification-index
8734,nara_codification,nara-codification-index
8743,nara_codification,nara-codification-index
8744,nara_codification,nara-codification-index
8746,nara_codification,nara-codification-index
8751,nara_codification,nara-codification-index
8755,nara_codification,nara-codification-index
8757,nara_codification,nara-codification-index
8759,nara_codification,nara-codification-index
8760,nara_codification,nara-codification-index
8763,nara_codification,nara-codification-index
8766,nara_codification,nara-codification-index
8776,nara_codification,nara-codification-index
8780,nara_codification,nara-codification-index
8785,nara_codification,nara-codification-index
8788,nara_codification,nara-codification-index
8789,nara_codification,nara-codification-index
8790,nara_codification,nara-codification-index
8791,nara_codification,nara-codification-index
8792,nara_codification,nara-codification-index
8793,nara_codification,nara-codification-index
8794,nara_codification,nara-codification-index
8799,nara_codification,nara-codification-index
8800,nara_codification,nara-codification-index
8802,nara_codification,nara-codification-index
8807,nara_codification,nara-codification-index
8809,nara_codification,nara-codification-index
8818,nara_codification,nara-codification-index
8820,nara_codification,nara-codification-index
8822,nara_codification,nara-codification-index
8823,nara_codification,nara-codification-index
8830,nara_codification,nara-codification-index
8831,nara_codification,nara-codification-index
8832,nara_codification,nara-codification-index
8839,nara_codification,nara-codification-index
8840,nara_codification,nara-codification-index
8841,nara_codification,nara-codification-index
8847,nara_codification,nara-codification-index
8853,nara_codification,nara-codification-index
8854,nara_codification,nara-codification-index
8857,nara_codification,nara-codification-index
8861,nara_codification,nara-codification-index
8865,nara_codification,nara-codification-index
8872,nara_codification,nara-codification-index
8874,nara_codification,nara-codification-index
8875,nara_codification,nara-codification-index
8877,nara_codification,nara-codification-index
8880,nara_codification,nara-codification-index
8884,nara_codification,nara-codification-index
8888,nara_codification,nara-codification-index
8891,nara_codification,nara-codification-index
8892,nara_codification,nara-codification-index
8894,nara_codification,nara-codification-index
8900,nara_codification,nara-codification-index
8902,nara_codification,nara-codification-index
8915,nara_codification,nara-codification-index
8923,nara_codification,nara-codification-index
8926,nara_codification,nara-codification-index
8927,nara_codification,nara-codification-index
8929,nara_codification,nara-codification-index
8931,nara_codification,nara-codification-index
8932,nara_codification,nara-codification-index
8937,nara_codification,nara-codification-index
8942,nara_codification,nara-codification-index
8950,nara_codification,nara-codification-index
8953,nara_codification,nara-codification-index
8954,nara_codification,nara-codification-index
8957,nara_codification,nara-codification-index
8960,nara_codification,nara-codification-index
8961,nara_codification,nara-codification-index
8963,nara_codification,nara-codification-index
8964,nara_codification,nara-codification-index
8970,nara_codification,nara-codification-index
8972,nara_codification,nara-codification-index
8973,nara_codification,nara-codification-index
8978,nara_codification,nara-codification-index
8980,nara_codification,nara-codification-index
8982,nara_codification,nara-codification-index
8984,nara_codification,nara-codification-index
8985,nara_codification,nara-codification-index
8986,nara_codification,nara-codification-index
8989,nara_codification,nara-codification-index
8992,nara_codification,nara-codification-index
8998,nara_codification,nara-codification-index
8999,nara_codification,nara-codification-index
9000,nara_codification,nara-codification-index
9001,nara_codification,nara-codification-index
9004,nara_codification,nara-codification-index
9014,nara_codification,nara-codification-index
9017,nara_codification,nara-codification-index
9019,nara_codification,nara-codification-index
9020,nara_codification,nara-codification-index
9023,nara_codification,nara-codification-index
9024,nara_codification,nara-codification-index
9026,nara_codification,nara-codification-index
9027,nara_codification,nara-codification-index
9029,nara_codification,nara-codification-index
9038,nara_codification,nara-codification-index
9039,nara_codification,nara-codification-index
9040,nara_codification,nara-codification-index
9042,nara_codification,nara-codification-index
9047,nara_codification,nara-codification-index
9048,nara_codification,nara-codification-index
9050,nara_codification,nara-codification-index
9051,nara_codification,nara-codification-index
9052,nara_codification,nara-codification-index
9053,nara_codification,nara-codification-index
9054,nara_codification,nara-codification-index
9055,nara_codification,nara-codification-index
9057,nara_codification,nara-codification-index
9058,nara_codification,nara-codification-index
9063,nara_codification,nara-codification-index
9066,nara_codification,nara-codification-index
9067,nara_codification,nara-codification-index
9070,nara_codification,nara-codification-index
9074,nara_codification,nara-codification-index
9075,nara_codification,nara-codification-index
9080,nara_codification,nara-codification-index
9081,nara_codification,nara-codification-index
9082,nara_codification,nara-codification-index
9084,nara_codification,nara-codification-index
9086,nara_codification,nara-codification-index
9089,nara_codification,nara-codification-index
9090,nara_codification,nara-codification-index
9094,nara_codification,nara-codification-index
9095,nara_codification,nara-codification-index
9096,nara_codification,nara-codification-index
9101,nara_codification,nara-codification-index
9102,nara_codification,nara-codification-index
9103,nara_codification,nara-codification-index
9104,nara_codification,nara-codification-index
9105,nara_codification,nara-codification-index
9107,nara_codification,nara-codification-index
9108,nara_codification,nara-codification-index
9109,nara_codification,nara-codification-index
9111,nara_codification,nara-codification-index
9114,nara_codification,nara-codification-index
9116,nara_codification,nara-codification-index
9122,nara_codification,nara-codification-index
9125,nara_codification,nara-codification-index
9128,nara_codification,nara-codification-index
9134,nara_codification,nara-codification-index
9135,nara_codification,nara-codification-index
9137,nara_codification,nara-codification-index
9138,nara_codification,nara-codification-index
9139,nara_codification,nara-codification-index
9142,nara_codification,nara-codification-index
9143,nara_codification,nara-codification-index
9146,nara_codification,nara-codification-index
9153,nara_codification,nara-codification-index
9154,nara_codification,nara-codification-index
9156,nara_codification,nara-codification-index
9164,nara_codification,nara-codification-index
9165,nara_codification,nara-codification-index
9168,nara_codification,nara-codification-index
9172,nara_codification,nara-codification-index
9177,nara_codification,nara-codification-index
9182,nara_codification,nara-codification-index
9183,nara_codification,nara-codification-index
9184,nara_codification,nara-codification-index
9191,nara_codification,nara-codification-index
9193,nara_codification,nara-codification-index
9195,nara_codification,nara-codification-index
9196,nara_codification,nara-codification-index
9200,nara_codification,nara-codification-index
9204,nara_codification,nara-codification-index
9205,nara_codification,nara-codification-index
9206,nara_codification,nara-codification-index
9210,nara_codification,nara-codification-index
9213,nara_codification,nara-codification-index
9214,nara_codification,nara-codification-index
9215,nara_codification,nara-codification-index
9219,nara_codification,nara-codification-index
9221,nara_codification,nara-codification-index
9223,nara_codification,nara-codification-index
9225,nara_codification,nara-codification-index
9227,nara_codification,nara-codification-index
9228,nara_codification,nara-codification-index
9230,nara_codification,nara-codification-index
9233,nara_codification,nara-codification-index
9239,nara_codification,nara-codification-index
9240,nara_codification,nara-codification-index
9241,nara_codification,nara-codification-index
9243,nara_codification,nara-codification-index
9244,nara_codification,nara-codification-index
9245,nara_codification,nara-codification-index
9246,nara_codification,nara-codification-index
9248,nara_codification,nara-codification-index
9250,nara_codification,nara-codification-index
9253,nara_codification,nara-codification-index
9260,nara_codification,nara-codification-index
9261,nara_codification,nara-codification-index
9263,nara_codification,nara-codification-index
9264,nara_codification,nara-codification-index
9265,nara_codification,nara-codification-index
9266,nara_codification,nara-codification-index
9267,nara_codification,nara-codification-index
9269,nara_codification,nara-codification-index
9276,nara_codification,nara-codification-index
9277,nara_codification,nara-codification-index
9278,nara_codification,nara-codification-index
9279,nara_codification,nara-codification-index
9280,nara_codification,nara-codification-index
9285,nara_codification,nara-codification-index
9286,nara_codification,nara-codification-index
9290,nara_codification,nara-codification-index
9294,nara_codification,nara-codification-index
9295,nara_codification,nara-codification-index
9296,nara_codification,nara-codification-index
9298,nara_codification,nara-codification-index
9299,nara_codification,nara-codification-index
9300,nara_codification,nara-codification-index
9301,nara_codification,nara-codification-index
9303,nara_codification,nara-codification-index
9316,nara_codification,nara-codification-index
9319,nara_codification,nara-codification-index
9320,nara_codification,nara-codification-index
9322,nara_codification,nara-codification-index
9325,nara_codification,nara-codification-index
9328,nara_codification,nara-codification-index
9330,nara_codification,nara-codification-index
9331,nara_codification,nara-codification-index
9332,nara_codification,nara-codification-index
9333,nara_codification,nara-codification-index
9334,nara_codification,nara-codification-index
9335,nara_codification,nara-codification-index
9337,nara_codification,nara-codification-index
9342,nara_codification,nara-codification-index
9344,nara_codification,nara-codification-index
9346,nara_codification,nara-codification-index
9347,nara_codification,nara-codification-index
9348,nara_codification,nara-codification-index
9350,nara_codification,nara-codification-index
9351,nara_codification,nara-codification-index
9352,nara_codification,nara-codification-index
9354,nara_codification,nara-codification-index
9356,nara_codification,nara-codification-index
9358,nara_codification,nara-codification-index
9360,nara_codification,nara-codification-index
9361,nara_codification,nara-codification-index
9367,nara_codification,nara-codification-index
9368,nara_codification,nara-codification-index
9378,nara_codification,nara-codification-index
9380,nara_codification,nara-codification-index
9381,nara_codification,nara-codification-index
9384,nara_codification,nara-codification-index
9385,nara_codification,nara-codification-index
9386,nara_codification,nara-codification-index
9389,nara_codification,nara-codification-index
9392,nara_codification,nara-codification-index
9394,nara_codification,nara-codification-index
9396,nara_codification,nara-codification-index
9400,nara_codification,nara-codification-index
9401,nara_codification,nara-codification-index
9405,nara_codification,nara-codification-index
9407,nara_codification,nara-codification-index
9409,nara_codification,nara-codification-index
9410,nara_codification,nara-codification-index
9411,nara_codification,nara-codification-index
9417,nara_codification,nara-codification-index
9418,nara_codification,nara-codification-index
9419,nara_codification,nara-codification-index
9423,nara_codification,nara-codification-index
9425,nara_codification,nara-codification-index
9427,nara_codification,nara-codification-index
9431,nara_codification,nara-codification-index
9432,nara_codification,nara-codification-index
9437,nara_codification,nara-codification-index
9442,nara_codification,nara-codification-index
9446,nara_codification,nara-codification-index
9447,nara_codification,nara-codification-index
9449,nara_codification,nara-codification-index
9450,nara_codification,nara-codification-index
9451,nara_codification,nara-codification-index
9452,nara_codification,nara-codification-index
9453,nara_codification,nara-codification-index
9458,nara_codification,nara-codification-index
9460,nara_codification,nara-codification-index
9462,nara_codification,nara-codification-index
9463,nara_codification,nara-codification-index
9465,nara_codification,nara-codification-index
9466,nara_codification,nara-codification-index
9467,nara_codification,nara-codification-index
9472,nara_codification,nara-codification-index
9479,nara_codification,nara-codification-index
9484,nara_codification,nara-codification-index
9487,nara_codification,nara-codification-index
9488,nara_codification,nara-codification-index
9489,nara_codification,nara-codification-index
9491,nara_codification,nara-codification-index
9492,nara_codification,nara-codification-index
9493,nara_codification,nara-codification-index
9495,nara_codification,nara-codification-index
9497,nara_codification,nara-codification-index
9503,nara_codification,nara-codification-index
9505,nara_codification,nara-codification-index
9506,nara_codification,nara-codification-index
9507,nara_codification,nara-codification-index
9508,nara_codification,nara-codification-index
9512,nara_codification,nara-codification-index
9514,nara_codification,nara-codification-index
9515,nara_codification,nara-codification-index
9516,nara_codification,nara-codification-index
9519,nara_codification,nara-codification-index
9521,nara_codification,nara-codification-index
9524,nara_codification,nara-codification-index
9525,nara_codification,nara-codification-index
9526,nara_codification,nara-codification-index
9528,nara_codification,nara-codification-index
9532,nara_codification,nara-codification-index
9534,nara_codification,nara-codification-index
9535,nara_codification,nara-codification-index
9536,nara_codification,nara-codification-index
9537,nara_codification,nara-codification-index
9538,nara_codification,nara-codification-index
9539,nara_codification,nara-codification-index
9540,nara_codification,nara-codification-index
9541,nara_codification,nara-codification-index
9542,nara_codification,nara-codification-index
9543,nara_codification,nara-codification-index
9544,nara_codification,nara-codification-index
9545,nara_codification,nara-codification-index
9546,nara_codification,nara-codification-index
9547,nara_codification,nara-codification-index
9548,nara_codification,nara-codification-index
9549,nara_codification,nara-codification-index
9550,nara_codification,nara-codification-index
9551,nara_codification,nara-codification-index
9552,nara_codification,nara-codification-index
9553,nara_codification,nara-codification-index
9554,nara_codification,nara-codification-index
9555,nara_codification,nara-codification-index
9556,nara_codification,nara-codification-index
9557,nara_codification,nara-codification-index
9558,nara_codification,nara-codification-index
9559,nara_codification,nara-codification-index
9560,nara_codification,nara-codification-index
9561,nara_codification,nara-codification-index
9562,nara_codification,nara-codification-index
9563,nara_codification,nara-codification-index
9564,nara_codification,nara-codification-index
9565,nara_codification,nara-codification-index
9566,nara_codification,nara-codification-index
9567,nara_codification,nara-codification-index
9568,nara_codification,nara-codification-index
9569,nara_codification,nara-codification-index
9570,nara_codification,nara-codification-index
9571,nara_codification,nara-codification-index
9572,nara_codification,nara-codification-index
9573,nara_codification,nara-codification-index
9574,nara_codification,nara-codification-index
9575,nara_codification,nara-codification-index
9576,nara_codification,nara-codification-index
9577,nara_codification,nara-codification-index
9578,nara_codification,nara-codification-index
9579,nara_codification,nara-codification-index
9580,nara_codification,nara-codification-index
9581,nara_codification,nara-codification-index
9582,nara_codification,nara-codification-index
9583,nara_codification,nara-codification-index
9584,nara_codification,nara-codification-index
9585,nara_codification,nara-codification-index
9586,nara_codification,nara-codification-index
9587,nara_codification,nara-codification-index
9588,nara_codification,nara-codification-index
9589,nara_codification,nara-codification-index
9590,nara_codification,nara-codification-index
9591,nara_codification,nara-codification-index
9592,nara_codification,nara-codification-index
9593,nara_codification,nara-codification-index
9594,nara_codification,nara-codification-index
9595,nara_codification,nara-codification-index
9596,nara_codification,nara-codification-index
9597,nara_codification,nara-codification-index
9598,nara_codification,nara-codification-index
9599,nara_codification,nara-codification-index
9600,nara_codification,nara-codification-index
9601,nara_codification,nara-codification-index
9602,nara_codification,nara-codification-index
9603,nara_codification,nara-codification-index
9604,nara_codification,nara-codification-index
9605,nara_codification,nara-codification-index
9606,nara_codification,nara-codification-index
9607,nara_codification,nara-codification-index
9608,nara_codification,nara-codification-index
9609,nara_codification,nara-codification-index
9610,nara_codification,nara-codification-index
9611,nara_codification,nara-codification-index
9612,nara_codification,nara-codification-index
9613,nara_codification,nara-codification-index
9614,nara_codification,nara-codification-index
9615,nara_codification,nara-codification-index
9616,nara_codification,nara-codification-index
9617,nara_codification,nara-codification-index
9618,nara_codification,nara-codification-index
9619,nara_codification,nara-codification-index
9620,nara_codification,nara-codification-index
9621,nara_codification,nara-codification-index
9622,nara_codification,nara-codification-index
9623,nara_codification,nara-codification-index
9624,nara_codification,nara-codification-index
9625,nara_codification,nara-codification-index
9626,nara_codification,nara-codification-index
9627,nara_codification,nara-codification-index
9628,nara_codification,nara-codification-index
9629,nara_codification,nara-codification-index
9630,nara_codification,nara-codification-index
9631,nara_codification,nara-codification-index
9632,nara_codification,nara-codification-index
9633,nara_codification,nara-codification-index
9634,nara_codification,nara-codification-index
9635,nara_codification,nara-codification-index
9636,nara_codification,nara-codification-index
9637,nara_codification,nara-codification-index
9638,nara_codification,nara-codification-index
9639,nara_codification,nara-codification-index
9640,nara_codification,nara-codification-index
9641,nara_codification,nara-codification-index
9642,nara_codification,nara-codification-index
9643,nara_codification,nara-codification-index
9644,nara_codification,nara-codification-index
9645,nara_codification,nara-codification-index
9646,nara_codification,nara-codification-index
9647,nara_codification,nara-codification-index
9648,nara_codification,nara-codification-index
9649,nara_codification,nara-codification-index
9650,nara_codification,nara-codification-index
9651,nara_codification,nara-codification-index
9652,nara_codification,nara-codification-index
9653,nara_codification,nara-codification-index
9654,nara_codification,nara-codification-index
9655,nara_codification,nara-codification-index
9656,nara_codification,nara-codification-index
9657,nara_codification,nara-codification-index
9658,nara_codification,nara-codification-index
9659,nara_codification,nara-codification-index
9660,nara_codification,nara-codification-index
9661,nara_codification,nara-codification-index
9662,nara_codification,nara-codification-index
9663,nara_codification,nara-codification-index
9664,nara_codification,nara-codification-index
9665,nara_codification,nara-codification-index
9666,nara_codification,nara-codification-index
9667,nara_codification,nara-codification-index
9668,nara_codification,nara-codification-index
9669,nara_codification,nara-codification-index
9670,nara_codification,nara-codification-index
9671,nara_codification,nara-codification-index
9672,nara_codification,nara-codification-index
9673,nara_codification,nara-codification-index
9674,nara_codification,nara-codification-index
9675,nara_codification,nara-codification-index
9676,nara_codification,nara-codification-index
9677,nara_codification,nara-codification-index
9678,nara_codification,nara-codification-index
9679,nara_codification,nara-codification-index
9680,nara_codification,nara-codification-index
9681,nara_codification,nara-codification-index
9682,nara_codification,nara-codification-index
9683,nara_codification,nara-codification-index
9684,nara_codification,nara-codification-index
9685,nara_codification,nara-codification-index
9686,nara_codification,nara-codification-index
9687,nara_codification,nara-codification-index
9688,nara_codification,nara-codification-index
9689,nara_codification,nara-codification-index
9690,nara_codification,nara-codification-index
9691,nara_codification,nara-codification-index
9692,nara_codification,nara-codification-index
9693,nara_codification,nara-codification-index
9694,nara_codification,nara-codification-index
9695,nara_codification,nara-codification-index
9696,nara_codification,nara-codification-index
9697,nara_codification,nara-codification-index
9698,nara_codification,nara-codification-index
9699,nara_codification,nara-codification-index
9700,nara_codification,nara-codification-index
9701,nara_codification,nara-codification-index
9702,nara_codification,nara-codification-index
9703,nara_codification,nara-codification-index
9704,nara_codification,nara-codification-index
9705,nara_codification,nara-codification-index
9706,nara_codification,nara-codification-index
9707,nara_codification,nara-codification-index
9708,nara_codification,nara-codification-index
9709,nara_codification,nara-codification-index
9710,nara_codification,nara-codification-index
9711,nara_codification,nara-codification-index
9712,nara_codification,nara-codification-index
9713,nara_codification,nara-codification-index
9714,nara_codification,nara-codification-index
9715,nara_codification,nara-codification-index
9716,nara_codification,nara-codification-index
9717,nara_codification,nara-codification-index
9718,nara_codification,nara-codification-index
9719,nara_codification,nara-codification-index
9720,nara_codification,nara-codification-index
9721,nara_codification,nara-codification-index
9722,nara_codification,nara-codification-index
9723,nara_codification,nara-codification-index
9724,nara_codification,nara-codification-index
9725,nara_codification,nara-codification-index
9726,nara_codification,nara-codification-index
9727,nara_codification,nara-codification-index
9728,nara_codification,nara-codification-index
9729,nara_codification,nara-codification-index
9730,nara_codification,nara-codification-index
9731,nara_codification,nara-codification-index
9732,nara_codification,nara-codification-index
9733,nara_codification,nara-codification-index
9734,nara_codification,nara-codification-index
9735,nara_codification,nara-codification-index
9736,nara_codification,nara-codification-index
9737,nara_codification,nara-codification-index
9738,nara_codification,nara-codification-index
9739,nara_codification,nara-codification-index
9740,nara_codification,nara-codification-index
9741,nara_codification,nara-codification-index
9742,nara_codification,nara-codification-index
9743,nara_codification,nara-codification-index
9744,nara_codification,nara-codification-index
9745,nara_codification,nara-codification-index
9746,nara_codification,nara-codification-index
9747,nara_codification,nara-codification-index
9748,nara_codification,nara-codification-index
9749,nara_codification,nara-codification-index
9750,nara_codification,nara-codification-index
9751,nara_codification,nara-codification-index
9752,nara_codification,nara-codification-index
9753,nara_codification,nara-codification-index
9754,nara_codification,nara-codification-index
9755,nara_codification,nara-codification-index
9756,nara_codification,nara-codification-index
9757,nara_codification,nara-codification-index
9758,nara_codification,nara-codification-index
9759,nara_codification,nara-codification-index
9760,nara_codification,nara-codification-index
9761,nara_codification,nara-codification-index
9762,nara_codification,nara-codification-index
9763,nara_codification,nara-codification-index
9764,nara_codification,nara-codification-index
9765,nara_codification,nara-codification-index
9766,nara_codification,nara-codification-index
9767,nara_codification,nara-codification-index
9768,nara_codification,nara-codification-index
9769,nara_codification,nara-codification-index
9770,nara_codification,nara-codification-index
9771,nara_codification,nara-codification-index
9772,nara_codification,nara-codification-index
9773,nara_codification,nara-codification-index
9774,nara_codification,nara-codification-index
9775,nara_codification,nara-codification-index
9776,nara_codification,nara-codification-index
9777,nara_codification,nara-codification-index
9778,nara_codification,nara-codification-index
9779,nara_codification,nara-codification-index
9780,nara_codification,nara-codification-index
9781,nara_codification,nara-codification-index
9782,nara_codification,nara-codification-index
9783,nara_codification,nara-codification-index
9784,nara_codification,nara-codification-index
9785,nara_codification,nara-codification-index
9786,nara_codification,nara-codification-index
9787,nara_codification,nara-codification-index
9788,nara_codification,nara-codification-index
9789,nara_codification,nara-codification-index
9790,nara_codification,nara-codification-index
9791,nara_codification,nara-codification-index
9792,nara_codification,nara-codification-index
9793,nara_codification,nara-codification-index
9794,nara_codification,nara-codification-index
9795,nara_codification,nara-codification-index
9796,nara_codification,nara-codification-index
9797,nara_codification,nara-codification-index
9798,nara_codification,nara-codification-index
9799,nara_codification,nara-codification-index
9800,nara_codification,nara-codification-index
9801,nara_codification,nara-codification-index
9802,nara_codification,nara-codification-index
9803,nara_codification,nara-codification-index
9804,nara_codification,nara-codification-index
9805,nara_codification,nara-codification-index
9806,nara_codification,nara-codification-index
9807,nara_codification,nara-codification-index
9808,nara_codification,nara-codification-index
9809,nara_codification,nara-codification-index
9810,nara_codification,nara-codification-index
9811,nara_codification,nara-codification-index
9812,nara_codification,nara-codification-index
9813,nara_codification,nara-codification-index
9814,nara_codification,nara-codification-index
9815,nara_codification,nara-codification-index
9816,nara_codification,nara-codification-index
9817,nara_codification,nara-codification-index
9818,nara_codification,nara-codification-index
9819,nara_codification,nara-codification-index
9820,nara_codification,nara-codification-index
9821,nara_codification,nara-codification-index
9822,nara_codification,nara-codification-index
9823,nara_codification,nara-codification-index
9824,nara_codification,nara-codification-index
9825,nara_codification,nara-codification-index
9826,nara_codification,nara-codification-index
9827,nara_codification,nara-codification-index
9828,nara_codification,nara-codification-index
9829,nara_codification,nara-codification-index
9830,nara_codification,nara-order-detail-probe
9831,nara_codification,nara-codification-index
9832,nara_codification,nara-codification-index
9833,nara_codification,nara-codification-index
9834,nara_codification,nara-codification-index
9835,nara_codification,nara-codification-index
9836,nara_codification,nara-codification-index
9837,nara_codification,nara-codification-index
9838,nara_codification,nara-codification-index
9839,nara_codification,nara-codification-index
9840,nara_codification,nara-codification-index
9841,nara_codification,nara-codification-index
9842,nara_codification,nara-codification-index
9843,nara_codification,nara-codification-index
9844,nara_codification,nara-codification-index
9845,nara_codification,nara-codification-index
9846,nara_codification,nara-codification-index
9847,nara_codification,nara-codification-index
9848,nara_codification,nara-codification-index
9849,nara_codification,nara-codification-index
9850,nara_codification,nara-codification-index
9851,nara_codification,nara-codification-index
9852,nara_codification,nara-codification-index
9853,nara_codification,nara-codification-index
9854,nara_codification,nara-codification-index
9855,nara_codification,nara-codification-index
9856,nara_codification,nara-codification-index
9857,nara_codification,nara-codification-index
9858,nara_codification,nara-codification-index
9859,nara_codification,nara-codification-index
9860,nara_codification,nara-codification-index
9861,nara_codification,nara-codification-index
9862,nara_codification,nara-codification-index
9863,nara_codification,nara-codification-index
9864,nara_codification,nara-codification-index
9865,nara_codification,nara-order-detail-probe
9866,nara_codification,nara-codification-index
9867,nara_codification,nara-codification-index
9868,nara_codification,nara-codification-index
9869,nara_codification,nara-codification-index
9870,nara_codification,nara-codification-index
9871,nara_codification,nara-codification-index
9872,nara_codification,nara-codification-index
9873,nara_codification,nara-codification-index
9874,nara_codification,nara-codification-index
9875,nara_codification,nara-codification-index
9876,nara_codification,nara-codification-index
9877,nara_codification,nara-codification-index
9878,nara_codification,nara-codification-index
9879,nara_codification,nara-codification-index
9880,nara_codification,nara-codification-index
9881,nara_codification,nara-codification-index
9882,nara_codification,nara-codification-index
9883,nara_codification,nara-codification-index
9884,nara_codification,nara-codification-index
9885,nara_codification,nara-codification-index
9886,nara_codification,nara-codification-index
9887,nara_codification,nara-codification-index
9888,nara_codification,nara-codification-index
9889,nara_codification,nara-codification-index
9890,nara_codification,nara-codification-index
9891,nara_codification,nara-codification-index
9892,nara_codification,nara-codification-index
9893,nara_codification,nara-codification-index
9894,nara_codification,nara-codification-index
9895,nara_codification,nara-codification-index
9896,nara_codification,nara-codification-index
9897,nara_codification,nara-codification-index
9898,nara_codification,nara-codification-index
9899,nara_codification,nara-codification-index
9900,nara_codification,nara-codification-index
9901,nara_codification,nara-codification-index
9902,nara_codification,nara-codification-index
9903,nara_codification,nara-codification-index
9904,nara_codification,nara-codification-index
9905,nara_codification,nara-codification-index
9906,nara_codification,nara-codification-index
9907,nara_codification,nara-codification-index
9908,nara_codification,nara-codification-index
9909,nara_codification,nara-codification-index
9910,nara_codification,nara-codification-index
9911,nara_codification,nara-codification-index
9912,nara_codification,nara-codification-index
9913,nara_codification,nara-codification-index
9914,nara_codification,nara-codification-index
9915,nara_codification,nara-codification-index
9916,nara_codification,nara-codification-index
9917,nara_codification,nara-codification-index
9918,nara_codification,nara-codification-index
9919,nara_codification,nara-codification-index
9920,nara_codification,nara-codification-index
9921,nara_codification,nara-codification-index
9922,nara_codification,nara-codification-index
9923,nara_codification,nara-codification-index
9924,nara_codification,nara-codification-index
9925,nara_codification,nara-codification-index
9926,nara_codification,nara-codification-index
9927,nara_codification,nara-codification-index
9928,nara_codification,nara-codification-index
9929,nara_codification,nara-codification-index
9930,nara_codification,nara-codification-index
9931,nara_codification,nara-codification-index
9932,nara_codification,nara-codification-index
9933,nara_codification,nara-codification-index
9934,nara_codification,nara-codification-index
9935,nara_codification,nara-codification-index
9936,nara_codification,nara-codification-index
9937,nara_codification,nara-codification-index
9938,nara_codification,nara-codification-index
9939,nara_codification,nara-codification-index
9940,nara_codification,nara-codification-index
9941,nara_codification,nara-codification-index
9942,nara_codification,nara-codification-index
9943,nara_codification,nara-codification-index
9944,nara_codification,nara-codification-index
9945,nara_codification,nara-codification-index
9946,nara_codification,nara-codification-index
9947,nara_codification,nara-codification-index
9948,nara_codification,nara-codification-index
9949,nara_codification,nara-codification-index
9950,nara_codification,nara-codification-index
9951,nara_codification,nara-codification-index
9952,nara_codification,nara-codification-index
9953,nara_codification,nara-codification-index
9954,nara_codification,nara-codification-index
9955,nara_codification,nara-codification-index
9956,nara_codification,nara-codification-index
9957,nara_codification,nara-codification-index
9958,nara_codification,nara-codification-index
9959,nara_codification,nara-codification-index
9960,nara_codification,nara-codification-index
9961,nara_codification,nara-codification-index
9962,nara_codification,nara-codification-index
9963,nara_codification,nara-codification-index
9964,nara_codification,nara-codification-index
9965,nara_codification,nara-codification-index
9966,nara_codification,nara-codification-index
9967,nara_codification,nara-codification-index
9968,nara_codification,nara-codification-index
9969,nara_codification,nara-codification-index
9970,nara_codification,nara-codification-index
9971,nara_codification,nara-codification-index
9972,nara_codification,nara-codification-index
9973,nara_codification,nara-codification-index
9974,nara_codification,nara-codification-index
9975,nara_codification,nara-codification-index
9976,nara_codification,nara-codification-index
9977,nara_codification,nara-codification-index
9978,nara_codification,nara-codification-index
9979,nara_codification,nara-codification-index
9980,nara_codification,nara-codification-index
9981,nara_codification,nara-codification-index
9982,nara_codification,nara-codification-index
9983,nara_codification,nara-codification-index
9984,nara_codification,nara-codification-index
9985,nara_codification,nara-codification-index
9986,nara_codification,nara-codification-index
9987,nara_codification,nara-codification-index
9988,nara_codification,nara-codification-index
9989,nara_codification,nara-codification-index
9990,nara_codification,nara-codification-index
9991,nara_codification,nara-codification-index
9992,nara_codification,nara-codification-index
9993,nara_codification,nara-codification-index
9994,nara_codification,nara-codification-index
9995,nara_codification,nara-codification-index
9996,nara_codification,nara-codification-index
9997,nara_codification,nara-codification-index
9998,nara_codification,nara-codification-index
9999,nara_codification,nara-codification-index
10000,nara_codification,nara-order-detail-probe
10001,nara_codification,nara-codification-index
10002,nara_codification,nara-codification-index
10003,nara_codification,nara-codification-index
10004,nara_codification,nara-codification-index
10005,nara_codification,nara-codification-index
10006,nara_codification,nara-codification-index
10007,nara_codification,nara-codification-index
10008,nara_codification,nara-codification-index
10009,nara_codification,nara-codification-index
10010,nara_codification,nara-codification-index
10011,nara_codification,nara-codification-index
10012,nara_codification,nara-codification-index
10013,nara_codification,nara-codification-index
10014,nara_codification,nara-codification-index
10015,nara_codification,nara-codification-index
10016,nara_codification,nara-codification-index
10017,nara_codification,nara-codification-index
10018,nara_codification,nara-codification-index
10019,nara_codification,nara-codification-index
10020,nara_codification,nara-codification-index
10021,nara_codification,nara-codification-index
10022,nara_codification,nara-codification-index
10023,nara_codification,nara-codification-index
10024,nara_codification,nara-codification-index
10025,nara_codification,nara-codification-index
10026,nara_codification,nara-codification-index
10027,nara_codification,nara-codification-index
10028,nara_codification,nara-codification-index
10029,nara_codification,nara-codification-index
10030,nara_codification,nara-codification-index
10031,nara_codification,nara-codification-index
10032,nara_codification,nara-codification-index
10033,nara_codification,nara-codification-index
10034,nara_codification,nara-codification-index
10035,nara_codification,nara-codification-index
10036,nara_codification,nara-codification-index
10037,nara_codification,nara-codification-index
10038,nara_codification,nara-codification-index
10039,nara_codification,nara-codification-index
10040,nara_codification,nara-codification-index
10041,nara_codification,nara-codification-index
10042,nara_codification,nara-codification-index
10043,nara_codification,nara-codification-index
10044,nara_codification,nara-codification-index
10045,nara_codification,nara-codification-index
10046,nara_codification,nara-codification-index
10047,nara_codification,nara-codification-index
10048,nara_codification,nara-codification-index
10049,nara_codification,nara-codification-index
10050,nara_codification,nara-codification-index
10051,nara_codification,nara-codification-index
10052,nara_codification,nara-codification-index
10053,nara_codification,nara-codification-index
10054,nara_codification,nara-codification-index
10055,nara_codification,nara-codification-index
10056,nara_codification,nara-codification-index
10057,nara_codification,nara-codification-index
10058,nara_codification,nara-codification-index
10059,nara_codification,nara-codification-index
10060,nara_codification,nara-codification-index
10061,nara_codification,nara-codification-index
10062,nara_codification,nara-codification-index
10063,nara_codification,nara-codification-index
10064,nara_codification,nara-codification-index
10065,nara_codification,nara-codification-index
10066,nara_codification,nara-codification-index
10067,nara_codification,nara-codification-index
10068,nara_codification,nara-codification-index
10069,nara_codification,nara-codification-index
10070,nara_codification,nara-codification-index
10071,nara_codification,nara-codification-index
10072,nara_codification,nara-codification-index
10073,nara_codification,nara-codification-index
10074,nara_codification,nara-codification-index
10075,nara_codification,nara-codification-index
10076,nara_codification,nara-codification-index
10077,nara_codification,nara-codification-index
10078,nara_codification,nara-codification-index
10079,nara_codification,nara-codification-index
10080,nara_codification,nara-codification-index
10081,nara_codification,nara-codification-index
10082,nara_codification,nara-codification-index
10083,nara_codification,nara-codification-index
10084,nara_codification,nara-codification-index
10085,nara_codification,nara-codification-index
10086,nara_codification,nara-codification-index
10087,nara_codification,nara-codification-index
10088,nara_codification,nara-codification-index
10089,nara_codification,nara-codification-index
10090,nara_codification,nara-codification-index
10091,nara_codification,nara-codification-index
10092,nara_codification,nara-codification-index
10093,nara_codification,nara-codification-index
10094,nara_codification,nara-codification-index
10095,nara_codification,nara-codification-index
10096,nara_codification,nara-order-detail-probe
10097,nara_codification,nara-codification-index
10098,nara_codification,nara-codification-index
10099,nara_codification,nara-codification-index
10100,nara_codification,nara-codification-index
10101,nara_codification,nara-codification-index
10102,nara_codification,nara-codification-index
10103,nara_codification,nara-codification-index
10104,nara_codification,nara-codification-index
10105,nara_codification,nara-codification-index
10106,nara_codification,nara-codification-index
10107,nara_codification,nara-codification-index
10108,nara_codification,nara-codification-index
10109,nara_codification,nara-codification-index
10110,nara_codification,nara-codification-index
10111,nara_codification,nara-codification-index
10112,nara_codification,nara-codification-index
10113,nara_codification,nara-codification-index
10114,nara_codification,nara-codification-index
10115,nara_codification,nara-codification-index
10116,nara_codification,nara-codification-index
10117,nara_codification,nara-codification-index
10118,nara_codification,nara-codification-index
10119,nara_codification,nara-codification-index
10120,nara_codification,nara-codification-index
10121,nara_codification,nara-codification-index
10122,nara_codification,nara-order-detail-probe
10123,nara_codification,nara-codification-index
10124,nara_codification,nara-codification-index
10125,nara_codification,nara-codification-index
10126,nara_codification,nara-codification-index
10127,nara_codification,nara-codification-index
10128,nara_codification,nara-codification-index
10129,nara_codification,nara-codification-index
10130,nara_codification,nara-codification-index
10131,nara_codification,nara-codification-index
10132,nara_codification,nara-codification-index
10133,nara_codification,nara-codification-index
10134,nara_codification,nara-codification-index
10135,nara_codification,nara-codification-index
10136,nara_codification,nara-codification-index
10137,nara_codification,nara-codification-index
10138,nara_codification,nara-codification-index
10139,nara_codification,nara-codification-index
10140,nara_codification,nara-codification-index
10141,nara_codification,nara-codification-index
10142,nara_codification,nara-codification-index
10143,nara_codification,nara-codification-index
10144,nara_codification,nara-codification-index
10145,nara_codification,nara-codification-index
10146,nara_codification,nara-codification-index
10147,nara_codification,nara-codification-index
10148,nara_codification,nara-codification-index
10149,nara_codification,nara-codification-index
10150,nara_codification,nara-codification-index
10151,nara_codification,nara-codification-index
10152,nara_codification,nara-codification-index
10153,nara_codification,nara-codification-index
10154,nara_codification,nara-codification-index
10155,nara_codification,nara-codification-index
10156,nara_codification,nara-codification-index
10157,nara_codification,nara-codification-index
10158,nara_codification,nara-codification-index
10159,nara_codification,nara-codification-index
10160,nara_codification,nara-codification-index
10161,nara_codification,nara-codification-index
10162,nara_codification,nara-codification-index
10163,nara_codification,nara-codification-index
10164,nara_codification,nara-codification-index
10165,nara_codification,nara-codification-index
10166,nara_codification,nara-codification-index
10167,nara_codification,nara-codification-index
10168,nara_codification,nara-codification-index
10169,nara_codification,nara-codification-index
10170,nara_codification,nara-codification-index
10171,nara_codification,nara-codification-index
10172,nara_codification,nara-codification-index
10173,nara_codification,nara-codification-index
10174,nara_codification,nara-codification-index
10175,nara_codification,nara-codification-index
10176,nara_codification,nara-codification-index
10177,nara_codification,nara-codification-index
10178,nara_codification,nara-codification-index
10179,nara_codification,nara-codification-index
10180,nara_codification,nara-codification-index
10181,nara_codification,nara-codification-index
10182,nara_codification,nara-codification-index
10183,nara_codification,nara-codification-index
10184,nara_codification,nara-codification-index
10185,nara_codification,nara-codification-index
10186,nara_codification,nara-codification-index
10187,nara_codification,nara-codification-index
10188,nara_codification,nara-codification-index
10189,nara_codification,nara-codification-index
10190,nara_codification,nara-codification-index
10191,nara_codification,nara-codification-index
10192,nara_codification,nara-codification-index
10193,nara_codification,nara-codification-index
10194,nara_codification,nara-codification-index
10195,nara_codification,nara-codification-index
10196,nara_codification,nara-codification-index
10197,nara_codification,nara-codification-index
10198,nara_codification,nara-codification-index
10199,nara_codification,nara-codification-index
10200,nara_codification,nara-codification-index
10201,nara_codification,nara-codification-index
10202,nara_codification,nara-codification-index
10203,nara_codification,nara-codification-index
10204,nara_codification,nara-codification-index
10205,nara_codification,nara-codification-index
10206,nara_codification,nara-codification-index
10207,nara_codification,nara-codification-index
10208,nara_codification,nara-codification-index
10209,nara_codification,nara-codification-index
10210,nara_codification,nara-codification-index
10211,nara_codification,nara-codification-index
10212,nara_codification,nara-codification-index
10213,nara_codification,nara-codification-index
10214,nara_codification,nara-codification-index
10215,nara_codification,nara-codification-index
10216,nara_codification,nara-codification-index
10218,nara_codification,nara-codification-index
10219,nara_codification,nara-codification-index
10220,nara_codification,nara-codification-index
10221,nara_codification,nara-codification-index
10222,nara_codification,nara-codification-index
10223,nara_codification,nara-codification-index
10224,nara_codification,nara-codification-index
10225,nara_codification,nara-codification-index
10226,nara_codification,nara-codification-index
10227,nara_codification,nara-codification-index
10228,nara_codification,nara-codification-index
10229,nara_codification,nara-codification-index
10230,nara_codification,nara-codification-index
10231,nara_codification,nara-codification-index
10232,nara_codification,nara-codification-index
10233,nara_codification,nara-codification-index
10234,nara_codification,nara-codification-index
10235,nara_codification,nara-codification-index
10236,nara_codification,nara-codification-index
10237,nara_codification,nara-codification-index
10238,nara_codification,nara-codification-index
10239,nara_codification,nara-codification-index
10240,nara_codification,nara-codification-index
10241,nara_codification,nara-codification-index
10242,nara_codification,nara-codification-index
10243,nara_codification,nara-codification-index
10244,nara_codification,nara-codification-index
10245,nara_codification,nara-codification-index
10246,nara_codification,nara-codification-index
10247,nara_codification,nara-codification-index
10248,nara_codification,nara-codification-index
10249,nara_codification,nara-codification-index
10250,nara_codification,nara-codification-index
10251,nara_codification,nara-codification-index
10252,nara_codification,nara-codification-index
10253,nara_codification,nara-order-detail-probe
10254,nara_codification,nara-codification-index
10255,nara_codification,nara-codification-index
10256,nara_codification,nara-codification-index
10257,nara_codification,nara-codification-index
10258,nara_codification,nara-codification-index
10259,nara_codification,nara-codification-index
10260,nara_codification,nara-codification-index
10261,nara_codification,nara-codification-index
10262,nara_codification,nara-codification-index
10263,nara_codification,nara-codification-index
10264,nara_codification,nara-codification-index
10265,nara_codification,nara-codification-index
10266,nara_codification,nara-codification-index
10267,nara_codification,nara-codification-index
10268,nara_codification,nara-codification-index
10269,nara_codification,nara-codification-index
10270,nara_codification,nara-codification-index
10271,nara_codification,nara-codification-index
10272,nara_codification,nara-codification-index
10273,nara_codification,nara-codification-index
10274,nara_codification,nara-codification-index
10276,nara_codification,nara-codification-index
10277,nara_codification,nara-codification-index
10278,nara_codification,nara-codification-index
10279,nara_codification,nara-codification-index
10280,nara_codification,nara-codification-index
10281,nara_codification,nara-codification-index
10282,nara_codification,nara-codification-index
10283,nara_codification,nara-codification-index
10284,nara_codification,nara-codification-index
10285,nara_codification,nara-codification-index
10286,nara_codification,nara-codification-index
10287,nara_codification,nara-codification-index
10289,nara_codification,nara-codification-index
10290,nara_codification,nara-codification-index
10291,nara_codification,nara-codification-index
10292,nara_codification,nara-codification-index
10293,nara_codification,nara-codification-index
10294,nara_codification,nara-codification-index
10295,nara_codification,nara-codification-index
10296,nara_codification,nara-codification-index
10297,nara_codification,nara-codification-index
10298,nara_codification,nara-codification-index
10299,nara_codification,nara-codification-index
10300,nara_codification,nara-codification-index
10301,nara_codification,nara-codification-index
10302,nara_codification,nara-codification-index
10303,nara_codification,nara-codification-index
10304,nara_codification,nara-codification-index
10305,nara_codification,nara-codification-index
10306,nara_codification,nara-codification-index
10307,nara_codification,nara-codification-index
10308,nara_codification,nara-codification-index
10309,nara_codification,nara-codification-index
10310,nara_codification,nara-codification-index
10311,nara_codification,nara-codification-index
10312,nara_codification,nara-codification-index
10313,nara_codification,nara-codification-index
10314,nara_codification,nara-codification-index
10315,nara_codification,nara-codification-index
10316,nara_codification,nara-codification-index
10317,nara_codification,nara-codification-index
10318,nara_codification,nara-codification-index
10319,nara_codification,nara-codification-index
10320,nara_codification,nara-codification-index
10321,nara_codification,nara-codification-index
10322,nara_codification,nara-codification-index
10323,nara_codification,nara-codification-index
10324,nara_codification,nara-codification-index
10325,nara_codification,nara-codification-index
10326,nara_codification,nara-codification-index
10327,nara_codification,nara-codification-index
10328,nara_codification,nara-codification-index
10329,nara_codification,nara-codification-index
10330,nara_codification,nara-codification-index
10331,nara_codification,nara-codification-index
10332,nara_codification,nara-codification-index
10333,nara_codification,nara-codification-index
10334,nara_codification,nara-codification-index
10335,nara_codification,nara-codification-index
10336,nara_codification,nara-codification-index
10337,nara_codification,nara-codification-index
10338,nara_codification,nara-codification-index
10339,nara_codification,nara-codification-index
10340,nara_codification,nara-codification-index
10341,nara_codification,nara-codification-index
10342,nara_codification,nara-codification-index
10343,nara_codification,nara-codification-index
10344,nara_codification,nara-codification-index
10345,nara_codification,nara-codification-index
10346,nara_codification,nara-codification-index
10347,nara_codification,nara-codification-index
10348,nara_codification,nara-codification-index
10349,nara_codification,nara-codification-index
10350,nara_codification,nara-codification-index
10351,nara_codification,nara-codification-index
10352,nara_codification,nara-codification-index
10353,nara_codification,nara-codification-index
10354,nara_codification,nara-codification-index
10355,nara_codification,nara-order-detail-probe
10356,nara_codification,nara-codification-index
10357,nara_codification,nara-codification-index
10358,nara_codification,nara-codification-index
10359,nara_codification,nara-codification-index
10360,nara_codification,nara-codification-index
10361,nara_codification,nara-codification-index
10362,nara_codification,nara-codification-index
10363,nara_codification,nara-codification-index
10364,nara_codification,nara-codification-index
10365,nara_codification,nara-codification-index
10366,nara_codification,nara-codification-index
10367,nara_codification,nara-codification-index
10368,nara_codification,nara-codification-index
10369,nara_codification,nara-codification-index
10370,nara_codification,nara-codification-index
10371,nara_codification,nara-codification-index
10372,nara_codification,nara-codification-index
10373,nara_codification,nara-codification-index
10374,nara_codification,nara-codification-index
10375,nara_codification,nara-codification-index
10376,nara_codification,nara-codification-index
10377,nara_codification,nara-codification-index
10378,nara_codification,nara-codification-index
10379,nara_codification,nara-codification-index
10380,nara_codification,nara-codification-index
10381,nara_codification,nara-codification-index
10382,nara_codification,nara-codification-index
10383,nara_codification,nara-codification-index
10384,nara_codification,nara-codification-index
10385,nara_codification,nara-codification-index
10386,nara_codification,nara-codification-index
10387,nara_codification,nara-codification-index
10388,nara_codification,nara-codification-index
10389,nara_codification,nara-codification-index
10390,nara_codification,nara-codification-index
10391,nara_codification,nara-codification-index
10392,nara_codification,nara-codification-index
10393,nara_codification,nara-codification-index
10394,nara_codification,nara-codification-index
10395,nara_codification,nara-codification-index
10396,nara_codification,nara-codification-index
10397,nara_codification,nara-codification-index
10398,nara_codification,nara-codification-index
10399,nara_codification,nara-codification-index
10400,nara_codification,nara-codification-index
10401,nara_codification,nara-codification-index
10402,nara_codification,nara-codification-index
10403,nara_codification,nara-codification-index
10404,nara_codification,nara-codification-index
10405,nara_codification,nara-codification-index
10406,nara_codification,nara-codification-index
10407,nara_codification,nara-codification-index
10408,nara_codification,nara-codification-index
10409,nara_codification,nara-codification-index
10410,nara_codification,nara-codification-index
10411,nara_codification,nara-codification-index
10412,nara_codification,nara-codification-index
10413,nara_codification,nara-codification-index
10414,nara_codification,nara-codification-index
10415,nara_codification,nara-codification-index
10416,nara_codification,nara-codification-index
10417,nara_codification,nara-codification-index
10418,nara_codification,nara-codification-index
10419,nara_codification,nara-codification-index
10420,nara_codification,nara-codification-index
10421,nara_codification,nara-codification-index
10422,nara_codification,nara-codification-index
10423,nara_codification,nara-codification-index
10424,nara_codification,nara-codification-index
10425,nara_codification,nara-codification-index
10426,nara_codification,nara-codification-index
10427,nara_codification,nara-codification-index
10428,nara_codification,nara-codification-index
10429,nara_codification,nara-codification-index
10430,nara_codification,nara-codification-index
10431,nara_codification,nara-codification-index
10432,nara_codification,nara-codification-index
10433,nara_codification,nara-codification-index
10434,nara_codification,nara-codification-index
10435,nara_codification,nara-codification-index
10436,nara_codification,nara-codification-index
10437,nara_codification,nara-codification-index
10438,nara_codification,nara-codification-index
10439,nara_codification,nara-codification-index
10440,nara_codification,nara-codification-index
10441,nara_codification,nara-codification-index
10442,nara_codification,nara-codification-index
10443,nara_codification,nara-codification-index
10444,nara_codification,nara-codification-index
10445,nara_codification,nara-codification-index
10446,nara_codification,nara-codification-index
10447,nara_codification,nara-codification-index
10448,nara_codification,nara-codification-index
10449,nara_codification,nara-codification-index
10450,nara_codification,nara-order-detail-probe
10451,nara_codification,nara-codification-index
10452,nara_codification,nara-codification-index
10453,nara_codification,nara-codification-index
10454,nara_codification,nara-codification-index
10455,nara_codification,nara-codification-index
10456,nara_codification,nara-codification-index
10457,nara_codification,nara-codification-index
10458,nara_codification,nara-codification-index
10459,nara_codification,nara-codification-index
10460,nara_codification,nara-codification-index
10461,nara_codification,nara-codification-index
10462,nara_codification,nara-codification-index
10463,nara_codification,nara-codification-index
10464,nara_codification,nara-codification-index
10465,nara_codification,nara-codification-index
10466,nara_codification,nara-codification-index
10467,nara_codification,nara-codification-index
10468,nara_codification,nara-codification-index
10469,nara_codification,nara-codification-index
10470,nara_codification,nara-codification-index
10471,nara_codification,nara-codification-index
10472,nara_codification,nara-codification-index
10473,nara_codification,nara-codification-index
10474,nara_codification,nara-codification-index
10475,nara_codification,nara-codification-index
10476,nara_codification,nara-codification-index
10477,nara_codification,nara-codification-index
10478,nara_codification,nara-codification-index
10479,nara_codification,nara-codification-index
10480,nara_codification,nara-codification-index
10481,nara_codification,nara-codification-index
10482,nara_codification,nara-codification-index
10483,nara_codification,nara-codification-index
10484,nara_codification,nara-codification-index
10485,nara_codification,nara-order-detail-probe
10486,nara_codification,nara-codification-index
10487,nara_codification,nara-codification-index
10488,nara_codification,nara-order-detail-probe
10489,nara_codification,nara-codification-index
10490,nara_codification,nara-codification-index
10491,nara_codification,nara-codification-index
10492,nara_codification,nara-codification-index
10493,nara_codification,nara-codification-index
10494,nara_codification,nara-codification-index
10495,nara_codification,nara-codification-index
10496,nara_codification,nara-codification-index
10497,nara_codification,nara-codification-index
10498,nara_codification,nara-codification-index
10499,nara_codification,nara-codification-index
10500,nara_codification,nara-codification-index
10501,nara_codification,nara-codification-index
10502,nara_codification,nara-codification-index
10503,nara_codification,nara-codification-index
10504,nara_codification,nara-codification-index
10505,nara_codification,nara-codification-index
10506,nara_codification,nara-codification-index
10507,nara_codification,nara-codification-index
10508,nara_codification,nara-codification-index
10509,nara_codification,nara-codification-index
10510,nara_codification,nara-codification-index
10511,nara_codification,nara-codification-index
10512,nara_codification,nara-codification-index
10513,nara_codification,nara-codification-index
10514,nara_codification,nara-codification-index
10515,nara_codification,nara-codification-index
10516,nara_codification,nara-codification-index
10517,nara_codification,nara-codification-index
10518,nara_codification,nara-codification-index
10519,nara_codification,nara-codification-index
10520,nara_codification,nara-codification-index
10521,nara_codification,nara-order-detail-probe
10522,nara_codification,nara-codification-index
10523,nara_codification,nara-codification-index
10524,nara_codification,nara-codification-index
10525,nara_codification,nara-codification-index
10526,nara_codification,nara-codification-index
10527,nara_codification,nara-codification-index
10528,nara_codification,nara-codification-index
10529,nara_codification,nara-codification-index
10530,nara_codification,nara-order-detail-probe
10531,nara_codification,nara-codification-index
10532,nara_codification,nara-codification-index
10533,nara_codification,nara-codification-index
10534,nara_codification,nara-codification-index
10535,nara_codification,nara-codification-index
10536,nara_codification,nara-codification-index
10537,nara_codification,nara-codification-index
10538,nara_codification,nara-codification-index
10539,nara_codification,nara-codification-index
10540,nara_codification,nara-codification-index
10541,nara_codification,nara-codification-index
10542,nara_codification,nara-codification-index
10543,nara_codification,nara-codification-index
10544,nara_codification,nara-codification-index
10545,nara_codification,nara-codification-index
10546,nara_codification,nara-codification-index
10547,nara_codification,nara-codification-index
10548,nara_codification,nara-codification-index
10549,nara_codification,nara-codification-index
10550,nara_codification,nara-codification-index
10551,nara_codification,nara-codification-index
10552,nara_codification,nara-codification-index
10553,nara_codification,nara-codification-index
10554,nara_codification,nara-codification-index
10555,nara_codification,nara-codification-index
10556,nara_codification,nara-codification-index
10557,nara_codification,nara-codification-index
10558,nara_codification,nara-codification-index
10559,nara_codification,nara-codification-index
10560,nara_codification,nara-codification-index
10561,nara_codification,nara-codification-index
10562,nara_codification,nara-codification-index
10563,nara_codification,nara-codification-index
10564,nara_codification,nara-codification-index
10565,nara_codification,nara-codification-index
10566,nara_codification,nara-codification-index
10567,nara_codification,nara-codification-index
10568,nara_codification,nara-codification-index
10569,nara_codification,nara-codification-index
10570,nara_codification,nara-codification-index
10571,nara_codification,nara-codification-index
10572,nara_codification,nara-codification-index
10573,nara_codification,nara-codification-index
10574,nara_codification,nara-codification-index
10575,nara_codification,nara-codification-index
10576,nara_codification,nara-codification-index
10577,nara_codification,nara-order-detail-probe
10578,nara_codification,nara-codification-index
10579,nara_codification,nara-codification-index
10580,nara_codification,nara-codification-index
10581,nara_codification,nara-codification-index
10582,nara_codification,nara-codification-index
10583,nara_codification,nara-codification-index
10584,nara_codification,nara-codification-index
10585,nara_codification,nara-codification-index
10586,nara_codification,nara-codification-index
10587,nara_codification,nara-codification-index
10588,nara_codification,nara-codification-index
10589,nara_codification,nara-codification-index
10590,nara_codification,nara-codification-index
10591,nara_codification,nara-codification-index
10592,nara_codification,nara-codification-index
10593,nara_codification,nara-codification-index
10594,nara_codification,nara-codification-index
10596,nara_codification,nara-codification-index
10597,nara_codification,nara-codification-index
10598,nara_codification,nara-codification-index
10599,nara_codification,nara-codification-index
10600,nara_codification,nara-codification-index
10601,nara_codification,nara-codification-index
10602,nara_codification,nara-codification-index
10603,nara_codification,nara-codification-index
10604,nara_codification,nara-codification-index
10605,nara_codification,nara-codification-index
10606,nara_codification,nara-codification-index
10607,nara_codification,nara-codification-index
10608,nara_codification,nara-codification-index
10609,nara_codification,nara-codification-index
10610,nara_codification,nara-codification-index
10611,nara_codification,nara-codification-index
10612,nara_codification,nara-codification-index
10613,nara_codification,nara-codification-index
10614,nara_codification,nara-codification-index
10615,nara_codification,nara-codification-index
10616,nara_codification,nara-codification-index
10617,nara_codification,nara-codification-index
10618,nara_codification,nara-codification-index
10619,nara_codification,nara-codification-index
10620,nara_codification,nara-codification-index
10621,nara_codification,nara-codification-index
10622,nara_codification,nara-codification-index
10623,nara_codification,nara-codification-index
10624,nara_codification,nara-codification-index
10625,nara_codification,nara-codification-index
10626,nara_codification,nara-codification-index
10627,nara_codification,nara-codification-index
10628,nara_codification,nara-codification-index
10629,nara_codification,nara-codification-index
10630,nara_codification,nara-codification-index
10631,nara_codification,nara-codification-index
10632,nara_codification,nara-codification-index
10633,nara_codification,nara-codification-index
10634,nara_codification,nara-codification-index
10635,nara_codification,nara-codification-index
10636,nara_codification,nara-codification-index
10637,nara_codification,nara-codification-index
10638,nara_codification,nara-codification-index
10639,nara_codification,nara-codification-index
10640,nara_codification,nara-codification-index
10641,nara_codification,nara-codification-index
10642,nara_codification,nara-codification-index
10643,nara_codification,nara-codification-index
10644,nara_codification,nara-codification-index
10645,nara_codification,nara-codification-index
10646,nara_codification,nara-codification-index
10647,nara_codification,nara-codification-index
10648,nara_codification,nara-codification-index
10649,nara_codification,nara-codification-index
10650,nara_codification,nara-codification-index
10651,nara_codification,nara-codification-index
10652,nara_codification,nara-codification-index
10653,nara_codification,nara-codification-index
10654,nara_codification,nara-codification-index
10655,nara_codification,nara-codification-index
10656,nara_codification,nara-codification-index
10657,nara_codification,nara-codification-index
10658,nara_codification,nara-codification-index
10659,nara_codification,nara-codification-index
10660,nara_codification,nara-codification-index
10661,nara_codification,nara-codification-index
10662,nara_codification,nara-codification-index
10663,nara_codification,nara-codification-index
10664,nara_codification,nara-codification-index
10665,nara_codification,nara-codification-index
10666,nara_codification,nara-codification-index
10667,nara_codification,nara-codification-index
10668,nara_codification,nara-codification-index
10669,nara_codification,nara-codification-index
10670,nara_codification,nara-codification-index
10671,nara_codification,nara-codification-index
10672,nara_codification,nara-codification-index
10673,nara_codification,nara-codification-index
10674,nara_codification,nara-codification-index
10675,nara_codification,nara-codification-index
10676,nara_codification,nara-codification-index
10677,nara_codification,nara-codification-index
10678,nara_codification,nara-codification-index
10679,nara_codification,nara-codification-index
10680,nara_codification,nara-codification-index
10681,nara_codification,nara-codification-index
10682,nara_codification,nara-codification-index
10683,nara_codification,nara-codification-index
10684,nara_codification,nara-codification-index
10685,nara_codification,nara-codification-index
10686,nara_codification,nara-codification-index
10687,nara_codification,nara-codification-index
10688,nara_codification,nara-codification-index
10689,nara_codification,nara-codification-index
10690,nara_codification,nara-codification-index
10691,nara_codification,nara-codification-index
10692,nara_codification,nara-codification-index
10693,nara_codification,nara-codification-index
10694,nara_codification,nara-codification-index
10695,nara_codification,nara-codification-index
10696,nara_codification,nara-codification-index
10697,nara_codification,nara-codification-index
10698,nara_codification,nara-codification-index
10699,nara_codification,nara-codification-index
10700,nara_codification,nara-codification-index
10701,nara_codification,nara-codification-index
10702,nara_codification,nara-codification-index
10703,nara_codification,nara-codification-index
10704,nara_codification,nara-codification-index
10705,nara_codification,nara-codification-index
10706,nara_codification,nara-codification-index
10707,nara_codification,nara-codification-index
10708,nara_codification,nara-codification-index
10709,nara_codification,nara-codification-index
10710,nara_codification,nara-codification-index
10711,nara_codification,nara-codification-index
10712,nara_codification,nara-codification-index
10713,nara_codification,nara-codification-index
10714,nara_codification,nara-codification-index
10715,nara_codification,nara-codification-index
10716,nara_codification,nara-codification-index
10717,nara_codification,nara-codification-index
10718,nara_codification,nara-order-detail-probe
10719,nara_codification,nara-codification-index
10720,nara_codification,nara-codification-index
10721,nara_codification,nara-codification-index
10722,nara_codification,nara-codification-index
10723,nara_codification,nara-codification-index
10724,nara_codification,nara-codification-index
10725,nara_codification,nara-codification-index
10726,nara_codification,nara-codification-index
10727,nara_codification,nara-codification-index
10728,nara_codification,nara-codification-index
10729,nara_codification,nara-codification-index
10730,nara_codification,nara-codification-index
10731,nara_codification,nara-codification-index
10732,nara_codification,nara-codification-index
10733,nara_codification,nara-codification-index
10734,nara_codification,nara-codification-index
10735,nara_codification,nara-codification-index
10736,nara_codification,nara-codification-index
10737,nara_codification,nara-codification-index
10738,nara_codification,nara-codification-index
10739,nara_codification,nara-codification-index
10740,nara_codification,nara-codification-index
10741,nara_codification,nara-codification-index
10742,nara_codification,nara-codification-index
10743,nara_codification,nara-codification-index
10744,nara_codification,nara-codification-index
10745,nara_codification,nara-codification-index
10746,nara_codification,nara-codification-index
10747,nara_codification,nara-codification-index
10748,nara_codification,nara-codification-index
10749,nara_codification,nara-codification-index
10750,nara_codification,nara-codification-index
10751,nara_codification,nara-codification-index
10752,nara_codification,nara-codification-index
10753,nara_codification,nara-codification-index
10754,nara_codification,nara-codification-index
10755,nara_codification,nara-codification-index
10756,nara_codification,nara-codification-index
10757,nara_codification,nara-codification-index
10758,nara_codification,nara-codification-index
10759,nara_codification,nara-codification-index
10760,nara_codification,nara-codification-index
10761,nara_codification,nara-codification-index
10762,nara_codification,nara-codification-index
10763,nara_codification,nara-codification-index
10764,nara_codification,nara-codification-index
10765,nara_codification,nara-codification-index
10766,nara_codification,nara-codification-index
10767,nara_codification,nara-codification-index
10768,nara_codification,nara-codification-index
10769,nara_codification,nara-codification-index
10770,nara_codification,nara-codification-index
10771,nara_codification,nara-codification-index
10772,nara_codification,nara-codification-index
10773,nara_codification,nara-codification-index
10774,nara_codification,nara-codification-index
10775,nara_codification,nara-codification-index
10776,nara_codification,nara-codification-index
10777,nara_codification,nara-codification-index
10778,nara_codification,nara-codification-index
10779,nara_codification,nara-codification-index
10780,nara_codification,nara-codification-index
10781,nara_codification,nara-codification-index
10782,nara_codification,nara-codification-index
10783,nara_codification,nara-codification-index
10784,nara_codification,nara-codification-index
10785,nara_codification,nara-codification-index
10786,nara_codification,nara-codification-index
10787,nara_codification,nara-codification-index
10788,nara_codification,nara-codification-index
10789,nara_codification,nara-order-detail-probe
10790,nara_codification,nara-codification-index
10791,nara_codification,nara-codification-index
10792,nara_codification,nara-codification-index
10793,nara_codification,nara-codification-index
10794,nara_codification,nara-codification-index
10795,nara_codification,nara-codification-index
10796,nara_codification,nara-codification-index
10797,nara_codification,nara-codification-index
10798,nara_codification,nara-codification-index
10799,nara_codification,nara-codification-index
10800,nara_codification,nara-codification-index
10801,nara_codification,nara-codification-index
10802,nara_codification,nara-codification-index
10803,nara_codification,nara-codification-index
10804,nara_codification,nara-codification-index
10805,nara_codification,nara-codification-index
10806,nara_codification,nara-codification-index
10807,nara_codification,nara-codification-index
10808,nara_codification,nara-codification-index
10809,nara_codification,nara-codification-index
10810,nara_codification,nara-codification-index
10811,nara_codification,nara-codification-index
10812,nara_codification,nara-codification-index
10813,nara_codification,nara-codification-index
10814,nara_codification,nara-codification-index
10815,nara_codification,nara-codification-index
10816,nara_codification,nara-codification-index
10817,nara_codification,nara-codification-index
10818,nara_codification,nara-codification-index
10819,nara_codification,nara-codification-index
10820,nara_codification,nara-codification-index
10821,nara_codification,nara-codification-index
10822,nara_codification,nara-codification-index
10823,nara_codification,nara-codification-index
10824,nara_codification,nara-codification-index
10825,nara_codification,nara-codification-index
10826,nara_codification,nara-codification-index
10827,nara_codification,nara-codification-index
10828,nara_codification,nara-codification-index
10829,nara_codification,nara-codification-index
10830,nara_codification,nara-codification-index
10831,nara_codification,nara-codification-index
10832,nara_codification,nara-codification-index
10833,nara_codification,nara-codification-index
10834,nara_codification,nara-codification-index
10835,nara_codification,nara-codification-index
10836,nara_codification,nara-codification-index
10837,nara_codification,nara-codification-index
10838,nara_codification,nara-codification-index
10839,nara_codification,nara-codification-index
10840,nara_codification,nara-codification-index
10841,nara_codification,nara-codification-index
10842,nara_codification,nara-codification-index
10843,nara_codification,nara-codification-index
10844,nara_codification,nara-codification-index
10845,nara_codification,nara-codification-index
10846,nara_codification,nara-codification-index
10847,nara_codification,nara-codification-index
10848,nara_codification,nara-codification-index
10849,nara_codification,nara-codification-index
10850,nara_codification,nara-codification-index
10851,nara_codification,nara-codification-index
10852,nara_codification,nara-codification-index
10853,nara_codification,nara-codification-index
10854,nara_codification,nara-order-detail-probe
10855,nara_codification,nara-codification-index
10856,nara_codification,nara-codification-index
10857,nara_codification,nara-codification-index
10858,nara_codification,nara-codification-index
10859,nara_codification,nara-codification-index
10860,nara_codification,nara-codification-index
10861,nara_codification,nara-codification-index
10862,nara_codification,nara-codification-index
10863,nara_codification,nara-codification-index
10864,nara_codification,nara-codification-index
10865,nara_codification,nara-order-detail-probe
10866,nara_codification,nara-codification-index
10867,nara_codification,nara-codification-index
10868,nara_codification,nara-codification-index
10869,nara_codification,nara-codification-index
10870,nara_codification,nara-codification-index
10871,nara_codification,nara-codification-index
10872,nara_codification,nara-codification-index
10873,nara_codification,nara-codification-index
10874,nara_codification,nara-codification-index
10875,nara_codification,nara-codification-index
10876,nara_codification,nara-codification-index
10877,nara_codification,nara-codification-index
10878,nara_codification,nara-codification-index
10879,nara_codification,nara-codification-index
10880,nara_codification,nara-codification-index
10881,nara_codification,nara-codification-index
10882,nara_codification,nara-codification-index
10883,nara_codification,nara-codification-index
10884,nara_codification,nara-codification-index
10885,nara_codification,nara-codification-index
10886,nara_codification,nara-codification-index
10887,nara_codification,nara-codification-index
10888,nara_codification,nara-codification-index
10889,nara_codification,nara-codification-index
10890,nara_codification,nara-codification-index
10891,nara_codification,nara-codification-index
10892,nara_codification,nara-codification-index
10893,nara_codification,nara-codification-index
10894,nara_codification,nara-codification-index
10895,nara_codification,nara-codification-index
10896,nara_codification,nara-codification-index
10897,nara_codification,nara-codification-index
10898,nara_codification,nara-codification-index
10899,nara_codification,nara-codification-index
10900,nara_codification,nara-codification-index
10901,nara_codification,nara-codification-index
10902,nara_codification,nara-codification-index
10903,nara_codification,nara-codification-index
10904,nara_codification,nara-codification-index
10905,nara_codification,nara-codification-index
10906,nara_codification,nara-codification-index
10907,nara_codification,nara-codification-index
10908,nara_codification,nara-codification-index
10909,nara_codification,nara-codification-index
10910,nara_codification,nara-codification-index
10911,nara_codification,nara-codification-index
10912,nara_codification,nara-codification-index
10913,nara_codification,nara-codification-index
10914,nara_codification,nara-codification-index
10915,nara_codification,nara-codification-index
10916,nara_codification,nara-codification-index
10917,nara_codification,nara-codification-index
10918,nara_codification,nara-codification-index
10919,nara_codification,nara-codification-index
10920,nara_codification,nara-codification-index
10921,nara_codification,nara-codification-index
10922,nara_codification,nara-codification-index
10923,nara_codification,nara-codification-index
10924,nara_codification,nara-codification-index
10925,nara_codification,nara-codification-index
10926,nara_codification,nara-codification-index
10927,nara_codification,nara-codification-index
10928,nara_codification,nara-codification-index
10929,nara_codification,nara-codification-index
10930,nara_codification,nara-codification-index
10931,nara_codification,nara-codification-index
10932,nara_codification,nara-codification-index
10933,nara_codification,nara-codification-index
10934,nara_codification,nara-codification-index
10935,nara_codification,nara-codification-index
10936,nara_codification,nara-codification-index
10937,nara_codification,nara-codification-index
10938,nara_codification,nara-codification-index
10939,nara_codification,nara-codification-index
10940,nara_codification,nara-codification-index
10941,nara_codification,nara-codification-index
10942,nara_codification,nara-codification-index
10943,nara_codification,nara-codification-index
10944,nara_codification,nara-codification-index
10945,nara_codification,nara-codification-index
10946,nara_codification,nara-codification-index
10947,nara_codification,nara-codification-index
10948,nara_codification,nara-codification-index
10949,nara_codification,nara-codification-index
10950,nara_codification,nara-codification-index
10951,nara_codification,nara-codification-index
10952,nara_codification,nara-codification-index
10953,nara_codification,nara-codification-index
10954,nara_codification,nara-codification-index
10955,nara_codification,nara-codification-index
10956,nara_codification,nara-codification-index
10957,nara_codification,nara-codification-index
10958,nara_codification,nara-codification-index
10959,nara_codification,nara-codification-index
10960,nara_codification,nara-codification-index
10961,nara_codification,nara-codification-index
10962,nara_codification,nara-codification-index
10963,nara_codification,nara-codification-index
10964,nara_codification,nara-codification-index
10965,nara_codification,nara-codification-index
10966,nara_codification,nara-codification-index
10967,nara_codification,nara-codification-index
10968,nara_codification,nara-codification-index
10969,nara_codification,nara-codification-index
10970,nara_codification,nara-codification-index
10971,nara_codification,nara-codification-index
10972,nara_codification,nara-codification-index
10973,nara_codification,nara-codification-index
10974,nara_codification,nara-codification-index
10975,nara_codification,nara-codification-index
10976,nara_codification,nara-codification-index
10977,nara_codification,nara-codification-index
10978,nara_codification,nara-codification-index
10979,nara_codification,nara-codification-index
10980,nara_codification,nara-codification-index
10981,nara_codification,nara-codification-index
10982,nara_codification,nara-order-detail-probe
10983,nara_codification,nara-codification-index
10984,nara_codification,nara-codification-index
10985,nara_codification,nara-codification-index
10986,nara_codification,nara-codification-index
10987,nara_codification,nara-codification-index
10988,nara_codification,nara-codification-index
10989,nara_codification,nara-codification-index
10990,nara_codification,nara-codification-index
10991,nara_codification,nara-codification-index
10992,nara_codification,nara-codification-index
10993,nara_codification,nara-codification-index
10994,nara_codification,nara-codification-index
10995,nara_codification,nara-codification-index
10996,nara_codification,nara-codification-index
10997,nara_codification,nara-codification-index
10998,nara_codification,nara-codification-index
10999,nara_codification,nara-codification-index
11000,nara_codification,nara-codification-index
11001,nara_codification,nara-codification-index
11002,nara_codification,nara-codification-index
11003,nara_codification,nara-codification-index
11004,nara_codification,nara-codification-index
11005,nara_codification,nara-codification-index
11006,nara_codification,nara-codification-index
11007,nara_codification,nara-codification-index
11008,nara_codification,nara-codification-index
11009,nara_codification,nara-codification-index
11010,nara_codification,nara-codification-index
11011,nara_codification,nara-codification-index
11012,nara_codification,nara-codification-index
11013,nara_codification,nara-codification-index
11014,nara_codification,nara-codification-index
11015,nara_codification,nara-codification-index
11016,nara_codification,nara-codification-index
11017,nara_codification,nara-codification-index
11018,nara_codification,nara-codification-index
11019,nara_codification,nara-codification-index
11020,nara_codification,nara-codification-index
11021,nara_codification,nara-codification-index
11022,nara_codification,nara-codification-index
11023,nara_codification,nara-codification-index
11024,nara_codification,nara-codification-index
11025,nara_codification,nara-codification-index
11026,nara_codification,nara-codification-index
11027,nara_codification,nara-codification-index
11028,nara_codification,nara-codification-index
11029,nara_codification,nara-codification-index
11030,nara_codification,nara-codification-index
11031,nara_codification,nara-codification-index
11032,nara_codification,nara-codification-index
11033,nara_codification,nara-codification-index
11034,nara_codification,nara-codification-index
11035,nara_codification,nara-codification-index
11036,nara_codification,nara-codification-index
11037,nara_codification,nara-codification-index
11038,nara_codification,nara-codification-index
11039,nara_codification,nara-codification-index
11040,nara_codification,nara-codification-index
11041,nara_codification,nara-codification-index
11042,nara_codification,nara-codification-index
11043,nara_codification,nara-codification-index
11044,nara_codification,nara-codification-index
11045,nara_codification,nara-codification-index
11046,nara_codification,nara-codification-index
11047,nara_codification,nara-codification-index
11048,nara_codification,nara-order-detail-probe
11049,nara_codification,nara-codification-index
11050,nara_codification,nara-codification-index
11051,nara_codification,nara-codification-index
11052,nara_codification,nara-codification-index
11053,nara_codification,nara-codification-index
11054,nara_codification,nara-codification-index
11055,nara_codification,nara-codification-index
11056,nara_codification,nara-codification-index
11057,nara_codification,nara-codification-index
11058,nara_codification,nara-codification-index
11059,nara_codification,nara-codification-index
11060,nara_codification,nara-codification-index
11061,nara_codification,nara-codification-index
11062,nara_codification,nara-codification-index
11063,nara_codification,nara-order-detail-probe
11064,nara_codification,nara-codification-index
11065,nara_codification,nara-codification-index
11066,nara_codification,nara-codification-index
11067,nara_codification,nara-codification-index
11068,nara_codification,nara-codification-index
11069,nara_codification,nara-codification-index
11070,nara_codification,nara-codification-index
11071,nara_codification,nara-codification-index
11072,nara_codification,nara-codification-index
11073,nara_codification,nara-codification-index
11074,nara_codification,nara-codification-index
11075,nara_codification,nara-codification-index
11076,nara_codification,nara-codification-index
11077,nara_codification,nara-codification-index
11078,nara_codification,nara-codification-index
11079,nara_codification,nara-codification-index
11080,nara_codification,nara-codification-index
11081,nara_codification,nara-codification-index
11082,nara_codification,nara-codification-index
11083,nara_codification,nara-codification-index
11084,nara_codification,nara-codification-index
11085,nara_codification,nara-codification-index
11086,nara_codification,nara-codification-index
11087,nara_codification,nara-codification-index
11088,nara_codification,nara-codification-index
11089,nara_codification,nara-codification-index
11090,nara_codification,nara-codification-index
11091,nara_codification,nara-codification-index
11092,nara_codification,nara-codification-index
11093,nara_codification,nara-codification-index
11094,nara_codification,nara-codification-index
11095,nara_codification,nara-codification-index
11096,nara_codification,nara-codification-index
11097,nara_codification,nara-codification-index
11098,nara_codification,nara-codification-index
11099,nara_codification,nara-codification-index
11100,nara_codification,nara-codification-index
11101,nara_codification,nara-codification-index
11102,nara_codification,nara-codification-index
11103,nara_codification,nara-order-detail-probe
11104,nara_codification,nara-codification-index
11105,nara_codification,nara-codification-index
11106,nara_codification,nara-codification-index
11107,nara_codification,nara-codification-index
11108,nara_codification,nara-codification-index
11109,nara_codification,nara-codification-index
11110,nara_codification,nara-codification-index
11111,nara_codification,nara-codification-index
11112,nara_codification,nara-codification-index
11113,nara_codification,nara-codification-index
11114,nara_codification,nara-codification-index
11115,nara_codification,nara-codification-index
11116,nara_codification,nara-codification-index
11117,nara_codification,nara-codification-index
11118,nara_codification,nara-codification-index
11119,nara_codification,nara-codification-index
11120,nara_codification,nara-codification-index
11121,nara_codification,nara-codification-index
11122,nara_codification,nara-codification-index
11123,nara_codification,nara-codification-index
11124,nara_codification,nara-codification-index
11125,nara_codification,nara-codification-index
11126,nara_codification,nara-codification-index
11127,nara_codification,nara-codification-index
11128,nara_codification,nara-codification-index
11129,nara_codification,nara-codification-index
11130,nara_codification,nara-codification-index
11131,nara_codification,nara-codification-index
11132,nara_codification,nara-codification-index
11133,nara_codification,nara-codification-index
11134,nara_codification,nara-codification-index
11135,nara_codification,nara-codification-index
11136,nara_codification,nara-codification-index
11137,nara_codification,nara-codification-index
11138,nara_codification,nara-codification-index
11139,nara_codification,nara-codification-index
11140,nara_codification,nara-codification-index
11141,nara_codification,nara-order-detail-probe
11142,nara_codification,nara-codification-index
11143,nara_codification,nara-codification-index
11144,nara_codification,nara-codification-index
11145,nara_codification,nara-codification-index
11146,nara_codification,nara-codification-index
11147,nara_codification,nara-codification-index
11148,nara_codification,nara-codification-index
11149,nara_codification,nara-codification-index
11150,nara_codification,nara-codification-index
11151,nara_codification,nara-codification-index
11152,nara_codification,nara-codification-index
11153,nara_codification,nara-codification-index
11154,nara_codification,nara-codification-index
11155,nara_codification,nara-codification-index
11156,nara_codification,nara-codification-index
11157,nara_codification,nara-order-detail-probe
11158,nara_codification,nara-codification-index
11159,nara_codification,nara-codification-index
11160,nara_codification,nara-codification-index
11161,nara_codification,nara-order-detail-probe
11162,nara_codification,nara-codification-index
11163,nara_codification,nara-codification-index
11164,nara_codification,nara-codification-index
11165,nara_codification,nara-codification-index
11166,nara_codification,nara-codification-index
11167,nara_codification,nara-codification-index
11168,nara_codification,nara-codification-index
11169,nara_codification,nara-codification-index
11170,nara_codification,nara-codification-index
11171,nara_codification,nara-codification-index
11172,nara_codification,nara-codification-index
11173,nara_codification,nara-codification-index
11174,nara_codification,nara-codification-index
11175,nara_codification,nara-codification-index
11176,nara_codification,nara-codification-index
11177,nara_codification,nara-order-detail-probe
11178,nara_codification,nara-codification-index
11179,nara_codification,nara-codification-index
11180,nara_codification,nara-codification-index
11181,nara_codification,nara-codification-index
11182,nara_codification,nara-codification-index
11183,nara_codification,nara-codification-index
11184,nara_codification,nara-codification-index
11185,nara_codification,nara-codification-index
11186,nara_codification,nara-codification-index
11187,nara_codification,nara-codification-index
11188,nara_codification,nara-codification-index
11189,nara_codification,nara-codification-index
11190,nara_codification,nara-order-detail-probe
11191,nara_codification,nara-codification-index
11192,nara_codification,nara-codification-index
11193,nara_codification,nara-codification-index
11194,nara_codification,nara-codification-index
11195,nara_codification,nara-codification-index
11196,nara_codification,nara-codification-index
11197,nara_codification,nara-codification-index
11198,nara_codification,nara-codification-index
11199,nara_codification,nara-codification-index
11200,nara_codification,nara-codification-index
11201,nara_codification,nara-codification-index
11202,nara_codification,nara-codification-index
11203,nara_codification,nara-codification-index
11204,nara_codification,nara-codification-index
11205,nara_codification,nara-codification-index
11206,nara_codification,nara-codification-index
11207,nara_codification,nara-codification-index
11208,nara_codification,nara-codification-index
11209,nara_codification,nara-codification-index
11210,nara_codification,nara-codification-index
11211,nara_codification,nara-codification-index
11212,nara_codification,nara-codification-index
11213,nara_codification,nara-codification-index
11214,nara_codification,nara-codification-index
11215,nara_codification,nara-codification-index
11216,nara_codification,nara-codification-index
11217,nara_codification,nara-codification-index
11218,nara_codification,nara-codification-index
11219,nara_codification,nara-order-detail-probe
11220,nara_codification,nara-codification-index
11221,nara_codification,nara-codification-index
11222,nara_codification,nara-codification-index
11223,nara_codification,nara-codification-index
11224,nara_codification,nara-codification-index
11225,nara_codification,nara-codification-index
11226,nara_codification,nara-codification-index
11227,nara_codification,nara-codification-index
11228,nara_codification,nara-order-detail-probe
11229,nara_codification,nara-codification-index
11230,nara_codification,nara-codification-index
11231,nara_codification,nara-codification-index
11232,nara_codification,nara-codification-index
11233,nara_codification,nara-codification-index
11234,nara_codification,nara-codification-index
11235,nara_codification,nara-codification-index
11236,nara_codification,nara-codification-index
11237,nara_codification,nara-codification-index
11238,nara_codification,nara-codification-index
11239,nara_codification,nara-codification-index
11240,nara_codification,nara-codification-index
11241,nara_codification,nara-codification-index
11242,nara_codification,nara-codification-index
11243,nara_codification,nara-codification-index
11244,nara_codification,nara-codification-index
11245,nara_codification,nara-codification-index
11246,nara_codification,nara-order-detail-probe
11247,nara_codification,nara-codification-index
11248,nara_codification,nara-codification-index
11249,nara_codification,nara-codification-index
11250,nara_codification,nara-codification-index
11251,nara_codification,nara-codification-index
11252,nara_codification,nara-codification-index
11253,nara_codification,nara-codification-index
11254,nara_codification,nara-codification-index
11255,nara_codification,nara-codification-index
11256,nara_codification,nara-codification-index
11257,nara_codification,nara-codification-index
11258,nara_codification,nara-codification-index
11259,nara_codification,nara-codification-index
11260,nara_codification,nara-codification-index
11261,nara_codification,nara-codification-index
11262,nara_codification,nara-codification-index
11263,nara_codification,nara-codification-index
11264,nara_codification,nara-codification-index
11265,nara_codification,nara-codification-index
11266,nara_codification,nara-codification-index
11267,nara_codification,nara-codification-index
11268,nara_codification,nara-codification-index
11269,nara_codification,nara-codification-index
11270,nara_codification,nara-codification-index
11271,nara_codification,nara-codification-index
11272,nara_codification,nara-codification-index
11273,nara_codification,nara-codification-index
11274,nara_codification,nara-codification-index
11275,nara_codification,nara-codification-index
11276,nara_codification,nara-codification-index
11277,nara_codification,nara-codification-index
11278,nara_codification,nara-codification-index
11279,nara_codification,nara-codification-index
11280,nara_codification,nara-codification-index
11281,nara_codification,nara-codification-index
11282,nara_codification,nara-codification-index
11283,nara_codification,nara-codification-index
11284,nara_codification,nara-codification-index
11285,nara_codification,nara-codification-index
11286,nara_codification,nara-codification-index
11287,nara_codification,nara-codification-index
11288,nara_codification,nara-codification-index
11289,nara_codification,nara-codification-index
11290,nara_codification,nara-codification-index
11291,nara_codification,nara-codification-index
11292,nara_codification,nara-codification-index
11293,nara_codification,nara-codification-index
11294,nara_codification,nara-codification-index
11295,nara_codification,nara-order-detail-probe
11296,nara_codification,nara-codification-index
11297,nara_codification,nara-codification-index
11298,nara_codification,nara-codification-index
11299,nara_codification,nara-codification-index
11300,nara_codification,nara-codification-index
11301,nara_codification,nara-codification-index
11302,nara_codification,nara-order-detail-probe
11303,nara_codification,nara-codification-index
11304,nara_codification,nara-codification-index
11305,nara_codification,nara-codification-index
11306,nara_codification,nara-codification-index
11307,nara_codification,nara-codification-index
11308,nara_codification,nara-codification-index
11309,nara_codification,nara-codification-index
11310,nara_codification,nara-codification-index
11311,nara_codification,nara-codification-index
11312,nara_codification,nara-codification-index
11313,nara_codification,nara-codification-index
11314,nara_codification,nara-codification-index
11315,nara_codification,nara-codification-index
11316,nara_codification,nara-codification-index
11317,nara_codification,nara-codification-index
11318,nara_codification,nara-codification-index
11319,nara_codification,nara-codification-index
11320,nara_codification,nara-codification-index
11321,nara_codification,nara-codification-index
11322,nara_codification,nara-codification-index
11323,nara_codification,nara-codification-index
11324,nara_codification,nara-codification-index
11325,nara_codification,nara-codification-index
11326,nara_codification,nara-codification-index
11327,nara_codification,nara-codification-index
11328,nara_codification,nara-codification-index
11329,nara_codification,nara-codification-index
11330,nara_codification,nara-codification-index
11331,nara_codification,nara-codification-index
11332,nara_codification,nara-codification-index
11333,nara_codification,nara-codification-index
11334,nara_codification,nara-codification-index
11335,nara_codification,nara-codification-index
11336,nara_codification,nara-codification-index
11337,nara_codification,nara-codification-index
11338,nara_codification,nara-codification-index
11339,nara_codification,nara-codification-index
11340,nara_codification,nara-codification-index
11341,nara_codification,nara-codification-index
11342,nara_codification,nara-codification-index
11343,nara_codification,nara-codification-index
11344,nara_codification,nara-codification-index
11345,nara_codification,nara-codification-index
11346,nara_codification,nara-codification-index
11347,nara_codification,nara-codification-index
11348,nara_codification,nara-codification-index
11349,nara_codification,nara-codification-index
11350,nara_codification,nara-codification-index
11351,nara_codification,nara-codification-index
11352,nara_codification,nara-codification-index
11353,nara_codification,nara-codification-index
11354,nara_codification,nara-codification-index
11355,nara_codification,nara-codification-index
11356,nara_codification,nara-codification-index
11357,nara_codification,nara-codification-index
11358,nara_codification,nara-codification-index
11359,nara_codification,nara-codification-index
11360,nara_codification,nara-codification-index
11361,nara_codification,nara-codification-index
11362,nara_codification,nara-codification-index
11363,nara_codification,nara-codification-index
11364,nara_codification,nara-codification-index
11365,nara_codification,nara-codification-index
11366,nara_codification,nara-codification-index
11367,nara_codification,nara-codification-index
11368,nara_codification,nara-codification-index
11369,nara_codification,nara-codification-index
11370,nara_codification,nara-codification-index
11371,nara_codification,nara-codification-index
11372,nara_codification,nara-codification-index
11373,nara_codification,nara-codification-index
11374,nara_codification,nara-codification-index
11375,nara_codification,nara-codification-index
11376,nara_codification,nara-codification-index
11377,nara_codification,nara-codification-index
11378,nara_codification,nara-codification-index
11379,nara_codification,nara-codification-index
11380,nara_codification,nara-codification-index
11381,nara_codification,nara-codification-index
11382,nara_codification,nara-codification-index
11383,nara_codification,nara-codification-index
11384,nara_codification,nara-codification-index
11385,nara_codification,nara-codification-index
11386,nara_codification,nara-codification-index
11387,nara_codification,nara-codification-index
11388,nara_codification,nara-codification-index
11389,nara_codification,nara-codification-index
11390,nara_codification,nara-codification-index
11391,nara_codification,nara-codification-index
11392,nara_codification,nara-codification-index
11393,nara_codification,nara-codification-index
11394,nara_codification,nara-codification-index
11395,nara_codification,nara-codification-index
11396,nara_codification,nara-codification-index
11397,nara_codification,nara-codification-index
11398,nara_codification,nara-codification-index
11399,nara_codification,nara-codification-index
11400,nara_codification,nara-codification-index
11401,nara_codification,nara-codification-index
11402,nara_codification,nara-codification-index
11403,nara_codification,nara-codification-index
11404,nara_codification,nara-codification-index
11405,nara_codification,nara-codification-index
11406,nara_codification,nara-codification-index
11407,nara_codification,nara-codification-index
11408,nara_codification,nara-codification-index
11409,nara_codification,nara-codification-index
11410,nara_codification,nara-codification-index
11411,nara_codification,nara-codification-index
11412,nara_codification,nara-codification-index
11413,nara_codification,nara-codification-index
11414,nara_codification,nara-codification-index
11415,nara_codification,nara-codification-index
11416,nara_codification,nara-codification-index
11417,nara_codification,nara-codification-index
11418,nara_codification,nara-codification-index
11419,nara_codification,nara-codification-index
11420,nara_codification,nara-codification-index
11421,nara_codification,nara-codification-index
11422,nara_codification,nara-codification-index
11423,nara_codification,nara-codification-index
11424,nara_codification,nara-codification-index
11425,nara_codification,nara-codification-index
11426,nara_codification,nara-codification-index
11427,nara_codification,nara-codification-index
11428,nara_codification,nara-codification-index
11429,nara_codification,nara-codification-index
11430,nara_codification,nara-codification-index
11431,nara_codification,nara-codification-index
11432,nara_codification,nara-codification-index
11433,nara_codification,nara-codification-index
11434,nara_codification,nara-codification-index
11435,nara_codification,nara-codification-index
11436,nara_codification,nara-codification-index
11437,nara_codification,nara-codification-index
11438,nara_codification,nara-codification-index
11439,nara_codification,nara-codification-index
11440,nara_codification,nara-codification-index
11441,nara_codification,nara-codification-index
11442,nara_codification,nara-codification-index
11443,nara_codification,nara-codification-index
11444,nara_codification,nara-codification-index
11445,nara_codification,nara-codification-index
11446,nara_codification,nara-codification-index
11447,nara_codification,nara-codification-index
11448,nara_codification,nara-codification-index
11449,nara_codification,nara-codification-index
11450,nara_codification,nara-codification-index
11451,nara_codification,nara-codification-index
11452,nara_codification,nara-codification-index
11453,nara_codification,nara-codification-index
11454,nara_codification,nara-codification-index
11455,nara_codification,nara-codification-index
11456,nara_codification,nara-codification-index
11457,nara_codification,nara-codification-index
11458,nara_codification,nara-codification-index
11459,nara_codification,nara-codification-index
11460,nara_codification,nara-codification-index
11461,nara_codification,nara-codification-index
11462,nara_codification,nara-codification-index
11463,nara_codification,nara-codification-index
11464,nara_codification,nara-codification-index
11465,nara_codification,nara-codification-index
11466,nara_codification,nara-codification-index
11467,nara_codification,nara-codification-index
11468,nara_codification,nara-codification-index
11469,nara_codification,nara-codification-index
11470,nara_codification,nara-codification-index
11471,nara_codification,nara-codification-index
11472,nara_codification,nara-codification-index
11473,nara_codification,nara-codification-index
11474,nara_codification,nara-codification-index
11475,nara_codification,nara-codification-index
11476,nara_codification,nara-codification-index
11477,nara_codification,nara-codification-index
11478,nara_codification,nara-order-detail-probe
11479,nara_codification,nara-codification-index
11480,nara_codification,nara-codification-index
11481,nara_codification,nara-codification-index
11482,nara_codification,nara-codification-index
11483,nara_codification,nara-codification-index
11484,nara_codification,nara-codification-index
11485,nara_codification,nara-codification-index
11486,nara_codification,nara-codification-index
11487,nara_codification,nara-codification-index
11488,nara_codification,nara-codification-index
11489,nara_codification,nara-codification-index
11490,nara_codification,nara-codification-index
11491,nara_codification,nara-order-detail-probe
11492,nara_codification,nara-codification-index
11493,nara_codification,nara-codification-index
11494,nara_codification,nara-codification-index
11495,nara_codification,nara-codification-index
11496,nara_codification,nara-codification-index
11497,nara_codification,nara-codification-index
11498,nara_codification,nara-codification-index
11499,nara_codification,nara-codification-index
11500,nara_codification,nara-codification-index
11501,nara_codification,nara-codification-index
11502,nara_codification,nara-codification-index
11503,nara_codification,nara-codification-index
11504,nara_codification,nara-codification-index
11505,nara_codification,nara-codification-index
11506,nara_codification,nara-codification-index
11507,nara_codification,nara-codification-index
11508,nara_codification,nara-codification-index
11509,nara_codification,nara-codification-index
11510,nara_codification,nara-codification-index
11511,nara_codification,nara-codification-index
11512,nara_codification,nara-codification-index
11513,nara_codification,nara-codification-index
11514,nara_codification,nara-order-detail-probe
11515,nara_codification,nara-codification-index
11516,nara_codification,nara-codification-index
11517,nara_codification,nara-codification-index
11518,nara_codification,nara-codification-index
11519,nara_codification,nara-codification-index
11520,nara_codification,nara-codification-index
11521,nara_codification,nara-codification-index
11522,nara_codification,nara-codification-index
11523,nara_codification,nara-codification-index
11524,nara_codification,nara-codification-index
11525,nara_codification,nara-codification-index
11526,nara_codification,nara-codification-index
11527,nara_codification,nara-codification-index
11528,nara_codification,nara-codification-index
11529,nara_codification,nara-codification-index
11530,nara_codification,nara-codification-index
11531,nara_codification,nara-codification-index
11532,nara_codification,nara-codification-index
11533,nara_codification,nara-codification-index
11534,nara_codification,nara-codification-index
11535,nara_codification,nara-codification-index
11536,nara_codification,nara-codification-index
11537,nara_codification,nara-codification-index
11538,nara_codification,nara-codification-index
11539,nara_codification,nara-order-detail-probe
11540,nara_codification,nara-codification-index
11541,nara_codification,nara-order-detail-probe
11542,nara_codification,nara-codification-index
11543,nara_codification,nara-codification-index
11544,nara_codification,nara-codification-index
11545,nara_codification,nara-codification-index
11546,nara_codification,nara-codification-index
11547,nara_codification,nara-codification-index
11548,nara_codification,nara-codification-index
11549,nara_codification,nara-codification-index
11550,nara_codification,nara-codification-index
11551,nara_codification,nara-codification-index
11552,nara_codification,nara-codification-index
11553,nara_codification,nara-codification-index
11554,nara_codification,nara-codification-index
11555,nara_codification,nara-codification-index
11556,nara_codification,nara-codification-index
11557,nara_codification,nara-codification-index
11558,nara_codification,nara-codification-index
11559,nara_codification,nara-codification-index
11560,nara_codification,nara-codification-index
11561,nara_codification,nara-codification-index
11562,nara_codification,nara-codification-index
11563,nara_codification,nara-codification-index
11564,nara_codification,nara-codification-index
11565,nara_codification,nara-codification-index
11566,nara_codification,nara-codification-index
11567,nara_codification,nara-codification-index
11568,nara_codification,nara-codification-index
11569,nara_codification,nara-codification-index
11570,nara_codification,nara-codification-index
11571,nara_codification,nara-codification-index
11572,nara_codification,nara-codification-index
11573,nara_codification,nara-codification-index
11574,nara_codification,nara-codification-index
11575,nara_codification,nara-codification-index
11576,nara_codification,nara-codification-index
11577,nara_codification,nara-codification-index
11578,nara_codification,nara-codification-index
11579,nara_codification,nara-codification-index
11580,nara_codification,nara-codification-index
11581,nara_codification,nara-codification-index
11582,nara_codification,nara-codification-index
11583,nara_codification,nara-codification-index
11584,nara_codification,nara-codification-index
11585,nara_codification,nara-codification-index
11586,nara_codification,nara-codification-index
11587,nara_codification,nara-codification-index
11588,nara_codification,nara-codification-index
11589,nara_codification,nara-order-detail-probe
11590,nara_codification,nara-codification-index
11591,nara_codification,nara-codification-index
11592,nara_codification,nara-codification-index
11593,nara_codification,nara-order-detail-probe
11594,nara_codification,nara-codification-index
11595,nara_codification,nara-codification-index
11596,nara_codification,nara-codification-index
11597,nara_codification,nara-codification-index
11598,nara_codification,nara-codification-index
11599,nara_codification,nara-codification-index
11600,nara_codification,nara-codification-index
11601,nara_codification,nara-codification-index
11602,nara_codification,nara-codification-index
11603,nara_codification,nara-codification-index
11604,nara_codification,nara-codification-index
11605,nara_codification,nara-codification-index
11606,nara_codification,nara-codification-index
11607,nara_codification,nara-codification-index
11608,nara_codification,nara-codification-index
11609,nara_codification,nara-order-detail-probe
11610,nara_codification,nara-codification-index
11611,nara_codification,nara-codification-index
11612,nara_codification,nara-codification-index
11613,nara_codification,nara-codification-index
11614,nara_codification,nara-codification-index
11615,nara_codification,nara-codification-index
11616,nara_codification,nara-codification-index
11617,nara_codification,nara-codification-index
11618,nara_codification,nara-codification-index
11619,nara_codification,nara-codification-index
11620,nara_codification,nara-codification-index
11621,nara_codification,nara-codification-index
11622,nara_codification,nara-codification-index
11623,nara_codification,nara-order-detail-probe
11624,nara_codification,nara-codification-index
11625,nara_codification,nara-order-detail-probe
11626,nara_codification,nara-codification-index
11627,nara_codification,nara-codification-index
11628,nara_codification,nara-codification-index
11629,nara_codification,nara-codification-index
11630,nara_codification,nara-codification-index
11631,nara_codification,nara-codification-index
11632,nara_codification,nara-codification-index
11633,nara_codification,nara-codification-index
11634,nara_codification,nara-codification-index
11635,nara_codification,nara-codification-index
11636,nara_codification,nara-codification-index
11637,nara_codification,nara-codification-index
11638,nara_codification,nara-codification-index
11639,nara_codification,nara-codification-index
11640,nara_codification,nara-codification-index
11641,nara_codification,nara-codification-index
11642,nara_codification,nara-codification-index
11643,nara_codification,nara-codification-index
11644,nara_codification,nara-order-detail-probe
11645,nara_codification,nara-codification-index
11646,nara_codification,nara-codification-index
11647,nara_codification,nara-codification-index
11648,nara_codification,nara-codification-index
11649,nara_codification,nara-codification-index
11650,nara_codification,nara-codification-index
11651,nara_codification,nara-codification-index
11652,nara_codification,nara-codification-index
11653,nara_codification,nara-codification-index
11654,nara_codification,nara-codification-index
11655,nara_codification,nara-codification-index
11656,nara_codification,nara-codification-index
11657,nara_codification,nara-codification-index
11658,nara_codification,nara-codification-index
11659,nara_codification,nara-codification-index
11660,nara_codification,nara-codification-index
11661,nara_codification,nara-codification-index
11662,nara_codification,nara-codification-index
11663,nara_codification,nara-codification-index
11664,nara_codification,nara-codification-index
11665,nara_codification,nara-codification-index
11666,nara_codification,nara-codification-index
11667,nara_codification,nara-codification-index
11668,nara_codification,nara-codification-index
11669,nara_codification,nara-codification-index
11670,nara_codification,nara-codification-index
11671,nara_codification,nara-codification-index
11672,nara_codification,nara-codification-index
11673,nara_codification,nara-codification-index
11674,nara_codification,nara-codification-index
11675,nara_codification,nara-codification-index
11676,nara_codification,nara-codification-index
11677,nara_codification,nara-codification-index
11678,nara_codification,nara-codification-index
11679,nara_codification,nara-codification-index
11680,nara_codification,nara-codification-index
11681,nara_codification,nara-codification-index
11682,nara_codification,nara-codification-index
11683,nara_codification,nara-codification-index
11684,nara_codification,nara-codification-index
11685,nara_codification,nara-codification-index
11686,nara_codification,nara-codification-index
11687,nara_codification,nara-codification-index
11688,nara_codification,nara-codification-index
11689,nara_codification,nara-codification-index
11690,nara_codification,nara-codification-index
11691,nara_codification,nara-codification-index
11692,nara_codification,nara-codification-index
11693,nara_codification,nara-codification-index
11694,nara_codification,nara-codification-index
11695,nara_codification,nara-codification-index
11696,nara_codification,nara-codification-index
11697,nara_codification,nara-codification-index
11698,nara_codification,nara-codification-index
11699,nara_codification,nara-codification-index
11700,nara_codification,nara-codification-index
11701,nara_codification,nara-codification-index
11702,nara_codification,nara-codification-index
11703,nara_codification,nara-codification-index
11704,nara_codification,nara-codification-index
11705,nara_codification,nara-codification-index
11706,nara_codification,nara-codification-index
11707,nara_codification,nara-codification-index
11708,nara_codification,nara-codification-index
11709,nara_codification,nara-codification-index
11710,nara_codification,nara-codification-index
11711,nara_codification,nara-codification-index
11712,nara_codification,nara-codification-index
11713,nara_codification,nara-codification-index
11714,nara_codification,nara-codification-index
11715,nara_codification,nara-codification-index
11716,nara_codification,nara-codification-index
11717,nara_codification,nara-codification-index
11718,nara_codification,nara-codification-index
11719,nara_codification,nara-codification-index
11720,nara_codification,nara-codification-index
11721,nara_codification,nara-codification-index
11722,nara_codification,nara-codification-index
11723,nara_codification,nara-codification-index
11724,nara_codification,nara-codification-index
11725,nara_codification,nara-codification-index
11726,nara_codification,nara-codification-index
11727,nara_codification,nara-codification-index
11728,nara_codification,nara-codification-index
11729,nara_codification,nara-codification-index
11730,nara_codification,nara-codification-index
11731,nara_codification,nara-codification-index
11732,nara_codification,nara-codification-index
11733,nara_codification,nara-codification-index
11734,nara_codification,nara-codification-index
11735,nara_codification,nara-order-detail-probe
11736,nara_codification,nara-codification-index
11737,nara_codification,nara-codification-index
11738,nara_codification,nara-order-detail-probe
11739,nara_codification,nara-codification-index
11740,nara_codification,nara-codification-index
11741,nara_codification,nara-codification-index
11742,nara_codification,nara-codification-index
11743,nara_codification,nara-codification-index
11744,nara_codification,nara-codification-index
11745,nara_codification,nara-codification-index
11746,nara_codification,nara-codification-index
11747,nara_codification,nara-codification-index
11748,nara_codification,nara-codification-index
11749,nara_codification,nara-codification-index
11750,nara_codification,nara-codification-index
11751,nara_codification,nara-codification-index
11752,nara_codification,nara-codification-index
11753,nara_codification,nara-codification-index
11754,nara_codification,nara-codification-index
11755,nara_codification,nara-codification-index
11756,nara_codification,nara-codification-index
11757,nara_codification,nara-codification-index
11758,nara_codification,nara-order-detail-probe
11759,nara_codification,nara-codification-index
11760,nara_codification,nara-codification-index
11761,nara_codification,nara-codification-index
11762,nara_codification,nara-codification-index
11763,nara_codification,nara-codification-index
11764,nara_codification,nara-codification-index
11765,nara_codification,nara-codification-index
11766,nara_codification,nara-codification-index
11767,nara_codification,nara-codification-index
11768,nara_codification,nara-codification-index
11769,nara_codification,nara-codification-index
11770,nara_codification,nara-codification-index
11771,nara_codification,nara-codification-index
11772,nara_codification,nara-codification-index
11773,nara_codification,nara-codification-index
11774,nara_codification,nara-codification-index
11775,nara_codification,nara-codification-index
11776,nara_codification,nara-codification-index
11777,nara_codification,nara-codification-index
11778,nara_codification,nara-codification-index
11779,nara_codification,nara-codification-index
11780,nara_codification,nara-codification-index
11781,nara_codification,nara-codification-index
11782,nara_codification,nara-codification-index
11783,nara_codification,nara-codification-index
11784,nara_codification,nara-codification-index
11785,nara_codification,nara-codification-index
11786,nara_codification,nara-codification-index
11787,nara_codification,nara-codification-index
11788,nara_codification,nara-codification-index
11789,nara_codification,nara-codification-index
11790,nara_codification,nara-codification-index
11791,nara_codification,nara-codification-index
11792,nara_codification,nara-codification-index
11793,nara_codification,nara-codification-index
11794,nara_codification,nara-codification-index
11795,nara_codification,nara-codification-index
11796,nara_codification,nara-codification-index
11797,nara_codification,nara-codification-index
11798,nara_codification,nara-codification-index
11799,nara_codification,nara-codification-index
11800,nara_codification,nara-codification-index
11801,nara_codification,nara-codification-index
11802,nara_codification,nara-codification-index
11803,nara_codification,nara-codification-index
11804,nara_codification,nara-codification-index
11805,nara_codification,nara-codification-index
11806,nara_codification,nara-codification-index
11807,nara_codification,nara-codification-index
11808,nara_codification,nara-codification-index
11809,nara_codification,nara-codification-index
11810,nara_codification,nara-codification-index
11811,nara_codification,nara-codification-index
11812,nara_codification,nara-codification-index
11813,nara_codification,nara-codification-index
11814,nara_codification,nara-codification-index
11815,nara_codification,nara-codification-index
11816,nara_codification,nara-codification-index
11817,nara_codification,nara-codification-index
11818,nara_codification,nara-codification-index
11819,nara_codification,nara-codification-index
11820,nara_codification,nara-codification-index
11821,nara_codification,nara-codification-index
11822,nara_codification,nara-codification-index
11823,nara_codification,nara-codification-index
11824,nara_codification,nara-codification-index
11825,nara_codification,nara-codification-index
11826,nara_codification,nara-codification-index
11827,nara_codification,nara-codification-index
11828,nara_codification,nara-codification-index
11829,nara_codification,nara-codification-index
11830,nara_codification,nara-codification-index
11831,nara_codification,nara-codification-index
11832,nara_codification,nara-codification-index
11833,nara_codification,nara-codification-index
11834,nara_codification,nara-codification-index
11835,nara_codification,nara-codification-index
11836,nara_codification,nara-codification-index
11837,nara_codification,nara-codification-index
11838,nara_codification,nara-codification-index
11839,nara_codification,nara-codification-index
11840,nara_codification,nara-codification-index
11841,nara_codification,nara-codification-index
11842,nara_codification,nara-codification-index
11843,nara_codification,nara-codification-index
11844,nara_codification,nara-codification-index
11845,nara_codification,nara-codification-index
11846,nara_codification,nara-codification-index
11847,nara_codification,nara-codification-index
11848,nara_codification,nara-codification-index
11849,nara_codification,nara-codification-index
11850,nara_codification,nara-codification-index
11851,nara_codification,nara-codification-index
11852,nara_codification,nara-codification-index
11853,nara_codification,nara-codification-index
11854,nara_codification,nara-codification-index
11855,nara_codification,nara-codification-index
11856,nara_codification,nara-codification-index
11857,nara_codification,nara-codification-index
11858,nara_codification,nara-order-detail-probe
11859,nara_codification,nara-codification-index
11860,nara_codification,nara-codification-index
11861,nara_codification,nara-codification-index
11862,nara_codification,nara-codification-index
11863,nara_codification,nara-codification-index
11864,nara_codification,nara-codification-index
11865,nara_codification,nara-codification-index
11866,nara_codification,nara-codification-index
11867,nara_codification,nara-codification-index
11868,nara_codification,nara-codification-index
11869,nara_codification,nara-codification-index
11870,nara_codification,nara-codification-index
11871,nara_codification,nara-codification-index
11872,nara_codification,nara-codification-index
11873,nara_codification,nara-codification-index
11874,nara_codification,nara-codification-index
11875,nara_codification,nara-codification-index
11876,nara_codification,nara-codification-index
11877,nara_codification,nara-codification-index
11878,nara_codification,nara-codification-index
11879,nara_codification,nara-codification-index
11880,nara_codification,nara-codification-index
11881,nara_codification,nara-codification-index
11882,nara_codification,nara-codification-index
11883,nara_codification,nara-codification-index
11884,nara_codification,nara-codification-index
11885,nara_codification,nara-codification-index
11886,nara_codification,nara-codification-index
11887,nara_codification,nara-codification-index
11888,nara_codification,nara-codification-index
11889,nara_codification,nara-codification-index
11890,nara_codification,nara-codification-index
11891,nara_codification,nara-codification-index
11892,nara_codification,nara-codification-index
11893,nara_codification,nara-codification-index
11894,nara_codification,nara-codification-index
11895,nara_codification,nara-codification-index
11896,nara_codification,nara-codification-index
11897,nara_codification,nara-codification-index
11898,nara_codification,nara-codification-index
11899,nara_codification,nara-codification-index
11900,nara_codification,nara-codification-index
11901,nara_codification,nara-codification-index
11902,nara_codification,nara-codification-index
11903,nara_codification,nara-codification-index
11904,nara_codification,nara-codification-index
11905,nara_codification,nara-codification-index
11906,nara_codification,nara-codification-index
11907,nara_codification,nara-codification-index
11908,nara_codification,nara-codification-index
11909,nara_codification,nara-codification-index
11910,nara_codification,nara-codification-index
11911,nara_codification,nara-codification-index
11912,nara_codification,nara-order-detail-probe
11913,nara_codification,nara-codification-index
11914,nara_codification,nara-codification-index
11915,nara_codification,nara-codification-index
11916,nara_codification,nara-codification-index
11917,nara_codification,nara-codification-index
11918,nara_codification,nara-codification-index
11919,nara_codification,nara-codification-index
11920,nara_codification,nara-codification-index
11921,nara_codification,nara-codification-index
11922,nara_codification,nara-codification-index
11923,nara_codification,nara-codification-index
11924,nara_codification,nara-codification-index
11925,nara_codification,nara-codification-index
11926,nara_codification,nara-codification-index
11927,nara_codification,nara-codification-index
11928,nara_codification,nara-codification-index
11929,nara_codification,nara-codification-index
11930,nara_codification,nara-codification-index
11931,nara_codification,nara-codification-index
11932,nara_codification,nara-codification-index
11933,nara_codification,nara-codification-index
11934,nara_codification,nara-codification-index
11935,nara_codification,nara-codification-index
11936,nara_codification,nara-codification-index
11937,nara_codification,nara-codification-index
11938,nara_codification,nara-codification-index
11939,nara_codification,nara-codification-index
11940,nara_codification,nara-codification-index
11941,nara_codification,nara-codification-index
11942,nara_codification,nara-codification-index
11943,nara_codification,nara-codification-index
11944,nara_codification,nara-codification-index
11945,nara_codification,nara-codification-index
11946,nara_codification,nara-codification-index
11947,nara_codification,nara-codification-index
11948,nara_codification,nara-codification-index
11949,nara_codification,nara-codification-index
11950,nara_codification,nara-codification-index
11951,nara_codification,nara-codification-index
11952,nara_codification,nara-codification-index
11953,nara_codification,nara-codification-index
11954,nara_codification,nara-codification-index
11955,nara_codification,nara-codification-index
11956,nara_codification,nara-codification-index
11957,nara_codification,nara-codification-index
11958,nara_codification,nara-codification-index
11959,nara_codification,nara-codification-index
11960,nara_codification,nara-codification-index
11961,nara_codification,nara-order-detail-probe
11962,nara_codification,nara-codification-index
11963,nara_codification,nara-codification-index
11964,nara_codification,nara-order-detail-probe
11965,nara_codification,nara-codification-index
11966,nara_codification,nara-codification-index
11967,nara_codification,nara-codification-index
11968,nara_codification,nara-codification-index
11969,nara_codification,nara-codification-index
11970,nara_codification,nara-codification-index
11971,nara_codification,nara-codification-index
11972,nara_codification,nara-codification-index
11973,nara_codification,nara-codification-index
11974,nara_codification,nara-codification-index
11975,nara_codification,nara-codification-index
11976,nara_codification,nara-codification-index
11977,nara_codification,nara-codification-index
11978,nara_codification,nara-codification-index
11979,nara_codification,nara-codification-index
11980,nara_codification,nara-codification-index
11981,nara_codification,nara-codification-index
11982,nara_codification,nara-codification-index
11983,nara_codification,nara-codification-index
11984,nara_codification,nara-codification-index
11985,nara_codification,nara-codification-index
11986,nara_codification,nara-codification-index
11987,nara_codification,nara-codification-index
11988,nara_codification,nara-order-detail-probe
11989,nara_codification,nara-codification-index
11990,nara_codification,nara-order-detail-probe
11991,nara_codification,nara-codification-index
11992,nara_codification,nara-codification-index
11993,nara_codification,nara-codification-index
11994,nara_codification,nara-codification-index
11995,nara_codification,nara-codification-index
11996,nara_codification,nara-codification-index
11997,nara_codification,nara-order-detail-probe
11998,nara_codification,nara-codification-index
11999,nara_codification,nara-codification-index
12000,nara_codification,nara-codification-index
12001,nara_codification,nara-codification-index
12002,nara_codification,nara-order-detail-probe
12003,nara_codification,nara-codification-index
12004,nara_codification,nara-codification-index
12005,nara_codification,nara-codification-index
12006,nara_codification,nara-codification-index
12007,nara_codification,nara-codification-index
12008,nara_codification,nara-codification-index
12009,nara_codification,nara-codification-index
12010,nara_codification,nara-codification-index
12011,nara_codification,nara-codification-index
12012,nara_codification,nara-codification-index
12013,nara_codification,nara-codification-index
12014,nara_codification,nara-codification-index
12015,nara_codification,nara-codification-index
12016,nara_codification,nara-codification-index
12017,nara_codification,nara-codification-index
12018,nara_codification,nara-codification-index
12019,nara_codification,nara-codification-index
12020,nara_codification,nara-codification-index
12021,nara_codification,nara-codification-index
12022,nara_codification,nara-codification-index
12023,nara_codification,nara-codification-index
12024,nara_codification,nara-order-detail-probe
12025,nara_codification,nara-codification-index
12026,nara_codification,nara-codification-index
12027,nara_codification,nara-codification-index
12028,nara_codification,nara-codification-index
12029,nara_codification,nara-codification-index
12030,nara_codification,nara-codification-index
12031,nara_codification,nara-codification-index
12032,nara_codification,nara-codification-index
12033,nara_codification,nara-codification-index
12034,nara_codification,nara-codification-index
12035,nara_codification,nara-codification-index
12036,nara_codification,nara-codification-index
12037,nara_codification,nara-codification-index
12038,nara_codification,nara-order-detail-probe
12039,nara_codification,nara-codification-index
12040,nara_codification,nara-codification-index
12041,nara_codification,nara-codification-index
12042,nara_codification,nara-codification-index
12043,nara_codification,nara-codification-index
12044,nara_codification,nara-codification-index
12045,nara_codification,nara-codification-index
12046,nara_codification,nara-order-detail-probe
12047,nara_codification,nara-codification-index
12048,nara_codification,nara-order-detail-probe
12049,nara_codification,nara-codification-index
12050,nara_codification,nara-codification-index
12051,nara_codification,nara-codification-index
12052,nara_codification,nara-codification-index
12053,nara_codification,nara-codification-index
12054,nara_codification,nara-codification-index
12055,nara_codification,nara-codification-index
12056,nara_codification,nara-codification-index
12057,nara_codification,nara-codification-index
12058,nara_codification,nara-order-detail-probe
12059,nara_codification,nara-codification-index
12060,nara_codification,nara-codification-index
12061,nara_codification,nara-codification-index
12062,nara_codification,nara-codification-index
12063,nara_codification,nara-codification-index
12064,nara_codification,nara-codification-index
12065,nara_codification,nara-codification-index
12066,nara_codification,nara-codification-index
12067,nara_codification,nara-order-detail-probe
12068,nara_codification,nara-codification-index
12069,nara_codification,nara-codification-index
12070,nara_codification,nara-codification-index
12071,nara_codification,nara-codification-index
12072,nara_codification,nara-order-detail-probe
12073,nara_codification,nara-codification-index
12074,nara_codification,nara-codification-index
12075,nara_codification,nara-codification-index
12076,nara_codification,nara-codification-index
12077,nara_codification,nara-codification-index
12078,nara_codification,nara-codification-index
12079,nara_codification,nara-codification-index
12080,nara_codification,nara-codification-index
12081,nara_codification,nara-codification-index
12082,nara_codification,nara-codification-index
12083,nara_codification,nara-codification-index
12084,nara_codification,nara-codification-index
12085,nara_codification,nara-codification-index
12086,nara_codification,nara-order-detail-probe
12087,nara_codification,nara-codification-index
12088,nara_codification,nara-codification-index
12089,nara_codification,nara-codification-index
12090,nara_codification,nara-codification-index
12091,nara_codification,nara-codification-index
12092,nara_codification,nara-codification-index
12093,nara_codification,nara-codification-index
12094,nara_codification,nara-codification-index
12095,nara_codification,nara-codification-index
12096,nara_codification,nara-codification-index
12097,nara_codification,nara-codification-index
12098,nara_codification,nara-codification-index
12099,nara_codification,nara-codification-index
12100,nara_codification,nara-codification-index
12101,nara_codification,nara-codification-index
12102,nara_codification,nara-codification-index
12103,nara_codification,nara-codification-index
12104,nara_codification,nara-codification-index
12105,nara_codification,nara-order-detail-probe
12106,nara_codification,nara-order-detail-probe
12107,nara_codification,nara-order-detail-probe
12108,nara_codification,nara-codification-index
12109,nara_codification,nara-order-detail-probe
12110,nara_codification,nara-codification-index
12111,nara_codification,nara-codification-index
12112,nara_codification,nara-codification-index
12113,nara_codification,nara-codification-index
12114,nara_codification,nara-order-detail-probe
12115,nara_codification,nara-codification-index
12116,nara_codification,nara-codification-index
12117,nara_codification,nara-codification-index
12118,nara_codification,nara-codification-index
12119,nara_codification,nara-codification-index
12120,nara_codification,nara-codification-index
12121,nara_codification,nara-codification-index
12122,nara_codification,nara-codification-index
12123,nara_codification,nara-codification-index
12124,nara_codification,nara-codification-index
12125,nara_codification,nara-codification-index
12126,nara_codification,nara-codification-index
12127,nara_codification,nara-order-detail-probe
12128,nara_codification,nara-codification-index
12129,nara_codification,nara-codification-index
12130,nara_codification,nara-codification-index
12131,nara_codification,nara-codification-index
12132,nara_codification,nara-codification-index
12133,nara_codification,nara-codification-index
12134,nara_codification,nara-codification-index
12135,nara_codification,nara-codification-index
12136,nara_codification,nara-codification-index
12137,nara_codification,nara-order-detail-probe
12138,nara_codification,nara-order-detail-probe
12139,nara_codification,nara-codification-index
12140,nara_codification,nara-codification-index
12141,nara_codification,nara-codification-index
12142,nara_codification,nara-codification-index
12143,nara_codification,nara-codification-index
12144,nara_codification,nara-order-detail-probe
12145,nara_codification,nara-codification-index
12146,nara_codification,nara-codification-index
12147,nara_codification,nara-codification-index
12148,nara_codification,nara-order-detail-probe
12149,nara_codification,nara-codification-index
12150,nara_codification,nara-codification-index
12151,nara_codification,nara-codification-index
12152,nara_codification,nara-codification-index
12153,nara_codification,nara-codification-index
12154,nara_codification,nara-codification-index
12155,nara_codification,nara-codification-index
12156,nara_codification,nara-codification-index
12157,nara_codification,nara-codification-index
12158,nara_codification,nara-codification-index
12159,nara_codification,nara-codification-index
12160,nara_codification,nara-codification-index
12161,nara_codification,nara-codification-index
12162,nara_codification,nara-codification-index
12163,nara_codification,nara-order-detail-probe
12164,nara_codification,nara-codification-index
12165,nara_codification,nara-codification-index
12166,nara_codification,nara-codification-index
12167,nara_codification,nara-codification-index
12168,nara_codification,nara-codification-index
12169,nara_codification,nara-codification-index
12170,nara_codification,nara-codification-index
12171,nara_codification,nara-codification-index
12172,nara_codification,nara-codification-index
12173,nara_codification,nara-codification-index
12174,nara_codification,nara-codification-index
12175,nara_codification,nara-codification-index
12176,nara_codification,nara-codification-index
12177,nara_codification,nara-codification-index
12178,nara_codification,nara-codification-index
12179,nara_codification,nara-codification-index
12180,nara_codification,nara-codification-index
12181,nara_codification,nara-codification-index
12182,nara_codification,nara-codification-index
12183,nara_codification,nara-codification-index
12184,nara_codification,nara-codification-index
12185,nara_codification,nara-codification-index
12186,nara_codification,nara-codification-index
12187,nara_codification,nara-codification-index
12188,nara_codification,nara-order-detail-probe
12189,nara_codification,nara-codification-index
12190,nara_codification,nara-codification-index
12191,nara_codification,nara-order-detail-probe
12192,nara_codification,nara-codification-index
12193,nara_codification,nara-codification-index
12194,nara_codification,nara-codification-index
12195,nara_codification,nara-codification-index
12196,nara_codification,nara-order-detail-probe
12197,nara_codification,nara-codification-index
12198,nara_codification,nara-codification-index
12199,nara_codification,nara-codification-index
12200,nara_codification,nara-codification-index
12201,nara_codification,nara-codification-index
12202,nara_codification,nara-codification-index
12203,nara_codification,nara-codification-index
12204,nara_codification,nara-codification-index
12205,nara_codification,nara-codification-index
12206,nara_codification,nara-codification-index
12207,nara_codification,nara-codification-index
12208,nara_codification,nara-codification-index
12209,nara_codification,nara-codification-index
12210,nara_codification,nara-codification-index
12211,nara_codification,nara-codification-index
12212,nara_codification,nara-codification-index
12213,nara_codification,nara-codification-index
12214,nara_codification,nara-order-detail-probe
12215,nara_codification,nara-order-detail-probe
12216,nara_codification,nara-codification-index
12217,nara_codification,nara-codification-index
12218,nara_codification,nara-codification-index
12219,nara_codification,nara-codification-index
12220,nara_codification,nara-order-detail-probe
12221,nara_codification,nara-codification-index
12222,nara_codification,nara-codification-index
12223,nara_codification,nara-codification-index
12224,nara_codification,nara-codification-index
12225,nara_codification,nara-codification-index
12226,nara_codification,nara-codification-index
12227,nara_codification,nara-codification-index
12228,nara_codification,nara-codification-index
12229,nara_codification,nara-codification-index
12230,nara_codification,nara-codification-index
12231,nara_codification,nara-codification-index
12232,nara_codification,nara-codification-index
12233,nara_codification,nara-codification-index
12234,nara_codification,nara-order-detail-probe
12235,nara_codification,nara-codification-index
12236,nara_codification,nara-codification-index
12237,nara_codification,nara-codification-index
12238,nara_codification,nara-codification-index
12239,nara_codification,nara-codification-index
12240,nara_codification,nara-codification-index
12241,nara_codification,nara-order-detail-probe
12242,nara_codification,nara-codification-index
12243,nara_codification,nara-codification-index
12244,nara_codification,nara-codification-index
12245,nara_codification,nara-codification-index
12246,nara_codification,nara-codification-index
12247,nara_codification,nara-codification-index
12248,nara_codification,nara-codification-index
12249,nara_codification,nara-codification-index
12250,nara_codification,nara-order-detail-probe
12251,nara_codification,nara-codification-index
12252,nara_codification,nara-codification-index
12253,nara_codification,nara-codification-index
12254,nara_codification,nara-codification-index
12255,nara_codification,nara-codification-index
12256,nara_codification,nara-codification-index
12257,nara_codification,nara-codification-index
12258,nara_codification,nara-codification-index
12259,nara_codification,nara-codification-index
12260,nara_codification,nara-codification-index
12261,nara_codification,nara-codification-index
12262,nara_codification,nara-codification-index
12263,nara_codification,nara-codification-index
12264,nara_codification,nara-codification-index
12265,nara_codification,nara-codification-index
12266,nara_codification,nara-codification-index
12267,nara_codification,nara-codification-index
12268,nara_codification,nara-codification-index
12269,nara_codification,nara-codification-index
12270,nara_codification,nara-codification-index
12271,nara_codification,nara-codification-index
12272,nara_codification,nara-codification-index
12273,nara_codification,nara-codification-index
12274,nara_codification,nara-codification-index
12275,nara_codification,nara-codification-index
12276,nara_codification,nara-codification-index
12277,nara_codification,nara-codification-index
12278,nara_codification,nara-codification-index
12279,nara_codification,nara-codification-index
12280,nara_codification,nara-codification-index
12281,nara_codification,nara-codification-index
12282,nara_codification,nara-codification-index
12283,nara_codification,nara-codification-index
12284,nara_codification,nara-codification-index
12285,nara_codification,nara-codification-index
12286,nara_codification,nara-codification-index
12287,nara_codification,nara-codification-index
12288,nara_codification,nara-codification-index
12289,nara_codification,nara-codification-index
12290,nara_codification,nara-codification-index
12291,nara_codification,nara-order-detail-probe
12292,nara_codification,nara-codification-index
12293,nara_codification,nara-codification-index
12294,nara_codification,nara-codification-index
12295,nara_codification,nara-codification-index
12296,nara_codification,nara-codification-index
12297,nara_codification,nara-codification-index
12298,nara_codification,nara-codification-index
12299,nara_codification,nara-codification-index
12300,nara_codification,nara-codification-index
12301,nara_codification,nara-codification-index
12302,nara_codification,nara-codification-index
12303,nara_codification,nara-codification-index
12304,nara_codification,nara-codification-index
12305,nara_codification,nara-codification-index
12306,nara_codification,nara-codification-index
12307,nara_codification,nara-codification-index
12308,nara_codification,nara-codification-index
12309,nara_codification,nara-codification-index
12310,nara_codification,nara-codification-index
12311,nara_codification,nara-codification-index
12312,nara_codification,nara-codification-index
12313,nara_codification,nara-codification-index
12314,nara_codification,nara-codification-index
12315,nara_codification,nara-codification-index
12316,nara_codification,nara-codification-index
12317,nara_codification,nara-codification-index
12318,nara_codification,nara-order-detail-probe
12319,nara_codification,nara-codification-index
12320,nara_codification,nara-codification-index
12321,nara_codification,nara-codification-index
12322,nara_codification,nara-codification-index
12323,nara_codification,nara-codification-index
12324,nara_codification,nara-codification-index
12325,nara_codification,nara-codification-index
12326,nara_codification,nara-codification-index
12327,nara_codification,nara-codification-index
12328,nara_codification,nara-codification-index
12329,nara_codification,nara-codification-index
12330,nara_codification,nara-codification-index
12331,nara_codification,nara-codification-index
12332,nara_codification,nara-codification-index
12333,nara_codification,nara-order-detail-probe
12334,nara_codification,nara-order-detail-probe
12335,nara_codification,nara-codification-index
12336,nara_codification,nara-codification-index
12337,nara_codification,nara-codification-index
12338,nara_codification,nara-codification-index
12339,nara_codification,nara-codification-index
12340,nara_codification,nara-codification-index
12341,nara_codification,nara-codification-index
12342,nara_codification,nara-codification-index
12343,nara_codification,nara-codification-index
12344,nara_codification,nara-codification-index
12345,nara_codification,nara-codification-index
12346,nara_codification,nara-codification-index
12347,nara_codification,nara-codification-index
12348,nara_codification,nara-codification-index
12349,nara_codification,nara-codification-index
12350,nara_codification,nara-codification-index
12351,nara_codification,nara-codification-index
12352,nara_codification,nara-codification-index
12353,nara_codification,nara-order-detail-probe
12354,nara_codification,nara-codification-index
12355,nara_codification,nara-codification-index
12356,nara_codification,nara-order-detail-probe
12357,nara_codification,nara-codification-index
12358,nara_codification,nara-codification-index
12359,nara_codification,nara-codification-index
12360,nara_codification,nara-codification-index
12361,nara_codification,nara-codification-index
12362,nara_codification,nara-codification-index
12363,nara_codification,nara-codification-index
12364,nara_codification,nara-order-detail-probe
12365,nara_codification,nara-codification-index
12366,nara_codification,nara-codification-index
12367,nara_codification,nara-codification-index
12368,nara_codification,nara-codification-index
12369,nara_codification,nara-codification-index
12370,nara_codification,nara-codification-index
12371,nara_codification,nara-codification-index
12372,nara_codification,nara-order-detail-probe
12373,nara_codification,nara-codification-index
12374,nara_codification,nara-codification-index
12375,nara_codification,nara-codification-index
12376,nara_codification,nara-codification-index
12377,nara_codification,nara-codification-index
12378,nara_codification,nara-codification-index
12379,nara_codification,nara-codification-index
12380,nara_codification,nara-codification-index
12381,nara_codification,nara-codification-index
12382,nara_codification,nara-codification-index
12383,nara_codification,nara-codification-index
12384,nara_codification,nara-codification-index
12385,nara_codification,nara-codification-index
12386,nara_codification,nara-codification-index
12387,nara_codification,nara-codification-index
12388,nara_codification,nara-codification-index
12389,nara_codification,nara-codification-index
12390,nara_codification,nara-codification-index
12391,nara_codification,nara-codification-index
12392,nara_codification,nara-codification-index
12393,nara_codification,nara-codification-index
12394,nara_codification,nara-codification-index
12395,nara_codification,nara-codification-index
12396,nara_codification,nara-codification-index
12397,nara_codification,nara-codification-index
12398,nara_codification,nara-codification-index
12399,nara_codification,nara-codification-index
12400,nara_codification,nara-codification-index
12401,nara_codification,nara-codification-index
12402,nara_codification,nara-codification-index
12403,nara_codification,nara-codification-index
12404,nara_codification,nara-codification-index
12405,nara_codification,nara-codification-index
12406,nara_codification,nara-codification-index
12407,nara_codification,nara-codification-index
12408,nara_codification,nara-codification-index
12409,nara_codification,nara-codification-index
12410,nara_codification,nara-codification-index
12411,nara_codification,nara-order-detail-probe
12412,nara_codification,nara-codification-index
12413,nara_codification,nara-codification-index
12414,nara_codification,nara-codification-index
12415,nara_codification,nara-codification-index
12416,nara_codification,nara-codification-index
12417,nara_codification,nara-codification-index
12418,nara_codification,nara-codification-index
12419,nara_codification,nara-codification-index
12420,nara_codification,nara-codification-index
12421,nara_codification,nara-codification-index
12422,nara_codification,nara-codification-index
12423,nara_codification,nara-codification-index
12424,nara_codification,nara-codification-index
12425,nara_codification,nara-codification-index
12426,nara_codification,nara-codification-index
12427,nara_codification,nara-codification-index
12428,nara_codification,nara-codification-index
12429,nara_codification,nara-codification-index
12430,nara_codification,nara-codification-index
12431,nara_codification,nara-codification-index
12432,nara_codification,nara-order-detail-probe
12433,nara_codification,nara-codification-index
12434,nara_codification,nara-codification-index
12435,nara_codification,nara-codification-index
12436,nara_codification,nara-codification-index
12437,nara_codification,nara-codification-index
12438,nara_codification,nara-codification-index
12439,nara_codification,nara-codification-index
12440,nara_codification,nara-codification-index
12441,nara_codification,nara-codification-index
12442,nara_codification,nara-codification-index
12443,nara_codification,nara-codification-index
12444,nara_codification,nara-codification-index
12445,nara_codification,nara-order-detail-probe
12446,nara_codification,nara-codification-index
12447,nara_codification,nara-codification-index
12448,nara_codification,nara-codification-index
12449,nara_codification,nara-codification-index
12450,nara_codification,nara-codification-index
12451,nara_codification,nara-codification-index
12452,nara_codification,nara-codification-index
12453,nara_codification,nara-codification-index
12454,nara_codification,nara-codification-index
12455,nara_codification,nara-codification-index
12456,nara_codification,nara-codification-index
12457,nara_codification,nara-codification-index
12458,nara_codification,nara-codification-index
12459,nara_codification,nara-codification-index
12460,nara_codification,nara-codification-index
12461,nara_codification,nara-codification-index
12462,nara_codification,nara-codification-index
12463,nara_codification,nara-codification-index
12464,nara_codification,nara-codification-index
12465,nara_codification,nara-codification-index
12466,nara_codification,nara-codification-index
12467,nara_codification,nara-codification-index
12468,nara_codification,nara-codification-index
12469,nara_codification,nara-codification-index
12470,nara_codification,nara-codification-index
12471,nara_codification,nara-codification-index
12472,nara_codification,nara-order-detail-probe
12473,nara_codification,nara-order-detail-probe
12474,nara_codification,nara-codification-index
12475,nara_codification,nara-codification-index
12476,nara_codification,nara-codification-index
12477,nara_codification,nara-codification-index
12478,nara_codification,nara-codification-index
12479,nara_codification,nara-codification-index
12480,nara_codification,nara-codification-index
12481,nara_codification,nara-codification-index
12482,nara_codification,nara-codification-index
12483,nara_codification,nara-codification-index
12484,nara_codification,nara-codification-index
12485,nara_codification,nara-codification-index
12486,nara_codification,nara-codification-index
12487,nara_codification,nara-codification-index
12488,nara_codification,nara-codification-index
12489,nara_codification,nara-codification-index
12490,nara_codification,nara-codification-index
12491,nara_codification,nara-codification-index
12492,nara_codification,nara-codification-index
12494,nara_codification,nara-codification-index
12495,nara_codification,nara-codification-index
12496,nara_codification,nara-codification-index
12497,nara_codification,nara-codification-index
12498,nara_codification,nara-codification-index
12499,nara_codification,nara-codification-index
12500,nara_codification,nara-codification-index
12501,nara_codification,nara-codification-index
12502,nara_codification,nara-codification-index
12503,nara_codification,nara-codification-index
12504,nara_codification,nara-order-detail-probe
12505,nara_codification,nara-codification-index
12506,nara_codification,nara-codification-index
12507,nara_codification,nara-codification-index
12508,nara_codification,nara-codification-index
12509,nara_codification,nara-codification-index
12510,nara_codification,nara-codification-index
12511,nara_codification,nara-codification-index
12512,nara_codification,nara-order-detail-probe
12513,nara_codification,nara-codification-index
12514,nara_codification,nara-codification-index
12515,nara_codification,nara-codification-index
12516,nara_codification,nara-codification-index
12517,nara_codification,nara-codification-index
12518,nara_codification,nara-codification-index
12519,nara_codification,nara-codification-index
12520,nara_codification,nara-codification-index
12521,nara_codification,nara-codification-index
12522,nara_codification,nara-codification-index
12523,nara_codification,nara-codification-index
12524,nara_codification,nara-codification-index
12525,nara_codification,nara-codification-index
12526,nara_codification,nara-codification-index
12527,nara_codification,nara-codification-index
12528,nara_codification,nara-codification-index
12529,nara_codification,nara-codification-index
12530,nara_codification,nara-codification-index
12531,nara_codification,nara-codification-index
12532,nara_codification,nara-codification-index
12533,nara_codification,nara-codification-index
12534,nara_codification,nara-codification-index
12535,nara_codification,nara-codification-index
12536,nara_codification,nara-codification-index
12537,nara_codification,nara-codification-index
12538,nara_codification,nara-codification-index
12539,nara_codification,nara-codification-index
12540,nara_codification,nara-codification-index
12541,nara_codification,nara-codification-index
12542,nara_codification,nara-codification-index
12543,nara_codification,nara-codification-index
12544,nara_codification,nara-order-detail-probe
12545,nara_codification,nara-codification-index
12546,nara_codification,nara-codification-index
12547,nara_codification,nara-codification-index
12548,nara_codification,nara-codification-index
12549,nara_codification,nara-order-detail-probe
12550,nara_codification,nara-codification-index
12551,nara_codification,nara-codification-index
12552,nara_codification,nara-codification-index
12553,nara_codification,nara-codification-index
12554,nara_codification,nara-codification-index
12555,nara_codification,nara-codification-index
12556,nara_codification,nara-codification-index
12557,nara_codification,nara-codification-index
12558,nara_codification,nara-codification-index
12559,nara_codification,nara-codification-index
12560,nara_codification,nara-codification-index
12561,nara_codification,nara-codification-index
12562,nara_codification,nara-codification-index
12563,nara_codification,nara-codification-index
12564,nara_codification,nara-order-detail-probe
12565,nara_codification,nara-codification-index
12566,nara_codification,nara-codification-index
12567,nara_codification,nara-codification-index
12568,nara_codification,nara-codification-index
12569,nara_codification,nara-codification-index
12570,nara_codification,nara-codification-index
12571,nara_codification,nara-codification-index
12572,nara_codification,nara-codification-index
12573,nara_codification,nara-codification-index
12574,nara_codification,nara-codification-index
12575,nara_codification,nara-codification-index
12576,nara_codification,nara-codification-index
12577,nara_codification,nara-codification-index
12578,nara_codification,nara-codification-index
12579,nara_codification,nara-codification-index
12580,nara_codification,nara-order-detail-probe
12581,nara_codification,nara-codification-index
12582,nara_codification,nara-codification-index
12583,nara_codification,nara-codification-index
12584,nara_codification,nara-codification-index
12585,nara_codification,nara-codification-index
12586,nara_codification,nara-codification-index
12587,nara_codification,nara-codification-index
12588,nara_codification,nara-codification-index
12589,nara_codification,nara-codification-index
12590,nara_codification,nara-codification-index
12591,nara_codification,nara-order-detail-probe
12592,nara_codification,nara-codification-index
12593,nara_codification,nara-codification-index
12594,nara_codification,nara-codification-index
12595,nara_codification,nara-codification-index
12596,nara_codification,nara-codification-index
12597,nara_codification,nara-order-detail-probe
12598,nara_codification,nara-codification-index
12599,nara_codification,nara-codification-index
12600,nara_codification,nara-order-detail-probe
12601,nara_codification,nara-codification-index
12602,nara_codification,nara-codification-index
12603,nara_codification,nara-codification-index
12604,nara_codification,nara-codification-index
12605,nara_codification,nara-codification-index
12606,nara_codification,nara-codification-index
12607,nara_codification,nara-codification-index
12608,nara_codification,nara-codification-index
12609,nara_codification,nara-codification-index
12610,nara_codification,nara-codification-index
12611,nara_codification,nara-codification-index
12612,nara_codification,nara-codification-index
12613,nara_codification,nara-codification-index
12614,nara_codification,nara-codification-index
12615,nara_codification,nara-order-detail-probe
12616,nara_codification,nara-codification-index
12617,nara_codification,nara-codification-index
12618,nara_codification,nara-codification-index
12619,nara_codification,nara-codification-index
12620,nara_codification,nara-codification-index
12621,nara_codification,nara-codification-index
12622,nara_codification,nara-codification-index
12623,nara_codification,nara-codification-index
12624,nara_codification,nara-codification-index
12625,nara_codification,nara-codification-index
12626,nara_codification,nara-codification-index
12627,nara_codification,nara-codification-index
12628,nara_codification,nara-codification-index
12629,nara_codification,nara-codification-index
12630,nara_codification,nara-codification-index
12631,nara_codification,nara-codification-index
12632,nara_codification,nara-codification-index
12633,nara_codification,nara-codification-index
12634,nara_codification,nara-codification-index
12635,nara_codification,nara-codification-index
12636,nara_codification,nara-codification-index
12637,nara_codification,nara-order-detail-probe
12638,nara_codification,nara-codification-index
12639,nara_codification,nara-codification-index
12640,nara_codification,nara-codification-index
12641,nara_codification,nara-codification-index
12642,nara_codification,nara-order-detail-probe
12643,nara_codification,nara-codification-index
12644,nara_codification,nara-codification-index
12645,nara_codification,nara-codification-index
12646,nara_codification,nara-codification-index
12647,nara_codification,nara-codification-index
12648,nara_codification,nara-codification-index
12649,nara_codification,nara-codification-index
12650,nara_codification,nara-codification-index
12651,nara_codification,nara-codification-index
12652,nara_codification,nara-codification-index
12653,nara_codification,nara-codification-index
12654,nara_codification,nara-codification-index
12655,nara_codification,nara-codification-index
12656,nara_codification,nara-order-detail-probe
12657,nara_codification,nara-codification-index
12658,nara_codification,nara-codification-index
12659,nara_codification,nara-codification-index
12660,nara_codification,nara-codification-index
12662,nara_codification,nara-codification-index
12663,nara_codification,nara-codification-index
12664,nara_codification,nara-codification-index
12665,nara_codification,nara-codification-index
12666,nara_codification,nara-codification-index
12667,nara_codification,nara-codification-index
12668,nara_disposition,gap-closure-nara-live
12669,nara_disposition,gap-closure-nara-live
12670,nara_disposition,gap-closure-nara-live
12671,nara_disposition,gap-closure-nara-live
12672,nara_disposition,gap-closure-nara-live
12673,nara_disposition,gap-closure-nara-live
12674,nara_disposition,gap-closure-nara-live
12675,nara_disposition,gap-closure-nara-live
12676,nara_disposition,gap-closure-nara-live
12677,nara_disposition,gap-closure-nara-live
12678,nara_disposition,gap-closure-nara-live
12679,nara_disposition,gap-closure-nara-live
12680,nara_disposition,gap-closure-nara-live
12681,nara_disposition,gap-closure-nara-live
12682,nara_disposition,gap-closure-nara-live
12683,nara_disposition,gap-closure-nara-live
12684,nara_disposition,gap-closure-nara-live
12685,nara_disposition,gap-closure-nara-live
12686,nara_disposition,gap-closure-nara-live
12687,nara_disposition,gap-closure-nara-live
12688,nara_disposition,gap-closure-nara-live
12689,nara_disposition,gap-closure-nara-live
12690,nara_disposition,gap-closure-nara-live
12691,nara_disposition,gap-closure-nara-live
12692,nara_disposition,gap-closure-nara-live
12693,nara_disposition,gap-closure-nara-live
12694,nara_disposition,gap-closure-nara-live
12695,nara_disposition,gap-closure-nara-live
12696,nara_disposition,gap-closure-nara-live
12697,nara_disposition,gap-closure-nara-live
12698,nara_disposition,gap-closure-nara-live
12699,nara_disposition,gap-closure-nara-live
12700,nara_disposition,gap-closure-nara-live
12701,nara_disposition,gap-closure-nara-live
12702,nara_disposition,gap-closure-nara-live
12703,nara_disposition,gap-closure-nara-live
12704,nara_disposition,gap-closure-nara-live
12705,nara_disposition,gap-closure-nara-live
12706,nara_disposition,gap-closure-nara-live
12707,nara_disposition,gap-closure-nara-live
12708,nara_disposition,gap-closure-nara-live
12709,nara_disposition,gap-closure-nara-live
12710,nara_disposition,gap-closure-nara-live
12711,nara_disposition,gap-closure-nara-live
12712,nara_disposition,gap-closure-nara-live
12713,nara_disposition,gap-closure-nara-live
12714,nara_disposition,gap-closure-nara-live
12715,nara_disposition,gap-closure-nara-live
12716,nara_disposition,gap-closure-nara-live
12717,nara_disposition,gap-closure-nara-live
12718,nara_disposition,gap-closure-nara-live
12719,nara_disposition,gap-closure-nara-live
12720,nara_disposition,gap-closure-nara-live
12721,nara_disposition,gap-closure-nara-live
12722,nara_disposition,gap-closure-nara-live
12723,nara_disposition,gap-closure-nara-live
12724,nara_disposition,gap-closure-nara-live
12725,nara_disposition,gap-closure-nara-live
12726,nara_disposition,gap-closure-nara-live
12727,nara_disposition,gap-closure-nara-live
12728,nara_disposition,gap-closure-nara-live
12729,nara_disposition,gap-closure-nara-live
12730,nara_disposition,gap-closure-nara-live
12731,nara_disposition,gap-closure-nara-live
12732,nara_disposition,gap-closure-nara-live
12733,nara_disposition,gap-closure-nara-live
12734,nara_disposition,gap-closure-nara-live
12735,nara_disposition,gap-closure-nara-live
12736,nara_disposition,gap-closure-nara-live
12737,nara_disposition,gap-closure-nara-live
12738,nara_disposition,gap-closure-nara-live
12739,nara_disposition,gap-closure-nara-live
12740,nara_disposition,gap-closure-nara-live
12741,nara_disposition,gap-closure-nara-live
12742,nara_disposition,gap-closure-nara-live
12743,nara_disposition,gap-closure-nara-live
12744,nara_disposition,gap-closure-nara-live
12745,nara_disposition,gap-closure-nara-live
12746,nara_disposition,gap-closure-nara-live
12747,nara_disposition,gap-closure-nara-live
12748,nara_disposition,gap-closure-nara-live
12749,nara_disposition,gap-closure-nara-live
12750,nara_disposition,gap-closure-nara-live
12751,nara_disposition,gap-closure-nara-live
12752,nara_disposition,gap-closure-nara-live
12753,nara_disposition,gap-closure-nara-live
12754,nara_disposition,gap-closure-nara-live
12755,nara_disposition,gap-closure-nara-live
12756,nara_disposition,gap-closure-nara-live
12757,nara_disposition,gap-closure-nara-live
12758,nara_disposition,gap-closure-nara-live
12759,nara_disposition,gap-closure-nara-live
12760,nara_disposition,gap-closure-nara-live
12761,nara_disposition,gap-closure-nara-live
12762,nara_disposition,gap-closure-nara-live
12763,nara_disposition,gap-closure-nara-live
12764,nara_disposition,gap-closure-nara-live
12765,nara_disposition,gap-closure-nara-live
12766,nara_disposition,gap-closure-nara-live
12767,nara_disposition,gap-closure-nara-live
12768,nara_disposition,gap-closure-nara-live
12769,nara_disposition,gap-closure-nara-live
12770,nara_disposition,gap-closure-nara-live
12771,nara_disposition,gap-closure-nara-live
12772,nara_disposition,gap-closure-nara-live
12773,nara_disposition,gap-closure-nara-live
12774,nara_disposition,gap-closure-nara-live
12775,nara_disposition,gap-closure-nara-live
12776,nara_disposition,gap-closure-nara-live
12777,nara_disposition,gap-closure-nara-live
12778,nara_disposition,gap-closure-nara-live
12779,nara_disposition,gap-closure-nara-live
12780,nara_disposition,gap-closure-nara-live
12781,nara_disposition,gap-closure-nara-live
12782,nara_disposition,gap-closure-nara-live
12783,nara_disposition,gap-closure-nara-live
12784,nara_disposition,gap-closure-nara-live
12785,nara_disposition,gap-closure-nara-live
12786,nara_disposition,gap-closure-nara-live
12787,nara_disposition,gap-closure-nara-live
12788,nara_disposition,gap-closure-nara-live
12789,nara_disposition,gap-closure-nara-live
12790,nara_disposition,gap-closure-nara-live
12791,nara_disposition,gap-closure-nara-live
12792,nara_disposition,gap-closure-nara-live
12793,nara_disposition,gap-closure-nara-live
12794,nara_disposition,gap-closure-nara-live
12795,nara_disposition,gap-closure-nara-live
12796,nara_disposition,gap-closure-nara-live
12797,nara_disposition,gap-closure-nara-live
12798,nara_disposition,gap-closure-nara-live
12799,nara_disposition,gap-closure-nara-live
12800,nara_disposition,gap-closure-nara-live
12801,nara_disposition,gap-closure-nara-live
12802,nara_disposition,gap-closure-nara-live
12803,nara_disposition,gap-closure-nara-live
12804,nara_disposition,gap-closure-nara-live
12805,nara_disposition,gap-closure-nara-live
12806,nara_disposition,gap-closure-nara-live
12807,nara_disposition,gap-closure-nara-live
12808,nara_disposition,gap-closure-nara-live
12809,nara_disposition,gap-closure-nara-live
12810,nara_disposition,gap-closure-nara-live
12811,nara_disposition,gap-closure-nara-live
12812,nara_disposition,gap-closure-nara-live
12813,nara_disposition,gap-closure-nara-live
12814,nara_disposition,gap-closure-nara-live
12815,nara_disposition,gap-closure-nara-live
12816,nara_disposition,gap-closure-nara-live
12817,nara_disposition,gap-closure-nara-live
12818,nara_disposition,gap-closure-nara-live
12819,nara_disposition,gap-closure-nara-live
12820,nara_disposition,gap-closure-nara-live
12821,nara_disposition,gap-closure-nara-live
12822,nara_disposition,gap-closure-nara-live
12823,nara_disposition,gap-closure-nara-live
12824,nara_disposition,gap-closure-nara-live
12825,nara_disposition,gap-closure-nara-live
12826,nara_disposition,gap-closure-nara-live
12827,nara_disposition,gap-closure-nara-live
12828,nara_disposition,gap-closure-wayback
12829,nara_disposition,gap-closure-wayback
12830,nara_disposition,gap-closure-wayback
12831,nara_disposition,gap-closure-wayback
12832,nara_disposition,gap-closure-wayback
12833,nara_disposition,gap-closure-wayback
12834,nara_disposition,gap-closure-wayback
12835,nara_disposition,gap-closure-wayback
12836,nara_disposition,gap-closure-wayback
12837,nara_disposition,gap-closure-wayback
12838,nara_disposition,gap-closure-wayback
12839,nara_disposition,gap-closure-wayback
12840,nara_disposition,gap-closure-wayback
12841,nara_disposition,gap-closure-wayback
12842,nara_disposition,gap-closure-wayback
12843,nara_disposition,gap-closure-wayback
12844,nara_disposition,gap-closure-wayback
12845,nara_disposition,gap-closure-wayback
12846,nara_disposition,gap-closure-wayback
12847,nara_disposition,gap-closure-wayback
12848,nara_disposition,gap-closure-wayback
12849,nara_disposition,gap-closure-wayback
12850,nara_disposition,gap-closure-wayback
12851,nara_disposition,gap-closure-wayback
12852,nara_disposition,gap-closure-wayback
12853,nara_disposition,gap-closure-wayback
12854,nara_disposition,gap-closure-wayback
12855,nara_disposition,gap-closure-wayback
12856,nara_disposition,gap-closure-wayback
12857,nara_disposition,gap-closure-wayback
12858,nara_disposition,gap-closure-wayback
12859,nara_disposition,gap-closure-wayback
12860,nara_disposition,gap-closure-wayback
12861,nara_disposition,gap-closure-wayback
12862,nara_disposition,gap-closure-wayback
12863,nara_disposition,gap-closure-wayback
12864,nara_disposition,gap-closure-wayback
12865,nara_disposition,gap-closure-wayback
12866,nara_disposition,gap-closure-wayback
12867,nara_disposition,gap-closure-wayback
12868,nara_disposition,gap-closure-wayback
12869,nara_disposition,gap-closure-wayback
12870,nara_disposition,gap-closure-wayback
12871,nara_disposition,gap-closure-wayback
12872,nara_disposition,gap-closure-wayback
12873,nara_disposition,gap-closure-wayback
12874,nara_disposition,gap-closure-wayback
12875,nara_disposition,gap-closure-wayback
12876,nara_disposition,gap-closure-wayback
12877,nara_disposition,gap-closure-wayback
12878,nara_disposition,gap-closure-wayback
12879,nara_disposition,gap-closure-wayback
12880,nara_disposition,gap-closure-wayback
12881,nara_disposition,gap-closure-wayback
12882,nara_disposition,gap-closure-wayback
12883,nara_disposition,gap-closure-wayback
12884,nara_disposition,gap-closure-wayback
12885,nara_disposition,gap-closure-wayback
12886,nara_disposition,gap-closure-wayback
12887,nara_disposition,gap-closure-wayback
12888,nara_disposition,gap-closure-wayback
12889,nara_disposition,gap-closure-wayback
12890,fr_api,fr-api
12891,fr_api,fr-api
12892,fr_api,fr-api
12893,fr_api,fr-api
12894,fr_api,fr-api
12895,fr_api,fr-api
12896,fr_api,fr-api
12897,fr_api,fr-api
12898,fr_api,fr-api
12899,fr_api,fr-api
12900,fr_api,fr-api
12901,fr_api,fr-api
12902,fr_api,fr-api
12903,fr_api,fr-api
12904,fr_api,fr-api
12905,fr_api,fr-api
12906,fr_api,fr-api
12907,fr_api,fr-api
12908,fr_api,fr-api
12909,fr_api,fr-api
12910,fr_api,fr-api
12911,fr_api,fr-api
12912,fr_api,fr-api
12913,fr_api,fr-api
12914,fr_api,fr-api
12915,fr_api,fr-api
12916,fr_api,fr-api
12917,fr_api,fr-api
12918,fr_api,fr-api
12919,fr_api,fr-api
12920,fr_api,fr-api
12921,fr_api,fr-api
12922,fr_api,fr-api
12923,fr_api,fr-api
12924,fr_api,fr-api
12925,fr_api,fr-api
12926,fr_api,fr-api
12927,fr_api,fr-api
12928,fr_api,fr-api
12929,fr_api,fr-api
12930,fr_api,fr-api
12931,fr_api,fr-api
12932,fr_api,fr-api
12933,fr_api,fr-api
12934,fr_api,fr-api
12935,fr_api,fr-api
12936,fr_api,fr-api
12937,fr_api,fr-api
12938,fr_api,fr-api
12939,fr_api,fr-api
12940,fr_api,fr-api
12941,fr_api,fr-api
12942,fr_api,fr-api
12943,fr_api,fr-api
12944,fr_api,fr-api
12945,fr_api,fr-api
12946,fr_api,fr-api
12947,fr_api,fr-api
12948,fr_api,fr-api
12949,fr_api,fr-api
12950,fr_api,fr-api
12951,fr_api,fr-api
12952,fr_api,fr-api
12953,fr_api,fr-api
12954,fr_api,fr-api
12955,fr_api,fr-api
12956,fr_api,fr-api
12957,fr_api,fr-api
12958,fr_api,fr-api
12959,fr_api,fr-api
12960,fr_api,fr-api
12961,fr_api,fr-api
12962,fr_api,fr-api
12963,fr_api,fr-api
12964,fr_api,fr-api
12965,fr_api,fr-api
12966,fr_api,fr-api
12967,fr_api,fr-api
12968,fr_api,fr-api
12969,fr_api,fr-api
12970,fr_api,fr-api
12971,fr_api,fr-api
12972,fr_api,fr-api
12973,fr_api,fr-api
12974,fr_api,fr-api
12975,fr_api,fr-api
12976,fr_api,fr-api
12977,fr_api,fr-api
12978,fr_api,fr-api
12979,fr_api,fr-api
12980,fr_api,fr-api
12981,fr_api,fr-api
12982,fr_api,fr-api
12983,fr_api,fr-api
12984,fr_api,fr-api
12985,fr_api,fr-api
12986,fr_api,fr-api
12987,fr_api,fr-api
12988,fr_api,fr-api
12989,fr_api,fr-api
12990,fr_api,fr-api
12991,fr_api,fr-api
12992,fr_api,fr-api
12993,fr_api,fr-api
12994,fr_api,fr-api
12995,fr_api,fr-api
12996,fr_api,fr-api
12997,fr_api,fr-api
12998,fr_api,fr-api
12999,fr_api,fr-api
13000,fr_api,fr-api
13001,fr_api,fr-api
13002,fr_api,fr-api
13003,fr_api,fr-api
13004,fr_api,fr-api
13005,fr_api,fr-api
13006,fr_api,fr-api
13007,fr_api,fr-api
13008,fr_api,fr-api
13009,fr_api,fr-api
13010,fr_api,fr-api
13011,fr_api,fr-api
13012,fr_api,fr-api
13013,fr_api,fr-api
13014,fr_api,fr-api
13015,fr_api,fr-api
13016,fr_api,fr-api
13017,fr_api,fr-api
13018,fr_api,fr-api
13019,fr_api,fr-api
13020,fr_api,fr-api
13021,fr_api,fr-api
13022,fr_api,fr-api
13023,fr_api,fr-api
13024,fr_api,fr-api
13025,fr_api,fr-api
13026,fr_api,fr-api
13027,fr_api,fr-api
13028,fr_api,fr-api
13029,fr_api,fr-api
13030,fr_api,fr-api
13031,fr_api,fr-api
13032,fr_api,fr-api
13033,fr_api,fr-api
13034,fr_api,fr-api
13035,fr_api,fr-api
13036,fr_api,fr-api
13037,fr_api,fr-api
13038,fr_api,fr-api
13039,fr_api,fr-api
13040,fr_api,fr-api
13041,fr_api,fr-api
13042,fr_api,fr-api
13043,fr_api,fr-api
13044,fr_api,fr-api
13045,fr_api,fr-api
13046,fr_api,fr-api
13047,fr_api,fr-api
13048,fr_api,fr-api
13049,fr_api,fr-api
13050,fr_api,fr-api
13051,fr_api,fr-api
13052,fr_api,fr-api
13053,fr_api,fr-api
13054,fr_api,fr-api
13055,fr_api,fr-api
13056,fr_api,fr-api
13057,fr_api,fr-api
13058,fr_api,fr-api
13059,fr_api,fr-api
13060,fr_api,fr-api
13061,fr_api,fr-api
13062,fr_api,fr-api
13063,fr_api,fr-api
13064,fr_api,fr-api
13065,fr_api,fr-api
13066,fr_api,fr-api
13067,fr_api,fr-api
13068,fr_api,fr-api
13069,fr_api,fr-api
13070,fr_api,fr-api
13071,fr_api,fr-api
13072,fr_api,fr-api
13073,fr_api,fr-api
13074,fr_api,fr-api
13075,fr_api,fr-api
13076,fr_api,fr-api
13077,fr_api,fr-api
13078,fr_api,fr-api
13079,fr_api,fr-api
13080,fr_api,fr-api
13081,fr_api,fr-api
13082,fr_api,fr-api
13083,fr_api,fr-api
13084,fr_api,fr-api
13085,fr_api,fr-api
13086,fr_api,fr-api
13087,fr_api,fr-api
13088,fr_api,fr-api
13089,fr_api,fr-api
13090,fr_api,fr-api
13091,fr_api,fr-api
13092,fr_api,fr-api
13093,fr_api,fr-api
13094,fr_api,fr-api
13095,fr_api,fr-api
13096,fr_api,fr-api
13097,fr_api,fr-api
13098,fr_api,fr-api
13099,fr_api,fr-api
13100,fr_api,fr-api
13101,fr_api,fr-api
13102,fr_api,fr-api
13103,fr_api,fr-api
13104,fr_api,fr-api
13105,fr_api,fr-api
13106,fr_api,fr-api
13107,fr_api,fr-api
13108,fr_api,fr-api
13109,fr_api,fr-api
13110,fr_api,fr-api
13111,fr_api,fr-api
13112,fr_api,fr-api
13113,fr_api,fr-api
13114,fr_api,fr-api
13115,fr_api,fr-api
13116,fr_api,fr-api
13117,fr_api,fr-api
13118,fr_api,fr-api
13119,fr_api,fr-api
13120,fr_api,fr-api
13121,fr_api,fr-api
13122,fr_api,fr-api
13123,fr_api,fr-api
13124,fr_api,fr-api
13125,fr_api,fr-api
13126,fr_api,fr-api
13127,fr_api,fr-api
13128,fr_api,fr-api
13129,fr_api,fr-api
13130,fr_api,fr-api
13131,fr_api,fr-api
13132,fr_api,fr-api
13133,fr_api,fr-api
13134,fr_api,fr-api
13135,fr_api,fr-api
13136,fr_api,fr-api
13137,fr_api,fr-api
13138,fr_api,fr-api
13139,fr_api,fr-api
13140,fr_api,fr-api
13141,fr_api,fr-api
13142,fr_api,fr-api
13143,fr_api,fr-api
13144,fr_api,fr-api
13145,fr_api,fr-api
13146,fr_api,fr-api
13147,fr_api,fr-api
13148,fr_api,fr-api
13149,fr_api,fr-api
13150,fr_api,fr-api
13151,fr_api,fr-api
13152,fr_api,fr-api
13153,fr_api,fr-api
13154,fr_api,fr-api
13155,fr_api,fr-api
13156,fr_api,fr-api
13157,fr_api,fr-api
13158,fr_api,fr-api
13159,fr_api,fr-api
13160,fr_api,fr-api
13161,fr_api,fr-api
13162,fr_api,fr-api
13163,fr_api,fr-api
13164,fr_api,fr-api
13165,fr_api,fr-api
13166,fr_api,fr-api
13167,fr_api,fr-api
13168,fr_api,fr-api
13169,fr_api,fr-api
13170,fr_api,fr-api
13171,fr_api,fr-api
13172,fr_api,fr-api
13173,fr_api,fr-api
13174,fr_api,fr-api
13175,fr_api,fr-api
13176,fr_api,fr-api
13177,fr_api,fr-api
13178,fr_api,fr-api
13179,fr_api,fr-api
13180,fr_api,fr-api
13181,fr_api,fr-api
13182,fr_api,fr-api
13183,fr_api,fr-api
13184,fr_api,fr-api
13185,fr_api,fr-api
13186,fr_api,fr-api
13187,fr_api,fr-api
13188,fr_api,fr-api
13189,fr_api,fr-api
13190,fr_api,fr-api
13191,fr_api,fr-api
13192,fr_api,fr-api
13193,fr_api,fr-api
13194,fr_api,fr-api
13195,fr_api,fr-api
13196,fr_api,fr-api
13197,fr_api,fr-api
13198,fr_api,fr-api
13199,fr_api,fr-api
13200,fr_api,fr-api
13201,fr_api,fr-api
13202,fr_api,fr-api
13203,fr_api,fr-api
13204,fr_api,fr-api
13205,fr_api,fr-api
13206,fr_api,fr-api
13207,fr_api,fr-api
13208,fr_api,fr-api
13209,fr_api,fr-api
13210,fr_api,fr-api
13211,fr_api,fr-api
13212,fr_api,fr-api
13213,fr_api,fr-api
13214,fr_api,fr-api
13215,fr_api,fr-api
13216,fr_api,fr-api
13217,fr_api,fr-api
13218,fr_api,fr-api
13219,fr_api,fr-api
13220,fr_api,fr-api
13221,fr_api,fr-api
13222,fr_api,fr-api
13223,fr_api,fr-api
13224,fr_api,fr-api
13225,fr_api,fr-api
13226,fr_api,fr-api
13227,fr_api,fr-api
13228,fr_api,fr-api
13229,fr_api,fr-api
13230,fr_api,fr-api
13231,fr_api,fr-api
13232,fr_api,fr-api
13233,fr_api,fr-api
13234,fr_api,fr-api
13235,fr_api,fr-api
13236,fr_api,fr-api
13237,fr_api,fr-api
13238,fr_api,fr-api
13239,fr_api,fr-api
13240,fr_api,fr-api
13241,fr_api,fr-api
13242,fr_api,fr-api
13243,fr_api,fr-api
13244,fr_api,fr-api
13245,fr_api,fr-api
13246,fr_api,fr-api
13247,fr_api,fr-api
13248,fr_api,fr-api
13249,fr_api,fr-api
13250,fr_api,fr-api
13251,fr_api,fr-api
13252,fr_api,fr-api
13253,fr_api,fr-api
13254,fr_api,fr-api
13255,fr_api,fr-api
13256,fr_api,fr-api
13257,fr_api,fr-api
13258,fr_api,fr-api
13259,fr_api,fr-api
13260,fr_api,fr-api
13261,fr_api,fr-api
13262,fr_api,fr-api
13263,fr_api,fr-api
13264,fr_api,fr-api
13265,fr_api,fr-api
13266,fr_api,fr-api
13267,fr_api,fr-api
13268,fr_api,fr-api
13269,fr_api,fr-api
13270,fr_api,fr-api
13271,fr_api,fr-api
13272,fr_api,fr-api
13273,fr_api,fr-api
13274,fr_api,fr-api
13275,fr_api,fr-api
13276,fr_api,fr-api
13277,fr_api,fr-api
13278,fr_api,fr-api
13279,fr_api,fr-api
13280,fr_api,fr-api
13281,fr_api,fr-api
13282,fr_api,fr-api
13283,fr_api,fr-api
13284,fr_api,fr-api
13285,fr_api,fr-api
13286,fr_api,fr-api
13287,fr_api,fr-api
13288,fr_api,fr-api
13289,fr_api,fr-api
13290,fr_api,fr-api
13291,fr_api,fr-api
13292,fr_api,fr-api
13293,fr_api,fr-api
13294,fr_api,fr-api
13295,fr_api,fr-api
13296,fr_api,fr-api
13297,fr_api,fr-api
13298,fr_api,fr-api
13299,fr_api,fr-api
13300,fr_api,fr-api
13301,fr_api,fr-api
13302,fr_api,fr-api
13303,fr_api,fr-api
13304,fr_api,fr-api
13305,fr_api,fr-api
13306,fr_api,fr-api
13307,fr_api,fr-api
13308,fr_api,fr-api
13309,fr_api,fr-api
13310,fr_api,fr-api
13311,fr_api,fr-api
13312,fr_api,fr-api
13313,fr_api,fr-api
13314,fr_api,fr-api
13315,fr_api,fr-api
13316,fr_api,fr-api
13317,fr_api,fr-api
13318,fr_api,fr-api
13319,fr_api,fr-api
13320,fr_api,fr-api
13321,fr_api,fr-api
13322,fr_api,fr-api
13323,fr_api,fr-api
13324,fr_api,fr-api
13325,fr_api,fr-api
13326,fr_api,fr-api
13327,fr_api,fr-api
13328,fr_api,fr-api
13329,fr_api,fr-api
13330,fr_api,fr-api
13331,fr_api,fr-api
13332,fr_api,fr-api
13333,fr_api,fr-api
13334,fr_api,fr-api
13335,fr_api,fr-api
13336,fr_api,fr-api
13337,fr_api,fr-api
13338,fr_api,fr-api
13339,fr_api,fr-api
13340,fr_api,fr-api
13341,fr_api,fr-api
13342,fr_api,fr-api
13343,fr_api,fr-api
13344,fr_api,fr-api
13345,fr_api,fr-api
13346,fr_api,fr-api
13347,fr_api,fr-api
13348,fr_api,fr-api
13349,fr_api,fr-api
13350,fr_api,fr-api
13351,fr_api,fr-api
13352,fr_api,fr-api
13353,fr_api,fr-api
13354,fr_api,fr-api
13355,fr_api,fr-api
13356,fr_api,fr-api
13357,fr_api,fr-api
13358,fr_api,fr-api
13359,fr_api,fr-api
13360,fr_api,fr-api
13361,fr_api,fr-api
13362,fr_api,fr-api
13363,fr_api,fr-api
13364,fr_api,fr-api
13365,fr_api,fr-api
13366,fr_api,fr-api
13367,fr_api,fr-api
13368,fr_api,fr-api
13369,fr_api,fr-api
13370,fr_api,fr-api
13371,fr_api,fr-api
13372,fr_api,fr-api
13373,fr_api,fr-api
13374,fr_api,fr-api
13375,fr_api,fr-api
13376,fr_api,fr-api
13377,fr_api,fr-api
13378,fr_api,fr-api
13379,fr_api,fr-api
13380,fr_api,fr-api
13381,fr_api,fr-api
13382,fr_api,fr-api
13383,fr_api,fr-api
13384,fr_api,fr-api
13385,fr_api,fr-api
13386,fr_api,fr-api
13387,fr_api,fr-api
13388,fr_api,fr-api
13389,fr_api,fr-api
13390,fr_api,fr-api
13391,fr_api,fr-api
13392,fr_api,fr-api
13393,fr_api,fr-api
13394,fr_api,fr-api
13395,fr_api,fr-api
13396,fr_api,fr-api
13397,fr_api,fr-api
13398,fr_api,fr-api
13399,fr_api,fr-api
13400,fr_api,fr-api
13401,fr_api,fr-api
13402,fr_api,fr-api
13403,fr_api,fr-api
13404,fr_api,fr-api
13405,fr_api,fr-api
13406,fr_api,fr-api
13407,fr_api,fr-api
13408,fr_api,fr-api
13409,fr_api,fr-api
13410,fr_api,fr-api
13411,fr_api,fr-api
13412,fr_api,fr-api
13413,fr_api,fr-api
13414,fr_api,fr-api
13415,fr_api,fr-api
13416,fr_api,fr-api
13417,fr_api,fr-api
13418,fr_api,fr-api
13419,fr_api,fr-api
13420,fr_api,fr-api
13421,fr_api,fr-api
13422,fr_api,fr-api
13423,fr_api,fr-api
13424,fr_api,fr-api
13425,fr_api,fr-api
13426,fr_api,fr-api
13427,fr_api,fr-api
13428,fr_api,fr-api
13429,fr_api,fr-api
13430,fr_api,fr-api
13431,fr_api,fr-api
13432,fr_api,fr-api
13433,fr_api,fr-api
13434,fr_api,fr-api
13435,fr_api,fr-api
13436,fr_api,fr-api
13437,fr_api,fr-api
13438,fr_api,fr-api
13439,fr_api,fr-api
13440,fr_api,fr-api
13441,fr_api,fr-api
13442,fr_api,fr-api
13443,fr_api,fr-api
13444,fr_api,fr-api
13445,fr_api,fr-api
13446,fr_api,fr-api
13447,fr_api,fr-api
13448,fr_api,fr-api
13449,fr_api,fr-api
13450,fr_api,fr-api
13451,fr_api,fr-api
13452,fr_api,fr-api
13453,fr_api,fr-api
13454,fr_api,fr-api
13455,fr_api,fr-api
13456,fr_api,fr-api
13457,fr_api,fr-api
13458,fr_api,fr-api
13459,fr_api,fr-api
13460,fr_api,fr-api
13461,fr_api,fr-api
13462,fr_api,fr-api
13463,fr_api,fr-api
13464,fr_api,fr-api
13465,fr_api,fr-api
13466,fr_api,fr-api
13467,fr_api,fr-api
13468,fr_api,fr-api
13469,fr_api,fr-api
13470,fr_api,fr-api
13471,fr_api,fr-api
13472,fr_api,fr-api
13473,fr_api,fr-api
13474,fr_api,fr-api
13475,fr_api,fr-api
13476,fr_api,fr-api
13477,fr_api,fr-api
13478,fr_api,fr-api
13479,fr_api,fr-api
13480,fr_api,fr-api
13481,fr_api,fr-api
13482,fr_api,fr-api
13483,fr_api,fr-api
13484,fr_api,fr-api
13485,fr_api,fr-api
13486,fr_api,fr-api
13487,fr_api,fr-api
13488,fr_api,fr-api
13489,fr_api,fr-api
13490,fr_api,fr-api
13491,fr_api,fr-api
13492,fr_api,fr-api
13493,fr_api,fr-api
13494,fr_api,fr-api
13495,fr_api,fr-api
13496,fr_api,fr-api
13497,fr_api,fr-api
13498,fr_api,fr-api
13499,fr_api,fr-api
13500,fr_api,fr-api
13501,fr_api,fr-api
13502,fr_api,fr-api
13503,fr_api,fr-api
13504,fr_api,fr-api
13505,fr_api,fr-api
13506,fr_api,fr-api
13507,fr_api,fr-api
13508,fr_api,fr-api
13509,fr_api,fr-api
13510,fr_api,fr-api
13511,fr_api,fr-api
13512,fr_api,fr-api
13513,fr_api,fr-api
13514,fr_api,fr-api
13515,fr_api,fr-api
13516,fr_api,fr-api
13517,fr_api,fr-api
13518,fr_api,fr-api
13519,fr_api,fr-api
13520,fr_api,fr-api
13521,fr_api,fr-api
13522,fr_api,fr-api
13523,fr_api,fr-api
13524,fr_api,fr-api
13525,fr_api,fr-api
13526,fr_api,fr-api
13527,fr_api,fr-api
13528,fr_api,fr-api
13529,fr_api,fr-api
13530,fr_api,fr-api
13531,fr_api,fr-api
13532,fr_api,fr-api
13533,fr_api,fr-api
13534,fr_api,fr-api
13535,fr_api,fr-api
13536,fr_api,fr-api
13537,fr_api,fr-api
13538,fr_api,fr-api
13539,fr_api,fr-api
13540,fr_api,fr-api
13541,fr_api,fr-api
13542,fr_api,fr-api
13543,fr_api,fr-api
13544,fr_api,fr-api
13545,fr_api,fr-api
13546,fr_api,fr-api
13547,fr_api,fr-api
13548,fr_api,fr-api
13549,fr_api,fr-api
13550,fr_api,fr-api
13551,fr_api,fr-api
13552,fr_api,fr-api
13553,fr_api,fr-api
13554,fr_api,fr-api
13555,fr_api,fr-api
13556,fr_api,fr-api
13557,fr_api,fr-api
13558,fr_api,fr-api
13559,fr_api,fr-api
13560,fr_api,fr-api
13561,fr_api,fr-api
13562,fr_api,fr-api
13563,fr_api,fr-api
13564,fr_api,fr-api
13565,fr_api,fr-api
13566,fr_api,fr-api
13567,fr_api,fr-api
13568,fr_api,fr-api
13569,fr_api,fr-api
13570,fr_api,fr-api
13571,fr_api,fr-api
13572,fr_api,fr-api
13573,fr_api,fr-api
13574,fr_api,fr-api
13575,fr_api,fr-api
13576,fr_api,fr-api
13577,fr_api,fr-api
13578,fr_api,fr-api
13579,fr_api,fr-api
13580,fr_api,fr-api
13581,fr_api,fr-api
13582,fr_api,fr-api
13583,fr_api,fr-api
13584,fr_api,fr-api
13585,fr_api,fr-api
13586,fr_api,fr-api
13587,fr_api,fr-api
13588,fr_api,fr-api
13589,fr_api,fr-api
13590,fr_api,fr-api
13591,fr_api,fr-api
13592,fr_api,fr-api
13593,fr_api,fr-api
13594,fr_api,fr-api
13595,fr_api,fr-api
13596,fr_api,fr-api
13597,fr_api,fr-api
13598,fr_api,fr-api
13599,fr_api,fr-api
13600,fr_api,fr-api
13601,fr_api,fr-api
13602,fr_api,fr-api
13603,fr_api,fr-api
13604,fr_api,fr-api
13605,fr_api,fr-api
13606,fr_api,fr-api
13607,fr_api,fr-api
13608,fr_api,fr-api
13609,fr_api,fr-api
13610,fr_api,fr-api
13611,fr_api,fr-api
13612,fr_api,fr-api
13613,fr_api,fr-api
13614,fr_api,fr-api
13615,fr_api,fr-api
13616,fr_api,fr-api
13617,fr_api,fr-api
13618,fr_api,fr-api
13619,fr_api,fr-api
13620,fr_api,fr-api
13621,fr_api,fr-api
13622,fr_api,fr-api
13623,fr_api,fr-api
13624,fr_api,fr-api
13625,fr_api,fr-api
13626,fr_api,fr-api
13627,fr_api,fr-api
13628,fr_api,fr-api
13629,fr_api,fr-api
13630,fr_api,fr-api
13631,fr_api,fr-api
13632,fr_api,fr-api
13633,fr_api,fr-api
13634,fr_api,fr-api
13635,fr_api,fr-api
13636,fr_api,fr-api
13637,fr_api,fr-api
13638,fr_api,fr-api
13639,fr_api,fr-api
13640,fr_api,fr-api
13641,fr_api,fr-api
13642,fr_api,fr-api
13643,fr_api,fr-api
13644,fr_api,fr-api
13645,fr_api,fr-api
13646,fr_api,fr-api
13647,fr_api,fr-api
13648,fr_api,fr-api
13649,fr_api,fr-api
13650,fr_api,fr-api
13651,fr_api,fr-api
13652,fr_api,fr-api
13653,fr_api,fr-api
13654,fr_api,fr-api
13655,fr_api,fr-api
13656,fr_api,fr-api
13657,fr_api,fr-api
13658,fr_api,fr-api
13659,fr_api,fr-api
13660,fr_api,fr-api
13661,fr_api,fr-api
13662,fr_api,fr-api
13663,fr_api,fr-api
13664,fr_api,fr-api
13665,fr_api,fr-api
13666,fr_api,fr-api
13667,fr_api,fr-api
13668,fr_api,fr-api
13669,fr_api,fr-api
13670,fr_api,fr-api
13671,fr_api,fr-api
13672,fr_api,fr-api
13673,fr_api,fr-api
13674,fr_api,fr-api
13675,fr_api,fr-api
13676,fr_api,fr-api
13677,fr_api,fr-api
13678,fr_api,fr-api
13679,fr_api,fr-api
13680,fr_api,fr-api
13681,fr_api,fr-api
13682,fr_api,fr-api
13683,fr_api,fr-api
13684,fr_api,fr-api
13685,fr_api,fr-api
13686,fr_api,fr-api
13687,fr_api,fr-api
13688,fr_api,fr-api
13689,fr_api,fr-api
13690,fr_api,fr-api
13691,fr_api,fr-api
13692,fr_api,fr-api
13693,fr_api,fr-api
13694,fr_api,fr-api
13695,fr_api,fr-api
13696,fr_api,fr-api
13697,fr_api,fr-api
13698,fr_api,fr-api
13699,fr_api,fr-api
13700,fr_api,fr-api
13701,fr_api,fr-api
13702,fr_api,fr-api
13703,fr_api,fr-api
13704,fr_api,fr-api
13705,fr_api,fr-api
13706,fr_api,fr-api
13707,fr_api,fr-api
13708,fr_api,fr-api
13709,fr_api,fr-api
13710,fr_api,fr-api
13711,fr_api,fr-api
13712,fr_api,fr-api
13713,fr_api,fr-api
13714,fr_api,fr-api
13715,fr_api,fr-api
13716,fr_api,fr-api
13717,fr_api,fr-api
13718,fr_api,fr-api
13719,fr_api,fr-api
13720,fr_api,fr-api
13721,fr_api,fr-api
13722,fr_api,fr-api
13723,fr_api,fr-api
13724,fr_api,fr-api
13725,fr_api,fr-api
13726,fr_api,fr-api
13727,fr_api,fr-api
13728,fr_api,fr-api
13729,fr_api,fr-api
13730,fr_api,fr-api
13731,fr_api,fr-api
13732,fr_api,fr-api
13733,fr_api,fr-api
13734,fr_api,fr-api
13735,fr_api,fr-api
13736,fr_api,fr-api
13737,fr_api,fr-api
13738,fr_api,fr-api
13739,fr_api,fr-api
13740,fr_api,fr-api
13741,fr_api,fr-api
13742,fr_api,fr-api
13743,fr_api,fr-api
13744,fr_api,fr-api
13745,fr_api,fr-api
13746,fr_api,fr-api
13747,fr_api,fr-api
13748,fr_api,fr-api
13749,fr_api,fr-api
13750,fr_api,fr-api
13751,fr_api,fr-api
13752,fr_api,fr-api
13753,fr_api,fr-api
13754,fr_api,fr-api
13755,fr_api,fr-api
13756,fr_api,fr-api
13757,fr_api,fr-api
13758,fr_api,fr-api
13759,fr_api,fr-api
13760,fr_api,fr-api
13761,fr_api,fr-api
13762,fr_api,fr-api
13763,fr_api,fr-api
13764,fr_api,fr-api
13765,fr_api,fr-api
13766,fr_api,fr-api
13767,fr_api,fr-api
13768,fr_api,fr-api
13769,fr_api,fr-api
13770,fr_api,fr-api
13771,fr_api,fr-api
13772,fr_api,fr-api
13773,fr_api,fr-api
13774,fr_api,fr-api
13775,fr_api,fr-api
13776,fr_api,fr-api
13777,fr_api,fr-api
13778,fr_api,fr-api
13779,fr_api,fr-api
13780,fr_api,fr-api
13781,fr_api,fr-api
13782,fr_api,fr-api
13783,fr_api,fr-api
13784,fr_api,fr-api
13785,fr_api,fr-api
13786,fr_api,fr-api
13787,fr_api,fr-api
13788,fr_api,fr-api
13789,fr_api,fr-api
13790,fr_api,fr-api
13791,fr_api,fr-api
13792,fr_api,fr-api
13793,fr_api,fr-api
13794,fr_api,fr-api
13795,fr_api,fr-api
13796,fr_api,fr-api
13797,fr_api,fr-api
13798,fr_api,fr-api
13799,fr_api,fr-api
13800,fr_api,fr-api
13801,fr_api,fr-api
13802,fr_api,fr-api
13803,fr_api,fr-api
13804,fr_api,fr-api
13805,fr_api,fr-api
13806,fr_api,fr-api
13807,fr_api,fr-api
13808,fr_api,fr-api
13809,fr_api,fr-api
13810,fr_api,fr-api
13811,fr_api,fr-api
13812,fr_api,fr-api
13813,fr_api,fr-api
13814,fr_api,fr-api
13815,fr_api,fr-api
13816,fr_api,fr-api
13817,fr_api,fr-api
13818,fr_api,fr-api
13819,fr_api,fr-api
13820,fr_api,fr-api
13821,fr_api,fr-api
13822,fr_api,fr-api
13823,fr_api,fr-api
13824,fr_api,fr-api
13825,fr_api,fr-api
13826,fr_api,fr-api
13827,fr_api,fr-api
13828,fr_api,fr-api
13829,fr_api,fr-api
13830,fr_api,fr-api
13831,fr_api,fr-api
13832,fr_api,fr-api
13833,fr_api,fr-api
13834,fr_api,fr-api
13835,fr_api,fr-api
13836,fr_api,fr-api
13837,fr_api,fr-api
13838,fr_api,fr-api
13839,fr_api,fr-api
13840,fr_api,fr-api
13841,fr_api,fr-api
13842,fr_api,fr-api
13843,fr_api,fr-api
13844,fr_api,fr-api
13845,fr_api,fr-api
13846,fr_api,fr-api
13847,fr_api,fr-api
13848,fr_api,fr-api
13849,fr_api,fr-api
13850,fr_api,fr-api
13851,fr_api,fr-api
13852,fr_api,fr-api
13853,fr_api,fr-api
13854,fr_api,fr-api
13855,fr_api,fr-api
13856,fr_api,fr-api
13857,fr_api,fr-api
13858,fr_api,fr-api
13859,fr_api,fr-api
13860,fr_api,fr-api
13861,fr_api,fr-api
13862,fr_api,fr-api
13863,fr_api,fr-api
13864,fr_api,fr-api
13865,fr_api,fr-api
13866,fr_api,fr-api
13867,fr_api,fr-api
13868,fr_api,fr-api
13869,fr_api,fr-api
13870,fr_api,fr-api
13871,fr_api,fr-api
13872,fr_api,fr-api
13873,fr_api,fr-api
13874,fr_api,fr-api
13875,fr_api,fr-api
13876,fr_api,fr-api
13877,fr_api,fr-api
13878,fr_api,fr-api
13879,fr_api,fr-api
13880,fr_api,fr-api
13881,fr_api,fr-api
13882,fr_api,fr-api
13883,fr_api,fr-api
13884,fr_api,fr-api
13885,fr_api,fr-api
13886,fr_api,fr-api
13887,fr_api,fr-api
13888,fr_api,fr-api
13889,fr_api,fr-api
13890,fr_api,fr-api
13891,fr_api,fr-api
13892,fr_api,fr-api
13893,fr_api,fr-api
13894,fr_api,fr-api
13895,fr_api,fr-api
13896,fr_api,fr-api
13897,fr_api,fr-api
13898,fr_api,fr-api
13899,fr_api,fr-api
13900,fr_api,fr-api
13901,fr_api,fr-api
13902,fr_api,fr-api
13903,fr_api,fr-api
13904,fr_api,fr-api
13905,fr_api,fr-api
13906,fr_api,fr-api
13907,fr_api,fr-api
13908,fr_api,fr-api
13909,fr_api,fr-api
13910,fr_api,fr-api
13911,fr_api,fr-api
13912,fr_api,fr-api
13913,fr_api,fr-api
13914,fr_api,fr-api
13915,fr_api,fr-api
13916,fr_api,fr-api
13917,fr_api,fr-api
13918,fr_api,fr-api
13919,fr_api,fr-api
13920,fr_api,fr-api
13921,fr_api,fr-api
13922,fr_api,fr-api
13923,fr_api,fr-api
13924,fr_api,fr-api
13925,fr_api,fr-api
13926,fr_api,fr-api
13927,fr_api,fr-api
13928,fr_api,fr-api
13929,fr_api,fr-api
13930,fr_api,fr-api
13931,fr_api,fr-api
13932,fr_api,fr-api
13933,fr_api,fr-api
13934,fr_api,fr-api
13935,fr_api,fr-api
13936,fr_api,fr-api
13937,fr_api,fr-api
13938,fr_api,fr-api
13939,fr_api,fr-api
13940,fr_api,fr-api
13941,fr_api,fr-api
13942,fr_api,fr-api
13943,fr_api,fr-api
13944,fr_api,fr-api
13945,fr_api,fr-api
13946,fr_api,fr-api
13947,fr_api,fr-api
13948,fr_api,fr-api
13949,fr_api,fr-api
13950,fr_api,fr-api
13951,fr_api,fr-api
13952,fr_api,fr-api
13953,fr_api,fr-api
13954,fr_api,fr-api
13955,fr_api,fr-api
13956,fr_api,fr-api
13957,fr_api,fr-api
13958,fr_api,fr-api
13959,fr_api,fr-api
13960,fr_api,fr-api
13961,fr_api,fr-api
13962,fr_api,fr-api
13963,fr_api,fr-api
13964,fr_api,fr-api
13965,fr_api,fr-api
13966,fr_api,fr-api
13967,fr_api,fr-api
13968,fr_api,fr-api
13969,fr_api,fr-api
13970,fr_api,fr-api
13971,fr_api,fr-api
13972,fr_api,fr-api
13973,fr_api,fr-api
13974,fr_api,fr-api
13975,fr_api,fr-api
13976,fr_api,fr-api
13977,fr_api,fr-api
13978,fr_api,fr-api
13979,fr_api,fr-api
13980,fr_api,fr-api
13981,fr_api,fr-api
13982,fr_api,fr-api
13983,fr_api,fr-api
13984,fr_api,fr-api
13985,fr_api,fr-api
13986,fr_api,fr-api
13987,fr_api,fr-api
13988,fr_api,fr-api
13989,fr_api,fr-api
13990,fr_api,fr-api
13991,fr_api,fr-api
13992,fr_api,fr-api
13993,fr_api,fr-api
13994,fr_api,fr-api
13995,fr_api,fr-api
13996,fr_api,fr-api
13997,fr_api,fr-api
13998,fr_api,fr-api
13999,fr_api,fr-api
14000,fr_api,fr-api
14001,fr_api,fr-api
14002,fr_api,fr-api
14003,fr_api,fr-api
14004,fr_api,fr-api
14005,fr_api,fr-api
14006,fr_api,fr-api
14007,fr_api,fr-api
14008,fr_api,fr-api
14009,fr_api,fr-api
14010,fr_api,fr-api
14011,fr_api,fr-api
14012,fr_api,fr-api
14013,fr_api,fr-api
14014,fr_api,fr-api
14015,fr_api,fr-api
14016,fr_api,fr-api
14017,fr_api,fr-api
14018,fr_api,fr-api
14019,fr_api,fr-api
14020,fr_api,fr-api
14021,fr_api,fr-api
14022,fr_api,fr-api
14023,fr_api,fr-api
14024,fr_api,fr-api
14025,fr_api,fr-api
14026,fr_api,fr-api
14027,fr_api,fr-api
14028,fr_api,fr-api
14029,fr_api,fr-api
14030,fr_api,fr-api
14031,fr_api,fr-api
14032,fr_api,fr-api
14033,fr_api,fr-api
14034,fr_api,fr-api
14035,fr_api,fr-api
14036,fr_api,fr-api
14037,fr_api,fr-api
14038,fr_api,fr-api
14039,fr_api,fr-api
14040,fr_api,fr-api
14041,fr_api,fr-api
14042,fr_api,fr-api
14043,fr_api,fr-api
14044,fr_api,fr-api
14045,fr_api,fr-api
14046,fr_api,fr-api
14047,fr_api,fr-api
14048,fr_api,fr-api
14049,fr_api,fr-api
14050,fr_api,fr-api
14051,fr_api,fr-api
14052,fr_api,fr-api
14053,fr_api,fr-api
14054,fr_api,fr-api
14055,fr_api,fr-api
14056,fr_api,fr-api
14057,fr_api,fr-api
14058,fr_api,fr-api
14059,fr_api,fr-api
14060,fr_api,fr-api
14061,fr_api,fr-api
14062,fr_api,fr-api
14063,fr_api,fr-api
14064,fr_api,fr-api
14065,fr_api,fr-api
14066,fr_api,fr-api
14067,fr_api,fr-api
14068,fr_api,fr-api
14069,fr_api,fr-api
14070,fr_api,fr-api
14071,fr_api,fr-api
14072,fr_api,fr-api
14073,fr_api,fr-api
14074,fr_api,fr-api
14075,fr_api,fr-api
14076,fr_api,fr-api
14077,fr_api,fr-api
14078,fr_api,fr-api
14079,fr_api,fr-api
14080,fr_api,fr-api
14081,fr_api,fr-api
14082,fr_api,fr-api
14083,fr_api,fr-api
14084,fr_api,fr-api
14085,fr_api,fr-api
14086,fr_api,fr-api
14087,fr_api,fr-api
14088,fr_api,fr-api
14089,fr_api,fr-api
14090,fr_api,fr-api
14091,fr_api,fr-api
14092,fr_api,fr-api
14093,fr_api,fr-api
14094,fr_api,fr-api
14095,fr_api,fr-api
14096,fr_api,fr-api
14097,fr_api,fr-api
14098,fr_api,fr-api
14099,fr_api,fr-api
14100,fr_api,fr-api
14101,fr_api,fr-api
14102,fr_api,fr-api
14103,fr_api,fr-api
14104,fr_api,fr-api
14105,fr_api,fr-api
14106,fr_api,fr-api
14107,fr_api,fr-api
14108,fr_api,fr-api
14109,fr_api,fr-api
14110,fr_api,fr-api
14111,fr_api,fr-api
14112,fr_api,fr-api
14113,fr_api,fr-api
14114,fr_api,fr-api
14115,fr_api,fr-api
14116,fr_api,fr-api
14117,fr_api,fr-api
14118,fr_api,fr-api
14119,fr_api,fr-api
14120,fr_api,fr-api
14121,fr_api,fr-api
14122,fr_api,fr-api
14123,fr_api,fr-api
14124,fr_api,fr-api
14125,fr_api,fr-api
14126,fr_api,fr-api
14127,fr_api,fr-api
14128,fr_api,fr-api
14129,fr_api,fr-api
14130,fr_api,fr-api
14131,fr_api,fr-api
14132,fr_api,fr-api
14133,fr_api,fr-api
14134,fr_api,fr-api
14135,fr_api,fr-api
14136,fr_api,fr-api
14137,fr_api,fr-api
14138,fr_api,fr-api
14139,fr_api,fr-api
14140,fr_api,fr-api
14141,fr_api,fr-api
14142,fr_api,fr-api
14143,fr_api,fr-api
14144,fr_api,fr-api
14145,fr_api,fr-api
14146,fr_api,fr-api
14147,fr_api,fr-api
14148,fr_api,fr-api
14149,fr_api,fr-api
14150,fr_api,fr-api
14151,fr_api,fr-api
14152,fr_api,fr-api
14153,fr_api,fr-api
14154,fr_api,fr-api
14155,fr_api,fr-api
14156,fr_api,fr-api
14157,fr_api,fr-api
14158,fr_api,fr-api
14159,fr_api,fr-api
14160,fr_api,fr-api
14161,fr_api,fr-api
14162,fr_api,fr-api
14163,fr_api,fr-api
14164,fr_api,fr-api
14165,fr_api,fr-api
14166,fr_api,fr-api
14167,fr_api,fr-api
14168,fr_api,fr-api
14169,fr_api,fr-api
14170,fr_api,fr-api
14171,fr_api,fr-api
14172,fr_api,fr-api
14173,fr_api,fr-api
14174,fr_api,fr-api
14175,fr_api,fr-api
14176,fr_api,fr-api
14177,fr_api,fr-api
14178,fr_api,fr-api
14179,fr_api,fr-api
14180,fr_api,fr-api
14181,fr_api,fr-api
14182,fr_api,fr-api
14183,fr_api,fr-api
14184,fr_api,fr-api
14185,fr_api,fr-api
14186,fr_api,fr-api
14187,fr_api,fr-api
14188,fr_api,fr-api
14189,fr_api,fr-api
14190,fr_api,fr-api
14191,fr_api,fr-api
14192,fr_api,fr-api
14193,fr_api,fr-api
14194,fr_api,fr-api
14195,fr_api,fr-api
14196,fr_api,fr-api
14197,fr_api,fr-api
14198,fr_api,fr-api
14199,fr_api,fr-api
14200,fr_api,fr-api
14201,fr_api,fr-api
14202,fr_api,fr-api
14203,fr_api,fr-api
14204,fr_api,fr-api
14205,fr_api,fr-api
14206,fr_api,fr-api
14207,fr_api,fr-api
14208,fr_api,fr-api
14209,fr_api,fr-api
14210,fr_api,fr-api
14211,fr_api,fr-api
14212,fr_api,fr-api
14213,fr_api,fr-api
14214,fr_api,fr-api
14215,fr_api,fr-api
14216,fr_api,fr-api
14217,fr_api,fr-api
14218,fr_api,fr-api
14219,fr_api,fr-api
14220,fr_api,fr-api
14221,fr_api,fr-api
14222,fr_api,fr-api
14223,fr_api,fr-api
14224,fr_api,fr-api
14225,fr_api,fr-api
14226,fr_api,fr-api
14227,fr_api,fr-api
14228,fr_api,fr-api
14229,fr_api,fr-api
14230,fr_api,fr-api
14231,fr_api,fr-api
14232,fr_api,fr-api
14233,fr_api,fr-api
14234,fr_api,fr-api
14235,fr_api,fr-api
14236,fr_api,fr-api
14237,fr_api,fr-api
14238,fr_api,fr-api
14239,fr_api,fr-api
14240,fr_api,fr-api
14241,fr_api,fr-api
14242,fr_api,fr-api
14243,fr_api,fr-api
14244,fr_api,fr-api
14245,fr_api,fr-api
14246,fr_api,fr-api
14247,fr_api,fr-api
14248,fr_api,fr-api
14249,fr_api,fr-api
14250,fr_api,fr-api
14251,fr_api,fr-api
14252,fr_api,fr-api
14253,fr_api,fr-api
14254,fr_api,fr-api
14255,fr_api,fr-api
14256,fr_api,fr-api
14257,fr_api,fr-api
14258,fr_api,fr-api
14259,fr_api,fr-api
14260,fr_api,fr-api
14261,fr_api,fr-api
14262,fr_api,fr-api
14263,fr_api,fr-api
14264,fr_api,fr-api
14265,fr_api,fr-api
14266,fr_api,fr-api
14267,fr_api,fr-api
14268,fr_api,fr-api
14269,fr_api,fr-api
14270,fr_api,fr-api
14271,fr_api,fr-api
14272,fr_api,fr-api
14273,fr_api,fr-api
14274,fr_api,fr-api
14275,fr_api,fr-api
14276,fr_api,fr-api
14277,fr_api,fr-api
14278,fr_api,fr-api
14279,fr_api,fr-api
14280,fr_api,fr-api
14281,fr_api,fr-api
14282,fr_api,fr-api
14283,fr_api,fr-api
14284,fr_api,fr-api
14285,fr_api,fr-api
14286,fr_api,fr-api
14287,fr_api,fr-api
14288,fr_api,fr-api
14289,fr_api,fr-api
14290,fr_api,fr-api
14291,fr_api,fr-api
14292,fr_api,fr-api
14293,fr_api,fr-api
14294,fr_api,fr-api
14295,fr_api,fr-api
14296,fr_api,fr-api
14297,fr_api,fr-api
14298,fr_api,fr-api
14299,fr_api,fr-api
14300,fr_api,fr-api
14301,fr_api,fr-api
14302,fr_api,fr-api
14303,fr_api,fr-api
14304,fr_api,fr-api
14305,fr_api,fr-api
14306,fr_api,fr-api
14307,fr_api,fr-api
14308,fr_api,fr-api
14309,fr_api,fr-api
14310,fr_api,fr-api
14311,fr_api,fr-api
14312,fr_api,fr-api
14313,fr_api,fr-api
14314,fr_api,fr-api
14315,fr_api,fr-api
14316,fr_api,fr-api
14317,fr_api,fr-api
14318,fr_api,fr-api
14319,fr_api,fr-api
14320,fr_api,fr-api
14321,fr_api,fr-api
14322,fr_api,fr-api
14323,fr_api,fr-api
14324,fr_api,fr-api
14325,fr_api,fr-api
14326,fr_api,fr-api
14327,fr_api,fr-api
14328,fr_api,fr-api
14329,fr_api,fr-api
14330,fr_api,fr-api
14331,fr_api,fr-api
14332,fr_api,fr-api
14333,fr_api,fr-api
14334,fr_api,fr-api
14335,fr_api,fr-api
14336,fr_api,fr-api
14337,fr_api,fr-api
14338,fr_api,fr-api
14339,fr_api,fr-api
14340,fr_api,fr-api
14341,fr_api,fr-api
14342,fr_api,fr-api
14343,fr_api,fr-api
14344,fr_api,fr-api
14345,fr_api,fr-api
14346,fr_api,fr-api
14347,fr_api,fr-api
14348,fr_api,fr-api
14349,fr_api,fr-api
14350,fr_api,fr-api
14351,fr_api,fr-api
14352,fr_api,fr-api
14353,fr_api,fr-api
14354,fr_api,fr-api
14355,fr_api,fr-api
14356,fr_api,fr-api
14357,fr_api,fr-api
14358,fr_api,fr-api
14359,fr_api,fr-api
14360,fr_api,fr-api
14361,fr_api,fr-api
14362,fr_api,fr-api
14363,fr_api,fr-api
14364,fr_api,fr-api
14365,fr_api,fr-api
14366,fr_api,fr-api
14367,fr_api,fr-api
14368,fr_api,fr-api
14369,fr_api,fr-api
14370,fr_api,fr-api
14371,fr_api,fr-api
14372,fr_api,fr-api
14373,fr_api,fr-api
14374,fr_api,fr-api
14375,fr_api,fr-api
14376,fr_api,fr-api
14377,fr_api,fr-api
14378,fr_api,fr-api
14379,fr_api,fr-api
14380,fr_api,fr-api
14381,fr_api,fr-api
14382,fr_api,fr-api
14383,fr_api,fr-api
14384,fr_api,fr-api
14385,fr_api,fr-api
14386,fr_api,fr-api
14387,fr_api,fr-api
14388,fr_api,fr-api
14389,fr_api,fr-api
14390,fr_api,fr-api
14391,fr_api,fr-api
14392,fr_api,fr-api
14393,fr_api,fr-api
14394,fr_api,fr-api
14395,fr_api,fr-api
14396,fr_api,fr-api
14397,fr_api,fr-api
14398,fr_api,fr-api
14399,fr_api,fr-api
14400,fr_api,fr-api
14401,fr_api,fr-api
14402,fr_api,fr-api
14403,fr_api,fr-api
14404,fr_api,fr-api
14405,fr_api,fr-api
14406,fr_api,fr-api
14407,fr_api,fr-api
14408,fr_api,fr-api
14409,fr_api,fr-api
14410,fr_api,fr-api
14411,fr_api,fr-api
14412,fr_api,fr-api
14413,fr_api,fr-api
14414,fr_api,fr-api
14415,fr_api,fr-api
14416,fr_api,fr-api
14417,fr_api,fr-api
14418,fr_api,fr-api
14419,fr_api,fr-api
14420,fr_api,fr-api
