kind	rin	publication_id	ordinal	citation_ordinal	changes	authority_text
REMOVED	0581-AB67	200004	0	1	rin='0581-AB67'; publication_id='200004'; ordinal=0; authority_text='7 USC 15b and 51.65'; authority_type='usc'; parse_status='partial'; usc_title=7; usc_section='51'; usc_title_is_possible=True; usc_section_verdict='exists'; usc_section_attested_at_edition=True; usc_section_magnitude_is_plausible=True; authority_in_own_cfr_note='near-miss'; cfr_note_part='7 CFR 28'; authority_source='box' -> (no row)	7 USC 15b and 51.65
REMOVED	0581-AB67	200010	0	1	rin='0581-AB67'; publication_id='200010'; ordinal=0; authority_text='7 USC 15b and 51.65'; authority_type='usc'; parse_status='partial'; usc_title=7; usc_section='51'; usc_title_is_possible=True; usc_section_verdict='exists'; usc_section_attested_at_edition=True; usc_section_magnitude_is_plausible=True; authority_in_own_cfr_note='near-miss'; cfr_note_part='7 CFR 28'; authority_source='box' -> (no row)	7 USC 15b and 51.65
CHANGED	0694-AA11	199804	1	0	authority_in_own_cfr_note: 'near-miss' -> 'absent'	50 USC app 2401 et seq
CHANGED	0694-AA11	199810	1	0	authority_in_own_cfr_note: 'near-miss' -> 'absent'	50 USC app 2401 et seq
CHANGED	0694-AA11	199904	1	0	authority_in_own_cfr_note: 'near-miss' -> 'absent'	50 USC app 2401 et seq
CHANGED	0694-AA11	199910	1	0	authority_in_own_cfr_note: 'near-miss' -> 'absent'	50 USC app 2401 et seq
CHANGED	0694-AA11	200004	1	0	authority_in_own_cfr_note: 'near-miss' -> 'absent'	50 USC app 2401 et seq
CHANGED	0694-AA11	200010	1	0	authority_in_own_cfr_note: 'near-miss' -> 'absent'	50 USC app 2401 et seq
CHANGED	0694-AA67	199510	9	0	authority_in_own_cfr_note: 'near-miss' -> 'absent'	50 USC app 2401 et seq
CHANGED	0694-AA67	199604	9	0	authority_in_own_cfr_note: 'near-miss' -> 'absent'	50 USC app 2401 et seq
CHANGED	0694-AC17	200810	3	0	authority_in_own_cfr_note: 'near-miss' -> 'absent'; cfr_note_part: '15 CFR 762' -> '15 CFR 730'	50 USC app 2401 et seq
CHANGED	0694-AC17	200904	0	0	authority_in_own_cfr_note: 'near-miss' -> 'absent'; cfr_note_part: '15 CFR 762' -> '15 CFR 730'	50 USC app 2401 et seq
CHANGED	0694-AC17	200904	13	0	authority_in_own_cfr_note: 'near-miss' -> 'absent'; cfr_note_part: '15 CFR 762' -> '15 CFR 730'	50 USC app 2401 et seq
CHANGED	0694-AC17	200910	0	0	authority_in_own_cfr_note: 'near-miss' -> 'absent'; cfr_note_part: '15 CFR 762' -> '15 CFR 730'	50 USC app 2401 et seq
CHANGED	0694-AC17	200910	13	0	authority_in_own_cfr_note: 'near-miss' -> 'absent'; cfr_note_part: '15 CFR 762' -> '15 CFR 730'	50 USC app 2401 et seq
CHANGED	0694-AC17	201004	3	0	authority_in_own_cfr_note: 'near-miss' -> 'absent'; cfr_note_part: '15 CFR 762' -> '15 CFR 730'	50 USC app 2401 et seq
CHANGED	0694-AC17	201010	3	0	authority_in_own_cfr_note: 'near-miss' -> 'absent'; cfr_note_part: '15 CFR 762' -> '15 CFR 730'	50 USC 2401 et seq
CHANGED	0694-AC17	201104	3	0	authority_in_own_cfr_note: 'near-miss' -> 'absent'; cfr_note_part: '15 CFR 762' -> '15 CFR 730'	50 USC 2401 et seq
CHANGED	0694-AC17	201110	3	0	authority_in_own_cfr_note: 'near-miss' -> 'absent'; cfr_note_part: '15 CFR 762' -> '15 CFR 730'	50 USC 2401 et seq
CHANGED	0694-AC20	200210	0	0	authority_in_own_cfr_note: 'near-miss' -> 'absent'; cfr_note_part: '15 CFR 743' -> '15 CFR 740'	50 USC app 2401
CHANGED	0694-AC20	200304	0	0	authority_in_own_cfr_note: 'near-miss' -> 'absent'; cfr_note_part: '15 CFR 743' -> '15 CFR 740'	50 USC app 2401
CHANGED	0694-AC20	200310	0	0	authority_in_own_cfr_note: 'near-miss' -> 'absent'; cfr_note_part: '15 CFR 743' -> '15 CFR 740'	50 USC app 2401
CHANGED	0694-AC20	200404	0	0	authority_in_own_cfr_note: 'near-miss' -> 'absent'; cfr_note_part: '15 CFR 743' -> '15 CFR 740'	50 USC app 2401
CHANGED	0694-AC20	200410	0	0	authority_in_own_cfr_note: 'near-miss' -> 'absent'; cfr_note_part: '15 CFR 743' -> '15 CFR 740'	50 USC app 2401
CHANGED	0694-AC20	200504	0	0	authority_in_own_cfr_note: 'near-miss' -> 'absent'; cfr_note_part: '15 CFR 743' -> '15 CFR 740'	50 USC app 2401
CHANGED	0694-AC20	200510	0	0	authority_in_own_cfr_note: 'near-miss' -> 'absent'; cfr_note_part: '15 CFR 743' -> '15 CFR 740'	50 USC app 2401
CHANGED	0694-AC20	200604	0	0	authority_in_own_cfr_note: 'near-miss' -> 'absent'; cfr_note_part: '15 CFR 743' -> '15 CFR 740'	50 USC app 2401
CHANGED	0694-AC20	200610	0	0	authority_in_own_cfr_note: 'near-miss' -> 'absent'; cfr_note_part: '15 CFR 743' -> '15 CFR 740'	50 USC app 2401
CHANGED	0694-AC39	200104	0	0	authority_in_own_cfr_note: 'near-miss' -> 'absent'; cfr_note_part: '15 CFR 743' -> '15 CFR 740'	50 USC 2401, 50 USC 1701, 22 USC 3201,
CHANGED	0694-AC42	200104	0	0	authority_in_own_cfr_note: 'near-miss' -> 'absent'; cfr_note_part: '15 CFR 743' -> '15 CFR 740'	50 USC 2401
CHANGED	0694-AC42	200110	0	0	authority_in_own_cfr_note: 'near-miss' -> 'absent'; cfr_note_part: '15 CFR 743' -> '15 CFR 740'	50 USC app 2401 et seq
CHANGED	0694-AC42	200204	0	0	authority_in_own_cfr_note: 'near-miss' -> 'absent'; cfr_note_part: '15 CFR 743' -> '15 CFR 740'	50 USC app 2401 et seq
CHANGED	0694-AC42	200210	0	0	authority_in_own_cfr_note: 'near-miss' -> 'absent'; cfr_note_part: '15 CFR 743' -> '15 CFR 740'	50 USC app 2401 et seq
CHANGED	0694-AC47	200504	0	0	authority_in_own_cfr_note: 'near-miss' -> 'absent'; cfr_note_part: '15 CFR 764' -> '15 CFR 732'	50 USC app 2401
CHANGED	0694-AC47	200704	12	0	authority_in_own_cfr_note: 'near-miss' -> 'absent'; cfr_note_part: '15 CFR 764' -> '15 CFR 732'	50 USC app. 2401 et seq.
CHANGED	0694-AC47	200710	0	0	authority_in_own_cfr_note: 'near-miss' -> 'absent'; cfr_note_part: '15 CFR 764' -> '15 CFR 732'	50 USC app 2401
CHANGED	0694-AC47	200710	18	0	authority_in_own_cfr_note: 'near-miss' -> 'absent'; cfr_note_part: '15 CFR 764' -> '15 CFR 732'	50 USC app 2401 et seq
CHANGED	0694-AC47	200804	0	0	authority_in_own_cfr_note: 'near-miss' -> 'absent'; cfr_note_part: '15 CFR 764' -> '15 CFR 732'	50 USC app 2401
CHANGED	0694-AC47	200804	18	0	authority_in_own_cfr_note: 'near-miss' -> 'absent'; cfr_note_part: '15 CFR 764' -> '15 CFR 732'	50 USC app 2401 et seq
CHANGED	0694-AC47	200810	0	0	authority_in_own_cfr_note: 'near-miss' -> 'absent'; cfr_note_part: '15 CFR 764' -> '15 CFR 732'	50 USC app 2401
CHANGED	0694-AC47	200810	16	0	authority_in_own_cfr_note: 'near-miss' -> 'absent'; cfr_note_part: '15 CFR 764' -> '15 CFR 732'	50 USC app 2401 et seq
CHANGED	0694-AC47	200904	0	0	authority_in_own_cfr_note: 'near-miss' -> 'absent'; cfr_note_part: '15 CFR 764' -> '15 CFR 732'	50 USC app 2401
CHANGED	0694-AC47	200904	21	0	authority_in_own_cfr_note: 'near-miss' -> 'absent'; cfr_note_part: '15 CFR 764' -> '15 CFR 732'	50 USC app. 2401 et seq
CHANGED	0694-AC47	200910	0	0	authority_in_own_cfr_note: 'near-miss' -> 'absent'; cfr_note_part: '15 CFR 764' -> '15 CFR 732'	50 USC app 2401
CHANGED	0694-AC47	200910	21	0	authority_in_own_cfr_note: 'near-miss' -> 'absent'; cfr_note_part: '15 CFR 764' -> '15 CFR 732'	50 USC app 2401 et seq
CHANGED	0694-AC47	201004	0	0	authority_in_own_cfr_note: 'near-miss' -> 'absent'; cfr_note_part: '15 CFR 764' -> '15 CFR 732'	50 USC app 2401
CHANGED	0694-AC47	201004	21	0	authority_in_own_cfr_note: 'near-miss' -> 'absent'; cfr_note_part: '15 CFR 764' -> '15 CFR 732'	50 USC app 2401 et seq
CHANGED	0694-AC47	201010	18	0	authority_in_own_cfr_note: 'near-miss' -> 'absent'; cfr_note_part: '15 CFR 764' -> '15 CFR 732'	50 USC 2401 et seq
CHANGED	0694-AC47	201104	18	0	authority_in_own_cfr_note: 'near-miss' -> 'absent'; cfr_note_part: '15 CFR 764' -> '15 CFR 732'	50 USC 2401 et seq
CHANGED	0694-AC47	201110	18	0	authority_in_own_cfr_note: 'near-miss' -> 'absent'; cfr_note_part: '15 CFR 764' -> '15 CFR 732'	50 USC 2401 et seq
CHANGED	0694-AC58	200204	1	0	authority_in_own_cfr_note: 'near-miss' -> 'absent'; cfr_note_part: '15 CFR 764' -> '15 CFR 732'	50 USC 2401
CHANGED	0694-AC58	200210	1	0	authority_in_own_cfr_note: 'near-miss' -> 'absent'; cfr_note_part: '15 CFR 764' -> '15 CFR 732'	50 USC 2401
CHANGED	0694-AC61	200204	1	0	authority_in_own_cfr_note: 'near-miss' -> 'absent'; cfr_note_part: '15 CFR 770' -> '15 CFR 732'	50 USC 2401
CHANGED	0694-AC61	200210	1	0	authority_in_own_cfr_note: 'near-miss' -> 'absent'; cfr_note_part: '15 CFR 770' -> '15 CFR 732'	50 USC 2401
CHANGED	0694-AC65	200210	0	0	authority_in_own_cfr_note: 'near-miss' -> 'absent'	50 USC 2401
CHANGED	0694-AC65	200304	0	0	authority_in_own_cfr_note: 'near-miss' -> 'absent'	50 USC 2401
CHANGED	0694-AC75	200304	0	0	authority_in_own_cfr_note: 'near-miss' -> 'absent'; cfr_note_part: '15 CFR 770' -> '15 CFR 742'	50 USC app 2401
CHANGED	0694-AC75	200310	0	0	authority_in_own_cfr_note: 'near-miss' -> 'absent'; cfr_note_part: '15 CFR 770' -> '15 CFR 742'	50 USC app 2401
CHANGED	0694-AC75	200404	0	0	authority_in_own_cfr_note: 'near-miss' -> 'absent'; cfr_note_part: '15 CFR 770' -> '15 CFR 742'	50 USC app 2401
CHANGED	0694-AC75	200410	0	0	authority_in_own_cfr_note: 'near-miss' -> 'absent'; cfr_note_part: '15 CFR 770' -> '15 CFR 742'	50 USC app 2401
CHANGED	0694-AC84	200310	0	0	authority_in_own_cfr_note: 'near-miss' -> 'absent'; cfr_note_part: '15 CFR 762' -> '15 CFR 732'	50 USC app 2401
CHANGED	0694-AC84	200404	0	0	authority_in_own_cfr_note: 'near-miss' -> 'absent'; cfr_note_part: '15 CFR 762' -> '15 CFR 732'	50 USC app 2401
CHANGED	0694-AC84	200410	0	0	authority_in_own_cfr_note: 'near-miss' -> 'absent'; cfr_note_part: '15 CFR 762' -> '15 CFR 732'	50 USC app 2401
CHANGED	0694-AC84	200504	0	0	authority_in_own_cfr_note: 'near-miss' -> 'absent'; cfr_note_part: '15 CFR 762' -> '15 CFR 732'	50 USC app 2401
CHANGED	0694-AC84	200510	0	0	authority_in_own_cfr_note: 'near-miss' -> 'absent'; cfr_note_part: '15 CFR 762' -> '15 CFR 732'	50 USC app 2401
CHANGED	0694-AC84	200604	0	0	authority_in_own_cfr_note: 'near-miss' -> 'absent'; cfr_note_part: '15 CFR 762' -> '15 CFR 732'	50 USC app 2401
CHANGED	0694-AC84	200610	0	0	authority_in_own_cfr_note: 'near-miss' -> 'absent'; cfr_note_part: '15 CFR 762' -> '15 CFR 732'	50 USC app 2401
CHANGED	0694-AC84	200704	0	0	authority_in_own_cfr_note: 'near-miss' -> 'absent'; cfr_note_part: '15 CFR 762' -> '15 CFR 732'	50 USC app 2401
CHANGED	0694-AC84	200710	0	0	authority_in_own_cfr_note: 'near-miss' -> 'absent'; cfr_note_part: '15 CFR 762' -> '15 CFR 732'	50 USC app 2401
CHANGED	0694-AC84	200804	0	0	authority_in_own_cfr_note: 'near-miss' -> 'absent'; cfr_note_part: '15 CFR 762' -> '15 CFR 732'	50 USC app 2401
CHANGED	0694-AC84	200810	0	0	authority_in_own_cfr_note: 'near-miss' -> 'absent'; cfr_note_part: '15 CFR 762' -> '15 CFR 732'	50 USC app 2401
CHANGED	0694-AC84	200904	0	0	authority_in_own_cfr_note: 'near-miss' -> 'absent'; cfr_note_part: '15 CFR 762' -> '15 CFR 732'	50 USC app 2401
CHANGED	0694-AC84	200910	0	0	authority_in_own_cfr_note: 'near-miss' -> 'absent'; cfr_note_part: '15 CFR 762' -> '15 CFR 732'	50 USC app 2401
CHANGED	0694-AC84	201004	0	0	authority_in_own_cfr_note: 'near-miss' -> 'absent'; cfr_note_part: '15 CFR 762' -> '15 CFR 732'	50 USC app 2401
CHANGED	0694-AC84	201010	0	0	authority_in_own_cfr_note: 'near-miss' -> 'absent'; cfr_note_part: '15 CFR 762' -> '15 CFR 732'	50 USC app 2401
CHANGED	0694-AC84	201104	0	0	authority_in_own_cfr_note: 'near-miss' -> 'absent'; cfr_note_part: '15 CFR 762' -> '15 CFR 732'	50 USC 2401
CHANGED	0694-AC85	200310	0	0	authority_in_own_cfr_note: 'near-miss' -> 'absent'; cfr_note_part: '15 CFR 743' -> '15 CFR 740'	50 USC 2401
CHANGED	0694-AC85	200404	0	0	authority_in_own_cfr_note: 'near-miss' -> 'absent'; cfr_note_part: '15 CFR 743' -> '15 CFR 740'	50 USC 2401
CHANGED	0694-AC91	200310	0	0	authority_in_own_cfr_note: 'near-miss' -> 'absent'	50 USC app. 2401
CHANGED	0694-AC91	200404	0	0	authority_in_own_cfr_note: 'near-miss' -> 'absent'	50 USC app. 2401
CHANGED	0694-AC91	200410	0	0	authority_in_own_cfr_note: 'near-miss' -> 'absent'	50 USC app. 2401
CHANGED	0694-AC92	200310	0	0	authority_in_own_cfr_note: 'near-miss' -> 'absent'	50 USC app 2401
CHANGED	0694-AC92	200404	0	0	authority_in_own_cfr_note: 'near-miss' -> 'absent'	50 USC app 2401
CHANGED	0694-AC94	200404	0	0	authority_in_own_cfr_note: 'near-miss' -> 'absent'; cfr_note_part: '15 CFR 764' -> '15 CFR 732'	50 USC app. 2401 et seq
CHANGED	0694-AC94	200410	0	0	authority_in_own_cfr_note: 'near-miss' -> 'absent'; cfr_note_part: '15 CFR 764' -> '15 CFR 732'	50 USC app 2401 et seq
CHANGED	0694-AC94	200504	0	0	authority_in_own_cfr_note: 'near-miss' -> 'absent'; cfr_note_part: '15 CFR 764' -> '15 CFR 732'	50 USC app 2401 et seq
CHANGED	0694-AC94	200510	0	0	authority_in_own_cfr_note: 'near-miss' -> 'absent'; cfr_note_part: '15 CFR 764' -> '15 CFR 732'	50 USC app 2401 et seq
CHANGED	0694-AC94	200604	0	0	authority_in_own_cfr_note: 'near-miss' -> 'absent'; cfr_note_part: '15 CFR 764' -> '15 CFR 732'	50 USC app 2401 et seq
CHANGED	0694-AC94	200610	0	0	authority_in_own_cfr_note: 'near-miss' -> 'absent'; cfr_note_part: '15 CFR 764' -> '15 CFR 732'	50 USC app 2401 et seq
CHANGED	0694-AD09	200910	2	0	authority_in_own_cfr_note: 'near-miss' -> 'absent'; cfr_note_part: '15 CFR 770' -> '15 CFR 732'	50 USC 2401
CHANGED	0694-AD14	200404	0	0	authority_in_own_cfr_note: 'near-miss' -> 'absent'; cfr_note_part: '15 CFR 762' -> '15 CFR 732'	50 USC app 2401 et seq
CHANGED	0694-AD14	200504	0	0	authority_in_own_cfr_note: 'near-miss' -> 'absent'; cfr_note_part: '15 CFR 762' -> '15 CFR 732'	50 USC app 2401 et seq
CHANGED	0694-AD14	200510	0	0	authority_in_own_cfr_note: 'near-miss' -> 'absent'; cfr_note_part: '15 CFR 762' -> '15 CFR 732'	50 USC app 2401 et seq
CHANGED	0694-AD30	200410	0	0	authority_in_own_cfr_note: 'near-miss' -> 'absent'; cfr_note_part: '15 CFR 764' -> '15 CFR 734'	50 USC 2401
CHANGED	0694-AD30	200504	0	0	authority_in_own_cfr_note: 'near-miss' -> 'absent'; cfr_note_part: '15 CFR 764' -> '15 CFR 738'	50 USC 2401
CHANGED	0694-AD31	200410	0	0	authority_in_own_cfr_note: 'near-miss' -> 'absent'; cfr_note_part: '15 CFR 770' -> '15 CFR 730'	50 USC 2401
CHANGED	0694-AD31	200504	0	0	authority_in_own_cfr_note: 'near-miss' -> 'absent'; cfr_note_part: '15 CFR 770' -> '15 CFR 730'	50 USC 2401
CHANGED	0694-AD32	200410	0	0	authority_in_own_cfr_note: 'near-miss' -> 'absent'; cfr_note_part: '15 CFR 756' -> '15 CFR 730'	50 USC app. 2401 et seq
CHANGED	0694-AD32	200504	0	0	authority_in_own_cfr_note: 'near-miss' -> 'absent'; cfr_note_part: '15 CFR 756' -> '15 CFR 730'	50 USC app. 2401 et seq
CHANGED	0694-AD41	200504	0	0	authority_in_own_cfr_note: 'near-miss' -> 'absent'	50 USC 2401
CHANGED	0694-AD41	200510	0	0	authority_in_own_cfr_note: 'near-miss' -> 'absent'	50 USC 2401
CHANGED	0694-AD43	200504	0	0	authority_in_own_cfr_note: 'near-miss' -> 'absent'; cfr_note_part: '15 CFR 764' -> '15 CFR 732'	50 USC 2401
CHANGED	0694-AD48	200504	0	0	authority_in_own_cfr_note: 'near-miss' -> 'absent'; cfr_note_part: '15 CFR 762' -> '15 CFR 740'	50 USC app. 2401 et seq.
CHANGED	0694-AD48	200510	0	0	authority_in_own_cfr_note: 'near-miss' -> 'absent'; cfr_note_part: '15 CFR 762' -> '15 CFR 740'	50 USC app. 2401 et seq
CHANGED	0694-AD59	200704	4	0	authority_in_own_cfr_note: 'near-miss' -> 'absent'; cfr_note_part: '15 CFR 760' -> '15 CFR 736'	50 USC app 2401 et seq
CHANGED	0694-AD59	200710	0	0	authority_in_own_cfr_note: 'near-miss' -> 'absent'; cfr_note_part: '15 CFR 760' -> '15 CFR 736'	50 USC 2401
CHANGED	0694-AD59	200710	9	0	authority_in_own_cfr_note: 'near-miss' -> 'absent'; cfr_note_part: '15 CFR 760' -> '15 CFR 736'	50 USC app 2401 et seq
CHANGED	0694-AD59	200804	0	0	authority_in_own_cfr_note: 'near-miss' -> 'absent'; cfr_note_part: '15 CFR 760' -> '15 CFR 736'	50 USC 2401
CHANGED	0694-AD59	200804	9	0	authority_in_own_cfr_note: 'near-miss' -> 'absent'; cfr_note_part: '15 CFR 760' -> '15 CFR 736'	50 USC app 2401 et seq
CHANGED	0694-AD59	200810	0	0	authority_in_own_cfr_note: 'near-miss' -> 'absent'; cfr_note_part: '15 CFR 760' -> '15 CFR 736'	50 USC 2401
CHANGED	0694-AD59	200810	8	0	authority_in_own_cfr_note: 'near-miss' -> 'absent'; cfr_note_part: '15 CFR 760' -> '15 CFR 736'	50 USC app 2401 et seq
CHANGED	0694-AD59	200904	0	0	authority_in_own_cfr_note: 'near-miss' -> 'absent'; cfr_note_part: '15 CFR 760' -> '15 CFR 736'	50 USC 2401
CHANGED	0694-AD59	200904	9	0	authority_in_own_cfr_note: 'near-miss' -> 'absent'; cfr_note_part: '15 CFR 760' -> '15 CFR 736'	50 USC app. 2401 et seq
CHANGED	0694-AD60	200510	0	0	authority_in_own_cfr_note: 'near-miss' -> 'absent'	50 USC app 2401 et seq
CHANGED	0694-AD60	200604	0	0	authority_in_own_cfr_note: 'near-miss' -> 'absent'	50 USC app 2401 et seq
CHANGED	0694-AD60	200610	0	0	authority_in_own_cfr_note: 'near-miss' -> 'absent'	50 USC app 2401 et seq
CHANGED	0694-AD63	200510	0	0	authority_in_own_cfr_note: 'near-miss' -> 'absent'	50 USC app 2401 et seq
CHANGED	0694-AD63	200604	0	0	authority_in_own_cfr_note: 'near-miss' -> 'absent'	50 USC app 2401 et seq
CHANGED	0694-AD63	200610	0	0	authority_in_own_cfr_note: 'near-miss' -> 'absent'	50 USC app 2401 et seq
CHANGED	0694-AD63	200704	0	0	authority_in_own_cfr_note: 'near-miss' -> 'absent'	50 USC app 2401 et seq
CHANGED	0694-AD63	200710	0	0	authority_in_own_cfr_note: 'near-miss' -> 'absent'	50 USC app 2401 et seq
CHANGED	0694-AD67	200604	0	0	authority_in_own_cfr_note: 'near-miss' -> 'absent'; cfr_note_part: '15 CFR 766' -> '15 CFR 740'	50 USC app. 2401 et seq.
CHANGED	0694-AD71	200904	0	0	authority_in_own_cfr_note: 'near-miss' -> 'absent'; cfr_note_part: '15 CFR 743' -> '15 CFR 730'	50 USC app. 2401 et seq
CHANGED	0694-AD71	200910	0	0	authority_in_own_cfr_note: 'near-miss' -> 'absent'; cfr_note_part: '15 CFR 743' -> '15 CFR 730'	50 USC app 2401 et seq
CHANGED	0694-AD73	200604	0	0	authority_in_own_cfr_note: 'near-miss' -> 'absent'; cfr_note_part: '15 CFR 743' -> '15 CFR 740'	50 USC 2401
CHANGED	0694-AD73	200610	0	0	authority_in_own_cfr_note: 'near-miss' -> 'absent'; cfr_note_part: '15 CFR 743' -> '15 CFR 740'	50 USC 2401
CHANGED	0694-AD74	200610	0	0	authority_in_own_cfr_note: 'near-miss' -> 'absent'	50 USC 2401
CHANGED	0694-AD78	200610	0	0	authority_in_own_cfr_note: 'near-miss' -> 'absent'	50 USC app. 2401 et seq
CHANGED	0694-AD81	200704	0	0	authority_in_own_cfr_note: 'near-miss' -> 'absent'; cfr_note_part: '15 CFR 764' -> '15 CFR 734'	50 USC 2401
CHANGED	0694-AD82	200610	0	0	authority_in_own_cfr_note: 'near-miss' -> 'absent'; cfr_note_part: '15 CFR 756' -> '15 CFR 744'	50 USC app. 2401 et seq
CHANGED	0694-AD82	200704	0	0	authority_in_own_cfr_note: 'near-miss' -> 'absent'; cfr_note_part: '15 CFR 756' -> '15 CFR 744'	50 USC app 2401 et seq
CHANGED	0694-AD88	200704	12	0	authority_in_own_cfr_note: 'near-miss' -> 'absent'; cfr_note_part: '15 CFR 762' -> '15 CFR 700'	50 USC app 2061 et seq
CHANGED	0694-AD88	200704	13	0	authority_in_own_cfr_note: 'near-miss' -> 'absent'; cfr_note_part: '15 CFR 762' -> '15 CFR 700'	50 USC app 2401 et seq
CHANGED	0694-AD94	200704	0	0	authority_in_own_cfr_note: 'near-miss' -> 'absent'; cfr_note_part: '15 CFR 764' -> '15 CFR 740'	50 USC app 2401 et seq
CHANGED	0694-AD94	200710	0	0	authority_in_own_cfr_note: 'near-miss' -> 'absent'; cfr_note_part: '15 CFR 764' -> '15 CFR 740'	50 USC app 2401 et seq
CHANGED	0694-AD94	200804	0	0	authority_in_own_cfr_note: 'near-miss' -> 'absent'; cfr_note_part: '15 CFR 764' -> '15 CFR 740'	50 USC app 2401 et seq
CHANGED	0694-AD94	200810	0	0	authority_in_own_cfr_note: 'near-miss' -> 'absent'; cfr_note_part: '15 CFR 764' -> '15 CFR 740'	50 USC app 2401 et seq
CHANGED	0694-AD95	200704	0	0	authority_in_own_cfr_note: 'near-miss' -> 'absent'; cfr_note_part: '15 CFR 743' -> '15 CFR 742'	50 USC 2401
CHANGED	0694-AD95	200710	12	0	authority_in_own_cfr_note: 'near-miss' -> 'absent'; cfr_note_part: '15 CFR 743' -> '15 CFR 742'	50 USC app 2401 et seq
CHANGED	0694-AD95	200804	12	0	authority_in_own_cfr_note: 'near-miss' -> 'absent'; cfr_note_part: '15 CFR 743' -> '15 CFR 742'	50 USC app 2401 et seq
CHANGED	0694-AE01	200710	27	0	authority_in_own_cfr_note: 'near-miss' -> 'absent'; cfr_note_part: '15 CFR 756' -> '15 CFR 705'	50 USC app 2401 et seq
CHANGED	0694-AE12	200710	12	0	authority_in_own_cfr_note: 'near-miss' -> 'absent'; cfr_note_part: '15 CFR 743' -> '15 CFR 730'	50 USC app 2401 et seq
CHANGED	0694-AE15	200804	15	0	authority_in_own_cfr_note: 'near-miss' -> 'absent'; cfr_note_part: '15 CFR 743' -> '15 CFR 700'	50 USC app 2061 et seq
CHANGED	0694-AE15	200804	16	0	authority_in_own_cfr_note: 'near-miss' -> 'absent'; cfr_note_part: '15 CFR 743' -> '15 CFR 700'	50 USC app 2401 et seq
CHANGED	0694-AE17	200804	0	1	authority_in_own_cfr_note: 'near-miss' -> 'absent'; cfr_note_part: '15 CFR 744' -> '15 CFR 740'	22 USC 3201 et seq
CHANGED	0694-AE18	200804	13	0	authority_in_own_cfr_note: 'near-miss' -> 'absent'; cfr_note_part: '15 CFR 762' -> '15 CFR 732'	50 USC 2401
CHANGED	0694-AE18	200810	13	0	authority_in_own_cfr_note: 'near-miss' -> 'absent'; cfr_note_part: '15 CFR 762' -> '15 CFR 732'	50 USC 2401
CHANGED	0694-AE18	200904	13	0	authority_in_own_cfr_note: 'near-miss' -> 'absent'; cfr_note_part: '15 CFR 762' -> '15 CFR 732'	50 USC 2401
CHANGED	0694-AE18	200910	13	0	authority_in_own_cfr_note: 'near-miss' -> 'absent'; cfr_note_part: '15 CFR 762' -> '15 CFR 732'	50 USC 2401
CHANGED	0694-AE18	201004	13	0	authority_in_own_cfr_note: 'near-miss' -> 'absent'; cfr_note_part: '15 CFR 762' -> '15 CFR 732'	50 USC 2401
CHANGED	0694-AE19	200804	8	0	authority_in_own_cfr_note: 'near-miss' -> 'absent'; cfr_note_part: '15 CFR 743' -> '15 CFR 730'	50 USC app 2401 et seq
CHANGED	0694-AE30	200804	13	0	authority_in_own_cfr_note: 'near-miss' -> 'absent'; cfr_note_part: '15 CFR 743' -> '15 CFR 742'	50 USC 2401
CHANGED	0694-AE30	200810	13	0	authority_in_own_cfr_note: 'near-miss' -> 'absent'; cfr_note_part: '15 CFR 743' -> '15 CFR 742'	50 USC 2401
CHANGED	0694-AE30	200904	13	0	authority_in_own_cfr_note: 'near-miss' -> 'absent'; cfr_note_part: '15 CFR 743' -> '15 CFR 742'	50 USC 2401
CHANGED	0694-AE30	200910	12	0	authority_in_own_cfr_note: 'near-miss' -> 'absent'; cfr_note_part: '15 CFR 743' -> '15 CFR 742'	50 USC 2401
CHANGED	0694-AE30	201004	13	0	authority_in_own_cfr_note: 'near-miss' -> 'absent'; cfr_note_part: '15 CFR 743' -> '15 CFR 742'	50 USC 2401
CHANGED	0694-AE30	201010	13	0	authority_in_own_cfr_note: 'near-miss' -> 'absent'; cfr_note_part: '15 CFR 743' -> '15 CFR 742'	50 USC 2401
CHANGED	0694-AE30	201104	13	0	authority_in_own_cfr_note: 'near-miss' -> 'absent'; cfr_note_part: '15 CFR 743' -> '15 CFR 742'	50 USC 2401
CHANGED	0694-AE30	201110	13	0	authority_in_own_cfr_note: 'near-miss' -> 'absent'; cfr_note_part: '15 CFR 743' -> '15 CFR 742'	50 USC 2401
CHANGED	0694-AE31	200810	1	0	authority_in_own_cfr_note: 'near-miss' -> 'absent'	50 USC 2401
CHANGED	0694-AE31	200904	16	0	authority_in_own_cfr_note: 'near-miss' -> 'absent'	50 USC 2401
CHANGED	0694-AE32	200804	0	0	authority_in_own_cfr_note: 'near-miss' -> 'absent'	50 USC 2401
CHANGED	0694-AE32	200810	12	0	authority_in_own_cfr_note: 'near-miss' -> 'absent'	50 USC 2401
CHANGED	0694-AE37	200810	3	0	authority_in_own_cfr_note: 'near-miss' -> 'absent'; cfr_note_part: '15 CFR 762' -> '15 CFR 740'	50 USC app 2401 et seq
CHANGED	0694-AE47	200910	2	1	eo_compilation_page: None -> '228'	EO 13206, 61 FR 58767, 3 CFR, 1996 Comp. 228
CHANGED	0694-AE49	200904	10	0	authority_in_own_cfr_note: 'near-miss' -> 'absent'; cfr_note_part: '15 CFR 743' -> '15 CFR 730'	50 USC app 2401 et seq
CHANGED	0694-AE58	200910	3	0	authority_in_own_cfr_note: 'near-miss' -> 'absent'; cfr_note_part: '15 CFR 743' -> '15 CFR 740'	50 USC app 2401
CHANGED	0694-AE58	201004	4	0	authority_in_own_cfr_note: 'near-miss' -> 'absent'; cfr_note_part: '15 CFR 743' -> '15 CFR 740'	50 USC app 2401
CHANGED	0694-AE58	201010	4	0	authority_in_own_cfr_note: 'near-miss' -> 'absent'; cfr_note_part: '15 CFR 743' -> '15 CFR 740'	50 USC 2401
CHANGED	0694-AE62	200910	13	0	authority_in_own_cfr_note: 'near-miss' -> 'absent'; cfr_note_part: '15 CFR 743' -> '15 CFR 736'	50 USC app 2401 et seq
CHANGED	0694-AE62	201004	13	0	authority_in_own_cfr_note: 'near-miss' -> 'absent'; cfr_note_part: '15 CFR 743' -> '15 CFR 736'	50 USC app 2401 et seq
CHANGED	0694-AE66	200910	2	0	authority_in_own_cfr_note: 'near-miss' -> 'absent'; cfr_note_part: '15 CFR 762' -> '15 CFR 740'	50 USC app 2401 et seq
CHANGED	0694-AE66	201004	2	0	authority_in_own_cfr_note: 'near-miss' -> 'absent'; cfr_note_part: '15 CFR 762' -> '15 CFR 740'	50 USC app 2401 et seq
CHANGED	0694-AE66	201010	2	0	authority_in_own_cfr_note: 'near-miss' -> 'absent'; cfr_note_part: '15 CFR 762' -> '15 CFR 740'	50 USC 2401 et seq
CHANGED	0694-AE68	200910	1	0	authority_in_own_cfr_note: 'near-miss' -> 'absent'	50 USC app 2401 et seq
CHANGED	0694-AE68	201004	1	0	authority_in_own_cfr_note: 'near-miss' -> 'absent'	50 USC app 2401 et seq
CHANGED	0694-AE68	201010	1	0	authority_in_own_cfr_note: 'near-miss' -> 'absent'	50 USC 2401 et seq
CHANGED	0694-AE68	201104	1	0	authority_in_own_cfr_note: 'near-miss' -> 'absent'	50 USC 2401 et seq
CHANGED	0694-AE69	200910	14	0	authority_in_own_cfr_note: 'near-miss' -> 'absent'; cfr_note_part: '15 CFR 766' -> '15 CFR 734'	50 USC app 2401 et seq
CHANGED	0694-AE69	201004	14	0	authority_in_own_cfr_note: 'near-miss' -> 'absent'; cfr_note_part: '15 CFR 766' -> '15 CFR 734'	50 USC app 2401 et seq
CHANGED	0694-AE69	201010	14	0	authority_in_own_cfr_note: 'near-miss' -> 'absent'; cfr_note_part: '15 CFR 766' -> '15 CFR 734'	50 USC 2401 et seq
CHANGED	0694-AE72	200910	15	0	authority_in_own_cfr_note: 'near-miss' -> 'absent'; cfr_note_part: '15 CFR 743' -> '15 CFR 730'	50 USC app 2401 et seq
CHANGED	0694-AE73	201004	4	0	authority_in_own_cfr_note: 'near-miss' -> 'absent'; cfr_note_part: '15 CFR 762' -> '15 CFR 750'	50 USC app 2401 et seq
CHANGED	0694-AE73	201010	4	0	authority_in_own_cfr_note: 'near-miss' -> 'absent'; cfr_note_part: '15 CFR 762' -> '15 CFR 750'	50 USC 2401 et seq
CHANGED	0694-AE76	201004	5	0	authority_in_own_cfr_note: 'near-miss' -> 'absent'; cfr_note_part: '15 CFR 742' -> '15 CFR 734'	22 USC 6004
CHANGED	0694-AE90	201010	12	0	authority_in_own_cfr_note: 'near-miss' -> 'absent'; cfr_note_part: '15 CFR 743' -> '15 CFR 740'	50 USC 2401
CHANGED	0694-AE90	201104	12	0	authority_in_own_cfr_note: 'near-miss' -> 'absent'; cfr_note_part: '15 CFR 743' -> '15 CFR 740'	50 USC 2401
CHANGED	0694-AE90	201110	12	0	authority_in_own_cfr_note: 'near-miss' -> 'absent'; cfr_note_part: '15 CFR 743' -> '15 CFR 740'	50 USC 2401
CHANGED	0694-AE91	201010	11	0	authority_in_own_cfr_note: 'near-miss' -> 'absent'; cfr_note_part: '15 CFR 743' -> '15 CFR 740'	50 USC 2401
CHANGED	0694-AE93	201010	1	0	authority_in_own_cfr_note: 'near-miss' -> 'absent'	50 USC 2401 et seq
CHANGED	0694-AE96	201010	13	0	authority_in_own_cfr_note: 'near-miss' -> 'absent'; cfr_note_part: '15 CFR 770' -> '15 CFR 738'	50 USC 2401
CHANGED	0694-AE96	201104	13	0	authority_in_own_cfr_note: 'near-miss' -> 'absent'; cfr_note_part: '15 CFR 770' -> '15 CFR 732'	50 USC 2401
CHANGED	0694-AE96	201110	13	0	authority_in_own_cfr_note: 'near-miss' -> 'absent'; cfr_note_part: '15 CFR 770' -> '15 CFR 732'	50 USC 2401
CHANGED	0694-AF00	201010	15	0	authority_in_own_cfr_note: 'near-miss' -> 'absent'; cfr_note_part: '15 CFR 756' -> '15 CFR 730'	50 USC app 2401 et seq
CHANGED	0694-AF03	201110	2	0	authority_in_own_cfr_note: 'near-miss' -> 'absent'; cfr_note_part: '15 CFR 743' -> '15 CFR 732'	50 USC 2401 et seq
CHANGED	0694-AF15	201104	13	0	authority_in_own_cfr_note: 'near-miss' -> 'absent'; cfr_note_part: '15 CFR 743' -> '15 CFR 734'	50 USC 2401
CHANGED	0694-AF15	201110	13	0	authority_in_own_cfr_note: 'near-miss' -> 'absent'; cfr_note_part: '15 CFR 743' -> '15 CFR 734'	50 USC 2401
CHANGED	0694-AF17	201104	0	0	authority_in_own_cfr_note: 'near-miss' -> 'absent'; cfr_note_part: '15 CFR 743' -> '15 CFR 740'	50 USC app 2401 et seq
CHANGED	0694-AF17	201110	13	0	authority_in_own_cfr_note: 'near-miss' -> 'absent'; cfr_note_part: '15 CFR 743' -> '15 CFR 730'	50 USC 2401 et seq
CHANGED	0694-AF17	201210	16	0	authority_in_own_cfr_note: 'near-miss' -> 'absent'; cfr_note_part: '15 CFR 743' -> '15 CFR 730'	50 USC 2401 et seq
CHANGED	0694-AF34	201110	15	0	authority_in_own_cfr_note: 'near-miss' -> 'absent'; cfr_note_part: '15 CFR 743' -> '15 CFR 730'	50 USC 2401 et seq
CHANGED	0694-AF39	201304	14	0	authority_in_own_cfr_note: 'near-miss' -> 'absent'; cfr_note_part: '15 CFR 770' -> '15 CFR 740'	50 USC 2401 et seq
CHANGED	0694-AF39	201304	15	0	authority_in_own_cfr_note: 'near-miss' -> 'absent'; cfr_note_part: '15 CFR 770' -> '15 CFR 740'	50 USC app 2401 et seq
CHANGED	0694-AF39	201310	14	0	authority_in_own_cfr_note: 'near-miss' -> 'absent'; cfr_note_part: '15 CFR 770' -> '15 CFR 740'	50 USC 2401 et seq
CHANGED	0694-AF39	201310	15	0	authority_in_own_cfr_note: 'near-miss' -> 'absent'; cfr_note_part: '15 CFR 770' -> '15 CFR 740'	50 USC app 2401 et seq
CHANGED	0694-AF39	201404	14	0	authority_in_own_cfr_note: 'near-miss' -> 'absent'; cfr_note_part: '15 CFR 770' -> '15 CFR 740'	50 USC 2401 et seq
CHANGED	0694-AF39	201404	15	0	authority_in_own_cfr_note: 'near-miss' -> 'absent'; cfr_note_part: '15 CFR 770' -> '15 CFR 740'	50 USC app 2401 et seq
CHANGED	0694-AF47	201810	16	0	authority_in_own_cfr_note: 'near-miss' -> 'absent'; cfr_note_part: '15 CFR 743' -> '15 CFR 736'	50 U.S.C. app 2401 et seq.
CHANGED	0694-AF47	201904	16	0	authority_in_own_cfr_note: 'near-miss' -> 'absent'; cfr_note_part: '15 CFR 743' -> '15 CFR 736'	50 U.S.C. app 2401 et seq.
CHANGED	0694-AF47	201910	16	0	authority_in_own_cfr_note: 'near-miss' -> 'absent'; cfr_note_part: '15 CFR 743' -> '15 CFR 736'	50 U.S.C. app 2401 et seq.
CHANGED	0694-AF47	202004	16	0	authority_in_own_cfr_note: 'near-miss' -> 'absent'; cfr_note_part: '15 CFR 743' -> '15 CFR 736'	50 U.S.C. app 2401 et seq.
CHANGED	0694-AF47	202010	16	0	authority_in_own_cfr_note: 'near-miss' -> 'absent'; cfr_note_part: '15 CFR 743' -> '15 CFR 736'	50 U.S.C. app 2401 et seq.
CHANGED	0694-AF47	202104	16	0	authority_in_own_cfr_note: 'near-miss' -> 'absent'; cfr_note_part: '15 CFR 743' -> '15 CFR 736'	50 U.S.C. app 2401 et seq.
CHANGED	0694-AF47	202110	16	0	authority_in_own_cfr_note: 'near-miss' -> 'absent'; cfr_note_part: '15 CFR 743' -> '15 CFR 736'	50 U.S.C. app 2401 et seq.
CHANGED	0694-AF47	202204	16	0	authority_in_own_cfr_note: 'near-miss' -> 'absent'; cfr_note_part: '15 CFR 743' -> '15 CFR 736'	50 U.S.C. app 2401 et seq.
CHANGED	0694-AF47	202210	16	0	authority_in_own_cfr_note: 'near-miss' -> 'absent'; cfr_note_part: '15 CFR 743' -> '15 CFR 736'	50 U.S.C. app 2401 et seq.
CHANGED	0694-AF50	201210	14	0	authority_in_own_cfr_note: 'near-miss' -> 'absent'; cfr_note_part: '15 CFR 743' -> '15 CFR 734'	50 USC 2401
CHANGED	0694-AF59	201210	1	0	authority_in_own_cfr_note: 'near-miss' -> 'absent'	50 USC 2401 et seq
CHANGED	0694-AF59	201304	1	0	authority_in_own_cfr_note: 'near-miss' -> 'absent'	50 USC 2401 et seq
CHANGED	0694-AF59	201310	1	0	authority_in_own_cfr_note: 'near-miss' -> 'absent'	50 USC 2401 et seq
CHANGED	0694-AF63	201210	14	0	authority_in_own_cfr_note: 'near-miss' -> 'absent'; cfr_note_part: '15 CFR 743' -> '15 CFR 730'	50 USC 2401 et seq
CHANGED	0694-AF63	201304	14	0	authority_in_own_cfr_note: 'near-miss' -> 'absent'; cfr_note_part: '15 CFR 743' -> '15 CFR 730'	50 USC 2401 et seq
CHANGED	0694-AF65	201210	13	0	authority_in_own_cfr_note: 'near-miss' -> 'absent'; cfr_note_part: '15 CFR 743' -> '15 CFR 734'	50 USC 2401 et seq
CHANGED	0694-AF65	201304	13	0	authority_in_own_cfr_note: 'near-miss' -> 'absent'; cfr_note_part: '15 CFR 743' -> '15 CFR 734'	50 USC 2401 et seq
CHANGED	0694-AF65	201310	13	0	authority_in_own_cfr_note: 'near-miss' -> 'absent'; cfr_note_part: '15 CFR 743' -> '15 CFR 734'	50 USC 2401 et seq
CHANGED	0694-AF70	201210	5	0	authority_in_own_cfr_note: 'near-miss' -> 'absent'; cfr_note_part: '15 CFR 756' -> '15 CFR 744'	50 USC app 2401 et seq
CHANGED	0694-AF70	201304	5	0	authority_in_own_cfr_note: 'near-miss' -> 'absent'; cfr_note_part: '15 CFR 756' -> '15 CFR 740'	50 USC app 2401 et seq
CHANGED	0694-AF70	201310	5	0	authority_in_own_cfr_note: 'near-miss' -> 'absent'; cfr_note_part: '15 CFR 756' -> '15 CFR 740'	50 USC app 2401 et seq
CHANGED	0694-AF70	201404	5	0	authority_in_own_cfr_note: 'near-miss' -> 'absent'; cfr_note_part: '15 CFR 756' -> '15 CFR 740'	50 USC app 2401 et seq
CHANGED	0694-AF75	201210	13	0	authority_in_own_cfr_note: 'near-miss' -> 'absent'; cfr_note_part: '15 CFR 743' -> '15 CFR 734'	50 USC app 2401 et seq
CHANGED	0694-AF75	201304	13	0	authority_in_own_cfr_note: 'near-miss' -> 'absent'; cfr_note_part: '15 CFR 743' -> '15 CFR 734'	50 USC app 2401 et seq
CHANGED	0694-AF75	201310	13	0	authority_in_own_cfr_note: 'near-miss' -> 'absent'; cfr_note_part: '15 CFR 743' -> '15 CFR 734'	50 USC app 2401 et seq
CHANGED	0694-AF75	201404	14	0	authority_in_own_cfr_note: 'near-miss' -> 'absent'; cfr_note_part: '15 CFR 743' -> '15 CFR 734'	50 USC app 2401 et seq
CHANGED	0694-AF75	201410	14	0	authority_in_own_cfr_note: 'near-miss' -> 'absent'; cfr_note_part: '15 CFR 743' -> '15 CFR 734'	50 USC app 2401 et seq
CHANGED	0694-AF75	201504	14	0	authority_in_own_cfr_note: 'near-miss' -> 'absent'; cfr_note_part: '15 CFR 743' -> '15 CFR 734'	50 U.S.C. app 2401 et seq
CHANGED	0694-AF75	201510	14	0	authority_in_own_cfr_note: 'near-miss' -> 'absent'; cfr_note_part: '15 CFR 743' -> '15 CFR 734'	50 U.S.C. app 2401 et seq.
CHANGED	0694-AF75	201604	14	0	authority_in_own_cfr_note: 'near-miss' -> 'absent'; cfr_note_part: '15 CFR 743' -> '15 CFR 734'	50 U.S.C. app 2401 et seq.
CHANGED	0694-AF78	201210	15	0	authority_in_own_cfr_note: 'near-miss' -> 'absent'; cfr_note_part: '15 CFR 756' -> '15 CFR 730'	50 USC app 2401 et seq
CHANGED	0694-AF83	201304	14	0	authority_in_own_cfr_note: 'near-miss' -> 'absent'; cfr_note_part: '15 CFR 743' -> '15 CFR 738'	50 USC app 2401 et seq
CHANGED	0694-AF83	201310	14	0	authority_in_own_cfr_note: 'near-miss' -> 'absent'; cfr_note_part: '15 CFR 743' -> '15 CFR 738'	50 USC app 2401 et seq
CHANGED	0694-AF97	201404	13	0	authority_in_own_cfr_note: 'near-miss' -> 'absent'; cfr_note_part: '15 CFR 766' -> '15 CFR 732'	50 USC app 2401 et seq
CHANGED	0694-AG00	201404	15	0	authority_in_own_cfr_note: 'near-miss' -> 'absent'; cfr_note_part: '15 CFR 762' -> '15 CFR 730'	50 USC app 2401 et seq
CHANGED	0694-AG00	201410	15	0	authority_in_own_cfr_note: 'near-miss' -> 'absent'; cfr_note_part: '15 CFR 762' -> '15 CFR 730'	50 USC app 2401 et seq
CHANGED	0694-AG00	201504	15	0	authority_in_own_cfr_note: 'near-miss' -> 'absent'; cfr_note_part: '15 CFR 762' -> '15 CFR 730'	50 U.S.C. app 2401 et seq
CHANGED	0694-AG00	201510	15	0	authority_in_own_cfr_note: 'near-miss' -> 'absent'; cfr_note_part: '15 CFR 762' -> '15 CFR 730'	50 U.S.C. app 2401 et seq.
CHANGED	0694-AG00	201604	15	0	authority_in_own_cfr_note: 'near-miss' -> 'absent'; cfr_note_part: '15 CFR 762' -> '15 CFR 730'	50 U.S.C. app 2401 et seq.
CHANGED	0694-AG00	201610	15	0	authority_in_own_cfr_note: 'near-miss' -> 'absent'; cfr_note_part: '15 CFR 762' -> '15 CFR 730'	50 U.S.C. app 2401 et seq.
CHANGED	0694-AG00	201704	15	0	authority_in_own_cfr_note: 'near-miss' -> 'absent'; cfr_note_part: '15 CFR 762' -> '15 CFR 730'	50 U.S.C. app 2401 et seq.
CHANGED	0694-AG00	201710	15	0	authority_in_own_cfr_note: 'near-miss' -> 'absent'; cfr_note_part: '15 CFR 762' -> '15 CFR 730'	50 U.S.C. app 2401 et seq.
CHANGED	0694-AG00	201804	15	0	authority_in_own_cfr_note: 'near-miss' -> 'absent'; cfr_note_part: '15 CFR 762' -> '15 CFR 730'	50 U.S.C. app 2401 et seq.
CHANGED	0694-AG00	201810	15	0	authority_in_own_cfr_note: 'near-miss' -> 'absent'; cfr_note_part: '15 CFR 762' -> '15 CFR 730'	50 U.S.C. app 2401 et seq.
CHANGED	0694-AG00	201904	15	0	authority_in_own_cfr_note: 'near-miss' -> 'absent'; cfr_note_part: '15 CFR 762' -> '15 CFR 730'	50 U.S.C. app 2401 et seq.
CHANGED	0694-AG00	201910	15	0	authority_in_own_cfr_note: 'near-miss' -> 'absent'; cfr_note_part: '15 CFR 762' -> '15 CFR 730'	50 U.S.C. app 2401 et seq.
CHANGED	0694-AG00	202004	15	0	authority_in_own_cfr_note: 'near-miss' -> 'absent'; cfr_note_part: '15 CFR 762' -> '15 CFR 730'	50 U.S.C. app 2401 et seq.
CHANGED	0694-AG00	202010	15	0	authority_in_own_cfr_note: 'near-miss' -> 'absent'; cfr_note_part: '15 CFR 762' -> '15 CFR 730'	50 U.S.C. app 2401 et seq.
CHANGED	0694-AG00	202104	15	0	authority_in_own_cfr_note: 'near-miss' -> 'absent'; cfr_note_part: '15 CFR 762' -> '15 CFR 730'	50 U.S.C. app 2401 et seq.
CHANGED	0694-AG00	202110	15	0	authority_in_own_cfr_note: 'near-miss' -> 'absent'; cfr_note_part: '15 CFR 762' -> '15 CFR 730'	50 U.S.C. app 2401 et seq.
CHANGED	0694-AG00	202204	15	0	authority_in_own_cfr_note: 'near-miss' -> 'absent'; cfr_note_part: '15 CFR 762' -> '15 CFR 730'	50 U.S.C. app 2401 et seq.
CHANGED	0694-AG00	202210	15	0	authority_in_own_cfr_note: 'near-miss' -> 'absent'; cfr_note_part: '15 CFR 762' -> '15 CFR 730'	50 U.S.C. app 2401 et seq.
CHANGED	0694-AG00	202304	15	0	authority_in_own_cfr_note: 'near-miss' -> 'absent'; cfr_note_part: '15 CFR 762' -> '15 CFR 730'	50 U.S.C. app 2401 et seq.
CHANGED	0694-AG00	202310	15	0	authority_in_own_cfr_note: 'near-miss' -> 'absent'; cfr_note_part: '15 CFR 762' -> '15 CFR 730'	50 U.S.C. app 2401 et seq.
CHANGED	0694-AG00	202404	15	0	authority_in_own_cfr_note: 'near-miss' -> 'absent'; cfr_note_part: '15 CFR 762' -> '15 CFR 730'	50 U.S.C. app 2401 et seq.
CHANGED	0694-AG00	202410	15	0	authority_in_own_cfr_note: 'near-miss' -> 'absent'; cfr_note_part: '15 CFR 762' -> '15 CFR 730'	50 U.S.C. app 2401 et seq.
CHANGED	0694-AG01	201404	15	0	authority_in_own_cfr_note: 'near-miss' -> 'absent'; cfr_note_part: '15 CFR 743' -> '15 CFR 730'	50 USC app 2401 et seq
CHANGED	0694-AG11	201404	15	0	authority_in_own_cfr_note: 'near-miss' -> 'absent'; cfr_note_part: '15 CFR 762' -> '15 CFR 736'	50 USC app 2401 et seq
CHANGED	0694-AG11	201410	15	0	authority_in_own_cfr_note: 'near-miss' -> 'absent'; cfr_note_part: '15 CFR 762' -> '15 CFR 736'	50 USC app 2401 et seq
CHANGED	0694-AG11	201504	15	0	authority_in_own_cfr_note: 'near-miss' -> 'absent'; cfr_note_part: '15 CFR 762' -> '15 CFR 736'	50 U.S.C. app 2401 et seq
CHANGED	0694-AG13	201410	0	0	authority_in_own_cfr_note: 'near-miss' -> 'absent'; cfr_note_part: '15 CFR 762' -> '15 CFR 730'	50 USC app 2401
CHANGED	0694-AG24	201410	1	0	authority_in_own_cfr_note: 'near-miss' -> 'absent'; cfr_note_part: '15 CFR 742' -> '15 CFR 740'	22 USC 6004
CHANGED	0694-AG24	201504	1	0	authority_in_own_cfr_note: 'near-miss' -> 'absent'; cfr_note_part: '15 CFR 742' -> '15 CFR 740'	22 U.S.C. 6004
CHANGED	0694-AG26	201410	15	0	authority_in_own_cfr_note: 'near-miss' -> 'absent'; cfr_note_part: '15 CFR 743' -> '15 CFR 730'	50 USC app 2401 et seq
CHANGED	0694-AG30	201504	1	0	authority_in_own_cfr_note: 'near-miss' -> 'absent'	50 U.S.C. app. 2401 et seq.
CHANGED	0694-AG30	201510	1	0	authority_in_own_cfr_note: 'near-miss' -> 'absent'	50 U.S.C. app. 2401 et seq.
CHANGED	0694-AG30	201604	1	0	authority_in_own_cfr_note: 'near-miss' -> 'absent'	50 U.S.C. app. 2401 et seq.
CHANGED	0694-AG30	201610	1	0	authority_in_own_cfr_note: 'near-miss' -> 'absent'	50 U.S.C. app. 2401 et seq.
CHANGED	0694-AG30	201704	1	0	authority_in_own_cfr_note: 'near-miss' -> 'absent'	50 U.S.C. app 2401 et seq.
CHANGED	0694-AG30	201710	1	0	authority_in_own_cfr_note: 'near-miss' -> 'absent'	50 U.S.C. app. 2401 et seq.
CHANGED	0694-AG32	201510	2	0	authority_in_own_cfr_note: 'near-miss' -> 'absent'; cfr_note_part: '15 CFR 743' -> '15 CFR 734'	50 U.S.C. app 2401 et seq.
CHANGED	0694-AG32	201604	2	0	authority_in_own_cfr_note: 'near-miss' -> 'absent'; cfr_note_part: '15 CFR 743' -> '15 CFR 734'	50 U.S.C. app 2401 et seq.
CHANGED	0694-AG32	201610	2	0	authority_in_own_cfr_note: 'near-miss' -> 'absent'; cfr_note_part: '15 CFR 743' -> '15 CFR 734'	50 U.S.C. app 2401 et seq.
CHANGED	0694-AG44	201504	13	0	authority_in_own_cfr_note: 'near-miss' -> 'absent'; cfr_note_part: '15 CFR 743' -> '15 CFR 738'	50 U.S.C. app. 2401 et seq.
CHANGED	0694-AG44	201510	13	0	authority_in_own_cfr_note: 'near-miss' -> 'absent'; cfr_note_part: '15 CFR 743' -> '15 CFR 738'	50 U.S.C. app. 2401 et seq.
CHANGED	0694-AG44	201604	13	0	authority_in_own_cfr_note: 'near-miss' -> 'absent'; cfr_note_part: '15 CFR 743' -> '15 CFR 738'	50 U.S.C. app. 2401 et seq.
CHANGED	0694-AG71	201510	15	0	authority_in_own_cfr_note: 'near-miss' -> 'absent'; cfr_note_part: '15 CFR 743' -> '15 CFR 730'	50 U.S.C. app 2401 et seq.
CHANGED	0694-AG73	201604	1	0	authority_in_own_cfr_note: 'near-miss' -> 'absent'	50 U.S.C. app 2401 et seq.
CHANGED	0694-AG73	201610	1	0	authority_in_own_cfr_note: 'near-miss' -> 'absent'	50 U.S.C. app 2401 et seq.
CHANGED	0694-AG85	201604	14	0	authority_in_own_cfr_note: 'near-miss' -> 'absent'; cfr_note_part: '15 CFR 770' -> '15 CFR 734'	50 U.S.C. app 2401 et seq.
CHANGED	0694-AG85	201610	14	0	authority_in_own_cfr_note: 'near-miss' -> 'absent'; cfr_note_part: '15 CFR 770' -> '15 CFR 734'	50 U.S.C. app 2401 et seq.
CHANGED	0694-AG92	201604	1	0	authority_in_own_cfr_note: 'near-miss' -> 'absent'	50 U.S.C. app 2401 et seq.
CHANGED	0694-AG92	201610	1	0	authority_in_own_cfr_note: 'near-miss' -> 'absent'	50 U.S.C. app 2401 et seq.
CHANGED	0910-AB94	199910	8	2	eo_compilation_page: None -> '0531'	EO 11524, 3 CFR 1971 Comp. 0531-533 as amended by EO 11991
CHANGED	0910-AB94	200004	8	2	eo_compilation_page: None -> '0531'	EO 11524, 3 CFR 1971 Comp. 0531-533 as amended by EO 11991
CHANGED	0910-AB94	200010	17	2	eo_compilation_page: None -> '0531'	EO 11524, 3 CFR 1971 Comp. 0531-533 as amended by EO 11991
REMOVED	1115-AE31	199610	15	24	rin='1115-AE31'; publication_id='199610'; ordinal=15; authority_text='8 USC 1201; 8 USC 1221; 8 USC 1225; 8 USC 1226; 8 USC 1227; 8 USC 1228; 8 USC 1252 note; 8 USC 1252b; 8 USC 1254; 8 USC 1254a note; 8 USC 1255; 8 USC 1255 note; 8 USC 1259; 8 USC 1281; 8 USC 1282; 8 USC 1304; 1356; 8 USC 1443; 8 USC 1447; 8 USC 1448; 31 USC 9701; EO 12356; 47 FR 14874; 47 FR 15557; 3 CFR; 1982 Comp., 166; 8 CFR part 2.'; authority_type='usc'; parse_status='partial'; usc_title=31; usc_section='166'; usc_title_is_possible=True; usc_section_verdict='absent'; usc_section_magnitude_is_plausible=True; authority_in_own_cfr_note='absent'; cfr_note_part='8 CFR 101'; authority_source='additional-info:additional-legal-authority' -> (no row)	8 USC 1201; 8 USC 1221; 8 USC 1225; 8 USC 1226; 8 USC 1227; 8 USC 1228; 8 USC 1252 note; 8 USC 1252b; 8 USC 1254; 8 USC 1254a note; 8 USC 1255; 8 USC 1255 note; 8 USC 1259; 8 USC 1281; 8 USC 1282; 8 USC 1304; 1356; 8 USC 1443; 8 USC 1447; 8 USC 1448; 31 USC 9701; EO 12356; 47 FR 14874; 47 FR 15557; 3 CFR; 1982 Comp., 166; 8 CFR part 2.
ADDED	1115-AE31	199610	15	21	(no row) -> rin='1115-AE31'; publication_id='199610'; ordinal=15; authority_text='8 USC 1201; 8 USC 1221; 8 USC 1225; 8 USC 1226; 8 USC 1227; 8 USC 1228; 8 USC 1252 note; 8 USC 1252b; 8 USC 1254; 8 USC 1254a note; 8 USC 1255; 8 USC 1255 note; 8 USC 1259; 8 USC 1281; 8 USC 1282; 8 USC 1304; 1356; 8 USC 1443; 8 USC 1447; 8 USC 1448; 31 USC 9701; EO 12356; 47 FR 14874; 47 FR 15557; 3 CFR; 1982 Comp., 166; 8 CFR part 2.'; authority_type='eo_compilation'; parse_status='partial'; eo_compilation_start='1982'; eo_compilation_page='166'; authority_source='additional-info:additional-legal-authority'	8 USC 1201; 8 USC 1221; 8 USC 1225; 8 USC 1226; 8 USC 1227; 8 USC 1228; 8 USC 1252 note; 8 USC 1252b; 8 USC 1254; 8 USC 1254a note; 8 USC 1255; 8 USC 1255 note; 8 USC 1259; 8 USC 1281; 8 USC 1282; 8 USC 1304; 1356; 8 USC 1443; 8 USC 1447; 8 USC 1448; 31 USC 9701; EO 12356; 47 FR 14874; 47 FR 15557; 3 CFR; 1982 Comp., 166; 8 CFR part 2.
REMOVED	1115-AE31	199704	15	24	rin='1115-AE31'; publication_id='199704'; ordinal=15; authority_text='8 USC 1201; 8 USC 1221; 8 USC 1225; 8 USC 1226; 8 USC 1227; 8 USC 1228; 8 USC 1252 note; 8 USC 1252b; 8 USC 1254; 8 USC 1254a note; 8 USC 1255; 8 USC 1255 note; 8 USC 1259; 8 USC 1281; 8 USC 1282; 8 USC 1304; 1356; 8 USC 1443; 8 USC 1447; 8 USC 1448; 31 USC 9701; EO 12356; 47 FR 14874; 47 FR 15557; 3 CFR; 1982 Comp., 166; 8 CFR part 2.'; authority_type='usc'; parse_status='partial'; usc_title=31; usc_section='166'; usc_title_is_possible=True; usc_section_verdict='absent'; usc_section_magnitude_is_plausible=True; authority_in_own_cfr_note='absent'; cfr_note_part='8 CFR 101'; authority_source='additional-info:additional-legal-authority' -> (no row)	8 USC 1201; 8 USC 1221; 8 USC 1225; 8 USC 1226; 8 USC 1227; 8 USC 1228; 8 USC 1252 note; 8 USC 1252b; 8 USC 1254; 8 USC 1254a note; 8 USC 1255; 8 USC 1255 note; 8 USC 1259; 8 USC 1281; 8 USC 1282; 8 USC 1304; 1356; 8 USC 1443; 8 USC 1447; 8 USC 1448; 31 USC 9701; EO 12356; 47 FR 14874; 47 FR 15557; 3 CFR; 1982 Comp., 166; 8 CFR part 2.
ADDED	1115-AE31	199704	15	21	(no row) -> rin='1115-AE31'; publication_id='199704'; ordinal=15; authority_text='8 USC 1201; 8 USC 1221; 8 USC 1225; 8 USC 1226; 8 USC 1227; 8 USC 1228; 8 USC 1252 note; 8 USC 1252b; 8 USC 1254; 8 USC 1254a note; 8 USC 1255; 8 USC 1255 note; 8 USC 1259; 8 USC 1281; 8 USC 1282; 8 USC 1304; 1356; 8 USC 1443; 8 USC 1447; 8 USC 1448; 31 USC 9701; EO 12356; 47 FR 14874; 47 FR 15557; 3 CFR; 1982 Comp., 166; 8 CFR part 2.'; authority_type='eo_compilation'; parse_status='partial'; eo_compilation_start='1982'; eo_compilation_page='166'; authority_source='additional-info:additional-legal-authority'	8 USC 1201; 8 USC 1221; 8 USC 1225; 8 USC 1226; 8 USC 1227; 8 USC 1228; 8 USC 1252 note; 8 USC 1252b; 8 USC 1254; 8 USC 1254a note; 8 USC 1255; 8 USC 1255 note; 8 USC 1259; 8 USC 1281; 8 USC 1282; 8 USC 1304; 1356; 8 USC 1443; 8 USC 1447; 8 USC 1448; 31 USC 9701; EO 12356; 47 FR 14874; 47 FR 15557; 3 CFR; 1982 Comp., 166; 8 CFR part 2.
REMOVED	1115-AE31	199710	15	24	rin='1115-AE31'; publication_id='199710'; ordinal=15; authority_text='8 USC 1201; 8 USC 1221; 8 USC 1225; 8 USC 1226; 8 USC 1227; 8 USC 1228; 8 USC 1252 note; 8 USC 1252b; 8 USC 1254; 8 USC 1254a note; 8 USC 1255; 8 USC 1255 note; 8 USC 1259; 8 USC 1281; 8 USC 1282; 8 USC 1304; 1356; 8 USC 1443; 8 USC 1447; 8 USC 1448; 31 USC 9701; EO 12356; 47 FR 14874; 47 FR 15557; 3 CFR; 1982 Comp., 166; 8 CFR part 2.'; authority_type='usc'; parse_status='partial'; usc_title=31; usc_section='166'; usc_title_is_possible=True; usc_section_verdict='absent'; usc_section_magnitude_is_plausible=True; authority_in_own_cfr_note='absent'; cfr_note_part='8 CFR 101'; authority_source='additional-info:additional-legal-authority' -> (no row)	8 USC 1201; 8 USC 1221; 8 USC 1225; 8 USC 1226; 8 USC 1227; 8 USC 1228; 8 USC 1252 note; 8 USC 1252b; 8 USC 1254; 8 USC 1254a note; 8 USC 1255; 8 USC 1255 note; 8 USC 1259; 8 USC 1281; 8 USC 1282; 8 USC 1304; 1356; 8 USC 1443; 8 USC 1447; 8 USC 1448; 31 USC 9701; EO 12356; 47 FR 14874; 47 FR 15557; 3 CFR; 1982 Comp., 166; 8 CFR part 2.
ADDED	1115-AE31	199710	15	21	(no row) -> rin='1115-AE31'; publication_id='199710'; ordinal=15; authority_text='8 USC 1201; 8 USC 1221; 8 USC 1225; 8 USC 1226; 8 USC 1227; 8 USC 1228; 8 USC 1252 note; 8 USC 1252b; 8 USC 1254; 8 USC 1254a note; 8 USC 1255; 8 USC 1255 note; 8 USC 1259; 8 USC 1281; 8 USC 1282; 8 USC 1304; 1356; 8 USC 1443; 8 USC 1447; 8 USC 1448; 31 USC 9701; EO 12356; 47 FR 14874; 47 FR 15557; 3 CFR; 1982 Comp., 166; 8 CFR part 2.'; authority_type='eo_compilation'; parse_status='partial'; eo_compilation_start='1982'; eo_compilation_page='166'; authority_source='additional-info:additional-legal-authority'	8 USC 1201; 8 USC 1221; 8 USC 1225; 8 USC 1226; 8 USC 1227; 8 USC 1228; 8 USC 1252 note; 8 USC 1252b; 8 USC 1254; 8 USC 1254a note; 8 USC 1255; 8 USC 1255 note; 8 USC 1259; 8 USC 1281; 8 USC 1282; 8 USC 1304; 1356; 8 USC 1443; 8 USC 1447; 8 USC 1448; 31 USC 9701; EO 12356; 47 FR 14874; 47 FR 15557; 3 CFR; 1982 Comp., 166; 8 CFR part 2.
REMOVED	1115-AE31	199804	15	24	rin='1115-AE31'; publication_id='199804'; ordinal=15; authority_text='8 USC 1201; 8 USC 1221; 8 USC 1225; 8 USC 1226; 8 USC 1227; 8 USC 1228; 8 USC 1252 note; 8 USC 1252b; 8 USC 1254; 8 USC 1254a note; 8 USC 1255; 8 USC 1255 note; 8 USC 1259; 8 USC 1281; 8 USC 1282; 8 USC 1304; 1356; 8 USC 1443; 8 USC 1447; 8 USC 1448; 31 USC 9701; EO 12356; 47 FR 14874; 47 FR 15557; 3 CFR; 1982 Comp., 166; 8 CFR part 2.'; authority_type='usc'; parse_status='partial'; usc_title=31; usc_section='166'; usc_title_is_possible=True; usc_section_verdict='absent'; usc_section_magnitude_is_plausible=True; authority_in_own_cfr_note='absent'; cfr_note_part='8 CFR 101'; authority_source='additional-info:additional-legal-authority' -> (no row)	8 USC 1201; 8 USC 1221; 8 USC 1225; 8 USC 1226; 8 USC 1227; 8 USC 1228; 8 USC 1252 note; 8 USC 1252b; 8 USC 1254; 8 USC 1254a note; 8 USC 1255; 8 USC 1255 note; 8 USC 1259; 8 USC 1281; 8 USC 1282; 8 USC 1304; 1356; 8 USC 1443; 8 USC 1447; 8 USC 1448; 31 USC 9701; EO 12356; 47 FR 14874; 47 FR 15557; 3 CFR; 1982 Comp., 166; 8 CFR part 2.
ADDED	1115-AE31	199804	15	21	(no row) -> rin='1115-AE31'; publication_id='199804'; ordinal=15; authority_text='8 USC 1201; 8 USC 1221; 8 USC 1225; 8 USC 1226; 8 USC 1227; 8 USC 1228; 8 USC 1252 note; 8 USC 1252b; 8 USC 1254; 8 USC 1254a note; 8 USC 1255; 8 USC 1255 note; 8 USC 1259; 8 USC 1281; 8 USC 1282; 8 USC 1304; 1356; 8 USC 1443; 8 USC 1447; 8 USC 1448; 31 USC 9701; EO 12356; 47 FR 14874; 47 FR 15557; 3 CFR; 1982 Comp., 166; 8 CFR part 2.'; authority_type='eo_compilation'; parse_status='partial'; eo_compilation_start='1982'; eo_compilation_page='166'; authority_source='additional-info:additional-legal-authority'	8 USC 1201; 8 USC 1221; 8 USC 1225; 8 USC 1226; 8 USC 1227; 8 USC 1228; 8 USC 1252 note; 8 USC 1252b; 8 USC 1254; 8 USC 1254a note; 8 USC 1255; 8 USC 1255 note; 8 USC 1259; 8 USC 1281; 8 USC 1282; 8 USC 1304; 1356; 8 USC 1443; 8 USC 1447; 8 USC 1448; 31 USC 9701; EO 12356; 47 FR 14874; 47 FR 15557; 3 CFR; 1982 Comp., 166; 8 CFR part 2.
REMOVED	1115-AE31	199810	15	24	rin='1115-AE31'; publication_id='199810'; ordinal=15; authority_text='8 USC 1201; 8 USC 1221; 8 USC 1225; 8 USC 1226; 8 USC 1227; 8 USC 1228; 8 USC 1252 note; 8 USC 1252b; 8 USC 1254; 8 USC 1254a note; 8 USC 1255; 8 USC 1255 note; 8 USC 1259; 8 USC 1281; 8 USC 1282; 8 USC 1304; 1356; 8 USC 1443; 8 USC 1447; 8 USC 1448; 31 USC 9701; EO 12356; 47 FR 14874; 47 FR 15557; 3 CFR; 1982 Comp., 166; 8 CFR part 2.'; authority_type='usc'; parse_status='partial'; usc_title=31; usc_section='166'; usc_title_is_possible=True; usc_section_verdict='absent'; usc_section_magnitude_is_plausible=True; authority_in_own_cfr_note='absent'; cfr_note_part='8 CFR 101'; authority_source='additional-info:additional-legal-authority' -> (no row)	8 USC 1201; 8 USC 1221; 8 USC 1225; 8 USC 1226; 8 USC 1227; 8 USC 1228; 8 USC 1252 note; 8 USC 1252b; 8 USC 1254; 8 USC 1254a note; 8 USC 1255; 8 USC 1255 note; 8 USC 1259; 8 USC 1281; 8 USC 1282; 8 USC 1304; 1356; 8 USC 1443; 8 USC 1447; 8 USC 1448; 31 USC 9701; EO 12356; 47 FR 14874; 47 FR 15557; 3 CFR; 1982 Comp., 166; 8 CFR part 2.
ADDED	1115-AE31	199810	15	21	(no row) -> rin='1115-AE31'; publication_id='199810'; ordinal=15; authority_text='8 USC 1201; 8 USC 1221; 8 USC 1225; 8 USC 1226; 8 USC 1227; 8 USC 1228; 8 USC 1252 note; 8 USC 1252b; 8 USC 1254; 8 USC 1254a note; 8 USC 1255; 8 USC 1255 note; 8 USC 1259; 8 USC 1281; 8 USC 1282; 8 USC 1304; 1356; 8 USC 1443; 8 USC 1447; 8 USC 1448; 31 USC 9701; EO 12356; 47 FR 14874; 47 FR 15557; 3 CFR; 1982 Comp., 166; 8 CFR part 2.'; authority_type='eo_compilation'; parse_status='partial'; eo_compilation_start='1982'; eo_compilation_page='166'; authority_source='additional-info:additional-legal-authority'	8 USC 1201; 8 USC 1221; 8 USC 1225; 8 USC 1226; 8 USC 1227; 8 USC 1228; 8 USC 1252 note; 8 USC 1252b; 8 USC 1254; 8 USC 1254a note; 8 USC 1255; 8 USC 1255 note; 8 USC 1259; 8 USC 1281; 8 USC 1282; 8 USC 1304; 1356; 8 USC 1443; 8 USC 1447; 8 USC 1448; 31 USC 9701; EO 12356; 47 FR 14874; 47 FR 15557; 3 CFR; 1982 Comp., 166; 8 CFR part 2.
REMOVED	1115-AE31	199904	15	24	rin='1115-AE31'; publication_id='199904'; ordinal=15; authority_text='8 USC 1201; 8 USC 1221; 8 USC 1225; 8 USC 1226; 8 USC 1227; 8 USC 1228; 8 USC 1252 note; 8 USC 1252b; 8 USC 1254; 8 USC 1254a note; 8 USC 1255; 8 USC 1255 note; 8 USC 1259; 8 USC 1281; 8 USC 1282; 8 USC 1304; 1356; 8 USC 1443; 8 USC 1447; 8 USC 1448; 31 USC 9701; EO 12356; 47 FR 14874; 47 FR 15557; 3 CFR; 1982 Comp., 166; 8 CFR 2.'; authority_type='usc'; parse_status='partial'; usc_title=31; usc_section='166'; usc_title_is_possible=True; usc_section_verdict='absent'; usc_section_magnitude_is_plausible=True; authority_in_own_cfr_note='absent'; cfr_note_part='8 CFR 101'; authority_source='additional-info:additional-legal-authority' -> (no row)	8 USC 1201; 8 USC 1221; 8 USC 1225; 8 USC 1226; 8 USC 1227; 8 USC 1228; 8 USC 1252 note; 8 USC 1252b; 8 USC 1254; 8 USC 1254a note; 8 USC 1255; 8 USC 1255 note; 8 USC 1259; 8 USC 1281; 8 USC 1282; 8 USC 1304; 1356; 8 USC 1443; 8 USC 1447; 8 USC 1448; 31 USC 9701; EO 12356; 47 FR 14874; 47 FR 15557; 3 CFR; 1982 Comp., 166; 8 CFR 2.
ADDED	1115-AE31	199904	15	21	(no row) -> rin='1115-AE31'; publication_id='199904'; ordinal=15; authority_text='8 USC 1201; 8 USC 1221; 8 USC 1225; 8 USC 1226; 8 USC 1227; 8 USC 1228; 8 USC 1252 note; 8 USC 1252b; 8 USC 1254; 8 USC 1254a note; 8 USC 1255; 8 USC 1255 note; 8 USC 1259; 8 USC 1281; 8 USC 1282; 8 USC 1304; 1356; 8 USC 1443; 8 USC 1447; 8 USC 1448; 31 USC 9701; EO 12356; 47 FR 14874; 47 FR 15557; 3 CFR; 1982 Comp., 166; 8 CFR 2.'; authority_type='eo_compilation'; parse_status='partial'; eo_compilation_start='1982'; eo_compilation_page='166'; authority_source='additional-info:additional-legal-authority'	8 USC 1201; 8 USC 1221; 8 USC 1225; 8 USC 1226; 8 USC 1227; 8 USC 1228; 8 USC 1252 note; 8 USC 1252b; 8 USC 1254; 8 USC 1254a note; 8 USC 1255; 8 USC 1255 note; 8 USC 1259; 8 USC 1281; 8 USC 1282; 8 USC 1304; 1356; 8 USC 1443; 8 USC 1447; 8 USC 1448; 31 USC 9701; EO 12356; 47 FR 14874; 47 FR 15557; 3 CFR; 1982 Comp., 166; 8 CFR 2.
REMOVED	1115-AE31	199910	15	24	rin='1115-AE31'; publication_id='199910'; ordinal=15; authority_text='8 USC 1201; 8 USC 1221; 8 USC 1225; 8 USC 1226; 8 USC 1227; 8 USC 1228; 8 USC 1252 note; 8 USC 1252b; 8 USC 1254; 8 USC 1254a note; 8 USC 1255; 8 USC 1255 note; 8 USC 1259; 8 USC 1281; 8 USC 1282; 8 USC 1304; 1356; 8 USC 1443; 8 USC 1447; 8 USC 1448; 31 USC 9701; EO 12356; 47 FR 14874; 47 FR 15557; 3 CFR; 1982 Comp., 166; 8 CFR 2.'; authority_type='usc'; parse_status='partial'; usc_title=31; usc_section='166'; usc_title_is_possible=True; usc_section_verdict='absent'; usc_section_magnitude_is_plausible=True; authority_in_own_cfr_note='absent'; cfr_note_part='8 CFR 101'; authority_source='additional-info:additional-legal-authority' -> (no row)	8 USC 1201; 8 USC 1221; 8 USC 1225; 8 USC 1226; 8 USC 1227; 8 USC 1228; 8 USC 1252 note; 8 USC 1252b; 8 USC 1254; 8 USC 1254a note; 8 USC 1255; 8 USC 1255 note; 8 USC 1259; 8 USC 1281; 8 USC 1282; 8 USC 1304; 1356; 8 USC 1443; 8 USC 1447; 8 USC 1448; 31 USC 9701; EO 12356; 47 FR 14874; 47 FR 15557; 3 CFR; 1982 Comp., 166; 8 CFR 2.
ADDED	1115-AE31	199910	15	21	(no row) -> rin='1115-AE31'; publication_id='199910'; ordinal=15; authority_text='8 USC 1201; 8 USC 1221; 8 USC 1225; 8 USC 1226; 8 USC 1227; 8 USC 1228; 8 USC 1252 note; 8 USC 1252b; 8 USC 1254; 8 USC 1254a note; 8 USC 1255; 8 USC 1255 note; 8 USC 1259; 8 USC 1281; 8 USC 1282; 8 USC 1304; 1356; 8 USC 1443; 8 USC 1447; 8 USC 1448; 31 USC 9701; EO 12356; 47 FR 14874; 47 FR 15557; 3 CFR; 1982 Comp., 166; 8 CFR 2.'; authority_type='eo_compilation'; parse_status='partial'; eo_compilation_start='1982'; eo_compilation_page='166'; authority_source='additional-info:additional-legal-authority'	8 USC 1201; 8 USC 1221; 8 USC 1225; 8 USC 1226; 8 USC 1227; 8 USC 1228; 8 USC 1252 note; 8 USC 1252b; 8 USC 1254; 8 USC 1254a note; 8 USC 1255; 8 USC 1255 note; 8 USC 1259; 8 USC 1281; 8 USC 1282; 8 USC 1304; 1356; 8 USC 1443; 8 USC 1447; 8 USC 1448; 31 USC 9701; EO 12356; 47 FR 14874; 47 FR 15557; 3 CFR; 1982 Comp., 166; 8 CFR 2.
REMOVED	1115-AE47	199704	16	40	rin='1115-AE47'; publication_id='199704'; ordinal=16; authority_text='8 USC 1186b, 1187, 1201, 1203, 1221, 1222, 1223, 1224, 1225, 1226, 1227, 1251, 1252, 1252note, 1252a, 1252b, 1253, 1254, 1254a note, 1255, 1256, 1258, 1259, 1281, 1282, 1304, 1324a, 1330, 1356, 1357, 1362, 1429, 1440, 1443, 1447; 28 USC 509, 510, 1746; 31 USC 9701; 3 CFR, 1982 Comp., p. 166; 8 CFR part 2.'; authority_type='usc'; parse_status='partial'; usc_title=31; usc_section='1982'; usc_title_is_possible=True; usc_section_verdict='absent'; usc_section_magnitude_is_plausible=True; authority_in_own_cfr_note='absent'; cfr_note_part='8 CFR 1'; authority_source='additional-info:additional-legal-authority' -> (no row)	8 USC 1186b, 1187, 1201, 1203, 1221, 1222, 1223, 1224, 1225, 1226, 1227, 1251, 1252, 1252note, 1252a, 1252b, 1253, 1254, 1254a note, 1255, 1256, 1258, 1259, 1281, 1282, 1304, 1324a, 1330, 1356, 1357, 1362, 1429, 1440, 1443, 1447; 28 USC 509, 510, 1746; 31 USC 9701; 3 CFR, 1982 Comp., p. 166; 8 CFR part 2.
REMOVED	1115-AE47	199710	15	40	rin='1115-AE47'; publication_id='199710'; ordinal=15; authority_text='8 USC 1186b, 1187, 1201, 1203, 1221, 1222, 1223, 1224, 1225, 1226, 1227, 1251, 1252, 1252note, 1252a, 1252b, 1253, 1254, 1254a note, 1255, 1256, 1258, 1259, 1281, 1282, 1304, 1324a, 1330, 1356, 1357, 1362, 1429, 1440, 1443, 1447; 28 USC 509, 510, 1746; 31 USC 9701; 3 CFR, 1982 Comp., p. 166; 8 CFR part 2.'; authority_type='usc'; parse_status='partial'; usc_title=31; usc_section='1982'; usc_title_is_possible=True; usc_section_verdict='absent'; usc_section_magnitude_is_plausible=True; authority_in_own_cfr_note='absent'; cfr_note_part='8 CFR 1'; authority_source='additional-info:additional-legal-authority' -> (no row)	8 USC 1186b, 1187, 1201, 1203, 1221, 1222, 1223, 1224, 1225, 1226, 1227, 1251, 1252, 1252note, 1252a, 1252b, 1253, 1254, 1254a note, 1255, 1256, 1258, 1259, 1281, 1282, 1304, 1324a, 1330, 1356, 1357, 1362, 1429, 1440, 1443, 1447; 28 USC 509, 510, 1746; 31 USC 9701; 3 CFR, 1982 Comp., p. 166; 8 CFR part 2.
REMOVED	1115-AE47	199804	15	40	rin='1115-AE47'; publication_id='199804'; ordinal=15; authority_text='8 USC 1186b, 1187, 1201, 1203, 1221, 1222, 1223, 1224, 1225, 1226, 1227, 1251, 1252, 1252note, 1252a, 1252b, 1253, 1254, 1254a note, 1255, 1256, 1258, 1259, 1281, 1282, 1304, 1324a, 1330, 1356, 1357, 1362, 1429, 1440, 1443, 1447; 28 USC 509, 510, 1746; 31 USC 9701; 3 CFR, 1982 Comp., p. 166; 8 CFR part 2.'; authority_type='usc'; parse_status='partial'; usc_title=31; usc_section='1982'; usc_title_is_possible=True; usc_section_verdict='absent'; usc_section_magnitude_is_plausible=True; authority_in_own_cfr_note='absent'; cfr_note_part='8 CFR 1'; authority_source='additional-info:additional-legal-authority' -> (no row)	8 USC 1186b, 1187, 1201, 1203, 1221, 1222, 1223, 1224, 1225, 1226, 1227, 1251, 1252, 1252note, 1252a, 1252b, 1253, 1254, 1254a note, 1255, 1256, 1258, 1259, 1281, 1282, 1304, 1324a, 1330, 1356, 1357, 1362, 1429, 1440, 1443, 1447; 28 USC 509, 510, 1746; 31 USC 9701; 3 CFR, 1982 Comp., p. 166; 8 CFR part 2.
REMOVED	1115-AE47	199810	15	40	rin='1115-AE47'; publication_id='199810'; ordinal=15; authority_text='8 USC 1186b, 1187, 1201, 1203, 1221, 1222, 1223, 1224, 1225, 1226, 1227, 1251, 1252, 1252note, 1252a, 1252b, 1253, 1254, 1254a note, 1255, 1256, 1258, 1259, 1281, 1282, 1304, 1324a, 1330, 1356, 1357, 1362, 1429, 1440, 1443, 1447; 28 USC 509, 510, 1746; 31 USC 9701; 3 CFR, 1982 Comp., p. 166; 8 CFR part 2.'; authority_type='usc'; parse_status='partial'; usc_title=31; usc_section='1982'; usc_title_is_possible=True; usc_section_verdict='absent'; usc_section_magnitude_is_plausible=True; authority_in_own_cfr_note='absent'; cfr_note_part='8 CFR 1'; authority_source='additional-info:additional-legal-authority' -> (no row)	8 USC 1186b, 1187, 1201, 1203, 1221, 1222, 1223, 1224, 1225, 1226, 1227, 1251, 1252, 1252note, 1252a, 1252b, 1253, 1254, 1254a note, 1255, 1256, 1258, 1259, 1281, 1282, 1304, 1324a, 1330, 1356, 1357, 1362, 1429, 1440, 1443, 1447; 28 USC 509, 510, 1746; 31 USC 9701; 3 CFR, 1982 Comp., p. 166; 8 CFR part 2.
REMOVED	1115-AE47	199904	15	40	rin='1115-AE47'; publication_id='199904'; ordinal=15; authority_text='8 USC 1186b, 1187, 1201, 1203, 1221, 1222, 1223, 1224, 1225, 1226, 1227, 1251, 1252, 1252note, 1252a, 1252b, 1253, 1254, 1254a note, 1255, 1256, 1258, 1259, 1281, 1282, 1304, 1324a, 1330, 1356, 1357, 1362, 1429, 1440, 1443, 1447; 28 USC 509, 510, 1746; 31 USC 9701; 3 CFR, 1982 Comp., p. 166; 8 CFR part 2.'; authority_type='usc'; parse_status='partial'; usc_title=31; usc_section='1982'; usc_title_is_possible=True; usc_section_verdict='absent'; usc_section_magnitude_is_plausible=True; authority_in_own_cfr_note='absent'; cfr_note_part='8 CFR 1'; authority_source='additional-info:legal-authority-cont' -> (no row)	8 USC 1186b, 1187, 1201, 1203, 1221, 1222, 1223, 1224, 1225, 1226, 1227, 1251, 1252, 1252note, 1252a, 1252b, 1253, 1254, 1254a note, 1255, 1256, 1258, 1259, 1281, 1282, 1304, 1324a, 1330, 1356, 1357, 1362, 1429, 1440, 1443, 1447; 28 USC 509, 510, 1746; 31 USC 9701; 3 CFR, 1982 Comp., p. 166; 8 CFR part 2.
REMOVED	1115-AE47	199910	15	40	rin='1115-AE47'; publication_id='199910'; ordinal=15; authority_text='8 USC 1186b, 1187, 1201, 1203, 1221, 1222, 1223, 1224, 1225, 1226, 1227, 1251, 1252, 1252note, 1252a, 1252b, 1253, 1254, 1254a note, 1255, 1256, 1258, 1259, 1281, 1282, 1304, 1324a, 1330, 1356, 1357, 1362, 1429, 1440, 1443, 1447; 28 USC 509, 510, 1746; 31 USC 9701; 3 CFR, 1982 Comp., p. 166; 8 CFR part 2.'; authority_type='usc'; parse_status='partial'; usc_title=31; usc_section='1982'; usc_title_is_possible=True; usc_section_verdict='absent'; usc_section_magnitude_is_plausible=True; authority_in_own_cfr_note='absent'; cfr_note_part='8 CFR 1'; authority_source='additional-info:legal-authority-cont' -> (no row)	8 USC 1186b, 1187, 1201, 1203, 1221, 1222, 1223, 1224, 1225, 1226, 1227, 1251, 1252, 1252note, 1252a, 1252b, 1253, 1254, 1254a note, 1255, 1256, 1258, 1259, 1281, 1282, 1304, 1324a, 1330, 1356, 1357, 1362, 1429, 1440, 1443, 1447; 28 USC 509, 510, 1746; 31 USC 9701; 3 CFR, 1982 Comp., p. 166; 8 CFR part 2.
REMOVED	1115-AE47	200004	15	40	rin='1115-AE47'; publication_id='200004'; ordinal=15; authority_text='8 USC 1186b, 1187, 1201, 1203, 1221, 1222, 1223, 1224, 1225, 1226, 1227, 1251, 1252, 1252note, 1252a, 1252b, 1253, 1254, 1254a note, 1255, 1256, 1258, 1259, 1281, 1282, 1304, 1324a, 1330, 1356, 1357, 1362, 1429, 1440, 1443, 1447; 28 USC 509, 510, 1746; 31 USC 9701; 3 CFR, 1982 Comp., p. 166; 8 CFR part 2.'; authority_type='usc'; parse_status='partial'; usc_title=31; usc_section='1982'; usc_title_is_possible=True; usc_section_verdict='absent'; usc_section_magnitude_is_plausible=True; authority_in_own_cfr_note='absent'; cfr_note_part='8 CFR 1'; authority_source='additional-info:legal-authority-cont' -> (no row)	8 USC 1186b, 1187, 1201, 1203, 1221, 1222, 1223, 1224, 1225, 1226, 1227, 1251, 1252, 1252note, 1252a, 1252b, 1253, 1254, 1254a note, 1255, 1256, 1258, 1259, 1281, 1282, 1304, 1324a, 1330, 1356, 1357, 1362, 1429, 1440, 1443, 1447; 28 USC 509, 510, 1746; 31 USC 9701; 3 CFR, 1982 Comp., p. 166; 8 CFR part 2.
REMOVED	1115-AE47	200010	15	40	rin='1115-AE47'; publication_id='200010'; ordinal=15; authority_text='8 USC 1186b, 1187, 1201, 1203, 1221, 1222, 1223, 1224, 1225, 1226, 1227, 1251, 1252, 1252 note, 1252a, 1252b, 1253, 1254, 1254a note, 1255, 1256, 1258, 1259, 1281, 1282, 1304, 1324a, 1330, 1356, 1357, 1362, 1429, 1440, 1443, 1447; 28 USC 509, 510, 1746; 31 USC 9701; 3 CFR, 1982 Comp, p 166; 8 CFR part 2.'; authority_type='usc'; parse_status='partial'; usc_title=31; usc_section='1982'; usc_title_is_possible=True; usc_section_verdict='absent'; usc_section_magnitude_is_plausible=True; authority_in_own_cfr_note='absent'; cfr_note_part='8 CFR 1'; authority_source='additional-info:legal-authority-cont' -> (no row)	8 USC 1186b, 1187, 1201, 1203, 1221, 1222, 1223, 1224, 1225, 1226, 1227, 1251, 1252, 1252 note, 1252a, 1252b, 1253, 1254, 1254a note, 1255, 1256, 1258, 1259, 1281, 1282, 1304, 1324a, 1330, 1356, 1357, 1362, 1429, 1440, 1443, 1447; 28 USC 509, 510, 1746; 31 USC 9701; 3 CFR, 1982 Comp, p 166; 8 CFR part 2.
REMOVED	1115-AE47	200104	14	40	rin='1115-AE47'; publication_id='200104'; ordinal=14; authority_text='8 USC 1186b, 1187, 1201, 1203, 1221, 1222, 1223, 1224, 1225, 1226, 1227, 1251, 1252, 1252 note, 1252a, 1252b, 1253, 1254, 1254a note, 1255, 1256, 1258, 1259, 1281, 1282, 1304, 1324a, 1330, 1356, 1357, 1362, 1429, 1440, 1443, 1447; 28 USC 509, 510, 1746; 31 USC 9701; 3 CFR, 1982 Comp, p 166; 8 CFR part 2.'; authority_type='usc'; parse_status='partial'; usc_title=31; usc_section='1982'; usc_title_is_possible=True; usc_section_verdict='absent'; usc_section_magnitude_is_plausible=True; authority_in_own_cfr_note='absent'; cfr_note_part='8 CFR 1'; authority_source='additional-info:legal-authority-cont' -> (no row)	8 USC 1186b, 1187, 1201, 1203, 1221, 1222, 1223, 1224, 1225, 1226, 1227, 1251, 1252, 1252 note, 1252a, 1252b, 1253, 1254, 1254a note, 1255, 1256, 1258, 1259, 1281, 1282, 1304, 1324a, 1330, 1356, 1357, 1362, 1429, 1440, 1443, 1447; 28 USC 509, 510, 1746; 31 USC 9701; 3 CFR, 1982 Comp, p 166; 8 CFR part 2.
REMOVED	1115-AE47	200110	14	40	rin='1115-AE47'; publication_id='200110'; ordinal=14; authority_text='8 USC 1186b, 1187, 1201, 1203, 1221, 1222, 1223, 1224, 1225, 1226, 1227, 1251, 1252, 1252 note, 1252a, 1252b, 1253, 1254, 1254a note, 1255, 1256, 1258, 1259, 1281, 1282, 1304, 1324a, 1330, 1356, 1357, 1362, 1429, 1440, 1443, 1447; 28 USC 509, 510, 1746; 31 USC 9701; 3 CFR, 1982 Comp, p 166; 8 CFR part 2.'; authority_type='usc'; parse_status='partial'; usc_title=31; usc_section='1982'; usc_title_is_possible=True; usc_section_verdict='absent'; usc_section_magnitude_is_plausible=True; authority_in_own_cfr_note='absent'; cfr_note_part='8 CFR 1'; authority_source='additional-info:legal-authority-cont' -> (no row)	8 USC 1186b, 1187, 1201, 1203, 1221, 1222, 1223, 1224, 1225, 1226, 1227, 1251, 1252, 1252 note, 1252a, 1252b, 1253, 1254, 1254a note, 1255, 1256, 1258, 1259, 1281, 1282, 1304, 1324a, 1330, 1356, 1357, 1362, 1429, 1440, 1443, 1447; 28 USC 509, 510, 1746; 31 USC 9701; 3 CFR, 1982 Comp, p 166; 8 CFR part 2.
REMOVED	1115-AE47	200204	14	40	rin='1115-AE47'; publication_id='200204'; ordinal=14; authority_text='8 USC 1186b, 1187, 1201, 1203, 1221, 1222, 1223, 1224, 1225, 1226, 1227, 1251, 1252, 1252 note, 1252a, 1252b, 1253, 1254, 1254a note, 1255, 1256, 1258, 1259, 1281, 1282, 1304, 1324a, 1330, 1356, 1357, 1362, 1429, 1440, 1443, 1447; 28 USC 509, 510, 1746; 31 USC 9701; 3 CFR, 1982 Comp, p 166; 8 CFR part 2.'; authority_type='usc'; parse_status='partial'; usc_title=31; usc_section='1982'; usc_title_is_possible=True; usc_section_verdict='absent'; usc_section_magnitude_is_plausible=True; authority_in_own_cfr_note='absent'; cfr_note_part='8 CFR 1'; authority_source='additional-info:legal-authority-cont' -> (no row)	8 USC 1186b, 1187, 1201, 1203, 1221, 1222, 1223, 1224, 1225, 1226, 1227, 1251, 1252, 1252 note, 1252a, 1252b, 1253, 1254, 1254a note, 1255, 1256, 1258, 1259, 1281, 1282, 1304, 1324a, 1330, 1356, 1357, 1362, 1429, 1440, 1443, 1447; 28 USC 509, 510, 1746; 31 USC 9701; 3 CFR, 1982 Comp, p 166; 8 CFR part 2.
REMOVED	1115-AE47	200210	14	40	rin='1115-AE47'; publication_id='200210'; ordinal=14; authority_text='8 USC 1186b, 1187, 1201, 1203, 1221, 1222, 1223, 1224, 1225, 1226, 1227, 1251, 1252, 1252 note, 1252a, 1252b, 1253, 1254, 1254a note, 1255, 1256, 1258, 1259, 1281, 1282, 1304, 1324a, 1330, 1356, 1357, 1362, 1429, 1440, 1443, 1447; 28 USC 509, 510, 1746; 31 USC 9701; 3 CFR, 1982 Comp, p 166; 8 CFR part 2.'; authority_type='usc'; parse_status='partial'; usc_title=31; usc_section='1982'; usc_title_is_possible=True; usc_section_verdict='absent'; usc_section_magnitude_is_plausible=True; authority_in_own_cfr_note='absent'; cfr_note_part='8 CFR 1'; authority_source='additional-info:legal-authority-cont' -> (no row)	8 USC 1186b, 1187, 1201, 1203, 1221, 1222, 1223, 1224, 1225, 1226, 1227, 1251, 1252, 1252 note, 1252a, 1252b, 1253, 1254, 1254a note, 1255, 1256, 1258, 1259, 1281, 1282, 1304, 1324a, 1330, 1356, 1357, 1362, 1429, 1440, 1443, 1447; 28 USC 509, 510, 1746; 31 USC 9701; 3 CFR, 1982 Comp, p 166; 8 CFR part 2.
REMOVED	1115-AE47	200304	14	40	rin='1115-AE47'; publication_id='200304'; ordinal=14; authority_text='8 USC 1186b, 1187, 1201, 1203, 1221, 1222, 1223, 1224, 1225, 1226, 1227, 1251, 1252, 1252 note, 1252a, 1252b, 1253, 1254, 1254a note, 1255, 1256, 1258, 1259, 1281, 1282, 1304, 1324a, 1330, 1356, 1357, 1362, 1429, 1440, 1443, 1447; 28 USC 509, 510, 1746; 31 USC 9701; 3 CFR, 1982 Comp, p 166; 8 CFR part 2.'; authority_type='usc'; parse_status='partial'; usc_title=31; usc_section='1982'; usc_title_is_possible=True; usc_section_verdict='absent'; usc_section_magnitude_is_plausible=True; authority_in_own_cfr_note='absent'; cfr_note_part='8 CFR 1'; authority_source='additional-info:legal-authority-cont' -> (no row)	8 USC 1186b, 1187, 1201, 1203, 1221, 1222, 1223, 1224, 1225, 1226, 1227, 1251, 1252, 1252 note, 1252a, 1252b, 1253, 1254, 1254a note, 1255, 1256, 1258, 1259, 1281, 1282, 1304, 1324a, 1330, 1356, 1357, 1362, 1429, 1440, 1443, 1447; 28 USC 509, 510, 1746; 31 USC 9701; 3 CFR, 1982 Comp, p 166; 8 CFR part 2.
CHANGED	1120-AB75	202004	10	0	authority_in_own_cfr_note: 'present' -> 'absent'	28 U.S.C. 0.95 to 0.99
CHANGED	1120-AB75	202010	10	0	authority_in_own_cfr_note: 'present' -> 'absent'	28 U.S.C. 0.95 to 0.99
CHANGED	1120-AB75	202104	10	0	authority_in_own_cfr_note: 'present' -> 'absent'	28 U.S.C. 0.95 to 0.99
CHANGED	1120-AB75	202110	10	0	authority_in_own_cfr_note: 'present' -> 'absent'	28 U.S.C. 0.95 to 0.99
CHANGED	1120-AB75	202204	10	0	authority_in_own_cfr_note: 'present' -> 'absent'	28 U.S.C. 0.95 to 0.99
CHANGED	1120-AB75	202210	10	0	authority_in_own_cfr_note: 'present' -> 'absent'	28 U.S.C. 0.95 to 0.99
CHANGED	1120-AB75	202304	10	0	authority_in_own_cfr_note: 'present' -> 'absent'	28 U.S.C. 0.95 to 0.99
CHANGED	1120-AB75	202310	10	0	authority_in_own_cfr_note: 'present' -> 'absent'	28 U.S.C. 0.95 to 0.99
CHANGED	1120-AB75	202404	10	0	authority_in_own_cfr_note: 'present' -> 'absent'	28 U.S.C. 0.95 to 0.99
CHANGED	1120-AB75	202410	10	0	authority_in_own_cfr_note: 'present' -> 'absent'	28 U.S.C. 0.95 to 0.99
CHANGED	1120-AB75	202504	10	0	authority_in_own_cfr_note: 'present' -> 'absent'	28 U.S.C. 0.95 to 0.99
CHANGED	1125-AA72	201210	26	0	eo_compilation_page: None -> '1002'	3 CFR, 1949-1953 Comp., 1002
CHANGED	1125-AA72	201304	26	0	eo_compilation_page: None -> '1002'	3 CFR, 1949-1953 Comp, 1002
CHANGED	1125-AA72	201310	26	0	eo_compilation_page: None -> '1002'	3 CFR, 1949-1953 Comp, 1002
CHANGED	1125-AA72	201404	26	0	eo_compilation_page: None -> '1002'	3 CFR, 1949-1953 Comp, 1002
CHANGED	1125-AA72	201410	26	0	eo_compilation_page: None -> '1002'	3 CFR, 1949-1953 Comp, 1002
CHANGED	1125-AA72	201504	26	0	eo_compilation_page: None -> '1002'	3 CFR, 1949-1953 Comp, 1002
CHANGED	1125-AA72	201510	26	0	eo_compilation_page: None -> '1002'	3 CFR, 1949-1953 Comp, 1002
CHANGED	1125-AA72	201604	26	0	eo_compilation_page: None -> '1002'	3 CFR, 1949-1953 Comp, 1002
CHANGED	1125-AA72	201610	26	0	eo_compilation_page: None -> '1002'	3 CFR, 1949-1953 Comp, 1002
CHANGED	1125-AA72	201704	26	0	eo_compilation_page: None -> '1002'	3 CFR, 1949-1953 Comp, 1002
CHANGED	1505-AB71	200610	6	0	authority_in_own_cfr_note: 'near-miss' -> 'absent'	46 USC App. 3
CHANGED	1505-AB71	200704	6	0	authority_in_own_cfr_note: 'near-miss' -> 'absent'	46 USC App. 3
CHANGED	1505-AB71	200710	6	0	authority_in_own_cfr_note: 'near-miss' -> 'absent'	46 USC app 3
CHANGED	1505-AB71	200804	6	0	authority_in_own_cfr_note: 'near-miss' -> 'absent'	46 USC app 3
CHANGED	1505-AB71	200810	5	0	authority_in_own_cfr_note: 'near-miss' -> 'absent'	46 USC app 3
CHANGED	1515-AB19	199510	10	0	authority_in_own_cfr_note: 'near-miss' -> 'absent'	46 USC app 3
CHANGED	1515-AB19	199604	10	0	authority_in_own_cfr_note: 'near-miss' -> 'absent'	46 USC app 3
CHANGED	1515-AB19	199610	10	0	authority_in_own_cfr_note: 'near-miss' -> 'absent'	46 USC app 3
CHANGED	1515-AB19	199704	10	0	authority_in_own_cfr_note: 'near-miss' -> 'absent'	46 USC app 3
CHANGED	1515-AB19	199710	10	0	authority_in_own_cfr_note: 'near-miss' -> 'absent'	46 USC app 3
CHANGED	1515-AB19	199804	10	0	authority_in_own_cfr_note: 'near-miss' -> 'absent'	46 USC app 3
CHANGED	1515-AB19	199810	10	0	authority_in_own_cfr_note: 'near-miss' -> 'absent'	46 USC app 3
CHANGED	1515-AB19	199904	10	0	authority_in_own_cfr_note: 'near-miss' -> 'absent'	46 USC app 3
CHANGED	1515-AB19	199910	10	0	authority_in_own_cfr_note: 'near-miss' -> 'absent'	46 USC app 3
CHANGED	1515-AB19	200004	2	0	authority_in_own_cfr_note: 'near-miss' -> 'absent'	46 USC app 3
CHANGED	1515-AB37	199510	10	0	authority_in_own_cfr_note: 'near-miss' -> 'absent'	46 USC app 3
CHANGED	1515-AB37	199604	10	0	authority_in_own_cfr_note: 'near-miss' -> 'absent'	46 USC app 3
CHANGED	1515-AB46	199510	6	0	authority_in_own_cfr_note: 'near-miss' -> 'absent'	46 USC app 3
CHANGED	1515-AB81	199510	6	0	authority_in_own_cfr_note: 'near-miss' -> 'absent'	46 USC app 3
CHANGED	1515-AB81	199604	6	0	authority_in_own_cfr_note: 'near-miss' -> 'absent'	46 USC app 3
CHANGED	1515-AC27	199804	6	0	authority_in_own_cfr_note: 'near-miss' -> 'absent'	46 USC app.3
CHANGED	1515-AC29	199810	12	0	authority_in_own_cfr_note: 'near-miss' -> 'absent'	46 USC app 3
CHANGED	1515-AC29	199904	12	0	authority_in_own_cfr_note: 'near-miss' -> 'absent'	46 USC app 3
CHANGED	1515-AC29	199910	12	0	authority_in_own_cfr_note: 'near-miss' -> 'absent'	46 USC app 3
CHANGED	1515-AC29	200004	4	0	authority_in_own_cfr_note: 'near-miss' -> 'absent'	46 USC app 3
CHANGED	1515-AC30	199810	8	0	authority_in_own_cfr_note: 'near-miss' -> 'absent'	46 USC app 3
CHANGED	1515-AC30	199904	8	0	authority_in_own_cfr_note: 'near-miss' -> 'absent'	46 USC app 3
CHANGED	1515-AC30	199910	8	0	authority_in_own_cfr_note: 'near-miss' -> 'absent'	46 USC app 3
CHANGED	1515-AC30	200004	9	0	authority_in_own_cfr_note: 'near-miss' -> 'absent'	46 USC app 3
CHANGED	1515-AC30	200010	9	0	authority_in_own_cfr_note: 'near-miss' -> 'absent'	46 USC app 3
CHANGED	1515-AC30	200104	9	0	authority_in_own_cfr_note: 'near-miss' -> 'absent'	46 USC app 3
CHANGED	1515-AC35	199810	7	0	authority_in_own_cfr_note: 'near-miss' -> 'absent'	46 USC app 3
CHANGED	1515-AC35	199904	7	0	authority_in_own_cfr_note: 'near-miss' -> 'absent'	46 USC app 3
CHANGED	1515-AC35	199910	7	0	authority_in_own_cfr_note: 'near-miss' -> 'absent'	46 USC app 3
CHANGED	1515-AC35	200004	7	0	authority_in_own_cfr_note: 'near-miss' -> 'absent'	46 USC app 3
CHANGED	1515-AC35	200010	7	0	authority_in_own_cfr_note: 'near-miss' -> 'absent'	46 USC app 3
CHANGED	1515-AC42	199904	9	0	authority_in_own_cfr_note: 'near-miss' -> 'absent'	46 USC app 3
CHANGED	1515-AC42	199910	9	0	authority_in_own_cfr_note: 'near-miss' -> 'absent'	46 USC app 3
CHANGED	1515-AD11	200210	11	0	authority_in_own_cfr_note: 'near-miss' -> 'absent'	46 USC app 3
CHANGED	1515-AD26	200304	9	0	authority_in_own_cfr_note: 'near-miss' -> 'absent'	46 USC App.3
CHANGED	1545-BB15	200304	0	0	authority_in_own_cfr_note: 'present' -> 'near-miss'	26 USC 301
CHANGED	1545-BB15	200310	0	0	authority_in_own_cfr_note: 'present' -> 'near-miss'	26 USC 301
CHANGED	1545-BB15	200404	0	0	authority_in_own_cfr_note: 'present' -> 'near-miss'	26 USC 301
CHANGED	1545-BB15	200410	0	0	authority_in_own_cfr_note: 'present' -> 'near-miss'	26 USC 301
CHANGED	1545-BB15	200504	0	0	authority_in_own_cfr_note: 'present' -> 'near-miss'	26 USC 301
REMOVED	1625-AA94	200504	6	4	rin='1625-AA94'; publication_id='200504'; ordinal=6; authority_text='Sections 155.100 through 155.130, 150.350 through 155.400, 155.430, 155.440, 155.470, 155.1030(j) and (k); and 155.1065(g) are also issued under 33 U.S.C. 1903(b). Sections 155.480, 155.490, 155.750(e), and 155.775 are also issued under 46 U.S.C. 3703. 33 CFR 155.490 is also issued under the authority of 46 U.S.C. 4110(b).'; authority_type='usc'; parse_status='partial'; usc_title=33; usc_section='155'; usc_title_is_possible=True; usc_section_verdict='exists'; usc_section_attested_at_edition=True; usc_section_magnitude_is_plausible=True; stated_section='155.100'; authority_in_own_cfr_note='absent'; cfr_note_part='33 CFR 155'; authority_source='additional-info:additional-legal-authority' -> (no row)	Sections 155.100 through 155.130, 150.350 through 155.400, 155.430, 155.440, 155.470, 155.1030(j) and (k); and 155.1065(g) are also issued under 33 U.S.C. 1903(b). Sections 155.480, 155.490, 155.750(e), and 155.775 are also issued under 46 U.S.C. 3703. 33 CFR 155.490 is also issued under the authority of 46 U.S.C. 4110(b).
REMOVED	1625-AA94	200510	6	4	rin='1625-AA94'; publication_id='200510'; ordinal=6; authority_text='Sections 155.100 through 155.130, 150.350 through 155.400, 155.430, 155.440, 155.470, 155.1030(j) and (k); and 155.1065(g) are also issued under 33 U.S.C. 1903(b). Sections 155.480, 155.490, 155.750(e), and 155.775 are also issued under 46 U.S.C. 3703. 33 CFR 155.490 is also issued under the authority of 46 U.S.C. 4110(b).'; authority_type='usc'; parse_status='partial'; usc_title=33; usc_section='155'; usc_title_is_possible=True; usc_section_verdict='exists'; usc_section_attested_at_edition=True; usc_section_magnitude_is_plausible=True; stated_section='155.100'; authority_in_own_cfr_note='absent'; cfr_note_part='33 CFR 155'; authority_source='additional-info:additional-legal-authority' -> (no row)	Sections 155.100 through 155.130, 150.350 through 155.400, 155.430, 155.440, 155.470, 155.1030(j) and (k); and 155.1065(g) are also issued under 33 U.S.C. 1903(b). Sections 155.480, 155.490, 155.750(e), and 155.775 are also issued under 46 U.S.C. 3703. 33 CFR 155.490 is also issued under the authority of 46 U.S.C. 4110(b).
CHANGED	1651-AA45	200310	9	0	authority_in_own_cfr_note: 'near-miss' -> 'absent'	46 USC app 3
CHANGED	1651-AA45	200404	9	0	authority_in_own_cfr_note: 'near-miss' -> 'absent'	46 USC app 3
CHANGED	1651-AA45	200410	9	0	authority_in_own_cfr_note: 'near-miss' -> 'absent'	46 USC app 3
CHANGED	1651-AA45	200504	9	0	authority_in_own_cfr_note: 'near-miss' -> 'absent'	46 USC app 3
CHANGED	1651-AA45	200510	9	0	authority_in_own_cfr_note: 'near-miss' -> 'absent'	46 USC app 3
CHANGED	1651-AA45	200604	9	0	authority_in_own_cfr_note: 'near-miss' -> 'absent'	46 USC app 3
CHANGED	1651-AA45	200610	9	0	authority_in_own_cfr_note: 'near-miss' -> 'absent'	46 USC app 3
CHANGED	1651-AA45	200704	8	0	authority_in_own_cfr_note: 'near-miss' -> 'absent'	46 USC app 3
CHANGED	1651-AA45	200710	8	0	authority_in_own_cfr_note: 'near-miss' -> 'absent'	46 USC app 3
CHANGED	1651-AA45	200804	8	0	authority_in_own_cfr_note: 'near-miss' -> 'absent'	46 USC app 3
CHANGED	1651-AA45	200810	8	0	authority_in_own_cfr_note: 'near-miss' -> 'absent'	46 USC app 3
CHANGED	1651-AA45	200904	8	0	authority_in_own_cfr_note: 'near-miss' -> 'absent'	46 USC app 3
CHANGED	1651-AA45	200910	8	0	authority_in_own_cfr_note: 'near-miss' -> 'absent'	46 USC app 3
CHANGED	1651-AA45	201004	8	0	authority_in_own_cfr_note: 'near-miss' -> 'absent'	46 USC app 3
CHANGED	1651-AA45	201010	8	0	authority_in_own_cfr_note: 'near-miss' -> 'absent'	46 USC app 3
CHANGED	1651-AA45	201104	8	0	authority_in_own_cfr_note: 'near-miss' -> 'absent'	46 USC app 3
CHANGED	1651-AA49	200310	6	0	authority_in_own_cfr_note: 'near-miss' -> 'absent'	46 USC app 3
CHANGED	1651-AA49	200404	6	0	authority_in_own_cfr_note: 'near-miss' -> 'absent'	46 USC app 3
CHANGED	1651-AA62	200504	16	0	authority_in_own_cfr_note: 'near-miss' -> 'absent'	46 USC app 3
CHANGED	1651-AA62	200510	16	0	authority_in_own_cfr_note: 'near-miss' -> 'absent'	46 USC app 3
CHANGED	1651-AA62	200604	16	0	authority_in_own_cfr_note: 'near-miss' -> 'absent'	46 USC app 3
CHANGED	1651-AA62	200610	16	0	authority_in_own_cfr_note: 'near-miss' -> 'absent'	46 USC app 3
CHANGED	1651-AA62	200704	13	0	authority_in_own_cfr_note: 'near-miss' -> 'absent'	46 USC app 3
CHANGED	1651-AA62	200710	13	0	authority_in_own_cfr_note: 'near-miss' -> 'absent'	46 USC app 3
CHANGED	2105-AE50	201610	0	1	eo_compilation_page: None -> '973'	E.O. 10450, 18 FR 2489, 3 CFR, 1949-1953, Comp., 973
CHANGED	2125-AF66	201504	4	0	authority_in_own_cfr_note: 'near-miss' -> 'absent'; cfr_note_part: '49 CFR 613' -> '23 CFR 450'	49 U.S.C. 217(a), 1.51(F), 1.81, 1.85 and 1.90
REMOVED	2125-AF66	201504	4	1	rin='2125-AF66'; publication_id='201504'; ordinal=4; authority_text='49 U.S.C. 217(a), 1.51(F), 1.81, 1.85 and 1.90'; authority_type='usc'; parse_status='partial'; usc_title=49; usc_section='1'; usc_title_is_possible=True; usc_section_verdict='unknown'; usc_section_verdict_reason='title_49_appendix_not_published'; usc_disposition_verdict='exists-as-recodified'; usc_disposition_successors=('49:10501', '49:10102', '49:10701', '49:10702', '49:10703', '49:11101', '49:10709', '49:10749', '49:10750', '49:10721', '49:10722', '49:10723', '49:10724', '49:11905', '49:10746', '49:11104', '49:11121', '49:11902', '49:11126', '49:11122', '49:11105', '49:11123', '49:11128', '49:11127', '49:11124', '49:11125', '49:11901', '49:11907', '49:10901', '49:10902', '49:10907', '49:11703', '49:11702', '49:11505', '49:10711', '49:353'); usc_disposition_table='title-49-1994'; usc_section_magnitude_is_plausible=True; authority_in_own_cfr_note='present'; cfr_note_part='23 CFR 450'; authority_source='box' -> (no row)	49 U.S.C. 217(a), 1.51(F), 1.81, 1.85 and 1.90
CHANGED	2127-AM16	201904	0	0	authority_in_own_cfr_note: 'present' -> 'absent'	delegation of authority at 49 U.S.C. 1.95
CHANGED	2127-AM16	201910	0	0	authority_in_own_cfr_note: 'present' -> 'absent'	delegation of authority at 49 U.S.C. 1.95
CHANGED	2127-AM16	202004	0	0	authority_in_own_cfr_note: 'present' -> 'absent'	delegation of authority at 49 U.S.C. 1.95
CHANGED	2127-AM16	202010	0	0	authority_in_own_cfr_note: 'present' -> 'absent'	delegation of authority at 49 USC 1.95
CHANGED	2127-AM16	202104	0	0	authority_in_own_cfr_note: 'present' -> 'absent'	delegation of authority at 49 USC 1.95
CHANGED	2132-AB21	201504	2	0	authority_in_own_cfr_note: 'near-miss' -> 'absent'; cfr_note_part: '49 CFR 613' -> '23 CFR 450'	49 U.S.C. 217(a), 1.51(F), 1.81, 1.85 and 1.90
REMOVED	2132-AB21	201504	2	1	rin='2132-AB21'; publication_id='201504'; ordinal=2; authority_text='49 U.S.C. 217(a), 1.51(F), 1.81, 1.85 and 1.90'; authority_type='usc'; parse_status='partial'; usc_title=49; usc_section='1'; usc_title_is_possible=True; usc_section_verdict='unknown'; usc_section_verdict_reason='title_49_appendix_not_published'; usc_disposition_verdict='exists-as-recodified'; usc_disposition_successors=('49:10501', '49:10102', '49:10701', '49:10702', '49:10703', '49:11101', '49:10709', '49:10749', '49:10750', '49:10721', '49:10722', '49:10723', '49:10724', '49:11905', '49:10746', '49:11104', '49:11121', '49:11902', '49:11126', '49:11122', '49:11105', '49:11123', '49:11128', '49:11127', '49:11124', '49:11125', '49:11901', '49:11907', '49:10901', '49:10902', '49:10907', '49:11703', '49:11702', '49:11505', '49:10711', '49:353'); usc_disposition_table='title-49-1994'; usc_section_magnitude_is_plausible=True; authority_in_own_cfr_note='present'; cfr_note_part='23 CFR 450'; authority_source='box' -> (no row)	49 U.S.C. 217(a), 1.51(F), 1.81, 1.85 and 1.90
CHANGED	2132-AB21	201510	2	0	authority_in_own_cfr_note: 'near-miss' -> 'absent'; cfr_note_part: '49 CFR 613' -> '23 CFR 450'	49 U.S.C. 217(a), 1.51(F), 1.81, 1.85 and 1.90
REMOVED	2132-AB21	201510	2	1	rin='2132-AB21'; publication_id='201510'; ordinal=2; authority_text='49 U.S.C. 217(a), 1.51(F), 1.81, 1.85 and 1.90'; authority_type='usc'; parse_status='partial'; usc_title=49; usc_section='1'; usc_title_is_possible=True; usc_section_verdict='unknown'; usc_section_verdict_reason='title_49_appendix_not_published'; usc_disposition_verdict='exists-as-recodified'; usc_disposition_successors=('49:10501', '49:10102', '49:10701', '49:10702', '49:10703', '49:11101', '49:10709', '49:10749', '49:10750', '49:10721', '49:10722', '49:10723', '49:10724', '49:11905', '49:10746', '49:11104', '49:11121', '49:11902', '49:11126', '49:11122', '49:11105', '49:11123', '49:11128', '49:11127', '49:11124', '49:11125', '49:11901', '49:11907', '49:10901', '49:10902', '49:10907', '49:11703', '49:11702', '49:11505', '49:10711', '49:353'); usc_disposition_table='title-49-1994'; usc_section_magnitude_is_plausible=True; authority_in_own_cfr_note='present'; cfr_note_part='23 CFR 450'; authority_source='box' -> (no row)	49 U.S.C. 217(a), 1.51(F), 1.81, 1.85 and 1.90
CHANGED	2132-AB21	201604	2	0	authority_in_own_cfr_note: 'near-miss' -> 'absent'; cfr_note_part: '49 CFR 613' -> '23 CFR 450'	49 U.S.C. 217(a), 1.51(F), 1.81, 1.85 and 1.90
REMOVED	2132-AB21	201604	2	1	rin='2132-AB21'; publication_id='201604'; ordinal=2; authority_text='49 U.S.C. 217(a), 1.51(F), 1.81, 1.85 and 1.90'; authority_type='usc'; parse_status='partial'; usc_title=49; usc_section='1'; usc_title_is_possible=True; usc_section_verdict='unknown'; usc_section_verdict_reason='title_49_appendix_not_published'; usc_disposition_verdict='exists-as-recodified'; usc_disposition_successors=('49:10501', '49:10102', '49:10701', '49:10702', '49:10703', '49:11101', '49:10709', '49:10749', '49:10750', '49:10721', '49:10722', '49:10723', '49:10724', '49:11905', '49:10746', '49:11104', '49:11121', '49:11902', '49:11126', '49:11122', '49:11105', '49:11123', '49:11128', '49:11127', '49:11124', '49:11125', '49:11901', '49:11907', '49:10901', '49:10902', '49:10907', '49:11703', '49:11702', '49:11505', '49:10711', '49:353'); usc_disposition_table='title-49-1994'; usc_section_magnitude_is_plausible=True; authority_in_own_cfr_note='present'; cfr_note_part='23 CFR 450'; authority_source='box' -> (no row)	49 U.S.C. 217(a), 1.51(F), 1.81, 1.85 and 1.90
CHANGED	2132-AB21	201610	2	0	authority_in_own_cfr_note: 'near-miss' -> 'absent'; cfr_note_part: '49 CFR 613' -> '23 CFR 450'	49 U.S.C. 217(a), 1.51(F), 1.81, 1.85 and 1.90
REMOVED	2132-AB21	201610	2	1	rin='2132-AB21'; publication_id='201610'; ordinal=2; authority_text='49 U.S.C. 217(a), 1.51(F), 1.81, 1.85 and 1.90'; authority_type='usc'; parse_status='partial'; usc_title=49; usc_section='1'; usc_title_is_possible=True; usc_section_verdict='unknown'; usc_section_verdict_reason='title_49_appendix_not_published'; usc_disposition_verdict='exists-as-recodified'; usc_disposition_successors=('49:10501', '49:10102', '49:10701', '49:10702', '49:10703', '49:11101', '49:10709', '49:10749', '49:10750', '49:10721', '49:10722', '49:10723', '49:10724', '49:11905', '49:10746', '49:11104', '49:11121', '49:11902', '49:11126', '49:11122', '49:11105', '49:11123', '49:11128', '49:11127', '49:11124', '49:11125', '49:11901', '49:11907', '49:10901', '49:10902', '49:10907', '49:11703', '49:11702', '49:11505', '49:10711', '49:353'); usc_disposition_table='title-49-1994'; usc_section_magnitude_is_plausible=True; authority_in_own_cfr_note='present'; cfr_note_part='23 CFR 450'; authority_source='box' -> (no row)	49 U.S.C. 217(a), 1.51(F), 1.81, 1.85 and 1.90
CHANGED	2501-AD98	202104	20	0	authority_in_own_cfr_note: 'near-miss' -> 'absent'	34 U.S.C. 20110
CHANGED	2501-AD98	202110	20	0	authority_in_own_cfr_note: 'near-miss' -> 'absent'	34 U.S.C. 20110
CHANGED	2501-AD98	202204	20	0	authority_in_own_cfr_note: 'near-miss' -> 'absent'	34 U.S.C. 20110
CHANGED	2501-AD98	202210	20	0	authority_in_own_cfr_note: 'near-miss' -> 'absent'	34 U.S.C. 20110
CHANGED	2501-AD98	202304	20	0	authority_in_own_cfr_note: 'near-miss' -> 'absent'	34 U.S.C. 20110
CHANGED	2501-AD98	202310	20	0	authority_in_own_cfr_note: 'near-miss' -> 'absent'	34 U.S.C. 20110
CHANGED	2501-AD98	202404	20	0	authority_in_own_cfr_note: 'near-miss' -> 'absent'	34 U.S.C. 20110
CHANGED	3060-AH19	199904	8	0	authority_in_own_cfr_note: 'near-miss' -> 'absent'; cfr_note_part: '47 CFR 80' -> '47 CFR 0'	47 USC 4(i)
CHANGED	3060-AH19	199904	9	0	authority_in_own_cfr_note: 'near-miss' -> 'absent'; cfr_note_part: '47 CFR 80' -> '47 CFR 0'	47 USC 4(j)
CHANGED	3060-AH19	199910	8	0	authority_in_own_cfr_note: 'near-miss' -> 'absent'; cfr_note_part: '47 CFR 80' -> '47 CFR 0'	47 USC 4(i)
CHANGED	3060-AH19	199910	9	0	authority_in_own_cfr_note: 'near-miss' -> 'absent'; cfr_note_part: '47 CFR 80' -> '47 CFR 0'	47 USC 4(j)
CHANGED	3060-AH19	200004	1	0	authority_in_own_cfr_note: 'near-miss' -> 'absent'; cfr_note_part: '47 CFR 80' -> '47 CFR 0'	47 USC 4(j)
CHANGED	3060-AH19	200004	11	0	authority_in_own_cfr_note: 'near-miss' -> 'absent'; cfr_note_part: '47 CFR 80' -> '47 CFR 0'	47 USC 4(i)
CHANGED	3060-AH19	200010	0	0	authority_in_own_cfr_note: 'near-miss' -> 'absent'; cfr_note_part: '47 CFR 80' -> '47 CFR 1'	47 USC 4(i)
CHANGED	3060-AH19	200010	1	0	authority_in_own_cfr_note: 'near-miss' -> 'absent'; cfr_note_part: '47 CFR 80' -> '47 CFR 1'	47 USC 4(j)
REMOVED	3060-AL17	202104	0	4	rin='3060-AL17'; publication_id='202104'; ordinal=0; authority_text='47 U.S.C. 154(i), 201, 302a, 303, and Sections 1.407 and 1.411'; authority_type='usc'; parse_status='partial'; usc_title=47; usc_section='1'; usc_title_is_possible=True; usc_section_verdict='exists'; usc_section_attested_at_edition=True; usc_section_magnitude_is_plausible=True; stated_section='1.407'; authority_in_own_cfr_note='absent'; cfr_note_part='47 CFR 2'; authority_source='box' -> (no row)	47 U.S.C. 154(i), 201, 302a, 303, and Sections 1.407 and 1.411
REMOVED	3060-AL27	202110	0	4	rin='3060-AL27'; publication_id='202110'; ordinal=0; authority_text='47 U.S.C. secs. 154(i), 201, 302a, 303, and secs. 1.407 and 1.411'; authority_type='usc'; parse_status='partial'; usc_title=47; usc_section='1'; usc_title_is_possible=True; usc_section_verdict='exists'; usc_section_attested_at_edition=True; usc_section_magnitude_is_plausible=True; stated_section='154(i)'; authority_in_own_cfr_note='absent'; cfr_note_part='47 CFR 15'; authority_source='box' -> (no row)	47 U.S.C. secs. 154(i), 201, 302a, 303, and secs. 1.407 and 1.411
REMOVED	3060-AL27	202204	0	4	rin='3060-AL27'; publication_id='202204'; ordinal=0; authority_text='47 U.S.C. secs. 154(i), 201, 302a, 303, and secs. 1.407 and 1.411'; authority_type='usc'; parse_status='partial'; usc_title=47; usc_section='1'; usc_title_is_possible=True; usc_section_verdict='exists'; usc_section_attested_at_edition=True; usc_section_magnitude_is_plausible=True; stated_section='154(i)'; authority_in_own_cfr_note='absent'; cfr_note_part='47 CFR 15'; authority_source='box' -> (no row)	47 U.S.C. secs. 154(i), 201, 302a, 303, and secs. 1.407 and 1.411
REMOVED	3060-AL27	202210	0	4	rin='3060-AL27'; publication_id='202210'; ordinal=0; authority_text='47 U.S.C. secs. 154(i), 201, 302a, 303, and secs. 1.407 and 1.411'; authority_type='usc'; parse_status='partial'; usc_title=47; usc_section='1'; usc_title_is_possible=True; usc_section_verdict='exists'; usc_section_attested_at_edition=True; usc_section_magnitude_is_plausible=True; stated_section='154(i)'; authority_in_own_cfr_note='absent'; cfr_note_part='47 CFR 15'; authority_source='box' -> (no row)	47 U.S.C. secs. 154(i), 201, 302a, 303, and secs. 1.407 and 1.411
REMOVED	3060-AL27	202304	0	4	rin='3060-AL27'; publication_id='202304'; ordinal=0; authority_text='47 U.S.C. secs. 154(i), 201, 302a, 303, and secs. 1.407 and 1.411'; authority_type='usc'; parse_status='partial'; usc_title=47; usc_section='1'; usc_title_is_possible=True; usc_section_verdict='exists'; usc_section_attested_at_edition=True; usc_section_magnitude_is_plausible=True; stated_section='154(i)'; authority_in_own_cfr_note='absent'; cfr_note_part='47 CFR 15'; authority_source='box' -> (no row)	47 U.S.C. secs. 154(i), 201, 302a, 303, and secs. 1.407 and 1.411
REMOVED	3060-AL27	202310	0	4	rin='3060-AL27'; publication_id='202310'; ordinal=0; authority_text='47 U.S.C. secs. 154(i), 201, 302a, 303, and secs. 1.407 and 1.411'; authority_type='usc'; parse_status='partial'; usc_title=47; usc_section='1'; usc_title_is_possible=True; usc_section_verdict='exists'; usc_section_attested_at_edition=True; usc_section_magnitude_is_plausible=True; stated_section='154(i)'; authority_in_own_cfr_note='absent'; cfr_note_part='47 CFR 15'; authority_source='box' -> (no row)	47 U.S.C. secs. 154(i), 201, 302a, 303, and secs. 1.407 and 1.411
REMOVED	3060-AL27	202404	0	4	rin='3060-AL27'; publication_id='202404'; ordinal=0; authority_text='47 U.S.C. secs. 154(i), 201, 302a, 303, and secs. 1.407 and 1.411'; authority_type='usc'; parse_status='partial'; usc_title=47; usc_section='1'; usc_title_is_possible=True; usc_section_verdict='exists'; usc_section_attested_at_edition=True; usc_section_magnitude_is_plausible=True; stated_section='154(i)'; authority_in_own_cfr_note='absent'; cfr_note_part='47 CFR 15'; authority_source='box' -> (no row)	47 U.S.C. secs. 154(i), 201, 302a, 303, and secs. 1.407 and 1.411
REMOVED	3060-AL27	202410	0	4	rin='3060-AL27'; publication_id='202410'; ordinal=0; authority_text='47 U.S.C. secs. 154(i), 201, 302a, 303, and secs. 1.407 and 1.411'; authority_type='usc'; parse_status='partial'; usc_title=47; usc_section='1'; usc_title_is_possible=True; usc_section_verdict='exists'; usc_section_attested_at_edition=True; usc_section_magnitude_is_plausible=True; stated_section='154(i)'; authority_in_own_cfr_note='absent'; cfr_note_part='47 CFR 15'; authority_source='box' -> (no row)	47 U.S.C. secs. 154(i), 201, 302a, 303, and secs. 1.407 and 1.411
REMOVED	3060-AL36	202204	0	4	rin='3060-AL36'; publication_id='202204'; ordinal=0; authority_text='47 U.S.C. 154(i), 201, 302a, 303, and secs. 1.407 and 1.411'; authority_type='usc'; parse_status='partial'; usc_title=47; usc_section='1'; usc_title_is_possible=True; usc_section_verdict='exists'; usc_section_attested_at_edition=True; usc_section_magnitude_is_plausible=True; stated_section='1.407'; authority_source='box' -> (no row)	47 U.S.C. 154(i), 201, 302a, 303, and secs. 1.407 and 1.411
REMOVED	3060-AL36	202210	0	4	rin='3060-AL36'; publication_id='202210'; ordinal=0; authority_text='47 U.S.C. 154(i), 201, 302a, 303, and secs. 1.407 and 1.411'; authority_type='usc'; parse_status='partial'; usc_title=47; usc_section='1'; usc_title_is_possible=True; usc_section_verdict='exists'; usc_section_attested_at_edition=True; usc_section_magnitude_is_plausible=True; stated_section='1.407'; authority_source='box' -> (no row)	47 U.S.C. 154(i), 201, 302a, 303, and secs. 1.407 and 1.411
REMOVED	3060-AL36	202304	0	4	rin='3060-AL36'; publication_id='202304'; ordinal=0; authority_text='47 U.S.C. 154(i), 201, 302a, 303, and secs. 1.407 and 1.411'; authority_type='usc'; parse_status='partial'; usc_title=47; usc_section='1'; usc_title_is_possible=True; usc_section_verdict='exists'; usc_section_attested_at_edition=True; usc_section_magnitude_is_plausible=True; stated_section='1.407'; authority_source='box' -> (no row)	47 U.S.C. 154(i), 201, 302a, 303, and secs. 1.407 and 1.411
REMOVED	3060-AL36	202310	0	4	rin='3060-AL36'; publication_id='202310'; ordinal=0; authority_text='47 U.S.C. 154(i), 201, 302a, 303, and secs. 1.407 and 1.411'; authority_type='usc'; parse_status='partial'; usc_title=47; usc_section='1'; usc_title_is_possible=True; usc_section_verdict='exists'; usc_section_attested_at_edition=True; usc_section_magnitude_is_plausible=True; stated_section='1.407'; authority_in_own_cfr_note='absent'; cfr_note_part='47 CFR 15'; authority_source='box' -> (no row)	47 U.S.C. 154(i), 201, 302a, 303, and secs. 1.407 and 1.411
REMOVED	3060-AL36	202404	0	4	rin='3060-AL36'; publication_id='202404'; ordinal=0; authority_text='47 U.S.C. 154(i), 201, 302a, 303, and secs. 1.407 and 1.411'; authority_type='usc'; parse_status='partial'; usc_title=47; usc_section='1'; usc_title_is_possible=True; usc_section_verdict='exists'; usc_section_attested_at_edition=True; usc_section_magnitude_is_plausible=True; stated_section='1.407'; authority_in_own_cfr_note='absent'; cfr_note_part='47 CFR 15'; authority_source='box' -> (no row)	47 U.S.C. 154(i), 201, 302a, 303, and secs. 1.407 and 1.411
REMOVED	3060-AL36	202410	0	4	rin='3060-AL36'; publication_id='202410'; ordinal=0; authority_text='47 U.S.C. 154(i), 201, 302a, 303, and secs. 1.407 and 1.411'; authority_type='usc'; parse_status='partial'; usc_title=47; usc_section='1'; usc_title_is_possible=True; usc_section_verdict='exists'; usc_section_attested_at_edition=True; usc_section_magnitude_is_plausible=True; stated_section='1.407'; authority_in_own_cfr_note='absent'; cfr_note_part='47 CFR 15'; authority_source='box' -> (no row)	47 U.S.C. 154(i), 201, 302a, 303, and secs. 1.407 and 1.411
REMOVED	3060-AL39	202204	0	4	rin='3060-AL39'; publication_id='202204'; ordinal=0; authority_text='47 U.S.C. 154(i), 301, 302a, 303, and sections 1.407 and 1.411'; authority_type='usc'; parse_status='partial'; usc_title=47; usc_section='1'; usc_title_is_possible=True; usc_section_verdict='exists'; usc_section_attested_at_edition=True; usc_section_magnitude_is_plausible=True; stated_section='1.407'; authority_source='box' -> (no row)	47 U.S.C. 154(i), 301, 302a, 303, and sections 1.407 and 1.411
REMOVED	3060-AL39	202210	0	4	rin='3060-AL39'; publication_id='202210'; ordinal=0; authority_text='47 U.S.C. 154(i), 301, 302a, 303, and secs. 1.407 and 1.411'; authority_type='usc'; parse_status='partial'; usc_title=47; usc_section='1'; usc_title_is_possible=True; usc_section_verdict='exists'; usc_section_attested_at_edition=True; usc_section_magnitude_is_plausible=True; stated_section='1.407'; authority_source='box' -> (no row)	47 U.S.C. 154(i), 301, 302a, 303, and secs. 1.407 and 1.411
REMOVED	3060-AL39	202304	0	4	rin='3060-AL39'; publication_id='202304'; ordinal=0; authority_text='47 U.S.C. 154(i), 301, 302a, 303, and secs. 1.407 and 1.411'; authority_type='usc'; parse_status='partial'; usc_title=47; usc_section='1'; usc_title_is_possible=True; usc_section_verdict='exists'; usc_section_attested_at_edition=True; usc_section_magnitude_is_plausible=True; stated_section='1.407'; authority_source='box' -> (no row)	47 U.S.C. 154(i), 301, 302a, 303, and secs. 1.407 and 1.411
REMOVED	3060-AL39	202310	0	4	rin='3060-AL39'; publication_id='202310'; ordinal=0; authority_text='47 U.S.C. 154(i), 301, 302a, 303, and secs. 1.407 and 1.411'; authority_type='usc'; parse_status='partial'; usc_title=47; usc_section='1'; usc_title_is_possible=True; usc_section_verdict='exists'; usc_section_attested_at_edition=True; usc_section_magnitude_is_plausible=True; stated_section='1.407'; authority_in_own_cfr_note='absent'; cfr_note_part='47 CFR 2'; authority_source='box' -> (no row)	47 U.S.C. 154(i), 301, 302a, 303, and secs. 1.407 and 1.411
REMOVED	3060-AL39	202404	0	4	rin='3060-AL39'; publication_id='202404'; ordinal=0; authority_text='47 U.S.C. 154(i), 301, 302a, 303, and secs. 1.407 and 1.411'; authority_type='usc'; parse_status='partial'; usc_title=47; usc_section='1'; usc_title_is_possible=True; usc_section_verdict='exists'; usc_section_attested_at_edition=True; usc_section_magnitude_is_plausible=True; stated_section='1.407'; authority_in_own_cfr_note='absent'; cfr_note_part='47 CFR 2'; authority_source='box' -> (no row)	47 U.S.C. 154(i), 301, 302a, 303, and secs. 1.407 and 1.411
REMOVED	3060-AL39	202410	0	4	rin='3060-AL39'; publication_id='202410'; ordinal=0; authority_text='47 U.S.C. 154(i), 301, 302a, 303, and secs. 1.407 and 1.411'; authority_type='usc'; parse_status='partial'; usc_title=47; usc_section='1'; usc_title_is_possible=True; usc_section_verdict='exists'; usc_section_attested_at_edition=True; usc_section_magnitude_is_plausible=True; stated_section='1.407'; authority_in_own_cfr_note='absent'; cfr_note_part='47 CFR 2'; authority_source='box' -> (no row)	47 U.S.C. 154(i), 301, 302a, 303, and secs. 1.407 and 1.411
REMOVED	3060-AL45	202204	0	4	rin='3060-AL45'; publication_id='202204'; ordinal=0; authority_text='47 U.S.C. 154(i), 201, 302a, 303, and secs. 1.407 and 1.411'; authority_type='usc'; parse_status='partial'; usc_title=47; usc_section='1'; usc_title_is_possible=True; usc_section_verdict='exists'; usc_section_attested_at_edition=True; usc_section_magnitude_is_plausible=True; stated_section='1.407'; authority_source='box' -> (no row)	47 U.S.C. 154(i), 201, 302a, 303, and secs. 1.407 and 1.411
REMOVED	3060-AL45	202210	0	4	rin='3060-AL45'; publication_id='202210'; ordinal=0; authority_text='47 U.S.C. 154(i), 201, 302a, 303, and secs. 1.407 and 1.411'; authority_type='usc'; parse_status='partial'; usc_title=47; usc_section='1'; usc_title_is_possible=True; usc_section_verdict='exists'; usc_section_attested_at_edition=True; usc_section_magnitude_is_plausible=True; stated_section='1.407'; authority_source='box' -> (no row)	47 U.S.C. 154(i), 201, 302a, 303, and secs. 1.407 and 1.411
CHANGED	3090-AJ17	201104	4	0	eo_compilation_page: None -> '586'	3 CFR 1971-1975 Comp., 586
CHANGED	3090-AJ17	201110	4	0	eo_compilation_page: None -> '586'	3 CFR 1971 to 1975 Comp, 586
CHANGED	3206-AI02	199804	1	0	cfr_note_part: '5 CFR 831' -> '5 CFR 837'	5 USC 8361(g)
CHANGED	3206-AI02	199810	1	0	cfr_note_part: '5 CFR 831' -> '5 CFR 837'	5 USC 8361(g)
CHANGED	3206-AI02	199904	1	0	cfr_note_part: '5 CFR 831' -> '5 CFR 837'	5 USC 8361(g)
CHANGED	3206-AI02	199910	1	0	cfr_note_part: '5 CFR 831' -> '5 CFR 837'	5 USC 8361(g)
CHANGED	3206-AI02	200004	1	0	cfr_note_part: '5 CFR 831' -> '5 CFR 837'	5 USC 8361(g)
CHANGED	3206-AI02	200010	1	0	cfr_note_part: '5 CFR 831' -> '5 CFR 837'	5 USC 8361(g)
CHANGED	3206-AI02	200104	1	0	cfr_note_part: '5 CFR 831' -> '5 CFR 837'	5 USC 8361(g)
CHANGED	3206-AI02	200110	1	0	cfr_note_part: '5 CFR 831' -> '5 CFR 837'	5 USC 8361(g)
CHANGED	3206-AI02	200204	1	0	cfr_note_part: '5 CFR 831' -> '5 CFR 837'	5 USC 8361(g)
CHANGED	3206-AI02	200210	1	0	cfr_note_part: '5 CFR 831' -> '5 CFR 837'	5 USC 8361(g)
CHANGED	3206-AI02	200304	1	0	cfr_note_part: '5 CFR 831' -> '5 CFR 837'	5 USC 8361(g)
CHANGED	3206-AI02	200310	1	0	cfr_note_part: '5 CFR 831' -> '5 CFR 837'	5 USC 8361(g)
CHANGED	3206-AI02	200404	1	0	cfr_note_part: '5 CFR 831' -> '5 CFR 837'	5 USC 8361(g)
CHANGED	3206-AI02	200410	1	0	cfr_note_part: '5 CFR 831' -> '5 CFR 837'	5 USC 8361(g)
CHANGED	3206-AI02	200504	1	0	cfr_note_part: '5 CFR 831' -> '5 CFR 837'	5 USC 8361(g)
CHANGED	3206-AI02	200510	1	0	cfr_note_part: '5 CFR 831' -> '5 CFR 837'	5 USC 8361(g)
CHANGED	3206-AI02	200604	1	0	cfr_note_part: '5 CFR 831' -> '5 CFR 837'	5 USC 8361(g)
CHANGED	3206-AI02	200610	1	0	cfr_note_part: '5 CFR 831' -> '5 CFR 837'	5 USC 8361(g)
CHANGED	3206-AI02	200704	1	0	cfr_note_part: '5 CFR 831' -> '5 CFR 837'	5 USC 8361(g)
CHANGED	3206-AI02	200710	1	0	cfr_note_part: '5 CFR 831' -> '5 CFR 837'	5 USC 8361(g)
CHANGED	3206-AI02	200804	1	0	cfr_note_part: '5 CFR 831' -> '5 CFR 837'	5 USC 8361(g)
CHANGED	3206-AI02	200810	1	0	cfr_note_part: '5 CFR 831' -> '5 CFR 837'	5 USC 8361(g)
CHANGED	3206-AI02	200904	1	0	cfr_note_part: '5 CFR 831' -> '5 CFR 837'	5 USC 8361(g)
CHANGED	3206-AI02	200910	1	0	cfr_note_part: '5 CFR 831' -> '5 CFR 837'	5 USC 8361(g)
CHANGED	3206-AI02	201004	1	0	cfr_note_part: '5 CFR 831' -> '5 CFR 837'	5 USC 8361(g)
CHANGED	3206-AI02	201010	1	0	cfr_note_part: '5 CFR 831' -> '5 CFR 837'	5 USC 8361(g)
CHANGED	3206-AI02	201104	1	0	cfr_note_part: '5 CFR 831' -> '5 CFR 837'	5 USC 8361(g)
CHANGED	3206-AI02	201110	1	0	cfr_note_part: '5 CFR 831' -> '5 CFR 837'	5 USC 8361(g)
CHANGED	3206-AM41	201104	0	0	authority_in_own_cfr_note: 'near-miss' -> 'absent'	5 USC 87
CHANGED	3206-AM41	201210	0	0	authority_in_own_cfr_note: 'near-miss' -> 'absent'	5 USC 87
CHANGED	3206-AM41	201304	0	0	authority_in_own_cfr_note: 'near-miss' -> 'absent'	5 USC 87
CHANGED	3206-AM41	201410	0	0	authority_in_own_cfr_note: 'near-miss' -> 'absent'	5 USC 87
CHANGED	3206-AN01	201404	2	0	authority_in_own_cfr_note: 'near-miss' -> 'absent'	5 USC 8435
CHANGED	3206-AN01	201410	2	0	authority_in_own_cfr_note: 'near-miss' -> 'absent'	5 USC 8435
CHANGED	3206-AN79	201910	0	0	cfr_note_part: '5 CFR 315' -> '5 CFR 330'	5 U.S.C. 3115, 3301, 3302
CHANGED	3206-AN79	202004	0	0	cfr_note_part: '5 CFR 315' -> '5 CFR 330'	5 U.S.C. 3115, 3301, 3302
CHANGED	3206-AN79	202010	0	0	cfr_note_part: '5 CFR 315' -> '5 CFR 330'	5 U.S.C. 3115, 3301, 3302
CHANGED	3206-AN79	202104	0	0	cfr_note_part: '5 CFR 315' -> '5 CFR 330'	5 U.S.C. 3115
CHANGED	3206-AN79	202110	0	0	cfr_note_part: '5 CFR 315' -> '5 CFR 330'	5 U.S.C. 3115
CHANGED	3206-AN79	202204	0	0	cfr_note_part: '5 CFR 315' -> '5 CFR 330'	5 U.S.C. 3115
CHANGED	3206-AN79	202210	0	0	cfr_note_part: '5 CFR 315' -> '5 CFR 330'	5 U.S.C. 3115
CHANGED	3206-AN79	202304	0	0	cfr_note_part: '5 CFR 315' -> '5 CFR 330'	5 U.S.C. 3115
CHANGED	3206-AN79	202310	0	0	cfr_note_part: '5 CFR 315' -> '5 CFR 330'	5 U.S.C. 3115
CHANGED	3206-AN79	202404	0	0	cfr_note_part: '5 CFR 315' -> '5 CFR 330'	5 U.S.C. 3115
CHANGED	3206-AN79	202410	0	0	cfr_note_part: '5 CFR 315' -> '5 CFR 330'	5 U.S.C. 3115
CHANGED	3206-AN79	202504	0	0	cfr_note_part: '5 CFR 315' -> '5 CFR 330'	5 U.S.C. 3115
CHANGED	3206-AN79	202510	0	0	cfr_note_part: '5 CFR 315' -> '5 CFR 330'	5 U.S.C. 3115
