cfr_part	rule	family	citation_old_to_new	note_text_verbatim
1:1	compilation-locator	usc	44:1954 -> (removed)	44 U.S.C. 1506; sec. 6, E.O. 10530, 19 FR 2709; 3 CFR, 1954-1958 Comp., p.189.
1:10	compilation-locator	usc	44:1954-1598 -> (removed)	44 U.S.C. 1506, 4101; sec. 6, E.O. 10530, 19 FR 2709, 3 CFR, 1954-1598 Comp., p. 189.
1:11	compilation-locator	usc	44:1954 -> (removed)	44 U.S.C. 1506, 1510, 4101; sec. 6, E.O. 10530, 19 FR 2709, 3 CFR, 1954-1958 Comp., p. 189.
1:12	compilation-locator	usc	44:1954 -> (removed)	44 U.S.C. 1506, 1510, 4101; sec. 6, E.O. 10530, 19 FR 2709; 3 CFR, 1954-1958 Comp., p. 189.
1:15	compilation-locator	usc	44:1954 -> (removed)	44 U.S.C. 1506; sec. 6, E.O. 10530, 19 FR 2709; 3 CFR, 1954-1958 Comp., p. 189.
1:16	compilation-locator	usc	44:1954 -> (removed)	44 U.S.C. 1506; sec. 6, E.O. 10530, 19 FR 2709; 3 CFR, 1954-1958 Comp., p. 189.
1:17	compilation-locator	usc	44:1954 -> (removed)	44 U.S.C. 1506; sec. 6, E.O. 10530, 19 FR 2709; 3 CFR, 1954-1958 Comp., p. 189.
1:18	compilation-locator	usc	44:1954 -> (removed)	44 U.S.C. 1506; sec. 6, E.O. 10530, 19 FR 2709; 3 CFR, 1954-1958 Comp., p. 189.
1:2	compilation-locator	usc	44:1954 -> (removed)	44 U.S.C. 1506, 4101; sec. 6, E.O. 10530, 19 FR 2709; 3 CFR, 1954-1958 Comp., p. 189; 1 U.S.C. 112, 113.
1:20	compilation-locator	usc	44:1954 -> (removed)	44 U.S.C. 1506; sec. 6, E.O. 10530, 19 FR 2709; 3 CFR, 1954-1958 Comp., p. 189.
1:21	compilation-locator	usc	44:1954 -> (removed)	44 U.S.C. 1506; sec. 6, E.O. 10530, 19 FR 2709; 3 CFR, 1954-1958 Comp., p. 189.
1:22	compilation-locator	usc	44:1954 -> (removed)	44 U.S.C. 1506; sec. 6, E.O. 10530, 19 FR 2709; 3 CFR, 1954-1958 Comp., p. 189.
1:3	compilation-locator	usc	44:1954 -> (removed)	44 U.S.C. 1506; sec. 6, E.O. 10530, 19 FR 2709; 3 CFR, 1954-1958 Comp., p. 189.
1:5	compilation-locator	usc	44:1954 -> (removed)	44 U.S.C. 1506, 4101; sec. 6, E.O. 10530, 19 FR 2709; 3 CFR, 1954-1958 Comp., p. 189.
1:6	compilation-locator	usc	44:1954 -> (removed)	44 U.S.C. 1506; sec. 6, E.O. 10530, 19 FR 2709; 3 CFR, 1954-1958 Comp., p. 189.
1:8	compilation-locator	usc	44:1954 -> (removed)	44 U.S.C. 1506, 1510, 4101; sec. 6, E.O. 10530, 19 FR 2709, 3 CFR, 1954-1958 Comp., p. 189.
1:9	compilation-locator	usc	44:1954 -> (removed)	5 U.S.C. 552; 44 U.S.C. 1506; sec. 6, E.O. 10530, 19 FR 2709; 3 CFR, 1954-1958 Comp., p. 189.
2:1200	compilation-locator	usc	31:1986 -> (removed)	49 U.S.C. 322; Sec. 2455, Public Law 103-355, 108 Stat. 3327 (31 U.S.C. 6101 note); E.O. 12549 (3 CFR, 1986 Comp., p. 189); E.O. 12689 (3 CFR, 1989 Comp., p. 235).
2:1200	compilation-locator	usc	31:1989 -> (removed)	49 U.S.C. 322; Sec. 2455, Public Law 103-355, 108 Stat. 3327 (31 U.S.C. 6101 note); E.O. 12549 (3 CFR, 1986 Comp., p. 189); E.O. 12689 (3 CFR, 1989 Comp., p. 235).
2:1326	compilation-locator	usc	5:1986 -> (removed)	5 U.S.C. 301; Sec. 2455, Pub. L. 103-355, 108 Stat. 3327; E.O. 12549, 3 CFR, 1986 Comp., p. 189; E.O. 12689, 3 CFR, 1989 Comp., p. 235.
2:1326	compilation-locator	usc	5:1989 -> (removed)	5 U.S.C. 301; Sec. 2455, Pub. L. 103-355, 108 Stat. 3327; E.O. 12549, 3 CFR, 1986 Comp., p. 189; E.O. 12689, 3 CFR, 1989 Comp., p. 235.
2:1400	compilation-locator	usc	5:1986 -> (removed)	Section 2455, Pub. L. 103-355, 108 Stat. 3327 (31 U.S.C. 6101 note); 5 U.S.C. 301; E.O. 12549 (3 CFR, 1986 Comp., p. 189); and E.O. 12689 (3 CFR, 1989 Comp., p. 235).
2:1400	compilation-locator	usc	5:1989 -> (removed)	Section 2455, Pub. L. 103-355, 108 Stat. 3327 (31 U.S.C. 6101 note); 5 U.S.C. 301; E.O. 12549 (3 CFR, 1986 Comp., p. 189); and E.O. 12689 (3 CFR, 1989 Comp., p. 235).
2:1532	compilation-locator	usc	31:1973 -> (removed)	33 U.S.C. 1251 et seq.; 42 U.S.C. 7401 et seq.; Sec. 2455, Pub. L. 103-355, 108 Stat. 3327 (31 U.S.C. 6101 note); E.O. 11738 (3 CFR, 1973 Comp., p. 799); E.O. 12549 (3 CFR, 1986 Comp., p. 189); E.O. 12689 (3 CFR, 1989 Comp., p. 235).
2:1532	compilation-locator	usc	31:1986 -> (removed)	33 U.S.C. 1251 et seq.; 42 U.S.C. 7401 et seq.; Sec. 2455, Pub. L. 103-355, 108 Stat. 3327 (31 U.S.C. 6101 note); E.O. 11738 (3 CFR, 1973 Comp., p. 799); E.O. 12549 (3 CFR, 1986 Comp., p. 189); E.O. 12689 (3 CFR, 1989 Comp., p. 235).
2:1532	compilation-locator	usc	31:1989 -> (removed)	33 U.S.C. 1251 et seq.; 42 U.S.C. 7401 et seq.; Sec. 2455, Pub. L. 103-355, 108 Stat. 3327 (31 U.S.C. 6101 note); E.O. 11738 (3 CFR, 1973 Comp., p. 799); E.O. 12549 (3 CFR, 1986 Comp., p. 189); E.O. 12689 (3 CFR, 1989 Comp., p. 235).
2:1600	compilation-locator	usc	31:1986 -> (removed)	Sec. 2455, Pub. L. 103-355, 108 Stat. 3327 (31 U.S.C. 6101 note); E.O. 12549, 51 FR 6370, 3 CFR, 1986 Comp., p. 189; E.O. 12689, 54 FR 34131, 3 CFR, 1989 Comp., p. 235.
2:1600	compilation-locator	usc	31:1989 -> (removed)	Sec. 2455, Pub. L. 103-355, 108 Stat. 3327 (31 U.S.C. 6101 note); E.O. 12549, 51 FR 6370, 3 CFR, 1986 Comp., p. 189; E.O. 12689, 54 FR 34131, 3 CFR, 1989 Comp., p. 235.
2:2000	compilation-locator	usc	31:1986 -> (removed)	5 U.S.C. 301; Sec. 2455, Pub. L. 103-355, 108 Stat. 3327 (31 U.S.C. 6101 note); E.O. 12549, 51 FR 6370, 3 CFR, 1986 Comp., p. 189; E.O. 12689, 54 FR 34131, 3 CFR, 1989 Comp., p. 235.
2:2000	compilation-locator	usc	31:1989 -> (removed)	5 U.S.C. 301; Sec. 2455, Pub. L. 103-355, 108 Stat. 3327 (31 U.S.C. 6101 note); E.O. 12549, 51 FR 6370, 3 CFR, 1986 Comp., p. 189; E.O. 12689, 54 FR 34131, 3 CFR, 1989 Comp., p. 235.
2:2205	dotted-cfr-section	usc	42:2540 -> (removed)	42 U.S.C. 12571(d), 12571(e)(2)(B), 12581(l), 12581a(a), 12616(c)(2), 12651c(c), 12651d(h), 12651g(b), 12653(a), 12653(h), 12653o(a), and 12657(a); 2 CFR part 200; 45 CFR 2521.95, and 2540.110.
2:2336	compilation-locator	usc	42:1986 -> (removed)	42 U.S.C. 902(a)(5); Sec. 2455, Pub. L. 103-355, 108 Stat. 3327; E.O. 12549 (3 CFR, 1986 Comp., p. 189); E.O. 12689 (3 CFR, 1989 Comp., p. 235).
2:2336	compilation-locator	usc	42:1989 -> (removed)	42 U.S.C. 902(a)(5); Sec. 2455, Pub. L. 103-355, 108 Stat. 3327; E.O. 12549 (3 CFR, 1986 Comp., p. 189); E.O. 12689 (3 CFR, 1989 Comp., p. 235).
2:2520	compilation-locator	usc	42:1986 -> (removed)	42 U.S.C. 1870(a); Sec. 2455, Pub. L. 103-355, 108 Stat. 3327; E.O. 12549, 3 CFR, 1986 Comp., p. 189; E.O. 12689, 3 CFR, 1989 Comp., p. 235.
2:2520	compilation-locator	usc	42:1989 -> (removed)	42 U.S.C. 1870(a); Sec. 2455, Pub. L. 103-355, 108 Stat. 3327; E.O. 12549, 3 CFR, 1986 Comp., p. 189; E.O. 12689, 3 CFR, 1989 Comp., p. 235.
2:2700	compilation-locator	usc	31:1986 -> (removed)	Sec. 2455, Pub. L. 103-355, 108 Stat. 3327 (31 U.S.C. 6101 note); E.O. 12549 (3 CFR, 1986 Comp., p. 189); E.O. 12689 (3 CFR, 1989, 1986 Comp., p. 235); 15 U.S.C. 634(b)(6).
2:2700	compilation-locator	usc	31:1989 -> (removed)	Sec. 2455, Pub. L. 103-355, 108 Stat. 3327 (31 U.S.C. 6101 note); E.O. 12549 (3 CFR, 1986 Comp., p. 189); E.O. 12689 (3 CFR, 1989, 1986 Comp., p. 235); 15 U.S.C. 634(b)(6).
2:2998	compilation-locator	usc	5:1986 -> (removed)	5 U.S.C. 301; E.O. 12549 (3 CFR, 1986 Comp., p.189); E.O. 12689 (3 CFR, 1989 Comp., p.235); sec 2455 Pub. L. 103-355, 108 Stat. 3327 (31 U.S.C. 6101 note).
2:2998	compilation-locator	usc	5:1989 -> (removed)	5 U.S.C. 301; E.O. 12549 (3 CFR, 1986 Comp., p.189); E.O. 12689 (3 CFR, 1989 Comp., p.235); sec 2455 Pub. L. 103-355, 108 Stat. 3327 (31 U.S.C. 6101 note).
2:3185	compilation-locator	usc	20:1986 -> (removed)	20 U.S.C. 9103(f); Sec. 2455, Pub. L. 103-355, 108 Stat. 3327; E.O. 12549, 3 CFR, 1986 Comp., p. 189; E.O. 12689, 3 CFR, 1989 Comp., p. 235.
2:3185	compilation-locator	usc	20:1989 -> (removed)	20 U.S.C. 9103(f); Sec. 2455, Pub. L. 103-355, 108 Stat. 3327; E.O. 12549, 3 CFR, 1986 Comp., p. 189; E.O. 12689, 3 CFR, 1989 Comp., p. 235.
2:3369	compilation-locator	usc	20:1986 -> (removed)	20 U.S.C. 959(a)(1); Sec. 2455, Pub. L. 103-355, 108 Stat. 3327; E.O. 12549, 3 CFR, 1986 Comp., p. 189; E.O. 12689, 3 CFR, 1989 Comp., p. 235.
2:3369	compilation-locator	usc	20:1989 -> (removed)	20 U.S.C. 959(a)(1); Sec. 2455, Pub. L. 103-355, 108 Stat. 3327; E.O. 12549, 3 CFR, 1986 Comp., p. 189; E.O. 12689, 3 CFR, 1989 Comp., p. 235.
2:3474	compilation-locator	usc	42:2002 -> (removed)	20 U.S.C. 1221e-3, 3474; 42 U.S.C. 2000bb et seq.; E.O. 13279, 67 FR 77141, 3 CFR, 2002 Comp., p. 258; E.O. 13559, 75 FR 71319, 3 CFR, 2010 Comp., p. 273; E.O. 13831, 83 FR 20715, 3 CFR, 2018 Comp., p. 806; and 2 CFR part 200, unless otherwise noted.
2:3474	compilation-locator	usc	42:2010 -> (removed)	20 U.S.C. 1221e-3, 3474; 42 U.S.C. 2000bb et seq.; E.O. 13279, 67 FR 77141, 3 CFR, 2002 Comp., p. 258; E.O. 13559, 75 FR 71319, 3 CFR, 2010 Comp., p. 273; E.O. 13831, 83 FR 20715, 3 CFR, 2018 Comp., p. 806; and 2 CFR part 200, unless otherwise noted.
2:3474	compilation-locator	usc	42:2018 -> (removed)	20 U.S.C. 1221e-3, 3474; 42 U.S.C. 2000bb et seq.; E.O. 13279, 67 FR 77141, 3 CFR, 2002 Comp., p. 258; E.O. 13559, 75 FR 71319, 3 CFR, 2010 Comp., p. 273; E.O. 13831, 83 FR 20715, 3 CFR, 2018 Comp., p. 806; and 2 CFR part 200, unless otherwise noted.
2:376	compilation-locator	usc	31:1989 -> (removed)	5 U.S.C. 301; 31 U.S.C. 6101 (note); E.O. 12689 (3 CFR, 1989 Comp., p. 235); E.O. 12549 (3 CFR, 1986 Comp., p. 189); E.O. 11738 (3 CFR, 1973 Comp., p. 799).
2:376	compilation-locator	usc	31:1986 -> (removed)	5 U.S.C. 301; 31 U.S.C. 6101 (note); E.O. 12689 (3 CFR, 1989 Comp., p. 235); E.O. 12549 (3 CFR, 1986 Comp., p. 189); E.O. 11738 (3 CFR, 1973 Comp., p. 799).
2:376	compilation-locator	usc	31:1973 -> (removed)	5 U.S.C. 301; 31 U.S.C. 6101 (note); E.O. 12689 (3 CFR, 1989 Comp., p. 235); E.O. 12549 (3 CFR, 1986 Comp., p. 189); E.O. 11738 (3 CFR, 1973 Comp., p. 799).
2:417	compilation-locator	usc	31:1986 -> (removed)	5 U.S.C. 301; 7 U.S.C. 2209j; Sec. 2455, Pub. L. 103-355, 108 Stat. 3327 (31 U.S.C. 6101 note); Pub. L. 101-576, 104 Stat. 2838; E.O. 12549 (51 FR 6370, 3 CFR, 1986 Comp., p. 189); E.O. 12689 (54 FR 34131, 3 CFR, 1989 Comp., p. 235); 2 CFR part 180; 7 CFR 2.28.
2:417	compilation-locator	usc	31:1989 -> (removed)	5 U.S.C. 301; 7 U.S.C. 2209j; Sec. 2455, Pub. L. 103-355, 108 Stat. 3327 (31 U.S.C. 6101 note); Pub. L. 101-576, 104 Stat. 2838; E.O. 12549 (51 FR 6370, 3 CFR, 1986 Comp., p. 189); E.O. 12689 (54 FR 34131, 3 CFR, 1989 Comp., p. 235); 2 CFR part 180; 7 CFR 2.28.
2:5800	compilation-locator	usc	31:1986 -> (removed)	Sec. 2455, Pub. L. 103-355, 108; Stat. 3327 (31 U.S.C. 6101 note); E.O. 12549; (3 CFR, 1986 Comp., p. 189); E.O. 12689 (3); CFR, 1989 Comp., p. 235).
2:601	compilation-locator	usc	31:1986 -> (removed)	Sec. 2455, Pub. L. 103-355, 108; Stat. 3327 (31 U.S.C. 6101 note); E.O. 12549; (3 CFR, 1986 Comp., p. 189); E.O. 12689 (3); CFR, 1989 Comp., p. 235).
2:901	compilation-locator	usc	31:1986 -> (removed)	Sec. 2455, Pub. L. 103-355, 108 Stat. 3327 (31 U.S.C. 6101 note); E.O. 12549 (3 CFR, 1986 Comp., p. 189); E.O. 12689 (3 CFR, 1989 Comp., p. 235); 42 U.S.C. 7101 et seq.; 50 U.S.C. 2401 et seq.
2:901	compilation-locator	usc	31:1989 -> (removed)	Sec. 2455, Pub. L. 103-355, 108 Stat. 3327 (31 U.S.C. 6101 note); E.O. 12549 (3 CFR, 1986 Comp., p. 189); E.O. 12689 (3 CFR, 1989 Comp., p. 235); 42 U.S.C. 7101 et seq.; 50 U.S.C. 2401 et seq.
5:10000	compilation-locator	cfr	3:1987 -> (removed)	5 U.S.C. 552, as amended; E.O. 12600, 52 FR 23781, 3 CFR 1987, 1987 Comp., p. 235; 3 CFR 235.
5:10000	compilation-locator	usc	5:1987 -> (removed)	5 U.S.C. 552, as amended; E.O. 12600, 52 FR 23781, 3 CFR 1987, 1987 Comp., p. 235; 3 CFR 235.
5:10101	compilation-locator	usc	45:1990 -> (removed)	5 U.S.C. 7301; 5 U.S.C. App. (Ethics in Government Act of 1978); 44 Stat. 577, as amended; 45 U.S.C. 151, 160a; E.O. 12674, 54 FR 15159, 3 CFR, 189 Comp., p. 215, as modified by E.O. 12731, 55 FR 42547, 3CFR, 1990 Comp., p. 306; 5 CFR 2635.105, 2635.803.
5:10101	dotted-cfr-section	usc	45:2635 -> (removed)	5 U.S.C. 7301; 5 U.S.C. App. (Ethics in Government Act of 1978); 44 Stat. 577, as amended; 45 U.S.C. 151, 160a; E.O. 12674, 54 FR 15159, 3 CFR, 189 Comp., p. 215, as modified by E.O. 12731, 55 FR 42547, 3CFR, 1990 Comp., p. 306; 5 CFR 2635.105, 2635.803.
5:10201	compilation-locator	usc	5:1989 -> (removed)	5 U.S.C. 1212(e); 5 U.S.C. 7301; 5 U.S.C. App. (Ethics in Government Act of 1978); E.O. 12674, 54 FR 15159, 3 CFR, 1989 Comp., p. 215, as modified by E.O. 12731, 55 FR 42547, 3 CFR, 1990 Comp., p. 306; 5 CFR 2635.105, 2635.803.
5:10201	compilation-locator	usc	5:1990 -> (removed)	5 U.S.C. 1212(e); 5 U.S.C. 7301; 5 U.S.C. App. (Ethics in Government Act of 1978); E.O. 12674, 54 FR 15159, 3 CFR, 1989 Comp., p. 215, as modified by E.O. 12731, 55 FR 42547, 3 CFR, 1990 Comp., p. 306; 5 CFR 2635.105, 2635.803.
5:10201	dotted-cfr-section	usc	5:2635 -> (removed)	5 U.S.C. 1212(e); 5 U.S.C. 7301; 5 U.S.C. App. (Ethics in Government Act of 1978); E.O. 12674, 54 FR 15159, 3 CFR, 1989 Comp., p. 215, as modified by E.O. 12731, 55 FR 42547, 3 CFR, 1990 Comp., p. 306; 5 CFR 2635.105, 2635.803.
5:10300	compilation-locator	usc	29:1989 -> (removed)	5 U.S.C. 7301, 7353; 5 U.S.C. Ch. 131 (Ethics in Government Act of 1978); 29 U.S.C. 172; E.O. 12674, 54 FR 15159, 3 CFR, 1989 Comp., p. 215, as modified by E.O. 12731, 55 FR 42547, 3 CFR, 1990 Comp., p. 306; 5 CFR 2635.105, 5 CFR 2635.402(c), 5 CFR 2635.403(a), 5 CFR 2635.502, 5 CFR 2635.604, 5 CFR 2635.802, and 5 CFR 2635.803.
5:10300	compilation-locator	usc	29:1990 -> (removed)	5 U.S.C. 7301, 7353; 5 U.S.C. Ch. 131 (Ethics in Government Act of 1978); 29 U.S.C. 172; E.O. 12674, 54 FR 15159, 3 CFR, 1989 Comp., p. 215, as modified by E.O. 12731, 55 FR 42547, 3 CFR, 1990 Comp., p. 306; 5 CFR 2635.105, 5 CFR 2635.402(c), 5 CFR 2635.403(a), 5 CFR 2635.502, 5 CFR 2635.604, 5 CFR 2635.802, and 5 CFR 2635.803.
5:1400	compilation-locator	usc	50:1949 -> (removed)	5 U.S.C. 1103(a)(5), 3301, 3302, 7312; 50 U.S.C. 3023, 3341; E.O. 10450, 3 CFR, 1949-1953 Comp., p. 936; E.O. 10577, 3 CFR, 1954-1958 Comp., p. 218; E.O. 12968, 3 CFR, 1995 Comp., p. 391; E.O. 13467, 3 CFR, 2008 Comp., p. 196; 3 CFR, 2013 Comp., p. 358.
5:1400	compilation-locator	usc	50:1954 -> (removed)	5 U.S.C. 1103(a)(5), 3301, 3302, 7312; 50 U.S.C. 3023, 3341; E.O. 10450, 3 CFR, 1949-1953 Comp., p. 936; E.O. 10577, 3 CFR, 1954-1958 Comp., p. 218; E.O. 12968, 3 CFR, 1995 Comp., p. 391; E.O. 13467, 3 CFR, 2008 Comp., p. 196; 3 CFR, 2013 Comp., p. 358.
5:1400	compilation-locator	usc	50:1995 -> (removed)	5 U.S.C. 1103(a)(5), 3301, 3302, 7312; 50 U.S.C. 3023, 3341; E.O. 10450, 3 CFR, 1949-1953 Comp., p. 936; E.O. 10577, 3 CFR, 1954-1958 Comp., p. 218; E.O. 12968, 3 CFR, 1995 Comp., p. 391; E.O. 13467, 3 CFR, 2008 Comp., p. 196; 3 CFR, 2013 Comp., p. 358.
5:1400	compilation-locator	usc	50:2008 -> (removed)	5 U.S.C. 1103(a)(5), 3301, 3302, 7312; 50 U.S.C. 3023, 3341; E.O. 10450, 3 CFR, 1949-1953 Comp., p. 936; E.O. 10577, 3 CFR, 1954-1958 Comp., p. 218; E.O. 12968, 3 CFR, 1995 Comp., p. 391; E.O. 13467, 3 CFR, 2008 Comp., p. 196; 3 CFR, 2013 Comp., p. 358.
5:1400	compilation-locator	usc	50:2013 -> (removed)	5 U.S.C. 1103(a)(5), 3301, 3302, 7312; 50 U.S.C. 3023, 3341; E.O. 10450, 3 CFR, 1949-1953 Comp., p. 936; E.O. 10577, 3 CFR, 1954-1958 Comp., p. 218; E.O. 12968, 3 CFR, 1995 Comp., p. 391; E.O. 13467, 3 CFR, 2008 Comp., p. 196; 3 CFR, 2013 Comp., p. 358.
5:210	compilation-locator	usc	5:1954 -> (removed)	5 U.S.C. 1302, 3301, 3302; E.O. 10577, 19 FR 7521, 3 CFR, 1954-1958 Comp., p. 218.
5:212	compilation-locator	usc	5:1954 -> (removed)	5 U.S.C. 1302, 3301, 3302; E.O. 10577, 19 FR 7521, 3 CFR, 1954-1958 Comp., p. 218; E.O. 14171, 90 FR 8625.
5:213	compilation-locator	usc	38:1979 -> (removed)	5 U.S.C. 3161, 3301 and 3302; 38 U.S.C. 4301 et seq. E.O. 10577, 19 FR 7521, 3 CFR 1954-1958 Comp., p. 218; E.O. 14171, 90 FR 8625. Sec. 213.101 also issued under 5 U.S.C. 2103. Sec. 213.3102 also issued under 5 U.S.C. 3307, 8337(h), 8456; 38 U.S.C. 4301 et seq. E.O. 12125, 44 FR 16879, 3 CFR, 1979 Comp., p. 375; E.O. 13124, 64 FR 31103, 3 CFR, 1999 Comp., p. 192; E.O. 13562, 75 FR 82585, 3 CFR, 2010 Comp, p. 291; E.O. 14217, 90 FR 10577; and Presidential Memorandum of May 11, 2010, 75 FR 27157, 3 CFR, 2010 Comp., p. 327. Sec. 213.3202 also issued under 5 U.S.C. 3304.
5:213	compilation-locator	usc	38:1999 -> (removed)	5 U.S.C. 3161, 3301 and 3302; 38 U.S.C. 4301 et seq. E.O. 10577, 19 FR 7521, 3 CFR 1954-1958 Comp., p. 218; E.O. 14171, 90 FR 8625. Sec. 213.101 also issued under 5 U.S.C. 2103. Sec. 213.3102 also issued under 5 U.S.C. 3307, 8337(h), 8456; 38 U.S.C. 4301 et seq. E.O. 12125, 44 FR 16879, 3 CFR, 1979 Comp., p. 375; E.O. 13124, 64 FR 31103, 3 CFR, 1999 Comp., p. 192; E.O. 13562, 75 FR 82585, 3 CFR, 2010 Comp, p. 291; E.O. 14217, 90 FR 10577; and Presidential Memorandum of May 11, 2010, 75 FR 27157, 3 CFR, 2010 Comp., p. 327. Sec. 213.3202 also issued under 5 U.S.C. 3304.
5:213	compilation-locator	usc	38:2010 -> (removed)	5 U.S.C. 3161, 3301 and 3302; 38 U.S.C. 4301 et seq. E.O. 10577, 19 FR 7521, 3 CFR 1954-1958 Comp., p. 218; E.O. 14171, 90 FR 8625. Sec. 213.101 also issued under 5 U.S.C. 2103. Sec. 213.3102 also issued under 5 U.S.C. 3307, 8337(h), 8456; 38 U.S.C. 4301 et seq. E.O. 12125, 44 FR 16879, 3 CFR, 1979 Comp., p. 375; E.O. 13124, 64 FR 31103, 3 CFR, 1999 Comp., p. 192; E.O. 13562, 75 FR 82585, 3 CFR, 2010 Comp, p. 291; E.O. 14217, 90 FR 10577; and Presidential Memorandum of May 11, 2010, 75 FR 27157, 3 CFR, 2010 Comp., p. 327. Sec. 213.3202 also issued under 5 U.S.C. 3304.
5:250	compilation-locator	usc	5:1954 -> (removed)	5 U.S.C. 1101 note, 1103(a)(5), 1103(c), 1104, 1302, 3301, 3302; E.O. 10577, 12 FR 1259, 3 CFR, 1954-1958 Comp., p. 218; E.O. 13197, 66 FR 7853, 3 CFR 748 (2002). Subpart B also issued under 5 U.S.C. 1401, 1401 note, 1402.
5:2600	compilation-locator	usc	5:1989 -> (removed)	5 U.S.C. App. (Ethics in Government Act of 1978); E.O. 12674, 54 FR 15159, 3 CFR, 1989 Comp., p. 215, as modified by E.O. 12731, 55 FR 42547, 3 CFR, 1990 Comp., p. 306.
5:2600	compilation-locator	usc	5:1990 -> (removed)	5 U.S.C. App. (Ethics in Government Act of 1978); E.O. 12674, 54 FR 15159, 3 CFR, 1989 Comp., p. 215, as modified by E.O. 12731, 55 FR 42547, 3 CFR, 1990 Comp., p. 306.
5:2604	compilation-locator	usc	5:1987 -> (removed)	5 U.S.C. 552; 5 U.S.C. App. 101-505; E.O. 12600, 52 FR 23781, 3 CFR, 1987 Comp., p. 235; E.O. 13392, 70 FR 75373, 3 CFR, 2005 Comp., p. 216.
5:2604	compilation-locator	usc	5:2005 -> (removed)	5 U.S.C. 552; 5 U.S.C. App. 101-505; E.O. 12600, 52 FR 23781, 3 CFR, 1987 Comp., p. 235; E.O. 13392, 70 FR 75373, 3 CFR, 2005 Comp., p. 216.
5:2634	compilation-locator	usc	28:1989 -> (removed)	5 U.S.C. ch. 131; 26 U.S.C. 1043; Pub. L. 101-410, 104 Stat. 890, 28 U.S.C. 2461 note, as amended by sec. 31001, Pub. L. 104-134, 110 Stat. 1321 and sec. 701, Pub. L. 114-74; Pub. L. 112-105, 126 Stat. 291; E.O. 12674, 54 FR 15159, 3 CFR, 1989 Comp., p. 215, as modified by E.O. 12731, 55 FR 42547, 3 CFR, 1990 Comp., p. 306.
5:2634	compilation-locator	usc	28:1990 -> (removed)	5 U.S.C. ch. 131; 26 U.S.C. 1043; Pub. L. 101-410, 104 Stat. 890, 28 U.S.C. 2461 note, as amended by sec. 31001, Pub. L. 104-134, 110 Stat. 1321 and sec. 701, Pub. L. 114-74; Pub. L. 112-105, 126 Stat. 291; E.O. 12674, 54 FR 15159, 3 CFR, 1989 Comp., p. 215, as modified by E.O. 12731, 55 FR 42547, 3 CFR, 1990 Comp., p. 306.
5:2635	compilation-locator	usc	5:1989 -> (removed)	5 U.S.C. 7301, 7351, 7353; 5 U.S.C. ch. 131; E.O. 12674, 54 FR 15159, 3 CFR, 1989 Comp., p. 215, as modified by E.O. 12731, 55 FR 42547, 3 CFR, 1990 Comp., p. 306.
5:2635	compilation-locator	usc	5:1990 -> (removed)	5 U.S.C. 7301, 7351, 7353; 5 U.S.C. ch. 131; E.O. 12674, 54 FR 15159, 3 CFR, 1989 Comp., p. 215, as modified by E.O. 12731, 55 FR 42547, 3 CFR, 1990 Comp., p. 306.
5:2636	compilation-locator	usc	28:1989 -> (removed)	5 U.S.C. ch. 131; Pub. L. 101-410, 104 Stat. 890, 28 U.S.C. 2461 note, as amended by sec. 31001, Pub. L. 104-134, 110 Stat. 1321 and sec. 701, Pub. L. 114-74; E.O. 12674, 54 FR 15159, 3 CFR, 1989 Comp., p. 215, as modified by E.O. 12731, 55 FR 42547, 3 CFR, 1990 Comp., p. 306.
5:2636	compilation-locator	usc	28:1990 -> (removed)	5 U.S.C. ch. 131; Pub. L. 101-410, 104 Stat. 890, 28 U.S.C. 2461 note, as amended by sec. 31001, Pub. L. 104-134, 110 Stat. 1321 and sec. 701, Pub. L. 114-74; E.O. 12674, 54 FR 15159, 3 CFR, 1989 Comp., p. 215, as modified by E.O. 12731, 55 FR 42547, 3 CFR, 1990 Comp., p. 306.
5:2638	compilation-locator	usc	5:1989 -> (removed)	5 U.S.C. App. 101-505; E.O. 12674, 54 FR 15159, 3 CFR, 1989 Comp., p. 215, as modified by E.O. 12731, 55 FR 42547, 3 CFR, 1990 Comp., p. 306.
5:2638	compilation-locator	usc	5:1990 -> (removed)	5 U.S.C. App. 101-505; E.O. 12674, 54 FR 15159, 3 CFR, 1989 Comp., p. 215, as modified by E.O. 12731, 55 FR 42547, 3 CFR, 1990 Comp., p. 306.
5:2640	compilation-locator	usc	18:1989 -> (removed)	5 U.S.C. App. (Ethics in Government Act of 1978); 18 U.S.C. 208; E.O. 12674, 54 FR 15159, 3 CFR, 1989 Comp., p. 215, as modified by E.O. 12731, 55 FR 42547, 3 CFR, 1990 Comp., p. 306.
5:2640	compilation-locator	usc	18:1990 -> (removed)	5 U.S.C. App. (Ethics in Government Act of 1978); 18 U.S.C. 208; E.O. 12674, 54 FR 15159, 3 CFR, 1989 Comp., p. 215, as modified by E.O. 12731, 55 FR 42547, 3 CFR, 1990 Comp., p. 306.
5:2641	compilation-locator	usc	18:1989 -> (removed)	5 U.S.C. ch. 131; 18 U.S.C. 207; E.O. 12674, 54 FR 15159, 3 CFR, 1989 Comp., p. 215, as modified by E.O. 12731, 55 FR 42547, 3 CFR, 1990 Comp., p. 306.
5:2641	compilation-locator	usc	18:1990 -> (removed)	5 U.S.C. ch. 131; 18 U.S.C. 207; E.O. 12674, 54 FR 15159, 3 CFR, 1989 Comp., p. 215, as modified by E.O. 12731, 55 FR 42547, 3 CFR, 1990 Comp., p. 306.
5:294	compilation-locator	usc	5:1987 -> (removed)	5 U.S.C. 552, Freedom of Information Act, Pub. L. 92-502, as amended by the Freedom of Information Reform Act of 1986, Pub. L. 99-570, and E.O. 12600, 52 FR 23781, 3 CFR, 1987 Comp., p. 235.
5:301	compilation-locator	usc	5:1954 -> (removed)	5 U.S.C. 3301, 3302; E.O. 10577, 19 FR 7521, 3 CFR, 1954-1958 Comp., p. 218, as amended by E.O. 10641, 20 FR 8137, 3 CFR, 1954-1958 Comp., p. 274, unless otherwise noted; E.O. 14284, 90 FR 17729.
5:302	compilation-locator	usc	5:1954 -> (removed)	5 U.S.C. 1302, 3301, 3302, 3317, 3318, 3319, 3320, 8151; E.O. 10577, 19 FR 7521, 3 CFR, 1954-1958 Comp., p. 218; E.O. 14171, 90 FR 8625. Sec. 302.105 also issued under 5 U.S.C. 1104; sec. 3(5), Pub. L. 95-454, 92 Stat. 1112 (5 U.S.C. 1101 note). Sec. 302.107 also issued under 5 U.S.C. 9201-9206; sec. 1122(b)(1), Pub. L. 116-92, 133 Stat. 1605 (5 U.S.C. 9201 note). Sec. 302.501 also issued under 5 U.S.C. ch. 77.
5:307	compilation-locator	usc	38:1970 -> (removed)	5 U.S.C. 3301, 3302; 38 U.S.C. 4214; E.O. 11521, 3 CFR, 1970 Comp., p. 912; E.O. 14284, 90 FR 17729.
5:3101	compilation-locator	usc	26:1989 -> (removed)	5 U.S.C. 301, 7301, 7353; 5 U.S.C. App. (Ethics in Government Act of 1978); 18 U.S.C. 212, 213; 26 U.S.C. 7214(b); E.O. 12674, 54 FR 15159, 3 CFR, 1989 Comp., p. 215, as modified by E.O. 12731, 55 FR 42547, 3 CFR, 1990 Comp., p. 306; 5 CFR 2635.105, 2635.203(a), 2635.403(a), 2635.803, 2635.807(a)(2)(ii).
5:3101	compilation-locator	usc	26:1990 -> (removed)	5 U.S.C. 301, 7301, 7353; 5 U.S.C. App. (Ethics in Government Act of 1978); 18 U.S.C. 212, 213; 26 U.S.C. 7214(b); E.O. 12674, 54 FR 15159, 3 CFR, 1989 Comp., p. 215, as modified by E.O. 12731, 55 FR 42547, 3 CFR, 1990 Comp., p. 306; 5 CFR 2635.105, 2635.203(a), 2635.403(a), 2635.803, 2635.807(a)(2)(ii).
5:3101	dotted-cfr-section	usc	26:2635 -> (removed)	5 U.S.C. 301, 7301, 7353; 5 U.S.C. App. (Ethics in Government Act of 1978); 18 U.S.C. 212, 213; 26 U.S.C. 7214(b); E.O. 12674, 54 FR 15159, 3 CFR, 1989 Comp., p. 215, as modified by E.O. 12731, 55 FR 42547, 3 CFR, 1990 Comp., p. 306; 5 CFR 2635.105, 2635.203(a), 2635.403(a), 2635.803, 2635.807(a)(2)(ii).
5:315	compilation-locator	usc	5:1954 -> (removed)	5 U.S.C. 1302, 3301, and 3302. E.O. 10577, 19 FR 7521, 3 CFR, 1954-1958 Comp., p. 218; E.O. 14284, 90 FR 17729. Link to an amendment published at 91 FR 49111, Aug. 3, 2026. Secs. 315.601 and 315.609 also issued under 22 U.S.C. 3651 and 3652. Secs. 315.602 and 315.604 also issued under 5 U.S.C. 1104. Sec. 315.603 also issued under 5 U.S.C. 8151. Sec. 315.605 also issued under 22 U.S.C. 2051, 42 U.S.C. 2991. Sec. 315.606 also issued under E.O. 11219, 30 FR 6381, 3 CFR, 1964-1965 Comp., p. 303. Sec. 315.607 also issued under 22 U.S.C. 2560. Sec. 315.608 also issued under E.O. 12721, 55 FR 31349, 3 CFR, 1990 Comp., p. 293. Sec. 315.610 also issued under 5 U.S.C. 3304(c). Sec. 315.611 also issued under 5 U.S.C. 3304(f). Sec. 315.612 also under 5 U.S.C. 3330d. Sec. 315.613 also issued under 5 U.S.C. 9602. Sec. 315.710 also issued under E.O. 12596, 52 FR 17537, 3 CFR, 1987 Comp., p. 264. Subpart I also issued under 5 U.S.C. 3321, E.O. 12107, 44 FR 1055, 3 CFR, 1978 Comp., p. 264.
5:315	dotted-cfr-section	usc	5:315 -> (removed)	5 U.S.C. 1302, 3301, and 3302. E.O. 10577, 19 FR 7521, 3 CFR, 1954-1958 Comp., p. 218; E.O. 14284, 90 FR 17729. Link to an amendment published at 91 FR 49111, Aug. 3, 2026. Secs. 315.601 and 315.609 also issued under 22 U.S.C. 3651 and 3652. Secs. 315.602 and 315.604 also issued under 5 U.S.C. 1104. Sec. 315.603 also issued under 5 U.S.C. 8151. Sec. 315.605 also issued under 22 U.S.C. 2051, 42 U.S.C. 2991. Sec. 315.606 also issued under E.O. 11219, 30 FR 6381, 3 CFR, 1964-1965 Comp., p. 303. Sec. 315.607 also issued under 22 U.S.C. 2560. Sec. 315.608 also issued under E.O. 12721, 55 FR 31349, 3 CFR, 1990 Comp., p. 293. Sec. 315.610 also issued under 5 U.S.C. 3304(c). Sec. 315.611 also issued under 5 U.S.C. 3304(f). Sec. 315.612 also under 5 U.S.C. 3330d. Sec. 315.613 also issued under 5 U.S.C. 9602. Sec. 315.710 also issued under E.O. 12596, 52 FR 17537, 3 CFR, 1987 Comp., p. 264. Subpart I also issued under 5 U.S.C. 3321, E.O. 12107, 44 FR 1055, 3 CFR, 1978 Comp., p. 264.
5:315	dotted-cfr-section	usc	22:315 -> (removed)	5 U.S.C. 1302, 3301, and 3302. E.O. 10577, 19 FR 7521, 3 CFR, 1954-1958 Comp., p. 218; E.O. 14284, 90 FR 17729. Link to an amendment published at 91 FR 49111, Aug. 3, 2026. Secs. 315.601 and 315.609 also issued under 22 U.S.C. 3651 and 3652. Secs. 315.602 and 315.604 also issued under 5 U.S.C. 1104. Sec. 315.603 also issued under 5 U.S.C. 8151. Sec. 315.605 also issued under 22 U.S.C. 2051, 42 U.S.C. 2991. Sec. 315.606 also issued under E.O. 11219, 30 FR 6381, 3 CFR, 1964-1965 Comp., p. 303. Sec. 315.607 also issued under 22 U.S.C. 2560. Sec. 315.608 also issued under E.O. 12721, 55 FR 31349, 3 CFR, 1990 Comp., p. 293. Sec. 315.610 also issued under 5 U.S.C. 3304(c). Sec. 315.611 also issued under 5 U.S.C. 3304(f). Sec. 315.612 also under 5 U.S.C. 3330d. Sec. 315.613 also issued under 5 U.S.C. 9602. Sec. 315.710 also issued under E.O. 12596, 52 FR 17537, 3 CFR, 1987 Comp., p. 264. Subpart I also issued under 5 U.S.C. 3321, E.O. 12107, 44 FR 1055, 3 CFR, 1978 Comp., p. 264.
5:315	compilation-locator	usc	42:1964 -> (removed)	5 U.S.C. 1302, 3301, and 3302. E.O. 10577, 19 FR 7521, 3 CFR, 1954-1958 Comp., p. 218; E.O. 14284, 90 FR 17729. Link to an amendment published at 91 FR 49111, Aug. 3, 2026. Secs. 315.601 and 315.609 also issued under 22 U.S.C. 3651 and 3652. Secs. 315.602 and 315.604 also issued under 5 U.S.C. 1104. Sec. 315.603 also issued under 5 U.S.C. 8151. Sec. 315.605 also issued under 22 U.S.C. 2051, 42 U.S.C. 2991. Sec. 315.606 also issued under E.O. 11219, 30 FR 6381, 3 CFR, 1964-1965 Comp., p. 303. Sec. 315.607 also issued under 22 U.S.C. 2560. Sec. 315.608 also issued under E.O. 12721, 55 FR 31349, 3 CFR, 1990 Comp., p. 293. Sec. 315.610 also issued under 5 U.S.C. 3304(c). Sec. 315.611 also issued under 5 U.S.C. 3304(f). Sec. 315.612 also under 5 U.S.C. 3330d. Sec. 315.613 also issued under 5 U.S.C. 9602. Sec. 315.710 also issued under E.O. 12596, 52 FR 17537, 3 CFR, 1987 Comp., p. 264. Subpart I also issued under 5 U.S.C. 3321, E.O. 12107, 44 FR 1055, 3 CFR, 1978 Comp., p. 264.
5:315	compilation-locator	usc	22:1990 -> (removed)	5 U.S.C. 1302, 3301, and 3302. E.O. 10577, 19 FR 7521, 3 CFR, 1954-1958 Comp., p. 218; E.O. 14284, 90 FR 17729. Link to an amendment published at 91 FR 49111, Aug. 3, 2026. Secs. 315.601 and 315.609 also issued under 22 U.S.C. 3651 and 3652. Secs. 315.602 and 315.604 also issued under 5 U.S.C. 1104. Sec. 315.603 also issued under 5 U.S.C. 8151. Sec. 315.605 also issued under 22 U.S.C. 2051, 42 U.S.C. 2991. Sec. 315.606 also issued under E.O. 11219, 30 FR 6381, 3 CFR, 1964-1965 Comp., p. 303. Sec. 315.607 also issued under 22 U.S.C. 2560. Sec. 315.608 also issued under E.O. 12721, 55 FR 31349, 3 CFR, 1990 Comp., p. 293. Sec. 315.610 also issued under 5 U.S.C. 3304(c). Sec. 315.611 also issued under 5 U.S.C. 3304(f). Sec. 315.612 also under 5 U.S.C. 3330d. Sec. 315.613 also issued under 5 U.S.C. 9602. Sec. 315.710 also issued under E.O. 12596, 52 FR 17537, 3 CFR, 1987 Comp., p. 264. Subpart I also issued under 5 U.S.C. 3321, E.O. 12107, 44 FR 1055, 3 CFR, 1978 Comp., p. 264.
5:315	compilation-locator	usc	5:1987 -> (removed)	5 U.S.C. 1302, 3301, and 3302. E.O. 10577, 19 FR 7521, 3 CFR, 1954-1958 Comp., p. 218; E.O. 14284, 90 FR 17729. Link to an amendment published at 91 FR 49111, Aug. 3, 2026. Secs. 315.601 and 315.609 also issued under 22 U.S.C. 3651 and 3652. Secs. 315.602 and 315.604 also issued under 5 U.S.C. 1104. Sec. 315.603 also issued under 5 U.S.C. 8151. Sec. 315.605 also issued under 22 U.S.C. 2051, 42 U.S.C. 2991. Sec. 315.606 also issued under E.O. 11219, 30 FR 6381, 3 CFR, 1964-1965 Comp., p. 303. Sec. 315.607 also issued under 22 U.S.C. 2560. Sec. 315.608 also issued under E.O. 12721, 55 FR 31349, 3 CFR, 1990 Comp., p. 293. Sec. 315.610 also issued under 5 U.S.C. 3304(c). Sec. 315.611 also issued under 5 U.S.C. 3304(f). Sec. 315.612 also under 5 U.S.C. 3330d. Sec. 315.613 also issued under 5 U.S.C. 9602. Sec. 315.710 also issued under E.O. 12596, 52 FR 17537, 3 CFR, 1987 Comp., p. 264. Subpart I also issued under 5 U.S.C. 3321, E.O. 12107, 44 FR 1055, 3 CFR, 1978 Comp., p. 264.
5:315	compilation-locator	usc	5:1978 -> (removed)	5 U.S.C. 1302, 3301, and 3302. E.O. 10577, 19 FR 7521, 3 CFR, 1954-1958 Comp., p. 218; E.O. 14284, 90 FR 17729. Link to an amendment published at 91 FR 49111, Aug. 3, 2026. Secs. 315.601 and 315.609 also issued under 22 U.S.C. 3651 and 3652. Secs. 315.602 and 315.604 also issued under 5 U.S.C. 1104. Sec. 315.603 also issued under 5 U.S.C. 8151. Sec. 315.605 also issued under 22 U.S.C. 2051, 42 U.S.C. 2991. Sec. 315.606 also issued under E.O. 11219, 30 FR 6381, 3 CFR, 1964-1965 Comp., p. 303. Sec. 315.607 also issued under 22 U.S.C. 2560. Sec. 315.608 also issued under E.O. 12721, 55 FR 31349, 3 CFR, 1990 Comp., p. 293. Sec. 315.610 also issued under 5 U.S.C. 3304(c). Sec. 315.611 also issued under 5 U.S.C. 3304(f). Sec. 315.612 also under 5 U.S.C. 3330d. Sec. 315.613 also issued under 5 U.S.C. 9602. Sec. 315.710 also issued under E.O. 12596, 52 FR 17537, 3 CFR, 1987 Comp., p. 264. Subpart I also issued under 5 U.S.C. 3321, E.O. 12107, 44 FR 1055, 3 CFR, 1978 Comp., p. 264.
5:316	compilation-locator	usc	5:1954 -> (removed)	5 U.S.C. 3301, 3302, 3316. E.O. 10577, 19 FR 7521, 3 CFR, 1954-1958 Comp., p. 218; E.O. 14284, 90 FR 17729. 5 CFR 2.2(c).
5:3201	compilation-locator	usc	26:1989 -> (removed)	5 U.S.C. 7301; 5 U.S.C. App. (Ethics in Government Act of 1978); 12 U.S.C. 1819(a), 1822; 18 U.S.C. 212, 213; 26 U.S.C. 1043; E.O. 12674, 54 FR 15159, 3 CFR, 1989 Comp., p. 215, as modified by E.O. 12731, 55 FR 42547, 3 CFR, 1990 Comp., p. 306; 5 CFR 2635.105, 2635.403, 2635.502, 2635.803.
5:3201	compilation-locator	usc	26:1990 -> (removed)	5 U.S.C. 7301; 5 U.S.C. App. (Ethics in Government Act of 1978); 12 U.S.C. 1819(a), 1822; 18 U.S.C. 212, 213; 26 U.S.C. 1043; E.O. 12674, 54 FR 15159, 3 CFR, 1989 Comp., p. 215, as modified by E.O. 12731, 55 FR 42547, 3 CFR, 1990 Comp., p. 306; 5 CFR 2635.105, 2635.403, 2635.502, 2635.803.
5:3201	dotted-cfr-section	usc	26:2635 -> (removed)	5 U.S.C. 7301; 5 U.S.C. App. (Ethics in Government Act of 1978); 12 U.S.C. 1819(a), 1822; 18 U.S.C. 212, 213; 26 U.S.C. 1043; E.O. 12674, 54 FR 15159, 3 CFR, 1989 Comp., p. 215, as modified by E.O. 12731, 55 FR 42547, 3 CFR, 1990 Comp., p. 306; 5 CFR 2635.105, 2635.403, 2635.502, 2635.803.
5:330	compilation-locator	usc	5:1954 -> (removed)	5 U.S.C. 1104, 1302, 3301, 3302, 3304, and 3330; E.O. 10577, 3 CFR, 1954-58 Comp., p. 218; Section 330.103 also issued under 5 U.S.C. 3327; Subpart B also issued under 5 U.S.C. 3315 and 8151; Section 330.401 also issued under 5 U.S.C. 3310; Subparts F and G also issued under Presidential Memorandum on Career Transition Assistance for Federal Employees, September 12, 1995; Subpart G also issued under 5 U.S.C. 8337(h) and 8456(b). § 330.1301 also issued under 5 U.S.C. 9201-9206 and Pub. L. 116-92, sec. 1122(b)(1). Link to an amendment published at 91 FR 49216, Aug. 3, 2026.
5:3301	compilation-locator	usc	5:1989 -> (removed)	5 U.S.C. 301, 7301; 5 U.S.C. App. (Ethics in Government Act); E.O. 12674, 54 FR 15159, 3 CFR, 1989 Comp., p. 215, as modified by E.O. 12731, 55 FR 42547, 3 CFR, 1990 Comp., p. 306; 5 CFR 2635.105, 2635.402(c), 2635.502(e), 2635.604, 2635.802, 2635.803.
5:3301	compilation-locator	usc	5:1990 -> (removed)	5 U.S.C. 301, 7301; 5 U.S.C. App. (Ethics in Government Act); E.O. 12674, 54 FR 15159, 3 CFR, 1989 Comp., p. 215, as modified by E.O. 12731, 55 FR 42547, 3 CFR, 1990 Comp., p. 306; 5 CFR 2635.105, 2635.402(c), 2635.502(e), 2635.604, 2635.802, 2635.803.
5:3301	dotted-cfr-section	usc	5:2635 -> (removed)	5 U.S.C. 301, 7301; 5 U.S.C. App. (Ethics in Government Act); E.O. 12674, 54 FR 15159, 3 CFR, 1989 Comp., p. 215, as modified by E.O. 12731, 55 FR 42547, 3 CFR, 1990 Comp., p. 306; 5 CFR 2635.105, 2635.402(c), 2635.502(e), 2635.604, 2635.802, 2635.803.
5:335	compilation-locator	usc	5:1954 -> (removed)	5 U.S.C. 2301, 2302, 3301, 3302, 3304(f), 3330, 9602; sec. 511, Pub. L. 106-117, 113 Stat. 1575; E.O. 10577, 3 CFR, 1954-1958 Comp., p. 218; E.O. 11478, 3 CFR, 1966-1970 Comp., p. 803, unless otherwise noted; E.O. 13087, 3 CFR, 1998 Comp., p. 191; E.O. 13152, 3 CFR, 2000 Comp., p. 264; and 5 CFR 2.2 and 7.1.
5:335	compilation-locator	usc	5:1966 -> (removed)	5 U.S.C. 2301, 2302, 3301, 3302, 3304(f), 3330, 9602; sec. 511, Pub. L. 106-117, 113 Stat. 1575; E.O. 10577, 3 CFR, 1954-1958 Comp., p. 218; E.O. 11478, 3 CFR, 1966-1970 Comp., p. 803, unless otherwise noted; E.O. 13087, 3 CFR, 1998 Comp., p. 191; E.O. 13152, 3 CFR, 2000 Comp., p. 264; and 5 CFR 2.2 and 7.1.
5:335	compilation-locator	usc	5:1998 -> (removed)	5 U.S.C. 2301, 2302, 3301, 3302, 3304(f), 3330, 9602; sec. 511, Pub. L. 106-117, 113 Stat. 1575; E.O. 10577, 3 CFR, 1954-1958 Comp., p. 218; E.O. 11478, 3 CFR, 1966-1970 Comp., p. 803, unless otherwise noted; E.O. 13087, 3 CFR, 1998 Comp., p. 191; E.O. 13152, 3 CFR, 2000 Comp., p. 264; and 5 CFR 2.2 and 7.1.
5:335	compilation-locator	usc	5:2000 -> (removed)	5 U.S.C. 2301, 2302, 3301, 3302, 3304(f), 3330, 9602; sec. 511, Pub. L. 106-117, 113 Stat. 1575; E.O. 10577, 3 CFR, 1954-1958 Comp., p. 218; E.O. 11478, 3 CFR, 1966-1970 Comp., p. 803, unless otherwise noted; E.O. 13087, 3 CFR, 1998 Comp., p. 191; E.O. 13152, 3 CFR, 2000 Comp., p. 264; and 5 CFR 2.2 and 7.1.
5:335	dotted-cfr-section	usc	5:7 -> (removed)	5 U.S.C. 2301, 2302, 3301, 3302, 3304(f), 3330, 9602; sec. 511, Pub. L. 106-117, 113 Stat. 1575; E.O. 10577, 3 CFR, 1954-1958 Comp., p. 218; E.O. 11478, 3 CFR, 1966-1970 Comp., p. 803, unless otherwise noted; E.O. 13087, 3 CFR, 1998 Comp., p. 191; E.O. 13152, 3 CFR, 2000 Comp., p. 264; and 5 CFR 2.2 and 7.1.
5:338	compilation-locator	usc	5:1954 -> (removed)	5 U.S.C. 3301, 3302, 3304; E.O. 10577, 3 CFR, 1954-1958 comp., p. 218.
5:3401	compilation-locator	usc	42:1989 -> (removed)	5 U.S.C. 7301; 5 U.S.C. App. (Ethics in Government Act of 1978); 42 U.S.C. 7171, 7172; E.O. 12674, 54 FR 15159, 3 CFR, 1989 Comp., p. 215, as modified by E.O. 12731, 55 FR 42547, 3 CFR, 1990 Comp., p. 306; 5 CFR 2635.105, 2635.402(c), 2635.403, 2635.502(e), 2635.604, 2635.803.
5:3401	compilation-locator	usc	42:1990 -> (removed)	5 U.S.C. 7301; 5 U.S.C. App. (Ethics in Government Act of 1978); 42 U.S.C. 7171, 7172; E.O. 12674, 54 FR 15159, 3 CFR, 1989 Comp., p. 215, as modified by E.O. 12731, 55 FR 42547, 3 CFR, 1990 Comp., p. 306; 5 CFR 2635.105, 2635.402(c), 2635.403, 2635.502(e), 2635.604, 2635.803.
5:3401	dotted-cfr-section	usc	42:2635 -> (removed)	5 U.S.C. 7301; 5 U.S.C. App. (Ethics in Government Act of 1978); 42 U.S.C. 7171, 7172; E.O. 12674, 54 FR 15159, 3 CFR, 1989 Comp., p. 215, as modified by E.O. 12731, 55 FR 42547, 3 CFR, 1990 Comp., p. 306; 5 CFR 2635.105, 2635.402(c), 2635.403, 2635.502(e), 2635.604, 2635.803.
5:3501	compilation-locator	usc	43:1989 -> (removed)	5 U.S.C. 301, 7301; 5 U.S.C. App. (Ethics in Government Act of 1978); 30 U.S.C. 1211; 43 U.S.C. 11, 31(a); E.O. 12674, 3 CFR, 1989 Comp., p. 215, as modified by E.O. 12731, 3 CFR, 1990 Comp., p. 306; 5 CFR 2635.105, 2635.203(a), 2635.403(a), 2635.502, 2635.803, 2635.807.
5:3501	compilation-locator	usc	43:1990 -> (removed)	5 U.S.C. 301, 7301; 5 U.S.C. App. (Ethics in Government Act of 1978); 30 U.S.C. 1211; 43 U.S.C. 11, 31(a); E.O. 12674, 3 CFR, 1989 Comp., p. 215, as modified by E.O. 12731, 3 CFR, 1990 Comp., p. 306; 5 CFR 2635.105, 2635.203(a), 2635.403(a), 2635.502, 2635.803, 2635.807.
5:3501	dotted-cfr-section	usc	43:2635 -> (removed)	5 U.S.C. 301, 7301; 5 U.S.C. App. (Ethics in Government Act of 1978); 30 U.S.C. 1211; 43 U.S.C. 11, 31(a); E.O. 12674, 3 CFR, 1989 Comp., p. 215, as modified by E.O. 12731, 3 CFR, 1990 Comp., p. 306; 5 CFR 2635.105, 2635.203(a), 2635.403(a), 2635.502, 2635.803, 2635.807.
5:3601	compilation-locator	usc	5:1989 -> (removed)	5 U.S.C. 301, 7301, 7351, 7353; 5 U.S.C. Chapter 131; E.O. 12674, 54 FR 15159, 3 CFR, 1989 Comp., p. 215, as modified by E.O. 12731, 55 FR 42547, 3 CFR, 1990 Comp., p. 306; 5 CFR 2635.105, 2635.203(a), 2635.204(k), 2635.803, 2635.807.
5:3601	compilation-locator	usc	5:1990 -> (removed)	5 U.S.C. 301, 7301, 7351, 7353; 5 U.S.C. Chapter 131; E.O. 12674, 54 FR 15159, 3 CFR, 1989 Comp., p. 215, as modified by E.O. 12731, 55 FR 42547, 3 CFR, 1990 Comp., p. 306; 5 CFR 2635.105, 2635.203(a), 2635.204(k), 2635.803, 2635.807.
5:3601	dotted-cfr-section	usc	5:2635 -> (removed)	5 U.S.C. 301, 7301, 7351, 7353; 5 U.S.C. Chapter 131; E.O. 12674, 54 FR 15159, 3 CFR, 1989 Comp., p. 215, as modified by E.O. 12731, 55 FR 42547, 3 CFR, 1990 Comp., p. 306; 5 CFR 2635.105, 2635.203(a), 2635.204(k), 2635.803, 2635.807.
5:3801	compilation-locator	usc	5:1989 -> (removed)	5 U.S.C. 301, 7301; 5 U.S.C. App.; E.O. 12674, 54 FR 15159, 3 CFR, 1989 Comp., p. 215, as modified by E.O. 12731, 55 FR 42547, 3 CFR, 1990 Comp., p. 306; E.O. 12988, 61 FR 4739; 5 CFR 2635.105, 2635.203(a), 2635.403(a), 2635.701-2635.705, 2635.803, 2635.807(a)(2)(ii); and DOJ Order 1200.1, Chap 11-1.
5:3801	compilation-locator	usc	5:1990 -> (removed)	5 U.S.C. 301, 7301; 5 U.S.C. App.; E.O. 12674, 54 FR 15159, 3 CFR, 1989 Comp., p. 215, as modified by E.O. 12731, 55 FR 42547, 3 CFR, 1990 Comp., p. 306; E.O. 12988, 61 FR 4739; 5 CFR 2635.105, 2635.203(a), 2635.403(a), 2635.701-2635.705, 2635.803, 2635.807(a)(2)(ii); and DOJ Order 1200.1, Chap 11-1.
5:3801	dotted-cfr-section	usc	5:2635 -> (removed)	5 U.S.C. 301, 7301; 5 U.S.C. App.; E.O. 12674, 54 FR 15159, 3 CFR, 1989 Comp., p. 215, as modified by E.O. 12731, 55 FR 42547, 3 CFR, 1990 Comp., p. 306; E.O. 12988, 61 FR 4739; 5 CFR 2635.105, 2635.203(a), 2635.403(a), 2635.701-2635.705, 2635.803, 2635.807(a)(2)(ii); and DOJ Order 1200.1, Chap 11-1.
5:3901	compilation-locator	usc	47:1989 -> (removed)	5 U.S.C. 7301; 5 U.S.C. App. (Ethics in Government Act of 1978); 47 U.S.C. 303(r); E.O. 12674, 54 FR 15159, 3 CFR, 1989 Comp., p. 215, as modified by E.O. 12731, 55 FR 42547, 3 CFR, 1990 Comp., p. 306; 5 CFR 2635.105, 2635.803.
5:3901	compilation-locator	usc	47:1990 -> (removed)	5 U.S.C. 7301; 5 U.S.C. App. (Ethics in Government Act of 1978); 47 U.S.C. 303(r); E.O. 12674, 54 FR 15159, 3 CFR, 1989 Comp., p. 215, as modified by E.O. 12731, 55 FR 42547, 3 CFR, 1990 Comp., p. 306; 5 CFR 2635.105, 2635.803.
5:3901	dotted-cfr-section	usc	47:2635 -> (removed)	5 U.S.C. 7301; 5 U.S.C. App. (Ethics in Government Act of 1978); 47 U.S.C. 303(r); E.O. 12674, 54 FR 15159, 3 CFR, 1989 Comp., p. 215, as modified by E.O. 12731, 55 FR 42547, 3 CFR, 1990 Comp., p. 306; 5 CFR 2635.105, 2635.803.
5:3902	compilation-locator	usc	47:1989 -> (removed)	5 U.S.C. 7301; 5 U.S.C. App. (Ethics in Government Act of 1978); 47 U.S.C. 154(b), (j), (i) and 303(r); E.O. 12674, 54 FR 15159, 3 CFR, 1989 Comp., p. 215, as modified by E.O. 12731, 55 FR 42547, 3 CFR, 1990 Comp., p. 306; 5 CFR 2634.103, 2634.601(b), 2634.901(b).
5:3902	compilation-locator	usc	47:1990 -> (removed)	5 U.S.C. 7301; 5 U.S.C. App. (Ethics in Government Act of 1978); 47 U.S.C. 154(b), (j), (i) and 303(r); E.O. 12674, 54 FR 15159, 3 CFR, 1989 Comp., p. 215, as modified by E.O. 12731, 55 FR 42547, 3 CFR, 1990 Comp., p. 306; 5 CFR 2634.103, 2634.601(b), 2634.901(b).
5:3902	dotted-cfr-section	usc	47:2634 -> (removed)	5 U.S.C. 7301; 5 U.S.C. App. (Ethics in Government Act of 1978); 47 U.S.C. 154(b), (j), (i) and 303(r); E.O. 12674, 54 FR 15159, 3 CFR, 1989 Comp., p. 215, as modified by E.O. 12731, 55 FR 42547, 3 CFR, 1990 Comp., p. 306; 5 CFR 2634.103, 2634.601(b), 2634.901(b).
5:4001	compilation-locator	usc	12:1989 -> (removed)	5 U.S.C. 7301, 7353; 5 U.S.C. App. (Ethics in Government Act of 1978); 12 U.S.C. 2277a-7, 2277a-8; E.O. 12674, 3 CFR, 1989 Comp., p. 215, as modified by E.O. 12731, 3 CFR, 1990 Comp., p. 306; 5 CFR 2635.105, 2635.403(a), 2635.502, 2635.702, 2635.802(a), 2635.803.
5:4001	compilation-locator	usc	12:1990 -> (removed)	5 U.S.C. 7301, 7353; 5 U.S.C. App. (Ethics in Government Act of 1978); 12 U.S.C. 2277a-7, 2277a-8; E.O. 12674, 3 CFR, 1989 Comp., p. 215, as modified by E.O. 12731, 3 CFR, 1990 Comp., p. 306; 5 CFR 2635.105, 2635.403(a), 2635.502, 2635.702, 2635.802(a), 2635.803.
5:4001	dotted-cfr-section	usc	12:2635 -> (removed)	5 U.S.C. 7301, 7353; 5 U.S.C. App. (Ethics in Government Act of 1978); 12 U.S.C. 2277a-7, 2277a-8; E.O. 12674, 3 CFR, 1989 Comp., p. 215, as modified by E.O. 12731, 3 CFR, 1990 Comp., p. 306; 5 CFR 2635.105, 2635.403(a), 2635.502, 2635.702, 2635.802(a), 2635.803.
5:410	compilation-locator	usc	5:1967 -> (removed)	5 U.S.C. 1103(c), 2301, 2302, 4101, et seq.; E.O. 11348, 3 CFR, 1967 Comp., p. 275, E.O. 11478, 3 CFR 1966-1970 Comp., page 803, unless otherwise noted, E.O. 13087; and E.O. 13152.
5:4101	compilation-locator	usc	12:1989 -> (removed)	5 U.S.C. 7301, 7353; 5 U.S.C. App. (Ethics in Government Act of 1978); 12 U.S.C. 2245(c)(2)(C), 2252; E.O. 12674, 3 CFR, 1989 Comp., p. 215, as modified by E.O. 12731, 3 CFR, 1990 Comp., p. 306; 5 CFR 2635.105, 2635.403(a), 2635.502, 2635.702, 2635.802(a), 2635.803.
5:4101	compilation-locator	usc	12:1990 -> (removed)	5 U.S.C. 7301, 7353; 5 U.S.C. App. (Ethics in Government Act of 1978); 12 U.S.C. 2245(c)(2)(C), 2252; E.O. 12674, 3 CFR, 1989 Comp., p. 215, as modified by E.O. 12731, 3 CFR, 1990 Comp., p. 306; 5 CFR 2635.105, 2635.403(a), 2635.502, 2635.702, 2635.802(a), 2635.803.
5:4101	dotted-cfr-section	usc	12:2635 -> (removed)	5 U.S.C. 7301, 7353; 5 U.S.C. App. (Ethics in Government Act of 1978); 12 U.S.C. 2245(c)(2)(C), 2252; E.O. 12674, 3 CFR, 1989 Comp., p. 215, as modified by E.O. 12731, 3 CFR, 1990 Comp., p. 306; 5 CFR 2635.105, 2635.403(a), 2635.502, 2635.702, 2635.802(a), 2635.803.
5:4301	compilation-locator	usc	5:1989 -> (removed)	5 U.S.C. 7301; 5 U.S.C. App. (Ethics in Government Act of 1978); E.O. 12674, 54 FR 15159, 3 CFR, 1989 Comp., p. 215, as modified by E.O. 12731, 55 FR 42547, 3 CFR, 1990 Comp., p. 306; 5 CFR 2635.105, 2635.803.
5:4301	compilation-locator	usc	5:1990 -> (removed)	5 U.S.C. 7301; 5 U.S.C. App. (Ethics in Government Act of 1978); E.O. 12674, 54 FR 15159, 3 CFR, 1989 Comp., p. 215, as modified by E.O. 12731, 55 FR 42547, 3 CFR, 1990 Comp., p. 306; 5 CFR 2635.105, 2635.803.
5:4301	dotted-cfr-section	usc	5:2635 -> (removed)	5 U.S.C. 7301; 5 U.S.C. App. (Ethics in Government Act of 1978); E.O. 12674, 54 FR 15159, 3 CFR, 1989 Comp., p. 215, as modified by E.O. 12731, 55 FR 42547, 3 CFR, 1990 Comp., p. 306; 5 CFR 2635.105, 2635.803.
5:4401	compilation-locator	usc	15:1990 -> (removed)	5 U.S.C. 7301; 5 U.S.C. Ch 131; 15 U.S.C. 77s, 78w, 77sss, 80a-37, 80b-11; E.O. 12674, 54 FR 15159, 3 CFR 1989 Comp., p. 215, as modified by E.O. 12731, 55 FR 42547, 3 CFR, 1990 Comp., p. 306; 5 CFR 2634.103, 2634.201(f), 2634.905, 2635.105, 2635.403, and 2635.803.
5:4401	dotted-cfr-section	usc	15:2634 -> (removed)	5 U.S.C. 7301; 5 U.S.C. Ch 131; 15 U.S.C. 77s, 78w, 77sss, 80a-37, 80b-11; E.O. 12674, 54 FR 15159, 3 CFR 1989 Comp., p. 215, as modified by E.O. 12731, 55 FR 42547, 3 CFR, 1990 Comp., p. 306; 5 CFR 2634.103, 2634.201(f), 2634.905, 2635.105, 2635.403, and 2635.803.
5:4401	dotted-cfr-section	usc	15:2635 -> (removed)	5 U.S.C. 7301; 5 U.S.C. Ch 131; 15 U.S.C. 77s, 78w, 77sss, 80a-37, 80b-11; E.O. 12674, 54 FR 15159, 3 CFR 1989 Comp., p. 215, as modified by E.O. 12731, 55 FR 42547, 3 CFR, 1990 Comp., p. 306; 5 CFR 2634.103, 2634.201(f), 2634.905, 2635.105, 2635.403, and 2635.803.
5:4501	compilation-locator	usc	5:1989 -> (removed)	5 U.S.C. 7301; 5 U.S.C. App. (Ethics in Government Act of 1978), E.O. 12674, 54 FR 15159, 3 CFR, 1989 Comp., p. 215, as modified by E.O. 12731, 55 FR 42547, 3 CFR, 1990 Comp., p. 306; 5 CFR 2635.105, 2635.702, 2635.703, 2635.802, 2635.803, 2635.805.
5:4501	compilation-locator	usc	5:1990 -> (removed)	5 U.S.C. 7301; 5 U.S.C. App. (Ethics in Government Act of 1978), E.O. 12674, 54 FR 15159, 3 CFR, 1989 Comp., p. 215, as modified by E.O. 12731, 55 FR 42547, 3 CFR, 1990 Comp., p. 306; 5 CFR 2635.105, 2635.702, 2635.703, 2635.802, 2635.803, 2635.805.
5:4501	dotted-cfr-section	usc	5:2635 -> (removed)	5 U.S.C. 7301; 5 U.S.C. App. (Ethics in Government Act of 1978), E.O. 12674, 54 FR 15159, 3 CFR, 1989 Comp., p. 215, as modified by E.O. 12731, 55 FR 42547, 3 CFR, 1990 Comp., p. 306; 5 CFR 2635.105, 2635.702, 2635.703, 2635.802, 2635.803, 2635.805.
5:451	compilation-locator	usc	5:1966 -> (removed)	5 U.S.C. 4302, 4501-4509; E.O. 11438, 33 FR 18085, 3 CFR, 1966-1970 Comp., p. 755; E.O. 12828, 58 FR 2965, 3 CFR, 1993 Comp., p. 569.
5:451	compilation-locator	usc	5:1993 -> (removed)	5 U.S.C. 4302, 4501-4509; E.O. 11438, 33 FR 18085, 3 CFR, 1966-1970 Comp., p. 755; E.O. 12828, 58 FR 2965, 3 CFR, 1993 Comp., p. 569.
5:4601	compilation-locator	usc	5:1989 -> (removed)	5 U.S.C. 301, 7301, 7353; 5 U.S.C. App. (Ethics in Government Act of 1978); E.O. 12674, 54 FR 15159, 3 CFR, 1989 Comp., p. 215, as modified by E.O. 12731, 55 FR 42547, 3 CFR, 1990 Comp., p. 306; 5 CFR 2635.105, 2635.203(a), 2635.403(a), 2635.702, 2635.703, 2635.802(a), 2635.803, 2635.
5:4601	compilation-locator	usc	5:1990 -> (removed)	5 U.S.C. 301, 7301, 7353; 5 U.S.C. App. (Ethics in Government Act of 1978); E.O. 12674, 54 FR 15159, 3 CFR, 1989 Comp., p. 215, as modified by E.O. 12731, 55 FR 42547, 3 CFR, 1990 Comp., p. 306; 5 CFR 2635.105, 2635.203(a), 2635.403(a), 2635.702, 2635.703, 2635.802(a), 2635.803, 2635.
5:4701	dotted-cfr-section	usc	5:2635 -> (removed)	2 U.S.C. 437c(a)(3); 5 U.S.C. 7301; 5 U.S.C. app. (Ethics in Government Act of 1978); E.O. 12674, 54 FR 15159, 3 CFR p. 215 (1989 Comp.), as modified by E.O. 12731, 55 FR 42547, 3 CFR p. 306 (1990 Comp.); 5 CFR 2635.105 and 2635.803.
5:5001	compilation-locator	usc	49:1989 -> (removed)	5 U.S.C. 7301; 5 U.S.C. App. (Ethics in Government Act of 1978); 49 U.S.C. 10301, 10306, 10321; E.O. 12674, 54 FR 15159, 3 CFR, 1989 Comp. at 215, as modified by E.O. 12731, 55 FR 42547, 3 CFR, 1990 Comp., at 306; 5 CFR 2635.105, 2635.403, 2635.803.
5:5001	compilation-locator	usc	49:1990 -> (removed)	5 U.S.C. 7301; 5 U.S.C. App. (Ethics in Government Act of 1978); 49 U.S.C. 10301, 10306, 10321; E.O. 12674, 54 FR 15159, 3 CFR, 1989 Comp. at 215, as modified by E.O. 12731, 55 FR 42547, 3 CFR, 1990 Comp., at 306; 5 CFR 2635.105, 2635.403, 2635.803.
5:5001	dotted-cfr-section	usc	49:2635 -> (removed)	5 U.S.C. 7301; 5 U.S.C. App. (Ethics in Government Act of 1978); 49 U.S.C. 10301, 10306, 10321; E.O. 12674, 54 FR 15159, 3 CFR, 1989 Comp. at 215, as modified by E.O. 12731, 55 FR 42547, 3 CFR, 1990 Comp., at 306; 5 CFR 2635.105, 2635.403, 2635.803.
5:5101	compilation-locator	usc	7:1989 -> (removed)	5 U.S.C. 7301, 7353; 5 U.S.C. App. (Ethics in Government Act of 1978); 7 U.S.C. 4a(f) and (j); E.O. 12674, 54 FR 15159, 3 CFR, 1989 Comp., p. 215, as modified by E.O. 12731, 55 FR 42547, 3 CFR, 1990 Comp., p. 306; 5 CFR 2635.105, 2635.403(a), 2635.802(a), 2635.803.
5:5101	compilation-locator	usc	7:1990 -> (removed)	5 U.S.C. 7301, 7353; 5 U.S.C. App. (Ethics in Government Act of 1978); 7 U.S.C. 4a(f) and (j); E.O. 12674, 54 FR 15159, 3 CFR, 1989 Comp., p. 215, as modified by E.O. 12731, 55 FR 42547, 3 CFR, 1990 Comp., p. 306; 5 CFR 2635.105, 2635.403(a), 2635.802(a), 2635.803.
5:5101	dotted-cfr-section	usc	7:2635 -> (removed)	5 U.S.C. 7301, 7353; 5 U.S.C. App. (Ethics in Government Act of 1978); 7 U.S.C. 4a(f) and (j); E.O. 12674, 54 FR 15159, 3 CFR, 1989 Comp., p. 215, as modified by E.O. 12731, 55 FR 42547, 3 CFR, 1990 Comp., p. 306; 5 CFR 2635.105, 2635.403(a), 2635.802(a), 2635.803.
5:5201	compilation-locator	usc	5:1989 -> (removed)	5 U.S.C. 301, 7301, 7353; 5 U.S.C. App. (Ethics in Government Act); E.O. 12674, 54 FR 15159, 3 CFR, 1989 Comp., p. 215, as modified by E.O. 12731, 55 FR 42547, 3 CFR, 1990 Comp., p. 306; 5 CFR 2635.105, 2635.203(a), 2635.403(a), 2635.803.
5:5201	compilation-locator	usc	5:1990 -> (removed)	5 U.S.C. 301, 7301, 7353; 5 U.S.C. App. (Ethics in Government Act); E.O. 12674, 54 FR 15159, 3 CFR, 1989 Comp., p. 215, as modified by E.O. 12731, 55 FR 42547, 3 CFR, 1990 Comp., p. 306; 5 CFR 2635.105, 2635.203(a), 2635.403(a), 2635.803.
5:5201	dotted-cfr-section	usc	5:2635 -> (removed)	5 U.S.C. 301, 7301, 7353; 5 U.S.C. App. (Ethics in Government Act); E.O. 12674, 54 FR 15159, 3 CFR, 1989 Comp., p. 215, as modified by E.O. 12731, 55 FR 42547, 3 CFR, 1990 Comp., p. 306; 5 CFR 2635.105, 2635.203(a), 2635.403(a), 2635.803.
5:5301	compilation-locator	usc	42:1989 -> (removed)	5 U.S.C. 7301; 5 U.S.C. App. (Ethics in Government Act of 1978); 42 U.S.C. 1870(a); E.O. 12674, 54 FR 15159, 3 CFR, 1989 Comp., p. 215, as modified by E.O. 12731, 55 FR 42547, 3 CFR 1990 Comp., p. 306; 5 CFR 2635.105, 2635.502, 2635.802(a), 2635.803.
5:5301	dotted-cfr-section	usc	42:2635 -> (removed)	5 U.S.C. 7301; 5 U.S.C. App. (Ethics in Government Act of 1978); 42 U.S.C. 1870(a); E.O. 12674, 54 FR 15159, 3 CFR, 1989 Comp., p. 215, as modified by E.O. 12731, 55 FR 42547, 3 CFR 1990 Comp., p. 306; 5 CFR 2635.105, 2635.502, 2635.802(a), 2635.803.
5:531	compilation-locator	usc	5:1991 -> (removed)	5 U.S.C. 5115, 5307, and 5338; sec. 4 of Public Law 103-89, 107 Stat. 981; and E.O. 12748, 56 FR 4521, 3 CFR, 1991 Comp., p. 316; Subpart B also issued under 5 U.S.C. 5303(g), 5305, 5333, 5334(a) and (b), and 7701(b)(2); Subpart D also issued under 5 U.S.C. 5335 and 7701(b)(2); Subpart E also issued under 5 U.S.C. 5336; Subpart F also issued under 5 U.S.C. 5304, 5305, and 5941(a); E.O. 12883, 58 FR 63281, 3 CFR, 1993 Comp., p. 682; and E.O. 13106, 63 FR 68151, 3 CFR, 1998 Comp., p. 224.
5:531	compilation-locator	usc	5:1993 -> (removed)	5 U.S.C. 5115, 5307, and 5338; sec. 4 of Public Law 103-89, 107 Stat. 981; and E.O. 12748, 56 FR 4521, 3 CFR, 1991 Comp., p. 316; Subpart B also issued under 5 U.S.C. 5303(g), 5305, 5333, 5334(a) and (b), and 7701(b)(2); Subpart D also issued under 5 U.S.C. 5335 and 7701(b)(2); Subpart E also issued under 5 U.S.C. 5336; Subpart F also issued under 5 U.S.C. 5304, 5305, and 5941(a); E.O. 12883, 58 FR 63281, 3 CFR, 1993 Comp., p. 682; and E.O. 13106, 63 FR 68151, 3 CFR, 1998 Comp., p. 224.
5:531	compilation-locator	usc	5:1998 -> (removed)	5 U.S.C. 5115, 5307, and 5338; sec. 4 of Public Law 103-89, 107 Stat. 981; and E.O. 12748, 56 FR 4521, 3 CFR, 1991 Comp., p. 316; Subpart B also issued under 5 U.S.C. 5303(g), 5305, 5333, 5334(a) and (b), and 7701(b)(2); Subpart D also issued under 5 U.S.C. 5335 and 7701(b)(2); Subpart E also issued under 5 U.S.C. 5336; Subpart F also issued under 5 U.S.C. 5304, 5305, and 5941(a); E.O. 12883, 58 FR 63281, 3 CFR, 1993 Comp., p. 682; and E.O. 13106, 63 FR 68151, 3 CFR, 1998 Comp., p. 224.
5:537	compilation-locator	usc	5:1966 -> (removed)	5 U.S.C. 2301, 2302, and 5379(g). E.O. 11478, 3 CFR, 1966-1970 Comp., p. 803, unless otherwise noted; E.O. 13087, 63 FR 30097, 3 CFR, 1998 Comp., p. 191; and E.O. 13152, 65 FR 26115, 3 CFR, 2000 Comp., p. 264.
5:537	compilation-locator	usc	5:1998 -> (removed)	5 U.S.C. 2301, 2302, and 5379(g). E.O. 11478, 3 CFR, 1966-1970 Comp., p. 803, unless otherwise noted; E.O. 13087, 63 FR 30097, 3 CFR, 1998 Comp., p. 191; and E.O. 13152, 65 FR 26115, 3 CFR, 2000 Comp., p. 264.
5:537	compilation-locator	usc	5:2000 -> (removed)	5 U.S.C. 2301, 2302, and 5379(g). E.O. 11478, 3 CFR, 1966-1970 Comp., p. 803, unless otherwise noted; E.O. 13087, 63 FR 30097, 3 CFR, 1998 Comp., p. 191; and E.O. 13152, 65 FR 26115, 3 CFR, 2000 Comp., p. 264.
5:550	compilation-locator	usc	5:1992 -> (removed)	5 U.S.C. 5304 note, 5305 note, 5504(d), 5541(2)(iv), 5545a(h)(2)(B) and (i), 5547(b) and (c), 5548, and 6101(c); sections 407 and 2316, Pub. L. 105-277, 112 Stat. 2681-101 and 2681-828 (5 U.S.C. 5545a); section 2(h), Pub. L. 113-277, 128 Stat. 3005; E.O. 12748, 3 CFR, 1992 Comp., p. 316.
5:5501	compilation-locator	usc	42:1989 -> (removed)	5 U.S.C. 301, 7301, 7353; 5 U.S.C. App. (Ethics in Government Act of 1978); 25 U.S.C. 450i(f); 42 U.S.C. 216; E.O. 12674, 54 FR 15159, 3 CFR, 1989 Comp., p. 215, as modified by E.O. 12731, 55 FR 42547, 3 CFR, 1990 Comp., p. 306; 5 CFR 2635.105, 2635.203, 2635.403, 2635.802, 2635.803.
5:5501	compilation-locator	usc	42:1990 -> (removed)	5 U.S.C. 301, 7301, 7353; 5 U.S.C. App. (Ethics in Government Act of 1978); 25 U.S.C. 450i(f); 42 U.S.C. 216; E.O. 12674, 54 FR 15159, 3 CFR, 1989 Comp., p. 215, as modified by E.O. 12731, 55 FR 42547, 3 CFR, 1990 Comp., p. 306; 5 CFR 2635.105, 2635.203, 2635.403, 2635.802, 2635.803.
5:5501	dotted-cfr-section	usc	42:2635 -> (removed)	5 U.S.C. 301, 7301, 7353; 5 U.S.C. App. (Ethics in Government Act of 1978); 25 U.S.C. 450i(f); 42 U.S.C. 216; E.O. 12674, 54 FR 15159, 3 CFR, 1989 Comp., p. 215, as modified by E.O. 12731, 55 FR 42547, 3 CFR, 1990 Comp., p. 306; 5 CFR 2635.105, 2635.203, 2635.403, 2635.802, 2635.803.
5:5502	compilation-locator	usc	5:1989 -> (removed)	5 U.S.C. 301, 7301; 5 U.S.C. App. (Ethics in Government Act of 1978); E.O. 12674, 54 FR 15159, 3 CFR, 1989 Comp., p. 215, as modified by E.O. 12731, 55 FR 42547, 3 CFR, 1990 Comp., p. 306; 5 CFR 2634.103.
5:5502	compilation-locator	usc	5:1990 -> (removed)	5 U.S.C. 301, 7301; 5 U.S.C. App. (Ethics in Government Act of 1978); E.O. 12674, 54 FR 15159, 3 CFR, 1989 Comp., p. 215, as modified by E.O. 12731, 55 FR 42547, 3 CFR, 1990 Comp., p. 306; 5 CFR 2634.103.
5:5601	compilation-locator	usc	39:1989 -> (removed)	5 U.S.C. 7301; 5 U.S.C. App. (Ethics in Government Act of 1978); 39 U.S.C. 503; E.O. 12674, 54 FR 15159, 3 CFR, 1989 Comp., p. 215, as modified by E.O. 12731, 55 FR 42547, 3 CFR, 1990 Comp., p. 306; 5 CFR 2635.105, 2635.403(a), 2635.802(a), 2635.803.
5:5601	compilation-locator	usc	39:1990 -> (removed)	5 U.S.C. 7301; 5 U.S.C. App. (Ethics in Government Act of 1978); 39 U.S.C. 503; E.O. 12674, 54 FR 15159, 3 CFR, 1989 Comp., p. 215, as modified by E.O. 12731, 55 FR 42547, 3 CFR, 1990 Comp., p. 306; 5 CFR 2635.105, 2635.403(a), 2635.802(a), 2635.803.
5:5601	dotted-cfr-section	usc	39:2635 -> (removed)	5 U.S.C. 7301; 5 U.S.C. App. (Ethics in Government Act of 1978); 39 U.S.C. 503; E.O. 12674, 54 FR 15159, 3 CFR, 1989 Comp., p. 215, as modified by E.O. 12731, 55 FR 42547, 3 CFR, 1990 Comp., p. 306; 5 CFR 2635.105, 2635.403(a), 2635.802(a), 2635.803.
5:5701	compilation-locator	usc	15:1989 -> (removed)	5 U.S.C. 7301; 5 U.S.C. App. (Ethics in Government Act of 1978); 15 U.S.C. 46(g); E.O. 12674, 54 FR 15159, 3 CFR, 1989 Comp., p. 215, as modified by E.O. 12731, 55 FR 42547, 3 CFR, 1990 Comp., p. 306; 5 CFR 2635.105, 2635.803, 2635.808(c).
5:5701	compilation-locator	usc	15:1990 -> (removed)	5 U.S.C. 7301; 5 U.S.C. App. (Ethics in Government Act of 1978); 15 U.S.C. 46(g); E.O. 12674, 54 FR 15159, 3 CFR, 1989 Comp., p. 215, as modified by E.O. 12731, 55 FR 42547, 3 CFR, 1990 Comp., p. 306; 5 CFR 2635.105, 2635.803, 2635.808(c).
5:5701	dotted-cfr-section	usc	15:2635 -> (removed)	5 U.S.C. 7301; 5 U.S.C. App. (Ethics in Government Act of 1978); 15 U.S.C. 46(g); E.O. 12674, 54 FR 15159, 3 CFR, 1989 Comp., p. 215, as modified by E.O. 12731, 55 FR 42547, 3 CFR, 1990 Comp., p. 306; 5 CFR 2635.105, 2635.803, 2635.808(c).
5:5801	compilation-locator	usc	42:1989 -> (removed)	5 U.S.C. 7301; 5 U.S.C. Appendix (Ethics in Government Act of 1978); Atomic Energy Act of 1954, sec. 161 (42 U.S.C. 2201); Energy Reorganization Act of 1974, sec. 201 (42 U.S.C. 5841); E.O. 12674, 54 FR 15159, 3 CFR, 1989 Comp., p. 215, as modified by E.O. 12731, 55 FR 42547, 3 CFR, 1990 Comp., p. 306; 5 CFR 2635.105, 2635.403, 2635.803.
5:5801	compilation-locator	usc	42:1990 -> (removed)	5 U.S.C. 7301; 5 U.S.C. Appendix (Ethics in Government Act of 1978); Atomic Energy Act of 1954, sec. 161 (42 U.S.C. 2201); Energy Reorganization Act of 1974, sec. 201 (42 U.S.C. 5841); E.O. 12674, 54 FR 15159, 3 CFR, 1989 Comp., p. 215, as modified by E.O. 12731, 55 FR 42547, 3 CFR, 1990 Comp., p. 306; 5 CFR 2635.105, 2635.403, 2635.803.
5:5801	dotted-cfr-section	usc	42:2635 -> (removed)	5 U.S.C. 7301; 5 U.S.C. Appendix (Ethics in Government Act of 1978); Atomic Energy Act of 1954, sec. 161 (42 U.S.C. 2201); Energy Reorganization Act of 1974, sec. 201 (42 U.S.C. 5841); E.O. 12674, 54 FR 15159, 3 CFR, 1989 Comp., p. 215, as modified by E.O. 12731, 55 FR 42547, 3 CFR, 1990 Comp., p. 306; 5 CFR 2635.105, 2635.403, 2635.803.
5:581	compilation-locator	usc	15:1978 -> (removed)	42 U.S.C. 659; 15 U.S.C. 1673; E.O. 12105, 43 FR 59465, 3 CFR, 1978 Comp., p. 262. Secs. 581.102 and 581.306 also issued under 5 U.S.C. 8336a and 8412a.
5:581	dotted-cfr-section	usc	15:581 -> (removed)	42 U.S.C. 659; 15 U.S.C. 1673; E.O. 12105, 43 FR 59465, 3 CFR, 1978 Comp., p. 262. Secs. 581.102 and 581.306 also issued under 5 U.S.C. 8336a and 8412a.
5:5901	compilation-locator	usc	5:1989 -> (removed)	5 U.S.C. 7105; 5 U.S.C. App. (Ethics in Government Act of 1978); E.O. 12674, 54 FR 15159, 3 CFR, 1989 Comp., p. 215, as modified by E.O. 12731, 55 FR 42547, 3 CFR, 1990 Comp., p. 306; 5 CFR 2635.105, 2635.803.
5:5901	compilation-locator	usc	5:1990 -> (removed)	5 U.S.C. 7105; 5 U.S.C. App. (Ethics in Government Act of 1978); E.O. 12674, 54 FR 15159, 3 CFR, 1989 Comp., p. 215, as modified by E.O. 12731, 55 FR 42547, 3 CFR, 1990 Comp., p. 306; 5 CFR 2635.105, 2635.803.
5:5901	dotted-cfr-section	usc	5:2635 -> (removed)	5 U.S.C. 7105; 5 U.S.C. App. (Ethics in Government Act of 1978); E.O. 12674, 54 FR 15159, 3 CFR, 1989 Comp., p. 215, as modified by E.O. 12731, 55 FR 42547, 3 CFR, 1990 Comp., p. 306; 5 CFR 2635.105, 2635.803.
5:6001	compilation-locator	usc	49:1989 -> (removed)	5 U.S.C. 301, 7301, 7353; 5 U.S.C. App. (Ethics in Government Act of 1978); 49 U.S.C. 322; E.O. 12674, 54 FR 15159, 3 CFR, 1989 Comp., p. 215, as modified by E.O. 12731, 55 FR 42547, 3 CFR, 1990 Comp., p. 306; 5 CFR 2635.105, 2635.203(a), 2635.403(a), 2635.807.
5:6001	compilation-locator	usc	49:1990 -> (removed)	5 U.S.C. 301, 7301, 7353; 5 U.S.C. App. (Ethics in Government Act of 1978); 49 U.S.C. 322; E.O. 12674, 54 FR 15159, 3 CFR, 1989 Comp., p. 215, as modified by E.O. 12731, 55 FR 42547, 3 CFR, 1990 Comp., p. 306; 5 CFR 2635.105, 2635.203(a), 2635.403(a), 2635.807.
5:6001	dotted-cfr-section	usc	49:2635 -> (removed)	5 U.S.C. 301, 7301, 7353; 5 U.S.C. App. (Ethics in Government Act of 1978); 49 U.S.C. 322; E.O. 12674, 54 FR 15159, 3 CFR, 1989 Comp., p. 215, as modified by E.O. 12731, 55 FR 42547, 3 CFR, 1990 Comp., p. 306; 5 CFR 2635.105, 2635.203(a), 2635.403(a), 2635.807.
5:610	compilation-locator	usc	5:1964 -> (removed)	5 U.S.C. 6101; sec. 1(1) of E.O. 11228, 3 CFR, 1964-1965 Comp., p. 317.
5:6201	compilation-locator	usc	5:1989 -> (removed)	5 U.S.C. 7301; 5 U.S.C. App. (Ethics in Government Act of 1978); E.O. 12674, 54 FR 15159, 3 CFR, 1989 Comp., p. 215, as modified by E.O. 12731, 55 FR 42547, 3 CFR, 1990 Comp., p. 306; 5 CFR 2635.105, 2635.803.
5:6201	compilation-locator	usc	5:1990 -> (removed)	5 U.S.C. 7301; 5 U.S.C. App. (Ethics in Government Act of 1978); E.O. 12674, 54 FR 15159, 3 CFR, 1989 Comp., p. 215, as modified by E.O. 12731, 55 FR 42547, 3 CFR, 1990 Comp., p. 306; 5 CFR 2635.105, 2635.803.
5:6201	dotted-cfr-section	usc	5:2635 -> (removed)	5 U.S.C. 7301; 5 U.S.C. App. (Ethics in Government Act of 1978); E.O. 12674, 54 FR 15159, 3 CFR, 1989 Comp., p. 215, as modified by E.O. 12731, 55 FR 42547, 3 CFR, 1990 Comp., p. 306; 5 CFR 2635.105, 2635.803.
5:630	compilation-locator	usc	5:1974 -> (removed)	Subparts A through E issued under 5 U.S.C. 6133(a) (read with 5 U.S.C. 6129), 6303(e) and (f), 6304(d)(2), 6306(b), 6308(a) and 6311; subpart F issued under 5 U.S.C. 6305(a) and 6311 and E.O. 11228, 30 FR 7739, 3 CFR, 1974 Comp., p. 163; subpart G issued under 5 U.S.C. 6305(c) and 6311; subpart H issued under 5 U.S.C. 6133(a) (read with 5 U.S.C. 6129) and 6326(b); subpart I issued under 5 U.S.C. 6332, 6334(c), 6336(a)(1) and (d), and 6340; subpart J issued under 5 U.S.C. 6340, 6363, 6365(d), 6367(e), 6373(a); subpart K issued under 5 U.S.C. 6391(g); subpart L issued under 5 U.S.C. 6383(f) and 6387; subpart M issued under Sec. 2(d), Pub. L. 114-75, 129 Stat. 641 (5 U.S.C. 6329 note); subpart N issued under 5 U.S.C. 6329a(c); subpart O issued under 5 U.S.C. 6329b(h); and subpart P issued under 5 U.S.C. 6329c(d).
5:6301	compilation-locator	usc	5:1989 -> (removed)	5 U.S.C. 301, 7301; 5 U.S.C. App. (Ethics in Government Act of 1978); E.O. 12674, 3 CFR, 1989 Comp., p. 215, as modified by E.O. 12731, 3 CFR, 1990 Comp., p. 306; 5 CFR 2635.105, 2635.803.
5:6301	compilation-locator	usc	5:1990 -> (removed)	5 U.S.C. 301, 7301; 5 U.S.C. App. (Ethics in Government Act of 1978); E.O. 12674, 3 CFR, 1989 Comp., p. 215, as modified by E.O. 12731, 3 CFR, 1990 Comp., p. 306; 5 CFR 2635.105, 2635.803.
5:6301	dotted-cfr-section	usc	5:2635 -> (removed)	5 U.S.C. 301, 7301; 5 U.S.C. App. (Ethics in Government Act of 1978); E.O. 12674, 3 CFR, 1989 Comp., p. 215, as modified by E.O. 12731, 3 CFR, 1990 Comp., p. 306; 5 CFR 2635.105, 2635.803.
5:6401	compilation-locator	usc	42:1989 -> (removed)	5 U.S.C. 7301; 5 U.S.C. App. (Ethics in Government Act of 1978); 42 U.S.C. 203(c)(1); E.O. 12674, 54 FR 15159, 3 CFR, 1989 Comp., p. 215, as modified by E.O. 12731, 55 FR 42547, 3 CFR, 1990 Comp., p. 306; 5 CFR 2635.105, 2635.403(a), 2635.802(a), 2635.803.
5:6401	compilation-locator	usc	42:1990 -> (removed)	5 U.S.C. 7301; 5 U.S.C. App. (Ethics in Government Act of 1978); 42 U.S.C. 203(c)(1); E.O. 12674, 54 FR 15159, 3 CFR, 1989 Comp., p. 215, as modified by E.O. 12731, 55 FR 42547, 3 CFR, 1990 Comp., p. 306; 5 CFR 2635.105, 2635.403(a), 2635.802(a), 2635.803.
5:6401	dotted-cfr-section	usc	42:2635 -> (removed)	5 U.S.C. 7301; 5 U.S.C. App. (Ethics in Government Act of 1978); 42 U.S.C. 203(c)(1); E.O. 12674, 54 FR 15159, 3 CFR, 1989 Comp., p. 215, as modified by E.O. 12731, 55 FR 42547, 3 CFR, 1990 Comp., p. 306; 5 CFR 2635.105, 2635.403(a), 2635.802(a), 2635.803.
5:6501	compilation-locator	usc	5:1989 -> (removed)	5 U.S.C. 7301, 5 U.S.C. App. (Ethics in Government Act of 1978); E.O. 12674, 54 FR 15159, 3 CFR, 1989 Comp., p. 215, as modified by E.O. 12731, 55 FR 42547, 3 CFR, 1990 Comp., p. 306; 5 CFR 2635.105, 2635.803.
5:6501	compilation-locator	usc	5:1990 -> (removed)	5 U.S.C. 7301, 5 U.S.C. App. (Ethics in Government Act of 1978); E.O. 12674, 54 FR 15159, 3 CFR, 1989 Comp., p. 215, as modified by E.O. 12731, 55 FR 42547, 3 CFR, 1990 Comp., p. 306; 5 CFR 2635.105, 2635.803.
5:6501	dotted-cfr-section	usc	5:2635 -> (removed)	5 U.S.C. 7301, 5 U.S.C. App. (Ethics in Government Act of 1978); E.O. 12674, 54 FR 15159, 3 CFR, 1989 Comp., p. 215, as modified by E.O. 12731, 55 FR 42547, 3 CFR, 1990 Comp., p. 306; 5 CFR 2635.105, 2635.803.
5:6601	compilation-locator	usc	5:1989 -> (removed)	5 U.S.C. 7301, 5 U.S.C. App. (Ethics in Government Act of 1978); E.O. 12674, 54 FR 15159, 3 CFR, 1989 Comp., p. 215, as modified by E.O. 12731, 55 FR 42547, 3 CFR, 1990 Comp., p. 306; 5 CFR 2635.105, 2635.803.
5:6601	compilation-locator	usc	5:1990 -> (removed)	5 U.S.C. 7301, 5 U.S.C. App. (Ethics in Government Act of 1978); E.O. 12674, 54 FR 15159, 3 CFR, 1989 Comp., p. 215, as modified by E.O. 12731, 55 FR 42547, 3 CFR, 1990 Comp., p. 306; 5 CFR 2635.105, 2635.803.
5:6601	dotted-cfr-section	usc	5:2635 -> (removed)	5 U.S.C. 7301, 5 U.S.C. App. (Ethics in Government Act of 1978); E.O. 12674, 54 FR 15159, 3 CFR, 1989 Comp., p. 215, as modified by E.O. 12731, 55 FR 42547, 3 CFR, 1990 Comp., p. 306; 5 CFR 2635.105, 2635.803.
5:6701	compilation-locator	usc	5:1989 -> (removed)	5 U.S.C. 7301; 5 U.S.C. App. (Ethics in Government Act of 1978); E.O. 12674, 54 FR 15159, 3 CFR, 1989 Comp., p. 215, as modified by E.O. 12731, 55 FR 42547, 3 CFR, 1990 Comp., p. 306; 5 CFR 2635.105, 2635.702, 2635.703, 2635.802, 2635.803.
5:6701	compilation-locator	usc	5:1990 -> (removed)	5 U.S.C. 7301; 5 U.S.C. App. (Ethics in Government Act of 1978); E.O. 12674, 54 FR 15159, 3 CFR, 1989 Comp., p. 215, as modified by E.O. 12731, 55 FR 42547, 3 CFR, 1990 Comp., p. 306; 5 CFR 2635.105, 2635.702, 2635.703, 2635.802, 2635.803.
5:6701	dotted-cfr-section	usc	5:2635 -> (removed)	5 U.S.C. 7301; 5 U.S.C. App. (Ethics in Government Act of 1978); E.O. 12674, 54 FR 15159, 3 CFR, 1989 Comp., p. 215, as modified by E.O. 12731, 55 FR 42547, 3 CFR, 1990 Comp., p. 306; 5 CFR 2635.105, 2635.702, 2635.703, 2635.802, 2635.803.
5:6801	compilation-locator	usc	12:1989 -> (removed)	5 U.S.C. 7301; 5 U.S.C. App. (Ethics in Government Act of 1978); 12 U.S.C. 244, 248; E.O. 12674, 54 FR 15159, 3 CFR, 1989 Comp., p.215, as modified by E.O. 12731, 55 FR 42547, 3 CFR, 1990 Comp., p.306; 5 CFR 2635.105, 2635.403(a), 2635.502, 2635.803.
5:6801	compilation-locator	usc	12:1990 -> (removed)	5 U.S.C. 7301; 5 U.S.C. App. (Ethics in Government Act of 1978); 12 U.S.C. 244, 248; E.O. 12674, 54 FR 15159, 3 CFR, 1989 Comp., p.215, as modified by E.O. 12731, 55 FR 42547, 3 CFR, 1990 Comp., p.306; 5 CFR 2635.105, 2635.403(a), 2635.502, 2635.803.
5:6801	dotted-cfr-section	usc	12:2635 -> (removed)	5 U.S.C. 7301; 5 U.S.C. App. (Ethics in Government Act of 1978); 12 U.S.C. 244, 248; E.O. 12674, 54 FR 15159, 3 CFR, 1989 Comp., p.215, as modified by E.O. 12731, 55 FR 42547, 3 CFR, 1990 Comp., p.306; 5 CFR 2635.105, 2635.403(a), 2635.502, 2635.803.
5:6901	compilation-locator	usc	51:1989 -> (removed)	5 U.S.C. 7301; 5 U.S.C. App. (Ethics in Government Act of 1978); 51 U.S.C. 20113(a); E.O. 12674, 54 FR 15159, 3 CFR, 1989 Comp., p. 215, as modified by E.O. 12731, 55 FR 42547, 3 CFR, 1990 Comp., p. 306; 5 CFR 2635.105, 2635.403(a), 2635.802(a), 2635.803.
5:6901	compilation-locator	usc	51:1990 -> (removed)	5 U.S.C. 7301; 5 U.S.C. App. (Ethics in Government Act of 1978); 51 U.S.C. 20113(a); E.O. 12674, 54 FR 15159, 3 CFR, 1989 Comp., p. 215, as modified by E.O. 12731, 55 FR 42547, 3 CFR, 1990 Comp., p. 306; 5 CFR 2635.105, 2635.403(a), 2635.802(a), 2635.803.
5:6901	dotted-cfr-section	usc	51:2635 -> (removed)	5 U.S.C. 7301; 5 U.S.C. App. (Ethics in Government Act of 1978); 51 U.S.C. 20113(a); E.O. 12674, 54 FR 15159, 3 CFR, 1989 Comp., p. 215, as modified by E.O. 12731, 55 FR 42547, 3 CFR, 1990 Comp., p. 306; 5 CFR 2635.105, 2635.403(a), 2635.802(a), 2635.803.
5:7001	compilation-locator	usc	39:1989 -> (removed)	5 U.S.C. 7301; 5 U.S.C. Chapter 131; 39 U.S.C. 401; E.O. 12674, 54 FR 15159, 3 CFR, 1989 Comp., p. 215, as modified by E.O. 12731, 55 FR 42547, 3 CFR, 1990 Comp., p. 306; 5 CFR 2635.105, 2635.802, and 2635.803.
5:7001	compilation-locator	usc	39:1990 -> (removed)	5 U.S.C. 7301; 5 U.S.C. Chapter 131; 39 U.S.C. 401; E.O. 12674, 54 FR 15159, 3 CFR, 1989 Comp., p. 215, as modified by E.O. 12731, 55 FR 42547, 3 CFR, 1990 Comp., p. 306; 5 CFR 2635.105, 2635.802, and 2635.803.
5:7001	dotted-cfr-section	usc	39:2635 -> (removed)	5 U.S.C. 7301; 5 U.S.C. Chapter 131; 39 U.S.C. 401; E.O. 12674, 54 FR 15159, 3 CFR, 1989 Comp., p. 215, as modified by E.O. 12731, 55 FR 42547, 3 CFR, 1990 Comp., p. 306; 5 CFR 2635.105, 2635.802, and 2635.803.
5:7101	compilation-locator	usc	29:1989 -> (removed)	5 U.S.C. 7301; 5 U.S.C. App. (Ethics in Government Act of 1978); 29 U.S.C. 141, 156; E.O. 12674, 54 FR 15159, 3 CFR, 1989 Comp., p. 215, as modified by E.O. 12731, 55 FR 42457, 3 CFR, 1990 Comp., p. 306; 5 CFR 2635.105, 2635.402(c), 2635.803, and 2638.202(b).
5:7101	compilation-locator	usc	29:1990 -> (removed)	5 U.S.C. 7301; 5 U.S.C. App. (Ethics in Government Act of 1978); 29 U.S.C. 141, 156; E.O. 12674, 54 FR 15159, 3 CFR, 1989 Comp., p. 215, as modified by E.O. 12731, 55 FR 42457, 3 CFR, 1990 Comp., p. 306; 5 CFR 2635.105, 2635.402(c), 2635.803, and 2638.202(b).
5:7101	dotted-cfr-section	usc	29:2635 -> (removed)	5 U.S.C. 7301; 5 U.S.C. App. (Ethics in Government Act of 1978); 29 U.S.C. 141, 156; E.O. 12674, 54 FR 15159, 3 CFR, 1989 Comp., p. 215, as modified by E.O. 12731, 55 FR 42457, 3 CFR, 1990 Comp., p. 306; 5 CFR 2635.105, 2635.402(c), 2635.803, and 2638.202(b).
5:7101	dotted-cfr-section	usc	29:2638 -> (removed)	5 U.S.C. 7301; 5 U.S.C. App. (Ethics in Government Act of 1978); 29 U.S.C. 141, 156; E.O. 12674, 54 FR 15159, 3 CFR, 1989 Comp., p. 215, as modified by E.O. 12731, 55 FR 42457, 3 CFR, 1990 Comp., p. 306; 5 CFR 2635.105, 2635.402(c), 2635.803, and 2638.202(b).
5:715	compilation-locator	usc	5:1954 -> (removed)	5 U.S.C. 1302, 3301, 3302, 7301; E.O. 10577, 3 CFR, 1954-1958 Comp., p. 218; E.O. 11222, 3 CFR, 1964-1965 Comp., p. 306.
5:715	compilation-locator	usc	5:1964 -> (removed)	5 U.S.C. 1302, 3301, 3302, 7301; E.O. 10577, 3 CFR, 1954-1958 Comp., p. 218; E.O. 11222, 3 CFR, 1964-1965 Comp., p. 306.
5:7201	compilation-locator	usc	5:1989 -> (removed)	5 U.S.C. 7301; 5 U.S.C. App. (Ethics in Government Act of 1978); E.O. 12674, 54 FR 15159, 3 CFR, 1989 Comp., p. 215, as modified by E.O. 12731, 55 FR 42547, 3 CFR, 1990 Comp., p. 306; 5 CFR 2635.105, 2635.403(a), 2635.802 and 2635.803.
5:7201	compilation-locator	usc	5:1990 -> (removed)	5 U.S.C. 7301; 5 U.S.C. App. (Ethics in Government Act of 1978); E.O. 12674, 54 FR 15159, 3 CFR, 1989 Comp., p. 215, as modified by E.O. 12731, 55 FR 42547, 3 CFR, 1990 Comp., p. 306; 5 CFR 2635.105, 2635.403(a), 2635.802 and 2635.803.
5:7201	dotted-cfr-section	usc	5:2635 -> (removed)	5 U.S.C. 7301; 5 U.S.C. App. (Ethics in Government Act of 1978); E.O. 12674, 54 FR 15159, 3 CFR, 1989 Comp., p. 215, as modified by E.O. 12731, 55 FR 42547, 3 CFR, 1990 Comp., p. 306; 5 CFR 2635.105, 2635.403(a), 2635.802 and 2635.803.
5:7301	compilation-locator	usc	5:1989 -> (removed)	5 U.S.C. 7301; E.O. 12674, 54 FR 15159, 3 CFR, 1989 Comp., p. 215, as modified by E.O. 12731, 55 FR 42547, 3 CFR, 1990 Comp. p. 306; 5 CFR 2635.105, 2635.803; 5 CFR 2638.202(b).
5:7301	compilation-locator	usc	5:1990 -> (removed)	5 U.S.C. 7301; E.O. 12674, 54 FR 15159, 3 CFR, 1989 Comp., p. 215, as modified by E.O. 12731, 55 FR 42547, 3 CFR, 1990 Comp. p. 306; 5 CFR 2635.105, 2635.803; 5 CFR 2638.202(b).
5:7301	dotted-cfr-section	usc	5:2635 -> (removed)	5 U.S.C. 7301; E.O. 12674, 54 FR 15159, 3 CFR, 1989 Comp., p. 215, as modified by E.O. 12731, 55 FR 42547, 3 CFR, 1990 Comp. p. 306; 5 CFR 2635.105, 2635.803; 5 CFR 2638.202(b).
5:731	compilation-locator	usc	5:1954 -> (removed)	5 U.S.C. 1302, 2301, 2302, 3301, 7301. E.O. 10577, 19 FR 7521, 3 CFR, 1954-1958 Comp., p. 218, as amended. E.O. 13467, 73 FR 38103, 3 CFR, 2009 Comp., p. 198, as amended. E.O. 13488, 74 FR 4111, 3 CFR, 2010 Comp., p. 189, as amended. E.O. 13764, 82 FR 8115, 3 CFR, 2017 Comp., p. 243. E.O. 14210, 90 FR 9669. Presidential Memorandum of January 31, 2014, 3 CFR, 2014 Comp., p. 340. Presidential Memorandum of March 20, 2025, 90 FR 13683. 5 CFR parts 1, 2, 5, and 6. Link to an amendment published at 91 FR 49065, Aug. 3, 2026.
5:731	compilation-locator	usc	5:2009 -> (removed)	5 U.S.C. 1302, 2301, 2302, 3301, 7301. E.O. 10577, 19 FR 7521, 3 CFR, 1954-1958 Comp., p. 218, as amended. E.O. 13467, 73 FR 38103, 3 CFR, 2009 Comp., p. 198, as amended. E.O. 13488, 74 FR 4111, 3 CFR, 2010 Comp., p. 189, as amended. E.O. 13764, 82 FR 8115, 3 CFR, 2017 Comp., p. 243. E.O. 14210, 90 FR 9669. Presidential Memorandum of January 31, 2014, 3 CFR, 2014 Comp., p. 340. Presidential Memorandum of March 20, 2025, 90 FR 13683. 5 CFR parts 1, 2, 5, and 6. Link to an amendment published at 91 FR 49065, Aug. 3, 2026.
5:731	compilation-locator	usc	5:2010 -> (removed)	5 U.S.C. 1302, 2301, 2302, 3301, 7301. E.O. 10577, 19 FR 7521, 3 CFR, 1954-1958 Comp., p. 218, as amended. E.O. 13467, 73 FR 38103, 3 CFR, 2009 Comp., p. 198, as amended. E.O. 13488, 74 FR 4111, 3 CFR, 2010 Comp., p. 189, as amended. E.O. 13764, 82 FR 8115, 3 CFR, 2017 Comp., p. 243. E.O. 14210, 90 FR 9669. Presidential Memorandum of January 31, 2014, 3 CFR, 2014 Comp., p. 340. Presidential Memorandum of March 20, 2025, 90 FR 13683. 5 CFR parts 1, 2, 5, and 6. Link to an amendment published at 91 FR 49065, Aug. 3, 2026.
5:731	compilation-locator	usc	5:2017 -> (removed)	5 U.S.C. 1302, 2301, 2302, 3301, 7301. E.O. 10577, 19 FR 7521, 3 CFR, 1954-1958 Comp., p. 218, as amended. E.O. 13467, 73 FR 38103, 3 CFR, 2009 Comp., p. 198, as amended. E.O. 13488, 74 FR 4111, 3 CFR, 2010 Comp., p. 189, as amended. E.O. 13764, 82 FR 8115, 3 CFR, 2017 Comp., p. 243. E.O. 14210, 90 FR 9669. Presidential Memorandum of January 31, 2014, 3 CFR, 2014 Comp., p. 340. Presidential Memorandum of March 20, 2025, 90 FR 13683. 5 CFR parts 1, 2, 5, and 6. Link to an amendment published at 91 FR 49065, Aug. 3, 2026.
5:731	compilation-locator	usc	5:2014 -> (removed)	5 U.S.C. 1302, 2301, 2302, 3301, 7301. E.O. 10577, 19 FR 7521, 3 CFR, 1954-1958 Comp., p. 218, as amended. E.O. 13467, 73 FR 38103, 3 CFR, 2009 Comp., p. 198, as amended. E.O. 13488, 74 FR 4111, 3 CFR, 2010 Comp., p. 189, as amended. E.O. 13764, 82 FR 8115, 3 CFR, 2017 Comp., p. 243. E.O. 14210, 90 FR 9669. Presidential Memorandum of January 31, 2014, 3 CFR, 2014 Comp., p. 340. Presidential Memorandum of March 20, 2025, 90 FR 13683. 5 CFR parts 1, 2, 5, and 6. Link to an amendment published at 91 FR 49065, Aug. 3, 2026.
5:732	compilation-locator	usc	50:1949 -> (removed)	5 U.S.C. 3301, 3302, 7312; 50 U.S.C. 403; E.O. 10450, 3 CFR, 1949-1953 Comp., p. 936.
5:735	compilation-locator	usc	5:1989 -> (removed)	5 U.S.C. 7301; E.O. 12674, 54 FR 15159, 3 CFR, 1989 Comp., p. 215, as modified by E.O. 12731, 55 FR 42547, 3 CFR, 1990 Comp., p. 306.
5:735	compilation-locator	usc	5:1990 -> (removed)	5 U.S.C. 7301; E.O. 12674, 54 FR 15159, 3 CFR, 1989 Comp., p. 215, as modified by E.O. 12731, 55 FR 42547, 3 CFR, 1990 Comp., p. 306.
5:7401	compilation-locator	usc	5:1989 -> (removed)	5 U.S.C. 1204(h), 7301; 5 U.S.C. App. (Ethics in Government Act of 1978); E.O. 12674, 54 FR 15159; 3 CFR, 1989 Comp., p. 215, as modified by E.O. 12731, 55 FR 42547; 3 CFR, 1990 Comp., p. 306; 5 CFR 2635.105, 2635.803.
5:7401	compilation-locator	usc	5:1990 -> (removed)	5 U.S.C. 1204(h), 7301; 5 U.S.C. App. (Ethics in Government Act of 1978); E.O. 12674, 54 FR 15159; 3 CFR, 1989 Comp., p. 215, as modified by E.O. 12731, 55 FR 42547; 3 CFR, 1990 Comp., p. 306; 5 CFR 2635.105, 2635.803.
5:7401	dotted-cfr-section	usc	5:2635 -> (removed)	5 U.S.C. 1204(h), 7301; 5 U.S.C. App. (Ethics in Government Act of 1978); E.O. 12674, 54 FR 15159; 3 CFR, 1989 Comp., p. 215, as modified by E.O. 12731, 55 FR 42547; 3 CFR, 1990 Comp., p. 306; 5 CFR 2635.105, 2635.803.
5:7501	compilation-locator	usc	5:1989 -> (removed)	5 U.S.C. 301, 7301, 7351, 7353; 5 U.S.C. App. (Ethics in Government Act of 1978); E.O. 12674, 54 FR 15159, 3 CFR, 1989 Comp., p. 215, as modified by E.O. 12731, 55 FR 42547, 3 CFR, 1990 Comp., p. 306; 5 CFR 2635.105, 2635.203(a), 2635.403(a), 2635.803, 2635.807.
5:7501	compilation-locator	usc	5:1990 -> (removed)	5 U.S.C. 301, 7301, 7351, 7353; 5 U.S.C. App. (Ethics in Government Act of 1978); E.O. 12674, 54 FR 15159, 3 CFR, 1989 Comp., p. 215, as modified by E.O. 12731, 55 FR 42547, 3 CFR, 1990 Comp., p. 306; 5 CFR 2635.105, 2635.203(a), 2635.403(a), 2635.803, 2635.807.
5:7501	dotted-cfr-section	usc	5:2635 -> (removed)	5 U.S.C. 301, 7301, 7351, 7353; 5 U.S.C. App. (Ethics in Government Act of 1978); E.O. 12674, 54 FR 15159, 3 CFR, 1989 Comp., p. 215, as modified by E.O. 12731, 55 FR 42547, 3 CFR, 1990 Comp., p. 306; 5 CFR 2635.105, 2635.203(a), 2635.403(a), 2635.803, 2635.807.
5:752	compilation-locator	usc	38:1954 -> (removed)	5 U.S.C. 6329b, 7504, 7514, 7515, and 7543; 38 U.S.C. 7403. E.O. 10577, 19 FR 7521, 3 CFR, 1954-1958 Comp., p. 218. Link to an amendment published at 91 FR 49115, Aug. 3, 2026.
5:7601	compilation-locator	usc	5:1989 -> (removed)	5 U.S.C. 7301; 5 U.S.C. App. (Ethics in Government Act of 1978); E.O. 12674, 54 FR 15159, 3 CFR, 1989 Comp., p. 215, as modified by, E.O. 12731, 55 FR 42547, 3 CFR, 1990 Comp., p. 306; 5 CFR 2635.105, 2635.803.
5:7601	compilation-locator	usc	5:1990 -> (removed)	5 U.S.C. 7301; 5 U.S.C. App. (Ethics in Government Act of 1978); E.O. 12674, 54 FR 15159, 3 CFR, 1989 Comp., p. 215, as modified by, E.O. 12731, 55 FR 42547, 3 CFR, 1990 Comp., p. 306; 5 CFR 2635.105, 2635.803.
5:7601	dotted-cfr-section	usc	5:2635 -> (removed)	5 U.S.C. 7301; 5 U.S.C. App. (Ethics in Government Act of 1978); E.O. 12674, 54 FR 15159, 3 CFR, 1989 Comp., p. 215, as modified by, E.O. 12731, 55 FR 42547, 3 CFR, 1990 Comp., p. 306; 5 CFR 2635.105, 2635.803.
5:7701	compilation-locator	usc	5:1989 -> (removed)	5 U.S.C. 7301, 5 U.S.C. App. (Ethics in Government Act of 1978); E.O. 12674, 54 FR 15159, 3 CFR, 1989 Comp., p. 215, as modified by E.O. 12731, 55 FR 42547, 3 CFR, 1990 Comp., p. 306; 5 CFR 2635.105, 2635.803.
5:7701	compilation-locator	usc	5:1990 -> (removed)	5 U.S.C. 7301, 5 U.S.C. App. (Ethics in Government Act of 1978); E.O. 12674, 54 FR 15159, 3 CFR, 1989 Comp., p. 215, as modified by E.O. 12731, 55 FR 42547, 3 CFR, 1990 Comp., p. 306; 5 CFR 2635.105, 2635.803.
5:7701	dotted-cfr-section	usc	5:2635 -> (removed)	5 U.S.C. 7301, 5 U.S.C. App. (Ethics in Government Act of 1978); E.O. 12674, 54 FR 15159, 3 CFR, 1989 Comp., p. 215, as modified by E.O. 12731, 55 FR 42547, 3 CFR, 1990 Comp., p. 306; 5 CFR 2635.105, 2635.803.
5:7801	compilation-locator	usc	42:1989 -> (removed)	5 U.S.C. 7301; 5 U.S.C. App. (Ethics in Government Act of 1978); 42 U.S.C. 1975b(d); E.O. 12674, 54 FR 15159, 3 CFR, 1989 Comp., p. 215, as modified by E.O. 12731, 55 FR 42547, 3 CFR, 1990 Comp., p. 306; 5 CFR 2635.105, 2635.803.
5:7801	compilation-locator	usc	42:1990 -> (removed)	5 U.S.C. 7301; 5 U.S.C. App. (Ethics in Government Act of 1978); 42 U.S.C. 1975b(d); E.O. 12674, 54 FR 15159, 3 CFR, 1989 Comp., p. 215, as modified by E.O. 12731, 55 FR 42547, 3 CFR, 1990 Comp., p. 306; 5 CFR 2635.105, 2635.803.
5:7801	dotted-cfr-section	usc	42:2635 -> (removed)	5 U.S.C. 7301; 5 U.S.C. App. (Ethics in Government Act of 1978); 42 U.S.C. 1975b(d); E.O. 12674, 54 FR 15159, 3 CFR, 1989 Comp., p. 215, as modified by E.O. 12731, 55 FR 42547, 3 CFR, 1990 Comp., p. 306; 5 CFR 2635.105, 2635.803.
5:7901	compilation-locator	usc	16:1989 -> (removed)	5 U.S.C. App. (Ethics in Government Act of 1978); 16 U.S.C. 831-831dd; E.O. 12674, 54 FR 15159, 3 CFR, 1989 Comp., p. 215, as modified by E.O. 12731, 55 FR 42547, 3 CFR, 1990 Comp., p. 306; 5 CFR 2635.105, 2635.803.
5:7901	compilation-locator	usc	16:1990 -> (removed)	5 U.S.C. App. (Ethics in Government Act of 1978); 16 U.S.C. 831-831dd; E.O. 12674, 54 FR 15159, 3 CFR, 1989 Comp., p. 215, as modified by E.O. 12731, 55 FR 42547, 3 CFR, 1990 Comp., p. 306; 5 CFR 2635.105, 2635.803.
5:7901	dotted-cfr-section	usc	16:2635 -> (removed)	5 U.S.C. App. (Ethics in Government Act of 1978); 16 U.S.C. 831-831dd; E.O. 12674, 54 FR 15159, 3 CFR, 1989 Comp., p. 215, as modified by E.O. 12731, 55 FR 42547, 3 CFR, 1990 Comp., p. 306; 5 CFR 2635.105, 2635.803.
5:8001	compilation-locator	usc	5:1989 -> (removed)	5 U.S.C. 7301; 5 U.S.C. App. (Ethics in Government Act of 1978); E.O. 12674, 54 FR 15159, 3 CFR, 1989 Comp., p. 215, as modified by E.O. 12731, 55 FR 42547, 3 CFR, 1990 Comp., p. 306; 5 CFR 2635.105, 2635.801, 2635.802, 2635.803.
5:8001	compilation-locator	usc	5:1990 -> (removed)	5 U.S.C. 7301; 5 U.S.C. App. (Ethics in Government Act of 1978); E.O. 12674, 54 FR 15159, 3 CFR, 1989 Comp., p. 215, as modified by E.O. 12731, 55 FR 42547, 3 CFR, 1990 Comp., p. 306; 5 CFR 2635.105, 2635.801, 2635.802, 2635.803.
5:8001	dotted-cfr-section	usc	5:2635 -> (removed)	5 U.S.C. 7301; 5 U.S.C. App. (Ethics in Government Act of 1978); E.O. 12674, 54 FR 15159, 3 CFR, 1989 Comp., p. 215, as modified by E.O. 12731, 55 FR 42547, 3 CFR, 1990 Comp., p. 306; 5 CFR 2635.105, 2635.801, 2635.802, 2635.803.
5:8101	compilation-locator	usc	15:1989 -> (removed)	5 U.S.C. 7301; 5 U.S.C. App. (Ethics in Government Act of 1978); 15 U.S.C. 2053(c); E.O. 12674, 54 FR 15139, 3 CFR, 1989 Comp., p. 215, as modified by E.O. 12731, 55 FR 42547, 3 CFR, 1990 Comp., p. 306; 5 CFR 2635.105, 2635.803.
5:8101	compilation-locator	usc	15:1990 -> (removed)	5 U.S.C. 7301; 5 U.S.C. App. (Ethics in Government Act of 1978); 15 U.S.C. 2053(c); E.O. 12674, 54 FR 15139, 3 CFR, 1989 Comp., p. 215, as modified by E.O. 12731, 55 FR 42547, 3 CFR, 1990 Comp., p. 306; 5 CFR 2635.105, 2635.803.
5:8101	dotted-cfr-section	usc	15:2635 -> (removed)	5 U.S.C. 7301; 5 U.S.C. App. (Ethics in Government Act of 1978); 15 U.S.C. 2053(c); E.O. 12674, 54 FR 15139, 3 CFR, 1989 Comp., p. 215, as modified by E.O. 12731, 55 FR 42547, 3 CFR, 1990 Comp., p. 306; 5 CFR 2635.105, 2635.803.
5:8301	compilation-locator	usc	5:1989 -> (removed)	5 U.S.C. 7301; 5 U.S.C. App. (Ethics in Government Act of 1978); E.O. 12674, 54 FR 15159 (April 12, 1989); 3 CFR, 1989 Comp., p. 215, as modified by E.O. 12731, 55 FR 42547 (October 17, 1990); 3 CFR, 1990 Comp., p. 306; 5 CFR 2635.105, 2635.403, 2635.502 and 2635.803.
5:8301	compilation-locator	usc	5:1990 -> (removed)	5 U.S.C. 7301; 5 U.S.C. App. (Ethics in Government Act of 1978); E.O. 12674, 54 FR 15159 (April 12, 1989); 3 CFR, 1989 Comp., p. 215, as modified by E.O. 12731, 55 FR 42547 (October 17, 1990); 3 CFR, 1990 Comp., p. 306; 5 CFR 2635.105, 2635.403, 2635.502 and 2635.803.
5:8301	dotted-cfr-section	usc	5:2635 -> (removed)	5 U.S.C. 7301; 5 U.S.C. App. (Ethics in Government Act of 1978); E.O. 12674, 54 FR 15159 (April 12, 1989); 3 CFR, 1989 Comp., p. 215, as modified by E.O. 12731, 55 FR 42547 (October 17, 1990); 3 CFR, 1990 Comp., p. 306; 5 CFR 2635.105, 2635.403, 2635.502 and 2635.803.
5:831	dotted-cfr-section	usc	5:831 -> (removed)	5 U.S.C. 8347; Sec. 831.102 also issued under 5 U.S.C. 8334; Sec. 831.106 also issued under 5 U.S.C. 552a; Sec. 831.108 also issued under 5 U.S.C. 8336(d)(2); Sec. 831.114 also issued under 5 U.S.C. 8336(d)(2) and Sec. 1313(b)(5) of Pub. L. 107-296, 116 Stat. 2135; Sec. 831.201(b)(1) also issued under 5 U.S.C. 8347(g); Sec. 831.201(b)(6) also issued under 5 U.S.C. 7701(b)(2); Sec. 831.201(g) also issued under Secs. 11202(f), 11232(e), and 11246(b) of Pub. L. 105-33, 111 Stat. 251; Sec. 831.201(g) also issued under Secs. 7(b) and (e) of Pub. L. 105-274, 112 Stat. 2419; Sec. 831.201(i) also issued under Secs. 3 and 7(c) of Pub. L. 105-274, 112 Stat. 2419; Sec. 831.202 also issued under Sec. 111 of Pub. L. 99-500, 100 Stat. 1783, and Sec. 111 of Pub. L. 99-591, 100 Stat. 3341-348, and also Sec. 1 of Pub. L. 110-279, 122 Stat. 2602, as amended by Sec. 1(a) of Pub. L. 116-21, 133 Stat. 903; Sec. 831.204 also issued under Sec. 102(e) of Pub. L. 104-8, 109 Stat. 102, as amended by Sec. 153 of Pub. L. 104-134, 110 Stat. 1321; Sec. 831.205 also issued under Sec. 2207 of Pub. L. 106-265, 114 Stat. 784; Sec. 831.206 also issued under Sec. 1622(b) of Pub. L. 104-106, 110 Stat. 515; Sec. 831.301 also issued under Sec. 2203 of Pub. L. 106-265, 114 Stat. 780; Sec. 831.303 also issued under 5 U.S.C. 8334(d)(2) and Sec. 2203 of Pub. L. 106-235, 114 Stat. 780; Sec. 831.502 also issued under 5 U.S.C. 8337, and under Sec. 1(3), E.O. 11228, 3 CFR 1965-1965 Comp. p. 317; Sec. 831.663 also issued under 5 U.S.C. 8339(j) and (k)(2); Secs. 831.663 and 831.664 also issued under Sec. 11004(c)(2) of Pub. L. 103-66, 107 Stat. 412; Sec. 831.682 also issued under Sec. 201(d) of Pub. L. 99-251, 100 Stat. 23; Sec. 831.912 also issued under Sec. 636 of Appendix C to Pub. L. 106-554, 114 Stat. 2763A-164; Subpart P also issued under Sec. 535(d) of Title V of Division E of Pub. L. 110-161, 121 Stat. 2042; Subpart Q also issued under 5 U.S.C. 8336a; Subpart V also issued under 5 U.S.C. 8343a and Sec. 6001 of Pub. L. 100-203, 101 Stat. 1330-275; Sec. 831.2203 also issued under Sec. 7001(a)(4) of Pub. L. 101-508, 104 Stat. 1388-328; Pub. L. 115-352, 132 Stat. 5067 (5 U.S.C. 101).
5:838	dotted-cfr-section	usc	5:838 -> (removed)	5 U.S.C. 8347(a) and 8461(g). Subparts B, C, D, E, J, and K also issued under 5 U.S.C. 8345(j)(2) and 8467(b). Sections 838.221, 838.422, and 838.721 also issued under 5 U.S.C. 8347(b).
5:8401	compilation-locator	usc	5:1989 -> (removed)	5 U.S.C. 7301; 5 U.S.C. App. (Ethics in Government Act of 1978); E.O. 12674, 54 FR 15159, 3 CFR, 1989 Comp., p. 215, as modified by E.O. 12731, 55 FR 42547, 3 CFR, 1990 Comp. p. 306; 5 CFR 2635.105, 2635.403(a), 2635.802(a), 2635.803.
5:8401	compilation-locator	usc	5:1990 -> (removed)	5 U.S.C. 7301; 5 U.S.C. App. (Ethics in Government Act of 1978); E.O. 12674, 54 FR 15159, 3 CFR, 1989 Comp., p. 215, as modified by E.O. 12731, 55 FR 42547, 3 CFR, 1990 Comp. p. 306; 5 CFR 2635.105, 2635.403(a), 2635.802(a), 2635.803.
5:8401	dotted-cfr-section	usc	5:2635 -> (removed)	5 U.S.C. 7301; 5 U.S.C. App. (Ethics in Government Act of 1978); E.O. 12674, 54 FR 15159, 3 CFR, 1989 Comp., p. 215, as modified by E.O. 12731, 55 FR 42547, 3 CFR, 1990 Comp. p. 306; 5 CFR 2635.105, 2635.403(a), 2635.802(a), 2635.803.
5:841	dotted-cfr-section	usc	5:841 -> (removed)	5 U.S.C. 8461; Sec. 841.108 also issued under 5 U.S.C. 552a; Secs. 841.110 and 841.111 also issued under 5 U.S.C. 8470(a); subpart D also issued under 5 U.S.C. 8423; Sec. 841.504 also issued under 5 U.S.C. 8422; Sec. 841.507 also issued under section 505 of Pub. L. 99-335; subpart J also issued under 5 U.S.C. 8469; Sec. 841.506 also issued under 5 U.S.C. 7701(b)(2); Sec. 841.508 also issued under section 505 of Pub. L. 99-335; Sec. 841.604 also issued under Title II, Pub. L. 106-265, 114 Stat. 780; Sec. 5001 of Pub. L. 112-96 at 126 Stat. 199.
5:842	dotted-cfr-section	usc	5:842 -> (removed)	5 U.S.C. 8461(g); Secs. 842.104 and 842.106 also issued under 5 U.S.C. 8461(n); Sec. 842.104 also issued under Secs. 3 and 7(c) of Pub. L. 105-274, 112 Stat. 2419; Sec. 842.105 also issued under 5 U.S.C. 8402(c)(1) and 7701(b)(2); Sec. 842.106 also issued under Sec. 102(e) of Pub. L. 104-8, 109 Stat. 102, as amended by Sec. 153 of Pub. L. 104-134, 110 Stat. 1321-102; Sec. 842.107 also issued under Secs. 11202(f), 11232(e), and 11246(b) of Pub. L. 105-33, 111 Stat. 251, and Sec. 7(b) of Pub. L. 105-274, 112 Stat. 2419; Sec. 842.108 also issued under Sec. 7(e) of Pub. L. 105-274, 112 Stat. 2419; Sec. 842.109 also issued under Sec. 1622(b) of Pub. L. 104-106, 110 Stat. 515; Sec. 842.110 also issued under Sec. 111 of Pub. L. 99-500, 100 Stat. 1783, and Sec. 111 of Pub. L. 99-591, 100 Stat. 3341-348, and also Sec. 1 of Pub. L. 110-279, 122 Stat. 2602, as amended by Sec. 1(a) of Pub. L. 116-21, 133 Stat. 903; Sec. 842.208 also issued under Sec. 535(d) of Title V of Division E of Pub. L. 110-161, 121 Stat. 2042; Sec. 842.213 also issued under 5 U.S.C. 8414(b)(1)(B) and Sec. 1313(b)(5) of Pub. L. 107-296, 116 Stat. 2135; Secs. 842.304 and 842.305 also issued under Sec. 321(f) of Pub. L. 107-228, 116 Stat. 1383; Secs. 842.604 and 842.611 also issued under 5 U.S.C. 8417; Sec. 842.607 also issued under 5 U.S.C. 8416 and 8417; Sec. 842.614 also issued under 5 U.S.C. 8419; Sec. 842.615 also issued under 5 U.S.C. 8418; Sec. 842.703 also issued under Sec. 7001(a)(4) of Pub. L. 101-508, 104 Stat. 1388; Sec. 842.707 also issued under Sec. 6001 of Pub. L. 100-203, 101 Stat. 1300; Sec. 842.708 also issued under Sec. 4005 of Pub. L. 101-239, 103 Stat. 2106, and Sec. 7001 of Pub. L. 101-508, 104 Stat. 1388; Subpart H also issued under 5 U.S.C. 1104; Sec. 842.810 also issued under Sec. 636 of Appendix C to Pub. L. 106-554 at 114 Stat. 2763A-164; Sec. 842.811 also issued under Sec. 226(c)(2) of Pub. Law 108-176, 117 Stat. 2529; Subpart J also issued under Sec. 535(d) of Title V of Division E of Pub. L. 110-161, 121 Stat. 2042; Pub. L. 115-352, 132 Stat. 5067 (5 U.S.C. 101); Sec. 5001 of Pub. L. 112-96 at 126 Stat. 199; 5 U.S.C. 8401; 5 U.S.C. 8415.
5:843	dotted-cfr-section	usc	5:843 -> (removed)	5 U.S.C. 8461; 843.205, 843.208, and 843.209 also issued under 5 U.S.C. 8424; 843.309 also issued under 5 U.S.C. 8442; 843.406 also issued under 5 U.S.C. 8441.
5:8601	compilation-locator	usc	5:1989 -> (removed)	5 U.S.C. 7301; 5 U.S.C. App. (Ethics in Government Act of 1978); E.O. 12674, 54 FR 15159, 3 CFR, 1989 Comp., p. 215, as modified by E.O. 12731, 55 FR 42547, 3 CFR, 1990 Comp., p. 306; 5 CFR 2635.105, 2635.803.
5:8601	compilation-locator	usc	5:1990 -> (removed)	5 U.S.C. 7301; 5 U.S.C. App. (Ethics in Government Act of 1978); E.O. 12674, 54 FR 15159, 3 CFR, 1989 Comp., p. 215, as modified by E.O. 12731, 55 FR 42547, 3 CFR, 1990 Comp., p. 306; 5 CFR 2635.105, 2635.803.
5:8601	dotted-cfr-section	usc	5:2635 -> (removed)	5 U.S.C. 7301; 5 U.S.C. App. (Ethics in Government Act of 1978); E.O. 12674, 54 FR 15159, 3 CFR, 1989 Comp., p. 215, as modified by E.O. 12731, 55 FR 42547, 3 CFR, 1990 Comp., p. 306; 5 CFR 2635.105, 2635.803.
5:870	dotted-cfr-section	usc	5:870 -> (removed)	5 U.S.C. 8716; Sec. 870.106 also issued under section 1110(b) of Pub. L. 116-92, 133 Stat. 1198 (5 U.S.C. 8702 note); Sec. 870.302(a)(3) also issued under sections 11202(f), 11232(e), and 11246(b) and (c) of Pub. L. 105-33, 111 Stat. 251, section 7(e) of Pub. L. 105-274, 112 Stat. 2419, and section 145 of Pub. L. 106-522, 114 Stat. 2472; Sec. 870.302(a)(3)(ii) also issued under section 153 of Pub. L. 104-134, 110 Stat. 1321; Secs. 870.302(b)(8), 870.601(a), and 870.602(b) also issued under Pub. L. 110-279, 122 Stat. 2604 (2 U.S.C. 2051); Subpart E also issued under 5 U.S.C. 8702(c); Sec. 870.601(d)(3) also issued under 5 U.S.C. 8706(d); Sec. 870.510 also issued under section 1622(b) of Pub. L. 104-106, 110 Stat. 521 (36 U.S.C. 5522); Sec. 870.703(e)(1) also issued under section 502 of Pub. L. 110-177, 121 Stat. 2542 (5 U.S.C. 8701 note); Sec. 870.705 also issued under 5 U.S.C. 8714b(c) and 8714c(c); and Subpart J also issued under section 599C of Pub. L. 101-513, 104 Stat. 2064 (5 U.S.C. 5561 note), as amended.
5:8701	compilation-locator	usc	5:1989 -> (removed)	5 U.S.C. 7301; 5 U.S.C. App. (Ethics in Government Act of 1978); E.O. 12674, 54 FR 15159, 3 CFR, 1989 Comp. p. 215, as modified by E.O. 12731, 55 FR 42547, 3 CFR, 1990 Comp., p. 306; 5 CFR 2635.105, 2635.803.
5:8701	compilation-locator	usc	5:1990 -> (removed)	5 U.S.C. 7301; 5 U.S.C. App. (Ethics in Government Act of 1978); E.O. 12674, 54 FR 15159, 3 CFR, 1989 Comp. p. 215, as modified by E.O. 12731, 55 FR 42547, 3 CFR, 1990 Comp., p. 306; 5 CFR 2635.105, 2635.803.
5:8701	dotted-cfr-section	usc	5:2635 -> (removed)	5 U.S.C. 7301; 5 U.S.C. App. (Ethics in Government Act of 1978); E.O. 12674, 54 FR 15159, 3 CFR, 1989 Comp. p. 215, as modified by E.O. 12731, 55 FR 42547, 3 CFR, 1990 Comp., p. 306; 5 CFR 2635.105, 2635.803.
5:9001	compilation-locator	usc	12:1989 -> (removed)	5 U.S.C. 7301; 5 U.S.C. App. (Ethics in Government Act of 1978); 12 U.S.C. 4526; E.O. 12674, 54 FR 15159; 3 CFR, 1989 Comp., p. 215, as modified by E.O. 12731, 55 FR 42547; 3 CFR, 1990 Comp., p. 306; 5 CFR 2635.105, 2635.402(c), 2635.403(a), 2635.502(e), 2635.604, 2635.702, 2635.703, 2635.802(a), 2635.803.
5:9001	compilation-locator	usc	12:1990 -> (removed)	5 U.S.C. 7301; 5 U.S.C. App. (Ethics in Government Act of 1978); 12 U.S.C. 4526; E.O. 12674, 54 FR 15159; 3 CFR, 1989 Comp., p. 215, as modified by E.O. 12731, 55 FR 42547; 3 CFR, 1990 Comp., p. 306; 5 CFR 2635.105, 2635.402(c), 2635.403(a), 2635.502(e), 2635.604, 2635.702, 2635.703, 2635.802(a), 2635.803.
5:9001	dotted-cfr-section	usc	12:2635 -> (removed)	5 U.S.C. 7301; 5 U.S.C. App. (Ethics in Government Act of 1978); 12 U.S.C. 4526; E.O. 12674, 54 FR 15159; 3 CFR, 1989 Comp., p. 215, as modified by E.O. 12731, 55 FR 42547; 3 CFR, 1990 Comp., p. 306; 5 CFR 2635.105, 2635.402(c), 2635.403(a), 2635.502(e), 2635.604, 2635.702, 2635.703, 2635.802(a), 2635.803.
5:930	compilation-locator	usc	40:1954 -> (removed)	5 U.S.C. 3301, 3320, 7301; 40 U.S.C. 491; E.O. 10577, 3 CFR, 1954-1958 Comp., p. 218; E.O. 11222, 3 CFR, 1964-1965 Comp., p. 306. (Separate authority is listed under § 930.107).
5:930	compilation-locator	usc	40:1964 -> (removed)	5 U.S.C. 3301, 3320, 7301; 40 U.S.C. 491; E.O. 10577, 3 CFR, 1954-1958 Comp., p. 218; E.O. 11222, 3 CFR, 1964-1965 Comp., p. 306. (Separate authority is listed under § 930.107).
5:9301	compilation-locator	usc	5:1987 -> (removed)	5 U.S.C. 552; Pub. L. No. 110-175, 121 Stat. 2524 (2007); 5 U.S.C. 301 and 552; Exec. Order 12600, 52 FR 23781, 3 CFR, 1987 Comp., p. 235; Exec. Order No. 13392, 70 FR 75373-75377, 3 CFR, 2006 Comp., pp. 216-200.
5:9301	compilation-locator	usc	5:2006 -> (removed)	5 U.S.C. 552; Pub. L. No. 110-175, 121 Stat. 2524 (2007); 5 U.S.C. 301 and 552; Exec. Order 12600, 52 FR 23781, 3 CFR, 1987 Comp., p. 235; Exec. Order No. 13392, 70 FR 75373-75377, 3 CFR, 2006 Comp., pp. 216-200.
5:9303	dotted-cfr-section	usc	5:2635 -> (removed)	5 U.S.C. Section 7301; 5 U.S.C. App. (Ethics in Government Act of 1978, as amended), E.O. 12674, 54 FR 15159, 3 CFR 1989 Comp., p. 215, as modified by E.O. 12731, 55 FR 42547; 3 CFR 1990 Comp., p. 306; 5 CFR 2635.105, 2635.702, 2635.703, 2635.801, 2635.802, 2635.803, and 2635.805.
5:9401	compilation-locator	usc	5:1898 -> (removed)	5 U.S.C. 7301; 5 U.S.C. App. (Ethics in Government Act of 1978); E.O. 12674, 54 FR 15159 (April 12, 1989); 3 CFR, 1898 Comp., p.215, as modified by E.O. 12731, 55 FR 42547 (October 17, 1990); 3 CFR, 1990 Comp., p. 306; 5 CFR 2635.105, 2635.403, 2635.502 and 2635.803.
5:9401	compilation-locator	usc	5:1990 -> (removed)	5 U.S.C. 7301; 5 U.S.C. App. (Ethics in Government Act of 1978); E.O. 12674, 54 FR 15159 (April 12, 1989); 3 CFR, 1898 Comp., p.215, as modified by E.O. 12731, 55 FR 42547 (October 17, 1990); 3 CFR, 1990 Comp., p. 306; 5 CFR 2635.105, 2635.403, 2635.502 and 2635.803.
5:9401	dotted-cfr-section	usc	5:2635 -> (removed)	5 U.S.C. 7301; 5 U.S.C. App. (Ethics in Government Act of 1978); E.O. 12674, 54 FR 15159 (April 12, 1989); 3 CFR, 1898 Comp., p.215, as modified by E.O. 12731, 55 FR 42547 (October 17, 1990); 3 CFR, 1990 Comp., p. 306; 5 CFR 2635.105, 2635.403, 2635.502 and 2635.803.
5:9601	compilation-locator	usc	5:1989 -> (removed)	12 U.S.C. 1752a(d), 1766; 5 U.S.C. 7301; 5 U.S.C. App. (Ethics in Government Act of 1978); E.O. 12674, 54 FR 15159 3 CFR, 1989 Comp., p. 215, as modified by E.O. 12731, 55 FR 42547, 3 CFR, 1990 Comp., p. 306; 5 CFR 2635.105, 5 CFR 2635.403, 5 CFR 2635.502 and 5 CFR 2635.803
5:9601	compilation-locator	usc	5:1990 -> (removed)	12 U.S.C. 1752a(d), 1766; 5 U.S.C. 7301; 5 U.S.C. App. (Ethics in Government Act of 1978); E.O. 12674, 54 FR 15159 3 CFR, 1989 Comp., p. 215, as modified by E.O. 12731, 55 FR 42547, 3 CFR, 1990 Comp., p. 306; 5 CFR 2635.105, 5 CFR 2635.403, 5 CFR 2635.502 and 5 CFR 2635.803
6:19	compilation-locator	usc	42:2002 -> (removed)	5 U.S.C. 301; 6 U.S.C. 101 et seq.; 8 U.S.C. 1101 et seq.; 42 U.S.C. 5164, 5183, 5189d; 42 U.S.C. 2000bb et seq.; 42 U.S.C. 11331 et seq.; E.O. 13279, 67 FR 77141, 3 CFR, 2002 Comp., p. 258; E.O. 13403, 71 FR 28543, 3 CFR, 2006 Comp., p. 228; E.O. 13498, 74 FR 6533, 3 CFR, 2009 Comp., p. 219; and E.O. 13559, 75 FR 71319, 3 CFR, 2010 Comp., p. 273.
6:19	compilation-locator	usc	42:2006 -> (removed)	5 U.S.C. 301; 6 U.S.C. 101 et seq.; 8 U.S.C. 1101 et seq.; 42 U.S.C. 5164, 5183, 5189d; 42 U.S.C. 2000bb et seq.; 42 U.S.C. 11331 et seq.; E.O. 13279, 67 FR 77141, 3 CFR, 2002 Comp., p. 258; E.O. 13403, 71 FR 28543, 3 CFR, 2006 Comp., p. 228; E.O. 13498, 74 FR 6533, 3 CFR, 2009 Comp., p. 219; and E.O. 13559, 75 FR 71319, 3 CFR, 2010 Comp., p. 273.
6:19	compilation-locator	usc	42:2009 -> (removed)	5 U.S.C. 301; 6 U.S.C. 101 et seq.; 8 U.S.C. 1101 et seq.; 42 U.S.C. 5164, 5183, 5189d; 42 U.S.C. 2000bb et seq.; 42 U.S.C. 11331 et seq.; E.O. 13279, 67 FR 77141, 3 CFR, 2002 Comp., p. 258; E.O. 13403, 71 FR 28543, 3 CFR, 2006 Comp., p. 228; E.O. 13498, 74 FR 6533, 3 CFR, 2009 Comp., p. 219; and E.O. 13559, 75 FR 71319, 3 CFR, 2010 Comp., p. 273.
6:19	compilation-locator	usc	42:2010 -> (removed)	5 U.S.C. 301; 6 U.S.C. 101 et seq.; 8 U.S.C. 1101 et seq.; 42 U.S.C. 5164, 5183, 5189d; 42 U.S.C. 2000bb et seq.; 42 U.S.C. 11331 et seq.; E.O. 13279, 67 FR 77141, 3 CFR, 2002 Comp., p. 258; E.O. 13403, 71 FR 28543, 3 CFR, 2006 Comp., p. 228; E.O. 13498, 74 FR 6533, 3 CFR, 2009 Comp., p. 219; and E.O. 13559, 75 FR 71319, 3 CFR, 2010 Comp., p. 273.
6:7	compilation-locator	usc	5:1995 -> (removed)	5 U.S.C. 301; Pub. L. 107-296; E.O. 13526; 3 CFR, 1995 Comp., p. 333; E.O. 13142, 64 FR 66089, 3 CFR, 1999 Comp., p. 236; 32 CFR part 2001.
6:7	compilation-locator	usc	5:1999 -> (removed)	5 U.S.C. 301; Pub. L. 107-296; E.O. 13526; 3 CFR, 1995 Comp., p. 333; E.O. 13142, 64 FR 66089, 3 CFR, 1999 Comp., p. 236; 32 CFR part 2001.
7:1530	compilation-locator	usc	19:1994 -> (removed)	Additional U.S. note 6 to chapter 17 of the Harmonized Tariff Schedule of the United States (19 U.S.C. 1202); 19 U.S.C. 3314; Proc. 6641, 58 FR 66867, 3 CFR, 1994 Comp., p. 172; Proc. 6763, 60 FR 1007, 3 CFR, 1995 Comp., p. 146.
7:1530	compilation-locator	usc	19:1995 -> (removed)	Additional U.S. note 6 to chapter 17 of the Harmonized Tariff Schedule of the United States (19 U.S.C. 1202); 19 U.S.C. 3314; Proc. 6641, 58 FR 66867, 3 CFR, 1994 Comp., p. 172; Proc. 6763, 60 FR 1007, 3 CFR, 1995 Comp., p. 146.
7:16	compilation-locator	usc	42:2002 -> (removed)	5 U.S.C. 301; 42 U.S.C. 2000bb et seq.; E.O. 13279, 67 FR 77141, 3 CFR, 2002 Comp., p. 258; E.O. 13280, 67 FR 77145, 3 CFR, 2002 Comp., p. 262; E.O. 13559, 75 FR 71319, 3 CFR, 2010 Comp., p. 273; E.O. 13831, 83 FR 20715, 3 CFR, 2018 Comp., p. 806; E.O. 14015, 86 FR 10007, 3 CFR, 2021 Comp., p. 517.
7:16	compilation-locator	usc	42:2010 -> (removed)	5 U.S.C. 301; 42 U.S.C. 2000bb et seq.; E.O. 13279, 67 FR 77141, 3 CFR, 2002 Comp., p. 258; E.O. 13280, 67 FR 77145, 3 CFR, 2002 Comp., p. 262; E.O. 13559, 75 FR 71319, 3 CFR, 2010 Comp., p. 273; E.O. 13831, 83 FR 20715, 3 CFR, 2018 Comp., p. 806; E.O. 14015, 86 FR 10007, 3 CFR, 2021 Comp., p. 517.
7:16	compilation-locator	usc	42:2018 -> (removed)	5 U.S.C. 301; 42 U.S.C. 2000bb et seq.; E.O. 13279, 67 FR 77141, 3 CFR, 2002 Comp., p. 258; E.O. 13280, 67 FR 77145, 3 CFR, 2002 Comp., p. 262; E.O. 13559, 75 FR 71319, 3 CFR, 2010 Comp., p. 273; E.O. 13831, 83 FR 20715, 3 CFR, 2018 Comp., p. 806; E.O. 14015, 86 FR 10007, 3 CFR, 2021 Comp., p. 517.
7:16	compilation-locator	usc	42:2021 -> (removed)	5 U.S.C. 301; 42 U.S.C. 2000bb et seq.; E.O. 13279, 67 FR 77141, 3 CFR, 2002 Comp., p. 258; E.O. 13280, 67 FR 77145, 3 CFR, 2002 Comp., p. 262; E.O. 13559, 75 FR 71319, 3 CFR, 2010 Comp., p. 273; E.O. 13831, 83 FR 20715, 3 CFR, 2018 Comp., p. 806; E.O. 14015, 86 FR 10007, 3 CFR, 2021 Comp., p. 517.
7:1792	compilation-locator	usc	42:1990 -> (removed)	7 U.S.C. 901 et seq., 1921 et seq., 6941 et seq.; 42 U.S.C. 7701 et seq.; E.O. 12699 (3 CFR, 1990 Comp., p. 269).
7:1b	compilation-locator	usc	42:1966 -> (removed)	5 U.S.C. 301; 42 U.S.C. 4321-4347; E.O. 11514, 3 CFR, 1966-1970 Comp., p. 902, as amended by E.O. 11991, 3 CFR, 1978 Comp., p. 123; E.O. 12114, 3 CFR, 1980 Comp., p. 356; 40 CFR 1507.3.
7:1b	compilation-locator	usc	42:1978 -> (removed)	5 U.S.C. 301; 42 U.S.C. 4321-4347; E.O. 11514, 3 CFR, 1966-1970 Comp., p. 902, as amended by E.O. 11991, 3 CFR, 1978 Comp., p. 123; E.O. 12114, 3 CFR, 1980 Comp., p. 356; 40 CFR 1507.3.
7:1b	compilation-locator	usc	42:1980 -> (removed)	5 U.S.C. 301; 42 U.S.C. 4321-4347; E.O. 11514, 3 CFR, 1966-1970 Comp., p. 902, as amended by E.O. 11991, 3 CFR, 1978 Comp., p. 123; E.O. 12114, 3 CFR, 1980 Comp., p. 356; 40 CFR 1507.3.
7:2812	compilation-locator	usc	5:1997 -> (removed)	5 U.S.C. 301; E.O. 12999, 61 FR 17227, 3 CFR, 1997 Comp., p. 180.
7:300	dotted-cfr-section	usc	7:2 -> (removed)	7 U.S.C. 7701-7772 and 7781-7786; 7 CFR 2.22, 2.80, and 371.3.
7:300	dotted-cfr-section	usc	7:371 -> (removed)	7 U.S.C. 7701-7772 and 7781-7786; 7 CFR 2.22, 2.80, and 371.3.
7:301	dotted-cfr-section	usc	7:2 -> (removed)	7 U.S.C. 7701-7772 and 7781-7786; 7 CFR 2.22, 2.80, and 371.3. Section 301.75-15 issued under Sec. 204, Title II, Public Law 106-113, 113 Stat. 1501A-293; sections 301.75-15 and 301.75-16 issued under Sec. 203, Title II, Public Law 106-224, 114 Stat. 400 (7 U.S.C. 1421 note).
7:301	dotted-cfr-section	usc	7:371 -> (removed)	7 U.S.C. 7701-7772 and 7781-7786; 7 CFR 2.22, 2.80, and 371.3. Section 301.75-15 issued under Sec. 204, Title II, Public Law 106-113, 113 Stat. 1501A-293; sections 301.75-15 and 301.75-16 issued under Sec. 203, Title II, Public Law 106-224, 114 Stat. 400 (7 U.S.C. 1421 note).
7:301	dotted-cfr-section	usc	7:301 -> (removed)	7 U.S.C. 7701-7772 and 7781-7786; 7 CFR 2.22, 2.80, and 371.3. Section 301.75-15 issued under Sec. 204, Title II, Public Law 106-113, 113 Stat. 1501A-293; sections 301.75-15 and 301.75-16 issued under Sec. 203, Title II, Public Law 106-224, 114 Stat. 400 (7 U.S.C. 1421 note).
7:302	dotted-cfr-section	usc	7:2 -> (removed)	7 U.S.C. 7701-7772 and 7781-7786; 7 CFR 2.22, 2.80, and 371.3.
7:302	dotted-cfr-section	usc	7:371 -> (removed)	7 U.S.C. 7701-7772 and 7781-7786; 7 CFR 2.22, 2.80, and 371.3.
7:305	dotted-cfr-section	usc	21:2 -> (removed)	7 U.S.C. 7701-7772 and 7781-7786; 21 U.S.C. 136 and 136a; 7 CFR 2.22, 2.80, and 371.3.
7:305	dotted-cfr-section	usc	21:371 -> (removed)	7 U.S.C. 7701-7772 and 7781-7786; 21 U.S.C. 136 and 136a; 7 CFR 2.22, 2.80, and 371.3.
7:318	dotted-cfr-section	usc	7:2 -> (removed)	7 U.S.C. 7701-7772 and 7781-7786; 7 CFR 2.22, 2.80, and 371.3.
7:318	dotted-cfr-section	usc	7:371 -> (removed)	7 U.S.C. 7701-7772 and 7781-7786; 7 CFR 2.22, 2.80, and 371.3.
7:319	dotted-cfr-section	usc	21:2 -> (removed)	7 U.S.C. 1633, 7701-7772, and 7781-7786; 21 U.S.C. 136 and 136a; 7 CFR 2.22, 2.80, and 371.3.
7:319	dotted-cfr-section	usc	21:371 -> (removed)	7 U.S.C. 1633, 7701-7772, and 7781-7786; 21 U.S.C. 136 and 136a; 7 CFR 2.22, 2.80, and 371.3.
7:322	dotted-cfr-section	usc	7:2 -> (removed)	7 U.S.C. 281; 7 U.S.C. 7701-7772 and 7781-7786; 7 CFR 2.22, 2.80, and 371.3.
7:322	dotted-cfr-section	usc	7:371 -> (removed)	7 U.S.C. 281; 7 U.S.C. 7701-7772 and 7781-7786; 7 CFR 2.22, 2.80, and 371.3.
7:330	dotted-cfr-section	usc	31:2 -> (removed)	7 U.S.C. 1633, 7701-7772, 7781-7786, and 8301-8317; 21 U.S.C. 136 and 136a; 31 U.S.C. 9701; 7 CFR 2.22, 2.80, and 371.3.
7:330	dotted-cfr-section	usc	31:371 -> (removed)	7 U.S.C. 1633, 7701-7772, 7781-7786, and 8301-8317; 21 U.S.C. 136 and 136a; 31 U.S.C. 9701; 7 CFR 2.22, 2.80, and 371.3.
7:331	dotted-cfr-section	usc	7:2 -> (removed)	7 U.S.C. 8401; 7 CFR 2.22, 2.80, and 371.3.
7:331	dotted-cfr-section	usc	7:371 -> (removed)	7 U.S.C. 8401; 7 CFR 2.22, 2.80, and 371.3.
7:340	dotted-cfr-section	usc	31:2 -> (removed)	7 U.S.C. 7701-7772 and 7781-7786; 31 U.S.C. 9701; 7 CFR 2.22, 2.80, and 371.3.
7:340	dotted-cfr-section	usc	31:371 -> (removed)	7 U.S.C. 7701-7772 and 7781-7786; 31 U.S.C. 9701; 7 CFR 2.22, 2.80, and 371.3.
7:351	dotted-cfr-section	usc	7:2 -> (removed)	7 U.S.C. 7701-7772 and 7781-7786; 7 CFR 2.22, 2.80, and 371.3.
7:351	dotted-cfr-section	usc	7:371 -> (removed)	7 U.S.C. 7701-7772 and 7781-7786; 7 CFR 2.22, 2.80, and 371.3.
7:352	dotted-cfr-section	usc	31:2 -> (removed)	7 U.S.C. 7701-7772 and 7781-7786; 21 U.S.C. 136 and 136a; 31 U.S.C. 9701; 7 CFR 2.22, 2.80, and 371.3.
7:352	dotted-cfr-section	usc	31:371 -> (removed)	7 U.S.C. 7701-7772 and 7781-7786; 21 U.S.C. 136 and 136a; 31 U.S.C. 9701; 7 CFR 2.22, 2.80, and 371.3.
7:353	dotted-cfr-section	usc	21:2 -> (removed)	7 U.S.C. 7701-7772 and 7781-7786; 21 U.S.C. 136 and 136a; 7 CFR 2.22, 2.80, and 371.3.
7:353	dotted-cfr-section	usc	21:371 -> (removed)	7 U.S.C. 7701-7772 and 7781-7786; 21 U.S.C. 136 and 136a; 7 CFR 2.22, 2.80, and 371.3.
7:354	dotted-cfr-section	usc	49:2 -> (removed)	7 U.S.C. 7701-7772, 7781-7786, and 8301-8317; 21 U.S.C. 136 and 136a; 49 U.S.C. 80503; 7 CFR 2.22, 2.80, and 371.3.
7:354	dotted-cfr-section	usc	49:371 -> (removed)	7 U.S.C. 7701-7772, 7781-7786, and 8301-8317; 21 U.S.C. 136 and 136a; 49 U.S.C. 80503; 7 CFR 2.22, 2.80, and 371.3.
7:355	dotted-cfr-section	usc	16:2 -> (removed)	16 U.S.C. 1532, 1538, and 1540; 7 CFR 2.22, 2.80, and 371.3.
7:355	dotted-cfr-section	usc	16:371 -> (removed)	16 U.S.C. 1532, 1538, and 1540; 7 CFR 2.22, 2.80, and 371.3.
7:356	dotted-cfr-section	usc	16:2 -> (removed)	16 U.S.C. 1540(f), 16 U.S.C. 3374); 7 CFR 2.22, 2.80, 371.3.
7:356	dotted-cfr-section	usc	16:371 -> (removed)	16 U.S.C. 1540(f), 16 U.S.C. 3374); 7 CFR 2.22, 2.80, 371.3.
7:357	dotted-cfr-section	usc	16:2 -> (removed)	16 U.S.C. 3371 et seq.; 7 CFR 2.22, 2.80, and 371.2(d).
7:357	dotted-cfr-section	usc	16:371 -> (removed)	16 U.S.C. 3371 et seq.; 7 CFR 2.22, 2.80, and 371.2(d).
7:360	dotted-cfr-section	usc	7:2 -> (removed)	7 U.S.C. 7701-7772 and 7781-7786; 7 CFR 2.22, 2.80, and 371.3.
7:360	dotted-cfr-section	usc	7:371 -> (removed)	7 U.S.C. 7701-7772 and 7781-7786; 7 CFR 2.22, 2.80, and 371.3.
7:361	dotted-cfr-section	usc	7:2 -> (removed)	7 U.S.C. 1581-1610; 7 CFR 2.22, 2.80, and 371.3.
7:361	dotted-cfr-section	usc	7:371 -> (removed)	7 U.S.C. 1581-1610; 7 CFR 2.22, 2.80, and 371.3.
7:380	dotted-cfr-section	usc	16:2 -> (removed)	7 U.S.C. 7701-7772 and 7781-7786; 16 U.S.C. 1540(a), 3373(a) and (b); 7 CFR 2.22, 2.80, and 371.3.
7:380	dotted-cfr-section	usc	16:371 -> (removed)	7 U.S.C. 7701-7772 and 7781-7786; 16 U.S.C. 1540(a), 3373(a) and (b); 7 CFR 2.22, 2.80, and 371.3.
7:47	dotted-cfr-section	usc	7:2 -> (removed)	5 U.S.C 553; 7 U.S.C. 499f; 7 U.S.C. 499o; 7 CFR 2.22(a)(1)(viii)(L), 2.79(a)(8)(xiii).
7:50	dotted-cfr-section	usc	7:2 -> (removed)	7 U.S.C. 1621 et seq. ; 7 CFR 2.35, 2.41.
7:661	dotted-cfr-section	usc	5:1 -> (removed)	5 U.S.C. 552, 552a; 7 CFR 1.1-1.16, 1.110-1.123.
8:1003	compilation-locator	usc	28:1949 -> (removed)	5 U.S.C. 301; 6 U.S.C. 521; 8 U.S.C. 1101, 1103, 1154, 1155, 1158, 1182, 1226, 1229, 1229a, 1229b, 1229c, 1231, 1254a, 1255, 1324d, 1330, 1361, 1362, 1801, 1802, 1808, 1812; 28 U.S.C. 509, 510, 1746; sec. 2, Reorg. Plan No. 2 of 1950, 3 CFR, 1949-1953 Comp., p. 1002.
8:103	compilation-locator	usc	6:1982 -> (removed)	5 U.S.C. 301, 552, 552a; 8 U.S.C. 1101, 1103, 1184, 1185 note, 1304, 1356, 1365b, 1372, 1801-1815; 31 U.S.C. 9701; 48 U.S.C. 1806; Pub. L. 107-296, 116 Stat. 2135 (6 U.S.C. 1 et seq. ); E.O. 12356, 47 FR 14874, 15557, 3 CFR, 1982 Comp., p. 166; 8 CFR part 2; Pub. L. 112-45, 125 Stat. 550; 31 CFR part 223.
8:1215	compilation-locator	usc	8:1953 -> (removed)	Sec. 104, 66 Stat. 174, Proc. 3004, 18 FR 489; 8 U.S.C. 1104, 3 CFR, 1953 Supp. Interpret or apply sec. 215, 66 Stat. 190; (8 U.S.C. 1185).
8:1235	compilation-locator	usc	8:2003 -> (removed)	8 U.S.C. 1101 and note, 1103, 1183, 1185 (pursuant to E.O. 13323, 69 FR 241, 3 CFR, 2003 Comp., p. 278), 1201, 1224, 1225, 1226, 1228, 1365a note, 1379, 1731-32; Title VII of Pub. L. 110-229; 8 U.S.C. 1185 note (section 7209 of Pub. L. 108-458); Public Law 115-218.
8:215	compilation-locator	usc	8:2003 -> (removed)	6 U.S.C. 202(4), 236; 8 U.S.C. 1101, 1103, 1104, 1184, 1185 (pursuant to Executive Order 13323, 69 FR 241, 3 CFR, 2003 Comp., p. 278), 1357, 1365a and note, 1365b, 1379, 1731-32; and 8 CFR part 2.
8:223	cross-family-volume	usc	8:19 -> (removed)	8 U.S.C. 1103, 1181, 1182, 1186a, 1203, 1225, 1226, 1227, 1251; Protocol Relating to the Status of Refugees, November 1, 1968, 19 U.S.T. 6223 (TIAS) 6577; 8 CFR part 2.
8:235	compilation-locator	usc	8:2003 -> (removed)	6 U.S.C. 218 and note; 8 U.S.C. 1101 and note, 1103, 11f58, 1182, 1183, 1185 (pursuant to Executive Order 13323, 69 FR 241, 3 CFR, 2003 Comp., p. 278), 1185 note, 1201, 1224, 1225, 1226, 1228, 1357, 1365a and note, 1365b, 1379, 1731-32; 48 U.S.C. 1806 and note, 1807, and 1808 and 48 U.S.C. 1806 notes (title VII, Pub. L. 110-229, 122 Stat. 754); 8 U.S.C. 1185 note (sec. 7209, Pub. L. 108-458, 118 Stat. 3638, and Pub. L. 112-54, 125 Stat. 550).
8:3	compilation-locator	usc	28:1949 -> (removed)	5 U.S.C. 301; 8 U.S.C. 1101 note, 1103, 1252 note, 1252b, 1324b, 1362; 28 U.S.C. 509, 510, 1746; sec. 2, Reorg. Plan No. 2 of 1950, 3 CFR, 1949-1953 Comp., p. 1002; section 203 of Pub. L. 105-100, 111 Stat. 2196-200; sections 1506 and 1510 of Pub. L. 106-386; 114 Stat. 1527-29, 1531-32; section 1505 of Pub. L. 106-554, 114 Stat. 2763A-326 to -328.
9:1	dotted-cfr-section	usc	7:2 -> (removed)	7 U.S.C. 2131-2159; 7 CFR 2.22, 2.80, and 371.7.
9:1	dotted-cfr-section	usc	7:371 -> (removed)	7 U.S.C. 2131-2159; 7 CFR 2.22, 2.80, and 371.7.
9:101	dotted-cfr-section	usc	21:2 -> (removed)	21 U.S.C. 151-159; 7 CFR 2.22, 2.80, and 371.4.
9:101	dotted-cfr-section	usc	21:371 -> (removed)	21 U.S.C. 151-159; 7 CFR 2.22, 2.80, and 371.4.
9:102	dotted-cfr-section	usc	21:2 -> (removed)	21 U.S.C. 151-159; 7 CFR 2.22, 2.80, and 371.4.
9:102	dotted-cfr-section	usc	21:371 -> (removed)	21 U.S.C. 151-159; 7 CFR 2.22, 2.80, and 371.4.
9:103	dotted-cfr-section	usc	21:2 -> (removed)	21 U.S.C. 151-159; 7 CFR 2.22, 2.80, and 371.4.
9:103	dotted-cfr-section	usc	21:371 -> (removed)	21 U.S.C. 151-159; 7 CFR 2.22, 2.80, and 371.4.
9:104	dotted-cfr-section	usc	21:2 -> (removed)	21 U.S.C. 151-159; 7 CFR 2.22, 2.80, and 371.4.
9:104	dotted-cfr-section	usc	21:371 -> (removed)	21 U.S.C. 151-159; 7 CFR 2.22, 2.80, and 371.4.
9:105	dotted-cfr-section	usc	21:2 -> (removed)	21 U.S.C. 151-159; 7 CFR 2.22, 2.80, and 371.4.
9:105	dotted-cfr-section	usc	21:371 -> (removed)	21 U.S.C. 151-159; 7 CFR 2.22, 2.80, and 371.4.
9:106	dotted-cfr-section	usc	21:2 -> (removed)	21 U.S.C. 151-159; 7 CFR 2.22, 2.80, and 371.4.
9:106	dotted-cfr-section	usc	21:371 -> (removed)	21 U.S.C. 151-159; 7 CFR 2.22, 2.80, and 371.4.
9:107	dotted-cfr-section	usc	21:2 -> (removed)	21 U.S.C. 151-159; 7 CFR 2.22, 2.80, and 371.4.
9:107	dotted-cfr-section	usc	21:371 -> (removed)	21 U.S.C. 151-159; 7 CFR 2.22, 2.80, and 371.4.
9:108	dotted-cfr-section	usc	21:2 -> (removed)	21 U.S.C. 151-159; 7 CFR 2.22, 2.80, and 371.4.
9:108	dotted-cfr-section	usc	21:371 -> (removed)	21 U.S.C. 151-159; 7 CFR 2.22, 2.80, and 371.4.
9:109	dotted-cfr-section	usc	21:2 -> (removed)	21 U.S.C. 151-159; 7 CFR 2.22, 2.80, and 371.4.
9:109	dotted-cfr-section	usc	21:371 -> (removed)	21 U.S.C. 151-159; 7 CFR 2.22, 2.80, and 371.4.
9:11	dotted-cfr-section	usc	15:2 -> (removed)	15 U.S.C. 1823-1825 and 1828; 7 CFR 2.22, 2.80, and 371.7.
9:11	dotted-cfr-section	usc	15:371 -> (removed)	15 U.S.C. 1823-1825 and 1828; 7 CFR 2.22, 2.80, and 371.7.
9:112	dotted-cfr-section	usc	21:2 -> (removed)	21 U.S.C. 151-159; 7 CFR 2.22, 2.80, and 371.4.
9:112	dotted-cfr-section	usc	21:371 -> (removed)	21 U.S.C. 151-159; 7 CFR 2.22, 2.80, and 371.4.
9:113	dotted-cfr-section	usc	21:2 -> (removed)	21 U.S.C. 151-159; 7 CFR 2.22, 2.80, and 371.4.
9:113	dotted-cfr-section	usc	21:371 -> (removed)	21 U.S.C. 151-159; 7 CFR 2.22, 2.80, and 371.4.
9:114	dotted-cfr-section	usc	21:2 -> (removed)	21 U.S.C. 151-159; 7 CFR 2.22, 2.80, and 371.4.
9:114	dotted-cfr-section	usc	21:371 -> (removed)	21 U.S.C. 151-159; 7 CFR 2.22, 2.80, and 371.4.
9:115	dotted-cfr-section	usc	21:2 -> (removed)	21 U.S.C. 151-159; 7 CFR 2.22, 2.80, and 371.4.
9:115	dotted-cfr-section	usc	21:371 -> (removed)	21 U.S.C. 151-159; 7 CFR 2.22, 2.80, and 371.4.
9:116	dotted-cfr-section	usc	21:2 -> (removed)	21 U.S.C. 151-159; 7 CFR 2.22, 2.80, and 371.4.
9:116	dotted-cfr-section	usc	21:371 -> (removed)	21 U.S.C. 151-159; 7 CFR 2.22, 2.80, and 371.4.
9:117	dotted-cfr-section	usc	21:2 -> (removed)	21 U.S.C. 151-159; 7 CFR 2.22, 2.80, and 371.4.
9:117	dotted-cfr-section	usc	21:371 -> (removed)	21 U.S.C. 151-159; 7 CFR 2.22, 2.80, and 371.4.
9:118	dotted-cfr-section	usc	21:2 -> (removed)	21 U.S.C. 151-159; 7 CFR 2.22, 2.80, and 371.4.
9:118	dotted-cfr-section	usc	21:371 -> (removed)	21 U.S.C. 151-159; 7 CFR 2.22, 2.80, and 371.4.
9:12	dotted-cfr-section	usc	15:2 -> (removed)	15 U.S.C. 1825 and 1828; 7 CFR 2.22, 2.80, and 371.7.
9:12	dotted-cfr-section	usc	15:371 -> (removed)	15 U.S.C. 1825 and 1828; 7 CFR 2.22, 2.80, and 371.7.
9:121	dotted-cfr-section	usc	7:2 -> (removed)	7 U.S.C. 8401; 7 CFR 2.22, 2.80, and 371.4.
9:121	dotted-cfr-section	usc	7:371 -> (removed)	7 U.S.C. 8401; 7 CFR 2.22, 2.80, and 371.4.
9:122	dotted-cfr-section	usc	21:2 -> (removed)	7 U.S.C. 8301-8317; 21 U.S.C. 151-158; 7 CFR 2.22, 2.80, and 371.4.
9:122	dotted-cfr-section	usc	21:371 -> (removed)	7 U.S.C. 8301-8317; 21 U.S.C. 151-158; 7 CFR 2.22, 2.80, and 371.4.
9:123	dotted-cfr-section	usc	21:2 -> (removed)	7 U.S.C. 8301-8317; 21 U.S.C. 151-159; 7 CFR 2.22, 2.80, and 371.4.
9:123	dotted-cfr-section	usc	21:371 -> (removed)	7 U.S.C. 8301-8317; 21 U.S.C. 151-159; 7 CFR 2.22, 2.80, and 371.4.
9:124	dotted-cfr-section	usc	35:2 -> (removed)	35 U.S.C. 156; 7 CFR 2.22, 2.80, and 371.4.
9:124	dotted-cfr-section	usc	35:371 -> (removed)	35 U.S.C. 156; 7 CFR 2.22, 2.80, and 371.4.
9:130	dotted-cfr-section	usc	31:2 -> (removed)	5 U.S.C. 5542; 7 U.S.C. 1622 and 8301-8317; 21 U.S.C. 136 and 136a; 31 U.S.C. 3701, 3716, 3717, 3719, and 3720A; 7 CFR 2.22, 2.80, and 371.4.
9:130	dotted-cfr-section	usc	31:371 -> (removed)	5 U.S.C. 5542; 7 U.S.C. 1622 and 8301-8317; 21 U.S.C. 136 and 136a; 31 U.S.C. 3701, 3716, 3717, 3719, and 3720A; 7 CFR 2.22, 2.80, and 371.4.
9:145	dotted-cfr-section	usc	7:2 -> (removed)	7 U.S.C. 8301-8317; 7 CFR 2.22, 2.80, and 371.4.
9:145	dotted-cfr-section	usc	7:371 -> (removed)	7 U.S.C. 8301-8317; 7 CFR 2.22, 2.80, and 371.4.
9:146	dotted-cfr-section	usc	7:2 -> (removed)	7 U.S.C. 8301-8317; 7 CFR 2.22, 2.80, and 371.4.
9:146	dotted-cfr-section	usc	7:371 -> (removed)	7 U.S.C. 8301-8317; 7 CFR 2.22, 2.80, and 371.4.
9:147	dotted-cfr-section	usc	7:2 -> (removed)	7 U.S.C. 8301-8317; 7 CFR 2.22, 2.80, and 371.4.
9:147	dotted-cfr-section	usc	7:371 -> (removed)	7 U.S.C. 8301-8317; 7 CFR 2.22, 2.80, and 371.4.
9:151	dotted-cfr-section	usc	19:2 -> (removed)	19 U.S.C. 1202; 7 CFR 2.22, 2.80, and 371.4.
9:151	dotted-cfr-section	usc	19:371 -> (removed)	19 U.S.C. 1202; 7 CFR 2.22, 2.80, and 371.4.
9:156	dotted-cfr-section	usc	21:2 -> (removed)	7 U.S.C. 1622 and 1624; 21 U.S.C. 136a; 7 CFR 2.22, 2.80, and 371.4.
9:156	dotted-cfr-section	usc	21:371 -> (removed)	7 U.S.C. 1622 and 1624; 21 U.S.C. 136a; 7 CFR 2.22, 2.80, and 371.4.
9:160	dotted-cfr-section	usc	15:2 -> (removed)	7 U.S.C. 8301-8317; 15 U.S.C. 1828; 7 CFR 2.22, 2.80, and 371.4.
9:160	dotted-cfr-section	usc	15:371 -> (removed)	7 U.S.C. 8301-8317; 15 U.S.C. 1828; 7 CFR 2.22, 2.80, and 371.4.
9:161	dotted-cfr-section	usc	15:2 -> (removed)	7 U.S.C. 8301-8317; 15 U.S.C. 1828; 7 CFR 2.22, 2.80, and 371.4.
9:161	dotted-cfr-section	usc	15:371 -> (removed)	7 U.S.C. 8301-8317; 15 U.S.C. 1828; 7 CFR 2.22, 2.80, and 371.4.
9:162	dotted-cfr-section	usc	15:2 -> (removed)	7 U.S.C. 8301-8317; 15 U.S.C. 1828; 7 CFR 2.22, 2.80, and 371.4.
9:162	dotted-cfr-section	usc	15:371 -> (removed)	7 U.S.C. 8301-8317; 15 U.S.C. 1828; 7 CFR 2.22, 2.80, and 371.4.
9:166	dotted-cfr-section	usc	7:2 -> (removed)	7 U.S.C. 3801-3813; 7 CFR 2.22, 2.8, and 371.4
9:166	dotted-cfr-section	usc	7:371 -> (removed)	7 U.S.C. 3801-3813; 7 CFR 2.22, 2.8, and 371.4
9:167	dotted-cfr-section	usc	7:2 -> (removed)	7 U.S.C. 3804, 3805, and 3811; 7 CFR 2.22, 2.80, and 371.4.
9:167	dotted-cfr-section	usc	7:371 -> (removed)	7 U.S.C. 3804, 3805, and 3811; 7 CFR 2.22, 2.80, and 371.4.
9:2	dotted-cfr-section	usc	7:2 -> (removed)	7 U.S.C. 2131-2159; 7 CFR 2.22, 2.80, and 371.7.
9:2	dotted-cfr-section	usc	7:371 -> (removed)	7 U.S.C. 2131-2159; 7 CFR 2.22, 2.80, and 371.7.
9:202	dotted-cfr-section	usc	7:2 -> (removed)	7 U.S.C. 228(a); 7 CFR 2.22 and 2.81.
9:205	dotted-cfr-section	usc	7:2 -> (removed)	7 U.S.C. 1631; 7 CFR 2.22 and 2.81.
9:3	dotted-cfr-section	usc	7:2 -> (removed)	7 U.S.C. 2131-2159; 7 CFR 2.22, 2.80, and 371.7.
9:3	dotted-cfr-section	usc	7:371 -> (removed)	7 U.S.C. 2131-2159; 7 CFR 2.22, 2.80, and 371.7.
9:300	dotted-cfr-section	usc	7:2 -> (removed)	21 U.S.C. 451-470, 601-695, 1031-1056; 7 U.S.C. 138-138i, 450, 1621-1627, 1901-1906; 7 CFR 2.7, 2.18, 2.53.
9:301	dotted-cfr-section	usc	21:2 -> (removed)	7 U.S.C. 138-138i, 450, 1901-1906; 21 U.S.C. 601-695; 7 CFR 2.7, 2.18, 2.53.
9:302	dotted-cfr-section	usc	21:2 -> (removed)	21 U.S.C. 601-695; 7 CFR 2.17, 2.55.
9:303	dotted-cfr-section	usc	21:2 -> (removed)	21 U.S.C. 601-695; 7 CFR 2.18, 2.53.
9:304	dotted-cfr-section	usc	21:2 -> (removed)	21 U.S.C. 601-695; 7 CFR 2.18, 2.53.
9:305	dotted-cfr-section	usc	21:2 -> (removed)	21 U.S.C. 601-695; 7 CFR 2.17, 2.55.
9:306	dotted-cfr-section	usc	21:2 -> (removed)	21 U.S.C. 601-695; 7 CFR 2.7, 2.18, 2.53.
9:307	dotted-cfr-section	usc	21:2 -> (removed)	7 U.S.C. 394, 21 U.S.C. 601-695; 7 CFR 2.17, 2.55.
9:309	dotted-cfr-section	usc	21:2 -> (removed)	21 U.S.C. 601-695; 7 CFR 2.18, 2.53.
9:310	dotted-cfr-section	usc	21:2 -> (removed)	21 U.S.C. 601-695; 7 CFR 2.18, 2.53.
9:311	dotted-cfr-section	usc	21:2 -> (removed)	21 U.S.C. 601-695; 7 CFR 2.17, 2.55.
9:312	dotted-cfr-section	usc	21:2 -> (removed)	21 U.S.C. 601-695; 7 CFR 2.17, 2.55.
9:313	dotted-cfr-section	usc	21:2 -> (removed)	7 U.S.C. 1901-1906; 21 U.S.C. 601-695; 7 CFR 2.17, 2.55.
9:314	dotted-cfr-section	usc	21:2 -> (removed)	21 U.S.C. 601-695; 7 CFR 2.17, 2.55.
9:315	dotted-cfr-section	usc	21:2 -> (removed)	21 U.S.C. 601-695; 7 CFR 2.17, 2.55.
9:316	dotted-cfr-section	usc	21:2 -> (removed)	21 U.S.C. 601-695; 7 CFR 2.18, 2.55.
9:317	dotted-cfr-section	usc	21:2 -> (removed)	21 U.S.C. 601-695; 7 CFR 2.18, 2.53.
9:318	dotted-cfr-section	usc	21:2 -> (removed)	7 U.S.C. 1633, 1901-1906; 21 U.S.C. 601-695; 7 CFR 2.18, 2.53.
9:319	dotted-cfr-section	usc	21:2 -> (removed)	7 U.S.C. 1633, 1901-1906; 21 U.S.C. 601-695; 7 CFR 2.18, 2.53.
9:320	dotted-cfr-section	usc	21:2 -> (removed)	21 U.S.C. 601-695; 7 CFR 2.18, 2.53.
9:321	dotted-cfr-section	usc	21:2 -> (removed)	21 U.S.C. 601-695; 7 CFR 2.18, 2.53.
9:322	dotted-cfr-section	usc	21:2 -> (removed)	21 U.S.C. 601-695; 7 CFR 2.17, 2.55.
9:325	dotted-cfr-section	usc	21:2 -> (removed)	7 U.S.C. 1633, 1901-1906; 21 U.S.C. 601-695; 7 CFR 2.18, 2.53.
9:327	dotted-cfr-section	usc	21:2 -> (removed)	21 U.S.C. 601-695; 7 CFR 2.18, 2.53.
9:329	dotted-cfr-section	usc	21:2 -> (removed)	21 U.S.C. 601-695; 7 CFR 2.17, 2.55.
9:331	dotted-cfr-section	usc	21:2 -> (removed)	21 U.S.C. 601-695; 7 CFR 2.18, 2.53.
9:332	dotted-cfr-section	usc	21:2 -> (removed)	21 U.S.C. 601-695; 7 CFR 2.18, 2.53.
9:335	dotted-cfr-section	usc	21:2 -> (removed)	21 U.S.C. 601-695; 7 CFR 2.17, 2.55.
9:350	dotted-cfr-section	usc	7:2 -> (removed)	7 U.S.C. 1622, 1624; 7 CFR 2.17, 2.55.
9:351	dotted-cfr-section	usc	7:2 -> (removed)	7 U.S.C. 1622, 1624; 7 CFR 2.17 (g) and (i), 2.55.
9:352	dotted-cfr-section	usc	7:2 -> (removed)	7 U.S.C. 1622, 1624; 7 CFR 2.17 (g) and (i), 2.55.
9:354	dotted-cfr-section	usc	7:2 -> (removed)	7 U.S.C. 1622, 1624; 7 CFR 2.17 (g) and (i), 2.55.
9:362	dotted-cfr-section	usc	7:2 -> (removed)	7 U.S.C. 1622; 7 CFR 2.18 (g) and (i) and 2.53.
9:381	dotted-cfr-section	usc	21:2 -> (removed)	7 U.S.C. 138f, 1633; 21 U.S.C. 451-472; 7 CFR 2.7, 2.18, 2.53.
9:390	dotted-cfr-section	usc	21:2 -> (removed)	5 U.S.C. 301, 552, 552a; 21 U.S.C. 451-472, 601-695; 7 CFR 1.3, 2.7.
9:391	dotted-cfr-section	usc	21:2 -> (removed)	7 U.S.C. 138f; 7 U.S.C. 1622, 1627 and 2219a; 21 U.S.C. 451 et seq.; 21 U.S.C. 601-695; 7 CFR 2.18 and 2.53.
9:4	dotted-cfr-section	usc	7:2 -> (removed)	7 U.S.C. 2149 and 2151; 7 CFR 2.22, 2.80, and 371.7.
9:4	dotted-cfr-section	usc	7:371 -> (removed)	7 U.S.C. 2149 and 2151; 7 CFR 2.22, 2.80, and 371.7.
9:412	dotted-cfr-section	usc	21:2 -> (removed)	21 U.S.C. 451-470, 601-695; 7 CFR 2.18, 2.53.
9:416	dotted-cfr-section	usc	7:2 -> (removed)	21 U.S.C. 451-470, 601-695, 1031-1056; 7 U.S.C. 450, 1901-1906; 7 CFR 2.18, 2.53.
9:417	dotted-cfr-section	usc	7:2 -> (removed)	21 U.S.C. 451-470, 601-695, 1031-1056; 7 U.S.C. 450, 1901-1906; 7 CFR 2.18, 2.53.
9:418	dotted-cfr-section	usc	21:2 -> (removed)	7 U.S.C. 450; 21 U.S.C. 451-470, 601-695; 7 CFR 2.18, 2.53.
9:424	dotted-cfr-section	usc	21:2 -> (removed)	7 U.S.C. 1633, 1901-1906; 21 U.S.C. 451-472, 601-695; 7 CFR 2.18, 2.53.
9:430	dotted-cfr-section	usc	21:2 -> (removed)	7 U.S.C. 450; 7 U.S.C. 1901-1906; 21 U.S.C. 451-470, 601-695; 7 CFR 2.18, 2.53.
9:431	dotted-cfr-section	usc	21:2 -> (removed)	7 U.S.C. 1633, 1901-1906; 21 U.S.C. 451-472, 601-695; 7 CFR 2.18, 2.53.
9:439	dotted-cfr-section	usc	21:2 -> (removed)	7 U.S.C. 138f, 450, 1901-1906, 1622(o); 21 U.S.C. 451-470, 601-695; 7 CFR 2.18, 2.53.
9:441	dotted-cfr-section	usc	7:2 -> (removed)	21 U.S.C. 451-470, 601-695; 7 U.S.C. 450, 1901-1906; 7 CFR 2.18, 2.53.
9:442	dotted-cfr-section	usc	21:2 -> (removed)	21 U.S.C. 451-470, 601-695; 7 CFR 2.18, 2.53.
9:49	dotted-cfr-section	usc	7:2 -> (removed)	7 U.S.C. 8301-8317; 7 CFR 2.22, 2.80, and 371.4.
9:49	dotted-cfr-section	usc	7:371 -> (removed)	7 U.S.C. 8301-8317; 7 CFR 2.22, 2.80, and 371.4.
9:50	dotted-cfr-section	usc	7:2 -> (removed)	7 U.S.C. 8301-8317; 7 CFR 2.22, 2.80, and 371.4.
9:50	dotted-cfr-section	usc	7:371 -> (removed)	7 U.S.C. 8301-8317; 7 CFR 2.22, 2.80, and 371.4.
9:500	dotted-cfr-section	usc	33:2 -> (removed)	21 U.S.C. 451-470, 601-695, 1031-1056; 7 U.S.C. 450, 1901-1906; (33 U.S.C. 1251 et seq. ); 7 CFR 2.18, 2.53.
9:51	dotted-cfr-section	usc	7:2 -> (removed)	7 U.S.C. 8301-8317; 7 CFR 2.22, 2.80, and 371.4.
9:51	dotted-cfr-section	usc	7:371 -> (removed)	7 U.S.C. 8301-8317; 7 CFR 2.22, 2.80, and 371.4.
9:52	dotted-cfr-section	usc	7:2 -> (removed)	7 U.S.C. 8301-8317; 7 CFR 2.22, 2.80, and 371.4.
9:52	dotted-cfr-section	usc	7:371 -> (removed)	7 U.S.C. 8301-8317; 7 CFR 2.22, 2.80, and 371.4.
9:53	dotted-cfr-section	usc	7:2 -> (removed)	7 U.S.C. 8301-8317; 7 CFR 2.22, 2.80, and 371.4.
9:53	dotted-cfr-section	usc	7:371 -> (removed)	7 U.S.C. 8301-8317; 7 CFR 2.22, 2.80, and 371.4.
9:530	dotted-cfr-section	usc	21:2 -> (removed)	7 U.S.C. 138f; 7 U.S.C. 450; 21 U.S.C. 601-602, 606-622, 624-695; 7 CFR 2.7, 2.18, 2.53.
9:531	dotted-cfr-section	usc	21:2 -> (removed)	7 U.S.C. 138f; 7 U.S.C. 450; 21 U.S.C. 601-602, 606-622, 624-695; 7 CFR 2.7, 2.18, 2.53.
9:532	dotted-cfr-section	usc	21:2 -> (removed)	7 U.S.C. 138f; 7 U.S.C. 450; 21 U.S.C. 601-602, 606-622, 624-695; 7 CFR 2.7, 2.18, 2.53.
9:533	dotted-cfr-section	usc	21:2 -> (removed)	21 U.S.C. 601-602, 606-622, 624-695; 7 CFR 2.7, 2.18, 2.53.
9:534	dotted-cfr-section	usc	21:2 -> (removed)	21 U.S.C. 601-602, 606-622, 624-695; 7 CFR 2.7, 2.18, 2.53.
9:537	dotted-cfr-section	usc	21:2 -> (removed)	21 U.S.C. 21 U.S.C. 601-602, 606-622, 624-695; 7 CFR 2.7, 2.18, 2.53.
9:539	dotted-cfr-section	usc	21:2 -> (removed)	21 U.S.C. 21 U.S.C. 601-602, 606-622, 624-695; 7 CFR 2.7, 2.18, 2.53.
9:54	dotted-cfr-section	usc	7:2 -> (removed)	7 U.S.C. 8301-8317; 7 CFR 2.22, 2.80, and 371.4.
9:54	dotted-cfr-section	usc	7:371 -> (removed)	7 U.S.C. 8301-8317; 7 CFR 2.22, 2.80, and 371.4.
9:540	dotted-cfr-section	usc	21:2 -> (removed)	21 U.S.C. 21 U.S.C. 601-602, 606-622, 624-695; 7 CFR 2.7, 2.18, 2.53.
9:541	dotted-cfr-section	usc	21:2 -> (removed)	21 U.S.C. 21 U.S.C. 601-602, 606-622, 624-695; 7 CFR 2.7, 2.18, 2.53.
9:544	dotted-cfr-section	usc	21:2 -> (removed)	21 U.S.C. 601-602, 606-622, 624-695; 7 CFR 2.7, 2.18, 2.53.
9:548	dotted-cfr-section	usc	21:2 -> (removed)	7 U.S.C. 1633; 21 U.S.C. 601-602, 606-695; 7 CFR 2.7, 2.18, 2.53.
9:55	dotted-cfr-section	usc	7:2 -> (removed)	7 U.S.C. 8301-8317; 7 CFR 2.22, 2.80, and 371.4.
9:55	dotted-cfr-section	usc	7:371 -> (removed)	7 U.S.C. 8301-8317; 7 CFR 2.22, 2.80, and 371.4.
9:550	dotted-cfr-section	usc	21:2 -> (removed)	21 U.S.C. 601-602, 606-622, 624-695; 7 CFR 2.7, 2.18, 2.53.
9:552	dotted-cfr-section	usc	21:2 -> (removed)	21 U.S.C. 601-602, 606-622, 624-695; 7 CFR 2.7, 2.18, 2.53.
9:555	dotted-cfr-section	usc	21:2 -> (removed)	7 U.S.C. 450; 21 U.S.C. 601-602, 606-622, 624-695; 7 CFR 2.7, 2.18, 2.53.
9:557	dotted-cfr-section	usc	21:2 -> (removed)	21 U.S.C. 601-602, 606-622, 624-695; 7 CFR 2.7, 2.18, 2.53.
9:559	dotted-cfr-section	usc	21:2 -> (removed)	7 U.S.C. 450; 21 U.S.C. 601-602, 606-622, 624-695; 7 CFR 2.7, 2.18, 2.53.
9:56	dotted-cfr-section	usc	7:2 -> (removed)	7 U.S.C. 8301-8317; 7 CFR 2.22, 2.80, and 371.4.
9:56	dotted-cfr-section	usc	7:371 -> (removed)	7 U.S.C. 8301-8317; 7 CFR 2.22, 2.80, and 371.4.
9:560	dotted-cfr-section	usc	21:2 -> (removed)	7 U.S.C. 450; 21 U.S.C. 601-602, 606-622, 624-695; 7 CFR 2.7, 2.18, 2.53.
9:561	dotted-cfr-section	usc	21:2 -> (removed)	7 U.S.C. 450; 21 U.S.C. 601-602, 606-622, 624-695; 7 CFR 2.7, 2.18, 2.53.
9:590	dotted-cfr-section	usc	21:2 -> (removed)	21 U.S.C. 1031-1056; 7 CFR 2.18, 2.53.
9:591	dotted-cfr-section	usc	21:2 -> (removed)	21 U.S.C. 1031-1056; 7 CFR 2.18, 2.53.
9:70	dotted-cfr-section	usc	7:2 -> (removed)	7 U.S.C. 8301-8317; 7 CFR 2.22, 2.80, and 371.4.
9:70	dotted-cfr-section	usc	7:371 -> (removed)	7 U.S.C. 8301-8317; 7 CFR 2.22, 2.80, and 371.4.
9:71	dotted-cfr-section	usc	7:2 -> (removed)	7 U.S.C. 8301-8317; 7 CFR 2.22, 2.80, and 371.4.
9:71	dotted-cfr-section	usc	7:371 -> (removed)	7 U.S.C. 8301-8317; 7 CFR 2.22, 2.80, and 371.4.
9:72	dotted-cfr-section	usc	7:2 -> (removed)	7 U.S.C. 8301-8317; 7 CFR 2.22, 2.80, and 371.4.
9:72	dotted-cfr-section	usc	7:371 -> (removed)	7 U.S.C. 8301-8317; 7 CFR 2.22, 2.80, and 371.4.
9:73	dotted-cfr-section	usc	7:2 -> (removed)	7 U.S.C. 8301-8317; 7 CFR 2.22, 2.80, and 371.4.
9:73	dotted-cfr-section	usc	7:371 -> (removed)	7 U.S.C. 8301-8317; 7 CFR 2.22, 2.80, and 371.4.
9:74	dotted-cfr-section	usc	7:2 -> (removed)	7 U.S.C. 8301-8317; 7 CFR 2.22, 2.80, and 371.4.
9:74	dotted-cfr-section	usc	7:371 -> (removed)	7 U.S.C. 8301-8317; 7 CFR 2.22, 2.80, and 371.4.
9:75	dotted-cfr-section	usc	7:2 -> (removed)	7 U.S.C. 8301-8317; 7 CFR 2.22, 2.80, and 371.4.
9:75	dotted-cfr-section	usc	7:371 -> (removed)	7 U.S.C. 8301-8317; 7 CFR 2.22, 2.80, and 371.4.
9:77	dotted-cfr-section	usc	7:2 -> (removed)	7 U.S.C. 8301-8317; 7 CFR 2.22, 2.80, and 371.4.
9:77	dotted-cfr-section	usc	7:371 -> (removed)	7 U.S.C. 8301-8317; 7 CFR 2.22, 2.80, and 371.4.
9:78	dotted-cfr-section	usc	7:2 -> (removed)	7 U.S.C. 8301-8317; 7 CFR 2.22, 2.80, and 371.4.
9:78	dotted-cfr-section	usc	7:371 -> (removed)	7 U.S.C. 8301-8317; 7 CFR 2.22, 2.80, and 371.4.
9:79	dotted-cfr-section	usc	7:2 -> (removed)	7 U.S.C. 8301-8317; 7 CFR 2.22, 2.80, and 371.4.
9:79	dotted-cfr-section	usc	7:371 -> (removed)	7 U.S.C. 8301-8317; 7 CFR 2.22, 2.80, and 371.4.
9:80	dotted-cfr-section	usc	7:2 -> (removed)	7 U.S.C. 8301-8317; 7 CFR 2.22, 2.80, and 371.4.
9:80	dotted-cfr-section	usc	7:371 -> (removed)	7 U.S.C. 8301-8317; 7 CFR 2.22, 2.80, and 371.4.
9:81	dotted-cfr-section	usc	7:2 -> (removed)	7 U.S.C. 8301-8317; 7 CFR 2.22, 2.80, and 371.4.
9:81	dotted-cfr-section	usc	7:371 -> (removed)	7 U.S.C. 8301-8317; 7 CFR 2.22, 2.80, and 371.4.
9:82	dotted-cfr-section	usc	7:2 -> (removed)	7 U.S.C. 8301-8317; 7 CFR 2.22, 2.80, and 371.4.
9:82	dotted-cfr-section	usc	7:371 -> (removed)	7 U.S.C. 8301-8317; 7 CFR 2.22, 2.80, and 371.4.
9:85	dotted-cfr-section	usc	7:2 -> (removed)	7 U.S.C. 8301-8317; 7 CFR 2.22, 2.80, and 371.4.
9:85	dotted-cfr-section	usc	7:371 -> (removed)	7 U.S.C. 8301-8317; 7 CFR 2.22, 2.80, and 371.4.
9:86	dotted-cfr-section	usc	7:2 -> (removed)	7 U.S.C. 8301-8317; 7 CFR 2.22, 2.80, and 371.4.
9:86	dotted-cfr-section	usc	7:371 -> (removed)	7 U.S.C. 8301-8317; 7 CFR 2.22, 2.80, and 371.4.
9:88	dotted-cfr-section	usc	7:2 -> (removed)	7 U.S.C. 1901, 7 CFR 2.22, 2.80, 371.4.
9:88	dotted-cfr-section	usc	7:371 -> (removed)	7 U.S.C. 1901, 7 CFR 2.22, 2.80, 371.4.
9:89	dotted-cfr-section	usc	49:2 -> (removed)	49 U.S.C. 80502; 7 CFR 2.22, 2.80, and 371.4.
9:89	dotted-cfr-section	usc	49:371 -> (removed)	49 U.S.C. 80502; 7 CFR 2.22, 2.80, and 371.4.
9:91	dotted-cfr-section	usc	21:2 -> (removed)	7 U.S.C. 8301-8317; 19 U.S.C. 1644a(c); 21 U.S.C. 136, 136a, and 618; 7 CFR 2.22, 2.80, and 371.4.
9:91	dotted-cfr-section	usc	21:371 -> (removed)	7 U.S.C. 8301-8317; 19 U.S.C. 1644a(c); 21 U.S.C. 136, 136a, and 618; 7 CFR 2.22, 2.80, and 371.4.
9:92	dotted-cfr-section	usc	31:2 -> (removed)	7 U.S.C. 1622 and 8301-8317; 21 U.S.C. 136 and 136a; 31 U.S.C. 9701; 7 CFR 2.22, 2.80, and 371.4.
9:92	dotted-cfr-section	usc	31:371 -> (removed)	7 U.S.C. 1622 and 8301-8317; 21 U.S.C. 136 and 136a; 31 U.S.C. 9701; 7 CFR 2.22, 2.80, and 371.4.
9:93	dotted-cfr-section	usc	31:2 -> (removed)	7 U.S.C. 1622 and 8301-8317; 21 U.S.C. 136 and 136a; 31 U.S.C. 9701; 7 CFR 2.22, 2.80, and 371.4.
9:93	dotted-cfr-section	usc	31:371 -> (removed)	7 U.S.C. 1622 and 8301-8317; 21 U.S.C. 136 and 136a; 31 U.S.C. 9701; 7 CFR 2.22, 2.80, and 371.4.
9:94	dotted-cfr-section	usc	31:2 -> (removed)	7 U.S.C. 1633, 7701-7772, 7781-7786, and 8301-8317; 21 U.S.C. 136 and 136a; 31 U.S.C. 9701; 7 CFR 2.22, 2.80, and 371.4.
9:94	dotted-cfr-section	usc	31:371 -> (removed)	7 U.S.C. 1633, 7701-7772, 7781-7786, and 8301-8317; 21 U.S.C. 136 and 136a; 31 U.S.C. 9701; 7 CFR 2.22, 2.80, and 371.4.
9:95	dotted-cfr-section	usc	31:2 -> (removed)	7 U.S.C. 8301-8317; 21 U.S.C. 136 and 136a; 31 U.S.C. 9701; 7 CFR 2.22, 2.80, and 371.4.
9:95	dotted-cfr-section	usc	31:371 -> (removed)	7 U.S.C. 8301-8317; 21 U.S.C. 136 and 136a; 31 U.S.C. 9701; 7 CFR 2.22, 2.80, and 371.4.
9:96	dotted-cfr-section	usc	21:2 -> (removed)	7 U.S.C. 8301-8317; 21 U.S.C. 136 and 136a; 7 CFR 2.22, 2.80, and 371.4.
9:96	dotted-cfr-section	usc	21:371 -> (removed)	7 U.S.C. 8301-8317; 21 U.S.C. 136 and 136a; 7 CFR 2.22, 2.80, and 371.4.
9:97	dotted-cfr-section	usc	49:2 -> (removed)	7 U.S.C. 8301-8317; 49 U.S.C. 80503; 7 CFR 2.22, 2.80, and 371.4.
9:97	dotted-cfr-section	usc	49:371 -> (removed)	7 U.S.C. 8301-8317; 49 U.S.C. 80503; 7 CFR 2.22, 2.80, and 371.4.
9:98	dotted-cfr-section	usc	31:2 -> (removed)	7 U.S.C. 1622 and 8301-8317; 21 U.S.C. 136 and 136a; 31 U.S.C. 9701; 7 CFR 2.22, 2.80, and 371.4.
9:98	dotted-cfr-section	usc	31:371 -> (removed)	7 U.S.C. 1622 and 8301-8317; 21 U.S.C. 136 and 136a; 31 U.S.C. 9701; 7 CFR 2.22, 2.80, and 371.4.
9:99	dotted-cfr-section	usc	7:2 -> (removed)	7 U.S.C. 8301-8317; 7 CFR 2.22, 2.80, and 371.4.
9:99	dotted-cfr-section	usc	7:371 -> (removed)	7 U.S.C. 8301-8317; 7 CFR 2.22, 2.80, and 371.4.
10:10	compilation-locator	usc	42:1949 -> (removed)	Atomic Energy Act of 1954, secs. 145, 161 (42 U.S.C. 2165, 2201); Energy Reorganization Act of 1974, sec. 201 (42 U.S.C. 5841); E.O. 10450, 18 FR 2489, 3 CFR, 1949-1953 Comp., p. 936, as amended; E.O. 10865, 25 FR 1583, 3 CFR, 1959-1963 Comp., p. 398, as amended; E.O. 12968, 60 FR 40245, 3 CFR, 1995 Comp., p. 391.
10:10	compilation-locator	usc	42:1959 -> (removed)	Atomic Energy Act of 1954, secs. 145, 161 (42 U.S.C. 2165, 2201); Energy Reorganization Act of 1974, sec. 201 (42 U.S.C. 5841); E.O. 10450, 18 FR 2489, 3 CFR, 1949-1953 Comp., p. 936, as amended; E.O. 10865, 25 FR 1583, 3 CFR, 1959-1963 Comp., p. 398, as amended; E.O. 12968, 60 FR 40245, 3 CFR, 1995 Comp., p. 391.
10:10	compilation-locator	usc	42:1995 -> (removed)	Atomic Energy Act of 1954, secs. 145, 161 (42 U.S.C. 2165, 2201); Energy Reorganization Act of 1974, sec. 201 (42 U.S.C. 5841); E.O. 10450, 18 FR 2489, 3 CFR, 1949-1953 Comp., p. 936, as amended; E.O. 10865, 25 FR 1583, 3 CFR, 1959-1963 Comp., p. 398, as amended; E.O. 12968, 60 FR 40245, 3 CFR, 1995 Comp., p. 391.
10:1010	compilation-locator	usc	5:1989 -> (removed)	5 U.S.C. 301, 303, 7301; 5 U.S.C. App. (Ethics in Government Act); 5 U.S.C. App. (Inspector General Act of 1978); E.O. 12674, 54 FR 15159, 3 CFR, 1989 Comp., p. 215, as modified by E.O. 12731, 55 FR 42547, 3 CFR, 1990 Comp., p. 306; 5 CFR 2635.105; 18 U.S.C. 207, 208.
10:1010	compilation-locator	usc	5:1990 -> (removed)	5 U.S.C. 301, 303, 7301; 5 U.S.C. App. (Ethics in Government Act); 5 U.S.C. App. (Inspector General Act of 1978); E.O. 12674, 54 FR 15159, 3 CFR, 1989 Comp., p. 215, as modified by E.O. 12731, 55 FR 42547, 3 CFR, 1990 Comp., p. 306; 5 CFR 2635.105; 18 U.S.C. 207, 208.
10:1022	compilation-locator	usc	50:1977 -> (removed)	42 U.S.C. 7101 et seq.; 50 U.S.C. 2401 et seq.; E.O. 11988, 42 FR 26951, 3 CFR, 1977 Comp., p. 117; E.O. 11990, 42 FR 26961, 3 CFR, 1977 Comp., p. 121; E.O. 12372, 47 FR 30959, 3 CFR, 1982 Comp., p. 197.
10:1022	compilation-locator	usc	50:1982 -> (removed)	42 U.S.C. 7101 et seq.; 50 U.S.C. 2401 et seq.; E.O. 11988, 42 FR 26951, 3 CFR, 1977 Comp., p. 117; E.O. 11990, 42 FR 26961, 3 CFR, 1977 Comp., p. 121; E.O. 12372, 47 FR 30959, 3 CFR, 1982 Comp., p. 197.
10:15	compilation-locator	usc	44:1979 -> (removed)	Atomic Energy Act of 1954, secs. 161, 186 (42 U.S.C. 2201, 2236); Energy Reorganization Act of 1974, sec. 201 (42 U.S.C. 5841); 5 U.S.C. 5514; 26 U.S.C. 6402; 31 U.S.C. 3701, 3713, 3716, 3719, 3720A; 42 U.S.C. 664; 44 U.S.C. 3504 note; 31 CFR parts 900 through 904; 31 CFR part 285; E.O. 12146, 44 FR 42657, 3 CFR, 1979 Comp., p. 409; E.O. 12988, 61 FR 4729, 3 CFR, 1996 Comp., p. 157.
10:15	compilation-locator	usc	44:1996 -> (removed)	Atomic Energy Act of 1954, secs. 161, 186 (42 U.S.C. 2201, 2236); Energy Reorganization Act of 1974, sec. 201 (42 U.S.C. 5841); 5 U.S.C. 5514; 26 U.S.C. 6402; 31 U.S.C. 3701, 3713, 3716, 3719, 3720A; 42 U.S.C. 664; 44 U.S.C. 3504 note; 31 CFR parts 900 through 904; 31 CFR part 285; E.O. 12146, 44 FR 42657, 3 CFR, 1979 Comp., p. 409; E.O. 12988, 61 FR 4729, 3 CFR, 1996 Comp., p. 157.
10:150	dotted-cfr-section	usc	44:150 -> (removed)	Atomic Energy Act of 1954, secs. 11, 53, 81, 83, 84, 122, 161, 181, 223, 234, 274 (42 U.S.C. 2014, 2201, 2231, 2273, 2282, 2021); Energy Reorganization Act of 1974, sec. 201 (42 U.S.C. 5841); Nuclear Waste Policy Act of 1982, secs. 135, 141 (42 U.S.C. 10155, 10161); 44 U.S.C. 3504 note. Sections 150.3, 150.15, 150.15a, 150.31, 150.32 also issued under Atomic Energy Act secs. 11e(2), 81, 83, 84 (42 U.S.C. 2014e(2), 2111, 2113, 2114). Section 150.14 also issued under Atomic Energy Act sec. 53 (42 U.S.C. 2073). Section 150.15 also issued under Nuclear Waste Policy Act sec. 135 (42 U.S.C. 10155, 10161). Section 150.17a also issued under Atomic Energy Act sec. 122 (42 U.S.C. 2152). Section 150.30 also issued under Atomic Energy Act sec. 234 (42 U.S.C. 2282).
10:205	compilation-locator	usc	16:1949 -> (removed)	Department of Energy Organization Act, Pub. L. 95-91, 91 Stat. 565 (42 U.S.C. 7101 et seq. ); Federal Power Act, Pub. L. 66-280, 41 Stat. 1063 (16 U.S.C. 792 et seq. ); E.O. 10485, 18 FR 5397, 3 CFR, 1949-1953, Comp., p. 970 as amended by E.O. 12038, 43 FR 4957, 3 CFR 1978 Comp., p. 136; E.O. 14154, 90 FR 8353. Pub. L. 95-91, 91 Stat. 565 (42 U.S.C. 7101); Pub. L. 66-280, 41 Stat. 1063 (16 U.S.C. Section 792 et seq. ); E.O. 10485, 18 FR 5397, 3 CFR, 1949-1953, Comp., p. 970 as amended by E.O. 12038, 43 FR 4957, 3 CFR 1978 Comp., p. 136; Department of Energy Delegation Order No. 00-002.00Q (Nov. 1, 2018).
10:25	compilation-locator	usc	44:1959 -> (removed)	Atomic Energy Act of 1954, secs. 145, 161, 223, 234 (42 U.S.C. 2165, 2201, 2273, 2282); Energy Reorganization Act of 1974, sec. 201 (42 U.S.C. 5841); 44 U.S.C. 3504 note; E.O. 10865, 25 FR 1583, as amended, 3 CFR, 1959-1963 Comp., p. 398; E.O. 12829, 58 FR 3479, 3 CFR, 1993 Comp., p. 570; E.O. 13526, 75 FR 707, 3 CFR, 2009 Comp., p. 298; E.O. 12968, 60 FR 40245, 3 CFR, 1995 Comp., p. 391. Section 25.17(f) and Appendix A also issued under 31 U.S.C. 9701; 42 U.S.C. 2214.
10:25	compilation-locator	usc	44:1993 -> (removed)	Atomic Energy Act of 1954, secs. 145, 161, 223, 234 (42 U.S.C. 2165, 2201, 2273, 2282); Energy Reorganization Act of 1974, sec. 201 (42 U.S.C. 5841); 44 U.S.C. 3504 note; E.O. 10865, 25 FR 1583, as amended, 3 CFR, 1959-1963 Comp., p. 398; E.O. 12829, 58 FR 3479, 3 CFR, 1993 Comp., p. 570; E.O. 13526, 75 FR 707, 3 CFR, 2009 Comp., p. 298; E.O. 12968, 60 FR 40245, 3 CFR, 1995 Comp., p. 391. Section 25.17(f) and Appendix A also issued under 31 U.S.C. 9701; 42 U.S.C. 2214.
10:25	compilation-locator	usc	44:2009 -> (removed)	Atomic Energy Act of 1954, secs. 145, 161, 223, 234 (42 U.S.C. 2165, 2201, 2273, 2282); Energy Reorganization Act of 1974, sec. 201 (42 U.S.C. 5841); 44 U.S.C. 3504 note; E.O. 10865, 25 FR 1583, as amended, 3 CFR, 1959-1963 Comp., p. 398; E.O. 12829, 58 FR 3479, 3 CFR, 1993 Comp., p. 570; E.O. 13526, 75 FR 707, 3 CFR, 2009 Comp., p. 298; E.O. 12968, 60 FR 40245, 3 CFR, 1995 Comp., p. 391. Section 25.17(f) and Appendix A also issued under 31 U.S.C. 9701; 42 U.S.C. 2214.
10:25	compilation-locator	usc	44:1995 -> (removed)	Atomic Energy Act of 1954, secs. 145, 161, 223, 234 (42 U.S.C. 2165, 2201, 2273, 2282); Energy Reorganization Act of 1974, sec. 201 (42 U.S.C. 5841); 44 U.S.C. 3504 note; E.O. 10865, 25 FR 1583, as amended, 3 CFR, 1959-1963 Comp., p. 398; E.O. 12829, 58 FR 3479, 3 CFR, 1993 Comp., p. 570; E.O. 13526, 75 FR 707, 3 CFR, 2009 Comp., p. 298; E.O. 12968, 60 FR 40245, 3 CFR, 1995 Comp., p. 391. Section 25.17(f) and Appendix A also issued under 31 U.S.C. 9701; 42 U.S.C. 2214.
10:51	dotted-cfr-section	usc	44:51 -> (removed)	Atomic Energy Act of 1954, secs. 161, 193 (42 U.S.C. 2201, 2243); Energy Reorganization Act of 1974, secs. 201, 202 (42 U.S.C. 5841, 5842); National Environmental Policy Act of 1969 (42 U.S.C. 4332, 4334, 4335); Nuclear Waste Policy Act of 1982, secs. 144(f), 121, 135, 141, 148 (42 U.S.C. 10134(f), 10141, 10155, 10161, 10168); 44 U.S.C. 3504 note. Sections 51.20, 51.30, 51.60, 51.80, and 51.97 also issued under Nuclear Waste Policy Act secs. 135, 141, 148 (42 U.S.C. 10155, 10161, 10168). Section 51.22 also issued under Atomic Energy Act sec. 274 (42 U.S.C. 2021) and under Nuclear Waste Policy Act sec. 121 (42 U.S.C. 10141). Sections 51.43, 51.67, and 51.109 also issued under Nuclear Waste Policy Act sec. 114(f) (42 U.S.C. 10134(f)).
10:51	dotted-cfr-section	usc	42:51 -> (removed)	Atomic Energy Act of 1954, secs. 161, 193 (42 U.S.C. 2201, 2243); Energy Reorganization Act of 1974, secs. 201, 202 (42 U.S.C. 5841, 5842); National Environmental Policy Act of 1969 (42 U.S.C. 4332, 4334, 4335); Nuclear Waste Policy Act of 1982, secs. 144(f), 121, 135, 141, 148 (42 U.S.C. 10134(f), 10141, 10155, 10161, 10168); 44 U.S.C. 3504 note. Sections 51.20, 51.30, 51.60, 51.80, and 51.97 also issued under Nuclear Waste Policy Act secs. 135, 141, 148 (42 U.S.C. 10155, 10161, 10168). Section 51.22 also issued under Atomic Energy Act sec. 274 (42 U.S.C. 2021) and under Nuclear Waste Policy Act sec. 121 (42 U.S.C. 10141). Sections 51.43, 51.67, and 51.109 also issued under Nuclear Waste Policy Act sec. 114(f) (42 U.S.C. 10134(f)).
10:54	compilation-locator	usc	44:1993 -> (removed)	Atomic Energy Act of 1954, secs. 102, 103, 104, 161, 181, 182, 183, 186, 189, 223, 234 (42 U.S.C. 2132, 2133, 2134, 2136, 2137, 2201, 2231, 2232, 2233, 2236, 2239, 2273, 2282); Energy Reorganization Act of 1974, secs. 201, 202, 206 (42 U.S.C. 5841, 5842, 5846); 44 U.S.C. 3504 note. Section 54.17 also issued under E.O. 12829, 58 FR 3479, 3 CFR, 1993 Comp., p. 570; E.O. 13526, 75 FR 707, 3 CFR, 2009 Comp., p. 298; E.O. 12968, 60 FR 40245, 3 CFR, 1995 Comp., p. 391; ADVANCE Act of 2024, sec. 301 (42 U.S.C. 2133 note).
10:54	compilation-locator	usc	44:2009 -> (removed)	Atomic Energy Act of 1954, secs. 102, 103, 104, 161, 181, 182, 183, 186, 189, 223, 234 (42 U.S.C. 2132, 2133, 2134, 2136, 2137, 2201, 2231, 2232, 2233, 2236, 2239, 2273, 2282); Energy Reorganization Act of 1974, secs. 201, 202, 206 (42 U.S.C. 5841, 5842, 5846); 44 U.S.C. 3504 note. Section 54.17 also issued under E.O. 12829, 58 FR 3479, 3 CFR, 1993 Comp., p. 570; E.O. 13526, 75 FR 707, 3 CFR, 2009 Comp., p. 298; E.O. 12968, 60 FR 40245, 3 CFR, 1995 Comp., p. 391; ADVANCE Act of 2024, sec. 301 (42 U.S.C. 2133 note).
10:54	compilation-locator	usc	44:1995 -> (removed)	Atomic Energy Act of 1954, secs. 102, 103, 104, 161, 181, 182, 183, 186, 189, 223, 234 (42 U.S.C. 2132, 2133, 2134, 2136, 2137, 2201, 2231, 2232, 2233, 2236, 2239, 2273, 2282); Energy Reorganization Act of 1974, secs. 201, 202, 206 (42 U.S.C. 5841, 5842, 5846); 44 U.S.C. 3504 note. Section 54.17 also issued under E.O. 12829, 58 FR 3479, 3 CFR, 1993 Comp., p. 570; E.O. 13526, 75 FR 707, 3 CFR, 2009 Comp., p. 298; E.O. 12968, 60 FR 40245, 3 CFR, 1995 Comp., p. 391; ADVANCE Act of 2024, sec. 301 (42 U.S.C. 2133 note).
10:70	dotted-cfr-section	usc	44:70 -> (removed)	Atomic Energy Act of 1954, secs. 51, 53, 57(d), 108, 122, 161, 182, 183, 184, 186, 187, 193, 223, 234, 274, 1701 (42 U.S.C. 2071, 2073, 2077(d), 2138, 2152, 2201, 2232, 2233, 2234, 2236, 2237, 2243, 2273, 2282, 2021, 2297f); Energy Reorganization Act of 1974, secs. 201, 202, 206, 211 (42 U.S.C. 5841, 5842, 5846, 5851); Nuclear Waste Policy Act of 1982, secs. 135, 141 (42 U.S.C. 10155, 10161); 44 U.S.C. 3504 note. Sections 70.1(c) and 70.20a(b) also issued under secs. 135, 141, Pub. L. 97-425, 96 Stat. 2232, 2241 (42 U.S.C. 10155, 10161). Section 70.21(g) also issued under Atomic Energy Act sec. 122 (42 U.S.C. 2152). Section 70.31 also issued under Atomic Energy Act sec. 57(d) (42 U.S.C. 2077(d)). Sections 70.36 and 70.44 also issued under Atomic Energy Act sec. 184 (42 U.S.C. 2234). Section 70.81 also issued under Atomic Energy Act secs. 186, 187 (42 U.S.C. 2236, 2237). Section 70.82 also issued under Atomic Energy Act sec. 108 (42 U.S.C. 2138).
10:70	dotted-cfr-section	usc	42:70 -> (removed)	Atomic Energy Act of 1954, secs. 51, 53, 57(d), 108, 122, 161, 182, 183, 184, 186, 187, 193, 223, 234, 274, 1701 (42 U.S.C. 2071, 2073, 2077(d), 2138, 2152, 2201, 2232, 2233, 2234, 2236, 2237, 2243, 2273, 2282, 2021, 2297f); Energy Reorganization Act of 1974, secs. 201, 202, 206, 211 (42 U.S.C. 5841, 5842, 5846, 5851); Nuclear Waste Policy Act of 1982, secs. 135, 141 (42 U.S.C. 10155, 10161); 44 U.S.C. 3504 note. Sections 70.1(c) and 70.20a(b) also issued under secs. 135, 141, Pub. L. 97-425, 96 Stat. 2232, 2241 (42 U.S.C. 10155, 10161). Section 70.21(g) also issued under Atomic Energy Act sec. 122 (42 U.S.C. 2152). Section 70.31 also issued under Atomic Energy Act sec. 57(d) (42 U.S.C. 2077(d)). Sections 70.36 and 70.44 also issued under Atomic Energy Act sec. 184 (42 U.S.C. 2234). Section 70.81 also issued under Atomic Energy Act secs. 186, 187 (42 U.S.C. 2236, 2237). Section 70.82 also issued under Atomic Energy Act sec. 108 (42 U.S.C. 2138).
10:727	compilation-locator	usc	50:1995 -> (removed)	42 U.S.C. 7101, et seq.; 42 U.S.C. 2011, et. seq.; 50 U.S.C. 2425, 2483; E.O. No. 12958, 60 FR 19825, 3 CFR, 1995 Comp., p. 333; and E.O. 12968, 60 FR 40245, 3 CFR, 1995 Comp., p. 391.
10:95	compilation-locator	usc	44:1959 -> (removed)	Atomic Energy Act of 1954, secs. 145, 161, 223, 234 (42 U.S.C. 2165, 2201, 2273, 2282); Energy Reorganization Act of 1974, sec. 201 (42 U.S.C. 5841); 44 U.S.C. 3504 note; E.O. 10865, as amended, 25 FR 1583, 3 CFR, 1959-1963 Comp., p. 398; E.O. 12829, 58 FR 3479, 3 CFR, 1993 Comp., p. 570; E.O. 12968, 60 FR 40245, 3 CFR, 1995 Comp., p. 391; E.O. 13526, 75 FR 707, 3 CFR, 2009 Comp., p. 298.
10:95	compilation-locator	usc	44:1993 -> (removed)	Atomic Energy Act of 1954, secs. 145, 161, 223, 234 (42 U.S.C. 2165, 2201, 2273, 2282); Energy Reorganization Act of 1974, sec. 201 (42 U.S.C. 5841); 44 U.S.C. 3504 note; E.O. 10865, as amended, 25 FR 1583, 3 CFR, 1959-1963 Comp., p. 398; E.O. 12829, 58 FR 3479, 3 CFR, 1993 Comp., p. 570; E.O. 12968, 60 FR 40245, 3 CFR, 1995 Comp., p. 391; E.O. 13526, 75 FR 707, 3 CFR, 2009 Comp., p. 298.
10:95	compilation-locator	usc	44:1995 -> (removed)	Atomic Energy Act of 1954, secs. 145, 161, 223, 234 (42 U.S.C. 2165, 2201, 2273, 2282); Energy Reorganization Act of 1974, sec. 201 (42 U.S.C. 5841); 44 U.S.C. 3504 note; E.O. 10865, as amended, 25 FR 1583, 3 CFR, 1959-1963 Comp., p. 398; E.O. 12829, 58 FR 3479, 3 CFR, 1993 Comp., p. 570; E.O. 12968, 60 FR 40245, 3 CFR, 1995 Comp., p. 391; E.O. 13526, 75 FR 707, 3 CFR, 2009 Comp., p. 298.
10:95	compilation-locator	usc	44:2009 -> (removed)	Atomic Energy Act of 1954, secs. 145, 161, 223, 234 (42 U.S.C. 2165, 2201, 2273, 2282); Energy Reorganization Act of 1974, sec. 201 (42 U.S.C. 5841); 44 U.S.C. 3504 note; E.O. 10865, as amended, 25 FR 1583, 3 CFR, 1959-1963 Comp., p. 398; E.O. 12829, 58 FR 3479, 3 CFR, 1993 Comp., p. 570; E.O. 12968, 60 FR 40245, 3 CFR, 1995 Comp., p. 391; E.O. 13526, 75 FR 707, 3 CFR, 2009 Comp., p. 298.
12:1102	compilation-locator	usc	5:1987 -> (removed)	12 U.S.C. 3348(a), 3332, 3335, 3338 (a)(4)(B), 3348(c), 5 U.S.C. 552a, 553(e); Executive Order 12600, 52 FR 23781 (3 CFR, 1987 Comp., p. 235).
12:1202	compilation-locator	usc	12:1987 -> (removed)	Pub. L. 110-289, 122 Stat. 2654; 5 U.S.C. 301, 552; 12 U.S.C. 4526; E.O. 12600, 52 FR 23781, 3 CFR, 1987 Comp., p. 235; E.O. 13392, 70 FR 75373-75377, 3 CFR, 2006 Comp., p. 216-200.
12:1202	compilation-locator	usc	12:2006 -> (removed)	Pub. L. 110-289, 122 Stat. 2654; 5 U.S.C. 301, 552; 12 U.S.C. 4526; E.O. 12600, 52 FR 23781, 3 CFR, 1987 Comp., p. 235; E.O. 13392, 70 FR 75373-75377, 3 CFR, 2006 Comp., p. 216-200.
12:1402	compilation-locator	usc	5:1987 -> (removed)	Secs. 5.58, 5.59 of Pub. L. 92-181, 85 Stat. 583 (12 U.S.C. 2277a-7, 2277a-8); 5 U.S.C. 552; 52 FR 10012; E.O. 12600, 52 FR 23781, 3 CFR, 1987 Comp., p. 235.
12:1600	compilation-locator	usc	31:1989 -> (removed)	5 U.S.C. 301, 7301, 31 U.S.C. 321, the Dodd-Frank Wall Street Reform and Consumer Protection Act (Dodd-Frank) (Pub. L. 111-203); E.O. 12674, 3 CFR, 1989 Comp., p. 215, as modified by E.O. 12731, 3 CFR, 1990 Comp., p. 306.
12:1600	compilation-locator	usc	31:1990 -> (removed)	5 U.S.C. 301, 7301, 31 U.S.C. 321, the Dodd-Frank Wall Street Reform and Consumer Protection Act (Dodd-Frank) (Pub. L. 111-203); E.O. 12674, 3 CFR, 1989 Comp., p. 215, as modified by E.O. 12731, 3 CFR, 1990 Comp., p. 306.
12:4	compilation-locator	usc	44:1987 -> (removed)	5 U.S.C. 301, 552; 12 U.S.C. 1, 93a, 161, 481, 482, 484(a), 1442, 1462a, 1463, 1464 1817(a), 1818, 1820, 1821, 1831m, 1831p-1, 1831o, 1833e, 1867, 1951 et seq., 2601 et seq., 2801 et seq., 2901 et seq., 3101 et seq., 3401 et seq., 5321, 5412, 5414; 15 U.S.C. 77uu(b), 78q(c)(3); 18 U.S.C. 641, 1905, 1906; 29 U.S.C. 1204; 31 U.S.C. 5318(g)(2), 9701; 42 U.S.C. 3601; 44 U.S.C. 3506, 3510; E.O. 12600 (3 CFR, 1987 Comp., p. 235).
12:404	compilation-locator	usc	5:1987 -> (removed)	12 U.S.C. 635(a)(1); 5 U.S.C. 552, 5 U.S.C. 552(a), 5 U.S.C. 553. Section 404.7 also issued under E.O. 12600, 52 FR 23781, 3 CFR, 1987 Comp., p. 235. Section 404.21 also issued under 5 U.S.C. 552a note. Subpart C also issued under 5 U.S.C. 301, 12 U.S.C. 635.
12:602	compilation-locator	cfr	3:1987 -> (removed)	Secs. 5.9, 5.17, 5.59 of the Farm Credit Act (12 U.S.C. 2243, 2252, 2277a-8); 5 U.S.C 301, 552; 12 U.S.C. 1821(t); 52 FR 10012; E.O. 12600; 52 FR 23781, 3 CFR 1987, p. 235.
12:792	compilation-locator	usc	12:1987 -> (removed)	5 U.S.C. 301, 552, 552a, 552b; 12 U.S.C. 1752a(d), 1766, 1789, 1795f; E.O. 12600, 52 FR 23781, 3 CFR, 1987 Comp., p.235; E.O. 13526, 75 FR 707, 2009 Comp. p.298.
13:101	compilation-locator	usc	15:1982 -> (removed)	5 U.S.C. 552 and App. 3, secs. 2, 4(a), 6(a), and 9(a)(1)(T); 15 U.S.C. 633, 634, 687; 31 U.S.C. 6506; 44 U.S.C. 3512; 42 U.S.C. 6307(d); 15 U.S.C. 657h; E.O. 12372 (July 14, 1982), 47 FR 30959, 3 CFR, 1982 Comp., p. 197, as amended by E.O. 12416 (April 8, 1983), 48 FR 15887, 3 CFR, 1983 Comp., p. 186.
13:101	compilation-locator	usc	15:1983 -> (removed)	5 U.S.C. 552 and App. 3, secs. 2, 4(a), 6(a), and 9(a)(1)(T); 15 U.S.C. 633, 634, 687; 31 U.S.C. 6506; 44 U.S.C. 3512; 42 U.S.C. 6307(d); 15 U.S.C. 657h; E.O. 12372 (July 14, 1982), 47 FR 30959, 3 CFR, 1982 Comp., p. 197, as amended by E.O. 12416 (April 8, 1983), 48 FR 15887, 3 CFR, 1983 Comp., p. 186.
13:134	compilation-locator	usc	15:1986 -> (removed)	5 U.S.C. 504; 15 U.S.C. 632, 634(b)(6), 634(i), 637(a), 648(l), 656(i), 657t and 687(c); E.O. 12549, 51 FR 6370, 3 CFR, 1986 Comp., p. 189. Subpart J issued under 15 U.S.C. 657f. Subpart K issued under 15 U.S.C. 657f. Subpart L issued under 15 U.S.C. 636(a)(36); Pub. L. 116-136, 134 Stat. 281; Pub. L. 116-139, 134 Stat. 620; Pub. L. 116-142, 134 Stat. 641; and Pub. L. 116-147, 134 Stat. 660. Subpart M issued under 15 U.S.C. 657a; Pub. L. 117-81, 135 Stat. 1541.
14:36	compilation-locator	usc	49:1966 -> (removed)	42 U.S.C. 4321 et seq.; 49 U.S.C. 106(f), 40113, 44701-44702, 44704, 44715; sec. 305, Pub. L. 96-193, 94 Stat. 50, 57; E.O.11514, 35 FR 4247, 3 CFR, 1966-1970 Comp., p. 902.
14:71	compilation-locator	usc	49:1959 -> (removed)	49 U.S.C. 106(f), 106(g), 40103, 40113, 40120; E.O. 10854, 24 FR 9565, 3 CFR, 1959-1963 Comp., p.389.
14:73	compilation-locator	usc	49:1959 -> (removed)	49 U.S.C. 106(f), 106(g); 40103, 40113, 40120; E.O. 10854, 24 FR 9565, 3 CFR, 1959-1963 Comp., p. 389.
15:15	compilation-locator	usc	15:1949 -> (removed)	5 U.S.C. 301; 15 U.S.C. 1501, 1512, 1513, 1515 and 1518; Reorganization Plan No. 5 of 1950; 3 CFR, 1949-1953 Comp., p. 1004; 44 U.S.C. 3101; subpart C is issued under 37 U.S.C. 101, 706; 15 U.S.C. 1673; 42 U.S.C. 665.
15:700	compilation-locator	usc	50:1988 -> (removed)	50 U.S.C. 4501 et seq.; 42 U.S.C. 5195, et seq.; 50 U.S.C. 3816; 10 U.S.C. 2538; 50 U.S.C. 82; E.O. 12656, 53 FR 226, 3 CFR, 1988 Comp., p. 585; E.O. 12742, 56 FR 1079, 3 CFR, 1991 Comp., p. 309; E.O. 13603, 77 FR 16651, 3 CFR, 2012 Comp., p. 225.
15:700	compilation-locator	usc	50:1991 -> (removed)	50 U.S.C. 4501 et seq.; 42 U.S.C. 5195, et seq.; 50 U.S.C. 3816; 10 U.S.C. 2538; 50 U.S.C. 82; E.O. 12656, 53 FR 226, 3 CFR, 1988 Comp., p. 585; E.O. 12742, 56 FR 1079, 3 CFR, 1991 Comp., p. 309; E.O. 13603, 77 FR 16651, 3 CFR, 2012 Comp., p. 225.
15:700	compilation-locator	usc	50:2012 -> (removed)	50 U.S.C. 4501 et seq.; 42 U.S.C. 5195, et seq.; 50 U.S.C. 3816; 10 U.S.C. 2538; 50 U.S.C. 82; E.O. 12656, 53 FR 226, 3 CFR, 1988 Comp., p. 585; E.O. 12742, 56 FR 1079, 3 CFR, 1991 Comp., p. 309; E.O. 13603, 77 FR 16651, 3 CFR, 2012 Comp., p. 225.
15:701	compilation-locator	usc	50:1994 -> (removed)	50 U.S.C. 4568; E.O. 12919, 59 FR 29525, 3 CFR, 1994 Comp., p. 901; E.O. 13286, 68 FR 10619, 3 CFR, 2003 Comp., p. 166.
15:701	compilation-locator	usc	50:2003 -> (removed)	50 U.S.C. 4568; E.O. 12919, 59 FR 29525, 3 CFR, 1994 Comp., p. 901; E.O. 13286, 68 FR 10619, 3 CFR, 2003 Comp., p. 166.
15:702	compilation-locator	usc	50:2012 -> (removed)	50 U.S.C. 4501 et seq.; E.O. 13603, 77 FR 16651, 3 CFR, 2012 Comp., p. 225.
15:712	compilation-locator	usc	50:1994 -> (removed)	22 U.S.C. 6701 et seq.; 50 U.S.C. 1601 et seq.; 50 U.S.C. 1701 et seq.; E.O. 12938, 59 FR 59099, 3 CFR, 1994 Comp., p. 950, as amended by E.O. 13094, 63 FR 40803, 3 CFR, 1998 Comp., p. 200; E.O. 13128, 64 FR 36703, 3 CFR 1999 Comp., p. 199.
15:712	compilation-locator	usc	50:1998 -> (removed)	22 U.S.C. 6701 et seq.; 50 U.S.C. 1601 et seq.; 50 U.S.C. 1701 et seq.; E.O. 12938, 59 FR 59099, 3 CFR, 1994 Comp., p. 950, as amended by E.O. 13094, 63 FR 40803, 3 CFR, 1998 Comp., p. 200; E.O. 13128, 64 FR 36703, 3 CFR 1999 Comp., p. 199.
15:713	compilation-locator	usc	50:1994 -> (removed)	22 U.S.C. 6701 et seq. ; 50 U.S.C. 1601 et seq. ; 50 U.S.C. 1701 et seq. ; E.O. 12938 59 FR 59099, 3 CFR, 1994 Comp., p. 950, as amended by E.O. 13094, 63 FR 40803, 3 CFR, 1998 Comp., p. 200; E.O. 13128, 64 FR 36703, 3 CFR 1999 Comp., p. 199.
15:713	compilation-locator	usc	50:1998 -> (removed)	22 U.S.C. 6701 et seq. ; 50 U.S.C. 1601 et seq. ; 50 U.S.C. 1701 et seq. ; E.O. 12938 59 FR 59099, 3 CFR, 1994 Comp., p. 950, as amended by E.O. 13094, 63 FR 40803, 3 CFR, 1998 Comp., p. 200; E.O. 13128, 64 FR 36703, 3 CFR 1999 Comp., p. 199.
15:730	compilation-locator	usc	22:1976 -> (removed)	50 U.S.C. 4801-4852; 50 U.S.C. 4601 et seq.; 50 U.S.C. 1701 et seq.; 10 U.S.C. 8720; 10 U.S.C. 8730(e); 22 U.S.C. 287c; 22 U.S.C. 2151 note; 22 U.S.C. 3201 et seq.; 22 U.S.C. 6004; 42 U.S.C. 2139a; 15 U.S.C. 1824; 50 U.S.C. 4305; 22 U.S.C. 7201 et seq.; 22 U.S.C. 7210; E.O. 11912, 41 FR 15825, 3 CFR, 1976 Comp., p. 114; E.O. 12002, 42 FR 35623, 3 CFR, 1977 Comp., p. 133; E.O. 12058, 43 FR 20947, 3 CFR, 1978 Comp., p. 179; E.O. 12214, 45 FR 29783, 3 CFR, 1980 Comp., p. 256; E.O. 12851, 58 FR 33181, 3 CFR, 1993 Comp., p. 608; E.O. 12854, 58 FR 36587, 3 CFR, 1993 Comp., p. 179; E.O. 12918, 59 FR 28205, 3 CFR, 1994 Comp., p. 899; E.O. 12938, 59 FR 59099, 3 CFR, 1994 Comp., p. 950; E.O. 12981, 60 FR 62981, 3 CFR, 1995 Comp., p. 419; E.O. 13020, 61 FR 54079, 3 CFR, 1996 Comp., p. 219; E.O. 13026, 61 FR 58767, 3 CFR, 1996 Comp., p. 228; E.O. 13222, 66 FR 44025, 3 CFR, 2001 Comp., p. 783; E.O. 13224, 66 FR 49079, 3 CFR, 2001 Comp., p. 786; E.O. 13338, 69 FR 26751, 3 CFR, 2004 Comp., p 168; E.O. 13637, 78 FR 16129, 3 CFR, 2014 Comp., p. 223; Notice of September 18, 2020, 85 FR 59641 (September 22, 2020); Notice of November 12, 2020, 85 FR 72897 (November 13, 2020); Notice of May 7, 2020, 85 FR 27639.
15:730	compilation-locator	usc	22:1977 -> (removed)	50 U.S.C. 4801-4852; 50 U.S.C. 4601 et seq.; 50 U.S.C. 1701 et seq.; 10 U.S.C. 8720; 10 U.S.C. 8730(e); 22 U.S.C. 287c; 22 U.S.C. 2151 note; 22 U.S.C. 3201 et seq.; 22 U.S.C. 6004; 42 U.S.C. 2139a; 15 U.S.C. 1824; 50 U.S.C. 4305; 22 U.S.C. 7201 et seq.; 22 U.S.C. 7210; E.O. 11912, 41 FR 15825, 3 CFR, 1976 Comp., p. 114; E.O. 12002, 42 FR 35623, 3 CFR, 1977 Comp., p. 133; E.O. 12058, 43 FR 20947, 3 CFR, 1978 Comp., p. 179; E.O. 12214, 45 FR 29783, 3 CFR, 1980 Comp., p. 256; E.O. 12851, 58 FR 33181, 3 CFR, 1993 Comp., p. 608; E.O. 12854, 58 FR 36587, 3 CFR, 1993 Comp., p. 179; E.O. 12918, 59 FR 28205, 3 CFR, 1994 Comp., p. 899; E.O. 12938, 59 FR 59099, 3 CFR, 1994 Comp., p. 950; E.O. 12981, 60 FR 62981, 3 CFR, 1995 Comp., p. 419; E.O. 13020, 61 FR 54079, 3 CFR, 1996 Comp., p. 219; E.O. 13026, 61 FR 58767, 3 CFR, 1996 Comp., p. 228; E.O. 13222, 66 FR 44025, 3 CFR, 2001 Comp., p. 783; E.O. 13224, 66 FR 49079, 3 CFR, 2001 Comp., p. 786; E.O. 13338, 69 FR 26751, 3 CFR, 2004 Comp., p 168; E.O. 13637, 78 FR 16129, 3 CFR, 2014 Comp., p. 223; Notice of September 18, 2020, 85 FR 59641 (September 22, 2020); Notice of November 12, 2020, 85 FR 72897 (November 13, 2020); Notice of May 7, 2020, 85 FR 27639.
15:730	compilation-locator	usc	22:1978 -> (removed)	50 U.S.C. 4801-4852; 50 U.S.C. 4601 et seq.; 50 U.S.C. 1701 et seq.; 10 U.S.C. 8720; 10 U.S.C. 8730(e); 22 U.S.C. 287c; 22 U.S.C. 2151 note; 22 U.S.C. 3201 et seq.; 22 U.S.C. 6004; 42 U.S.C. 2139a; 15 U.S.C. 1824; 50 U.S.C. 4305; 22 U.S.C. 7201 et seq.; 22 U.S.C. 7210; E.O. 11912, 41 FR 15825, 3 CFR, 1976 Comp., p. 114; E.O. 12002, 42 FR 35623, 3 CFR, 1977 Comp., p. 133; E.O. 12058, 43 FR 20947, 3 CFR, 1978 Comp., p. 179; E.O. 12214, 45 FR 29783, 3 CFR, 1980 Comp., p. 256; E.O. 12851, 58 FR 33181, 3 CFR, 1993 Comp., p. 608; E.O. 12854, 58 FR 36587, 3 CFR, 1993 Comp., p. 179; E.O. 12918, 59 FR 28205, 3 CFR, 1994 Comp., p. 899; E.O. 12938, 59 FR 59099, 3 CFR, 1994 Comp., p. 950; E.O. 12981, 60 FR 62981, 3 CFR, 1995 Comp., p. 419; E.O. 13020, 61 FR 54079, 3 CFR, 1996 Comp., p. 219; E.O. 13026, 61 FR 58767, 3 CFR, 1996 Comp., p. 228; E.O. 13222, 66 FR 44025, 3 CFR, 2001 Comp., p. 783; E.O. 13224, 66 FR 49079, 3 CFR, 2001 Comp., p. 786; E.O. 13338, 69 FR 26751, 3 CFR, 2004 Comp., p 168; E.O. 13637, 78 FR 16129, 3 CFR, 2014 Comp., p. 223; Notice of September 18, 2020, 85 FR 59641 (September 22, 2020); Notice of November 12, 2020, 85 FR 72897 (November 13, 2020); Notice of May 7, 2020, 85 FR 27639.
15:730	compilation-locator	usc	22:1980 -> (removed)	50 U.S.C. 4801-4852; 50 U.S.C. 4601 et seq.; 50 U.S.C. 1701 et seq.; 10 U.S.C. 8720; 10 U.S.C. 8730(e); 22 U.S.C. 287c; 22 U.S.C. 2151 note; 22 U.S.C. 3201 et seq.; 22 U.S.C. 6004; 42 U.S.C. 2139a; 15 U.S.C. 1824; 50 U.S.C. 4305; 22 U.S.C. 7201 et seq.; 22 U.S.C. 7210; E.O. 11912, 41 FR 15825, 3 CFR, 1976 Comp., p. 114; E.O. 12002, 42 FR 35623, 3 CFR, 1977 Comp., p. 133; E.O. 12058, 43 FR 20947, 3 CFR, 1978 Comp., p. 179; E.O. 12214, 45 FR 29783, 3 CFR, 1980 Comp., p. 256; E.O. 12851, 58 FR 33181, 3 CFR, 1993 Comp., p. 608; E.O. 12854, 58 FR 36587, 3 CFR, 1993 Comp., p. 179; E.O. 12918, 59 FR 28205, 3 CFR, 1994 Comp., p. 899; E.O. 12938, 59 FR 59099, 3 CFR, 1994 Comp., p. 950; E.O. 12981, 60 FR 62981, 3 CFR, 1995 Comp., p. 419; E.O. 13020, 61 FR 54079, 3 CFR, 1996 Comp., p. 219; E.O. 13026, 61 FR 58767, 3 CFR, 1996 Comp., p. 228; E.O. 13222, 66 FR 44025, 3 CFR, 2001 Comp., p. 783; E.O. 13224, 66 FR 49079, 3 CFR, 2001 Comp., p. 786; E.O. 13338, 69 FR 26751, 3 CFR, 2004 Comp., p 168; E.O. 13637, 78 FR 16129, 3 CFR, 2014 Comp., p. 223; Notice of September 18, 2020, 85 FR 59641 (September 22, 2020); Notice of November 12, 2020, 85 FR 72897 (November 13, 2020); Notice of May 7, 2020, 85 FR 27639.
15:730	compilation-locator	usc	22:1993 -> (removed)	50 U.S.C. 4801-4852; 50 U.S.C. 4601 et seq.; 50 U.S.C. 1701 et seq.; 10 U.S.C. 8720; 10 U.S.C. 8730(e); 22 U.S.C. 287c; 22 U.S.C. 2151 note; 22 U.S.C. 3201 et seq.; 22 U.S.C. 6004; 42 U.S.C. 2139a; 15 U.S.C. 1824; 50 U.S.C. 4305; 22 U.S.C. 7201 et seq.; 22 U.S.C. 7210; E.O. 11912, 41 FR 15825, 3 CFR, 1976 Comp., p. 114; E.O. 12002, 42 FR 35623, 3 CFR, 1977 Comp., p. 133; E.O. 12058, 43 FR 20947, 3 CFR, 1978 Comp., p. 179; E.O. 12214, 45 FR 29783, 3 CFR, 1980 Comp., p. 256; E.O. 12851, 58 FR 33181, 3 CFR, 1993 Comp., p. 608; E.O. 12854, 58 FR 36587, 3 CFR, 1993 Comp., p. 179; E.O. 12918, 59 FR 28205, 3 CFR, 1994 Comp., p. 899; E.O. 12938, 59 FR 59099, 3 CFR, 1994 Comp., p. 950; E.O. 12981, 60 FR 62981, 3 CFR, 1995 Comp., p. 419; E.O. 13020, 61 FR 54079, 3 CFR, 1996 Comp., p. 219; E.O. 13026, 61 FR 58767, 3 CFR, 1996 Comp., p. 228; E.O. 13222, 66 FR 44025, 3 CFR, 2001 Comp., p. 783; E.O. 13224, 66 FR 49079, 3 CFR, 2001 Comp., p. 786; E.O. 13338, 69 FR 26751, 3 CFR, 2004 Comp., p 168; E.O. 13637, 78 FR 16129, 3 CFR, 2014 Comp., p. 223; Notice of September 18, 2020, 85 FR 59641 (September 22, 2020); Notice of November 12, 2020, 85 FR 72897 (November 13, 2020); Notice of May 7, 2020, 85 FR 27639.
15:730	compilation-locator	usc	22:1994 -> (removed)	50 U.S.C. 4801-4852; 50 U.S.C. 4601 et seq.; 50 U.S.C. 1701 et seq.; 10 U.S.C. 8720; 10 U.S.C. 8730(e); 22 U.S.C. 287c; 22 U.S.C. 2151 note; 22 U.S.C. 3201 et seq.; 22 U.S.C. 6004; 42 U.S.C. 2139a; 15 U.S.C. 1824; 50 U.S.C. 4305; 22 U.S.C. 7201 et seq.; 22 U.S.C. 7210; E.O. 11912, 41 FR 15825, 3 CFR, 1976 Comp., p. 114; E.O. 12002, 42 FR 35623, 3 CFR, 1977 Comp., p. 133; E.O. 12058, 43 FR 20947, 3 CFR, 1978 Comp., p. 179; E.O. 12214, 45 FR 29783, 3 CFR, 1980 Comp., p. 256; E.O. 12851, 58 FR 33181, 3 CFR, 1993 Comp., p. 608; E.O. 12854, 58 FR 36587, 3 CFR, 1993 Comp., p. 179; E.O. 12918, 59 FR 28205, 3 CFR, 1994 Comp., p. 899; E.O. 12938, 59 FR 59099, 3 CFR, 1994 Comp., p. 950; E.O. 12981, 60 FR 62981, 3 CFR, 1995 Comp., p. 419; E.O. 13020, 61 FR 54079, 3 CFR, 1996 Comp., p. 219; E.O. 13026, 61 FR 58767, 3 CFR, 1996 Comp., p. 228; E.O. 13222, 66 FR 44025, 3 CFR, 2001 Comp., p. 783; E.O. 13224, 66 FR 49079, 3 CFR, 2001 Comp., p. 786; E.O. 13338, 69 FR 26751, 3 CFR, 2004 Comp., p 168; E.O. 13637, 78 FR 16129, 3 CFR, 2014 Comp., p. 223; Notice of September 18, 2020, 85 FR 59641 (September 22, 2020); Notice of November 12, 2020, 85 FR 72897 (November 13, 2020); Notice of May 7, 2020, 85 FR 27639.
15:730	compilation-locator	usc	22:1995 -> (removed)	50 U.S.C. 4801-4852; 50 U.S.C. 4601 et seq.; 50 U.S.C. 1701 et seq.; 10 U.S.C. 8720; 10 U.S.C. 8730(e); 22 U.S.C. 287c; 22 U.S.C. 2151 note; 22 U.S.C. 3201 et seq.; 22 U.S.C. 6004; 42 U.S.C. 2139a; 15 U.S.C. 1824; 50 U.S.C. 4305; 22 U.S.C. 7201 et seq.; 22 U.S.C. 7210; E.O. 11912, 41 FR 15825, 3 CFR, 1976 Comp., p. 114; E.O. 12002, 42 FR 35623, 3 CFR, 1977 Comp., p. 133; E.O. 12058, 43 FR 20947, 3 CFR, 1978 Comp., p. 179; E.O. 12214, 45 FR 29783, 3 CFR, 1980 Comp., p. 256; E.O. 12851, 58 FR 33181, 3 CFR, 1993 Comp., p. 608; E.O. 12854, 58 FR 36587, 3 CFR, 1993 Comp., p. 179; E.O. 12918, 59 FR 28205, 3 CFR, 1994 Comp., p. 899; E.O. 12938, 59 FR 59099, 3 CFR, 1994 Comp., p. 950; E.O. 12981, 60 FR 62981, 3 CFR, 1995 Comp., p. 419; E.O. 13020, 61 FR 54079, 3 CFR, 1996 Comp., p. 219; E.O. 13026, 61 FR 58767, 3 CFR, 1996 Comp., p. 228; E.O. 13222, 66 FR 44025, 3 CFR, 2001 Comp., p. 783; E.O. 13224, 66 FR 49079, 3 CFR, 2001 Comp., p. 786; E.O. 13338, 69 FR 26751, 3 CFR, 2004 Comp., p 168; E.O. 13637, 78 FR 16129, 3 CFR, 2014 Comp., p. 223; Notice of September 18, 2020, 85 FR 59641 (September 22, 2020); Notice of November 12, 2020, 85 FR 72897 (November 13, 2020); Notice of May 7, 2020, 85 FR 27639.
15:730	compilation-locator	usc	22:1996 -> (removed)	50 U.S.C. 4801-4852; 50 U.S.C. 4601 et seq.; 50 U.S.C. 1701 et seq.; 10 U.S.C. 8720; 10 U.S.C. 8730(e); 22 U.S.C. 287c; 22 U.S.C. 2151 note; 22 U.S.C. 3201 et seq.; 22 U.S.C. 6004; 42 U.S.C. 2139a; 15 U.S.C. 1824; 50 U.S.C. 4305; 22 U.S.C. 7201 et seq.; 22 U.S.C. 7210; E.O. 11912, 41 FR 15825, 3 CFR, 1976 Comp., p. 114; E.O. 12002, 42 FR 35623, 3 CFR, 1977 Comp., p. 133; E.O. 12058, 43 FR 20947, 3 CFR, 1978 Comp., p. 179; E.O. 12214, 45 FR 29783, 3 CFR, 1980 Comp., p. 256; E.O. 12851, 58 FR 33181, 3 CFR, 1993 Comp., p. 608; E.O. 12854, 58 FR 36587, 3 CFR, 1993 Comp., p. 179; E.O. 12918, 59 FR 28205, 3 CFR, 1994 Comp., p. 899; E.O. 12938, 59 FR 59099, 3 CFR, 1994 Comp., p. 950; E.O. 12981, 60 FR 62981, 3 CFR, 1995 Comp., p. 419; E.O. 13020, 61 FR 54079, 3 CFR, 1996 Comp., p. 219; E.O. 13026, 61 FR 58767, 3 CFR, 1996 Comp., p. 228; E.O. 13222, 66 FR 44025, 3 CFR, 2001 Comp., p. 783; E.O. 13224, 66 FR 49079, 3 CFR, 2001 Comp., p. 786; E.O. 13338, 69 FR 26751, 3 CFR, 2004 Comp., p 168; E.O. 13637, 78 FR 16129, 3 CFR, 2014 Comp., p. 223; Notice of September 18, 2020, 85 FR 59641 (September 22, 2020); Notice of November 12, 2020, 85 FR 72897 (November 13, 2020); Notice of May 7, 2020, 85 FR 27639.
15:730	compilation-locator	usc	22:2001 -> (removed)	50 U.S.C. 4801-4852; 50 U.S.C. 4601 et seq.; 50 U.S.C. 1701 et seq.; 10 U.S.C. 8720; 10 U.S.C. 8730(e); 22 U.S.C. 287c; 22 U.S.C. 2151 note; 22 U.S.C. 3201 et seq.; 22 U.S.C. 6004; 42 U.S.C. 2139a; 15 U.S.C. 1824; 50 U.S.C. 4305; 22 U.S.C. 7201 et seq.; 22 U.S.C. 7210; E.O. 11912, 41 FR 15825, 3 CFR, 1976 Comp., p. 114; E.O. 12002, 42 FR 35623, 3 CFR, 1977 Comp., p. 133; E.O. 12058, 43 FR 20947, 3 CFR, 1978 Comp., p. 179; E.O. 12214, 45 FR 29783, 3 CFR, 1980 Comp., p. 256; E.O. 12851, 58 FR 33181, 3 CFR, 1993 Comp., p. 608; E.O. 12854, 58 FR 36587, 3 CFR, 1993 Comp., p. 179; E.O. 12918, 59 FR 28205, 3 CFR, 1994 Comp., p. 899; E.O. 12938, 59 FR 59099, 3 CFR, 1994 Comp., p. 950; E.O. 12981, 60 FR 62981, 3 CFR, 1995 Comp., p. 419; E.O. 13020, 61 FR 54079, 3 CFR, 1996 Comp., p. 219; E.O. 13026, 61 FR 58767, 3 CFR, 1996 Comp., p. 228; E.O. 13222, 66 FR 44025, 3 CFR, 2001 Comp., p. 783; E.O. 13224, 66 FR 49079, 3 CFR, 2001 Comp., p. 786; E.O. 13338, 69 FR 26751, 3 CFR, 2004 Comp., p 168; E.O. 13637, 78 FR 16129, 3 CFR, 2014 Comp., p. 223; Notice of September 18, 2020, 85 FR 59641 (September 22, 2020); Notice of November 12, 2020, 85 FR 72897 (November 13, 2020); Notice of May 7, 2020, 85 FR 27639.
15:730	compilation-locator	usc	22:2004 -> (removed)	50 U.S.C. 4801-4852; 50 U.S.C. 4601 et seq.; 50 U.S.C. 1701 et seq.; 10 U.S.C. 8720; 10 U.S.C. 8730(e); 22 U.S.C. 287c; 22 U.S.C. 2151 note; 22 U.S.C. 3201 et seq.; 22 U.S.C. 6004; 42 U.S.C. 2139a; 15 U.S.C. 1824; 50 U.S.C. 4305; 22 U.S.C. 7201 et seq.; 22 U.S.C. 7210; E.O. 11912, 41 FR 15825, 3 CFR, 1976 Comp., p. 114; E.O. 12002, 42 FR 35623, 3 CFR, 1977 Comp., p. 133; E.O. 12058, 43 FR 20947, 3 CFR, 1978 Comp., p. 179; E.O. 12214, 45 FR 29783, 3 CFR, 1980 Comp., p. 256; E.O. 12851, 58 FR 33181, 3 CFR, 1993 Comp., p. 608; E.O. 12854, 58 FR 36587, 3 CFR, 1993 Comp., p. 179; E.O. 12918, 59 FR 28205, 3 CFR, 1994 Comp., p. 899; E.O. 12938, 59 FR 59099, 3 CFR, 1994 Comp., p. 950; E.O. 12981, 60 FR 62981, 3 CFR, 1995 Comp., p. 419; E.O. 13020, 61 FR 54079, 3 CFR, 1996 Comp., p. 219; E.O. 13026, 61 FR 58767, 3 CFR, 1996 Comp., p. 228; E.O. 13222, 66 FR 44025, 3 CFR, 2001 Comp., p. 783; E.O. 13224, 66 FR 49079, 3 CFR, 2001 Comp., p. 786; E.O. 13338, 69 FR 26751, 3 CFR, 2004 Comp., p 168; E.O. 13637, 78 FR 16129, 3 CFR, 2014 Comp., p. 223; Notice of September 18, 2020, 85 FR 59641 (September 22, 2020); Notice of November 12, 2020, 85 FR 72897 (November 13, 2020); Notice of May 7, 2020, 85 FR 27639.
15:730	compilation-locator	usc	22:2014 -> (removed)	50 U.S.C. 4801-4852; 50 U.S.C. 4601 et seq.; 50 U.S.C. 1701 et seq.; 10 U.S.C. 8720; 10 U.S.C. 8730(e); 22 U.S.C. 287c; 22 U.S.C. 2151 note; 22 U.S.C. 3201 et seq.; 22 U.S.C. 6004; 42 U.S.C. 2139a; 15 U.S.C. 1824; 50 U.S.C. 4305; 22 U.S.C. 7201 et seq.; 22 U.S.C. 7210; E.O. 11912, 41 FR 15825, 3 CFR, 1976 Comp., p. 114; E.O. 12002, 42 FR 35623, 3 CFR, 1977 Comp., p. 133; E.O. 12058, 43 FR 20947, 3 CFR, 1978 Comp., p. 179; E.O. 12214, 45 FR 29783, 3 CFR, 1980 Comp., p. 256; E.O. 12851, 58 FR 33181, 3 CFR, 1993 Comp., p. 608; E.O. 12854, 58 FR 36587, 3 CFR, 1993 Comp., p. 179; E.O. 12918, 59 FR 28205, 3 CFR, 1994 Comp., p. 899; E.O. 12938, 59 FR 59099, 3 CFR, 1994 Comp., p. 950; E.O. 12981, 60 FR 62981, 3 CFR, 1995 Comp., p. 419; E.O. 13020, 61 FR 54079, 3 CFR, 1996 Comp., p. 219; E.O. 13026, 61 FR 58767, 3 CFR, 1996 Comp., p. 228; E.O. 13222, 66 FR 44025, 3 CFR, 2001 Comp., p. 783; E.O. 13224, 66 FR 49079, 3 CFR, 2001 Comp., p. 786; E.O. 13338, 69 FR 26751, 3 CFR, 2004 Comp., p 168; E.O. 13637, 78 FR 16129, 3 CFR, 2014 Comp., p. 223; Notice of September 18, 2020, 85 FR 59641 (September 22, 2020); Notice of November 12, 2020, 85 FR 72897 (November 13, 2020); Notice of May 7, 2020, 85 FR 27639.
15:732	compilation-locator	usc	50:1996 -> (removed)	50 U.S.C. 4801-4852; 50 U.S.C. 4601 et seq.; 50 U.S.C. 1701 et seq.; E.O. 13026, 61 FR 58767, 3 CFR, 1996 Comp., p. 228.
15:734	compilation-locator	usc	50:1994 -> (removed)	50 U.S.C. 4801-4852; 50 U.S.C. 4601 et seq.; 50 U.S.C. 1701 et seq.; E.O. 12938, 59 FR 59099, 3 CFR, 1994 Comp., p. 950; E.O. 13020, 61 FR 54079, 3 CFR, 1996 Comp., p. 219; E.O. 13026, 61 FR 58767, 3 CFR, 1996 Comp., p. 228; E.O. E.O. 13637, 78 FR 16129, 3 CFR, 2014 Comp., p. 223; Notice of November 7, 2024, 89 FR 88867 (November 8, 2024).
15:734	compilation-locator	usc	50:1996 -> (removed)	50 U.S.C. 4801-4852; 50 U.S.C. 4601 et seq.; 50 U.S.C. 1701 et seq.; E.O. 12938, 59 FR 59099, 3 CFR, 1994 Comp., p. 950; E.O. 13020, 61 FR 54079, 3 CFR, 1996 Comp., p. 219; E.O. 13026, 61 FR 58767, 3 CFR, 1996 Comp., p. 228; E.O. E.O. 13637, 78 FR 16129, 3 CFR, 2014 Comp., p. 223; Notice of November 7, 2024, 89 FR 88867 (November 8, 2024).
15:734	compilation-locator	usc	50:2014 -> (removed)	50 U.S.C. 4801-4852; 50 U.S.C. 4601 et seq.; 50 U.S.C. 1701 et seq.; E.O. 12938, 59 FR 59099, 3 CFR, 1994 Comp., p. 950; E.O. 13020, 61 FR 54079, 3 CFR, 1996 Comp., p. 219; E.O. 13026, 61 FR 58767, 3 CFR, 1996 Comp., p. 228; E.O. E.O. 13637, 78 FR 16129, 3 CFR, 2014 Comp., p. 223; Notice of November 7, 2024, 89 FR 88867 (November 8, 2024).
15:736	compilation-locator	usc	50:1994 -> (removed)	50 U.S.C. 4801-4852; 50 U.S.C. 4601 et seq.; 50 U.S.C. 1701 et seq.; E.O. 12938, 59 FR 59099, 3 CFR, 1994 Comp., p. 950; E.O. 13020, 61 FR 54079, 3 CFR, 1996 Comp., p. 219; E.O. 13026, 61 FR 58767, 3 CFR, 1996 Comp., p. 228; Notice of November 7, 2024, 89 FR 88867 (November 8, 2024); Notice of May 7, 2025, 90 FR 19619 (May 9, 2025).
15:736	compilation-locator	usc	50:1996 -> (removed)	50 U.S.C. 4801-4852; 50 U.S.C. 4601 et seq.; 50 U.S.C. 1701 et seq.; E.O. 12938, 59 FR 59099, 3 CFR, 1994 Comp., p. 950; E.O. 13020, 61 FR 54079, 3 CFR, 1996 Comp., p. 219; E.O. 13026, 61 FR 58767, 3 CFR, 1996 Comp., p. 228; Notice of November 7, 2024, 89 FR 88867 (November 8, 2024); Notice of May 7, 2025, 90 FR 19619 (May 9, 2025).
15:738	compilation-locator	usc	22:1996 -> (removed)	50 U.S.C. 4801-4852; 50 U.S.C. 4601 et seq.; 50 U.S.C. 1701 et seq.; 10 U.S.C. 8720; 10 U.S.C. 8730(e); 22 U.S.C. 287c; 22 U.S.C. 2151 note; 22 U.S.C. 3201 et seq.; 22 U.S.C. 6004; 42 U.S.C. 2139a; 15 U.S.C. 1824; 50 U.S.C. 4305; 22 U.S.C. 7201 et seq.; 22 U.S.C. 7210; E.O. 13026, 61 FR 58767, 3 CFR, 1996 Comp., p. 228.
15:740	compilation-locator	usc	22:1996 -> (removed)	50 U.S.C. 4801-4852; 50 U.S.C. 1701 et seq.; 22 U.S.C. 7201 et seq.; E.O. 13026, 61 FR 58767, 3 CFR, 1996 Comp., p. 228.
15:742	compilation-locator	usc	22:1978 -> (removed)	50 U.S.C. 4801-4852; 50 U.S.C. 4601 et seq.; 50 U.S.C. 1701 et seq.; 22 U.S.C. 3201 et seq.; 42 U.S.C. 2139a; 22 U.S.C. 7201 et seq.; 22 U.S.C. 7210; sec. 1503, Pub. L. 108-11, 117 Stat. 559; E.O. 12058, 43 FR 20947, 3 CFR, 1978 Comp., p. 179; E.O. 12851, 58 FR 33181, 3 CFR, 1993 Comp., p. 608; E.O. 12938, 59 FR 59099, 3 CFR, 1994 Comp., p. 950; E.O. 13026, 61 FR 58767, 3 CFR, 1996 Comp., p. 228; E.O. 13222, 66 FR 44025, 3 CFR, 2001 Comp., p. 783; Presidential Determination 2003-23, 68 FR 26459, 3 CFR, 2004 Comp., p. 320.
15:742	compilation-locator	usc	22:1993 -> (removed)	50 U.S.C. 4801-4852; 50 U.S.C. 4601 et seq.; 50 U.S.C. 1701 et seq.; 22 U.S.C. 3201 et seq.; 42 U.S.C. 2139a; 22 U.S.C. 7201 et seq.; 22 U.S.C. 7210; sec. 1503, Pub. L. 108-11, 117 Stat. 559; E.O. 12058, 43 FR 20947, 3 CFR, 1978 Comp., p. 179; E.O. 12851, 58 FR 33181, 3 CFR, 1993 Comp., p. 608; E.O. 12938, 59 FR 59099, 3 CFR, 1994 Comp., p. 950; E.O. 13026, 61 FR 58767, 3 CFR, 1996 Comp., p. 228; E.O. 13222, 66 FR 44025, 3 CFR, 2001 Comp., p. 783; Presidential Determination 2003-23, 68 FR 26459, 3 CFR, 2004 Comp., p. 320.
15:742	compilation-locator	usc	22:1994 -> (removed)	50 U.S.C. 4801-4852; 50 U.S.C. 4601 et seq.; 50 U.S.C. 1701 et seq.; 22 U.S.C. 3201 et seq.; 42 U.S.C. 2139a; 22 U.S.C. 7201 et seq.; 22 U.S.C. 7210; sec. 1503, Pub. L. 108-11, 117 Stat. 559; E.O. 12058, 43 FR 20947, 3 CFR, 1978 Comp., p. 179; E.O. 12851, 58 FR 33181, 3 CFR, 1993 Comp., p. 608; E.O. 12938, 59 FR 59099, 3 CFR, 1994 Comp., p. 950; E.O. 13026, 61 FR 58767, 3 CFR, 1996 Comp., p. 228; E.O. 13222, 66 FR 44025, 3 CFR, 2001 Comp., p. 783; Presidential Determination 2003-23, 68 FR 26459, 3 CFR, 2004 Comp., p. 320.
15:742	compilation-locator	usc	22:1996 -> (removed)	50 U.S.C. 4801-4852; 50 U.S.C. 4601 et seq.; 50 U.S.C. 1701 et seq.; 22 U.S.C. 3201 et seq.; 42 U.S.C. 2139a; 22 U.S.C. 7201 et seq.; 22 U.S.C. 7210; sec. 1503, Pub. L. 108-11, 117 Stat. 559; E.O. 12058, 43 FR 20947, 3 CFR, 1978 Comp., p. 179; E.O. 12851, 58 FR 33181, 3 CFR, 1993 Comp., p. 608; E.O. 12938, 59 FR 59099, 3 CFR, 1994 Comp., p. 950; E.O. 13026, 61 FR 58767, 3 CFR, 1996 Comp., p. 228; E.O. 13222, 66 FR 44025, 3 CFR, 2001 Comp., p. 783; Presidential Determination 2003-23, 68 FR 26459, 3 CFR, 2004 Comp., p. 320.
15:742	compilation-locator	usc	22:2001 -> (removed)	50 U.S.C. 4801-4852; 50 U.S.C. 4601 et seq.; 50 U.S.C. 1701 et seq.; 22 U.S.C. 3201 et seq.; 42 U.S.C. 2139a; 22 U.S.C. 7201 et seq.; 22 U.S.C. 7210; sec. 1503, Pub. L. 108-11, 117 Stat. 559; E.O. 12058, 43 FR 20947, 3 CFR, 1978 Comp., p. 179; E.O. 12851, 58 FR 33181, 3 CFR, 1993 Comp., p. 608; E.O. 12938, 59 FR 59099, 3 CFR, 1994 Comp., p. 950; E.O. 13026, 61 FR 58767, 3 CFR, 1996 Comp., p. 228; E.O. 13222, 66 FR 44025, 3 CFR, 2001 Comp., p. 783; Presidential Determination 2003-23, 68 FR 26459, 3 CFR, 2004 Comp., p. 320.
15:742	compilation-locator	usc	22:2004 -> (removed)	50 U.S.C. 4801-4852; 50 U.S.C. 4601 et seq.; 50 U.S.C. 1701 et seq.; 22 U.S.C. 3201 et seq.; 42 U.S.C. 2139a; 22 U.S.C. 7201 et seq.; 22 U.S.C. 7210; sec. 1503, Pub. L. 108-11, 117 Stat. 559; E.O. 12058, 43 FR 20947, 3 CFR, 1978 Comp., p. 179; E.O. 12851, 58 FR 33181, 3 CFR, 1993 Comp., p. 608; E.O. 12938, 59 FR 59099, 3 CFR, 1994 Comp., p. 950; E.O. 13026, 61 FR 58767, 3 CFR, 1996 Comp., p. 228; E.O. 13222, 66 FR 44025, 3 CFR, 2001 Comp., p. 783; Presidential Determination 2003-23, 68 FR 26459, 3 CFR, 2004 Comp., p. 320.
15:743	compilation-locator	usc	50:2001 -> (removed)	50 U.S.C. 4801-4852; 50 U.S.C. 4601 et seq. ; 50 U.S.C. 1701 et seq. ; E.O. 13222, 66 FR 44025, 3 CFR, 2001 Comp., p. 783; E.O. 13637, 78 FR 16129, 3 CFR, 2014 Comp., p. 223; 78 FR 16129.
15:743	compilation-locator	usc	50:2014 -> (removed)	50 U.S.C. 4801-4852; 50 U.S.C. 4601 et seq. ; 50 U.S.C. 1701 et seq. ; E.O. 13222, 66 FR 44025, 3 CFR, 2001 Comp., p. 783; E.O. 13637, 78 FR 16129, 3 CFR, 2014 Comp., p. 223; 78 FR 16129.
15:744	compilation-locator	usc	22:1978 -> (removed)	50 U.S.C. 4801-4852; 50 U.S.C. 4601 et seq.; 50 U.S.C. 1701 et seq.; 22 U.S.C. 3201 et seq.; 42 U.S.C. 2139a; 22 U.S.C. 7201 et seq.; 22 U.S.C. 7210; E.O. 12058, 43 FR 20947, 3 CFR, 1978 Comp., p. 179; E.O. 12851, 58 FR 33181, 3 CFR, 1993 Comp., p. 608; E.O. 12938, 59 FR 59099, 3 CFR, 1994 Comp., p. 950; E.O. 13026, 61 FR 58767, 3 CFR, 1996 Comp., p. 228; E.O. 13099, 63 FR 45167, 3 CFR, 1998 Comp., p. 208; E.O. 13222, 66 FR 44025, 3 CFR, 2001 Comp., p. 783; E.O. 13224, 66 FR 49079, 3 CFR, 2001 Comp., p. 786.
15:744	compilation-locator	usc	22:1993 -> (removed)	50 U.S.C. 4801-4852; 50 U.S.C. 4601 et seq.; 50 U.S.C. 1701 et seq.; 22 U.S.C. 3201 et seq.; 42 U.S.C. 2139a; 22 U.S.C. 7201 et seq.; 22 U.S.C. 7210; E.O. 12058, 43 FR 20947, 3 CFR, 1978 Comp., p. 179; E.O. 12851, 58 FR 33181, 3 CFR, 1993 Comp., p. 608; E.O. 12938, 59 FR 59099, 3 CFR, 1994 Comp., p. 950; E.O. 13026, 61 FR 58767, 3 CFR, 1996 Comp., p. 228; E.O. 13099, 63 FR 45167, 3 CFR, 1998 Comp., p. 208; E.O. 13222, 66 FR 44025, 3 CFR, 2001 Comp., p. 783; E.O. 13224, 66 FR 49079, 3 CFR, 2001 Comp., p. 786.
15:744	compilation-locator	usc	22:1994 -> (removed)	50 U.S.C. 4801-4852; 50 U.S.C. 4601 et seq.; 50 U.S.C. 1701 et seq.; 22 U.S.C. 3201 et seq.; 42 U.S.C. 2139a; 22 U.S.C. 7201 et seq.; 22 U.S.C. 7210; E.O. 12058, 43 FR 20947, 3 CFR, 1978 Comp., p. 179; E.O. 12851, 58 FR 33181, 3 CFR, 1993 Comp., p. 608; E.O. 12938, 59 FR 59099, 3 CFR, 1994 Comp., p. 950; E.O. 13026, 61 FR 58767, 3 CFR, 1996 Comp., p. 228; E.O. 13099, 63 FR 45167, 3 CFR, 1998 Comp., p. 208; E.O. 13222, 66 FR 44025, 3 CFR, 2001 Comp., p. 783; E.O. 13224, 66 FR 49079, 3 CFR, 2001 Comp., p. 786.
15:744	compilation-locator	usc	22:1996 -> (removed)	50 U.S.C. 4801-4852; 50 U.S.C. 4601 et seq.; 50 U.S.C. 1701 et seq.; 22 U.S.C. 3201 et seq.; 42 U.S.C. 2139a; 22 U.S.C. 7201 et seq.; 22 U.S.C. 7210; E.O. 12058, 43 FR 20947, 3 CFR, 1978 Comp., p. 179; E.O. 12851, 58 FR 33181, 3 CFR, 1993 Comp., p. 608; E.O. 12938, 59 FR 59099, 3 CFR, 1994 Comp., p. 950; E.O. 13026, 61 FR 58767, 3 CFR, 1996 Comp., p. 228; E.O. 13099, 63 FR 45167, 3 CFR, 1998 Comp., p. 208; E.O. 13222, 66 FR 44025, 3 CFR, 2001 Comp., p. 783; E.O. 13224, 66 FR 49079, 3 CFR, 2001 Comp., p. 786.
15:744	compilation-locator	usc	22:1998 -> (removed)	50 U.S.C. 4801-4852; 50 U.S.C. 4601 et seq.; 50 U.S.C. 1701 et seq.; 22 U.S.C. 3201 et seq.; 42 U.S.C. 2139a; 22 U.S.C. 7201 et seq.; 22 U.S.C. 7210; E.O. 12058, 43 FR 20947, 3 CFR, 1978 Comp., p. 179; E.O. 12851, 58 FR 33181, 3 CFR, 1993 Comp., p. 608; E.O. 12938, 59 FR 59099, 3 CFR, 1994 Comp., p. 950; E.O. 13026, 61 FR 58767, 3 CFR, 1996 Comp., p. 228; E.O. 13099, 63 FR 45167, 3 CFR, 1998 Comp., p. 208; E.O. 13222, 66 FR 44025, 3 CFR, 2001 Comp., p. 783; E.O. 13224, 66 FR 49079, 3 CFR, 2001 Comp., p. 786.
15:744	compilation-locator	usc	22:2001 -> (removed)	50 U.S.C. 4801-4852; 50 U.S.C. 4601 et seq.; 50 U.S.C. 1701 et seq.; 22 U.S.C. 3201 et seq.; 42 U.S.C. 2139a; 22 U.S.C. 7201 et seq.; 22 U.S.C. 7210; E.O. 12058, 43 FR 20947, 3 CFR, 1978 Comp., p. 179; E.O. 12851, 58 FR 33181, 3 CFR, 1993 Comp., p. 608; E.O. 12938, 59 FR 59099, 3 CFR, 1994 Comp., p. 950; E.O. 13026, 61 FR 58767, 3 CFR, 1996 Comp., p. 228; E.O. 13099, 63 FR 45167, 3 CFR, 1998 Comp., p. 208; E.O. 13222, 66 FR 44025, 3 CFR, 2001 Comp., p. 783; E.O. 13224, 66 FR 49079, 3 CFR, 2001 Comp., p. 786.
15:745	compilation-locator	usc	50:1994 -> (removed)	50 U.S.C. 1701 et seq.; E.O. 12938, 59 FR 59099, 3 CFR, 1994 Comp., p. 950); 22 U.S.C. 6701 et seq.; E.O. 13128, 64 FR 36703, 3 CFR 1999 Comp., p. 199; 50 U.S.C. 4801-4852; Notice of November 12, 2019, 84 FR 61817 (November 13, 2019).
15:746	compilation-locator	usc	22:1993 -> (removed)	50 U.S.C. 4801-4852; 50 U.S.C. 4601 et seq.; 50 U.S.C. 1701 et seq.; 22 U.S.C. 287c; Sec 1503, Pub. L. 108-11, 117 Stat. 559; 22 U.S.C. 2151 note; 22 U.S.C. 6004; 22 U.S.C. 7201 et seq.; 22 U.S.C. 7210; E.O. 12854, 58 FR 36587, 3 CFR, 1993 Comp., p. 614; E.O. 12918, 59 FR 28205, 3 CFR, 1994 Comp., p. 899; Presidential Determination 2003-23, 68 FR 26459, 3 CFR, 2004 Comp., p. 320; Presidential Determination 2007-7, 72 FR 1899, 3 CFR, 2006 Comp., p. 325; Pub. L. 118-50; E.O. 14312.
15:746	compilation-locator	usc	22:1994 -> (removed)	50 U.S.C. 4801-4852; 50 U.S.C. 4601 et seq.; 50 U.S.C. 1701 et seq.; 22 U.S.C. 287c; Sec 1503, Pub. L. 108-11, 117 Stat. 559; 22 U.S.C. 2151 note; 22 U.S.C. 6004; 22 U.S.C. 7201 et seq.; 22 U.S.C. 7210; E.O. 12854, 58 FR 36587, 3 CFR, 1993 Comp., p. 614; E.O. 12918, 59 FR 28205, 3 CFR, 1994 Comp., p. 899; Presidential Determination 2003-23, 68 FR 26459, 3 CFR, 2004 Comp., p. 320; Presidential Determination 2007-7, 72 FR 1899, 3 CFR, 2006 Comp., p. 325; Pub. L. 118-50; E.O. 14312.
15:746	compilation-locator	usc	22:2004 -> (removed)	50 U.S.C. 4801-4852; 50 U.S.C. 4601 et seq.; 50 U.S.C. 1701 et seq.; 22 U.S.C. 287c; Sec 1503, Pub. L. 108-11, 117 Stat. 559; 22 U.S.C. 2151 note; 22 U.S.C. 6004; 22 U.S.C. 7201 et seq.; 22 U.S.C. 7210; E.O. 12854, 58 FR 36587, 3 CFR, 1993 Comp., p. 614; E.O. 12918, 59 FR 28205, 3 CFR, 1994 Comp., p. 899; Presidential Determination 2003-23, 68 FR 26459, 3 CFR, 2004 Comp., p. 320; Presidential Determination 2007-7, 72 FR 1899, 3 CFR, 2006 Comp., p. 325; Pub. L. 118-50; E.O. 14312.
15:746	compilation-locator	usc	22:2006 -> (removed)	50 U.S.C. 4801-4852; 50 U.S.C. 4601 et seq.; 50 U.S.C. 1701 et seq.; 22 U.S.C. 287c; Sec 1503, Pub. L. 108-11, 117 Stat. 559; 22 U.S.C. 2151 note; 22 U.S.C. 6004; 22 U.S.C. 7201 et seq.; 22 U.S.C. 7210; E.O. 12854, 58 FR 36587, 3 CFR, 1993 Comp., p. 614; E.O. 12918, 59 FR 28205, 3 CFR, 1994 Comp., p. 899; Presidential Determination 2003-23, 68 FR 26459, 3 CFR, 2004 Comp., p. 320; Presidential Determination 2007-7, 72 FR 1899, 3 CFR, 2006 Comp., p. 325; Pub. L. 118-50; E.O. 14312.
15:748	compilation-locator	usc	50:1996 -> (removed)	50 U.S.C. 4801-4852; 50 U.S.C. 4601 et seq.; 50 U.S.C. 1701 et seq.; E.O. 13026, 61 FR 58767, 3 CFR, 1996 Comp., p. 228.
15:750	compilation-locator	usc	50:1996 -> (removed)	50 U.S.C. 4801-4852; 50 U.S.C. 4601 et seq.; 50 U.S.C. 1701 et seq.; Sec. 1503, Pub. L. 108-11, 117 Stat. 559; E.O. 13026, 61 FR 58767, 3 CFR, 1996 Comp., p. 228; E.O. 13637, 78 FR 16129, 3 CFR, 2013 Comp., p. 223; Presidential Determination 2003-23, 68 FR 26459, 3 CFR, 2004 Comp., p. 320.
15:750	compilation-locator	usc	50:2013 -> (removed)	50 U.S.C. 4801-4852; 50 U.S.C. 4601 et seq.; 50 U.S.C. 1701 et seq.; Sec. 1503, Pub. L. 108-11, 117 Stat. 559; E.O. 13026, 61 FR 58767, 3 CFR, 1996 Comp., p. 228; E.O. 13637, 78 FR 16129, 3 CFR, 2013 Comp., p. 223; Presidential Determination 2003-23, 68 FR 26459, 3 CFR, 2004 Comp., p. 320.
15:750	compilation-locator	usc	50:2004 -> (removed)	50 U.S.C. 4801-4852; 50 U.S.C. 4601 et seq.; 50 U.S.C. 1701 et seq.; Sec. 1503, Pub. L. 108-11, 117 Stat. 559; E.O. 13026, 61 FR 58767, 3 CFR, 1996 Comp., p. 228; E.O. 13637, 78 FR 16129, 3 CFR, 2013 Comp., p. 223; Presidential Determination 2003-23, 68 FR 26459, 3 CFR, 2004 Comp., p. 320.
15:754	compilation-locator	usc	15:1976 -> (removed)	50 U.S.C. 4801-4852; 50 U.S.C. 4601 et seq.; 50 U.S.C. 1701 et seq.; 10 U.S.C. 8720; 10 U.S.C. 8730(e); 15 U.S.C. 1824; E.O. 11912, 41 FR 15825, 3 CFR, 1976 Comp., p. 114; E.O. 13222, 66 FR 44025, 3 CFR, 2001 Comp., p. 783.
15:754	compilation-locator	usc	15:2001 -> (removed)	50 U.S.C. 4801-4852; 50 U.S.C. 4601 et seq.; 50 U.S.C. 1701 et seq.; 10 U.S.C. 8720; 10 U.S.C. 8730(e); 15 U.S.C. 1824; E.O. 11912, 41 FR 15825, 3 CFR, 1976 Comp., p. 114; E.O. 13222, 66 FR 44025, 3 CFR, 2001 Comp., p. 783.
15:756	compilation-locator	usc	50:2001 -> (removed)	50 U.S.C. 4801-4852; 50 U.S.C. 4601 et seq.; 50 U.S.C. 1701 et seq.; E.O. 13222, 66 FR 44025, 3 CFR, 2001 Comp., p. 783.
15:760	compilation-locator	usc	50:2001 -> (removed)	50 U.S.C. 4801-4852; 50 U.S.C. 4601 et seq.; 50 U.S.C. 1701 et seq.; E.O. 13222, 66 FR 44025, 3 CFR, 2001 Comp., p. 783.
15:762	compilation-locator	usc	50:2001 -> (removed)	50 U.S.C. 4801-4852; 50 U.S.C. 4601 et seq.; 50 U.S.C. 1701 et seq.; E.O. 13222, 66 FR 44025, 3 CFR, 2001 Comp., p. 783.
15:764	compilation-locator	usc	50:2001 -> (removed)	50 U.S.C. 4801-4852; 50 U.S.C. 4611-4613; 50 U.S.C. 1701 et seq.; E.O. 13222, 66 FR 44025, 3 CFR, 2001 Comp., p. 783.
15:766	compilation-locator	usc	50:2001 -> (removed)	50 U.S.C. 4801-4852; 50 U.S.C. 4601 et seq.; 50 U.S.C. 1701 et seq.; E.O. 13222, 66 FR 44025, 3 CFR, 2001 Comp., p. 783.
15:768	compilation-locator	usc	50:2001 -> (removed)	50 U.S.C. 4601 et seq.; 50 U.S.C. 1701 et seq.; E.O. 13222, 66 FR 44025, 3 CFR, 2001 Comp., p. 783; Notice of August 15, 2017, 82 FR 39005 (August 16, 2017).
15:770	compilation-locator	usc	50:2001 -> (removed)	50 U.S.C. 4801-4852; 50 U.S.C. 4601 et seq.; 50 U.S.C. 1701 et seq.; E.O. 13222, 66 FR 44025, 3 CFR, 2001 Comp., p. 783.
15:774	compilation-locator	usc	22:1996 -> (removed)	50 U.S.C. 4801-4852; 50 U.S.C. 4601 et seq.; 50 U.S.C. 1701 et seq.; 10 U.S.C. 8720; 10 U.S.C. 8730(e); 22 U.S.C. 287c, 22 U.S.C. 3201 et seq.; 22 U.S.C. 6004; 42 U.S.C. 2139a; 15 U.S.C. 1824; 50 U.S.C. 4305; 22 U.S.C. 7201 et seq.; 22 U.S.C. 7210; E.O. 13026, 61 FR 58767, 3 CFR, 1996 Comp., p. 228.
15:801	compilation-locator	usc	22:1977 -> (removed)	5 U.S.C. 301; 15 U.S.C. 4908; 22 U.S.C. 3101-3108; E.O. 11961 (3 CFR, 1977 Comp., p. 86), as amended by E.O. 12318 (3 CFR, 1981 Comp. p. 173); and E.O. 12518 (3 CFR, 1985 Comp. p. 348).
15:801	compilation-locator	usc	22:1981 -> (removed)	5 U.S.C. 301; 15 U.S.C. 4908; 22 U.S.C. 3101-3108; E.O. 11961 (3 CFR, 1977 Comp., p. 86), as amended by E.O. 12318 (3 CFR, 1981 Comp. p. 173); and E.O. 12518 (3 CFR, 1985 Comp. p. 348).
15:801	compilation-locator	usc	22:1985 -> (removed)	5 U.S.C. 301; 15 U.S.C. 4908; 22 U.S.C. 3101-3108; E.O. 11961 (3 CFR, 1977 Comp., p. 86), as amended by E.O. 12318 (3 CFR, 1981 Comp. p. 173); and E.O. 12518 (3 CFR, 1985 Comp. p. 348).
15:923	dotted-cfr-section	usc	42:923 -> (removed)	16 U.S.C. 1451 et seq.; 31 U.S.C. 6506; 42 U.S.C. 3334; Sections 923.92 and 923.94 are also issued under E.O. 12372, July 14, 1982, 3 CFR 1982 Comp. p. 197, as amended by E.O. 12416, April 8, 1983, 3 CFR 1983 Comp. p. 186.
16:1700	dotted-cfr-section	usc	15:1700 -> (removed)	15 U.S.C. 1471-76. Secs. 1700.1 and 1700.14 also issued under 15 U.S.C. 2079(a).
16:5	compilation-locator	usc	15:1989 -> (removed)	5 U.S.C. 7301; 5 U.S.C. App. (Ethics in Government Act of 1978); 15 U.S.C. 46(g); E.O. 12674, 54 FR 15159, 3 CFR, 1989 Comp., p. 215, as modified by E.O. 12731, 55 FR 42547, 3 CFR, 1990 Comp., p. 306; 5 CFR part 2635.
16:5	compilation-locator	usc	15:1990 -> (removed)	5 U.S.C. 7301; 5 U.S.C. App. (Ethics in Government Act of 1978); 15 U.S.C. 46(g); E.O. 12674, 54 FR 15159, 3 CFR, 1989 Comp., p. 215, as modified by E.O. 12731, 55 FR 42547, 3 CFR, 1990 Comp., p. 306; 5 CFR part 2635.
17:200	compilation-locator	usc	5:1964 -> (removed)	5 U.S.C. 552, 552a, 552b, and 557; 11 U.S.C. 901 and 1109(a); 15 U.S.C. 77c, 77e, 77f, 77g, 77h, 77j, 77 o, 77q, 77s, 77u, 77z-3, 77ggg(a), 77hhh, 77sss, 77uuu, 78b, 78c(b), 78d, 78d-1, 78d-2, 78e, 78f, 78g, 78h, 78i, 78k, 78k-1, 78 l, 78m, 78n, 78 o, 78 o -4, 78q, 78q-1, 78t-1, 78u, 78w, 78 ll (d), 78mm, 78eee, 80a-8, 80a-20, 80a-24, 80a-29, 80a-37, 80a-41, 80a-44(a), 80a-44(b), 80b-3, 80b-4, 80b-5, 80b-9, 80b-10(a), 80b-11, 7202, and 7211 et seq.; 29 U.S.C. 794; 44 U.S.C. 3506 and 3507; Reorganization Plan No. 10 of 1950 (15 U.S.C. 78d); sec. 8G, Pub. L. 95-452, 92 Stat. 1101 (5 U.S.C. App.); sec. 913, Pub. L. 111-203, 124 Stat. 1376, 1827; sec. 3(a), Pub. L. 114-185, 130 Stat. 538; E.O. 11222, 30 FR 6469, 3 CFR, 1964-1965 Comp., p. 36; E.O. 12356, 47 FR 14874, 3 CFR, 1982 Comp., p. 166; E.O. 12600, 52 FR 23781, 3 CFR, 1987 Comp., p. 235; Information Security Oversight Office Directive No. 1, 47 FR 27836; and 5 CFR 735.104 and 5 CFR parts 2634 and 2635, unless otherwise noted.
17:200	compilation-locator	usc	5:1982 -> (removed)	5 U.S.C. 552, 552a, 552b, and 557; 11 U.S.C. 901 and 1109(a); 15 U.S.C. 77c, 77e, 77f, 77g, 77h, 77j, 77 o, 77q, 77s, 77u, 77z-3, 77ggg(a), 77hhh, 77sss, 77uuu, 78b, 78c(b), 78d, 78d-1, 78d-2, 78e, 78f, 78g, 78h, 78i, 78k, 78k-1, 78 l, 78m, 78n, 78 o, 78 o -4, 78q, 78q-1, 78t-1, 78u, 78w, 78 ll (d), 78mm, 78eee, 80a-8, 80a-20, 80a-24, 80a-29, 80a-37, 80a-41, 80a-44(a), 80a-44(b), 80b-3, 80b-4, 80b-5, 80b-9, 80b-10(a), 80b-11, 7202, and 7211 et seq.; 29 U.S.C. 794; 44 U.S.C. 3506 and 3507; Reorganization Plan No. 10 of 1950 (15 U.S.C. 78d); sec. 8G, Pub. L. 95-452, 92 Stat. 1101 (5 U.S.C. App.); sec. 913, Pub. L. 111-203, 124 Stat. 1376, 1827; sec. 3(a), Pub. L. 114-185, 130 Stat. 538; E.O. 11222, 30 FR 6469, 3 CFR, 1964-1965 Comp., p. 36; E.O. 12356, 47 FR 14874, 3 CFR, 1982 Comp., p. 166; E.O. 12600, 52 FR 23781, 3 CFR, 1987 Comp., p. 235; Information Security Oversight Office Directive No. 1, 47 FR 27836; and 5 CFR 735.104 and 5 CFR parts 2634 and 2635, unless otherwise noted.
17:200	compilation-locator	usc	5:1987 -> (removed)	5 U.S.C. 552, 552a, 552b, and 557; 11 U.S.C. 901 and 1109(a); 15 U.S.C. 77c, 77e, 77f, 77g, 77h, 77j, 77 o, 77q, 77s, 77u, 77z-3, 77ggg(a), 77hhh, 77sss, 77uuu, 78b, 78c(b), 78d, 78d-1, 78d-2, 78e, 78f, 78g, 78h, 78i, 78k, 78k-1, 78 l, 78m, 78n, 78 o, 78 o -4, 78q, 78q-1, 78t-1, 78u, 78w, 78 ll (d), 78mm, 78eee, 80a-8, 80a-20, 80a-24, 80a-29, 80a-37, 80a-41, 80a-44(a), 80a-44(b), 80b-3, 80b-4, 80b-5, 80b-9, 80b-10(a), 80b-11, 7202, and 7211 et seq.; 29 U.S.C. 794; 44 U.S.C. 3506 and 3507; Reorganization Plan No. 10 of 1950 (15 U.S.C. 78d); sec. 8G, Pub. L. 95-452, 92 Stat. 1101 (5 U.S.C. App.); sec. 913, Pub. L. 111-203, 124 Stat. 1376, 1827; sec. 3(a), Pub. L. 114-185, 130 Stat. 538; E.O. 11222, 30 FR 6469, 3 CFR, 1964-1965 Comp., p. 36; E.O. 12356, 47 FR 14874, 3 CFR, 1982 Comp., p. 166; E.O. 12600, 52 FR 23781, 3 CFR, 1987 Comp., p. 235; Information Security Oversight Office Directive No. 1, 47 FR 27836; and 5 CFR 735.104 and 5 CFR parts 2634 and 2635, unless otherwise noted.
17:201	dotted-cfr-section	usc	5:201 -> (removed)	15 U.S.C. 77s, 77sss, 78w, 78x, 80a-37, and 80b-11; 5 U.S.C. 504(c)(1). Sections 201.700 and 201.701 are also issued under sec. 916, Pub. L. 111-203, 124 Stat. 1376.
17:239	dotted-cfr-section	usc	15:239 -> (removed)	15 U.S.C. 77c, 77f, 77g, 77h, 77j, 77s, 77z-2, 77z-3, 77sss, 78c, 78 l, 78m, 78n, 78 o (d), 78 o -7 note, 78u-5, 78w(a), 78 ll, 78mm, 80a-2(a), 80a-3, 80a-8, 80a-9, 80a-10, 80a-13, 80a-24, 80a-26, 80a-29, 80a-30, 80a-37, and sec. 71003 and sec. 84001, Pub. L. 114-94, 129 Stat. 1321, unless otherwise noted. Sections 239.31, 239.32 and 239.33 are also issued under 15 U.S.C. 78 l, 78m, 78 o, 78w, 80a-8, 80a-29, 80a-30, 80a-37 and 12 U.S.C. 241. Sections 239.63 and 239.64 are also issued under 15 U.S.C. 77f, 77g, 77h, 77j, 77s(a), 77sss(a), 78c(b), 78 l, 78m, 78n, 78o(d), 78w(a), 80a-8, 80a-24, 80a-29, and 80a-37.
17:239	dotted-cfr-section	usc	12:239 -> (removed)	15 U.S.C. 77c, 77f, 77g, 77h, 77j, 77s, 77z-2, 77z-3, 77sss, 78c, 78 l, 78m, 78n, 78 o (d), 78 o -7 note, 78u-5, 78w(a), 78 ll, 78mm, 80a-2(a), 80a-3, 80a-8, 80a-9, 80a-10, 80a-13, 80a-24, 80a-26, 80a-29, 80a-30, 80a-37, and sec. 71003 and sec. 84001, Pub. L. 114-94, 129 Stat. 1321, unless otherwise noted. Sections 239.31, 239.32 and 239.33 are also issued under 15 U.S.C. 78 l, 78m, 78 o, 78w, 80a-8, 80a-29, 80a-30, 80a-37 and 12 U.S.C. 241. Sections 239.63 and 239.64 are also issued under 15 U.S.C. 77f, 77g, 77h, 77j, 77s(a), 77sss(a), 78c(b), 78 l, 78m, 78n, 78o(d), 78w(a), 80a-8, 80a-24, 80a-29, and 80a-37.
17:240	dotted-cfr-section	usc	15:240 -> (removed)	15 U.S.C. 77c, 77d, 77g, 77j, 77s, 77z-2, 77z-3, 77eee, 77ggg, 77nnn, 77sss, 77ttt, 78c, 78c-3, 78c-5, 78d, 78e, 78f, 78g, 78i, 78j, 78j-1, 78j-4, 78k, 78k-1, 78 l, 78m, 78n, 78n-1, 78 o, 78 o -4, 78 o -10, 78p, 78q, 78q-1, 78s, 78u-5, 78w, 78x, 78dd, 78 ll, 78mm, 80a-20, 80a-23, 80a-29, 80a-37, 80b-3, 80b-4, 80b-11, 1681w(a)(1), 6801-6809, 6825, 7201 et seq., and 8302; 7 U.S.C. 2(c)(2)(E); 12 U.S.C. 5221(e)(3); 18 U.S.C. 1350; Pub. L. 111-203, 939A, 124 Stat. 1376 (2010); and Pub. L. 112-106, sec. 503 and 602, 126 Stat. 326 (2012), unless otherwise noted. Section 240.3a4-1 also issued under secs. 3 and 15, 89 Stat. 97, as amended, 89 Stat. 121 as amended; Section 240.3a12-8 also issued under 15 U.S.C. 78a et seq., particularly secs. 3(a)(12), 15 U.S.C. 78c(a)(12), and 23(a), 15 U.S.C. 78w(a); Section 240.3a12-10 also issued under 15 U.S.C. 78b and c; Section 240.3a12-9 also issued under secs. 3(a)(12), 7(c), 11(d)(1), 15 U.S.C. 78c(a)(12), 78g(c), 78k(d)(1)); Sections 240.3a43-1 and 240.3a44-1 also issued under sec. 3; 15 U.S.C. 78c; Sections 3a67-1 through 3a67-9 and 3a71-1 and 3a71-2 are also issued under Pub. L. 111-203, §§ 712, 761(b), 124 Stat. 1841 (2010). Sections 240.3a67-10, 240.3a71-3, 240.3a71-4, and 240.3a71-5 are also issued under Pub. L. 111-203, section 761(b), 124 Stat. 1754 (2010), and 15 U.S.C. 78dd(c). Sections 240.3a71-3 and 240.3a71-5 are also issued under Pub. L. 111-203, sec. 761(b), 124 Stat. 1754 (2010), and 15 U.S.C. 78dd(c). Section 240.3b-6 is also issued under 15 U.S.C. 77f, 77g, 77h, 77j, 77s(a). Section 240.3b-9 also issued under secs. 2, 3 and 15, 89 Stat. 97, as amended, 89 Stat. 121, as amended (15 U.S.C. 78b, 78c, 78o); Section 240.9b-1 is also issued under sec. 2, 7, 10, 19(a), 48 Stat. 74, 78, 81, 85; secs. 201, 205, 209, 120, 48 Stat. 905, 906, 908; secs. 1-4, 8, 68 Stat. 683, 685; sec. 12(a), 73 Stat. 143; sec. 7(a), 74 Stat. 412; sec. 27(a), 84 Stat. 1433; sec. 308(a)(2), 90 Stat. 57; sec. 505, 94 Stat. 2292; secs. 9, 15, 23(a), 48 Stat. 889, 895, 901; sec. 230(a), 49 Stat. 704; secs. 3, 8, 49 Stat. 1377, 1379; sec. 2, 52 Stat. 1075; secs. 6, 10, 78 Stat. 570-574, 580; sec. 11(d), 84 Stat. 121; sec. 18, 89 Stat. 155; sec. 204, 91 Stat. 1500; 15 U.S.C. 77b, 77g, 77j, 77s(a), 78i, 78o, 78w(a); Section 240.10b-10 is also issued under secs. 2, 3, 9, 10, 11, 11A, 15, 17, 23, 48 Stat. 891, 89 Stat. 97, 121, 137, 156, (15 U.S.C. 78b, 78c, 78i, 78j, 78k, 78k-1, 78o, 78q). Section 240.12a-7 also issued under 15 U.S.C. 78a et seq., particularly secs. 3(a)(12), 15 U.S.C. 78c(a)(12), 6, 15 U.S.C. 78(f), 11A, 15 U.S.C. 78k, 12, 15 U.S.C. 78(l), and 23(a)(1), 15 U.S.C. 78(w)(a)(1). Sections 240.12b-1 to 240.12b-36 also issued under secs. 3, 12, 13, 15, 48 Stat. 892, as amended, 894, 895, as amended; 15 U.S.C. 78c, 78l, 78m, 78o; Section 240.12b-15 is also issued under secs. 3(a) and 302, Pub. L. No. 107-204, 116 Stat. 745. Section 240.12b-25 is also issued under 15 U.S.C. 80a-8, 80a-24(a), 80a-29, and 80a-37. Section 240.12g-3 is also issued under 15 U.S.C. 77f, 77g, 77h, 77j, 77s(a). Section 240.12g3-2 is also issued under 15 U.S.C. 77f, 77g, 77h, 77j, 77s(a). Section 240.13a-10 is also issued under secs. 3(a) and 302, Pub. L. No. 107-204, 116 Stat. 745. Section 240.13a-11 is also issued under secs. 3(a) and 306(a), Pub. L. 107-204, 116 Stat. 745. Section 240.13a-14 is also issued under secs. 3(a) and 302, Pub. L. No. 107-204, 116 Stat. 745. Section 240.13a-15 is also issued under secs. 3(a) and 302, Pub. L. No. 107-204, 116 Stat. 745. Section 240.13d-3 is also issued under Public Law 111-203 § 766, 124 Stat. 1799 (2010). Sections 240.13e-4, 240.14d-7, 240.14d-10 and 240.14e-1 also issued under secs. 3(b), 9(a)(6), 10(b), 13(e), 14(d) and 14(e), 15 U.S.C. 78c(b), 78i(a)(6), 78j(b), 78m(e), 78n(d) and 78n(e) and sec. 23(c) of the Investment Company Act of 1940, 15 U.S.C 80a-23(c); Sections 240.13e-4 to 240.13e-101 also issued under secs. 3(b), 9(a)(6), 10(b), 13(e), 14(e), 15(c)(1), 48 Stat. 882, 889, 891, 894, 895, 901, sec. 8, 49 Stat. 1379, sec. 5, 78 Stat. 569, 570, secs. 2, 3, 82 Stat. 454, 455, secs. 1, 2, 3-5, 84 Stat. 1497, secs. 3, 18, 89 Stat. 97, 155; 15 U.S.C. 78c(b), 78i(a)(6), 78j(b), 78m(e), 78n(e), 78o(c); sec. 23(c) of the Investment Company Act of 1940; 54 Stat. 825; 15 U.S.C. 80a-23(c); Section 240.13p-1 is also issued under sec. 1502, Pub. L. 111-203, 124 Stat. 1376. Section 240.13q-1 is also issued under sec. 1504, Pub. L. 111-203, 124 Stat. 2220. Sections 240.14a-1, 240.14a-3, 240.14a-13, 240.14b-1, 240.14b-2, 240.14c-1, and 240.14c-7 also issued under secs. 12, 15 U.S.C. 781, and 14, Pub. L. 99-222, 99 Stat. 1737, 15 U.S.C. 78n; Sections 240.14a-3, 240.14a-13, 240.14b-1 and 240.14c-7 also issued under secs. 12, 14 and 17, 15 U.S.C. 781, 78n and 78g; Sections 240.14c-1 to 240.14c-101 also issued under sec. 14, 48 Stat. 895; 15 U.S.C. 78n; Section 240.14d-1 is also issued under 15 U.S.C. 77g, 77j, 77s(a), 77ttt(a), 80a-37. Section 240.14e-2 is also issued under 15 U.S.C. 77g, 77h, 77s(a), 77sss, 80a-37(a). Section 240.14e-4 also issued under the Exchange Act, 15 U.S.C. 78a et seq., and particularly sections 3(b), 10(a), 10(b), 14(e), 15(c), and 23(a) of the Exchange Act (15 U.S.C. 78c(b), 78j(a), 78j(b), 78n(e), 78 o (c), and 78w(a)). Section 240.15a-6, also issued under secs. 3, 10, 15, and 17, 15 U.S.C. 78c, 78j, 78 o, and 78q; Section 240.15b1-3 also issued under sec. 15, 17; 15 U.S.C. 78 o 78q; Sections 240.15b1-3 and 240.15b2-1 also issued under 15 U.S.C. 78 o, 78 q ; Section 240.15b2-2 also issued under secs. 3, 15; 15 U.S.C. 78c, 78 o ; Sections 240.15b10-1 to 240.15b10-9 also issued under secs. 15, 17, 48 Stat. 895, 897, sec. 203, 49 Stat. 704, secs. 4, 8, 49 Stat. 1379, sec. 5, 52 Stat. 1076, sec. 6, 78 Stat. 570; 15 U.S.C. 78o, 78q, 12 U.S.C. 241 nt.; Section 240.15c2-6, also issued under secs. 3, 10, and 15, 15 U.S.C. 78c, 78j, and 78o. Section 240.15c2-11 also issued under 15 U.S.C. 78j(b), 78 o (c), 78q(a), and 78w(a). Section 240.15c2-12 also issued under 15 U.S.C. 78b, 78c, 78j, 78 o, 78 o -4 and 78q. Section 240.15c3-1 is also issued under 15 U.S.C. 78o(c)(3), 78o-10(d), and 78o-10(e). Sections 240.15c3-1a, 240.15c3-1e, 240.15c3-1f, 240.15c3-1g are also issued under Pub. L. 111-203, secs. 939, 939A, 124. Stat. 1376 (2010) (15 U.S.C. 78c, 15 U.S.C. 78 o -7 note). Section 240.15c3-3 is also issued under 15 U.S.C. 78c-5, 78o(c)(2), 78(c)(3), 78q(a), 78w(a); sec. 6(c), 84 Stat. 1652; 15 U.S.C. 78fff. Section 240.15c3-3(o) is also issued under Pub. L. 106-554, 114 Stat. 2763, section 203. Section 240.15c3-3a is also issued under Pub. L. 111-203, § 939, 939A, 124. Stat. 1376 (2010) (15 U.S.C. 78c, 15 U.S.C. 78 o -7 note). Section 240.15d-5 is also issued under 15 U.S.C. 77f, 77g, 77h, 77j, 77s(a). Section 240.15d-10 is also issued under 15 U.S.C. 80a-20(a) and 80a-37(a), and secs. 3(a) and 302, Pub. L. No. 107-204, 116 Stat. 745. Section 240.15d-11 is also issued under secs. 3(a) and 306(a), Pub. L. 107-204, 116 Stat. 745. Section 240.15d-14 is also issued under secs. 3(a) and 302, Pub. L. No. 107-204, 116 Stat. 745. Section 240.15d-15 is also issued under secs. 3(a) and 302, Pub. L. No. 107-204, 116 Stat. 745. Section 240.15 l -1 is also issued under Pub. L. 111-203, sec. 913, 124 Stat. 1376, 1827 (2010). Sections 240.15Ba1-1 through 240.15Ba1-8 are also issued under sec. 975, Public Law 111-203, 124 Stat. 1376 (2010). Section 240.15Bc4-1 is also issued under sec. 975, Public Law 111-203, 124 Stat. 1376 (2010). Sections 240.15Ca1-1, 240.15Ca2-1, 240.15Ca2-2, 240.15Ca2-3, 240.15Ca2-4, 240.15Ca2-5, 240.15Cc1-1 also issued under secs. 3, 15C; 15 U.S.C. 78c, 78 o -5; Sections 240.15Fh-1 through 240.15Fh-6 and 240.15fk-1 are also issued under sec. 943, Pub. L. 111-203, 124 Stat. 1376. Section 240.15Ga-1 is also issued under sec. 943, Pub. L. 111-203, 124 Stat. 1376. Section 240.15Ga-2 is also issued under sec. 943, Pub. L. 111-203, 124 Stat. 1376. Section 240.16a-1(a) is also issued under Public Law 111-203 § 766, 124 Stat. 1799 (2010). Sections 240.15fh-1 through 240.15Fh-6 and 240.15Fk-1 are also issued under sec. 943, Pub. L. 111-203, 124 Stat. 1376. Section 240.17a-3 also issued under secs. 2, 17, 23a, 48 Stat. 897, as amended; 15 U.S.C. 78d-1, 78d-2, 78q; secs. 12, 14, 17, 23(a), 48 Stat. 892, 895, 897, 901; secs. 1, 4, 8, 49 Stat. 1375, 1379; sec. 203(a), 49 Stat. 704; sec. 5, 52 Stat. 1076; sec. 202, 68 Stat. 686; secs. 3, 5, 10, 78 Stat. 565-568, 569, 570, 580; secs. 1, 3, 82 Stat. 454, 455; secs. 28(c), 3-5, 84 Stat. 1435, 1497; sec. 105(b), 88 Stat. 1503; secs. 8, 9, 14, 18, 89 Stat. 117, 118, 137, 155; 15 U.S.C. 78l, 78n, 78q, 78w(a); Section 240.17a-4 also issued under secs. 2, 17, 23(a), 48 Stat. 897, as amended; 15 U.S.C. 78a, 78d-1, 78d-2; sec. 14, Pub. L. 94-29, 89 Stat. 137 (15 U.S.C. 78a); sec. 18, Pub. L. 94-29, 89 Stat. 155 (15 U.S.C. 78w); Section 240.17a-14 is also issued under Public Law 111-203, sec. 913, 124 Stat. 1376 (2010). Section 240.17a-23 also issued under 15 U.S.C. 78b, 78c, 78o, 78q, and 78w(a). Section 240.17f-1 is also authorized under sections 2, 17 and 17A, 48 Stat. 891, 89 Stat. 137, 141 (15 U.S.C. 78b, 78q, 78q-1); Section 240.17g-7 is also issued under sec. 943, Pub. L. 111-203, 124 Stat. 1376. Section 240.17g-8 is also issued under sec. 938, Pub. L. 111-203, 124 Stat. 1376. Section 240.17g-9 is also issued under sec. 936, Pub. L. 111-203, 124 Stat. 1376. Section 240.17h-1T also issued under 15 U.S.C. 78q. Sections 240.17Ac2-1(c) and 240.17Ac2-2 also issued under secs. 17, 17A and 23(a); 48 Stat. 897, as amended, 89 Stat. 137, 141 and 48 Stat. 901 (15 U.S.C. 78q, 78q-1, 78w(a)); Section 240.17Ad-1 is also issued under secs. 2, 17, 17A and 23(a); 48 Stat. 841 as amended, 48 Stat. 897, as amended, 89 Stat. 137, 141, and 48 Stat. 901 (15 U.S.C. 78b, 78q, 78q-1, 78w); Sections 240.17Ad-5 and 240.17Ad-10 are also issued under secs. 3 and 17A; 48 Stat. 882, as amended, and 89 Stat. (15 U.S.C. 78c and 78q-1); Section 240.17ad-7 is also issued under 15 U.S.C. 78b, 78q, and 78q-1. Section 240.17Ad-17 is also issued under Pub. L. 111-203, section 929W, 124 Stat. 1869 (2010). Section 240.17ad-22 is also issued under 12 U.S.C. 5461 et seq. Sections 240.18a-1, 240.18a-1a, 240.18a-1b, 240.18a-1c, 240.18a-1d, 240.18a-2, 240.18a-3, and 240.18a-10 are also issued under 15 U.S.C. 78o-10(d) and 78o-10(e). Section 240.18a-4 is also issued under 15 U.S.C. 78c-5(f). Section 240.19b-4 is also issued under 12 U.S.C. 5465(e). Sections 240.19c-4 also issued under secs. 6, 11A, 14, 15A, 19 and 23 of the Securities Exchange Act of 1934 (15 U.S.C. 78o-3, and 78s); Section 240.19c-5 also issued under Sections 6, 11A, and 19 of the Securities Exchange Act of 1934, 48 Stat. 885, as amended, 89 Stat. 111, as amended, and 48 Stat. 898, as amended, 15 U.S.C. 78f, 78k-1, and 78s. Section 240.21F is also issued under Pub. L. 111-203, § 922(a), 124 Stat. 1841 (2010). Section 240.31-1 is also issued under sec. 31, 48 Stat. 904, as amended (15 U.S.C. 78ee).
17:240	dotted-cfr-section	usc	12:240 -> (removed)	15 U.S.C. 77c, 77d, 77g, 77j, 77s, 77z-2, 77z-3, 77eee, 77ggg, 77nnn, 77sss, 77ttt, 78c, 78c-3, 78c-5, 78d, 78e, 78f, 78g, 78i, 78j, 78j-1, 78j-4, 78k, 78k-1, 78 l, 78m, 78n, 78n-1, 78 o, 78 o -4, 78 o -10, 78p, 78q, 78q-1, 78s, 78u-5, 78w, 78x, 78dd, 78 ll, 78mm, 80a-20, 80a-23, 80a-29, 80a-37, 80b-3, 80b-4, 80b-11, 1681w(a)(1), 6801-6809, 6825, 7201 et seq., and 8302; 7 U.S.C. 2(c)(2)(E); 12 U.S.C. 5221(e)(3); 18 U.S.C. 1350; Pub. L. 111-203, 939A, 124 Stat. 1376 (2010); and Pub. L. 112-106, sec. 503 and 602, 126 Stat. 326 (2012), unless otherwise noted. Section 240.3a4-1 also issued under secs. 3 and 15, 89 Stat. 97, as amended, 89 Stat. 121 as amended; Section 240.3a12-8 also issued under 15 U.S.C. 78a et seq., particularly secs. 3(a)(12), 15 U.S.C. 78c(a)(12), and 23(a), 15 U.S.C. 78w(a); Section 240.3a12-10 also issued under 15 U.S.C. 78b and c; Section 240.3a12-9 also issued under secs. 3(a)(12), 7(c), 11(d)(1), 15 U.S.C. 78c(a)(12), 78g(c), 78k(d)(1)); Sections 240.3a43-1 and 240.3a44-1 also issued under sec. 3; 15 U.S.C. 78c; Sections 3a67-1 through 3a67-9 and 3a71-1 and 3a71-2 are also issued under Pub. L. 111-203, §§ 712, 761(b), 124 Stat. 1841 (2010). Sections 240.3a67-10, 240.3a71-3, 240.3a71-4, and 240.3a71-5 are also issued under Pub. L. 111-203, section 761(b), 124 Stat. 1754 (2010), and 15 U.S.C. 78dd(c). Sections 240.3a71-3 and 240.3a71-5 are also issued under Pub. L. 111-203, sec. 761(b), 124 Stat. 1754 (2010), and 15 U.S.C. 78dd(c). Section 240.3b-6 is also issued under 15 U.S.C. 77f, 77g, 77h, 77j, 77s(a). Section 240.3b-9 also issued under secs. 2, 3 and 15, 89 Stat. 97, as amended, 89 Stat. 121, as amended (15 U.S.C. 78b, 78c, 78o); Section 240.9b-1 is also issued under sec. 2, 7, 10, 19(a), 48 Stat. 74, 78, 81, 85; secs. 201, 205, 209, 120, 48 Stat. 905, 906, 908; secs. 1-4, 8, 68 Stat. 683, 685; sec. 12(a), 73 Stat. 143; sec. 7(a), 74 Stat. 412; sec. 27(a), 84 Stat. 1433; sec. 308(a)(2), 90 Stat. 57; sec. 505, 94 Stat. 2292; secs. 9, 15, 23(a), 48 Stat. 889, 895, 901; sec. 230(a), 49 Stat. 704; secs. 3, 8, 49 Stat. 1377, 1379; sec. 2, 52 Stat. 1075; secs. 6, 10, 78 Stat. 570-574, 580; sec. 11(d), 84 Stat. 121; sec. 18, 89 Stat. 155; sec. 204, 91 Stat. 1500; 15 U.S.C. 77b, 77g, 77j, 77s(a), 78i, 78o, 78w(a); Section 240.10b-10 is also issued under secs. 2, 3, 9, 10, 11, 11A, 15, 17, 23, 48 Stat. 891, 89 Stat. 97, 121, 137, 156, (15 U.S.C. 78b, 78c, 78i, 78j, 78k, 78k-1, 78o, 78q). Section 240.12a-7 also issued under 15 U.S.C. 78a et seq., particularly secs. 3(a)(12), 15 U.S.C. 78c(a)(12), 6, 15 U.S.C. 78(f), 11A, 15 U.S.C. 78k, 12, 15 U.S.C. 78(l), and 23(a)(1), 15 U.S.C. 78(w)(a)(1). Sections 240.12b-1 to 240.12b-36 also issued under secs. 3, 12, 13, 15, 48 Stat. 892, as amended, 894, 895, as amended; 15 U.S.C. 78c, 78l, 78m, 78o; Section 240.12b-15 is also issued under secs. 3(a) and 302, Pub. L. No. 107-204, 116 Stat. 745. Section 240.12b-25 is also issued under 15 U.S.C. 80a-8, 80a-24(a), 80a-29, and 80a-37. Section 240.12g-3 is also issued under 15 U.S.C. 77f, 77g, 77h, 77j, 77s(a). Section 240.12g3-2 is also issued under 15 U.S.C. 77f, 77g, 77h, 77j, 77s(a). Section 240.13a-10 is also issued under secs. 3(a) and 302, Pub. L. No. 107-204, 116 Stat. 745. Section 240.13a-11 is also issued under secs. 3(a) and 306(a), Pub. L. 107-204, 116 Stat. 745. Section 240.13a-14 is also issued under secs. 3(a) and 302, Pub. L. No. 107-204, 116 Stat. 745. Section 240.13a-15 is also issued under secs. 3(a) and 302, Pub. L. No. 107-204, 116 Stat. 745. Section 240.13d-3 is also issued under Public Law 111-203 § 766, 124 Stat. 1799 (2010). Sections 240.13e-4, 240.14d-7, 240.14d-10 and 240.14e-1 also issued under secs. 3(b), 9(a)(6), 10(b), 13(e), 14(d) and 14(e), 15 U.S.C. 78c(b), 78i(a)(6), 78j(b), 78m(e), 78n(d) and 78n(e) and sec. 23(c) of the Investment Company Act of 1940, 15 U.S.C 80a-23(c); Sections 240.13e-4 to 240.13e-101 also issued under secs. 3(b), 9(a)(6), 10(b), 13(e), 14(e), 15(c)(1), 48 Stat. 882, 889, 891, 894, 895, 901, sec. 8, 49 Stat. 1379, sec. 5, 78 Stat. 569, 570, secs. 2, 3, 82 Stat. 454, 455, secs. 1, 2, 3-5, 84 Stat. 1497, secs. 3, 18, 89 Stat. 97, 155; 15 U.S.C. 78c(b), 78i(a)(6), 78j(b), 78m(e), 78n(e), 78o(c); sec. 23(c) of the Investment Company Act of 1940; 54 Stat. 825; 15 U.S.C. 80a-23(c); Section 240.13p-1 is also issued under sec. 1502, Pub. L. 111-203, 124 Stat. 1376. Section 240.13q-1 is also issued under sec. 1504, Pub. L. 111-203, 124 Stat. 2220. Sections 240.14a-1, 240.14a-3, 240.14a-13, 240.14b-1, 240.14b-2, 240.14c-1, and 240.14c-7 also issued under secs. 12, 15 U.S.C. 781, and 14, Pub. L. 99-222, 99 Stat. 1737, 15 U.S.C. 78n; Sections 240.14a-3, 240.14a-13, 240.14b-1 and 240.14c-7 also issued under secs. 12, 14 and 17, 15 U.S.C. 781, 78n and 78g; Sections 240.14c-1 to 240.14c-101 also issued under sec. 14, 48 Stat. 895; 15 U.S.C. 78n; Section 240.14d-1 is also issued under 15 U.S.C. 77g, 77j, 77s(a), 77ttt(a), 80a-37. Section 240.14e-2 is also issued under 15 U.S.C. 77g, 77h, 77s(a), 77sss, 80a-37(a). Section 240.14e-4 also issued under the Exchange Act, 15 U.S.C. 78a et seq., and particularly sections 3(b), 10(a), 10(b), 14(e), 15(c), and 23(a) of the Exchange Act (15 U.S.C. 78c(b), 78j(a), 78j(b), 78n(e), 78 o (c), and 78w(a)). Section 240.15a-6, also issued under secs. 3, 10, 15, and 17, 15 U.S.C. 78c, 78j, 78 o, and 78q; Section 240.15b1-3 also issued under sec. 15, 17; 15 U.S.C. 78 o 78q; Sections 240.15b1-3 and 240.15b2-1 also issued under 15 U.S.C. 78 o, 78 q ; Section 240.15b2-2 also issued under secs. 3, 15; 15 U.S.C. 78c, 78 o ; Sections 240.15b10-1 to 240.15b10-9 also issued under secs. 15, 17, 48 Stat. 895, 897, sec. 203, 49 Stat. 704, secs. 4, 8, 49 Stat. 1379, sec. 5, 52 Stat. 1076, sec. 6, 78 Stat. 570; 15 U.S.C. 78o, 78q, 12 U.S.C. 241 nt.; Section 240.15c2-6, also issued under secs. 3, 10, and 15, 15 U.S.C. 78c, 78j, and 78o. Section 240.15c2-11 also issued under 15 U.S.C. 78j(b), 78 o (c), 78q(a), and 78w(a). Section 240.15c2-12 also issued under 15 U.S.C. 78b, 78c, 78j, 78 o, 78 o -4 and 78q. Section 240.15c3-1 is also issued under 15 U.S.C. 78o(c)(3), 78o-10(d), and 78o-10(e). Sections 240.15c3-1a, 240.15c3-1e, 240.15c3-1f, 240.15c3-1g are also issued under Pub. L. 111-203, secs. 939, 939A, 124. Stat. 1376 (2010) (15 U.S.C. 78c, 15 U.S.C. 78 o -7 note). Section 240.15c3-3 is also issued under 15 U.S.C. 78c-5, 78o(c)(2), 78(c)(3), 78q(a), 78w(a); sec. 6(c), 84 Stat. 1652; 15 U.S.C. 78fff. Section 240.15c3-3(o) is also issued under Pub. L. 106-554, 114 Stat. 2763, section 203. Section 240.15c3-3a is also issued under Pub. L. 111-203, § 939, 939A, 124. Stat. 1376 (2010) (15 U.S.C. 78c, 15 U.S.C. 78 o -7 note). Section 240.15d-5 is also issued under 15 U.S.C. 77f, 77g, 77h, 77j, 77s(a). Section 240.15d-10 is also issued under 15 U.S.C. 80a-20(a) and 80a-37(a), and secs. 3(a) and 302, Pub. L. No. 107-204, 116 Stat. 745. Section 240.15d-11 is also issued under secs. 3(a) and 306(a), Pub. L. 107-204, 116 Stat. 745. Section 240.15d-14 is also issued under secs. 3(a) and 302, Pub. L. No. 107-204, 116 Stat. 745. Section 240.15d-15 is also issued under secs. 3(a) and 302, Pub. L. No. 107-204, 116 Stat. 745. Section 240.15 l -1 is also issued under Pub. L. 111-203, sec. 913, 124 Stat. 1376, 1827 (2010). Sections 240.15Ba1-1 through 240.15Ba1-8 are also issued under sec. 975, Public Law 111-203, 124 Stat. 1376 (2010). Section 240.15Bc4-1 is also issued under sec. 975, Public Law 111-203, 124 Stat. 1376 (2010). Sections 240.15Ca1-1, 240.15Ca2-1, 240.15Ca2-2, 240.15Ca2-3, 240.15Ca2-4, 240.15Ca2-5, 240.15Cc1-1 also issued under secs. 3, 15C; 15 U.S.C. 78c, 78 o -5; Sections 240.15Fh-1 through 240.15Fh-6 and 240.15fk-1 are also issued under sec. 943, Pub. L. 111-203, 124 Stat. 1376. Section 240.15Ga-1 is also issued under sec. 943, Pub. L. 111-203, 124 Stat. 1376. Section 240.15Ga-2 is also issued under sec. 943, Pub. L. 111-203, 124 Stat. 1376. Section 240.16a-1(a) is also issued under Public Law 111-203 § 766, 124 Stat. 1799 (2010). Sections 240.15fh-1 through 240.15Fh-6 and 240.15Fk-1 are also issued under sec. 943, Pub. L. 111-203, 124 Stat. 1376. Section 240.17a-3 also issued under secs. 2, 17, 23a, 48 Stat. 897, as amended; 15 U.S.C. 78d-1, 78d-2, 78q; secs. 12, 14, 17, 23(a), 48 Stat. 892, 895, 897, 901; secs. 1, 4, 8, 49 Stat. 1375, 1379; sec. 203(a), 49 Stat. 704; sec. 5, 52 Stat. 1076; sec. 202, 68 Stat. 686; secs. 3, 5, 10, 78 Stat. 565-568, 569, 570, 580; secs. 1, 3, 82 Stat. 454, 455; secs. 28(c), 3-5, 84 Stat. 1435, 1497; sec. 105(b), 88 Stat. 1503; secs. 8, 9, 14, 18, 89 Stat. 117, 118, 137, 155; 15 U.S.C. 78l, 78n, 78q, 78w(a); Section 240.17a-4 also issued under secs. 2, 17, 23(a), 48 Stat. 897, as amended; 15 U.S.C. 78a, 78d-1, 78d-2; sec. 14, Pub. L. 94-29, 89 Stat. 137 (15 U.S.C. 78a); sec. 18, Pub. L. 94-29, 89 Stat. 155 (15 U.S.C. 78w); Section 240.17a-14 is also issued under Public Law 111-203, sec. 913, 124 Stat. 1376 (2010). Section 240.17a-23 also issued under 15 U.S.C. 78b, 78c, 78o, 78q, and 78w(a). Section 240.17f-1 is also authorized under sections 2, 17 and 17A, 48 Stat. 891, 89 Stat. 137, 141 (15 U.S.C. 78b, 78q, 78q-1); Section 240.17g-7 is also issued under sec. 943, Pub. L. 111-203, 124 Stat. 1376. Section 240.17g-8 is also issued under sec. 938, Pub. L. 111-203, 124 Stat. 1376. Section 240.17g-9 is also issued under sec. 936, Pub. L. 111-203, 124 Stat. 1376. Section 240.17h-1T also issued under 15 U.S.C. 78q. Sections 240.17Ac2-1(c) and 240.17Ac2-2 also issued under secs. 17, 17A and 23(a); 48 Stat. 897, as amended, 89 Stat. 137, 141 and 48 Stat. 901 (15 U.S.C. 78q, 78q-1, 78w(a)); Section 240.17Ad-1 is also issued under secs. 2, 17, 17A and 23(a); 48 Stat. 841 as amended, 48 Stat. 897, as amended, 89 Stat. 137, 141, and 48 Stat. 901 (15 U.S.C. 78b, 78q, 78q-1, 78w); Sections 240.17Ad-5 and 240.17Ad-10 are also issued under secs. 3 and 17A; 48 Stat. 882, as amended, and 89 Stat. (15 U.S.C. 78c and 78q-1); Section 240.17ad-7 is also issued under 15 U.S.C. 78b, 78q, and 78q-1. Section 240.17Ad-17 is also issued under Pub. L. 111-203, section 929W, 124 Stat. 1869 (2010). Section 240.17ad-22 is also issued under 12 U.S.C. 5461 et seq. Sections 240.18a-1, 240.18a-1a, 240.18a-1b, 240.18a-1c, 240.18a-1d, 240.18a-2, 240.18a-3, and 240.18a-10 are also issued under 15 U.S.C. 78o-10(d) and 78o-10(e). Section 240.18a-4 is also issued under 15 U.S.C. 78c-5(f). Section 240.19b-4 is also issued under 12 U.S.C. 5465(e). Sections 240.19c-4 also issued under secs. 6, 11A, 14, 15A, 19 and 23 of the Securities Exchange Act of 1934 (15 U.S.C. 78o-3, and 78s); Section 240.19c-5 also issued under Sections 6, 11A, and 19 of the Securities Exchange Act of 1934, 48 Stat. 885, as amended, 89 Stat. 111, as amended, and 48 Stat. 898, as amended, 15 U.S.C. 78f, 78k-1, and 78s. Section 240.21F is also issued under Pub. L. 111-203, § 922(a), 124 Stat. 1841 (2010). Section 240.31-1 is also issued under sec. 31, 48 Stat. 904, as amended (15 U.S.C. 78ee).
17:249b	dotted-cfr-section	usc	15:249b -> (removed)	15 U.S.C. 78a et seq., unless otherwise noted; Sections 249b.100 and 249b.102 also issued under secs. 17, 17A and 23(a); 48 Stat. 897, as amended, 89 Stat. 137, 141 and 48 Stat. 901 (15 U.S.C. 78q, 78q-1, 78w(a)). Section 249b.400 is also issued under secs. 1502 and 1504, Pub. L. 111-203, 124 Stat. 2213 and 2220.
17:270	dotted-cfr-section	usc	15:270 -> (removed)	15 U.S.C. 80a-1 et seq., 80a-34(d), 80a-37, 80a-39, 1681w(a)(1), 6801-6809, 6825, and Pub. L. 111-203, sec. 939A, 124 Stat. 1376 (2010), unless otherwise noted. Section 270.0-1 also issued under sec. 38(a) (15 U.S.C. 80a-37(a)); Section 270.0-1(a)(7) is also issued under 15 U.S.C. 80a-10(e); Section 270.0-11 also issued under secs. 8, 24, 30 and 38, Investment Company Act (15 U.S.C. 80a-8, 80a-24, 80a-29 and 80a-37), secs. 6, 7, 8, 10 and 19(a), Securities Act (15 U.S.C. 77f, 77g, 77h, 77j, 77s(a)) and secs. 3(b), 12, 13, 14, 15(d) and 23(a), Exchange Act (15 U.S.C. 78c(b), 78l, 78m, 78n, 78o(d) and 78w(a)); Section 270.6a-5 is also issued under 15 U.S.C. 80a-6(a)(5)(A)(iv)(I). Section 270.6c-9 is also issued under secs. 6(c) (15 U.S.C. 80a-6(c)) and 38(a) (15 U.S.C. 80a-37(a)); Section 270.6c-10 is also issued under sec. 6(c) (15 U.S.C. 80a-6(c)); Section 270.6c-11 is also issued under 15 U.S.C. 80a-6(c) and 80a-37(a). Section 270.6e-3 is also issued under 15 U.S.C. 80a-5(e); Section 270.8b-11 is also issued under 15 U.S.C. 77s, 80a-8, and 80a-37; Section 270.10e-1 is also issued under 15 U.S.C. 80a-10(e); Sections 270.12d1-1, 270.12d1-2, and 270.12d1-3 are also issued under 15 U.S.C. 80a-6(c), 80a-12(d)(1)(J), and 80a-37(a). Section 270.12d3-1 is also issued under 15 U.S.C. 80a-6(c); Section 270.17a-8 is also issued under 15 U.S.C. 80a-6(c) and 80a-37(a); Section 270.17d-1 is also issued under 15 U.S.C. 80a-6(c), 80a-17(d), and 80a-37(a); Section 270.17e-1 is also issued under 15 U.S.C. 80a-6(c), 80a-30(a), and 80a-37(a); Section 270.17f-5 also issued under sec. 6(c) (15 U.S.C. 80a-6(c); Section 270.17g-1 is also issued under 15 U.S.C. 80a-6(c), 80a-17(d), 80a-17(g), and 80a-37(a); Section 270.17j-1 is also issued under secs. 206(4) and 211(a), Investment Advisers Act (15 U.S.C. 80b-6(4) and 80b-11(a)); Section 270.19b-1 is also issued under secs. 6(c) (15 U.S.C. 80a-6(c)), 19 (a) and (b) (15 U.S.C 80a-19 (a) and (b)), and 38(a) (15 U.S.C. 80a-37(a)); Section 270.22c-1 also issued under secs. 6(c), 22(c), and 38(a) (15 U.S.C. 80a-6(c), 80a-22(c), and 80a-37(a)); Section 270.23c-3 also issued under 15 U.S.C. 80a-23(c). Section 270.24f-2 also issued under 15 U.S.C. 80a-24(f)(4). Section 270.30a-1 is also issued under 15 U.S.C. 78m, 78o(d), 80a-8, and 80a-29. Section 270.30a-2 is also issued under 15 U.S.C. 78m, 78o(d), 80a-8, 80a-29, 7202, and 7241; and 18 U.S.C. 1350, unless otherwise noted. Section 270.30a-3 is also issued under 15 U.S.C. 78m, 78o(d), 80a-8, and 80a-29, and secs. 3(a) and 302, Pub. L. 107-204, 116 Stat. 745. Section 270.30b1-1 is also issued under 15 U.S.C. 78m, 78o(d), 80a-8, and 80a-29. Section 270.30b2-1 is also issued under 15 U.S.C. 78m, 78o(d), 80a-8, and 80a-29, and secs. 3(a) and 302, Pub. L. 107-204, 116 Stat. 745. Section 270.30d-1 is also issued under 15 U.S.C. 78m, 78o(d), 80a-8, and 80a-29, and secs. 3(a) and 302, Pub. L. 107-204, 116 Stat. 745. Section 270.30e-1 is also issued under 15 U.S.C. 77f, 77g, 77h, 77j, 77s, 78 l, 78m, 78n, 78o(d), 78w(a), 80a-8, 80a-29, and 80a-37; Section 270.31a-2 is also issued under 15 U.S.C. 80a-30.
18:153	compilation-locator	usc	15:1949 -> (removed)	15 U.S.C. 717b, 717o; E.O. 10485, 3 CFR, 1949-1953 Comp., p. 970, as amended by E.O. 12038, 3 CFR, 1978 Comp., p. 136; DOE Delegation Order No. S1-DEL-FERC-2006 (May 16, 2006).
18:153	compilation-locator	usc	15:1978 -> (removed)	15 U.S.C. 717b, 717o; E.O. 10485, 3 CFR, 1949-1953 Comp., p. 970, as amended by E.O. 12038, 3 CFR, 1978 Comp., p. 136; DOE Delegation Order No. S1-DEL-FERC-2006 (May 16, 2006).
19:10	dotted-cfr-section	usc	19:10 -> (removed)	19 U.S.C. 66, 1202 (General Note 3(i), Harmonized Tariff Schedule of the United States (HTSUS)), 1321, 1481, 1484, 1498, 1508, 1623, 1624, 4513. Section 10.17 also issued under 19 U.S.C. 1401a, 1402; Sections 10.25 and 10.26 also issued under 19 U.S.C. 3592; Sections 10.41, 10.41a, 10.107 also issued under 19 U.S.C. 1322; Section 10.41b also issued under 19 U.S.C. 1202 (Chapter 98, Subchapter III, U.S. Note 3, HTSUS); Section 10.53 also issued under 16 U.S.C. 1521, et seq.; Section 10.59 also issued under 19 U.S.C. 1309, 1317; Sections 10.61, 10.62, 10.63, 10.64, 10.64a also issued under 19 U.S.C. 1309; Sections 10.62a, 10.65 also issued under 19 U.S.C. 1309, 1317, 1555, 1556, 1557, 1646a; § 10.62b also issued under 19 U.S.C. 1557; Sections 10.70, 10.71 also issued under 19 U.S.C. 1486; Sections 10.80, 10.81, 10.82, 10.83 also issued under 19 U.S.C. 1313 (e) and (i); Section 10.91 also issued under Pub. L. 106-476 (114 Stat. 2101), sections 1434, 1435; Section 10.121 also issued under 19 U.S.C. 2501. Sections 10.171 through 10.178a also issued under 19 U.S.C. 2461 et seq.; Section 10.183 also issued under 19 U.S.C. 1202 (General Note 6, HTSUS); Sections 10.191 through 10.199 also issued under 19 U.S.C. 2701 et seq.; Sections 10.201 through 10.207 also issued under 19 U.S.C. 3203; Sections 10.211 through 10.217 also issued under 19 U.S.C. 3721; Sections 10.221 through 10.228 and §§ 10.231 through 10.237 also issued under 19 U.S.C. 2701 et seq. Sections 10.241 through 10.248 and §§ 10.251 through 10.257 also issued under 19 U.S.C. 3203. Sections 10.401 through 10.490 also issued under Pub. L. 108-77, 117 Stat. 909 (19 U.S.C. 3805 note). Sections 10.501 through 10.570 also issued under 19 U.S.C. 1202 (General Note 25, HTSUS) and Pub. L. 108-78, 117 Stat. 948 (19 U.S.C. 3805 note). Sections 10.581 through 10.625 also issued under 19 U.S.C. 1202 (General Note 29, HTSUS), 19 U.S.C. 1520(d), and Pub. L. 109-53, 119 Stat. 462 (19 U.S.C. 4001 note). Section 10.699 also issued under Pub. L. 109-53, 119 Stat. 462. Sections 10.701 through 10.712 also issued under 19 U.S.C. 1202 (General Note 18, HTSUS) and Pub. L. 107-43, 115 Stat. 243 (19 U.S.C. 2112 note). Sections 10.721 through 10.748 also issued under 19 U.S.C. 1202 (General Note 28, HTSUS) and Pub. L. 108-286, 118 Stat. 919 (19 U.S.C. 3805 note). Sections 10.761 through 10.789 also issued under Pub. L. 108-302, 118 Stat. 1103 (19 U.S.C. 3805 note). Sections 10.801 through 10.829 also issued under 19 U.S.C. 1202 (General Note 30, HTSUS) and Pub. L. 109-169, 119 Stat. 3581 (19 U.S.C. 3805 note). Sections 10.841 through 10.850 also issued under 19 U.S.C. 2703A. Sections 10.861 through 10.890 also issued under 19 U.S.C. 1202 (General Note 31, HTSUS) and Pub. L. 109-283, 120 Stat. 1191 (19 U.S.C. 3805 note). Sections 10.901 through 10.934 also issued under 19 U.S.C. 1202 (General Note 32, HTSUS), 19 U.S.C. 1520(d), and Pub. L. 110-138, 121 Stat. 1455 (19 U.S.C. 3805 note). Sections 10.1001 through 10.1034 also issued under 19 U.S.C. 1202 (General Note 33, HTSUS), 19 U.S.C. 1520(d), and Pub. L. 112-41, 125 Stat. 428 (19 U.S.C. 3805 note). Sections 10.2001 through 10.2034 also issued under 19 U.S.C. 1202 (General Note 35, HTSUS), 19 U.S.C. 1520(d), and Pub. L. 112-43, 125 Stat. 497 (19 U.S.C. 3805 note). Sections 10.3001 through 10.3034 also issued under 19 U.S.C. 1202 (General Note 34, HTSUS), 19 U.S.C. 1520(d), and Pub. L. 112-42, 125 Stat. 462 (19 U.S.C. 3805 note).
19:101	dotted-cfr-section	usc	19:101 -> (removed)	5 U.S.C. 301; 6 U.S.C. 101, et. seq.; 19 U.S.C. 2, 66, 1202 (General Note 3(i), Harmonized Tariff Schedule of the United States), 1623, 1624, 1646a. Section 101.3 and 101.4 also issued under 19 U.S.C. 1 and 58b; Section 101.5 also issued under 19 U.S.C. 1629; Section 101.9 also issued under 19 U.S.C. 1411-1414.
19:12	dotted-cfr-section	usc	19:12 -> (removed)	5 U.S.C. 301; 19 U.S.C. 66, 1202 (General Note 3(i), Harmonized Tariff Schedule of the United States (HTSUS)), 1624. Section 12.1 also issued under 21 U.S.C. 371(b); Section 12.3 also issued under 7 U.S.C. 135h, 21 U.S.C. 381; Section 12.4 also issued under 21 U.S.C. 381(b); Section 12.6 also issued under 7 U.S.C. 1854; Section 12.10 also issued under 7 U.S.C. 151-162; Section 12.15 also issued under 19 U.S.C. 1558; Section 12.16 also issued under 7 U.S.C. 1592(b); Sections 12.21 through 12.23 also issued under 42 U.S.C. 262; Section 12.26 also issued under 18 U.S.C. 42; Section 12.28 also issued under 18 U.S.C. 42, 19 U.S.C. 1527; Section 12.34 also issued under 19 U.S.C. 1202 (additional U.S. Note to Chapter 36, HTSUS); Section 12.37 also issued under 27 U.S.C. 203; Section 12.39 also issued under 19 U.S.C. 1337, 1623; Sections 12.40 and 12.41 also issued under 19 U.S.C. 1305; Sections 12.42 through 12.44 also issued under 19 U.S.C. 1307, Pub. L. 105-61 (111 Stat. 1272), and Public L. 114-125 (130 Stat. 122); Sections 12.73 and 12.74 also issued under 19 U.S.C. 1484, 42 U.S.C. 7522, 7601; Section 12.50 also issued under 42 U.S.C. 6301; Section 12.85 also issued under 19 U.S.C. 1623, 46 U.S.C. 4302, 4306, 4310; Sections 12.95 through 12.103 also issued under 15 U.S.C. 1241-1245; Sections 12.104 through 12.104i also issued under 19 U.S.C. 2612; Section 12.104j also issued under Pub. L. 108-429, 118 Stat. 2600; 19 U.S.C. 2612; Section 12.104k also issued under Pub. L. 114-151, 130 Stat. 369; 19 U.S.C. 2612; Sections 12.105 through 12.109 also issued under 19 U.S.C. 2094; Sections 12.110 through 12.117 also issued under 7 U.S.C. 136 et seq.; Sections 12.118 through 12.127 also issued under 15 U.S.C. 2601 et seq.; Section 12.140 also issued under 19 U.S.C. 1484, 2416(a), 2171; Section 12.142 also issued under 19 U.S.C. 1484; section 3301 of Pub. L. 110-246. Section 12.150 also issued under 19 U.S.C. 1595a and 1618; 22 U.S.C. 401. Section 12.152 also issued under 19 U.S.C. 1484, 1498; the Clean Diamond Trade Act (Pub. L. 108-19, 117 Stat. 631 (19 U.S.C. 3901 et seq.)); Executive Order 13312 dated July 29, 2003.
19:123	dotted-cfr-section	usc	19:123 -> (removed)	19 U.S.C. 66, 1202 (General Note 3(i), Harmonized Tariff Schedule of the United States (HTSUS)), 1415, 1431, 1433, 1436, 1448, 1624, 2071 note. Section 123.1 also issued under 19 U.S.C. 1459; Section 123.2 also issued under 19 U.S.C. 1459; Section 123.3 also issued under 19 U.S.C. 1459; Section 123.4 also issued under 19 U.S.C. 1484, 1498; Section 123.7 also issued under 19 U.S.C. 1498; Section 123.8 also issued under 19 U.S.C. 1450-1454, 1459; Section 123.9 also issued under 19 U.S.C. 1460, 1584, 1618; Section 123.12 also issued under 19 U.S.C. 1202 (Chapter 86, Additional U.S. Note 1, HTSUS), 1322; Sections 123.13-123.18 also issued under 19 U.S.C. 1322; Sections 123.21-123.23, 123.25-123.29, 123.41, 123.51 also issued under 19 U.S.C. 1554; Section 123.24 also issued under 19 U.S.C. 1551; Sections 123.31-123.34, 123.42, 123.52, 123.64 also issued under 19 U.S.C. 1553; Section 123.63 also issued under 19 U.S.C. 1461, 1462; Section 123.81 also issued under 19 U.S.C. 1595.
19:125	dotted-cfr-section	usc	19:125 -> (removed)	19 U.S.C. 66, 1565, and 1624. Section 125.31, also issued under 5 U.S.C. 301; 19 U.S.C. 1311, 1312, 1484, 1555, 1556, 1557, 1623, and 1646a. Section 125.32 also issued under 5 U.S.C. 301; 19 U.S.C. 1484. Section 125.33 also issued under 19 U.S.C. 1311, 1312, 1555, 1556, 1557, 1623, and 1646a. Sections 125.41 and 125.42 also issued under 19 U.S.C. 1623.
19:127	dotted-cfr-section	usc	26:127 -> (removed)	19 U.S.C. 66, 1311, 1312, 1484, 1485, 1490, 1491, 1492, 1493, 1506, 1559, 1563, 1623, 1624, 1646a; 26 U.S.C. 5753. Section 127.12 also issued under 19 U.S.C. 1753; Section 127.14 also issued under 19 U.S.C. 1555, 1556, 1557; Section 127.21 also issued under 19 U.S.C. 1753; Section 127.28 also issued under 15 U.S.C. 2612, 26 U.S.C. 5688; Sections 127.31, 127.36, 127.37 also issued under 19 U.S.C. 1753.
19:132	dotted-cfr-section	usc	19:132 -> (removed)	19 U.S.C. 66, 1202 (General Note 3(i), Harmonized Tariff Schedule of the United States (HTSUS)), 1623, 1624. Sections 132.15, 132.17, and 132.18 also issued under 19 U.S.C. 1202 (additional U.S. Note 3 to Chapter 2, HTSUS; additional U.S. Note 8 to Chapter 17, HTSUS; and subchapter II of Chapter 99, HTSUS, respectively), 1484, 1508.
19:145	dotted-cfr-section	usc	19:145 -> (removed)	19 U.S.C. 66, 1202 (General Note 3(i)), Harmonized Tariff Schedule of the United States, 1624. Section 145.4 also issued under 18 U.S.C. 545, 19 U.S.C. 1618; Section 145.11 also issued under 19 U.S.C. 1481, 1485, 1498; Section 145.12 also issued under 19 U.S.C. 1315, 1484, 1498; Section 145.15 is also issued under 19 U.S.C. 1623; Sections 145.22 through 145.23 also issued under 19 U.S.C. 1501, 1514; Section 145.31 also issued under 19 U.S.C. 1321; Section 145.32 also issued under 19 U.S.C. 1321, 1498; Sections 145.35 through 145.38, 145.41, also issued under 19 U.S.C. 1498; Section 145.51 also issued under 19 U.S.C. 1305; Section 145.54 also issued under 19 U.S.C. 1618; Subpart G also issued under 19 U.S.C. 1415, 1436.
19:148	dotted-cfr-section	usc	19:148 -> (removed)	19 U.S.C. 66, 1496, 1498, 1624. The provisions of this part, except for subpart C, are also issued under 19 U.S.C. 1202 (General Note 3(i), Harmonized Tariff Schedule of the United States). Section 148.21 also issued under 19 U.S.C. 1461, 1462. Section 148.22 also issued under 19 U.S.C. 1629; Sections 148.43, 148.51, 148.63, 148.64, 148.74 also issued under 19 U.S.C. 1321; Section 148.55 also issued under 17 U.S.C. 602 and 19 U.S.C. 1526; Section 148.87 also issued under 22 U.S.C. 288.
19:159	dotted-cfr-section	usc	19:159 -> (removed)	19 U.S.C. 66, 1500, 1504, 1624. Subpart C also issued under 31 U.S.C. 5151. Subpart D also issued under 19 U.S.C. 1671 et seq. Subpart F also issued under 19 U.S.C. 1675c. Sections 159.4, 159.5, and 159.21 also issued under 19 U.S.C. 1315; Section 159.6 also issued under 19 U.S.C. 1321, 1505; Section 159.7 also issued under 19 U.S.C. 1557; Section 159.22 also issued under 19 U.S.C. 1507; Section 159.44 also issued under 15 U.S.C. 73, 74; Section 159.46 also issued under 19 U.S.C. 1304; Section 159.55 also issued under 19 U.S.C. 1558; Section 159.57 also issued under 19 U.S.C. 1516.
19:162	dotted-cfr-section	usc	21:162 -> (removed)	5 U.S.C. 301; 19 U.S.C. 66, 1592, 1593a, 1624, 6 U.S.C. 101, 8 U.S.C. 1324(b). Section 162.3 also issued under 19 U.S.C. 1581; Section 162.4 also issued under 39 U.S.C. 604, 605; Section 162.5 also issued under 19 U.S.C. 1581, 49 U.S.C. 1509; Section 162.6 also issued under 19 U.S.C. 1461, 1467, 1496; Section 162.7 also issued under 19 U.S.C. 482; Section 162.8 also issued under 9 U.S.C. 1629; Section 162.21 also issued under 19 U.S.C. 482, 1581, 1582, 1602; Section 162.22 also issued under 18 U.S.C. 546; 19 U.S.C. 1459, 1594, 1595a, 1701, 1703-1708; Section 162.23 also issued under 19 U.S.C. 1595a(c). Section 162.32 also issued under 19 U.S.C. 1603, 1610; Section 162.32 also issued under 19 U.S.C. 1603, 1610; Section 162.43 also issued under 19 U.S.C. 1606, 1608; Section 162.44 also issued under 19 U.S.C. 1614; Section 162.45 also issued under 19 U.S.C. 1607, 1608; Section 162.45a also issued under 21 U.S.C. 881; Section 162.46 also issued under 19 U.S.C. 1609, 1611; Section 162.47 also issued under 19 U.S.C. 1608; Section 162.48 also issued under 19 U.S.C. 1606, 1607, 1608, 1612, 1613b, 1618; Section 162.49 also issued under 26 U.S.C. 5688; Section 162.50 also issued under 19 U.S.C. 1611, 1705; Section 162.61 also issued under 21 U.S.C. 952, 953, 957; Section 162.62 also issued under 21 U.S.C. 952, 956; Sections 162.63, 162.64 also issued under 21 U.S.C. 881, 966; Section 162.65 also issued under 19 U.S.C. 1584, 21 U.S.C. 960, 961. Sections 162.65 and 162.72 also issued under 19 U.S.C. 1431(b) and 19 U.S.C. 1644. Sections 162.91 through 162.96 also issued under 18 U.S.C. 983.
19:190	dotted-cfr-section	usc	19:190 -> (removed)	5 U.S.C. 301; 19 U.S.C. 66, 1202 (General Note 3(i), Harmonized Tariff Schedule of the United States), 1313, 1624; §§ 190.2, 190.10, 190.15, 190.23, 190.38, 190.51 issued under 19 U.S.C. 1508; § 190.84 also issued under 19 U.S.C. 1514; §§ 190.111, 190.112 also issued under 19 U.S.C. 1309; §§ 190.151(a)(1), 190.153, 190.157, 190.159 also issued under 19 U.S.C. 1557; §§ 190.182-190.186 also issued under 19 U.S.C. 81c; §§ 190.191-190.195 also issued under 19 U.S.C. 1593a.
19:191	dotted-cfr-section	usc	19:191 -> (removed)	5 U.S.C. 301; 19 U.S.C. 66, 1202 (General Note 3(i), Harmonized Tariff Schedule of the United States), 1313, 1624; § 191.84 also issued under 19 U.S.C. 1514; §§ 191.111, 191.112 also issued under 19 U.S.C. 1309; §§ 191.151(a)(1), 191.153, 191.157, 191.159 also issued under 19 U.S.C. 1557; §§ 191.182-191.186 also issued under 19 U.S.C. 81c; §§ 191.191-191.195 also issued under 19 U.S.C. 1593a.
19:4	dotted-cfr-section	usc	8:4 -> (removed)	5 U.S.C. 301; 19 U.S.C. 66, 1415, 1431, 1433, 1434, 1624, 2071 note; 46 U.S.C. 501, 60105. Section 4.1 also issued under 19 U.S.C. 1581(a); 46 U.S.C. 60101; 46 U.S.C. 70105. Section 4.2 also issued under 19 U.S.C. 1441, 1486; Section 4.3 also issued under 19 U.S.C. 288, 1441; Section 4.3a also issued under 19 U.S.C. 1433, 1436; Section 4.5 also issued under 19 U.S.C. 1441; Section 4.7 also issued under 19 U.S.C. 1581(a); Section 4.7a also issued under 19 U.S.C. 1498, 1584; Section 4.7b also issued under 8 U.S.C. 1101, 1221; Sections 4.7c and 4.7d also issued under 6 U.S.C. 943. Section 4.8 also issued under 19 U.S.C. 1448, 1486; Section 4.9 also issued under 42 U.S.C. 269; Section 4.10 also issued under 19 U.S.C. 1448, 1451; Section 4.12 also issued under 19 U.S.C. 1584; Section 4.14 also issued under 19 U.S.C. 1466, 1498; 31 U.S.C. 9701. Section 4.20 also issued under 46 U.S.C. 2107(b), 8103, 14306, 14502, 14511-14513, 14701, 14702, 60301-60306, 60312; Section 4.21 also issued under 19 U.S.C. 1441; 46 U.S.C. 60301-60310, 60312; Section 4.22 also issued under 46 U.S.C. 60301, 60302, 60303, 60304, 60305, 60306, 60312, 60503; Section 4.24 also issued under 46 U.S.C. 2108; Section 4.30 also issued under 19 U.S.C. 288, 1446, 1448, 1450-1454, 1490; Section 4.31 also issued under 19 U.S.C. 1453, 1586; Section 4.32 also issued under 19 U.S.C. 1449; Section 4.35 also issued under 19 U.S.C. 1447; Section 4.36 also issued under 19 U.S.C. 1431, 1457, 1458; 46 U.S.C. 60107; Section 4.37 also issued under 19 U.S.C. 1448, 1457, 1490; Section 4.38 also issued under 19 U.S.C. 1448, 1505; Section 4.39 also issued under 19 U.S.C. 1446; Section 4.40 also issued under 19 U.S.C. 1446; Section 4.50 also issued under 19 U.S.C. 1431; 46 U.S.C. 3502; Section 4.51 also issued under 19 U.S.C. 1433; Section 4.52 also issued under 19 U.S.C. 1433; Section 4.61 also issued under 46 U.S.C. 12101, 12120, 12132, 55102, 55105-55108, 55110, 55115-55117, 55119; Section 4.64 also issued under 8 U.S.C. 1221; Section 4.65a also issued under 46 U.S.C. 5101-5102, 5106-5109, 5112-5114, 5116; Section 4.66 also issued under 46 U.S.C. 60105; Section 4.66a also issued under 33 U.S.C. 1321; 46 U.S.C. 60105; Section 4.66b also issued under 33 U.S.C. 407, 1321; Section 4.68 also issued under 46 U.S.C. 44101-44106; Section 4.69 also issued under 46 U.S.C. 10301, 10302, 10314, and 10315. Section 4.74 also issued under 46 U.S.C. 60105; Section 4.75 also issued under 46 U.S.C. 60105; Sections 4.80, 4.80a, and 4.80b also issued under 19 U.S.C. 1706a; 28 U.S.C. 2461 note; 46 U.S.C. 12112, 12117, 12118, 50501-55106, 55107, 55108, 55110, 55114, 55115, 55116, 55117, 55119, 56101, 55121, 56101, 57109; Pub. L. 108-7, Division B, Title II,§ 211; Section 4.81 also issued under 19 U.S.C. 1442, 1486; 46 U.S.C. 12101, 12120, 12132, 55102, 55105-55108, 55110, 55114-55117, 55119; Section 4.81a also issued under 46 U.S.C. 12101, 12120, 12132, 55102, 55105-55108, 55110, 55114-55117, 55119; Section 4.82 also issued under 19 U.S.C. 293, 294; 46 U.S.C. 60308; Section 4.83 also issued under 46 U.S.C. 60105, 60308; Section 4.84 also issued under 46 U.S.C. 12118; Section 4.85 also issued under 19 U.S.C. 1442, 1623; Section 4.86 also issued under 19 U.S.C. 1442; Section 4.88 also issued under 19 U.S.C. 1442, 1622, 1623; Section 4.92 also issued under 28 U.S.C. 2461 note; 46 U.S.C. 55111; Section 4.93 also issued under 19 U.S.C. 1322(a); 46 U.S.C. 12101, 12120, 12132, 55102, 55105-55108, 55110, 55114-55117, 55119; Section 4.94 also issued under 19 U.S.C. 1441; 46 U.S.C. 60504; Section 4.94a also issued under 19 U.S.C. 1484b; Section 4.96 also issued under 46 U.S.C. 12101(a)(1), 12108, 55114; Section 4.98 also issued under 31 U.S.C. 9701; Section 4.100 also issued under 19 U.S.C. 1706.
19:4	dotted-cfr-section	usc	46:4 -> (removed)	5 U.S.C. 301; 19 U.S.C. 66, 1415, 1431, 1433, 1434, 1624, 2071 note; 46 U.S.C. 501, 60105. Section 4.1 also issued under 19 U.S.C. 1581(a); 46 U.S.C. 60101; 46 U.S.C. 70105. Section 4.2 also issued under 19 U.S.C. 1441, 1486; Section 4.3 also issued under 19 U.S.C. 288, 1441; Section 4.3a also issued under 19 U.S.C. 1433, 1436; Section 4.5 also issued under 19 U.S.C. 1441; Section 4.7 also issued under 19 U.S.C. 1581(a); Section 4.7a also issued under 19 U.S.C. 1498, 1584; Section 4.7b also issued under 8 U.S.C. 1101, 1221; Sections 4.7c and 4.7d also issued under 6 U.S.C. 943. Section 4.8 also issued under 19 U.S.C. 1448, 1486; Section 4.9 also issued under 42 U.S.C. 269; Section 4.10 also issued under 19 U.S.C. 1448, 1451; Section 4.12 also issued under 19 U.S.C. 1584; Section 4.14 also issued under 19 U.S.C. 1466, 1498; 31 U.S.C. 9701. Section 4.20 also issued under 46 U.S.C. 2107(b), 8103, 14306, 14502, 14511-14513, 14701, 14702, 60301-60306, 60312; Section 4.21 also issued under 19 U.S.C. 1441; 46 U.S.C. 60301-60310, 60312; Section 4.22 also issued under 46 U.S.C. 60301, 60302, 60303, 60304, 60305, 60306, 60312, 60503; Section 4.24 also issued under 46 U.S.C. 2108; Section 4.30 also issued under 19 U.S.C. 288, 1446, 1448, 1450-1454, 1490; Section 4.31 also issued under 19 U.S.C. 1453, 1586; Section 4.32 also issued under 19 U.S.C. 1449; Section 4.35 also issued under 19 U.S.C. 1447; Section 4.36 also issued under 19 U.S.C. 1431, 1457, 1458; 46 U.S.C. 60107; Section 4.37 also issued under 19 U.S.C. 1448, 1457, 1490; Section 4.38 also issued under 19 U.S.C. 1448, 1505; Section 4.39 also issued under 19 U.S.C. 1446; Section 4.40 also issued under 19 U.S.C. 1446; Section 4.50 also issued under 19 U.S.C. 1431; 46 U.S.C. 3502; Section 4.51 also issued under 19 U.S.C. 1433; Section 4.52 also issued under 19 U.S.C. 1433; Section 4.61 also issued under 46 U.S.C. 12101, 12120, 12132, 55102, 55105-55108, 55110, 55115-55117, 55119; Section 4.64 also issued under 8 U.S.C. 1221; Section 4.65a also issued under 46 U.S.C. 5101-5102, 5106-5109, 5112-5114, 5116; Section 4.66 also issued under 46 U.S.C. 60105; Section 4.66a also issued under 33 U.S.C. 1321; 46 U.S.C. 60105; Section 4.66b also issued under 33 U.S.C. 407, 1321; Section 4.68 also issued under 46 U.S.C. 44101-44106; Section 4.69 also issued under 46 U.S.C. 10301, 10302, 10314, and 10315. Section 4.74 also issued under 46 U.S.C. 60105; Section 4.75 also issued under 46 U.S.C. 60105; Sections 4.80, 4.80a, and 4.80b also issued under 19 U.S.C. 1706a; 28 U.S.C. 2461 note; 46 U.S.C. 12112, 12117, 12118, 50501-55106, 55107, 55108, 55110, 55114, 55115, 55116, 55117, 55119, 56101, 55121, 56101, 57109; Pub. L. 108-7, Division B, Title II,§ 211; Section 4.81 also issued under 19 U.S.C. 1442, 1486; 46 U.S.C. 12101, 12120, 12132, 55102, 55105-55108, 55110, 55114-55117, 55119; Section 4.81a also issued under 46 U.S.C. 12101, 12120, 12132, 55102, 55105-55108, 55110, 55114-55117, 55119; Section 4.82 also issued under 19 U.S.C. 293, 294; 46 U.S.C. 60308; Section 4.83 also issued under 46 U.S.C. 60105, 60308; Section 4.84 also issued under 46 U.S.C. 12118; Section 4.85 also issued under 19 U.S.C. 1442, 1623; Section 4.86 also issued under 19 U.S.C. 1442; Section 4.88 also issued under 19 U.S.C. 1442, 1622, 1623; Section 4.92 also issued under 28 U.S.C. 2461 note; 46 U.S.C. 55111; Section 4.93 also issued under 19 U.S.C. 1322(a); 46 U.S.C. 12101, 12120, 12132, 55102, 55105-55108, 55110, 55114-55117, 55119; Section 4.94 also issued under 19 U.S.C. 1441; 46 U.S.C. 60504; Section 4.94a also issued under 19 U.S.C. 1484b; Section 4.96 also issued under 46 U.S.C. 12101(a)(1), 12108, 55114; Section 4.98 also issued under 31 U.S.C. 9701; Section 4.100 also issued under 19 U.S.C. 1706.
20:1	compilation-locator	usc	5:1949 -> (removed)	5 U.S.C. 301, 8145 and 8149 (Reorganization Plan No. 6 of 1950, 15 FR 3174, 3 CFR, 1949-1953 Comp., p. 1004, 64 Stat. 1263); 42 U.S.C. 7384d and 7385s-10; E.O. 13179, 65 FR 77487, 3 CFR, 2000 Comp., p. 321; Secretary of Labor's Order No. 13-71, 36 FR 8155; Employment Standards Order No. 2-74, 39 FR 34722; Secretary of Labor's Order No. 10-2009, 74 FR 218.
20:1	compilation-locator	usc	42:2000 -> (removed)	5 U.S.C. 301, 8145 and 8149 (Reorganization Plan No. 6 of 1950, 15 FR 3174, 3 CFR, 1949-1953 Comp., p. 1004, 64 Stat. 1263); 42 U.S.C. 7384d and 7385s-10; E.O. 13179, 65 FR 77487, 3 CFR, 2000 Comp., p. 321; Secretary of Labor's Order No. 13-71, 36 FR 8155; Employment Standards Order No. 2-74, 39 FR 34722; Secretary of Labor's Order No. 10-2009, 74 FR 218.
20:30	compilation-locator	usc	42:2000 -> (removed)	5 U.S.C. 301; 31 U.S.C. 3716 and 3717; 42 U.S.C. 7384d, 7384t, 7384u and 7385s-10; Executive Order 13179, 65 FR 77487, 3 CFR, 2000 Comp., p. 321; Secretary of Labor's Order No. 10-2009, 74 FR 58834.
20:402	compilation-locator	usc	31:1987 -> (removed)	42 U.S.C. 405, 902(a)(5), and 1306); 5 U.S.C. 552 and 552a; 18 U.S.C. 1905; 26 U.S.C. 6103; 31 U.S.C. 9701; E.O. 12600, 52 FR 23781, 3 CFR, 1987 Comp., p. 235.
20:701	compilation-locator	usc	43:1949 -> (removed)	5 U.S.C. 301, 8171 et seq.; 33 U.S.C. 939; 36 D.C. Code 501 et seq.; 42 U.S.C. 1651 et seq.; 43 U.S.C. 1333; Reorganization Plan No. 6 of 1950, 15 FR 3174, 3 CFR, 1949-1953 Comp., p. 1004, 64 Stat. 1263; Secretary's Order 10-2009, 74 FR 58834.
21:25	compilation-locator	usc	42:1971 -> (removed)	21 U.S.C. 321-393; 42 U.S.C. 262, 263b-264; 42 U.S.C. 4321, 4332; 40 CFR parts 1500-1508; E.O. 11514, 35 FR 4247, 3 CFR, 1971 Comp., p. 531-533 as amended by E.O. 11991, 42 FR 26967, 3 CFR, 1978 Comp., p. 123-124 and E.O. 12114, 44 FR 1957, 3 CFR, 1980 Comp., p. 356-360.
21:25	compilation-locator	usc	42:1978 -> (removed)	21 U.S.C. 321-393; 42 U.S.C. 262, 263b-264; 42 U.S.C. 4321, 4332; 40 CFR parts 1500-1508; E.O. 11514, 35 FR 4247, 3 CFR, 1971 Comp., p. 531-533 as amended by E.O. 11991, 42 FR 26967, 3 CFR, 1978 Comp., p. 123-124 and E.O. 12114, 44 FR 1957, 3 CFR, 1980 Comp., p. 356-360.
21:25	compilation-locator	usc	42:1980 -> (removed)	21 U.S.C. 321-393; 42 U.S.C. 262, 263b-264; 42 U.S.C. 4321, 4332; 40 CFR parts 1500-1508; E.O. 11514, 35 FR 4247, 3 CFR, 1971 Comp., p. 531-533 as amended by E.O. 11991, 42 FR 26967, 3 CFR, 1978 Comp., p. 123-124 and E.O. 12114, 44 FR 1957, 3 CFR, 1980 Comp., p. 356-360.
22:1006	compilation-locator	usc	31:1986 -> (removed)	Sec. 2455, Pub. L. 103-355, 108 Stat. 3327 (31 U.S.C. 6101 note); E.O. 12549, 3 CFR, 1986 Comp., p. 189; E.O. 12689, 3 CFR, 1989 Comp., p. 235.
22:1006	compilation-locator	usc	31:1989 -> (removed)	Sec. 2455, Pub. L. 103-355, 108 Stat. 3327 (31 U.S.C. 6101 note); E.O. 12549, 3 CFR, 1986 Comp., p. 189; E.O. 12689, 3 CFR, 1989 Comp., p. 235.
22:1007	compilation-locator	usc	5:1978 -> (removed)	5 U.S.C. 5514, E.O. 12107, 3 CFR, 1978 Comp., p. 264; 5 CFR part 550, subpart K, and 22 U.S.C. 290f(e)(11).
22:120	compilation-locator	usc	22:2013 -> (removed)	22 U.S.C. 2651a, 2752, 2753, 2776, 2778, 2779, 2779a, 2785, 2794, 2797; E.O. 13637, 78 FR 16129, 3 CFR, 2013 Comp., p. 223.
22:121	compilation-locator	usc	22:2013 -> (removed)	22 U.S.C. 2752, 2778, 2797; 22 U.S.C. 2651a; Sec. 1514, Pub. L. 105-261, 112 Stat. 2175; E.O. 13637, 78 FR 16129, 3 CFR, 2013 Comp., p. 223.
22:126	compilation-locator	usc	22:2013 -> (removed)	22 U.S.C. 287c, 2651a, 2752, 2753, 2776, 2778, 2779, 2779a, 2780, 2791, 2797, 10423; sec. 1225, Pub. L. 108-375, 118 Stat. 2091; sec. 7045, Pub. L. 112-74, 125 Stat. 1232; sec. 1250A, Pub. L 116-92, 133 Stat. 1665; sec. 205, Pub. L. 116-94, 133 Stat. 3052; and E.O. 13637, 78 FR 16129, 3 CFR, 2013 Comp., p. 223.
22:141	compilation-locator	usc	42:1980 -> (removed)	42 U.S.C. 2000d, 2000d-7; E.O. 12250, 45 FR 72995, 3 CFR, 1980 Comp., p. 298; E.O. 14281, 90 FR 17537.
22:150	cross-family-volume	usc	22:23 -> (removed)	22 U.S.C. 2651a, 2656; 22 U.S.C. 254c; Vienna Convention on Diplomatic Relations, Done at Vienna April 18, 1961, 23 U.S.T. 3227; Vienna Convention on Consular Relations, Done at Vienna April 24, 1963, 21 U.S.T. 77; Convention on the Privileges and Immunities of the United Nations, 21 U.S.T. 1418.
22:150	cross-family-volume	usc	22:21 -> (removed)	22 U.S.C. 2651a, 2656; 22 U.S.C. 254c; Vienna Convention on Diplomatic Relations, Done at Vienna April 18, 1961, 23 U.S.T. 3227; Vienna Convention on Consular Relations, Done at Vienna April 24, 1963, 21 U.S.T. 77; Convention on the Privileges and Immunities of the United Nations, 21 U.S.T. 1418.
22:161	compilation-locator	usc	42:1966 -> (removed)	National Environmental Policy Act (NEPA), as amended, 42 U.S.C. 4321 et seq.; E.O. 11514, 34 FR 4247, as amended by E.O. 11991, 42 FR 26927; 22 U.S.C. 2658, as amended. 22 U.S.C. 2651a and 2656; 42 U.S.C. 4321 et seq.; E.O. 11514, 34 FR 4247, 3 CFR, 1966-1970, Comp., p. 902, as amended by E.O. 11991, 42 FR 26927, 3 CFR, 1977 Comp., p. 123; E.O. 13867, 84 FR 15491.
22:161	compilation-locator	usc	42:1977 -> (removed)	National Environmental Policy Act (NEPA), as amended, 42 U.S.C. 4321 et seq.; E.O. 11514, 34 FR 4247, as amended by E.O. 11991, 42 FR 26927; 22 U.S.C. 2658, as amended. 22 U.S.C. 2651a and 2656; 42 U.S.C. 4321 et seq.; E.O. 11514, 34 FR 4247, 3 CFR, 1966-1970, Comp., p. 902, as amended by E.O. 11991, 42 FR 26927, 3 CFR, 1977 Comp., p. 123; E.O. 13867, 84 FR 15491.
22:22	compilation-locator	usc	31:1954 -> (removed)	8 U.S.C. 1101 note, 1153 note, 1157 note, 1183 note, 1184(c)(12), 1201(c), 1351, 1351 note, 1713, 1714, 1714 note; 10 U.S.C. 2602(c); 22 U.S.C. 214, 214 note, 1475e, 2504(h), 2651a, 4206, 4215, 4219, 6551; 31 U.S.C. 9701; E.O. 10718, 22 FR 4632, 3 CFR, 1954-1958 Comp., p. 382; E.O. 11295, 31 FR 10603, 3 CFR, 1966-1970 Comp., p. 570.
22:22	compilation-locator	usc	31:1966 -> (removed)	8 U.S.C. 1101 note, 1153 note, 1157 note, 1183 note, 1184(c)(12), 1201(c), 1351, 1351 note, 1713, 1714, 1714 note; 10 U.S.C. 2602(c); 22 U.S.C. 214, 214 note, 1475e, 2504(h), 2651a, 4206, 4215, 4219, 6551; 31 U.S.C. 9701; E.O. 10718, 22 FR 4632, 3 CFR, 1954-1958 Comp., p. 382; E.O. 11295, 31 FR 10603, 3 CFR, 1966-1970 Comp., p. 570.
22:305	compilation-locator	usc	29:1979 -> (removed)	22 U.S.C. 2503, 2504 2521; 29 U.S.C. 794; E.O. 12137, 44 FR 29023, 3 CFR, 1979 Comp., p. 389; E.O. 13160, 65 FR 39775, 3 CFR, 2000 Comp., p. 1461.
22:305	compilation-locator	usc	29:2000 -> (removed)	22 U.S.C. 2503, 2504 2521; 29 U.S.C. 794; E.O. 12137, 44 FR 29023, 3 CFR, 1979 Comp., p. 389; E.O. 13160, 65 FR 39775, 3 CFR, 2000 Comp., p. 1461.
22:42	cross-family-volume	usc	8:1870 -> (removed)	8 U.S.C. 1104 and 1182; Pub. L. 105-277, 112 Stat. 2681; Pub. L. 108-449, 118 Stat. 3469; The Convention on Protection of Children and Co-operation in Respect of Intercountry Adoption (done at the Hague, May 29, 1993), S. Treaty Doc. 105-51 (1998), 1870 U.N.T.S. 167 (Reg. No. 31922 (1993)); 42 U.S.C. 14901-14954 (Pub. L. 106-279, 114 Stat. 825); 8 U.S.C. 1101 (Pub L. 117-31, 135 Stat. 309); 8 U.S.C. 1154 (Pub. L. 109-162, 119 Stat. 2960); 8 U.S.C. 1201 (Pub. L. 114-70, 129 Stat. 561).
22:51	compilation-locator	usc	42:1966 -> (removed)	8 U.S.C. 1104; 8 U.S.C. 1185; 8 U.S.C. 1185n (text of Pub. L. 108-458, 118 Stat. 3638, 3823 (Dec. 17, 2004)); 8 U.S.C. 1504; 8 U.S.C. 1714; 22 U.S.C. 211a, 212, 212a, 212b, 213, 213n (Pub. L. 106-113 Div. B, Sec. 1000(a)(7) [Div. A, Title II, Sec. 236], 113 Stat. 1536, 1501A-430); 214, 214a, 217a, 218, 2651a, 2671(d)(3), 2705, 2714, 2714a, 2721, and 3926; 26 U.S.C. 6039E; 26 CFR 301.6039E-1; 31 U.S.C. 9701; 34 U.S.C. 21501-21510; 42 U.S.C. 652(k) ; E.O. 11295, Aug. 5, 1966, 31 FR 10603, 3 CFR, 1966-1970 Comp., p. 570; Pub. L. 114-119, 130 Stat. 15.
22:513	compilation-locator	usc	31:1986 -> (removed)	40 U.S.C. 486 (c); 41 U.S.C. 701 et seq.; Sec. 2455, Pub. L. 103-355, 108 Stat. 3327 (31 U.S.C. 6101 note); E. O. 12549, 3 CFR, 1986 Comp., p. 189; E.O. 12689, 3 CFR, 1989 comp., p. 235.
22:513	compilation-locator	usc	31:1989 -> (removed)	40 U.S.C. 486 (c); 41 U.S.C. 701 et seq.; Sec. 2455, Pub. L. 103-355, 108 Stat. 3327 (31 U.S.C. 6101 note); E. O. 12549, 3 CFR, 1986 Comp., p. 189; E.O. 12689, 3 CFR, 1989 comp., p. 235.
22:62	compilation-locator	usc	22:1977 -> (removed)	8 U.S.C. 1101(a)(15)(J), 1182, 1184, 1258; 22 U.S.C. 1431 et seq.; 22 U.S.C. 2451 et seq.; 22 U.S.C. 2651a; 22 U.S.C. 6531-6553; Reorganization Plan No. 2 of 1977, 42 FR 62461, 3 CFR, 1977 Comp. p. 200; E.O. 12048, 43 FR 13361, 3 CFR, 1978 Comp., p. 168; 8 U.S.C. 1372; section 416 of Pub. L. 107-56, 115 Stat. 354 (8 U.S.C. 1372 note); and 8 U.S.C. 1761-1762.
22:62	compilation-locator	usc	22:1978 -> (removed)	8 U.S.C. 1101(a)(15)(J), 1182, 1184, 1258; 22 U.S.C. 1431 et seq.; 22 U.S.C. 2451 et seq.; 22 U.S.C. 2651a; 22 U.S.C. 6531-6553; Reorganization Plan No. 2 of 1977, 42 FR 62461, 3 CFR, 1977 Comp. p. 200; E.O. 12048, 43 FR 13361, 3 CFR, 1978 Comp., p. 168; 8 U.S.C. 1372; section 416 of Pub. L. 107-56, 115 Stat. 354 (8 U.S.C. 1372 note); and 8 U.S.C. 1761-1762.
22:65	compilation-locator	usc	20:1943 -> (removed)	52 Stat. 1034, as amended; 20 U.S.C. 221, E.O. 7964, 3 FR 2105; 3 CFR, 1943-1958, Comp.; Reorganization Plan No. 2 of 1977.
23:1208	dotted-cfr-section	usc	23:1 -> (removed)	23 U.S.C. 158; delegation of authority at 49 CFR 1.48 and 1.50.
23:1210	dotted-cfr-section	usc	23:1 -> (removed)	23 U.S.C. 161; delegation of authority at 49 CFR 1.48 and 1.50.
23:1215	dotted-cfr-section	usc	23:1 -> (removed)	23 U.S.C. 153; Secs. 205(e) and 355, Pub. L. 104-59; delegations of authority at 49 CFR 1.48 and 1.50.
23:1225	dotted-cfr-section	usc	23:1 -> (removed)	23 U.S.C. 163; sec. 351, Pub. L. 106-346-Appendix, 114 Stat. 1356A-34, 35; delegation of authority at 49 CFR 1.48 and 1.50.
23:1235	dotted-cfr-section	usc	23:1204 -> (removed)	Pub. L. 100-641, 102 Stat. 3335 (1988); 23 U.S.C. 101(a), 104, 105, 109(d), 114(a), 135, 217, 307, 315, and 402(a); 23 CFR 1.32 and 1204.4; and 49 CFR 1.48(b).
23:1240	dotted-cfr-section	usc	23:1 -> (removed)	23 U.S.C. 157; delegations of authority at 49 CFR 1.48 and 1.50.
23:1270	dotted-cfr-section	usc	23:1 -> (removed)	23 U.S.C. 154; delegation of authority at 49 CFR 1.85 and 1.95.
23:1275	dotted-cfr-section	usc	23:1 -> (removed)	23 U.S.C. 164; delegation of authority at 49 CFR 1.85 and 1.95.
23:450	dotted-cfr-section	usc	49:1 -> (removed)	23 U.S.C. 134 and 135; 42 U.S.C. 7410 et seq .; 49 U.S.C. 5303 and 5304; 49 CFR 1.85 and 1.90.
23:630	dotted-cfr-section	usc	23:1 -> (removed)	23 U.S.C. 106, 109, 112, 115, 315, and 402(a); sec. 1110, 1501, and 1503, Pub. L. 109-59, 119 Stat. 1144; Pub. L. 105-178, 112 Stat. 193; Pub. L. 104-59, 109 Stat. 582; Pub. L. 97-424, 96 Stat. 2106; Pub. L. 90-495, 82 Stat. 828; Pub. L. 85-767, 72 Stat. 896; Pub. L. 84-627, 70 Stat. 380; sections 1303 and 1405, Pub. L. 112-141, 126 Stat. 405; and 23 CFR 1.32 and 49 CFR 1.81 and 1.85.
23:645	dotted-cfr-section	usc	47:1 -> (removed)	23 U.S.C. 101, 109, 111, 116, 123, and 315; 47 U.S.C. 1504; 23 CFR 1.23 and 1.27; 49 CFR 1.48(b); and E.O. 11990, 42 FR 26961 (May 24, 1977).
23:661	dotted-cfr-section	usc	23:1 -> (removed)	23 U.S.C. 120(j) and (k), 202, and 315; 49 CFR 1.81, 1.84, 1.85; 23 CFR part 490, subpart D.
23:771	dotted-cfr-section	usc	49:1 -> (removed)	42 U.S.C. 4321 et seq.; 23 U.S.C. 106, 109, 128, 138, 139, 203(e), 315, 326, and 327; 49 U.S.C. 303 and 24201; 49 U.S.C. 5323(c) and 5323(q); 49 CFR 1.81, 1.85, 1.89, and 1.91; Pub. L. 109-59, 119 Stat. 1144, Sections 6002 and 6010; Pub. L. 112-141, 126 Stat. 405, Sections 1315, 1316, 1317, 1318, and 1319; and Pub. L. 114-94, 129 Stat. 1312, Sections 1304 and 1432.
23:774	dotted-cfr-section	usc	49:1 -> (removed)	23 U.S.C. 103(c), 109(h), 138, 325, 326, 327 and 204(h)(2); 49 U.S.C. 303; Section 6009 of the Safe, Accountable, Flexible, Efficient Transportation Equity Act: A Legacy for Users (Pub. L. 109-59, Aug. 10, 2005, 119 Stat. 1144); 49 CFR 1.81 and 1.91; and, Pub. L. 114-94, 129 Stat. 1312, Sections 1303 and 11502.
23:810	dotted-cfr-section	usc	23:1 -> (removed)	23 U.S.C. 137, 142, 149 and 315; sec. 4 of Pub. L. 97-134, 95 Stat. 1699; secs. 118, 120, and 163 of Pub. L. 97-424, 96 Stat. 2097; 49 CFR 1.48(b) and 1.51(f).
24:107	compilation-locator	usc	42:1958 -> (removed)	42 U.S.C. 3535(d); E.O. 11063, 27 FR 11527, 3 CFR, 1958-1963 Comp., p. 652; E.O. 12892, 59 FR 2939, 3 CFR, 1994 Comp., p. 849.
24:107	compilation-locator	usc	42:1994 -> (removed)	42 U.S.C. 3535(d); E.O. 11063, 27 FR 11527, 3 CFR, 1958-1963 Comp., p. 652; E.O. 12892, 59 FR 2939, 3 CFR, 1994 Comp., p. 849.
24:108	compilation-locator	usc	42:1958 -> (removed)	42 U.S.C. 3608, 3535(d); E.O. 11063, 27 FR 11527, 3 CFR, 1958-1963 Comp., p. 652; E.O. 12892, 59 FR 2939, 3 CFR, 1994 Comp., p. 849.
24:108	compilation-locator	usc	42:1994 -> (removed)	42 U.S.C. 3608, 3535(d); E.O. 11063, 27 FR 11527, 3 CFR, 1958-1963 Comp., p. 652; E.O. 12892, 59 FR 2939, 3 CFR, 1994 Comp., p. 849.
24:5	compilation-locator	usc	34:2002 -> (removed)	12 U.S.C. 1701x; 42 U.S.C. 1437a, 1437c, 1437f, 1437n, 3535(d); 42 U.S.C. 2000bb et seq.; 34 U.S.C. 12471 et seq.; Sec. 327, Pub. L. 109-115, 119 Stat. 2396; E.O. 13279, 67 FR 77141, 3 CFR, 2002 Comp., p. 258; E.O. 13559, 75 FR 71319, 3 CFR, 2010 Comp., p. 273; E.O. 14015, 86 FR 10007, 3 CFR, 2021 Comp., p. 517.
24:5	compilation-locator	usc	34:2010 -> (removed)	12 U.S.C. 1701x; 42 U.S.C. 1437a, 1437c, 1437f, 1437n, 3535(d); 42 U.S.C. 2000bb et seq.; 34 U.S.C. 12471 et seq.; Sec. 327, Pub. L. 109-115, 119 Stat. 2396; E.O. 13279, 67 FR 77141, 3 CFR, 2002 Comp., p. 258; E.O. 13559, 75 FR 71319, 3 CFR, 2010 Comp., p. 273; E.O. 14015, 86 FR 10007, 3 CFR, 2021 Comp., p. 517.
24:5	compilation-locator	usc	34:2021 -> (removed)	12 U.S.C. 1701x; 42 U.S.C. 1437a, 1437c, 1437f, 1437n, 3535(d); 42 U.S.C. 2000bb et seq.; 34 U.S.C. 12471 et seq.; Sec. 327, Pub. L. 109-115, 119 Stat. 2396; E.O. 13279, 67 FR 77141, 3 CFR, 2002 Comp., p. 258; E.O. 13559, 75 FR 71319, 3 CFR, 2010 Comp., p. 273; E.O. 14015, 86 FR 10007, 3 CFR, 2021 Comp., p. 517.
24:55	compilation-locator	usc	42:1977 -> (removed)	42 U.S.C. 3535(d), 4001-4128, and 5154a; 42 U.S.C. 4321 et seq.; E.O. 13690, 80 FR 6425; Pub. L. 93-234, 87 Stat. 975; E.O. 11988, 42 FR 26951, 3 CFR, 1977 Comp., p. 117; E.O. 11990, 42 FR 26961, 3 CFR, 1977 Comp., p 121.
24:58	compilation-locator	usc	42:1977 -> (removed)	12 U.S.C. 1707 note, 1715z-13a(k); 25 U.S.C. 4115 and 4226; 42 U.S.C. 1437x, 3535(d), 3547, 4321-4336e, 4852, 5304(g), 12838, and 12905(h); title II of Pub. L. 105-276; E.O. 11514 as amended by E.O. 11991, 3 CFR, 1977 Comp., p. 123.
25:573	compilation-locator	usc	25:2000 -> (removed)	25 U.S.C. 2706(b)(10); 25 U.S.C. 2713; E.O. 13175, 65 FR 67249, 3 CFR, 2000 Comp.,p.304.
26:145	dotted-cfr-section	usc	26:145 -> (removed)	26 U.S.C. 7805. Sections 145.4051-1 and 145.4052-1 also issued under 26 U.S.C. 4051 and 4052.
26:301	dotted-cfr-section	usc	26:301 -> (removed)	26 U.S.C. 7805. Section 301.1474-1 also issued under 26 U.S.C. 1474(f). Section 301.6011-2 also issued under 26 U.S.C. 6011(e). Section 301.6011-3 also issued under 26 U.S.C. 6011. Section 301.6011-5 also issued under 26 U.S.C. 6011. Section 301.6011-6 also issued under 26 U.S.C. 6011(a). Section 301.6011-7 also issued under 26 U.S.C. 6011(e). Section 301.6011-10 also issued under 26 U.S.C. 6011. Section 301.6011-11 also issued under 26 U.S.C. 6011. Section 301.6011-12 also issued under 26 U.S.C. 6011. Section 301.6011-13 also issued under 26 U.S.C. 6011. Section 301.6011-14 also issued under 26 U.S.C. 6011. Section 301.6011-15 also issued under 26 U.S.C. 6011. Section 301.6012-2 also issued under 26 U.S.C. 6012. Section 301.6033-4 also issued under 26 U.S.C. 6033. Section 301.6036-1 also issued under 26 U.S.C. 6036. Section 301.6037-2 also issued under 26 U.S.C. 6037. Section 301.6039E-1 also issued under 26 U.S.C. 6039E. Section 301.6050M-1 also issued under 26 U.S.C. 6050M. Section 301.6057-3 also issued under 26 U.S.C. 6011 and 6057. Section 301.6058-2 also issued under 26 U.S.C. 6011 and 6058. Section 301.6059-2 also issued under 26 U.S.C. 6011 and 6059. Section 301.6061-1 also issued under 26 U.S.C. 6061. Section 301.6081-2 also issued under 26 U.S.C. 6081(a). Section 301.6103(c)-1 also issued under 26 U.S.C. 6103(c). Section 301.6103(h)(4)-1 also issued under 26 U.S.C. 6103(h)(4) and 26 U.S.C. 6103(q). Section 301.6103(j)(1)-1 also issued under 26 U.S.C. 6103(j)(1) and 6103(q). Section 301.6103(j)(5)-1 also issued under 26 U.S.C. 6103(j)(5). Section 301.6103(k)(6)-1 also issued under 26 U.S.C. 6103(k)(6); Section 301.6103(k)(6)-1T also issued under 26 U.S.C. 6103(k)(6); Section 301.6103(k)(9)-1 also issued under 26 U.S.C. 6103(k)(9) and 26 U.S.C. 6103(q). Section 301.6103(l)-1 also issued under 26 U.S.C. 6103(q). Section 301.6103(l)(14)-1 also issued under 26 U.S.C. 6103(l)(14). Section 301.6103(l)(21)-(1) also issued under 26 U.S.C. 6103(l)(21) and 6103(q). Section 301.6103(m)-1 also issued under 26 U.S.C. 6103(q). Section 301.6103(n)-1 also issued under 26 U.S.C. 6103(n). Section 301.6103(n)-2 also issued under 26 U.S.C. 6103(n). Section 301.6103(n)-2 also issued under 26 U.S.C. 6103(q). Section 301.6103(p)(2)(B)-1 also issued under 26 U.S.C. 6103(p)(2). Section 301.6103(p)(2)(B)-1T also issued under 26 U.S.C. 6103(p)(2). Sections 301.6103(p)(4)-1 and 301.6103(p)(7)-1T also issued under 26 U.S.C. 6103(p)(4) and (7) and (q), Section 301.6104(a)-6(d) is also issued under 5 U.S.C. 552. Section 301.6104(b)-1(d)(4) is also issued under 5 U.S.C. 552. Section 301.6104(c)-1 also issued under 26 U.S.C. 6104(c). Section 301.6104(d)-1(d)(3)(i) is also issued under 5 U.S.C. 552. Section 301.6104(d)-2 also issued under 26 U.S.C. 6104(d)(3). Section 301.6104(d)-3 also issued under 26 U.S.C. 6104(d)(3). Section 301.6104(d)-4 also issued under 26 U.S.C. 6104(e)(3). Section 301.6104(d)-5 also issued under 26 U.S.C. 6104(e)(3). Section 301.6109-1 also issued under 26 U.S.C. 6109 (a), (c), and (d). Section 301.6109-3 also issued under 26 U.S.C. 6109. Section 301.6111-1T also issued under 26 U.S.C. 6111. Section 301.6111-2T also issued under 26 U.S.C. 6111(f)(4). Section 301.6111-3 also issued under 26 U.S.C. 6111. Section 301.6111-3T also issued under 26 U.S.C. 6111. Section 301.6112-1T also issued under 26 U.S.C. 6112. Section 301.6114-1 also issued under 26 U.S.C. 6114. Section 301.6213-2 also issued under 26 U.S.C. 6213. Section 301.6221(a)-1 also issued under 26 U.S.C. 6221. Section 301.6221(b)-1 also issued under sections 6221 and 6241. Section 301.6222-1 also issued under 26 U.S.C. 6222 and 6223. Section 301.6222(a)-1T also issued under 26 U.S.C. 6230(k). Section 301.6222(a)-2T also issued under 26 U.S.C. 6230(k). Section 301.6222(b)-1T also issued under 26 U.S.C. 6230(k). Section 301.6222(b)-2T also issued under 26 U.S.C. 6230(k). Section 301.6222(b)-3T also issued under 26 U.S.C. 6230 (i) and (k). Section 301.6223(a)-1T also issued under 26 U.S.C. 6230(k). Section 301.6223(a)-2T also issued under 26 U.S.C. 6230(k). Section 301.6223(b)-1T also issued under 26 U.S.C. 6230 (i) and (k). Section 301.6223(b)-2T also issued under 26 U.S.C. 6230(k). Section 301.6223(c)-1T also issued under 26 U.S.C. 6223(c) and 6230 (i) and (k). Section 301.6223(e)-1T also issued under 26 U.S.C. 6230(k). Section 301.6223(e)-2T also issued under 26 U.S.C. 6230 (i) and (k). Section 301.6223(f)-1T also issued under 26 U.S.C. 6230(k). Section 301.6223(g)-1T also issued under 26 U.S.C. 6223(g) and 6230 (i) and (k). Section 301.6223(h)-1T also issued under 26 U.S.C. 6230 (i) and (k). Section 301.6224(a)-1T also issued under 26 U.S.C. 6230(k). Section 301.6224(b)-1T also issued under 26 U.S.C. 6230 (i) and (k). Section 301.6224(c)-1T also issued under 26 U.S.C. 6230 (i) and (k). Section 301.6224(c)-2T also issued under 26 U.S.C. 6230(k). Section 301.6224(c)-3T also issued under 26 U.S.C. 6230 (i) and (k). Section 301.6225-1 also issued under 26 U.S.C. 6225. Section 301.6225-2 also issued under 26 U.S.C. 6223 and 6225. Section 301.6225-3 also issued under 26 U.S.C. 6225. Section 301.6226-1 also issued under 26 U.S.C. 6223 and 6226. Section 301.6226-2 also issued under 26 U.S.C. 6226. Section 301.6226-3 also issued under 26 U.S.C. 6226. Section 301.6226(a)-1T also issued under 26 U.S.C. 6230(k). Section 301.6226(b)-1T also issued under 26 U.S.C. 6230(k). Section 301.6226(e)-1T also issued under 26 U.S.C. 6230(k). Section 301.6226(f)-1T also issued under 26 U.S.C. C. 6230(k). Section 301.6227-1 also issued under 26 U.S.C. 6223 and 6227. Section 301.6227-2 also issued under 26 U.S.C. 6227. Section 301.6227-3 also issued under 26 U.S.C. 6227. Section 301.6229(c)(2)-1 is also issued under 26 U.S.C. 6230(k). Section 301.6229(c)(2)-1T also issued under 26 U.S.C. § 6230(k). Section 301.6231-1 also issued under 26 U.S.C. 6231. Section 301.6231(a)(6)-1T also issued under 26 U.S.C. 6230(k). Section 301.6231(a)(7)-1 also issued under 26 U.S.C. 6230 (i) and (k). Section 301.6231(a)(7)-2 also issued under 26 U.S.C. 6230 (i) and (k). Section 301.6231(a)(12)-1T also issued under 26 U.S.C. 6230(k) and 6231(a)(12). Section 301.6231(c)-1 also issued under 26 U.S.C. 6231(c)(1) and (3). Section 301.6231(c)-2 also issued under 26 U.S.C. 6231(c)(1) and (3). Section 301.6231(c)-3T also issued under 26 U.S.C. 6230(k) and 6231(c). Section 301.6231(c)-4T also issued under 26 U.S.C. 6230(k) and 6231(c). Section 301.6231(c)-5T also issued under 26 U.S.C. 6230(k) and 6231(c). Section 301.6231(c)-6T also issued under 26 U.S.C. 6230(k) and 6231(c). Section 301.6231(c)-7T also issued under 26 U.S.C. 6230(k) and 6231(c). Section 301.6231(c)-8T also issued under 26 U.S.C. 6230(k) and 6231(c). Section 301.6231(d)-1T also issued under 26 U.S.C. 6230(k). Section 301.6231(e)-1T also issued under 26 U.S.C. 6230(k). Section 301.6231(e)-2T also issued under 26 U.S.C. 6230(k). Section 301.6231(f)-1T also issued under 26 U.S.C. 6230 (i) and (k) and 6231(f). Section 301.6232-1 also issued under 26 U.S.C. 6232. Section 301.6233-1T also issued under 26 U.S.C. 6230(k) and 6233. Section 301.6233(a)-1 also issued under 26 U.S.C. 6233. Section 301.6233(b)-1 also issued under 26 U.S.C. 6233. Section 301.6234-1 also issued under 26 U.S.C. 6234. Section 301.6235-1 also issued under 26 U.S.C. 6235. Section 301.6241-1 also issued under sections 48D(d), 6241, and 6417. Section 301.6241-2 also issued under 26 U.S.C. 6241. Section 301.6241-3 also issued under 26 U.S.C. 6241. Section 301.6241-4 also issued under 26 U.S.C. 6241. Section 301.6241-5 also issued under 26 U.S.C. 6241. Section 301.6241-6 also issued under 26 U.S.C. 6241. Section 301.6241-7 also issued under sections 48D(d), 6241, and 6417. Section 301.6311-2 also issued under 26 U.S.C. 6311. Section 301.6323(f)-(1)(c) also issued under 26 U.S.C. 6323(f)(3). Section 301.6325-1T also issued under 26 U.S.C. 6326. Section 301.6335-1 also issued under 26 U.S.C. 6335(e)(2). Section 301.6343-1 also issued under 26 U.S.C. 6343. Section 301.6343-2 also issued under 26 U.S.C. 6343. Section 301.6402-2(g) also issued under 26 U.S.C. 6402(n). Section 301.6402-3 also issued under 95 Stat. 357 amending 88 Stat. 2351. Section 301.6402-7 also issued under 26 U.S.C. 6402(i) and 6411(c). Section 301.6404-2 also issued under 26 U.S.C. 6404. Section 301.6404-3 also issued under 26 U.S.C. 6404(f)(3). Section 301.6621-1 also issued under 26 U.S.C. 6230(k). Section 301.6689-1 also issued under 26 U.S.C. 6689(a), 26 U.S.C. 6227(d), and 26 U.S.C. 6241(11). Section 301.6689-1T also issued under 26 U.S.C. 6689(a). Section 301.6708-1 also issued under 26 U.S.C. 6708 Section 301.6721-1 also issued under 26 U.S.C. 6011 and 6721. Section 301.6751(b)-1(a)(4) also issued under 26 U.S.C. 6751(b)(1). Section 301.7216-2, paragraphs (o) and (p) also issued under 26 U.S.C. 7216(b)(3). Section 301.7502-1 also issued under 26 U.S.C. 7502. Section 301.7502-2 also issued under 26 U.S.C. 7502. Section 301.7507-1 also issued under 26 U.S.C. 597. Section 301.7507-9 also issued under 26 U.S.C. 597. Section 301.7508-1 also issued under 26 U.S.C. 7508(a)(1)(K). Section 301.7508A-1 also issued under 26 U.S.C. 7508(a)(1)(K) and 7508A(a). Section 301.7605-1 also issued under section 6228(b) of the Technical and Miscellaneous Revenue Act of 1988. Sections 301.7623-1 through 301.7623-4 also issued under 26 U.S.C. 7623. Section 301.7624-1 also issued under 26 U.S.C. 7624. Section 301.7701-1(a)(4) also issued under 26 U.S.C. 7701(a)(40). Section 301.7701-2 also issued under 26 U.S.C. 7701. Sections 301.7701(b)-1 through 301.7701(b)-9 also issued under 26 U.S.C. 7701(b)(11). Section 301.7701(i)-1(g)(1) also issued under 26 U.S.C. 7701(i)(2)(D). Section 301.7701(i)-4(b) also issued under 26 U.S.C. 7701(i)(3). Section 301.7705-1 also issued under 26 U.S.C. 7705(h). Section 301.7705-2 also issued under 26 U.S.C. 7705(h). Section 301.7803-2 is also issued under 26 U.S.C. 7803(e). Section 301.7803-3 is also issued under 26 U.S.C. 7803(e). Section 301.9000-1 also issued under 5 U.S.C. 301 and 26 U.S.C. 6103(q) and 7804; Section 301.9000-2 also issued under 5 U.S.C. 301 and 26 U.S.C. 6103(q) and 7804; Section 301.9000-3 also issued under 5 U.S.C. 301 and 26 U.S.C. 6103(q) and 7804; Section 301.9000-4 also issued under 5 U.S.C. 301 and 26 U.S.C. 6103(q) and 7804; Section 301.9000-5 also issued under 5 U.S.C. 301 and 26 U.S.C. 6103(q) and 7804; Section 301.9000-6 also issued under 5 U.S.C. 301 and 26 U.S.C. 6103(q) and 7804; Section 301.9100-1T also issued under 26 U.S.C. 6081. Section 301.9100-2T also issued under 26 U.S.C. 6081. Section 301.9100-3T also issued under 26 U.S.C. 6081. Section 301.9100-4T also issued under 26 U.S.C. 168(f)(8)(G). Section 301.9100-7T also issued under 26 U.S.C. 42, 48, 56, 83, 141, 142, 143, 145, 147, 165, 168, 216, 263, 263A, 448, 453C, 468B, 469, 474, 585, 616, 617, 1059, 2632, 2652, 3121, 4982, 7701; and under the Tax Reform Act of 1986, 100 Stat. 2746, sections 203, 204, 243, 311, 646, 801, 806, 905, 1704, 1801, 1802, and 1804. Section 301.9100-8 also issued under 26 U.S.C. 1(i)(7), 41(h), 42(b)(2)(A)(ii), 42(d)(3), 42(f)(1), 42(g)(3), 42(i)(2)(B), 42(j)(5)(B), 121(d)(9), 142(i)(2), 165(l), 168(b)(2), 219(g)(4), 245(a)(10), 263A(d)(1), 263A(d)(3)(B), 263A(h), 460(b)(3), 643(g)(2), 831(b)(2)(A), 835(a), 865(f), 865(g)(3), 865(h)(2), 904(g)(10), 2056(b)(7)(c)(ii), 2056A(d), 2523(f)(6)(B), 3127, and 7520(a); the Technical and Miscellaneous Revenue Act of 1988, 102 Stat. 3324, sections 1002(a)(23)(B), 1005(c)(11), 1006(d)(15), 1006(j)(1)(C), 1006(t)(18)(B), 1012(n)(3), 1014(c)(1), 1014(c)(2), 2004(j)(1), 2004(m)(5), 5012(e)(4), 6181(c)(2), and 6277; and under the Tax Reform Act of 1986, 100 Stat. 2746, section 905(a). Sections 301.9100-9T, 301.9100-10T and 301.9100-11T also issued under 26 U.S.C. 1103 (g) and (h) and 6158(a). Sections 301.9100-13T, 301.9100-14T and 301.9100-15T also issued under 26 U.S.C. 108(d)(8) and 1017(b)(3)(E). Section 301.9100-16T also issued under 26 U.S.C. 463(d). Section 301.9100-22T is also issued under section 1101(g)(4) of Public Law 114-74.
26:31	dotted-cfr-section	usc	26:31 -> (removed)	26 U.S.C. 7805. Section 31.3111-6 also issued under secs. 7001 and 7003, Public Law 116-127, 134 Stat. 178, and sec. 2301, Public Law 116-136, 134 Stat. 281. Sections 31.3121(a)-1, 31.3121(a)-3, 31.3231(e)-1, 31.3231(e)-3, 31.3306(b)-1, 31.3306(b)-2, 31.3401(a)-1, and 31.3401(a)-4 also issued under 26 U.S.C. 62. Section 31.3121(b)(7)-2 also issued under 26 U.S.C. 3121(b)(7)(F). Section 31.3121(b)(19)-1 also issued under 26 U.S.C. 7701(b)(11). Section 31.3131-1 also issued under 26 U.S.C. 3131(g). Section 31.3132-1 also issued under 26 U.S.C. 3132(g). Section 31.3134-1 also issued under 26 U.S.C. 3134(m)(3). Section 31.3221-5 also issued under secs. 7001 and 7003, Public Law 116-127, 134 Stat. 178, and sec. 2301, Public Law 116-136, 134 Stat. 281. Section 31.3306(c)(18)-1 also issued under 26 U.S.C. 7701(b)(11). Section 31.3401(a)(6)-1 also issued under 26 U.S.C. 1441(c)(4) and 26 U.S.C. 3401(a)(6). Section 31.3402 also issued under 26 U.S.C. 3402(i) and (m). Section 31.3402(f)(1)-1 also issued under 26 U.S.C. 3402(m). Section 31.3402(f)(5)-1 also issued under 26 U.S.C. 3402 (i) and (m). Section 31.3402(f)(5)-1T also issued under 26 U.S.C. 3402 (i) and (m). Section 31.3402(n)-1 also issued under 26 U.S.C. 6001, 6011 and 6364. Section 31.3402(r)-1 also issued under 26 U.S.C. 3402(p) and (r). Section 31.3405(a)-1 also issued under 26 U.S.C. 3405(a)(4). Sections 31.3406(a)-1 through 31.3406(i)-1 also issued under 26 U.S.C.3406(i). Section 31.3406(j)-1 also issued under 26 U.S.C. 3406(i). Section 31.3511-1 is also issued under 26 U.S.C. 3511(h). Section 31.6011(a)-3A is also issued under the authority of 26 U.S.C. 6011. Section 31.6011(a)-4 also issued under 26 U.S.C. 6011. Section 31.6051-1 also issued under 26 U.S.C. 6051. Section 31.6051-2 also issued under 26 U.S.C. 6051. Section 31.6051-3 also issued under 26 U.S.C. 6051. Sections 31.6053-3 (b)(5), (h) and (j)(9) and 31.6053-4 are also issued under sec. 1072 of Pub. L. 98-369, 98 Stat. 1052; and 26 U.S.C. 6001. Sections 31.6053-3T and 31.6053-4T are also issued under sec. 1072 of Pub. L. 98-369, 98 Stat. 1052; and 26 U.S.C. 6001. Section 31.6060-1 also issued under 26 U.S.C. 6060(a). Section 31.6071(a)-1 also issued under 26 U.S.C.6071. Section 31.6071(a)-1A is also issued under the authority of 26 U.S.C. 6071. Section 31.6081-1 also issued under 26 U.S.C. 6081. Section 31.6109-2 also issued under 26 U.S.C. 6109(a). Section 31.6205-2 is also issued under 26 U.S.C. 6205(a)(1). Section 31.6302-1 also issued under 26 U.S.C. 6302(a) and (h). Section 31.6302-2, 31.6302-3, and 31.6302-4 also issued under 26 U.S.C. 6302(a) and (h). Section 31.6302(c)-2A also issued under 26 U.S.C. 6157(d) and 6302(a) and (h). Section 31.6302(c)-3 also issued under 26 U.S.C. 6302(a) and (h). Section 31.6695-1 also issued under 26 U.S.C. 6695(b).
26:54	dotted-cfr-section	usc	26:54 -> (removed)	26 U.S.C. 7805, unless otherwise noted. Section 54.4974-2 also issued under 26 U.S.C. 4974; Section 54.4981A-1T also issued under 26 U.S.C. 4981A; Section 54.4980B-1 also issued under 26 U.S.C. 4980B; Section 54.4980B-2 also issued under 26 U.S.C. 4980B; Section 54.4980B-3 also issued under 26 U.S.C. 4980B; Section 54.4980B-4 also issued under 26 U.S.C. 4980B; Section 54.4980B-5 also issued under 26 U.S.C. 4980B; Section 54.4980B-6 also issued under 26 U.S.C. 4980B; Section 54.4980B-7 also issued under 26 U.S.C. 4980B; Section 54.4980B-8 also issued under 26 U.S.C. 4980B; Section 54.4980B-9 also issued under 26 U.S.C. 4980B; Section 54.4980B-10 also issued under 26 U.S.C. 4980B; Section 54.4980F-1 also issued under 26 U.S.C. 4980F; Section 54.4980G-1 also issued under 26 U.S.C. 4980G; Section 54.4980G-2 also issued under 26 U.S.C. 4980G; Section 54.4980G-3 also issued under 26 U.S.C. 4980G; Section 54.4980G-4 also issued under 26 U.S.C. 4980G; Section 54.4980G-5 also issued under 26 U.S.C. 4980G; Section 54.4980G-6 also issued under 26 U.S.C. 4980G; Section 54.4980G-7 also issued under 26 U.S.C. 4980G; Section 54.4980H-3 also issued under 26 U.S.C. 4980H(c)(4)(B); Section 54.6011-3 also issued under 26 U.S.C. 6011; Section 54.6060-1 also issued under 26 U.S.C. 6060(a); Section 54.6081-1 also issued under 26 U.S.C. 6081(a); Section 54.6109-1 also issued under 26 U.S.C. 6109(a); Section 54.6109-2 also issued under 26 U.S.C. 6109(a); Section 54.6695-1 also issued under 26 U.S.C. 6695(b); Section 54.9801-1 also issued under 26 U.S.C. 9833; Section 54.9801-2 also issued under 26 U.S.C. 9833; Section 54.9801-3 also issued under 26 U.S.C. 9801(c)(4), 9801(e)(3), and 9833; Section 54.9801-4 also issued under 26 U.S.C. 9801(c)(1)(I) and 9833; Section 54.9801-5 also issued under 26 U.S.C. 9801(c)(4), 9801(e)(3), and 9833; Section 54.9801-6 also issued under 26 U.S.C. 9833; Section 54.9802-1 also issued under 26 U.S.C. 9833; Section 54.9802-2 also issued under 26 U.S.C. 9833; Section 54.9802-3T also issued under 26 U.S.C. 9833; Section 54.9802-4 also issued under 26 U.S.C. 9833; Section 54.9811-1 also issued under 26 U.S.C. 9833; Section 54.9812-1 also issued under 26 U.S.C. 9833; Section 54.9815-1251 also issued under 26 U.S.C. 9833; Section 54.9815-1251T also issued under 26 U.S.C. 9833; Section 54.9815-2704 also issued under 26 U.S.C. 9833; Section 54.9815-2704T also issued under 26 U.S.C. 9833; Section 54.9815-2705 also issued under 26 U.S.C. 9833; Section 54.9815-2708 is also issued under 26 U.S.C. 9833; Section 54.9815-2711 also issued under 26 U.S.C. 9833; Section 54.9815-2711T also issued under 26 U.S.C. 9833; Section 54.9815-2712 also issued under 26 U.S.C. 9833; Section 54.9815-2712T also issued under 26 U.S.C. 9833; Section 54.9815-2713 also issued under 26 U.S.C. 9833; Section 54.9815-2713T also issued under 26 U.S.C. 9833; Section 54.9815-2714 also issued under 26 U.S.C. 9833; Section 54.9815-2714T also issued under 26 U.S.C. 9833; Section 54.9815-2715 also issued under 26 U.S.C. 9833; Sections 54.9815-2715A1, 54.9815-2715A2, and 54.9815-2715A3 are also issued under 26 U.S.C. 9833; Section 54.9815-2719 also issued under 26 U.S.C. 9833; Section 54.9815-2719A also issued under 26 U.S.C. 9833; Section 54.9815-2719AT also issued under 26 U.S.C. 9833; Section 54.9815-2719T also issued under 26 U.S.C. 9833; Section 54.9816-3 also issued under 26 U.S.C. 9816. Section 54.9816-6A also issued under 26 U.S.C. 9816. Section 54.9816-8 also issued under 26 U.S.C. 9816; Section 54.9816-9 also issued under 26 U.S.C. 9816. Section 54.9831-1 also issued under 26 U.S.C. 9833; Section 54.9833-1 also issued under 26 U.S.C. 9833.
26:5f	dotted-cfr-section	usc	26:5f -> (removed)	26 U.S.C. 7805. Secs. 5f.103-1 and 5f.163-1 also issued under 26 U.S.C. 103(j), 26 U.S.C. 163(f), and 96 Stat. 595.
28:17	compilation-locator	usc	5:1995 -> (removed)	28 U.S.C. 501, 509, 510, 515-519; 5 U.S.C. 301; E.O. 12958, 60 FR 19825, 3 CFR, 1995 Comp., p. 333; E.O. 12968, 60 FR 40245, 3 CFR, 1995 Comp., p. 391; 32 CFR part 2001.
28:3	compilation-locator	usc	5:1949 -> (removed)	89 Stat. 379; 5 U.S.C. 301, sec. 2, Reorganization Plan No. 2 of 1950, 64 Stat. 1261; 3 CFR, 1949-1953 Comp.
28:38	compilation-locator	usc	5:2002 -> (removed)	28 U.S.C. 509; 5 U.S.C. 301; E.O. 13279, 67 FR 77141, 3 CFR, 2002 Comp., p. 258; 18 U.S.C. 4001, 4042, 5040; 21 U.S.C. 871; 25 U.S.C. 3681; Pub. L. 107-273, 116 Stat. 1758; Pub. L. 109-162, 119 Stat. 2960; 34 U.S.C. 10152, 10154, 10172, 10221, 10382, 10388, 10444, 10446, 10448, 10473, 10614, 10631, 11111, 11182, 20110, 20125; E.O. 13559, 75 FR 71319, 3 CFR, 2010 Comp., p. 273; E.O. 13831, 83 FR 20715, 3 CFR, 2018 Comp., p. 806; 42 U.S.C. 2000bb et seq.; E.O. 14015, 86 FR 10007, 3 CFR, 2021 Comp., p. 517.
28:38	compilation-locator	usc	34:2010 -> (removed)	28 U.S.C. 509; 5 U.S.C. 301; E.O. 13279, 67 FR 77141, 3 CFR, 2002 Comp., p. 258; 18 U.S.C. 4001, 4042, 5040; 21 U.S.C. 871; 25 U.S.C. 3681; Pub. L. 107-273, 116 Stat. 1758; Pub. L. 109-162, 119 Stat. 2960; 34 U.S.C. 10152, 10154, 10172, 10221, 10382, 10388, 10444, 10446, 10448, 10473, 10614, 10631, 11111, 11182, 20110, 20125; E.O. 13559, 75 FR 71319, 3 CFR, 2010 Comp., p. 273; E.O. 13831, 83 FR 20715, 3 CFR, 2018 Comp., p. 806; 42 U.S.C. 2000bb et seq.; E.O. 14015, 86 FR 10007, 3 CFR, 2021 Comp., p. 517.
28:38	compilation-locator	usc	34:2018 -> (removed)	28 U.S.C. 509; 5 U.S.C. 301; E.O. 13279, 67 FR 77141, 3 CFR, 2002 Comp., p. 258; 18 U.S.C. 4001, 4042, 5040; 21 U.S.C. 871; 25 U.S.C. 3681; Pub. L. 107-273, 116 Stat. 1758; Pub. L. 109-162, 119 Stat. 2960; 34 U.S.C. 10152, 10154, 10172, 10221, 10382, 10388, 10444, 10446, 10448, 10473, 10614, 10631, 11111, 11182, 20110, 20125; E.O. 13559, 75 FR 71319, 3 CFR, 2010 Comp., p. 273; E.O. 13831, 83 FR 20715, 3 CFR, 2018 Comp., p. 806; 42 U.S.C. 2000bb et seq.; E.O. 14015, 86 FR 10007, 3 CFR, 2021 Comp., p. 517.
28:38	compilation-locator	usc	42:2021 -> (removed)	28 U.S.C. 509; 5 U.S.C. 301; E.O. 13279, 67 FR 77141, 3 CFR, 2002 Comp., p. 258; 18 U.S.C. 4001, 4042, 5040; 21 U.S.C. 871; 25 U.S.C. 3681; Pub. L. 107-273, 116 Stat. 1758; Pub. L. 109-162, 119 Stat. 2960; 34 U.S.C. 10152, 10154, 10172, 10221, 10382, 10388, 10444, 10446, 10448, 10473, 10614, 10631, 11111, 11182, 20110, 20125; E.O. 13559, 75 FR 71319, 3 CFR, 2010 Comp., p. 273; E.O. 13831, 83 FR 20715, 3 CFR, 2018 Comp., p. 806; 42 U.S.C. 2000bb et seq.; E.O. 14015, 86 FR 10007, 3 CFR, 2021 Comp., p. 517.
28:43	compilation-locator	usc	42:1959 -> (removed)	Sec. 2, 76 Stat. 593; 42 U.S.C. 2651-2653; E.O. 11060, 3 CFR, 1959-1963 Comp., p. 651.
28:543	dotted-cfr-section	usc	28:0 -> (removed)	5 U.S.C. 301; 18 U.S.C. 3621, 3622, 3624, 4001, 4042, 4081, 4082 (Repealed in part as to offenses committed on or after November 1, 1987), 5006-5024 (Repealed October 12, 1984 as to Offenses committed after that date), 5039; 28 U.S.C. 509, 510, 1346(b), 2671-80; 28 CFR 0.95-0.99, 0.172, 14.1-11.
28:543	dotted-cfr-section	usc	28:14 -> (removed)	5 U.S.C. 301; 18 U.S.C. 3621, 3622, 3624, 4001, 4042, 4081, 4082 (Repealed in part as to offenses committed on or after November 1, 1987), 5006-5024 (Repealed October 12, 1984 as to Offenses committed after that date), 5039; 28 U.S.C. 509, 510, 1346(b), 2671-80; 28 CFR 0.95-0.99, 0.172, 14.1-11.
28:814	compilation-locator	usc	5:1971 -> (removed)	5 U.S.C. 5514; 5 CFR part 550, subpart K; sec. 8(1) of E.O. 11609, 36 FR 13747, 3 CFR, 1971-1975 Comp., p. 586.
29:0	compilation-locator	usc	18:1989 -> (removed)	5 U.S.C. 301; 18 U.S.C. 207 (1988); E.O. 12674, 54 FR 15159, 3 CFR, 1989 Comp., p. 215, as modified by E.O. 12731, 55 FR 42547, 3 CFR, 1990 Comp., p. 306; 5 CFR part 2634, part 2635, part 2640.
29:0	compilation-locator	usc	18:1990 -> (removed)	5 U.S.C. 301; 18 U.S.C. 207 (1988); E.O. 12674, 54 FR 15159, 3 CFR, 1989 Comp., p. 215, as modified by E.O. 12731, 55 FR 42547, 3 CFR, 1990 Comp., p. 306; 5 CFR part 2634, part 2635, part 2640.
29:10	compilation-locator	usc	5:2014 -> (removed)	5 U.S.C. 301; section 4, E.O. 13658, 79 FR 9851, 3 CFR, 2014 Comp., p. 219; section 4, E.O. 14026, 86 FR 22835; Secretary of Labor's Order No. 01-2014, 79 FR 77527.
29:13	compilation-locator	usc	5:2016 -> (removed)	5 U.S.C. 301; E.O. 13706, 80 FR 54697, 3 CFR, 2016 Comp., p. 367; Secretary's Order 01-2014, 79 FR 77527.
29:1614	compilation-locator	usc	42:1954 -> (removed)	29 U.S.C. 206(d), 633a, 791 and 794a; 42 U.S.C. 2000e-16, 2000ff-6(e), and 2000gg-2(e); E.O. 10577, 3 CFR, 1954-1958 Comp., p. 218; E.O. 11222, 3 CFR, 1964-1965 Comp., p. 306; E.O. 11478, 3 CFR, 1969 Comp., p. 133; E.O. 12106, 3 CFR, 1978 Comp., p. 263; Reorg. Plan No. 1 of 1978, 3 CFR, 1978 Comp., p. 321.
29:1614	compilation-locator	usc	42:1964 -> (removed)	29 U.S.C. 206(d), 633a, 791 and 794a; 42 U.S.C. 2000e-16, 2000ff-6(e), and 2000gg-2(e); E.O. 10577, 3 CFR, 1954-1958 Comp., p. 218; E.O. 11222, 3 CFR, 1964-1965 Comp., p. 306; E.O. 11478, 3 CFR, 1969 Comp., p. 133; E.O. 12106, 3 CFR, 1978 Comp., p. 263; Reorg. Plan No. 1 of 1978, 3 CFR, 1978 Comp., p. 321.
29:1614	compilation-locator	usc	42:1969 -> (removed)	29 U.S.C. 206(d), 633a, 791 and 794a; 42 U.S.C. 2000e-16, 2000ff-6(e), and 2000gg-2(e); E.O. 10577, 3 CFR, 1954-1958 Comp., p. 218; E.O. 11222, 3 CFR, 1964-1965 Comp., p. 306; E.O. 11478, 3 CFR, 1969 Comp., p. 133; E.O. 12106, 3 CFR, 1978 Comp., p. 263; Reorg. Plan No. 1 of 1978, 3 CFR, 1978 Comp., p. 321.
29:1614	compilation-locator	usc	42:1978 -> (removed)	29 U.S.C. 206(d), 633a, 791 and 794a; 42 U.S.C. 2000e-16, 2000ff-6(e), and 2000gg-2(e); E.O. 10577, 3 CFR, 1954-1958 Comp., p. 218; E.O. 11222, 3 CFR, 1964-1965 Comp., p. 306; E.O. 11478, 3 CFR, 1969 Comp., p. 133; E.O. 12106, 3 CFR, 1978 Comp., p. 263; Reorg. Plan No. 1 of 1978, 3 CFR, 1978 Comp., p. 321.
29:1626	compilation-locator	usc	29:1978 -> (removed)	Sec. 9, 81 Stat. 605, 29 U.S.C. 628; sec. 2, Reorg. Plan No. 1 of 1978, 3 CFR, 1978 Comp., p. 321.
29:1911	dotted-cfr-section	usc	5:1911 -> (removed)	Secs. 4, 6, 8, Occupational Safety and Health Act of 1970 (29 U.S.C. 653, 655, 657); secs. 1, 4, Walsh-Healey Public Contracts Act (41 U.S.C. 35, 38); secs. 2, 4, Service Contracts Act of 1965 (41 U.S.C. 351, 353); sec. 107, Contract Work Hours and Safety Standards Act (Construction Safety Act) (40 U.S.C. 333); sec. 41, Longshoremen's and Harbor Workers' Compensation Act (33 U.S.C. 941); sec. 5(j)(2), National Foundation on Arts and Humanities Act (20 U.S.C. 954(j)(2)); 5 U.S.C. 553; Secretary of Labor's Order No. 12-71 (36 FR 8754), 8-76 (41 FR 25059), 9-83 (48 FR 35736), or 8-2020 (85 FR 58393), as applicable. Sections 1911.12 and 1911.18 also issued under 29 CFR part 1911.
29:1917	dotted-cfr-section	usc	29:1917 -> (removed)	33 U.S.C. 941; 29 U.S.C. 653, 655, 657; Secretary of Labor's Order No. 12-71 (36 FR 8754), 8-76 (41 FR 25059), 9-83 (48 FR 35736), 1-90 (55 FR 9033), 6-96 (62 FR 111), 3-2000 (65 FR 50017), 5-2002 (67 FR 65008), 5-2007 (72 FR 31160), 4-2010 (75 FR 55355), 1-2012 (77 FR 3912), 8-2020 (85 FR 58393), or 7-2025 (90 FR 27878), as applicable; and 29 CFR part 1911. Sections 1917.28 and 1917.31 also issued under 5 U.S.C. 553. Section 1917.29 also issued under 49 U.S.C. 1801-1819 and 5 U.S.C. 553.
29:1918	dotted-cfr-section	usc	29:1918 -> (removed)	33 U.S.C. 941; 29 U.S.C. 653, 655, 657; Secretary of Labor's Order No. 12-71 (36 FR 8754), 8-76 (41 FR 25059), 9-83 (48 FR 35736), 1-90 (55 FR 9033), 6-96 (62 FR 111), 3-2000 (65 FR 50017), 5-2002 (67 FR 65008), 5-2007 (72 FR 31160), 4-2010 (75 FR 55355), 1-2012 (77 FR 3912), or 8-2020 (85 FR 58393), as applicable; and 29 CFR 1911. Sections 1918.90 and 1918.110 also issued under 5 U.S.C. 553. Section 1918.100 also issued under 49 U.S.C. 5101 et seq. and 5 U.S.C. 553.
29:1926	dotted-cfr-section	usc	29:1926 -> (removed)	40 U.S.C. 3704; 29 U.S.C. 653, 655, and 657; and Secretary of Labor's Order No. 12-71 (36 FR 8754), 8-76 (41 FR 25059), 9-83 (48 FR 35736), 1-90 (55 FR 9033), 6-96 (62 FR 111), 3-2000 (65 FR 50017), 5-2002 (67 FR 65008), 5-2007 (72 FR 31159), 4-2010 (75 FR 55355), 1-2012 (77 FR 3912), or 8-2020 (85 FR 58393), as applicable; and 29 CFR part 1911, unless otherwise noted Sections 1926.58, 1926.59, 1926.60, and 1926.65 also issued under 5 U.S.C. 553 and 29 CFR part 1911. Section 1926.61 also issued under 49 U.S.C. 1801-1819 and 5 U.S.C. 553. Section 1926.62 also issued under sec. 1031, Public Law 102-550, 106 Stat. 3672 (42 U.S.C. 4853). Section 1926.65 also issued under sec. 126, Public Law 99-499, 100 Stat. 1614 (reprinted at 29 U.S.C.A. 655 Note) and 5 U.S.C. 553.
29:2	compilation-locator	usc	5:2001 -> (removed)	5 U.S.C. 301; E.O. 13198, 66 FR 8497, 3 CFR, 2001 Comp., p. 750; E.O. 13279, 67 FR 77141, 3 CFR, 2002 Comp., p. 258; E.O. 13559, 75 FR 71319, 3 CFR, 2010 Comp., p. 273; E.O. 14015, 86 FR 10007, 3 CFR, 2021 Comp., p. 517.
29:2	compilation-locator	usc	5:2002 -> (removed)	5 U.S.C. 301; E.O. 13198, 66 FR 8497, 3 CFR, 2001 Comp., p. 750; E.O. 13279, 67 FR 77141, 3 CFR, 2002 Comp., p. 258; E.O. 13559, 75 FR 71319, 3 CFR, 2010 Comp., p. 273; E.O. 14015, 86 FR 10007, 3 CFR, 2021 Comp., p. 517.
29:2	compilation-locator	usc	5:2010 -> (removed)	5 U.S.C. 301; E.O. 13198, 66 FR 8497, 3 CFR, 2001 Comp., p. 750; E.O. 13279, 67 FR 77141, 3 CFR, 2002 Comp., p. 258; E.O. 13559, 75 FR 71319, 3 CFR, 2010 Comp., p. 273; E.O. 14015, 86 FR 10007, 3 CFR, 2021 Comp., p. 517.
29:2	compilation-locator	usc	5:2021 -> (removed)	5 U.S.C. 301; E.O. 13198, 66 FR 8497, 3 CFR, 2001 Comp., p. 750; E.O. 13279, 67 FR 77141, 3 CFR, 2002 Comp., p. 258; E.O. 13559, 75 FR 71319, 3 CFR, 2010 Comp., p. 273; E.O. 14015, 86 FR 10007, 3 CFR, 2021 Comp., p. 517.
29:2510	dotted-cfr-section	usc	29:2510 -> (removed)	29 U.S.C. 1002(1)-(8), 1002(13)-(16), 1002(20), 1002(21), 1002(34), 1002(37), 1002(38), 1002(40)-(44), 1031, and 1135; Div. O, Title I, Sec. 101, Pub. L. 116-94, 133 Stat. 2534 (Dec. 20, 2019); Div. T, Title I, Sec. 105, Pub. L. 117-328, 136 Stat. 4459 (Dec. 29, 2022); Secretary of Labor's Order 1-2011, 77 FR 1088 (Jan. 9, 2012); Secs. 2510.3-21, 2510.3-101 and 2510.3-102 also issued under Sec. 102 of Reorganization Plan No. 4 of 1978, 5 U.S.C. App. 752 (2018) (E.O. 12108, 44 FR 1065 (Jan. 3, 1979)), and 29 U.S.C. 1135 note. Section 2510.3-38 also issued under Sec. 1(b) Pub. L. 105-72, 111 Stat. 1457 (Nov. 10, 1997).
29:2520	dotted-cfr-section	usc	29:2520 -> (removed)	29 U.S.C. 1021-1025, 1027, 1029-31, 1059, 1134 and 1135; and Secretary of Labor's Order 1-2011, 77 FR 1088 (Jan. 9, 2012). Sec. 2520.101-2 also issued under 29 U.S.C. 1132, 1181-1183, 1181 note, 1185, 1185a-b, 1191, and 1191a-c. Sec. 2520.101-5 also issued under 29 U.S.C. 1021(f). Sec. 2520.101-6 also issued under 29 U.S.C. 1021(k). Sec. 2520.103-13 also issued under 29 U.S.C. 1023. Secs. 2520.102-3, 2520.104b-1, 2520.104b-3, and 2520.104b-31 also issued under 29 U.S.C. 1003, 1181-1183, 1181 note, 1185, 1185a-b, 1191, and 1191a-c. Secs. 2520.104b-1 and 2520.107 also issued under 26 U.S.C. 401 note, 111 Stat. 788.
29:2550	dotted-cfr-section	usc	29:2550 -> (removed)	29 U.S.C. 1135, sec. 102, Reorganization Plan No. 4 of 1978, 5 U.S.C. App. at 727 (2012) and Secretary of Labor's Order No. 1-2011, 77 FR 1088 (Jan. 9, 2012). Section 2550.401c-1 also issued under 29 U.S.C. 1101. Sections 2550.404a-2 and 2550.404a-3 also issued under sec. 657, Pub. L. 107-16, 115 Stat. 38. Sections 2550.404a-5, 2550.404c-1 and 2550.404c-5 also issued under 29 U.S.C. 1104. Sec. 2550.408b-1 also issued under 29 U.S.C. 1108(b)(1). Sec. 2550.408b-19 also issued under sec. 611, Pub. L. 109-280, 120 Stat. 780, 972. Sec. 2550.412-1 also issued under 29 U.S.C. 1112.
29:2702	compilation-locator	usc	44:2005 -> (removed)	30 U.S.C. 801 et seq.; 5 U.S.C. 551, 552, and 552a and 44 U.S.C. 3102 as amended by Pub. L. 104-231, 110 Stat. 3048, Pub. L. 110-175, 121 Stat. 2524, and Pub. L. 114-185, 130 Stat. 538; E.O. 13392, 70 FR 75373, 3 CFR, 2005 Comp., p. 216.
29:4901	compilation-locator	usc	29:1987 -> (removed)	5 U.S.C. 552, 29 U.S.C. 1302(b)(3), E.O. 12600, 52 FR 23781, 3 CFR, 1987 Comp., p. 235.
29:541	compilation-locator	usc	29:1945 -> (removed)	29 U.S.C. 213; Public Law 101-583, 104 Stat. 2871; Reorganization Plan No. 6 of 1950 (3 CFR 1945-53 Comp. p. 1004); Secretary's Order No. 4-2001 (66 FR 29656). 29 U.S.C. 213; Pub. L. 101-583, 104 Stat. 2871; Reorganization Plan No. 6 of 1950 (3 CFR, 1945-53 Comp., p. 1004); Secretary's Order 01-2014 (Dec. 19, 2014), 79 FR 77527 (Dec. 24, 2014).
29:7	compilation-locator	usc	5:1949 -> (removed)	Reorg. Plan No. 14 of 1950, 64 Stat. 1267; 5 U.S.C. 301, 3 CFR, 1949-1953 Comp., p. 1007; sec. 2, 48 Stat. 948 as amended; 40 U.S.C. 276c; secs. 104, 105, 76 Stat. 358, 359; 40 U.S.C. 330, 331; 65 Stat. 290; 36 FR 306, 8755; Secretary's Order No. 01-2020, 85 FR 13186 (March 6, 2020).
29:70	compilation-locator	usc	5:1988 -> (removed)	5 U.S.C. 301; 29 U.S.C. 551 et seq.; 5 U.S.C. 552, as amended; Reorganization Plan No. 6 of 1950, 5 U.S.C. Appendix, 29 U.S.C. 1026 (106), 5 U.S.C. app. 11., Executive Order. 12,600, 52 FR 23781, 3 CFR, 1988 Comp., p. 235. This part also implements the public information provisions of the Labor-Management Reporting and Disclosure Act (LMRDA), 29 U.S.C. 435, see § 70.53 below; the Employee Retirement Income Security Act of 1974 (ERISA), 29 U.S.C. 1026 (106), see § 70.54 below; and the Federal Advisory Committee Act (FACA), 5 U.S.C. app. 11, see § 70.40(i) below.
30:19	dotted-cfr-section	usc	30:19 -> (removed)	30 U.S.C. 957, 961. Secs. 19.1(b) and 19.7(a) also issued under 30 U.S.C. 811.
31:10	compilation-locator	usc	31:1949 -> (removed)	Sec. 3, 23 Stat. 258, secs. 2-12, 60 Stat. 237 et seq.; 5 U.S.C. 301, 500, 551-559; 31 U.S.C. 321; 31 U.S.C. 330; Reorg. Plan No. 26 of 1950, 15 FR 4935, 64 Stat. 1280, 3 CFR, 1949-1953 Comp., p. 1017.
31:129	compilation-locator	usc	22:1977 -> (removed)	22 U.S.C. 3101 et seq.; E.O. 11961, 42 FR 4321, 3 CFR, 1977 Comp., p. 86.
31:19	compilation-locator	usc	31:1973 -> (removed)	Sec. 2455, Pub. L. 103-355, 108 Stat. 3327 (31 U.S.C. 6101 note); E.O. 11738 (3 CFR, 1973 Comp., p. 799); E.O. 12549 (3 CFR, 1986 Comp., p. 189); E.O. 12689 (3 CFR, 1989 Comp., p. 235).
31:19	compilation-locator	usc	31:1986 -> (removed)	Sec. 2455, Pub. L. 103-355, 108 Stat. 3327 (31 U.S.C. 6101 note); E.O. 11738 (3 CFR, 1973 Comp., p. 799); E.O. 12549 (3 CFR, 1986 Comp., p. 189); E.O. 12689 (3 CFR, 1989 Comp., p. 235).
31:19	compilation-locator	usc	31:1989 -> (removed)	Sec. 2455, Pub. L. 103-355, 108 Stat. 3327 (31 U.S.C. 6101 note); E.O. 11738 (3 CFR, 1973 Comp., p. 799); E.O. 12549 (3 CFR, 1986 Comp., p. 189); E.O. 12689 (3 CFR, 1989 Comp., p. 235).
31:281	compilation-locator	usc	22:1949 -> (removed)	Sec. 114, 64 Stat. 836, sec. 613, 75 Stat. 443; 31 U.S.C. 66b, 22 U.S.C. 2363, E.O. 10488, 18 FR 5699, 3 CFR, 1949-1953 Comp., p. 972, E.O. 10900, 26 FR 143, 3 CFR, 1959-1963 Comp., p. 429.
31:281	compilation-locator	usc	22:1959 -> (removed)	Sec. 114, 64 Stat. 836, sec. 613, 75 Stat. 443; 31 U.S.C. 66b, 22 U.S.C. 2363, E.O. 10488, 18 FR 5699, 3 CFR, 1949-1953 Comp., p. 972, E.O. 10900, 26 FR 143, 3 CFR, 1959-1963 Comp., p. 429.
31:285	compilation-locator	usc	42:1996 -> (removed)	5 U.S.C. 5514; 26 U.S.C. 6402; 31 U.S.C. 321, 3701, 3711, 3716, 3719, 3720A, 3720B, 3720D; 42 U.S.C. 664; E.O. 13019, 61 FR 51763, 3 CFR, 1996 Comp., p. 216.
31:510	compilation-locator	usc	28:2008 -> (removed)	3 U.S.C. 301; 31 U.S.C. 321(b); 50 U.S.C. 1601 et seq., 1701 et seq. ; 22 U.S.C. 287c, 9201-9255; Pub. L. 101-410, 104 Stat. 890, as amended (28 U.S.C. 2461 note); Pub. L. 115-44, 131 Stat. 886 (codified in scattered sections of 22 U.S.C.); E.O. 13466, 73 FR 36787, 3 CFR, 2008 Comp., p. 195; E.O. 13551, 75 FR 53837, 3 CFR, 2010 Comp., p. 242; E.O. 13570, 76 FR 22291, 3 CFR, 2011 Comp., p. 233; E.O. 13687, 80 FR 819, 3 CFR, 2015 Comp., p. 259; E.O. 13722, 81 FR 14943, 3 CFR, 2016 Comp., p. 446; E.O. 13810, 82 FR 44705, 3 CFR, 2017 Comp., p. 379.
31:510	compilation-locator	usc	28:2010 -> (removed)	3 U.S.C. 301; 31 U.S.C. 321(b); 50 U.S.C. 1601 et seq., 1701 et seq. ; 22 U.S.C. 287c, 9201-9255; Pub. L. 101-410, 104 Stat. 890, as amended (28 U.S.C. 2461 note); Pub. L. 115-44, 131 Stat. 886 (codified in scattered sections of 22 U.S.C.); E.O. 13466, 73 FR 36787, 3 CFR, 2008 Comp., p. 195; E.O. 13551, 75 FR 53837, 3 CFR, 2010 Comp., p. 242; E.O. 13570, 76 FR 22291, 3 CFR, 2011 Comp., p. 233; E.O. 13687, 80 FR 819, 3 CFR, 2015 Comp., p. 259; E.O. 13722, 81 FR 14943, 3 CFR, 2016 Comp., p. 446; E.O. 13810, 82 FR 44705, 3 CFR, 2017 Comp., p. 379.
31:510	compilation-locator	usc	28:2011 -> (removed)	3 U.S.C. 301; 31 U.S.C. 321(b); 50 U.S.C. 1601 et seq., 1701 et seq. ; 22 U.S.C. 287c, 9201-9255; Pub. L. 101-410, 104 Stat. 890, as amended (28 U.S.C. 2461 note); Pub. L. 115-44, 131 Stat. 886 (codified in scattered sections of 22 U.S.C.); E.O. 13466, 73 FR 36787, 3 CFR, 2008 Comp., p. 195; E.O. 13551, 75 FR 53837, 3 CFR, 2010 Comp., p. 242; E.O. 13570, 76 FR 22291, 3 CFR, 2011 Comp., p. 233; E.O. 13687, 80 FR 819, 3 CFR, 2015 Comp., p. 259; E.O. 13722, 81 FR 14943, 3 CFR, 2016 Comp., p. 446; E.O. 13810, 82 FR 44705, 3 CFR, 2017 Comp., p. 379.
31:510	compilation-locator	usc	28:2015 -> (removed)	3 U.S.C. 301; 31 U.S.C. 321(b); 50 U.S.C. 1601 et seq., 1701 et seq. ; 22 U.S.C. 287c, 9201-9255; Pub. L. 101-410, 104 Stat. 890, as amended (28 U.S.C. 2461 note); Pub. L. 115-44, 131 Stat. 886 (codified in scattered sections of 22 U.S.C.); E.O. 13466, 73 FR 36787, 3 CFR, 2008 Comp., p. 195; E.O. 13551, 75 FR 53837, 3 CFR, 2010 Comp., p. 242; E.O. 13570, 76 FR 22291, 3 CFR, 2011 Comp., p. 233; E.O. 13687, 80 FR 819, 3 CFR, 2015 Comp., p. 259; E.O. 13722, 81 FR 14943, 3 CFR, 2016 Comp., p. 446; E.O. 13810, 82 FR 44705, 3 CFR, 2017 Comp., p. 379.
31:510	compilation-locator	usc	28:2016 -> (removed)	3 U.S.C. 301; 31 U.S.C. 321(b); 50 U.S.C. 1601 et seq., 1701 et seq. ; 22 U.S.C. 287c, 9201-9255; Pub. L. 101-410, 104 Stat. 890, as amended (28 U.S.C. 2461 note); Pub. L. 115-44, 131 Stat. 886 (codified in scattered sections of 22 U.S.C.); E.O. 13466, 73 FR 36787, 3 CFR, 2008 Comp., p. 195; E.O. 13551, 75 FR 53837, 3 CFR, 2010 Comp., p. 242; E.O. 13570, 76 FR 22291, 3 CFR, 2011 Comp., p. 233; E.O. 13687, 80 FR 819, 3 CFR, 2015 Comp., p. 259; E.O. 13722, 81 FR 14943, 3 CFR, 2016 Comp., p. 446; E.O. 13810, 82 FR 44705, 3 CFR, 2017 Comp., p. 379.
31:510	compilation-locator	usc	28:2017 -> (removed)	3 U.S.C. 301; 31 U.S.C. 321(b); 50 U.S.C. 1601 et seq., 1701 et seq. ; 22 U.S.C. 287c, 9201-9255; Pub. L. 101-410, 104 Stat. 890, as amended (28 U.S.C. 2461 note); Pub. L. 115-44, 131 Stat. 886 (codified in scattered sections of 22 U.S.C.); E.O. 13466, 73 FR 36787, 3 CFR, 2008 Comp., p. 195; E.O. 13551, 75 FR 53837, 3 CFR, 2010 Comp., p. 242; E.O. 13570, 76 FR 22291, 3 CFR, 2011 Comp., p. 233; E.O. 13687, 80 FR 819, 3 CFR, 2015 Comp., p. 259; E.O. 13722, 81 FR 14943, 3 CFR, 2016 Comp., p. 446; E.O. 13810, 82 FR 44705, 3 CFR, 2017 Comp., p. 379.
31:515	compilation-locator	usc	22:1943 -> (removed)	22 U.S.C. 2370(a), 6001-6010, 7201-7211; 31 U.S.C. 321(b); 50 U.S.C. 4301-4341; Pub. L. 101-410, 104 Stat. 890 (28 U.S.C. 2461 note); 22 U.S.C. 6021-6091; Pub. L. 105-277, 112 Stat. 2681; Pub. L. 111-8, 123 Stat. 524; Pub. L. 111-117, 123 Stat. 3034; E.O. 9989, 13 FR 4891, 3 CFR, 1943-1948 Comp., p. 748; Proc. 3447, 27 FR 1085, 3 CFR, 1959-1963 Comp., p. 157; E.O. 12854, 58 FR 36587, 3 CFR, 1993 Comp., p. 614.
31:515	compilation-locator	usc	22:1959 -> (removed)	22 U.S.C. 2370(a), 6001-6010, 7201-7211; 31 U.S.C. 321(b); 50 U.S.C. 4301-4341; Pub. L. 101-410, 104 Stat. 890 (28 U.S.C. 2461 note); 22 U.S.C. 6021-6091; Pub. L. 105-277, 112 Stat. 2681; Pub. L. 111-8, 123 Stat. 524; Pub. L. 111-117, 123 Stat. 3034; E.O. 9989, 13 FR 4891, 3 CFR, 1943-1948 Comp., p. 748; Proc. 3447, 27 FR 1085, 3 CFR, 1959-1963 Comp., p. 157; E.O. 12854, 58 FR 36587, 3 CFR, 1993 Comp., p. 614.
31:515	compilation-locator	usc	22:1993 -> (removed)	22 U.S.C. 2370(a), 6001-6010, 7201-7211; 31 U.S.C. 321(b); 50 U.S.C. 4301-4341; Pub. L. 101-410, 104 Stat. 890 (28 U.S.C. 2461 note); 22 U.S.C. 6021-6091; Pub. L. 105-277, 112 Stat. 2681; Pub. L. 111-8, 123 Stat. 524; Pub. L. 111-117, 123 Stat. 3034; E.O. 9989, 13 FR 4891, 3 CFR, 1943-1948 Comp., p. 748; Proc. 3447, 27 FR 1085, 3 CFR, 1959-1963 Comp., p. 157; E.O. 12854, 58 FR 36587, 3 CFR, 1993 Comp., p. 614.
31:525	compilation-locator	usc	28:2021 -> (removed)	3 U.S.C. 301; 31 U.S.C. 321(b); 50 U.S.C. 1601-1651, 1701-1706; 28 U.S.C. 2461 note (Pub. L. 101-410, 104 Stat. 890, as amended); E.O. 14014, 86 FR 9429, 3 CFR, 2021 Comp., p. 514.
31:526	compilation-locator	usc	28:2022 -> (removed)	3 U.S.C. 301; 22 U.S.C. 1741 et seq.; 31 U.S.C. 321(b); 50 U.S.C. 1601 et seq., 1701 et seq.; Pub. L. 101-410, 104 Stat. 890, as amended (28 U.S.C. 2461 note); E.O. 14078, 87 FR 43389, 3 CFR, 2022 Comp., p. 407.
31:535	compilation-locator	usc	28:1979 -> (removed)	3 U.S.C. 301; 18 U.S.C. 2332d; 31 U.S.C. 321(b); 50 U.S.C. 1601-1651, 1701-1706; Pub. L. 101-410, 104 Stat. 890, as amended (28 U.S.C. 2461 note); E.O. 12170, 44 FR 65729, 3 CFR, 1979 Comp., p. 457; E.O. 12205, 45 FR 24099, 3 CFR, 1980 Comp., p. 248; E.O. 12211, 45 FR 26685, 3 CFR, 1980 Comp., p. 253; E.O. 12276, 46 FR 7913, 3 CFR, 1981 Comp., p. 104; E.O. 12279, 46 FR 7919, 3 CFR, 1981 Comp., p. 109; E.O. 12280, 46 FR 7921, 3 CFR, 1981 Comp., p. 110; E.O. 12281, 46 FR 7923, 3 CFR, 1981 Comp., p. 112; E.O. 12282, 46 FR 7925, 3 CFR, 1981 Comp., p. 113; E.O. 12283, 46 FR 7927, 3 CFR, 1981 Comp., p. 114; E.O. 12294, 46 FR 14111, 3 CFR, 1981 Comp., p. 139.
31:535	compilation-locator	usc	28:1980 -> (removed)	3 U.S.C. 301; 18 U.S.C. 2332d; 31 U.S.C. 321(b); 50 U.S.C. 1601-1651, 1701-1706; Pub. L. 101-410, 104 Stat. 890, as amended (28 U.S.C. 2461 note); E.O. 12170, 44 FR 65729, 3 CFR, 1979 Comp., p. 457; E.O. 12205, 45 FR 24099, 3 CFR, 1980 Comp., p. 248; E.O. 12211, 45 FR 26685, 3 CFR, 1980 Comp., p. 253; E.O. 12276, 46 FR 7913, 3 CFR, 1981 Comp., p. 104; E.O. 12279, 46 FR 7919, 3 CFR, 1981 Comp., p. 109; E.O. 12280, 46 FR 7921, 3 CFR, 1981 Comp., p. 110; E.O. 12281, 46 FR 7923, 3 CFR, 1981 Comp., p. 112; E.O. 12282, 46 FR 7925, 3 CFR, 1981 Comp., p. 113; E.O. 12283, 46 FR 7927, 3 CFR, 1981 Comp., p. 114; E.O. 12294, 46 FR 14111, 3 CFR, 1981 Comp., p. 139.
31:535	compilation-locator	usc	28:1981 -> (removed)	3 U.S.C. 301; 18 U.S.C. 2332d; 31 U.S.C. 321(b); 50 U.S.C. 1601-1651, 1701-1706; Pub. L. 101-410, 104 Stat. 890, as amended (28 U.S.C. 2461 note); E.O. 12170, 44 FR 65729, 3 CFR, 1979 Comp., p. 457; E.O. 12205, 45 FR 24099, 3 CFR, 1980 Comp., p. 248; E.O. 12211, 45 FR 26685, 3 CFR, 1980 Comp., p. 253; E.O. 12276, 46 FR 7913, 3 CFR, 1981 Comp., p. 104; E.O. 12279, 46 FR 7919, 3 CFR, 1981 Comp., p. 109; E.O. 12280, 46 FR 7921, 3 CFR, 1981 Comp., p. 110; E.O. 12281, 46 FR 7923, 3 CFR, 1981 Comp., p. 112; E.O. 12282, 46 FR 7925, 3 CFR, 1981 Comp., p. 113; E.O. 12283, 46 FR 7927, 3 CFR, 1981 Comp., p. 114; E.O. 12294, 46 FR 14111, 3 CFR, 1981 Comp., p. 139.
31:536	compilation-locator	usc	28:1995 -> (removed)	3 U.S.C. 301; 31 U.S.C. 321(b); 50 U.S.C. 1601 et seq., 1701 et seq.; Pub. L. 101-410, 104 Stat. 890, as amended (28 U.S.C. 2461 note); E.O. 12978, 60 FR 54579, 3 CFR, 1995 Comp., p. 415; E.O. 13286, 68 FR 10619, 3 CFR, 2003 Comp., p. 166.
31:536	compilation-locator	usc	28:2003 -> (removed)	3 U.S.C. 301; 31 U.S.C. 321(b); 50 U.S.C. 1601 et seq., 1701 et seq.; Pub. L. 101-410, 104 Stat. 890, as amended (28 U.S.C. 2461 note); E.O. 12978, 60 FR 54579, 3 CFR, 1995 Comp., p. 415; E.O. 13286, 68 FR 10619, 3 CFR, 2003 Comp., p. 166.
31:539	compilation-locator	usc	28:1994 -> (removed)	3 U.S.C. 301; 22 U.S.C. 2751-2799aa-2; 31 U.S.C. 321(b); 50 U.S.C. 1601-1651, 1701-1706; Pub. L. 101-410, 104 Stat. 890, as amended (28 U.S.C. 2461 note); E.O. 12938, 59 FR 59099, 3 CFR, 1994 Comp., p. 950; E.O. 13094, 63 FR 40803, 3 CFR, 1998 Comp., p. 200; E.O. 13382, 70 FR 38567, 3 CFR, 2005 Comp., p. 170.
31:539	compilation-locator	usc	28:1998 -> (removed)	3 U.S.C. 301; 22 U.S.C. 2751-2799aa-2; 31 U.S.C. 321(b); 50 U.S.C. 1601-1651, 1701-1706; Pub. L. 101-410, 104 Stat. 890, as amended (28 U.S.C. 2461 note); E.O. 12938, 59 FR 59099, 3 CFR, 1994 Comp., p. 950; E.O. 13094, 63 FR 40803, 3 CFR, 1998 Comp., p. 200; E.O. 13382, 70 FR 38567, 3 CFR, 2005 Comp., p. 170.
31:539	compilation-locator	usc	28:2005 -> (removed)	3 U.S.C. 301; 22 U.S.C. 2751-2799aa-2; 31 U.S.C. 321(b); 50 U.S.C. 1601-1651, 1701-1706; Pub. L. 101-410, 104 Stat. 890, as amended (28 U.S.C. 2461 note); E.O. 12938, 59 FR 59099, 3 CFR, 1994 Comp., p. 950; E.O. 13094, 63 FR 40803, 3 CFR, 1998 Comp., p. 200; E.O. 13382, 70 FR 38567, 3 CFR, 2005 Comp., p. 170.
31:544	compilation-locator	usc	28:1994 -> (removed)	3 U.S.C. 301; 31 U.S.C. 321(b); 50 U.S.C. 1601 et seq., 1701 et seq.; Pub. L. 101-410, 104 Stat. 890, as amended (28 U.S.C. 2461 note); E.O. 12938, 59 FR 59099, 3 CFR, 1994 Comp., p. 950; E.O. 13094, 63 FR 40803, 3 CFR, 1998 Comp., p. 200; E.O. 13382, 70 FR 38567, 3 CFR, 2005 Comp., p. 170.
31:544	compilation-locator	usc	28:1998 -> (removed)	3 U.S.C. 301; 31 U.S.C. 321(b); 50 U.S.C. 1601 et seq., 1701 et seq.; Pub. L. 101-410, 104 Stat. 890, as amended (28 U.S.C. 2461 note); E.O. 12938, 59 FR 59099, 3 CFR, 1994 Comp., p. 950; E.O. 13094, 63 FR 40803, 3 CFR, 1998 Comp., p. 200; E.O. 13382, 70 FR 38567, 3 CFR, 2005 Comp., p. 170.
31:544	compilation-locator	usc	28:2005 -> (removed)	3 U.S.C. 301; 31 U.S.C. 321(b); 50 U.S.C. 1601 et seq., 1701 et seq.; Pub. L. 101-410, 104 Stat. 890, as amended (28 U.S.C. 2461 note); E.O. 12938, 59 FR 59099, 3 CFR, 1994 Comp., p. 950; E.O. 13094, 63 FR 40803, 3 CFR, 1998 Comp., p. 200; E.O. 13382, 70 FR 38567, 3 CFR, 2005 Comp., p. 170.
31:546	compilation-locator	usc	28:1997 -> (removed)	3 U.S.C. 301; 31 U.S.C. 321(b); 50 U.S.C. 1601-1651, 1701-1706; 22 U.S.C. 287c; Pub. L. 101-410, 104 Stat. 890, as amended (28 U.S.C. 2461 note); E.O. 13067, 62 FR 59989, 3 CFR, 1997 Comp., p. 230; E.O. 13400, 71 FR 25483, 3 CFR, 2006 Comp., p. 220; E.O. 14098, 88 FR 29529.
31:546	compilation-locator	usc	28:2006 -> (removed)	3 U.S.C. 301; 31 U.S.C. 321(b); 50 U.S.C. 1601-1651, 1701-1706; 22 U.S.C. 287c; Pub. L. 101-410, 104 Stat. 890, as amended (28 U.S.C. 2461 note); E.O. 13067, 62 FR 59989, 3 CFR, 1997 Comp., p. 230; E.O. 13400, 71 FR 25483, 3 CFR, 2006 Comp., p. 220; E.O. 14098, 88 FR 29529.
31:547	compilation-locator	usc	28:2006 -> (removed)	3 U.S.C. 301; 31 U.S.C. 321(b); 50 U.S.C. 1601 et seq., 1701 et seq.; 22 U.S.C. 287c; Pub. L. 101-410, 104 Stat. 890, as amended (28 U.S.C. 2461 note); E.O. 13413, 71 FR 64105, 3 CFR, 2006 Comp., p. 247; E.O. 13671, 79 FR 39949, 3 CFR, 2015 Comp., p. 280.
31:547	compilation-locator	usc	28:2015 -> (removed)	3 U.S.C. 301; 31 U.S.C. 321(b); 50 U.S.C. 1601 et seq., 1701 et seq.; 22 U.S.C. 287c; Pub. L. 101-410, 104 Stat. 890, as amended (28 U.S.C. 2461 note); E.O. 13413, 71 FR 64105, 3 CFR, 2006 Comp., p. 247; E.O. 13671, 79 FR 39949, 3 CFR, 2015 Comp., p. 280.
31:548	compilation-locator	usc	28:2006 -> (removed)	3 U.S.C. 301; 31 U.S.C. 321(b); 50 U.S.C. 1601 et seq., 1701 et seq.; Pub. L. 101-410, 104 Stat. 890, as amended (28 U.S.C. 2461 note); E.O. 13405, 71 FR 35485, 3 CFR, 2006 Comp., p. 231; E.O. 14038, 86 FR 43905, 3 CFR, 2021 Comp., p. 626.
31:548	compilation-locator	usc	28:2021 -> (removed)	3 U.S.C. 301; 31 U.S.C. 321(b); 50 U.S.C. 1601 et seq., 1701 et seq.; Pub. L. 101-410, 104 Stat. 890, as amended (28 U.S.C. 2461 note); E.O. 13405, 71 FR 35485, 3 CFR, 2006 Comp., p. 231; E.O. 14038, 86 FR 43905, 3 CFR, 2021 Comp., p. 626.
31:549	compilation-locator	usc	28:2008 -> (removed)	3 U.S.C. 301; 31 U.S.C. 321(b); 50 U.S.C. 1601 et seq., 1701 et seq.; Pub. L. 101-410, 104 Stat. 890, as amended (28 U.S.C. 2461 note); E.O. 13441, 72 FR 43499, 3 CFR, 2008 Comp., p. 232.
31:550	compilation-locator	usc	28:2022 -> (removed)	3 U.S.C. 301; 31 U.S.C. 321(b); 50 U.S.C. 1601 et seq., 1701 et seq.; Pub. L. 101-410, 104 Stat. 890, as amended (28 U.S.C. 2461 note); E.O. 14046, 86 FR 52389, 3 CFR, 2022 Comp., p. 549.
31:551	compilation-locator	usc	28:2010 -> (removed)	3 U.S.C. 301; 31 U.S.C. 321(b); 50 U.S.C. 1601 et seq., 1701 et seq.; 22 U.S.C. 287c; Pub. L. 101-410, 104 Stat. 890, as amended (28 U.S.C. 2461 note); E.O. 13536, 75 FR 19869, 3 CFR, 2010 Comp., p. 203; E.O. 13620, 77 FR 43483, 3 CFR, 2012 Comp., p. 281.
31:551	compilation-locator	usc	28:2012 -> (removed)	3 U.S.C. 301; 31 U.S.C. 321(b); 50 U.S.C. 1601 et seq., 1701 et seq.; 22 U.S.C. 287c; Pub. L. 101-410, 104 Stat. 890, as amended (28 U.S.C. 2461 note); E.O. 13536, 75 FR 19869, 3 CFR, 2010 Comp., p. 203; E.O. 13620, 77 FR 43483, 3 CFR, 2012 Comp., p. 281.
31:552	compilation-locator	usc	28:2012 -> (removed)	3 U.S.C. 301; 31 U.S.C. 321(b); 50 U.S.C. 1601 et seq., 1701 et seq.; Pub. L. 101-410, 104 Stat. 890, as amended (28 U.S.C. 2461 note); E.O. 13611, 77 FR 29533, 3 CFR, 2012 Comp., p. 260.
31:553	compilation-locator	usc	28:2014 -> (removed)	3 U.S.C. 301; 31 U.S.C. 321(b); 50 U.S.C. 1601 et seq., 1701 et seq.; 22 U.S.C. 287c; Pub. L. 101-410, 104 Stat. 890, as amended (28 U.S.C. 2461 note); E.O. 13667, 79 FR 28387, 3 CFR, 2014 Comp., p. 243.
31:555	compilation-locator	usc	28:2019 -> (removed)	3 U.S.C. 301; 22 U.S.C. 287c; 31 U.S.C. 321(b); 50 U.S.C. 1601 et seq., 1701 et seq.; Pub. L. 101-410, 104 Stat. 890, as amended (28 U.S.C. 2461 note); E.O. 13882, 84 FR 37055, 3 CFR, 2019 Comp., p. 346.
31:558	compilation-locator	usc	28:2014 -> (removed)	3 U.S.C. 301; 31 U.S.C. 321(b); 50 U.S.C. 1601 et seq., 1701 et seq.; Pub. L. 101-410, 104 Stat. 890, as amended (28 U.S.C. 2461 note); E.O. 13664, 79 FR 19283, 3 CFR, 2014 Comp., p. 238.
31:560	compilation-locator	usc	28:1987 -> (removed)	3 U.S.C. 301; 18 U.S.C. 2339B, 2332d; 22 U.S.C. 2349aa-9, 7201-7211, 8501-8551, 8701-8795; 31 U.S.C. 321(b); 50 U.S.C. 1601-1651, 1701-1706; Pub. L. 101-410, 104 Stat. 890, as amended (28 U.S.C. 2461 note); E.O. 12613, 52 FR 41940, 3 CFR, 1987 Comp., p. 256; E.O. 12957, 60 FR 14615, 3 CFR, 1995 Comp., p. 332; E.O. 12959, 60 FR 24757, 3 CFR, 1995 Comp., p. 356; E.O. 13059, 62 FR 44531, 3 CFR, 1997 Comp., p. 217; E.O. 13599, 77 FR 6659, 3 CFR, 2012 Comp., p. 215; E.O. 13846, 83 FR 38939, 3 CFR, 2018 Comp., p. 854.
31:560	compilation-locator	usc	28:1995 -> (removed)	3 U.S.C. 301; 18 U.S.C. 2339B, 2332d; 22 U.S.C. 2349aa-9, 7201-7211, 8501-8551, 8701-8795; 31 U.S.C. 321(b); 50 U.S.C. 1601-1651, 1701-1706; Pub. L. 101-410, 104 Stat. 890, as amended (28 U.S.C. 2461 note); E.O. 12613, 52 FR 41940, 3 CFR, 1987 Comp., p. 256; E.O. 12957, 60 FR 14615, 3 CFR, 1995 Comp., p. 332; E.O. 12959, 60 FR 24757, 3 CFR, 1995 Comp., p. 356; E.O. 13059, 62 FR 44531, 3 CFR, 1997 Comp., p. 217; E.O. 13599, 77 FR 6659, 3 CFR, 2012 Comp., p. 215; E.O. 13846, 83 FR 38939, 3 CFR, 2018 Comp., p. 854.
31:560	compilation-locator	usc	28:1997 -> (removed)	3 U.S.C. 301; 18 U.S.C. 2339B, 2332d; 22 U.S.C. 2349aa-9, 7201-7211, 8501-8551, 8701-8795; 31 U.S.C. 321(b); 50 U.S.C. 1601-1651, 1701-1706; Pub. L. 101-410, 104 Stat. 890, as amended (28 U.S.C. 2461 note); E.O. 12613, 52 FR 41940, 3 CFR, 1987 Comp., p. 256; E.O. 12957, 60 FR 14615, 3 CFR, 1995 Comp., p. 332; E.O. 12959, 60 FR 24757, 3 CFR, 1995 Comp., p. 356; E.O. 13059, 62 FR 44531, 3 CFR, 1997 Comp., p. 217; E.O. 13599, 77 FR 6659, 3 CFR, 2012 Comp., p. 215; E.O. 13846, 83 FR 38939, 3 CFR, 2018 Comp., p. 854.
31:560	compilation-locator	usc	28:2012 -> (removed)	3 U.S.C. 301; 18 U.S.C. 2339B, 2332d; 22 U.S.C. 2349aa-9, 7201-7211, 8501-8551, 8701-8795; 31 U.S.C. 321(b); 50 U.S.C. 1601-1651, 1701-1706; Pub. L. 101-410, 104 Stat. 890, as amended (28 U.S.C. 2461 note); E.O. 12613, 52 FR 41940, 3 CFR, 1987 Comp., p. 256; E.O. 12957, 60 FR 14615, 3 CFR, 1995 Comp., p. 332; E.O. 12959, 60 FR 24757, 3 CFR, 1995 Comp., p. 356; E.O. 13059, 62 FR 44531, 3 CFR, 1997 Comp., p. 217; E.O. 13599, 77 FR 6659, 3 CFR, 2012 Comp., p. 215; E.O. 13846, 83 FR 38939, 3 CFR, 2018 Comp., p. 854.
31:560	compilation-locator	usc	28:2018 -> (removed)	3 U.S.C. 301; 18 U.S.C. 2339B, 2332d; 22 U.S.C. 2349aa-9, 7201-7211, 8501-8551, 8701-8795; 31 U.S.C. 321(b); 50 U.S.C. 1601-1651, 1701-1706; Pub. L. 101-410, 104 Stat. 890, as amended (28 U.S.C. 2461 note); E.O. 12613, 52 FR 41940, 3 CFR, 1987 Comp., p. 256; E.O. 12957, 60 FR 14615, 3 CFR, 1995 Comp., p. 332; E.O. 12959, 60 FR 24757, 3 CFR, 1995 Comp., p. 356; E.O. 13059, 62 FR 44531, 3 CFR, 1997 Comp., p. 217; E.O. 13599, 77 FR 6659, 3 CFR, 2012 Comp., p. 215; E.O. 13846, 83 FR 38939, 3 CFR, 2018 Comp., p. 854.
31:561	compilation-locator	usc	28:1995 -> (removed)	3 U.S.C. 301; 31 U.S.C. 321(b); 50 U.S.C. 1601-1651, 1701-1706; 22 U.S.C. 8501-8551, 8701-8795; Pub. L. 101-410, 104 Stat. 890, as amended (28 U.S.C. 2461 note); E.O. 12957, 60 FR 14615, 3 CFR, 1995 Comp., p. 332; E.O. 13553, 75 FR 60567, 3 CFR, 2010 Comp., p. 253; E.O. 13599, 77 FR 6659, 3 CFR, 2012 Comp., p. 215; E.O. 13846, 83 FR 38939, 3 CFR, 2018 Comp., p. 854; E.O. 13871, 84 FR 20761, 3 CFR, 2019 Comp., p. 309.
31:561	compilation-locator	usc	28:2010 -> (removed)	3 U.S.C. 301; 31 U.S.C. 321(b); 50 U.S.C. 1601-1651, 1701-1706; 22 U.S.C. 8501-8551, 8701-8795; Pub. L. 101-410, 104 Stat. 890, as amended (28 U.S.C. 2461 note); E.O. 12957, 60 FR 14615, 3 CFR, 1995 Comp., p. 332; E.O. 13553, 75 FR 60567, 3 CFR, 2010 Comp., p. 253; E.O. 13599, 77 FR 6659, 3 CFR, 2012 Comp., p. 215; E.O. 13846, 83 FR 38939, 3 CFR, 2018 Comp., p. 854; E.O. 13871, 84 FR 20761, 3 CFR, 2019 Comp., p. 309.
31:561	compilation-locator	usc	28:2012 -> (removed)	3 U.S.C. 301; 31 U.S.C. 321(b); 50 U.S.C. 1601-1651, 1701-1706; 22 U.S.C. 8501-8551, 8701-8795; Pub. L. 101-410, 104 Stat. 890, as amended (28 U.S.C. 2461 note); E.O. 12957, 60 FR 14615, 3 CFR, 1995 Comp., p. 332; E.O. 13553, 75 FR 60567, 3 CFR, 2010 Comp., p. 253; E.O. 13599, 77 FR 6659, 3 CFR, 2012 Comp., p. 215; E.O. 13846, 83 FR 38939, 3 CFR, 2018 Comp., p. 854; E.O. 13871, 84 FR 20761, 3 CFR, 2019 Comp., p. 309.
31:561	compilation-locator	usc	28:2018 -> (removed)	3 U.S.C. 301; 31 U.S.C. 321(b); 50 U.S.C. 1601-1651, 1701-1706; 22 U.S.C. 8501-8551, 8701-8795; Pub. L. 101-410, 104 Stat. 890, as amended (28 U.S.C. 2461 note); E.O. 12957, 60 FR 14615, 3 CFR, 1995 Comp., p. 332; E.O. 13553, 75 FR 60567, 3 CFR, 2010 Comp., p. 253; E.O. 13599, 77 FR 6659, 3 CFR, 2012 Comp., p. 215; E.O. 13846, 83 FR 38939, 3 CFR, 2018 Comp., p. 854; E.O. 13871, 84 FR 20761, 3 CFR, 2019 Comp., p. 309.
31:561	compilation-locator	usc	28:2019 -> (removed)	3 U.S.C. 301; 31 U.S.C. 321(b); 50 U.S.C. 1601-1651, 1701-1706; 22 U.S.C. 8501-8551, 8701-8795; Pub. L. 101-410, 104 Stat. 890, as amended (28 U.S.C. 2461 note); E.O. 12957, 60 FR 14615, 3 CFR, 1995 Comp., p. 332; E.O. 13553, 75 FR 60567, 3 CFR, 2010 Comp., p. 253; E.O. 13599, 77 FR 6659, 3 CFR, 2012 Comp., p. 215; E.O. 13846, 83 FR 38939, 3 CFR, 2018 Comp., p. 854; E.O. 13871, 84 FR 20761, 3 CFR, 2019 Comp., p. 309.
31:562	compilation-locator	usc	28:1995 -> (removed)	3 U.S.C. 301; 18 U.S.C. 2332d; 22 U.S.C. 8501-8551; 31 U.S.C. 321(b); 50 U.S.C. 1601-1651, 1701-1706; Pub. L. 101-410, 104 Stat. 890, as amended (28 U.S.C. 2461 note); E.O. 12957, 60 FR 14615, 3 CFR, 1995 Comp., p. 332; E.O. 13553, 75 FR 60567, 3 CFR, 2010 Comp., p. 253; E.O. 13871, 84 FR 20761, 3 CFR, 2019 Comp., p. 308.
31:562	compilation-locator	usc	28:2010 -> (removed)	3 U.S.C. 301; 18 U.S.C. 2332d; 22 U.S.C. 8501-8551; 31 U.S.C. 321(b); 50 U.S.C. 1601-1651, 1701-1706; Pub. L. 101-410, 104 Stat. 890, as amended (28 U.S.C. 2461 note); E.O. 12957, 60 FR 14615, 3 CFR, 1995 Comp., p. 332; E.O. 13553, 75 FR 60567, 3 CFR, 2010 Comp., p. 253; E.O. 13871, 84 FR 20761, 3 CFR, 2019 Comp., p. 308.
31:562	compilation-locator	usc	28:2019 -> (removed)	3 U.S.C. 301; 18 U.S.C. 2332d; 22 U.S.C. 8501-8551; 31 U.S.C. 321(b); 50 U.S.C. 1601-1651, 1701-1706; Pub. L. 101-410, 104 Stat. 890, as amended (28 U.S.C. 2461 note); E.O. 12957, 60 FR 14615, 3 CFR, 1995 Comp., p. 332; E.O. 13553, 75 FR 60567, 3 CFR, 2010 Comp., p. 253; E.O. 13871, 84 FR 20761, 3 CFR, 2019 Comp., p. 308.
31:569	compilation-locator	usc	50:2012 -> (removed)	3 U.S.C. 301; 31 U.S.C. 321(b); 50 U.S.C. 1601 et seq., 1701 et seq.; 28 U.S.C. 2461 note (Pub. L. 101-410, 104 Stat. 890, as amended); 22 U.S.C. 8791 et seq. (Pub. L. 112-158, Title VII, sec. 705, 126 Stat. 1268); 22 U.S.C. 8791 note (Pub. L. 116-92, Div. F, Title LXXIV, 133 Stat. 2291); 22 U.S.C. 9528(a); 50 U.S.C. 1701 note (Pub. L. 118-50, div. P, 138 Stat. 992); E.O. 13606, 77 FR 24571, 3 CFR, 2012 Comp., p. 243; E.O. 13894, 84 FR 55851, 3 CFR, 2019 Comp., p. 382; E.O. 14142, 90 FR 6709; E.O. 14312, 90 FR 29395.
31:569	compilation-locator	usc	50:2019 -> (removed)	3 U.S.C. 301; 31 U.S.C. 321(b); 50 U.S.C. 1601 et seq., 1701 et seq.; 28 U.S.C. 2461 note (Pub. L. 101-410, 104 Stat. 890, as amended); 22 U.S.C. 8791 et seq. (Pub. L. 112-158, Title VII, sec. 705, 126 Stat. 1268); 22 U.S.C. 8791 note (Pub. L. 116-92, Div. F, Title LXXIV, 133 Stat. 2291); 22 U.S.C. 9528(a); 50 U.S.C. 1701 note (Pub. L. 118-50, div. P, 138 Stat. 992); E.O. 13606, 77 FR 24571, 3 CFR, 2012 Comp., p. 243; E.O. 13894, 84 FR 55851, 3 CFR, 2019 Comp., p. 382; E.O. 14142, 90 FR 6709; E.O. 14312, 90 FR 29395.
31:570	compilation-locator	usc	28:2011 -> (removed)	3 U.S.C. 301; 31 U.S.C. 321(b); 50 U.S.C. 1601 et seq., 1701 et seq.; 22 U.S.C. 287c; Pub. L. 101-410, 104 Stat. 890, as amended (28 U.S.C. 2461 note); E.O. 13566, 76 FR 11315, 3 CFR, 2011 Comp., p. 222; E.O. 13726, 81 FR 23559, 3 CFR, 2016 Comp., p. 454.
31:570	compilation-locator	usc	28:2016 -> (removed)	3 U.S.C. 301; 31 U.S.C. 321(b); 50 U.S.C. 1601 et seq., 1701 et seq.; 22 U.S.C. 287c; Pub. L. 101-410, 104 Stat. 890, as amended (28 U.S.C. 2461 note); E.O. 13566, 76 FR 11315, 3 CFR, 2011 Comp., p. 222; E.O. 13726, 81 FR 23559, 3 CFR, 2016 Comp., p. 454.
31:576	compilation-locator	usc	28:2003 -> (removed)	3 U.S.C. 301; 22 U.S.C. 287c; 31 U.S.C. 321(b); 50 U.S.C. 1601 et seq., 1701 et seq.; Pub. L. 101-410, 104 Stat. 890, as amended (28 U.S.C. 2461 note); E.O. 13303, 68 FR 31931, 3 CFR, 2003 Comp., p. 227; E.O. 13315, 68 FR 52315, 3 CFR, 2003 Comp., p. 252; E.O. 13350, 69 FR 46055, 3 CFR, 2004 Comp., p. 196; E.O. 13364, 69 FR 70177, 3 CFR, 2004 Comp., p. 236; E.O. 13438, 72 FR 39719, 3 CFR, 2007 Comp., p. 224; E.O. 13668, 79 FR 31019, 3 CFR, 2014 Comp., p. 248.
31:576	compilation-locator	usc	28:2004 -> (removed)	3 U.S.C. 301; 22 U.S.C. 287c; 31 U.S.C. 321(b); 50 U.S.C. 1601 et seq., 1701 et seq.; Pub. L. 101-410, 104 Stat. 890, as amended (28 U.S.C. 2461 note); E.O. 13303, 68 FR 31931, 3 CFR, 2003 Comp., p. 227; E.O. 13315, 68 FR 52315, 3 CFR, 2003 Comp., p. 252; E.O. 13350, 69 FR 46055, 3 CFR, 2004 Comp., p. 196; E.O. 13364, 69 FR 70177, 3 CFR, 2004 Comp., p. 236; E.O. 13438, 72 FR 39719, 3 CFR, 2007 Comp., p. 224; E.O. 13668, 79 FR 31019, 3 CFR, 2014 Comp., p. 248.
31:576	compilation-locator	usc	28:2007 -> (removed)	3 U.S.C. 301; 22 U.S.C. 287c; 31 U.S.C. 321(b); 50 U.S.C. 1601 et seq., 1701 et seq.; Pub. L. 101-410, 104 Stat. 890, as amended (28 U.S.C. 2461 note); E.O. 13303, 68 FR 31931, 3 CFR, 2003 Comp., p. 227; E.O. 13315, 68 FR 52315, 3 CFR, 2003 Comp., p. 252; E.O. 13350, 69 FR 46055, 3 CFR, 2004 Comp., p. 196; E.O. 13364, 69 FR 70177, 3 CFR, 2004 Comp., p. 236; E.O. 13438, 72 FR 39719, 3 CFR, 2007 Comp., p. 224; E.O. 13668, 79 FR 31019, 3 CFR, 2014 Comp., p. 248.
31:576	compilation-locator	usc	28:2014 -> (removed)	3 U.S.C. 301; 22 U.S.C. 287c; 31 U.S.C. 321(b); 50 U.S.C. 1601 et seq., 1701 et seq.; Pub. L. 101-410, 104 Stat. 890, as amended (28 U.S.C. 2461 note); E.O. 13303, 68 FR 31931, 3 CFR, 2003 Comp., p. 227; E.O. 13315, 68 FR 52315, 3 CFR, 2003 Comp., p. 252; E.O. 13350, 69 FR 46055, 3 CFR, 2004 Comp., p. 196; E.O. 13364, 69 FR 70177, 3 CFR, 2004 Comp., p. 236; E.O. 13438, 72 FR 39719, 3 CFR, 2007 Comp., p. 224; E.O. 13668, 79 FR 31019, 3 CFR, 2014 Comp., p. 248.
31:579	compilation-locator	usc	28:2018 -> (removed)	3 U.S.C. 301; 31 U.S.C. 321(b); 50 U.S.C. 1601 et seq., 1701 et seq.; Pub. L. 101-410, 104 Stat. 890, as amended (28 U.S.C. 2461 note); E.O. 13848, 83 FR 46843, 3 CFR, 2018 Comp., p. 869.
31:582	compilation-locator	usc	50:2018 -> (removed)	3 U.S.C. 301; 31 U.S.C. 321(b); 50 U.S.C. 1601 et seq., 1701 et seq.; Pub. L. 101-410, 104 Stat. 890, as amended (28 U.S.C. 2461 note); Pub. L. 115-335, 132 Stat. 5019 (50 U.S.C. 1701 note); E.O. 13851, 83 FR 61505, 3 CFR, 2018 Comp., p. 884.
31:583	compilation-locator	usc	22:2017 -> (removed)	3 U.S.C. 301; 22 U.S.C. 10101-10103; 31 U.S.C. 321(b); 50 U.S.C. 1601-1651, 1701-1706; Pub. L. 101-410, 104 Stat. 890, as amended (28 U.S.C. 2461 note); Pub. L. 116-145, 134 Stat. 651, as amended (22 U.S.C. 6901 note); Pub. L. 117-78, 135 Stat. 1531 (22 U.S.C. 6901 note); E.O. 13818, 82 FR 60839, 3 CFR, 2017 Comp., p. 399.
31:585	compilation-locator	usc	28:2020 -> (removed)	3 U.S.C. 301; 31 U.S.C. 321(b); 50 U.S.C. 1601 et seq., 1701 et seq.; Pub. L. 101-410, 104 Stat. 890 (28 U.S.C. 2461 note); E.O. 13936, 85 FR 43413, 3 CFR, 2020 Comp., p. 399.
31:586	compilation-locator	usc	28:2020 -> (removed)	3 U.S.C. 301; 31 U.S.C. 321(b); 50 U.S.C. 1601-1651, 1701-1706; Pub. L. 101-410, 104 Stat. 890, as amended (28 U.S.C. 2461 note); E.O. 13959, 85 FR 73185, 3 CFR, 2020 Comp., p. 475; E.O. 14032, 86 FR 30145.
31:587	compilation-locator	usc	28:2021 -> (removed)	3 U.S.C. 301; 31 U.S.C. 321(b); 50 U.S.C. 1601 et seq., 1701 et seq.; Pub. L. 101-410, 104 Stat. 890, as amended (28 U.S.C. 2461 note); E.O. 14024, 86 FR 20249, 3 CFR, 2021 Comp., p. 542.
31:588	compilation-locator	usc	28:2001 -> (removed)	3 U.S.C. 301; 31 U.S.C. 321(b); 50 U.S.C. 1601 et seq., 1701 et seq.; 22 U.S.C. 287c; Pub. L. 101-410, 104 Stat. 890, as amended (28 U.S.C. 2461 note); E.O. 13219, 66 FR 34777, 3 CFR, 2001 Comp., p. 778; E.O. 13304, 68 FR 32315, 3 CFR, 2004 Comp., p. 229; E.O. 14033, 86 FR 43905, 3 CFR, 2022 Comp., p. 591.
31:588	compilation-locator	usc	28:2004 -> (removed)	3 U.S.C. 301; 31 U.S.C. 321(b); 50 U.S.C. 1601 et seq., 1701 et seq.; 22 U.S.C. 287c; Pub. L. 101-410, 104 Stat. 890, as amended (28 U.S.C. 2461 note); E.O. 13219, 66 FR 34777, 3 CFR, 2001 Comp., p. 778; E.O. 13304, 68 FR 32315, 3 CFR, 2004 Comp., p. 229; E.O. 14033, 86 FR 43905, 3 CFR, 2022 Comp., p. 591.
31:588	compilation-locator	usc	28:2022 -> (removed)	3 U.S.C. 301; 31 U.S.C. 321(b); 50 U.S.C. 1601 et seq., 1701 et seq.; 22 U.S.C. 287c; Pub. L. 101-410, 104 Stat. 890, as amended (28 U.S.C. 2461 note); E.O. 13219, 66 FR 34777, 3 CFR, 2001 Comp., p. 778; E.O. 13304, 68 FR 32315, 3 CFR, 2004 Comp., p. 229; E.O. 14033, 86 FR 43905, 3 CFR, 2022 Comp., p. 591.
31:589	compilation-locator	usc	28:2014 -> (removed)	3 U.S.C. 301; 22 U.S.C. 8901-8910, 8921-8930; 31 U.S.C. 321(b); 50 U.S.C. 1601-1651, 1701-1706; Pub. L. 101-410, 104 Stat. 890, as amended (28 U.S.C. 2461 note); Pub. L. 115-44, 131 Stat. 886 (codified in scattered sections of 22 U.S.C.); E.O. 13660, 79 FR 13493, 3 CFR, 2014 Comp., p. 226; E.O. 13661, 79 FR 15535, 3 CFR, 2014 Comp., p. 229; E.O. 13662, 79 FR 16169, 3 CFR, 2014 Comp., p. 233; E.O. 13685, 79 FR 77357, 3 CFR, 2014 Comp., p. 313., E.O. 13849, 3 CFR, 2018 Comp., p. 875, E.O. 14065, 87 FR 10293, 3 CFR, 2022 Comp., p. 340.
31:589	compilation-locator	usc	28:2018 -> (removed)	3 U.S.C. 301; 22 U.S.C. 8901-8910, 8921-8930; 31 U.S.C. 321(b); 50 U.S.C. 1601-1651, 1701-1706; Pub. L. 101-410, 104 Stat. 890, as amended (28 U.S.C. 2461 note); Pub. L. 115-44, 131 Stat. 886 (codified in scattered sections of 22 U.S.C.); E.O. 13660, 79 FR 13493, 3 CFR, 2014 Comp., p. 226; E.O. 13661, 79 FR 15535, 3 CFR, 2014 Comp., p. 229; E.O. 13662, 79 FR 16169, 3 CFR, 2014 Comp., p. 233; E.O. 13685, 79 FR 77357, 3 CFR, 2014 Comp., p. 313., E.O. 13849, 3 CFR, 2018 Comp., p. 875, E.O. 14065, 87 FR 10293, 3 CFR, 2022 Comp., p. 340.
31:589	compilation-locator	usc	28:2022 -> (removed)	3 U.S.C. 301; 22 U.S.C. 8901-8910, 8921-8930; 31 U.S.C. 321(b); 50 U.S.C. 1601-1651, 1701-1706; Pub. L. 101-410, 104 Stat. 890, as amended (28 U.S.C. 2461 note); Pub. L. 115-44, 131 Stat. 886 (codified in scattered sections of 22 U.S.C.); E.O. 13660, 79 FR 13493, 3 CFR, 2014 Comp., p. 226; E.O. 13661, 79 FR 15535, 3 CFR, 2014 Comp., p. 229; E.O. 13662, 79 FR 16169, 3 CFR, 2014 Comp., p. 233; E.O. 13685, 79 FR 77357, 3 CFR, 2014 Comp., p. 313., E.O. 13849, 3 CFR, 2018 Comp., p. 875, E.O. 14065, 87 FR 10293, 3 CFR, 2022 Comp., p. 340.
31:590	compilation-locator	usc	28:2011 -> (removed)	3 U.S.C. 301; 31 U.S.C. 321(b); 50 U.S.C. 1601 et seq., 1701 et seq.; Pub. L. 101-410, 104 Stat. 890, as amended (28 U.S.C. 2461 note); E.O. 13581, 76 FR 44757, 3 CFR, 2011 Comp., p. 260; E.O. 13863, 84 FR 10255, 3 CFR, 2019 Comp., p. 267.
31:590	compilation-locator	usc	28:2019 -> (removed)	3 U.S.C. 301; 31 U.S.C. 321(b); 50 U.S.C. 1601 et seq., 1701 et seq.; Pub. L. 101-410, 104 Stat. 890, as amended (28 U.S.C. 2461 note); E.O. 13581, 76 FR 44757, 3 CFR, 2011 Comp., p. 260; E.O. 13863, 84 FR 10255, 3 CFR, 2019 Comp., p. 267.
31:591	compilation-locator	usc	50:2015 -> (removed)	3 U.S.C. 301; 31 U.S.C. 321(b); 50 U.S.C. 1601-1651, 1701-1706; Pub. L. 101-410, 104 Stat. 890, as amended (28 U.S.C. 2461 note); Pub. L. 113-278, 128 Stat. 3011 (50 U.S.C. 1701 note); E.O. 13692, 80 FR 12747, 3 CFR, 2015 Comp., p. 276; E.O. 13808, 82 FR 41155, 3 CFR, 2017 Comp., p. 377; E.O. 13827, 83 FR 12469, 3 CFR, 2018 Comp., p. 794; E.O. 13835, 83 FR 24001, 3 CFR, 2018 Comp., p. 817; E.O. 13850, 83 FR 55243, 3 CFR, 2018 Comp., p. 881; E.O. 13857, 84 FR 509, 3 CFR, 2019 Comp., p 251; E.O. 13884, 84 FR 38843, 3 CFR, 2019 Comp., p. 351.
31:591	compilation-locator	usc	50:2017 -> (removed)	3 U.S.C. 301; 31 U.S.C. 321(b); 50 U.S.C. 1601-1651, 1701-1706; Pub. L. 101-410, 104 Stat. 890, as amended (28 U.S.C. 2461 note); Pub. L. 113-278, 128 Stat. 3011 (50 U.S.C. 1701 note); E.O. 13692, 80 FR 12747, 3 CFR, 2015 Comp., p. 276; E.O. 13808, 82 FR 41155, 3 CFR, 2017 Comp., p. 377; E.O. 13827, 83 FR 12469, 3 CFR, 2018 Comp., p. 794; E.O. 13835, 83 FR 24001, 3 CFR, 2018 Comp., p. 817; E.O. 13850, 83 FR 55243, 3 CFR, 2018 Comp., p. 881; E.O. 13857, 84 FR 509, 3 CFR, 2019 Comp., p 251; E.O. 13884, 84 FR 38843, 3 CFR, 2019 Comp., p. 351.
31:591	compilation-locator	usc	50:2018 -> (removed)	3 U.S.C. 301; 31 U.S.C. 321(b); 50 U.S.C. 1601-1651, 1701-1706; Pub. L. 101-410, 104 Stat. 890, as amended (28 U.S.C. 2461 note); Pub. L. 113-278, 128 Stat. 3011 (50 U.S.C. 1701 note); E.O. 13692, 80 FR 12747, 3 CFR, 2015 Comp., p. 276; E.O. 13808, 82 FR 41155, 3 CFR, 2017 Comp., p. 377; E.O. 13827, 83 FR 12469, 3 CFR, 2018 Comp., p. 794; E.O. 13835, 83 FR 24001, 3 CFR, 2018 Comp., p. 817; E.O. 13850, 83 FR 55243, 3 CFR, 2018 Comp., p. 881; E.O. 13857, 84 FR 509, 3 CFR, 2019 Comp., p 251; E.O. 13884, 84 FR 38843, 3 CFR, 2019 Comp., p. 351.
31:591	compilation-locator	usc	50:2019 -> (removed)	3 U.S.C. 301; 31 U.S.C. 321(b); 50 U.S.C. 1601-1651, 1701-1706; Pub. L. 101-410, 104 Stat. 890, as amended (28 U.S.C. 2461 note); Pub. L. 113-278, 128 Stat. 3011 (50 U.S.C. 1701 note); E.O. 13692, 80 FR 12747, 3 CFR, 2015 Comp., p. 276; E.O. 13808, 82 FR 41155, 3 CFR, 2017 Comp., p. 377; E.O. 13827, 83 FR 12469, 3 CFR, 2018 Comp., p. 794; E.O. 13835, 83 FR 24001, 3 CFR, 2018 Comp., p. 817; E.O. 13850, 83 FR 55243, 3 CFR, 2018 Comp., p. 881; E.O. 13857, 84 FR 509, 3 CFR, 2019 Comp., p 251; E.O. 13884, 84 FR 38843, 3 CFR, 2019 Comp., p. 351.
31:592	compilation-locator	usc	28:2003 -> (removed)	3 U.S.C. 301; 19 U.S.C. 3901-3913; 31 U.S.C. 321(b); Pub. L. 101-410, 104 Stat. 890, as amended (28 U.S.C. 2461 note); E.O. 13312, 68 FR 45151, 3 CFR, 2003 Comp., p. 246.
31:594	compilation-locator	usc	50:2001 -> (removed)	3 U.S.C. 301; 22 U.S.C. 287c; 22 U.S.C. 9404-9411; 31 U.S.C. 321(b); 50 U.S.C. 1601-1651, 1701-1706; Pub. L. 101-410, 104 Stat. 890, as amended (28 U.S.C. 2461 note); Pub. L. 114-102, 129 Stat. 2205, as amended (50 U.S.C. 1701 note); Pub. L. 115-348, 132 Stat. 5055 (50 U.S.C. 1701 note); E.O. 13224, 66 FR 49079, 3 CFR, 2001 Comp., p. 786; E.O. 13268, 67 FR 44751, 3 CFR 2002 Comp., p. 240; E.O. 13284, 68 FR 4075, 3 CFR, 2003 Comp., p. 161; E.O. 13372, 70 FR 8499, 3 CFR, 2006 Comp., p. 159; E.O. 13886, 84 FR 48041, 3 CFR, 2019 Comp., p. 356.
31:594	compilation-locator	usc	50:2003 -> (removed)	3 U.S.C. 301; 22 U.S.C. 287c; 22 U.S.C. 9404-9411; 31 U.S.C. 321(b); 50 U.S.C. 1601-1651, 1701-1706; Pub. L. 101-410, 104 Stat. 890, as amended (28 U.S.C. 2461 note); Pub. L. 114-102, 129 Stat. 2205, as amended (50 U.S.C. 1701 note); Pub. L. 115-348, 132 Stat. 5055 (50 U.S.C. 1701 note); E.O. 13224, 66 FR 49079, 3 CFR, 2001 Comp., p. 786; E.O. 13268, 67 FR 44751, 3 CFR 2002 Comp., p. 240; E.O. 13284, 68 FR 4075, 3 CFR, 2003 Comp., p. 161; E.O. 13372, 70 FR 8499, 3 CFR, 2006 Comp., p. 159; E.O. 13886, 84 FR 48041, 3 CFR, 2019 Comp., p. 356.
31:594	compilation-locator	usc	50:2006 -> (removed)	3 U.S.C. 301; 22 U.S.C. 287c; 22 U.S.C. 9404-9411; 31 U.S.C. 321(b); 50 U.S.C. 1601-1651, 1701-1706; Pub. L. 101-410, 104 Stat. 890, as amended (28 U.S.C. 2461 note); Pub. L. 114-102, 129 Stat. 2205, as amended (50 U.S.C. 1701 note); Pub. L. 115-348, 132 Stat. 5055 (50 U.S.C. 1701 note); E.O. 13224, 66 FR 49079, 3 CFR, 2001 Comp., p. 786; E.O. 13268, 67 FR 44751, 3 CFR 2002 Comp., p. 240; E.O. 13284, 68 FR 4075, 3 CFR, 2003 Comp., p. 161; E.O. 13372, 70 FR 8499, 3 CFR, 2006 Comp., p. 159; E.O. 13886, 84 FR 48041, 3 CFR, 2019 Comp., p. 356.
31:594	compilation-locator	usc	50:2019 -> (removed)	3 U.S.C. 301; 22 U.S.C. 287c; 22 U.S.C. 9404-9411; 31 U.S.C. 321(b); 50 U.S.C. 1601-1651, 1701-1706; Pub. L. 101-410, 104 Stat. 890, as amended (28 U.S.C. 2461 note); Pub. L. 114-102, 129 Stat. 2205, as amended (50 U.S.C. 1701 note); Pub. L. 115-348, 132 Stat. 5055 (50 U.S.C. 1701 note); E.O. 13224, 66 FR 49079, 3 CFR, 2001 Comp., p. 786; E.O. 13268, 67 FR 44751, 3 CFR 2002 Comp., p. 240; E.O. 13284, 68 FR 4075, 3 CFR, 2003 Comp., p. 161; E.O. 13372, 70 FR 8499, 3 CFR, 2006 Comp., p. 159; E.O. 13886, 84 FR 48041, 3 CFR, 2019 Comp., p. 356.
31:599	compilation-locator	usc	28:2021 -> (removed)	3 U.S.C. 301; 21 U.S.C. 2301 et seq.; 31 U.S.C. 321(b); 50 U.S.C. 1601 et seq., 1701 et seq.; Pub. L. 101-410, 104 Stat. 890, as amended (28 U.S.C. 2461 note); E.O. 14059, 86 FR 71549, 3 CFR, 2021 Comp., p. 715.
31:7	compilation-locator	usc	5:1949 -> (removed)	80 Stat. 379; 5 U.S.C. 301, sec. 6, E.O. 10096; 3 CFR, 1949-1953 Comp., p. 292, as amended by E.O. 10930; 3 CFR, 1959-1963 Comp., p. 456.
31:7	compilation-locator	usc	5:1959 -> (removed)	80 Stat. 379; 5 U.S.C. 301, sec. 6, E.O. 10096; 3 CFR, 1949-1953 Comp., p. 292, as amended by E.O. 10930; 3 CFR, 1959-1963 Comp., p. 456.
32:156	dotted-cfr-section	usc	50:731 -> (removed)	E.O. 12968, as amended; E.O. 10450, as amended; E.O. 10865, as amended; E.O. 13526; E.O. 12829, as amended; E.O. 13467; E.O. 13488; E.O. 12333, as amended; 5 U.S.C 301 and 7532; section 1072 of Pub. L. 110-181, as amended; 15 U.S.C. 278g-3; 40 U.S.C. 11331; 10 U.S.C. 1564; 50 U.S.C. 3343; 5 CFR parts 731, 731.101, 732, and 736; and HSPD-12.
32:1615	compilation-locator	usc	50:1971 -> (removed)	Military Selective Service Act, 50 U.S.C. App. 451 et seq.; E.O. 11623, 36 FR 19963, 3 CFR, 1971-1975 Comp., p. 614, as amended by E.O. 12608, 52 FR 34617, 3 CFR, 1987 Comp., p. 245.
32:1615	compilation-locator	usc	50:1987 -> (removed)	Military Selective Service Act, 50 U.S.C. App. 451 et seq.; E.O. 11623, 36 FR 19963, 3 CFR, 1971-1975 Comp., p. 614, as amended by E.O. 12608, 52 FR 34617, 3 CFR, 1987 Comp., p. 245.
32:1660	compilation-locator	usc	50:1971 -> (removed)	5 U.S.C. 301; 50 U.S.C. 3809; and E.O. 11623, 36 FR 19963, 3 CFR, 1971-1975 Comp., p. 614, as amended by E.O. 13286, 68 FR 10619, 3 CFR, 2003 Comp., p. 166.
32:1660	compilation-locator	usc	50:2003 -> (removed)	5 U.S.C. 301; 50 U.S.C. 3809; and E.O. 11623, 36 FR 19963, 3 CFR, 1971-1975 Comp., p. 614, as amended by E.O. 13286, 68 FR 10619, 3 CFR, 2003 Comp., p. 166.
32:1703	cross-family-volume	usc	50:340 -> (removed)	The Intelligence Reform and Terrorism Prevention Act of 2004, Public Law No. 108-458, 118 Stat. 3638 (2004); National Security Act of 1947, as amended, 50 U.S.C. 401 et seq.; Executive Order 12333, as amended; and United States ex rel. Touhy v. Ragen, 340 U.S. 462 (1951).
32:1704	compilation-locator	usc	50:2009 -> (removed)	50 U.S.C. 3001; E.O. 13526, 75 FR 707, 3 CFR, 2009 Comp, p. 298.
32:1805	cross-family-volume	usc	50:340 -> (removed)	5 U.S.C. 104; Presidential Decision Directive/NSC 24 “U.S. Counterintelligence Effectiveness, dated May 3, 1994; 50 U.S.C. 403g; United States ex rel. Touhy v. Ragen, 340 U.S. 462 (1951); E.O. 12333; E.O. 12356; U.S. v. Snepp 444 U.S. 507 (1980).
32:1900	compilation-locator	usc	50:1987 -> (removed)	5 U.S.C. 552; 50 U.S.C. 3001 et seq.; 50 U.S.C. 3501 et seq.; 50 U.S.C. 3141; E.O. 12600, 52 FR 23781, 3 CFR, 1987 Comp., p. 235; E.O. 13392, 70 FR 75373, 3 CFR, 2005 Comp., p. 216; E.O. 13526, 75 FR 707, 3 CFR, 2009 Comp., p. 298.
32:1900	compilation-locator	usc	50:2005 -> (removed)	5 U.S.C. 552; 50 U.S.C. 3001 et seq.; 50 U.S.C. 3501 et seq.; 50 U.S.C. 3141; E.O. 12600, 52 FR 23781, 3 CFR, 1987 Comp., p. 235; E.O. 13392, 70 FR 75373, 3 CFR, 2005 Comp., p. 216; E.O. 13526, 75 FR 707, 3 CFR, 2009 Comp., p. 298.
32:1900	compilation-locator	usc	50:2009 -> (removed)	5 U.S.C. 552; 50 U.S.C. 3001 et seq.; 50 U.S.C. 3501 et seq.; 50 U.S.C. 3141; E.O. 12600, 52 FR 23781, 3 CFR, 1987 Comp., p. 235; E.O. 13392, 70 FR 75373, 3 CFR, 2005 Comp., p. 216; E.O. 13526, 75 FR 707, 3 CFR, 2009 Comp., p. 298.
32:1904	dotted-cfr-section	usc	50:1 -> (removed)	50 U.S.C. 403g; 50 U.S.C. 403(d)(3); E.O. 12333 sections 1.8(h), 1.8(i), 3.2.
32:1904	dotted-cfr-section	usc	50:3 -> (removed)	50 U.S.C. 403g; 50 U.S.C. 403(d)(3); E.O. 12333 sections 1.8(h), 1.8(i), 3.2.
32:1905	cross-family-volume	usc	50:340 -> (removed)	5 U.S.C. 403(d)(3); 50 U.S.C. 403g; United States ex rel. Touhy v. Ragen, 340 U.S. 462 (1951); E.O. 12333 §§ 1.8(i), 1.5(h), 3.2; E.O. 12356; U.S. v. Snepp, 444 U.S. 507 (1980).
32:1905	dotted-cfr-section	usc	50:1 -> (removed)	5 U.S.C. 403(d)(3); 50 U.S.C. 403g; United States ex rel. Touhy v. Ragen, 340 U.S. 462 (1951); E.O. 12333 §§ 1.8(i), 1.5(h), 3.2; E.O. 12356; U.S. v. Snepp, 444 U.S. 507 (1980).
32:1905	dotted-cfr-section	usc	50:3 -> (removed)	5 U.S.C. 403(d)(3); 50 U.S.C. 403g; United States ex rel. Touhy v. Ragen, 340 U.S. 462 (1951); E.O. 12333 §§ 1.8(i), 1.5(h), 3.2; E.O. 12356; U.S. v. Snepp, 444 U.S. 507 (1980).
32:1905	cross-family-volume	usc	50:444 -> (removed)	5 U.S.C. 403(d)(3); 50 U.S.C. 403g; United States ex rel. Touhy v. Ragen, 340 U.S. 462 (1951); E.O. 12333 §§ 1.8(i), 1.5(h), 3.2; E.O. 12356; U.S. v. Snepp, 444 U.S. 507 (1980).
32:2402	compilation-locator	usc	5:2005 -> (removed)	5 U.S.C. 552; E.O. 13392, 70 FR 75373, 3 CFR, 2005 Comp., p. 216.
32:719	dotted-cfr-section	usc	10:700 -> (removed)	3 U.S.C. 301; 5 U.S.C. 301; 10 U.S.C. 815, 5013, 5148; 32 CFR 700.206 and 700.1202.
32:720	dotted-cfr-section	usc	10:700 -> (removed)	5 U.S.C. 301; 10 U.S.C. 5031 and 5148; 32 CFR 700.206 and 700.1202.
32:751	compilation-locator	usc	10:1984 -> (removed)	5 U.S.C. 301, 10 U.S.C. 5013 and 5148; E.O. 12473, 3 CFR, 1984 Comp., p. 201.
32:752	dotted-cfr-section	usc	10:700 -> (removed)	5 U.S.C. 301; 10 U.S.C. 5013, 5148 and 7621-7623; 32 CFR 700.105 and 700.331.
32:755	compilation-locator	usc	10:1969 -> (removed)	5 U.S.C. 301; 10 U.S.C. 939, 5013, and5148; E.O. 11476, as reported in 3 CFR, 1969 Comp., p. 132; 32 CFR 700.206 and 700.1202.
32:755	dotted-cfr-section	usc	10:700 -> (removed)	5 U.S.C. 301; 10 U.S.C. 939, 5013, and5148; E.O. 11476, as reported in 3 CFR, 1969 Comp., p. 132; 32 CFR 700.206 and 700.1202.
32:757	compilation-locator	usc	10:1969 -> (removed)	5 U.S.C. 301; 10 U.S.C. 939, 5013, and 5148; E.O. 11476, 3 CFR, 1969 Comp., p. 132; 32 CFR 700.206 and 700.1202.
32:757	dotted-cfr-section	usc	10:700 -> (removed)	5 U.S.C. 301; 10 U.S.C. 939, 5013, and 5148; E.O. 11476, 3 CFR, 1969 Comp., p. 132; 32 CFR 700.206 and 700.1202.
33:1	compilation-locator	usc	49:1987 -> (removed)	14 U.S.C. 502, 503, 505; 33 U.S.C. 401, 491, 525, 1321, 2716, and 2716a; 42 U.S.C. 9615; 49 U.S.C. 322; DHS Delegation No. 00170.1, Revision No. 01.4; section 1.01-70 also issued under the authority of E.O. 12580, 3 CFR, 1987 Comp., p. 193; and sections 1.01-80 and 1.01-85 also issued under the authority of E.O. 12777, 3 CFR, 1991 Comp., p. 351.
33:1	dotted-cfr-section	usc	49:1 -> (removed)	14 U.S.C. 502, 503, 505; 33 U.S.C. 401, 491, 525, 1321, 2716, and 2716a; 42 U.S.C. 9615; 49 U.S.C. 322; DHS Delegation No. 00170.1, Revision No. 01.4; section 1.01-70 also issued under the authority of E.O. 12580, 3 CFR, 1987 Comp., p. 193; and sections 1.01-80 and 1.01-85 also issued under the authority of E.O. 12777, 3 CFR, 1991 Comp., p. 351.
33:1	compilation-locator	usc	49:1991 -> (removed)	14 U.S.C. 502, 503, 505; 33 U.S.C. 401, 491, 525, 1321, 2716, and 2716a; 42 U.S.C. 9615; 49 U.S.C. 322; DHS Delegation No. 00170.1, Revision No. 01.4; section 1.01-70 also issued under the authority of E.O. 12580, 3 CFR, 1987 Comp., p. 193; and sections 1.01-80 and 1.01-85 also issued under the authority of E.O. 12777, 3 CFR, 1991 Comp., p. 351.
33:101	compilation-locator	usc	46:1988 -> (removed)	46 U.S.C. 70101-70104 and 70124; Executive Order 12656, 3 CFR, 1988 Comp., p. 585; 33 CFR 1.05-1, 6.04-11, 6.14, 6.16, and 6.19; Department of Homeland Security Delegation No. 00170.1, Revision No. 01.4.
33:101	dotted-cfr-section	usc	46:6 -> (removed)	46 U.S.C. 70101-70104 and 70124; Executive Order 12656, 3 CFR, 1988 Comp., p. 585; 33 CFR 1.05-1, 6.04-11, 6.14, 6.16, and 6.19; Department of Homeland Security Delegation No. 00170.1, Revision No. 01.4.
33:103	dotted-cfr-section	usc	46:6 -> (removed)	46 U.S.C. 70034, 70051, 70102, 70103, 70104, 70112, 70116; 33 CFR 1.05-1, 6.04-11, 6.14, 6.16, and 6.19; Department of Homeland Security Delegation No. 0170.1.
33:104	dotted-cfr-section	usc	46:6 -> (removed)	46 U.S.C. 70051, 70116, Chapter 701; 33 CFR 1.05-1, 6.04-11, 6.14, 6.16, and 6.19; DHS Delegation No. 00170.1, Revision No. 01.3.
33:105	dotted-cfr-section	usc	46:6 -> (removed)	46 U.S.C. 70034, 70103, 70116; sec. 811, Pub. L. 111-281, 124 Stat. 2905 (46 U.S.C. 70103 note); 33 CFR 1.05-1, 6.04-11, 6.14, 6.16, and 6.19; DHS Delegation No. 00170.1, Revision No. 01.4.
33:106	dotted-cfr-section	usc	46:6 -> (removed)	46 U.S.C. 70051, 70116, Chapter 701; 33 CFR 1.05-1, 6.04-11, 6.14, 6.16, and 6.19; DHS Delegation No. 00170.1, Revision No. 01.3.
33:107	compilation-locator	usc	46:1996 -> (removed)	14 U.S.C. 701; 46 U.S.C. 70051, 70052, 70053; Presidential Proclamation 6867, 61 FR 8843, 3 CFR, 1996 Comp., p. 8; Presidential Proclamation 7757, 69 FR 9515 (March 1, 2004); Secretary of Homeland Security Order 2004-001; DHS Delegation No. 00170.1, Revision No. 01.4, and 33 CFR 1.05-1.
33:114	dotted-cfr-section	usc	49:1 -> (removed)	33 U.S.C. 401, 406, 491, 494, 495, 499, 502, 511, 513, 514, 516, 517, 519, 521, 522, 523, 525, 528, 530, 533, and 535(c), (e), and (h); 14 U.S.C. 503; 49 U.S.C. 1655(g); Pub. L. 107-296, 116 Stat. 2135; 33 CFR 1.05-1 and 1.01-60, DHS Delegation No. 00170.1, Revision No. 01.4.
33:125	compilation-locator	usc	46:1949 -> (removed)	R.S. 4517, 4518, secs. 19, 2, 23 Stat. 58, 118, sec. 7, 49 Stat. 1936, sec. 1, 40 Stat. 220; 46 U.S.C. 570-572, 2, 689, 70051 and 70105; E.O. 10173, E.O. 10277, E.O. 10352, 3 CFR, 1949-1953 Comp. pp. 356, 778, 873.
33:136	compilation-locator	usc	6:1991 -> (removed)	33 U.S.C. 2713(e) and 2714; Sec. 1512 of the Homeland Security Act of 2002, Pub. L. 107-296, Title XV, Nov. 25, 2002, 116 Stat. 2310 (6 U.S.C. 552(d)); E.O. 12777, 56 FR 54757, 3 CFR, 1991 Comp., p. 351, as amended by E.O. 13286, 68 FR 10619, 3 CFR, 2004 Comp., p.166; Department of Homeland Security Delegation No. 0170.1, para. 2(80).
33:136	compilation-locator	usc	6:2004 -> (removed)	33 U.S.C. 2713(e) and 2714; Sec. 1512 of the Homeland Security Act of 2002, Pub. L. 107-296, Title XV, Nov. 25, 2002, 116 Stat. 2310 (6 U.S.C. 552(d)); E.O. 12777, 56 FR 54757, 3 CFR, 1991 Comp., p. 351, as amended by E.O. 13286, 68 FR 10619, 3 CFR, 2004 Comp., p.166; Department of Homeland Security Delegation No. 0170.1, para. 2(80).
33:138	compilation-locator	usc	42:1987 -> (removed)	6 U.S.C. 552(d); 33 U.S.C. 2704, 2716, 2716a; 42 U.S.C. 9608, 9609; E.O. 12580, Sec. 7(b), 3 CFR, 1987 Comp., p. 193; E.O. 12777, Secs. 4 and 5, 3 CFR, 1991 Comp., p. 351, as amended by E.O. 13286, Sec. 89, 3 CFR, 2004 Comp., p. 166, and by E.O. 13638, Sec. 1, 3 CFR, 2014 Comp., p.227; Department of Homeland Security Delegation Nos. 00170.1, Revision 01.2 and 5110, Revision 01. Section 138.40 also issued under the authority of 46 U.S.C. 2103 and 14302.
33:138	compilation-locator	usc	42:1991 -> (removed)	6 U.S.C. 552(d); 33 U.S.C. 2704, 2716, 2716a; 42 U.S.C. 9608, 9609; E.O. 12580, Sec. 7(b), 3 CFR, 1987 Comp., p. 193; E.O. 12777, Secs. 4 and 5, 3 CFR, 1991 Comp., p. 351, as amended by E.O. 13286, Sec. 89, 3 CFR, 2004 Comp., p. 166, and by E.O. 13638, Sec. 1, 3 CFR, 2014 Comp., p.227; Department of Homeland Security Delegation Nos. 00170.1, Revision 01.2 and 5110, Revision 01. Section 138.40 also issued under the authority of 46 U.S.C. 2103 and 14302.
33:138	compilation-locator	usc	42:2004 -> (removed)	6 U.S.C. 552(d); 33 U.S.C. 2704, 2716, 2716a; 42 U.S.C. 9608, 9609; E.O. 12580, Sec. 7(b), 3 CFR, 1987 Comp., p. 193; E.O. 12777, Secs. 4 and 5, 3 CFR, 1991 Comp., p. 351, as amended by E.O. 13286, Sec. 89, 3 CFR, 2004 Comp., p. 166, and by E.O. 13638, Sec. 1, 3 CFR, 2014 Comp., p.227; Department of Homeland Security Delegation Nos. 00170.1, Revision 01.2 and 5110, Revision 01. Section 138.40 also issued under the authority of 46 U.S.C. 2103 and 14302.
33:138	compilation-locator	usc	42:2014 -> (removed)	6 U.S.C. 552(d); 33 U.S.C. 2704, 2716, 2716a; 42 U.S.C. 9608, 9609; E.O. 12580, Sec. 7(b), 3 CFR, 1987 Comp., p. 193; E.O. 12777, Secs. 4 and 5, 3 CFR, 1991 Comp., p. 351, as amended by E.O. 13286, Sec. 89, 3 CFR, 2004 Comp., p. 166, and by E.O. 13638, Sec. 1, 3 CFR, 2014 Comp., p.227; Department of Homeland Security Delegation Nos. 00170.1, Revision 01.2 and 5110, Revision 01. Section 138.40 also issued under the authority of 46 U.S.C. 2103 and 14302.
33:151	compilation-locator	usc	46:1991 -> (removed)	33 U.S.C. 1902, 1903, 1908; 46 U.S.C. 6101; 46 U.S.C. 70034; Pub. L. 104-227, 110 Stat. 3034; sec. 623, Pub. L. 108-293, 118 Stat. 1063; E.O. 12777, 56 FR 54757, 3 CFR, 1991 Comp., p. 351; DHS Delegation No. 00170.1, Revision No. 01.4.
33:153	compilation-locator	usc	46:1987 -> (removed)	14 U.S.C. 503; 33 U.S.C. 1321, 1903, 1908; 42 U.S.C. 9615; 46 U.S.C. 6101; E.O. 12580, 3 CFR, 1987 Comp., p. 193; E.O. 12777, 3 CFR, 1991 Comp., p. 351; Department of Homeland Security Delegation No. 00170.1, Revision No. 01.4.
33:153	compilation-locator	usc	46:1991 -> (removed)	14 U.S.C. 503; 33 U.S.C. 1321, 1903, 1908; 42 U.S.C. 9615; 46 U.S.C. 6101; E.O. 12580, 3 CFR, 1987 Comp., p. 193; E.O. 12777, 3 CFR, 1991 Comp., p. 351; Department of Homeland Security Delegation No. 00170.1, Revision No. 01.4.
33:155	compilation-locator	usc	46:1991 -> (removed)	3 U.S.C. 301 through 303; 33 U.S.C. 1321(j), 1903(b), 2735; 46 U.S.C. 70011; 70034; E.O. 12777, 56 FR 54757, 3 CFR, 1991 Comp., p. 351; DHS Delegation No. 00170.1, Revision No. 01.4. Section 155.1020 also issued under section 316 of Pub. L. 114-120. Section 155.480 also issued under section 4110(b) of Pub. L. 101-380.
33:164	compilation-locator	usc	46:1980 -> (removed)	46 U.S.C. 2103, 3703, 70034; E.O. 12234, 45 FR 58801, 3 CFR, 1980 Comp., p. 277. Sec. 164.13 also issued under 46 U.S.C. 8502. Sec. 164.46 also issued under 46 U.S.C. 70114 and Sec. 102 of Pub. L. 107-295. Sec. 164.61 also issued under 46 U.S.C. 6101. DHS Delegation No. 00170.1, Revision No. 01.4.
33:165	dotted-cfr-section	usc	46:6 -> (removed)	46 U.S.C. 70034, 70051, 70124; 33 CFR 1.05-1, 6.04-1, 6.04-6, and 160.5; DHS Delegation No. 00170.1, Revision No. 01.4.
33:165	dotted-cfr-section	usc	46:160 -> (removed)	46 U.S.C. 70034, 70051, 70124; 33 CFR 1.05-1, 6.04-1, 6.04-6, and 160.5; DHS Delegation No. 00170.1, Revision No. 01.4.
33:23	compilation-locator	usc	14:1954 -> (removed)	14 U.S.C. 933, 934; E.O. 10707; 3 CFR, 1954-1958 Comp., p. 364.
33:403	cross-family-volume	usc	33:10 -> (removed)	68 Stat. 92-96, 33 U.S.C. 981-990; Agreement between the Governments of United States and of Canada dated March 9, 1959, 10 U.S.T. 323, unless otherwise noted.
33:50	dotted-cfr-section	usc	14:170 -> (removed)	10 U.S.C. 1554; 14 U.S.C. 501, 503; Department of Homeland Security Delegations No. 0160.1(II)(B)(1), 0170.1(II)(23).
33:51	dotted-cfr-section	usc	14:170 -> (removed)	10 U.S.C. 1553; 14 U.S.C. 501, 503; Department of Homeland Security Delegations No. 0160.1(II)(B)(1), 0170.1(II)(23).
33:52	dotted-cfr-section	usc	14:170 -> (removed)	10 U.S.C. 1552; 14 U.S.C. 501, 503; Department of Homeland Security Delegations No. 0160.1(II)(B)(1), 0170.1(II)(23).
33:82	compilation-locator	usc	33:1977 -> (removed)	14 U.S.C. 102, 503; 33 U.S.C. 1602; E.O. 11964, 42 FR 4327, 3 CFR, 1977 Comp., p. 88; 49 CFR 1.46(n).
34:7	compilation-locator	cfr	3:1950 -> (removed)	E.O. 10096, 15 FR 391; 3 CFR 1950 Supp.; E.O. 10930, 26 FR 2583; 3 CFR 1961 Supp.
34:7	compilation-locator	cfr	3:1961 -> (removed)	E.O. 10096, 15 FR 391; 3 CFR 1950 Supp.; E.O. 10930, 26 FR 2583; 3 CFR 1961 Supp.
34:73	compilation-locator	usc	18:1989 -> (removed)	5 U.S.C. 301, 7301; 18 U.S.C. 208; and E.O. 12674, 3 CFR, 1989 Comp., p. 215, as modified by E.O. 12731, 3 CFR, 1990 Comp., p. 306.
34:73	compilation-locator	usc	18:1990 -> (removed)	5 U.S.C. 301, 7301; 18 U.S.C. 208; and E.O. 12674, 3 CFR, 1989 Comp., p. 215, as modified by E.O. 12731, 3 CFR, 1990 Comp., p. 306.
36:1007	compilation-locator	usc	5:1988 -> (removed)	Pub. L. 104-333, 110 Stat. 4097 (16 U.S.C. 460bb note); 5 U.S.C. 552; E.O. 12,600, 52 FR 23781, 3 CFR, 1988 Comp., p. 235.
36:1223	compilation-locator	usc	44:1988 -> (removed)	44 U.S.C. 3101; E.O. 12656, 53 FR 47491, 3 CFR, 1988 Comp., p. 585; E.O. 13231, 66 FR 53063, 3 CFR, 2001 Comp., p. 805.
36:1223	compilation-locator	usc	44:2001 -> (removed)	44 U.S.C. 3101; E.O. 12656, 53 FR 47491, 3 CFR, 1988 Comp., p. 585; E.O. 13231, 66 FR 53063, 3 CFR, 2001 Comp., p. 805.
36:1250	compilation-locator	usc	5:1987 -> (removed)	44 U.S.C. 2104(a) and 2204 (3)(c)(1); 5 U.S.C. 552; Public Law 114-185; E.O. 13526; E.O. 12600; 52 FR 23781; 3 CFR, 1987 Comp., p. 235.
36:1256	compilation-locator	usc	5:1995 -> (removed)	44 U.S.C. 2101-2118; 22 U.S.C. 1461(b); 5 U.S.C. 552; E.O. 12958 (60 FR 19825, 3 CFR, 1995 Comp., p. 333; E.O. 13292, 68 FR 15315, 3 CFR, 2003 Comp., p. 196; E.O. 13233, 66 FR 56023, 3 CFR, 2001 Comp., p. 815.
36:1256	compilation-locator	usc	5:2003 -> (removed)	44 U.S.C. 2101-2118; 22 U.S.C. 1461(b); 5 U.S.C. 552; E.O. 12958 (60 FR 19825, 3 CFR, 1995 Comp., p. 333; E.O. 13292, 68 FR 15315, 3 CFR, 2003 Comp., p. 196; E.O. 13233, 66 FR 56023, 3 CFR, 2001 Comp., p. 815.
36:1256	compilation-locator	usc	5:2001 -> (removed)	44 U.S.C. 2101-2118; 22 U.S.C. 1461(b); 5 U.S.C. 552; E.O. 12958 (60 FR 19825, 3 CFR, 1995 Comp., p. 333; E.O. 13292, 68 FR 15315, 3 CFR, 2003 Comp., p. 196; E.O. 13233, 66 FR 56023, 3 CFR, 2001 Comp., p. 815.
36:1260	compilation-locator	usc	5:2009 -> (removed)	44 U.S.C. 2101 to 2118; 5 U.S.C. 552; E.O. 13526, 75 FR 707, 3 CFR, 2009 Comp., p. 298; Presidential Memorandum of December 29, 2009 “Implementation of the Executive Order, Classified National Security Information,” 75 FR 733, 3 CFR, 2009 Comp., p. 412; 32 CFR Part 2001.
37:150	compilation-locator	usc	35:1985 -> (removed)	35 U.S.C. 2(b)(2); E.O. 12504, 50 FR 4849; 3 CFR, 1985 Comp., p. 335.
38:0	compilation-locator	usc	38:1989 -> (removed)	5 U.S.C. 301; 38 U.S.C. 501; see sections 201, 301, and 502(a) of E.O. 12674, 54 FR 15159, 3 CFR, 1989 Comp., p. 215 as modified by E.O. 12731, 55 FR 42547, 3 CFR, 1990 Comp., p. 306.
38:0	compilation-locator	usc	38:1990 -> (removed)	5 U.S.C. 301; 38 U.S.C. 501; see sections 201, 301, and 502(a) of E.O. 12674, 54 FR 15159, 3 CFR, 1989 Comp., p. 215 as modified by E.O. 12731, 55 FR 42547, 3 CFR, 1990 Comp., p. 306.
38:17	compilation-locator	usc	38:1949 -> (removed)	38 U.S.C. 501, and as noted in specific sections. Section 17.30 also issued under 38 U.S.C. 1701. Section 17.32 also issued under 38 U.S.C. 7331-7334. Section 17.35 is also issued under 38 U.S.C. 1724. Section 17.37 is also issued under 38 U.S.C. 101, 1701, 1705, 1710, 1720J, 1721, 1722. Section 17.38 is also issued under 38 U.S.C. 1701 and 1703. Section 17.43 also issued under 38 U.S.C. 109, 1784, 8111, and 8153. Section 17.44 also issued under E.O. 10122, 15 FR 2173, 3 CFR, 1949-1953 Comp., p. 313, E.O. 10400, 17 FR 8648, 3 CFR, 1949-1953 Comp., p. 900, and E.O. 11733, 38 FR 20431, 3 CFR, 1971-1975 Comp., p. 792. Section 17.46 is also issued under 38 U.S.C. 1710. Section 17.47 is also issued under 38 U.S.C. 1701, 1710, 1721, 1722, 1729, 3104(a)(9), 7333, Pub. L. 99-272; 42 U.S.C. 1396 et seq. Section 17.52 is also issued under 38 U.S.C. 1701, 1703, 1710, 1712, and 3104. Section 17.55 is also issued under 38 U.S.C. 513, 1703, and 1728. Section 17.56 is also issued under 38 U.S.C. 1703 and 1728. Sections 17.61 through 17.74 are also issued under 38 U.S.C. 1730. Section 17.86 also issued under 38 U.S.C. 1785. Section 17.101 is also issued under 38 U.S.C. 101, 1701, 1705, 1710, 1721, 1722, 1729. Section 17.102 also issued under 38 U.S.C. 109, 1711, 1729, 1784, 1784A, 1785, 8111, 8153. Section 17.105 is also issued under 38 U.S.C. 501, 1721, 1722A, 1724, and 1725A. Section 17.108 is also issued under 38 U.S.C. 501, 1703, 1710, 1725A, 1720J, and 1730A. Section 17.110 is also issued under 38 U.S.C. 501, 1703, 1710, 1720D, 1720J, 1722A, and 1730A. Section 17.111 is also issued under 38 U.S.C. 101(28), 501, 1701(7), 1703, 1710, 1710B, 1720B, 1720D, 1722A, and 1730A. Section 17.125 is also issued under 38 U.S.C. 7304. Sections 17.156 and 17.157 are also issued under 38 U.S.C. 3901 and 3902. Section 17.158 is also issued under 38 U.S.C. 3902 and 3903. Section 17.169 is also issued under 38 U.S.C. 1712C. Sections 17.243 through 17.248 are also issued under 38 U.S.C. 7302 note. Sections 17.270, and 17.272 through 17.277 are also issued under 38 U.S.C. 1781. Section 17.271 is also issued under 38 U.S.C. 1720G(a)(7)(A) and 1781. Section 17.278 is also issued under 38 U.S.C. 1781 and 42 U.S.C. 2651. Section 17.279 is also issued under 5 U.S.C. 552 and 552a; 38 U.S.C. 1781, 5701, and 7332. Sections 17.380, 17.390 and 17.412 are also issued under sec. 260, Pub. L. 114-223, 130 Stat. 857, and sec. 236, Public Law 115-141, 132 Stat. 348, and sec. 236, div. J, Pub. L 115-141, 132 Stat. 348. Section 17.395 is also issued under 38 U.S.C. 1788. Section 17.410 is also issued under 38 U.S.C. 1787. Section 17.415 is also issued under 38 U.S.C. 7301, 7304, 7402, and 7403. Section 17.417 also issued under 38 U.S.C. 1701 (note), 1709A, 1712A (note), 1722B, 1730C, 7301, 7306, 7330A, 7331, 7401-7403, 7405, 7406, 7408. Section 17.419 also issued under 38 U.S.C. 1701 (note), 7301, 7306, 7330A, 7401-7403, 7405, 7406, 7408). Section 17.450 is also issued under 38 U.S.C. 1703E. Sections 17.525 through 17.531 are also issued under 38 U.S.C. 7691 through 7697. Sections 17.545 through 17.553 are also issued under 38 U.S.C. 7698, 7699, 7699A, and 7699B. Sections 17.600 through 17.612 are also issued under 38 U.S.C. 7601-7619, 7633, 7634, 7636, and sec. 104(a), div. V, Public Law 117-328. Sections 17.613 through 17.618 are also issued under Pub. L. 115-182, sec. 304. Sections 17.640 and 17.647 are also issued under sec. 4, Pub. L. 114-2, 129 Stat. 30. Sections 17.641 through 17.646 are also issued under 38 U.S.C. 501(a) and sec. 4, Pub. L. 114-2, 129 Stat. 30. Section 17.655 also issued under 38 U.S.C. 501(a), 7304, 7405. Sections 17.1200 through 17.1230 are also issued under 38 U.S.C. 1720J. Section 17.3200 also issued under 38 U.S.C. 1162, 1701, 1707, 1710, 1714, 1717, 3901. Section 17.3210 also issued under 38 U.S.C. 1701, 1710. Section 17.3220 also issued under 38 U.S.C. 1701(6)(F), 1710. Section 17.3230 also issued under 38 U.S.C. 1701(6)(F), 1710, 1714(a). Section 17.3250 also issued under 38 U.S.C. 1701, 1710, 1725, 1728. Section 17.3500 is also issued under Pub. L. 102-139 sec. 101. Sections 17.4000 through 17.4040 also issued under 38 U.S.C. 1703, 1703B, and 1703C. Section 17.4100 et seq. is also issued under 38 U.S.C. 1703A. Section 17.4600 is also issued under 38 U.S.C. 1725A and 1730A.
38:17	compilation-locator	usc	38:1971 -> (removed)	38 U.S.C. 501, and as noted in specific sections. Section 17.30 also issued under 38 U.S.C. 1701. Section 17.32 also issued under 38 U.S.C. 7331-7334. Section 17.35 is also issued under 38 U.S.C. 1724. Section 17.37 is also issued under 38 U.S.C. 101, 1701, 1705, 1710, 1720J, 1721, 1722. Section 17.38 is also issued under 38 U.S.C. 1701 and 1703. Section 17.43 also issued under 38 U.S.C. 109, 1784, 8111, and 8153. Section 17.44 also issued under E.O. 10122, 15 FR 2173, 3 CFR, 1949-1953 Comp., p. 313, E.O. 10400, 17 FR 8648, 3 CFR, 1949-1953 Comp., p. 900, and E.O. 11733, 38 FR 20431, 3 CFR, 1971-1975 Comp., p. 792. Section 17.46 is also issued under 38 U.S.C. 1710. Section 17.47 is also issued under 38 U.S.C. 1701, 1710, 1721, 1722, 1729, 3104(a)(9), 7333, Pub. L. 99-272; 42 U.S.C. 1396 et seq. Section 17.52 is also issued under 38 U.S.C. 1701, 1703, 1710, 1712, and 3104. Section 17.55 is also issued under 38 U.S.C. 513, 1703, and 1728. Section 17.56 is also issued under 38 U.S.C. 1703 and 1728. Sections 17.61 through 17.74 are also issued under 38 U.S.C. 1730. Section 17.86 also issued under 38 U.S.C. 1785. Section 17.101 is also issued under 38 U.S.C. 101, 1701, 1705, 1710, 1721, 1722, 1729. Section 17.102 also issued under 38 U.S.C. 109, 1711, 1729, 1784, 1784A, 1785, 8111, 8153. Section 17.105 is also issued under 38 U.S.C. 501, 1721, 1722A, 1724, and 1725A. Section 17.108 is also issued under 38 U.S.C. 501, 1703, 1710, 1725A, 1720J, and 1730A. Section 17.110 is also issued under 38 U.S.C. 501, 1703, 1710, 1720D, 1720J, 1722A, and 1730A. Section 17.111 is also issued under 38 U.S.C. 101(28), 501, 1701(7), 1703, 1710, 1710B, 1720B, 1720D, 1722A, and 1730A. Section 17.125 is also issued under 38 U.S.C. 7304. Sections 17.156 and 17.157 are also issued under 38 U.S.C. 3901 and 3902. Section 17.158 is also issued under 38 U.S.C. 3902 and 3903. Section 17.169 is also issued under 38 U.S.C. 1712C. Sections 17.243 through 17.248 are also issued under 38 U.S.C. 7302 note. Sections 17.270, and 17.272 through 17.277 are also issued under 38 U.S.C. 1781. Section 17.271 is also issued under 38 U.S.C. 1720G(a)(7)(A) and 1781. Section 17.278 is also issued under 38 U.S.C. 1781 and 42 U.S.C. 2651. Section 17.279 is also issued under 5 U.S.C. 552 and 552a; 38 U.S.C. 1781, 5701, and 7332. Sections 17.380, 17.390 and 17.412 are also issued under sec. 260, Pub. L. 114-223, 130 Stat. 857, and sec. 236, Public Law 115-141, 132 Stat. 348, and sec. 236, div. J, Pub. L 115-141, 132 Stat. 348. Section 17.395 is also issued under 38 U.S.C. 1788. Section 17.410 is also issued under 38 U.S.C. 1787. Section 17.415 is also issued under 38 U.S.C. 7301, 7304, 7402, and 7403. Section 17.417 also issued under 38 U.S.C. 1701 (note), 1709A, 1712A (note), 1722B, 1730C, 7301, 7306, 7330A, 7331, 7401-7403, 7405, 7406, 7408. Section 17.419 also issued under 38 U.S.C. 1701 (note), 7301, 7306, 7330A, 7401-7403, 7405, 7406, 7408). Section 17.450 is also issued under 38 U.S.C. 1703E. Sections 17.525 through 17.531 are also issued under 38 U.S.C. 7691 through 7697. Sections 17.545 through 17.553 are also issued under 38 U.S.C. 7698, 7699, 7699A, and 7699B. Sections 17.600 through 17.612 are also issued under 38 U.S.C. 7601-7619, 7633, 7634, 7636, and sec. 104(a), div. V, Public Law 117-328. Sections 17.613 through 17.618 are also issued under Pub. L. 115-182, sec. 304. Sections 17.640 and 17.647 are also issued under sec. 4, Pub. L. 114-2, 129 Stat. 30. Sections 17.641 through 17.646 are also issued under 38 U.S.C. 501(a) and sec. 4, Pub. L. 114-2, 129 Stat. 30. Section 17.655 also issued under 38 U.S.C. 501(a), 7304, 7405. Sections 17.1200 through 17.1230 are also issued under 38 U.S.C. 1720J. Section 17.3200 also issued under 38 U.S.C. 1162, 1701, 1707, 1710, 1714, 1717, 3901. Section 17.3210 also issued under 38 U.S.C. 1701, 1710. Section 17.3220 also issued under 38 U.S.C. 1701(6)(F), 1710. Section 17.3230 also issued under 38 U.S.C. 1701(6)(F), 1710, 1714(a). Section 17.3250 also issued under 38 U.S.C. 1701, 1710, 1725, 1728. Section 17.3500 is also issued under Pub. L. 102-139 sec. 101. Sections 17.4000 through 17.4040 also issued under 38 U.S.C. 1703, 1703B, and 1703C. Section 17.4100 et seq. is also issued under 38 U.S.C. 1703A. Section 17.4600 is also issued under 38 U.S.C. 1725A and 1730A.
38:17	dotted-cfr-section	usc	38:17 -> (removed)	38 U.S.C. 501, and as noted in specific sections. Section 17.30 also issued under 38 U.S.C. 1701. Section 17.32 also issued under 38 U.S.C. 7331-7334. Section 17.35 is also issued under 38 U.S.C. 1724. Section 17.37 is also issued under 38 U.S.C. 101, 1701, 1705, 1710, 1720J, 1721, 1722. Section 17.38 is also issued under 38 U.S.C. 1701 and 1703. Section 17.43 also issued under 38 U.S.C. 109, 1784, 8111, and 8153. Section 17.44 also issued under E.O. 10122, 15 FR 2173, 3 CFR, 1949-1953 Comp., p. 313, E.O. 10400, 17 FR 8648, 3 CFR, 1949-1953 Comp., p. 900, and E.O. 11733, 38 FR 20431, 3 CFR, 1971-1975 Comp., p. 792. Section 17.46 is also issued under 38 U.S.C. 1710. Section 17.47 is also issued under 38 U.S.C. 1701, 1710, 1721, 1722, 1729, 3104(a)(9), 7333, Pub. L. 99-272; 42 U.S.C. 1396 et seq. Section 17.52 is also issued under 38 U.S.C. 1701, 1703, 1710, 1712, and 3104. Section 17.55 is also issued under 38 U.S.C. 513, 1703, and 1728. Section 17.56 is also issued under 38 U.S.C. 1703 and 1728. Sections 17.61 through 17.74 are also issued under 38 U.S.C. 1730. Section 17.86 also issued under 38 U.S.C. 1785. Section 17.101 is also issued under 38 U.S.C. 101, 1701, 1705, 1710, 1721, 1722, 1729. Section 17.102 also issued under 38 U.S.C. 109, 1711, 1729, 1784, 1784A, 1785, 8111, 8153. Section 17.105 is also issued under 38 U.S.C. 501, 1721, 1722A, 1724, and 1725A. Section 17.108 is also issued under 38 U.S.C. 501, 1703, 1710, 1725A, 1720J, and 1730A. Section 17.110 is also issued under 38 U.S.C. 501, 1703, 1710, 1720D, 1720J, 1722A, and 1730A. Section 17.111 is also issued under 38 U.S.C. 101(28), 501, 1701(7), 1703, 1710, 1710B, 1720B, 1720D, 1722A, and 1730A. Section 17.125 is also issued under 38 U.S.C. 7304. Sections 17.156 and 17.157 are also issued under 38 U.S.C. 3901 and 3902. Section 17.158 is also issued under 38 U.S.C. 3902 and 3903. Section 17.169 is also issued under 38 U.S.C. 1712C. Sections 17.243 through 17.248 are also issued under 38 U.S.C. 7302 note. Sections 17.270, and 17.272 through 17.277 are also issued under 38 U.S.C. 1781. Section 17.271 is also issued under 38 U.S.C. 1720G(a)(7)(A) and 1781. Section 17.278 is also issued under 38 U.S.C. 1781 and 42 U.S.C. 2651. Section 17.279 is also issued under 5 U.S.C. 552 and 552a; 38 U.S.C. 1781, 5701, and 7332. Sections 17.380, 17.390 and 17.412 are also issued under sec. 260, Pub. L. 114-223, 130 Stat. 857, and sec. 236, Public Law 115-141, 132 Stat. 348, and sec. 236, div. J, Pub. L 115-141, 132 Stat. 348. Section 17.395 is also issued under 38 U.S.C. 1788. Section 17.410 is also issued under 38 U.S.C. 1787. Section 17.415 is also issued under 38 U.S.C. 7301, 7304, 7402, and 7403. Section 17.417 also issued under 38 U.S.C. 1701 (note), 1709A, 1712A (note), 1722B, 1730C, 7301, 7306, 7330A, 7331, 7401-7403, 7405, 7406, 7408. Section 17.419 also issued under 38 U.S.C. 1701 (note), 7301, 7306, 7330A, 7401-7403, 7405, 7406, 7408). Section 17.450 is also issued under 38 U.S.C. 1703E. Sections 17.525 through 17.531 are also issued under 38 U.S.C. 7691 through 7697. Sections 17.545 through 17.553 are also issued under 38 U.S.C. 7698, 7699, 7699A, and 7699B. Sections 17.600 through 17.612 are also issued under 38 U.S.C. 7601-7619, 7633, 7634, 7636, and sec. 104(a), div. V, Public Law 117-328. Sections 17.613 through 17.618 are also issued under Pub. L. 115-182, sec. 304. Sections 17.640 and 17.647 are also issued under sec. 4, Pub. L. 114-2, 129 Stat. 30. Sections 17.641 through 17.646 are also issued under 38 U.S.C. 501(a) and sec. 4, Pub. L. 114-2, 129 Stat. 30. Section 17.655 also issued under 38 U.S.C. 501(a), 7304, 7405. Sections 17.1200 through 17.1230 are also issued under 38 U.S.C. 1720J. Section 17.3200 also issued under 38 U.S.C. 1162, 1701, 1707, 1710, 1714, 1717, 3901. Section 17.3210 also issued under 38 U.S.C. 1701, 1710. Section 17.3220 also issued under 38 U.S.C. 1701(6)(F), 1710. Section 17.3230 also issued under 38 U.S.C. 1701(6)(F), 1710, 1714(a). Section 17.3250 also issued under 38 U.S.C. 1701, 1710, 1725, 1728. Section 17.3500 is also issued under Pub. L. 102-139 sec. 101. Sections 17.4000 through 17.4040 also issued under 38 U.S.C. 1703, 1703B, and 1703C. Section 17.4100 et seq. is also issued under 38 U.S.C. 1703A. Section 17.4600 is also issued under 38 U.S.C. 1725A and 1730A.
38:5	compilation-locator	usc	38:1993 -> (removed)	38 U.S.C. 501; E.O. 12866, 58 FR 51735, 3 CFR, 1993 Comp., p. 638.
38:51	dotted-cfr-section	usc	38:51 -> (removed)	38 U.S.C. 101, 501, 1710, 1720, 1741-1743, 1745, and as follows. Section 51.20 and 51.30 also issued under 38 U.S.C. 511, 1742, 7104 and 7105. Section 51.42 also issued under 38 U.S.C. 510, 1744, and Pub. L. 116-315 section 3007. Section 51.43 also issued under 38 U.S.C. 1712. Section 51.51 also issued under Pub. L. 116-315 section 3007. Section 51.310 also issued under 38 U.S.C. 1720(f).
38:70	compilation-locator	usc	38:1966 -> (removed)	38 U.S.C. 101, 111, 111A, 501, 1701, 1714, 1720, 1728, 1782, 1783, and E.O. 11302, 31 FR 11741, 3 CFR, 1966-1970 Comp., p. 578, unless otherwise noted. Link to an amendment published at 88 FR 10036, Feb. 16, 2023. This amendment was delayed until Feb. 16, 2025, at 88 FR 90120, Dec. 29, 2023. This amendment was further delayed until Feb. 16, 2029, at 89 FR 88888, Nov. 12, 2024.
39:3001	compilation-locator	usc	39:1989 -> (removed)	39 U.S.C. 503, 504, 3603; E.O. 12674, 54 FR 15159, 3 CFR,1989 Comp., p. 215, as modified by E.O. 12731, 56 FR 42547, 3 CFR, 1990 Comp., p. 396; 5 CFR parts 2634 and 2635.
39:3001	compilation-locator	usc	39:1990 -> (removed)	39 U.S.C. 503, 504, 3603; E.O. 12674, 54 FR 15159, 3 CFR,1989 Comp., p. 215, as modified by E.O. 12731, 56 FR 42547, 3 CFR, 1990 Comp., p. 396; 5 CFR parts 2634 and 2635.
39:491	compilation-locator	usc	39:1994 -> (removed)	5 U.S.C. 5520a; 39 U.S.C. 401; E.O.12897, 59 FR 5517, 3 CFR, 1994 Comp., p. 858.
40:1515	compilation-locator	usc	5:2005 -> (removed)	5 U.S.C. 552; E.O. 13392, 70 FR 75373, 3 CFR, 2005 Comp., p. 216; Pres. Mem., 74 FR 4685, 3 CFR, 2009 Comp., p. 338. Section 1515.41 also issued under E.O. 12600, 52 FR 23781, 3 CFR, 1987 Comp., p. 235.
40:1515	compilation-locator	usc	5:2009 -> (removed)	5 U.S.C. 552; E.O. 13392, 70 FR 75373, 3 CFR, 2005 Comp., p. 216; Pres. Mem., 74 FR 4685, 3 CFR, 2009 Comp., p. 338. Section 1515.41 also issued under E.O. 12600, 52 FR 23781, 3 CFR, 1987 Comp., p. 235.
40:1515	compilation-locator	usc	5:1987 -> (removed)	5 U.S.C. 552; E.O. 13392, 70 FR 75373, 3 CFR, 2005 Comp., p. 216; Pres. Mem., 74 FR 4685, 3 CFR, 2009 Comp., p. 338. Section 1515.41 also issued under E.O. 12600, 52 FR 23781, 3 CFR, 1987 Comp., p. 235.
40:247	compilation-locator	usc	42:1998 -> (removed)	42 U.S.C. 6912(a) and 6962; E.O. 13423, 72 FR 3919, 3 CFR, 1998 Comp., p. 210.
40:300	compilation-locator	usc	42:2013 -> (removed)	33 U.S.C. 1251 et seq.; 42 U.S.C. 9601-9657; E.O. 13626, 77 FR 56749, 3 CFR, 2013 Comp., p. 306; E.O. 12777, 56 FR 54757, 3 CFR, 1991 Comp., p. 351; E.O. 12580, 52 FR 2923, 3 CFR, 1987 Comp., p. 193.
40:300	compilation-locator	usc	42:1991 -> (removed)	33 U.S.C. 1251 et seq.; 42 U.S.C. 9601-9657; E.O. 13626, 77 FR 56749, 3 CFR, 2013 Comp., p. 306; E.O. 12777, 56 FR 54757, 3 CFR, 1991 Comp., p. 351; E.O. 12580, 52 FR 2923, 3 CFR, 1987 Comp., p. 193.
40:300	compilation-locator	usc	42:1987 -> (removed)	33 U.S.C. 1251 et seq.; 42 U.S.C. 9601-9657; E.O. 13626, 77 FR 56749, 3 CFR, 2013 Comp., p. 306; E.O. 12777, 56 FR 54757, 3 CFR, 1991 Comp., p. 351; E.O. 12580, 52 FR 2923, 3 CFR, 1987 Comp., p. 193.
40:305	compilation-locator	usc	42:1987 -> (removed)	42 U.S.C. 9601 et seq.; E.O. 12580, 52 FR 2923, 3 CFR, 1987 Comp. p. 193.
40:307	compilation-locator	usc	42:1987 -> (removed)	42 U.S.C. 9601 et seq.; sections 4 and 9, E.O. 12580, 52 FR 2923, 3 CFR, 1987 Comp. p. 193.
40:33	compilation-locator	usc	42:1971 -> (removed)	15 U.S.C. 637 note; 42 U.S.C. 4370d, 7601 note, 9605(f); E.O. 11625, 36 FR 19967, 3 CFR, 1971 Comp., p. 213; E.O. 12138, 49 FR 29637, 3 CFR, 1979 Comp., p. 393; E.O. 12432, 48 FR 32551, 3 CFR, 1983 Comp., p. 198, 2 CFR part 200.
40:33	compilation-locator	usc	42:1979 -> (removed)	15 U.S.C. 637 note; 42 U.S.C. 4370d, 7601 note, 9605(f); E.O. 11625, 36 FR 19967, 3 CFR, 1971 Comp., p. 213; E.O. 12138, 49 FR 29637, 3 CFR, 1979 Comp., p. 393; E.O. 12432, 48 FR 32551, 3 CFR, 1983 Comp., p. 198, 2 CFR part 200.
40:33	compilation-locator	usc	42:1983 -> (removed)	15 U.S.C. 637 note; 42 U.S.C. 4370d, 7601 note, 9605(f); E.O. 11625, 36 FR 19967, 3 CFR, 1971 Comp., p. 213; E.O. 12138, 49 FR 29637, 3 CFR, 1979 Comp., p. 393; E.O. 12432, 48 FR 32551, 3 CFR, 1983 Comp., p. 198, 2 CFR part 200.
40:451	compilation-locator	usc	42:1971 -> (removed)	7 U.S.C. 135 et seq., 136-136y; 15 U.S.C. 2001, 2003, 2005, 2006, 2601-2671, 21 U.S.C. 331j, 346a, 348; 31 U.S.C. 9701; 33 U.S.C. 1251 et seq., 1311, 1313d, 1314, 1318, 1321, 1326, 1330, 1342, 1344, 1345(d) and (e), 1361; 42 U.S.C. 241, 242b, 243, 246, 300f, 300g, 300g-1, 300g-2, 300g-3, 300g-4, 300g-5, 300g-6, 300j-2, 300j-3, 300j-4, 300j-9, 1857 et seq., 6901-6992k, 7401-7671q, 7542, 9601-9657, 11023, 11048; E.O. 11735, 38 FR 21243, 3 CFR, 1971-1975 Comp., 973.
40:451	compilation-locator	usc	42:973 -> (removed)	7 U.S.C. 135 et seq., 136-136y; 15 U.S.C. 2001, 2003, 2005, 2006, 2601-2671, 21 U.S.C. 331j, 346a, 348; 31 U.S.C. 9701; 33 U.S.C. 1251 et seq., 1311, 1313d, 1314, 1318, 1321, 1326, 1330, 1342, 1344, 1345(d) and (e), 1361; 42 U.S.C. 241, 242b, 243, 246, 300f, 300g, 300g-1, 300g-2, 300g-3, 300g-4, 300g-5, 300g-6, 300j-2, 300j-3, 300j-4, 300j-9, 1857 et seq., 6901-6992k, 7401-7671q, 7542, 9601-9657, 11023, 11048; E.O. 11735, 38 FR 21243, 3 CFR, 1971-1975 Comp., 973.
40:9	compilation-locator	usc	33:1971 -> (removed)	7 U.S.C. 135 et seq. , 136-136y; 15 U.S.C. 2001, 2003, 2005, 2006, 2601-2671; 21 U.S.C. 331j, 346a, 31 U.S.C. 9701; 33 U.S.C. 1251 et seq. , 1311, 1313d, 1314, 1318, 1321, 1326, 1330, 1342, 1344, 1345 (d) and (e), 1361; E.O. 11735, 38 FR 21243, 3 CFR, 1971-1975 Comp. p. 973; 42 U.S.C. 241, 242b, 243, 246, 300f, 300g, 300g-1, 300g-2, 300g-3, 300g-4, 300g-5, 300g-6, 300j-1, 300j-2, 300j-3, 300j-4, 300j-9, 1857 et seq. , 6901-6992k, 7401-7671q, 7542, 9601-9657, 11023, 11048.
41:101-17	compilation-locator	usc	40:1978 -> (removed)	40 U.S.C. 285, 304c, 601 et seq., 490 note; E.O. 12072, 43 FR 36869, 3 CFR, 1978 Comp., p. 213.
41:102-3	compilation-locator	usc	40:1977 -> (removed)	40 U.S.C. 121; 5 U.S.C. chapter 10; and E.O. 12024, 42 FR 61445, 3 CFR, 1977 Comp., p. 158.
41:102-33	compilation-locator	usc	31:1966 -> (removed)	40 U.S.C. 121(c); 31 U.S.C. 101 et seq.; Reorganization Plan No. 2 of 1970, 35 FR 7959, 3 CFR, 1066-1970 Comp., p. 1070; E.O. 11541, 35 FR 10737, 3 CFR, 1966-1970 Comp., p. 939; and OMB Circular No. A-126 (Revised May 22, 1992), 57 FR 22150.
41:102-34	compilation-locator	usc	49:1982 -> (removed)	31 U.S.C. 1344; 40 U.S.C. 121(c); 40 U.S.C. 609, 40 U.S.C. 611; 40 U.S.C. 17503; 49 U.S.C. 32917; E.O. 12375, 47 FR 34105, 3 CFR, 1982 Comp., p. 202.
41:300-1	compilation-locator	usc	31:1971 -> (removed)	5 U.S.C. 5707; 40 U.S.C. 121(c); 49 U.S.C. 40118; 5 U.S.C. 5738; 5 U.S.C. 5741-5742; 20 U.S.C. 905(a); 31 U.S.C. 1353; E.O. 11609, 36 FR 13747, 3 CFR, 1971-1975 Comp., p. 586; Office of Management and Budget Circular No. A-126, revised May 22, 1992, 57 FR 22150.
41:301-80	compilation-locator	usc	40:1971 -> (removed)	5 U.S.C. 5707; 5 U.S.C. 5738; 40 U.S.C. 121(c); E.O. 11609, 36 FR 13747, 3 CFR, 1971-1975 Comp., p. 586.
41:302-10	compilation-locator	usc	20:1971 -> (removed)	5 U.S.C. 5738; 20 U.S.C. 905 (a); E.O. 11609, 36 FR 13747, 3 CFR, 1971-1975 Comp., p. 586.
41:302-15	compilation-locator	usc	20:1971 -> (removed)	5 U.S.C. 5738; 20 U.S.C. 905(a); E.O. 11609, 36 FR 13747, 3 CFR, 1971-1975 Comp., p. 586.
41:302-16	compilation-locator	usc	20:1971 -> (removed)	5 U.S.C. 5738; 20 U.S.C. 905(a); E.O. 11609, 36 FR 13747, 3 CFR, 1971-1975 Comp., p. 586.
41:302-17	compilation-locator	usc	5:1971 -> (removed)	5 U.S.C. 5724b; 5 U.S.C. 5738; E.O. 11609, 36 FR 13747, 3 CFR, 1971-1975 Comp., p. 586.
41:302-4	compilation-locator	usc	20:1971 -> (removed)	5 U.S.C. 5738; 20 U.S.C. 905(a); E.O. 11609, 36 FR 13747, 3 CFR, 1971-1975 Comp., p. 586.
41:302-5	compilation-locator	usc	20:1971 -> (removed)	5 U.S.C. 5738; 20 U.S.C. 905(a); E.O. 11609, 36 FR 13747, 3 CFR, 1971-1975 Comp., p. 586.
41:302-6	compilation-locator	usc	20:1971 -> (removed)	5 U.S.C. 5738; 20 U.S.C. 905(a); E.O. 11609, 36 FR 13747, 3 CFR, 1971-1975 Comp., p. 586.
41:302-7	compilation-locator	usc	20:1971 -> (removed)	5 U.S.C. 5738; 20 U.S.C. 905(a); E.O. 11609, 36 FR 13747, 3 CFR, 1971-1975 Comp., p. 586.
41:302-8	compilation-locator	usc	20:1971 -> (removed)	5 U.S.C. 5738; 20 U.S.C. 905(a); E.O. 11609, 36 FR 13747, 3 CFR, 1971-1975 Comp., p. 586.
41:302-9	compilation-locator	usc	20:1971 -> (removed)	5 U.S.C. 5737a; 5 U.S.C. 5738; 20 U.S.C. 905(a); E.O. 11609, 36 FR 13747, 3 CFR, 1971-1975 Comp., p. 586.
41:303-70	compilation-locator	usc	5:1971 -> (removed)	5 U.S.C. 5721-5738; 5741-5742; E.O. 11609, 36 FR 13747, 3 CFR, 1971-1975 Comp., p 586; Presidential Memorandum of September 12, 2011, 76 FR 57621, 3 CFR, 2011 Comp., p. 356.
41:303-70	compilation-locator	usc	5:2011 -> (removed)	5 U.S.C. 5721-5738; 5741-5742; E.O. 11609, 36 FR 13747, 3 CFR, 1971-1975 Comp., p 586; Presidential Memorandum of September 12, 2011, 76 FR 57621, 3 CFR, 2011 Comp., p. 356.
41:60-300	compilation-locator	usc	38:1971 -> (removed)	29 U.S.C. 793; 38 U.S.C. 4211 and 4212; E.O. 11758 (3 CFR, 1971-1975 Comp., p. 841).
41:60-741	compilation-locator	usc	29:1971 -> (removed)	29 U.S.C. 705 and 793; E.O. 11758 (3 CFR, 1971-1975 Comp., p. 841).
42:81	compilation-locator	usc	42:2000 -> (removed)	42 U.S.C. 7384n(c); E.O. 13179, 65 FR 77487, 3 CFR, 2000 Comp., p. 321.
42:82	compilation-locator	usc	42:2000 -> (removed)	42 U.S.C. 7384n(d) and (e); E.O. 13179, 65 FR 77487, 3 CFR, 2000 Comp., p. 321.
42:83	compilation-locator	usc	42:2000 -> (removed)	42 U.S.C. 7384q; E.O. 13179, 65 FR 77487, 3 CFR, 2000 Comp., p. 321.
43:20	dotted-cfr-section	usc	43:2634 -> (removed)	5 U.S.C. 301, 7301; 5 U.S.C. App. (Reorganization Plan No. 3 of 1950); 30 U.S.C. 1211; 43 U.S.C. 11, 31(a); 5 CFR 2634.903, 2634.905.
43:9260	compilation-locator	usc	43:1971 -> (removed)	16 U.S.C. 4601-6a, 16 U.S.C. 670h, 16 U.S.C. 1246(i), 16 U.S.C. 1336, 43 U.S.C. 315a, 43 U.S.C. 1733(a), 43 U.S.C. 1740, and Executive Order 11644, 37 FR 2877, 3 CFR, 1971-1975 Comp., p. 666.
44:150	compilation-locator	usc	15:1978 -> (removed)	Federal Fire Prevention and Control Act of 1974, sec. 15, 15 U.S.C. 2214; Reorg. Plan No. 3 of 1978, 3 CFR, 1978 Comp., p. 329, and E.O. 12127, dated Mar. 31, 1979, 3 CFR, 1979 Comp., p. 376.
44:150	compilation-locator	usc	15:1979 -> (removed)	Federal Fire Prevention and Control Act of 1974, sec. 15, 15 U.S.C. 2214; Reorg. Plan No. 3 of 1978, 3 CFR, 1978 Comp., p. 329, and E.O. 12127, dated Mar. 31, 1979, 3 CFR, 1979 Comp., p. 376.
44:151	compilation-locator	usc	15:1978 -> (removed)	Secs. 11 and 21(b)(5), Federal Fire Prevention and Control Act of 1974 (15 U.S.C. 2210 and 2218(b)(5)); Reorganization Plan No. 3 of 1978 (3 CFR, 1978 Comp., p. 379) and E.O. 12127, dated Mar. 31, 1979 (3 CFR, 1979 Comp., p. 376).
44:151	compilation-locator	usc	15:1979 -> (removed)	Secs. 11 and 21(b)(5), Federal Fire Prevention and Control Act of 1974 (15 U.S.C. 2210 and 2218(b)(5)); Reorganization Plan No. 3 of 1978 (3 CFR, 1978 Comp., p. 379) and E.O. 12127, dated Mar. 31, 1979 (3 CFR, 1979 Comp., p. 376).
44:2	compilation-locator	usc	5:1979 -> (removed)	5 U.S.C. 552; 42 U.S.C. 3507; Reorganization Plan No. 3 of 1978, 5 U.S.C. App. 1; E.O. 12127, 3 CFR, 1979 Comp., p. 376; E.O. 12148, as amended, 3 CFR, 1979 Comp., p. 412.
44:207	compilation-locator	usc	42:1978 -> (removed)	Robert T. Stafford Disaster Relief and Emergency Assistance Act, 42 U.S.C. 5121 through 5206; Reorganization Plan No. 3 of 1978, 43 FR 41943, 3 CFR, 1978 Comp., p. 329; Homeland Security Act of 2002, 6 U.S.C. 101; E.O. 12127, 44 FR 19367, 3 CFR, 1979 Comp., p. 376; E.O. 12148, 44 FR 43239, 3 CFR, 1979 Comp., p. 412; E.O. 13286, 68 FR 10619, 3 CFR, 2003 Comp., p. 166.
44:207	compilation-locator	usc	6:1979 -> (removed)	Robert T. Stafford Disaster Relief and Emergency Assistance Act, 42 U.S.C. 5121 through 5206; Reorganization Plan No. 3 of 1978, 43 FR 41943, 3 CFR, 1978 Comp., p. 329; Homeland Security Act of 2002, 6 U.S.C. 101; E.O. 12127, 44 FR 19367, 3 CFR, 1979 Comp., p. 376; E.O. 12148, 44 FR 43239, 3 CFR, 1979 Comp., p. 412; E.O. 13286, 68 FR 10619, 3 CFR, 2003 Comp., p. 166.
44:207	compilation-locator	usc	6:2003 -> (removed)	Robert T. Stafford Disaster Relief and Emergency Assistance Act, 42 U.S.C. 5121 through 5206; Reorganization Plan No. 3 of 1978, 43 FR 41943, 3 CFR, 1978 Comp., p. 329; Homeland Security Act of 2002, 6 U.S.C. 101; E.O. 12127, 44 FR 19367, 3 CFR, 1979 Comp., p. 376; E.O. 12148, 44 FR 43239, 3 CFR, 1979 Comp., p. 412; E.O. 13286, 68 FR 10619, 3 CFR, 2003 Comp., p. 166.
44:208	compilation-locator	usc	42:1978 -> (removed)	Robert T. Stafford Disaster Relief and Emergency Assistance Act, 42 U.S.C. 5121 through 5206; Reorganization Plan No. 3 of 1978, 43 FR 41943, 3 CFR, 1978 Comp., p. 329; Homeland Security Act of 2002, 6 U.S.C. 101; E.O. 12127, 44 FR 19367, 3 CFR, 1979 Comp., p. 376; E.O. 12148, 44 FR 43239, 3 CFR, 1979 Comp., p. 412; E.O. 13286, 68 FR 10619, 3 CFR, 2003 Comp., p. 166.
44:208	compilation-locator	usc	6:1979 -> (removed)	Robert T. Stafford Disaster Relief and Emergency Assistance Act, 42 U.S.C. 5121 through 5206; Reorganization Plan No. 3 of 1978, 43 FR 41943, 3 CFR, 1978 Comp., p. 329; Homeland Security Act of 2002, 6 U.S.C. 101; E.O. 12127, 44 FR 19367, 3 CFR, 1979 Comp., p. 376; E.O. 12148, 44 FR 43239, 3 CFR, 1979 Comp., p. 412; E.O. 13286, 68 FR 10619, 3 CFR, 2003 Comp., p. 166.
44:208	compilation-locator	usc	6:2003 -> (removed)	Robert T. Stafford Disaster Relief and Emergency Assistance Act, 42 U.S.C. 5121 through 5206; Reorganization Plan No. 3 of 1978, 43 FR 41943, 3 CFR, 1978 Comp., p. 329; Homeland Security Act of 2002, 6 U.S.C. 101; E.O. 12127, 44 FR 19367, 3 CFR, 1979 Comp., p. 376; E.O. 12148, 44 FR 43239, 3 CFR, 1979 Comp., p. 412; E.O. 13286, 68 FR 10619, 3 CFR, 2003 Comp., p. 166.
44:209	compilation-locator	usc	42:1978 -> (removed)	Pub. L. 106-113, Div. B, sec. 1000(a)(5) (enacting H.R. 3425 by cross-reference), 113 Stat. 1501, 1536; Pub. L. 106-246, 114 Stat. 511, 568; Robert T. Stafford Disaster Relief and Emergency Assistance Act, 42 U.S.C. 5121, Reorganization Plan No. 3 of 1978, 43 FR 41943, 3 CFR, 1978 Comp., p. 329; E.O. 12127, 44 FR 19367, 3 CFR, 1979 Comp., p. 376; E.O. 12148, 44 FR 43239, 3 CFR, 1979 Comp., p. 412.
44:209	compilation-locator	usc	42:1979 -> (removed)	Pub. L. 106-113, Div. B, sec. 1000(a)(5) (enacting H.R. 3425 by cross-reference), 113 Stat. 1501, 1536; Pub. L. 106-246, 114 Stat. 511, 568; Robert T. Stafford Disaster Relief and Emergency Assistance Act, 42 U.S.C. 5121, Reorganization Plan No. 3 of 1978, 43 FR 41943, 3 CFR, 1978 Comp., p. 329; E.O. 12127, 44 FR 19367, 3 CFR, 1979 Comp., p. 376; E.O. 12148, 44 FR 43239, 3 CFR, 1979 Comp., p. 412.
44:312	compilation-locator	usc	50:1978 -> (removed)	Sec. 803(a)(3) Pub. L. 97-86; sec. 401, Federal Civil Defense Act of 1950, as amended, 50 U.S.C. app. 2253; Reorganization Plan No. 3 of 1978; 3 CFR, 1978 Comp., p. 329; and E.O. 12148 of July 20, 1979, 44 FR 43239.
44:321	compilation-locator	usc	50:1978 -> (removed)	National Security Act of 1947, as amended 50 U.S.C. 404; Defense Production Act of 1950, as amended; 50 U.S.C. app. 2061 et seq.; Reorganization Plan No. 3 of 1978, 3 CFR, 1978 Comp., p. 329; E.O. 12148 (44 FR 43239).
44:323	compilation-locator	usc	50:1978 -> (removed)	National Security Act of 1947, as amended, 50 U.S.C. 404; Defense Production Act of 1950, as amended, 50 U.S.C. app. 2061 et seq.; Reorganization Plan No. 3 of 1978, 3 CFR, 1978 Comp., p. 329; E.O. 12148 of July 20, 1979, 44 FR 43239.
44:327	compilation-locator	usc	50:1978 -> (removed)	National Security Act of 1947, as amended, 50 U.S.C. 404; Defense Production Act of 1950, as amended, 50 U.S.C. app. 2061 et seq.; Reorganization Plan No. 3 of 1978, 3 CFR, 1978 Comp., p. 329; E.O. 12148 of July 20, 1979, 44 FR 43239.
44:329	compilation-locator	usc	50:1978 -> (removed)	Defense Production Act of 1950, as amended, 50 U.S.C. app. 2061 et seq.; Reorganization Plan No. 3 of 1978, 3 CFR, 1978 Comp., p. 329; E.O. 12148 of July 20, 1979, 44 FR 43239; E.O. 10480 of Aug. 14, 1953, (18 FR 4939) as amended.
44:330	compilation-locator	usc	50:1978 -> (removed)	Defense Production Act of 1950, as amended, including amendment to sec. 101(c) by sec. 104 of the Energy Policy and Conservation Act (Pub. L. 94-163) 50 U.S.C. app. 2061 et seq.; Reorganization Plan No. 3 of 1978, 3 CFR, 1978 Comp., p. 329; E.O. 12148 of July 20, 1979, 44 FR 43239; E.O. 11912 of April 13, 1976.
44:332	compilation-locator	usc	50:1949 -> (removed)	Sec. 708, Defense Production Act of 1950, as amended (50 U.S.C. app. 2158); E.O. 10480, 3 CFR, 1949-1953 Comp., p. 961, as amended; E.O. 12148, 44 FR 43239.
44:334	compilation-locator	usc	50:1979 -> (removed)	National Security Act of 1947, as amended, 50 U.S.C. 404; Defense Production Act of 1950, as amended, 50 U.S.C. app. 2061 et seq; E.O. 12148 of July 20, 1979, 3 CFR, 1979 Comp., p. 412; E.O. 10480 of Aug. 14, 1953, 3 CFR, 1949-53 Comp., p. 962; E.O. 12472 of Apr. 3, 1984; 3 CFR, 1984 Comp., p. 193; E.O. 12656 of Nov. 18, 1988, 53 FR 47491.
44:334	compilation-locator	usc	50:1949 -> (removed)	National Security Act of 1947, as amended, 50 U.S.C. 404; Defense Production Act of 1950, as amended, 50 U.S.C. app. 2061 et seq; E.O. 12148 of July 20, 1979, 3 CFR, 1979 Comp., p. 412; E.O. 10480 of Aug. 14, 1953, 3 CFR, 1949-53 Comp., p. 962; E.O. 12472 of Apr. 3, 1984; 3 CFR, 1984 Comp., p. 193; E.O. 12656 of Nov. 18, 1988, 53 FR 47491.
44:334	compilation-locator	usc	50:1984 -> (removed)	National Security Act of 1947, as amended, 50 U.S.C. 404; Defense Production Act of 1950, as amended, 50 U.S.C. app. 2061 et seq; E.O. 12148 of July 20, 1979, 3 CFR, 1979 Comp., p. 412; E.O. 10480 of Aug. 14, 1953, 3 CFR, 1949-53 Comp., p. 962; E.O. 12472 of Apr. 3, 1984; 3 CFR, 1984 Comp., p. 193; E.O. 12656 of Nov. 18, 1988, 53 FR 47491.
44:353	compilation-locator	usc	31:1988 -> (removed)	31 U.S.C. 9701; E.O. 12657 of Nov. 18, 1988; 3 CFR, 1988 Comp., p. 611; 50 U.S.C. app. 2251 note; E.O. 12148 of July 20, 1979; 3 CFR, 1979 Comp., p. 412, 50 U.S.C. app. 2251 note.
44:353	compilation-locator	usc	50:1979 -> (removed)	31 U.S.C. 9701; E.O. 12657 of Nov. 18, 1988; 3 CFR, 1988 Comp., p. 611; 50 U.S.C. app. 2251 note; E.O. 12148 of July 20, 1979; 3 CFR, 1979 Comp., p. 412, 50 U.S.C. app. 2251 note.
44:361	compilation-locator	usc	42:1979 -> (removed)	Reorganization Plan No. 3 of 1978, 43 FR 41943, 3 CFR, 1978 Comp., p. 329; Earthquake Hazards Reduction Act of 1977, as amended, 42 U.S.C. 7701 et seq.; E.O. 12148, 44 FR 43239, 3 CFR, 1979 Comp., p. 412; and E.O. 12381, 47 FR 39795, 3 CFR, 1982 Comp., p. 207.
44:361	compilation-locator	usc	42:1982 -> (removed)	Reorganization Plan No. 3 of 1978, 43 FR 41943, 3 CFR, 1978 Comp., p. 329; Earthquake Hazards Reduction Act of 1977, as amended, 42 U.S.C. 7701 et seq.; E.O. 12148, 44 FR 43239, 3 CFR, 1979 Comp., p. 412; and E.O. 12381, 47 FR 39795, 3 CFR, 1982 Comp., p. 207.
44:401	compilation-locator	usc	50:1949 -> (removed)	Sec. 704, 64 Stat. 816, as amended; 50 U.S.C. app. 2154, as amended; Interpret or apply secs. 101, 705, 64 Stat. 799, as amended; 50 U.S.C. app. 2071; E.O. 10480, 3 CFR, 1949-1953 Comp., p. 962.
44:402	compilation-locator	usc	50:1949 -> (removed)	Sec. 704, 64 Stat. 816, as amended; 50 U.S.C. app. 2154. Interpret or apply sec. 101, 64 Stat. 799, as amended; 50 U.S.C. app. 2071, E.O. 10480, 3 CFR, 1949-1953 Comp., p. 962.
44:60	compilation-locator	usc	42:1978 -> (removed)	42 U.S.C. 4001 et seq.; Reorganization Plan No. 3 of 1978, 43 FR 41943, 3 CFR, 1978 Comp., p. 329; E.O. 12127 of Mar. 31, 1979, 44 FR 19367, 3 CFR, 1979 Comp., p. 376.
44:60	compilation-locator	usc	42:1979 -> (removed)	42 U.S.C. 4001 et seq.; Reorganization Plan No. 3 of 1978, 43 FR 41943, 3 CFR, 1978 Comp., p. 329; E.O. 12127 of Mar. 31, 1979, 44 FR 19367, 3 CFR, 1979 Comp., p. 376.
44:64	compilation-locator	usc	42:1978 -> (removed)	42 U.S.C. 4001 et seq., Reorganization Plan No. 3 of 1978, 3 CFR, 1978 Comp.; p. 329; E.O. 12127, 44 FR 19367, 3 CFR, 1979 Comp.; p. 376.
44:64	compilation-locator	usc	42:1979 -> (removed)	42 U.S.C. 4001 et seq., Reorganization Plan No. 3 of 1978, 3 CFR, 1978 Comp.; p. 329; E.O. 12127, 44 FR 19367, 3 CFR, 1979 Comp.; p. 376.
44:65	compilation-locator	usc	42:1978 -> (removed)	42 U.S.C. 4001 et seq.; Reorganization Plan No. 3 of 1978, 43 FR 41943, 3 CFR, 1978 Comp., p. 329; E.O. 12127 of Mar. 31, 1979, 44 FR 19367, 3 CFR, 1979 Comp., p. 376.
44:65	compilation-locator	usc	42:1979 -> (removed)	42 U.S.C. 4001 et seq.; Reorganization Plan No. 3 of 1978, 43 FR 41943, 3 CFR, 1978 Comp., p. 329; E.O. 12127 of Mar. 31, 1979, 44 FR 19367, 3 CFR, 1979 Comp., p. 376.
44:67	compilation-locator	usc	42:1978 -> (removed)	42 U.S.C. 4001 et seq. ; Reorganization Plan No. 3 of 1978, 3 CFR, 1978 Comp., p. 329; E.O. 12127, 44 FR 19367, 3 CFR, 1979 Comp., p. 376.
44:67	compilation-locator	usc	42:1979 -> (removed)	42 U.S.C. 4001 et seq. ; Reorganization Plan No. 3 of 1978, 3 CFR, 1978 Comp., p. 329; E.O. 12127, 44 FR 19367, 3 CFR, 1979 Comp., p. 376.
44:70	compilation-locator	usc	42:1978 -> (removed)	42 U.S.C. 4001 et seq.; Reorganization Plan No. 3 of 1978, 43 FR 41943, 3 CFR, 1978 Comp., p. 329; E.O. 12127 of Mar. 31, 1979, 44 FR 19367, 3 CFR, 1979 Comp., p. 376.
44:70	compilation-locator	usc	42:1979 -> (removed)	42 U.S.C. 4001 et seq.; Reorganization Plan No. 3 of 1978, 43 FR 41943, 3 CFR, 1978 Comp., p. 329; E.O. 12127 of Mar. 31, 1979, 44 FR 19367, 3 CFR, 1979 Comp., p. 376.
44:71	compilation-locator	usc	42:1978 -> (removed)	42 U.S.C. 4001, et seq.; Reorganization Plan No. 3 of 1978, 3 CFR, 1978 Comp., p. 329; E.O. 12127, 44 FR 19367, 3 CFR, 1979 Comp., p. 376; 42 U.S.C. 4028; secs. 9 and 14, Pub. L. 101-591, 42 U.S.C. 4028(b).
44:71	compilation-locator	usc	42:1979 -> (removed)	42 U.S.C. 4001, et seq.; Reorganization Plan No. 3 of 1978, 3 CFR, 1978 Comp., p. 329; E.O. 12127, 44 FR 19367, 3 CFR, 1979 Comp., p. 376; 42 U.S.C. 4028; secs. 9 and 14, Pub. L. 101-591, 42 U.S.C. 4028(b).
44:72	compilation-locator	usc	42:1978 -> (removed)	42 U.S.C. 4001 et seq.; Reorganization Plan No. 3 of 1978, 43 FR 41943, 3 CFR, 1978 Comp., p. 329; E.O. 12127, 44 FR 19367, 3 CFR, 1979 Comp., p. 376.
44:72	compilation-locator	usc	42:1979 -> (removed)	42 U.S.C. 4001 et seq.; Reorganization Plan No. 3 of 1978, 43 FR 41943, 3 CFR, 1978 Comp., p. 329; E.O. 12127, 44 FR 19367, 3 CFR, 1979 Comp., p. 376.
44:75	compilation-locator	usc	42:1978 -> (removed)	42 U.S.C. 4001 et seq.; Reorganization Plan No. 3 of 1978, 43 FR 41943, 3 CFR, 1978 Comp., p. 329; E.O. 12127 of Mar. 31, 1979, 44 FR 19367, 3 CFR, 1979 Comp., p. 376.
44:75	compilation-locator	usc	42:1979 -> (removed)	42 U.S.C. 4001 et seq.; Reorganization Plan No. 3 of 1978, 43 FR 41943, 3 CFR, 1978 Comp., p. 329; E.O. 12127 of Mar. 31, 1979, 44 FR 19367, 3 CFR, 1979 Comp., p. 376.
44:9	compilation-locator	usc	42:1977 -> (removed)	6 U.S.C. 101 et seq.; 42 U.S.C. 4001 et seq.; 42 U.S.C. 4321 et seq.; E.O. 11988 of May 24, 1977, 42 FR 26951, 3 CFR, 1977 Comp., p. 117; E.O. 11990 of May 24, 1977, 42 FR 26961, 3 CFR, 1977 Comp. p. 121; E.O. 13690, 80 FR 6425; E.O. 14030, 86 FR 27967.
45:1148	compilation-locator	usc	31:1987 -> (removed)	5 U.S.C. 552; 28 U.S.C. 1746; 31 U.S.C. 3717; E.O. 12600, 52 FR 23781, 3 CFR, 1987 Comp.
45:2500	compilation-locator	usc	42:1994 -> (removed)	5 U.S.C. 552(a)(1); 42 U.S.C. 4950, et seq., as amended; 42 U.S.C. 12501 et seq., as amended; section 203(c), Pub. L. 103-82, 107 Stat. 892; Proc. 6662, 59 FR 16507, 3 CFR, 1994 Comp., p. 22).
45:2556	compilation-locator	usc	42:2002 -> (removed)	42 U.S.C. 4951-4953; 5 CFR part 734, 42 U.S.C. 4953(a), (f), 4954(b), (e), 4955(b), 4956, 5043(a)-(c), 5044(a)-(c), (e), 5046, 5052, 5056, and 5057; 42 U.S.C. 12651b (g)(10); 42 U.S.C. 12651c(c); E.O. 13279, 67 FR 77141, 3 CFR, 2002 Comp., p. 2156, 42 U.S.C. 4954(a), (b), (d), 4955, 5044(e), 5055, and 5059; 42 U.S.C. 12602(c), 42 U.S.C. 4953(b), (c), (f), and 5044(e).
45:607	compilation-locator	usc	5:1978 -> (removed)	5 U.S.C. 5514; E.O. 12107, 3 CFR, 1978 Comp., p. 264; 5 CFR part 550, subpart K.
45:7	compilation-locator	cfr	3:1953 -> (removed)	Reorg. Plan No. 1 of 1953, 18 FR 2053; 3 CFR 1953 Supp. E.O. 10096, 15 FR 391; 3 CFR. 1950 Supp. and E.O. 10930, 26 FR 2583; 3 CFR 1961 Supp.
45:7	compilation-locator	cfr	3:1950 -> (removed)	Reorg. Plan No. 1 of 1953, 18 FR 2053; 3 CFR 1953 Supp. E.O. 10096, 15 FR 391; 3 CFR. 1950 Supp. and E.O. 10930, 26 FR 2583; 3 CFR 1961 Supp.
45:7	compilation-locator	cfr	3:1961 -> (removed)	Reorg. Plan No. 1 of 1953, 18 FR 2053; 3 CFR 1953 Supp. E.O. 10096, 15 FR 391; 3 CFR. 1950 Supp. and E.O. 10930, 26 FR 2583; 3 CFR 1961 Supp.
46:105	compilation-locator	usc	46:1991 -> (removed)	6 U.S.C. 468(b); 33 U.S.C. 1321(j); 46 U.S.C. 2103, 3306, 3703, 4502; E.O. 12777, sec. 2(d)(2) and (f), 56 FR 54757, 3 CFR, 1991 Comp., p. 351; DHS Delegation No. 00170.1, Revision No. 01.4.
46:110	compilation-locator	usc	46:1980 -> (removed)	43 U.S.C. 1333; 46 U.S.C. 3306, 3307, 3703; E.O. 12234, 45 FR 58801, 3 CFR, 1980 Comp., p. 277; DHS Delegation 00170.1, Revision No. 01.4; § 110.01-2 also issued under 44 U.S.C. 3507. Sections 110.15-1 and 110.25-1 also issued under sec. 617, Pub. L. 111-281, 124 Stat. 2905.
46:110	dotted-cfr-section	usc	44:110 -> (removed)	43 U.S.C. 1333; 46 U.S.C. 3306, 3307, 3703; E.O. 12234, 45 FR 58801, 3 CFR, 1980 Comp., p. 277; DHS Delegation 00170.1, Revision No. 01.4; § 110.01-2 also issued under 44 U.S.C. 3507. Sections 110.15-1 and 110.25-1 also issued under sec. 617, Pub. L. 111-281, 124 Stat. 2905.
46:115	compilation-locator	usc	49:1971 -> (removed)	33 U.S.C. 1321(j); 46 U.S.C. 2103, 3205, 3306, 3307; 49 U.S.C. App. 1804; E.O. 11735, 38 FR 21243, 3 CFR, 1971-1975 Comp., p. 277; DHS Delegation 00170.1, Revision No. 01.4.
46:116	compilation-locator	usc	46:1980 -> (removed)	46 U.S.C. 2103, 3306; E.O. 12234, 45 FR 58801, 3 CFR, 1980 Comp., p. 277, DHS Delegation 00170.1, Revision No. 01.4.
46:117	compilation-locator	usc	46:1980 -> (removed)	46 U.S.C. 2103, 3306; E.O. 12234, 45 FR 58801, 3 CFR, 1980 Comp., p. 277; DHS Delegation 00170.1, Revision No. 01.4.
46:118	compilation-locator	usc	46:1980 -> (removed)	46 U.S.C. 2103, 3306; E.O. 12234, 45 FR 58801, 3 CFR, 1980 Comp., p. 277; DHS Delegation 00170.1, Revision No. 01.4.
46:119	compilation-locator	usc	46:1980 -> (removed)	46 U.S.C. 2103, 3306; E.O. 12234, 45 FR 58801, 3 CFR, 1980 Comp., p. 277; DHS Delegation No. 00170.1, Revision No. 01.3.
46:120	compilation-locator	usc	46:1980 -> (removed)	46 U.S.C. 2103, 3306; E.O. 12234, 45 FR 58801, 3 CFR, 1980 Comp., p. 277; Department of Homeland Security Delegation No. 0170.1.
46:121	compilation-locator	usc	46:1980 -> (removed)	46 U.S.C. 2103, 3306; E.O. 12234, 45 FR 58801, 3 CFR, 1980 Comp., p. 277; DHS Delegation 00170.1, Revision No. 01.2.
46:122	compilation-locator	usc	46:1980 -> (removed)	46 U.S.C. 2103, 3306, 6101; E.O. 12234, 45 FR 58801, 3 CFR, 1980 Comp., p. 277; DHS Delegation 00170.1, Revision No. 01.2, paragraph (II)(92)(a).
46:130	dotted-cfr-section	usc	46:130 -> (removed)	46 U.S.C. 3306; Department of Homeland Security Delegation No. 0170.1. Sections 130.140 and 130.400 also issued under sec. 617, Pub. L. 111-281, 124 Stat. 2905.
46:131	compilation-locator	usc	46:1980 -> (removed)	33 U.S.C. 1321(j); 46 U.S.C. 3306, 6101, 10104; E.O. 12234, 3 CFR, 1980 Comp., p. 277; E.O. 12777, 3 CFR, 1991 Comp., p. 351; DHS Delegation No. 00170.1, Revision No. 01.4. Section 131.990 also issued under sec. 617, Pub. L. 111-281, 124 Stat. 2905.
46:131	compilation-locator	usc	46:1991 -> (removed)	33 U.S.C. 1321(j); 46 U.S.C. 3306, 6101, 10104; E.O. 12234, 3 CFR, 1980 Comp., p. 277; E.O. 12777, 3 CFR, 1991 Comp., p. 351; DHS Delegation No. 00170.1, Revision No. 01.4. Section 131.990 also issued under sec. 617, Pub. L. 111-281, 124 Stat. 2905.
46:147	compilation-locator	usc	46:1980 -> (removed)	46 U.S.C. 3306; E.O. 12234, 45 FR 58801, 3 CFR, 1980 Comp., p. 277; DHS Delegation 00170.1, Revision No. 01.4.
46:148	compilation-locator	usc	33:1980 -> (removed)	33 U.S.C. 1602; E.O. 12234, 45 FR 58801, 3 CFR, 1980 Comp., p. 277; 46 U.S.C. 3306, 5111; 49 U.S.C. 5103; Department of Homeland Security Delegation No. 0170.1.
46:153	dotted-cfr-section	usc	49:153 -> (removed)	46 U.S.C. 3703; Department of Homeland Security Delegation No. 0170.1. Section 153.40 issued under 49 U.S.C. 5103. Sections 153.470 through 153.491, 153.1100 through 153.1132, and 153.1600 through 153.1608 also issued under 33 U.S.C. 1903 (b).
46:160	compilation-locator	usc	46:1980 -> (removed)	46 U.S.C. 2103, 3306, 3703, 4302; E.O. 12234; 45 FR 58801; 3 CFR, 1980 Comp., p. 277; and DHS Delegation 00170.1, Revision No. 01.4.
46:161	compilation-locator	usc	46:1980 -> (removed)	46 U.S.C. 3306, 3703, 4302; E.O. 12234, 45 FR 58801, 3 CFR, 1980 Comp., p. 277; DHS Delegation 00170.1, Revision No. 01.4.
46:162	compilation-locator	usc	46:1980 -> (removed)	33 U.S.C. 1321(j), 1903; 46 U.S.C. 3306, 3703, 4104, 4302; E.O. 12234, 45 FR 58801, 3 CFR, 1980 Comp., p. 277; E.O. 12777, 56 FR 54757, 3 CFR, 1991 Comp., p. 351; DHS Delegation 00170.1, Revision No. 01.4.
46:162	compilation-locator	usc	46:1991 -> (removed)	33 U.S.C. 1321(j), 1903; 46 U.S.C. 3306, 3703, 4104, 4302; E.O. 12234, 45 FR 58801, 3 CFR, 1980 Comp., p. 277; E.O. 12777, 56 FR 54757, 3 CFR, 1991 Comp., p. 351; DHS Delegation 00170.1, Revision No. 01.4.
46:163	compilation-locator	usc	46:1980 -> (removed)	46 U.S.C. 3306, 3703, 5115; E.O. 12234, 45 FR 58801, 3 CFR, 1980 Comp., p. 277; DHS Delegation 00170.1, Revision No. 01.4.
46:164	compilation-locator	usc	46:1980 -> (removed)	46 U.S.C. 3306, 3703, 4302; E.O. 12234, 45 FR 58801, 3 CFR, 1980 Comp., p. 277; DHS Delegation 00170.1, Revision No. 01.4.
46:167	compilation-locator	usc	46:1980 -> (removed)	46 U.S.C. 3306, 3307, 6101, 8105; E.O. 12234, 45 FR 58801, 3 CFR, 1980 Comp., p. 277; DHS Delegation 00170.1, Revision No. 01.4.
46:169	compilation-locator	usc	46:1971 -> (removed)	33 U.S.C. 1321(j); 46 U.S.C. 3306, 6101; Pub. L. 103-206, 107 Stat. 2439; E.O. 11735, 38 FR 21243, 3 CFR, 1971-1975 Comp., p. 793; DHS Delegation 00170.1, Revision No. 01.4; § 169.117 also issued under the authority of 44 U.S.C. 3507.
46:170	compilation-locator	usc	46:1980 -> (removed)	43 U.S.C. 1333; 46 U.S.C. 2103, 3306, 3703; E.O. 12234, 45 FR 58801, 3 CFR, 1980 Comp., p. 277; Department of Homeland Security Delegation No. 0170.1.
46:171	compilation-locator	usc	46:1980 -> (removed)	46 U.S.C. 2103, 3306; E.O. 12234, 45 FR 58801, 3 CFR, 1980 Comp., p. 277; Department of Homeland Security Delegation No. 0170.1.
46:172	compilation-locator	usc	46:1980 -> (removed)	46 U.S.C. 3306, 3703, 5115; E.O. 12234, 45 FR 58801, 3 CFR, 1980 Comp., p. 277; DHS Delegation 00170.1, Revision No. 01.2.
46:173	compilation-locator	usc	46:1980 -> (removed)	43 U.S.C. 1333; 46 U.S.C. 2113, 3306, 5115; E.O. 12234, 45 FR 58801, 3 CFR, 1980 Comp., p. 277; DHS Delegation No. 00170.1, Revision No. 01.3.
46:174	compilation-locator	usc	46:1980 -> (removed)	42 U.S.C. 9118, 9119, 9153; 43 U.S.C. 1333; 46 U.S.C. 3306, 3703; E.O. 12234, 45 FR 58801, 3 CFR, 1980 Comp., p. 277; Department of Homeland Security Delegation No. 0170.1. Section 174.180 also issued under sec. 617, Pub. L. 111-281, 124 Stat. 2905.
46:176	compilation-locator	usc	49:1971 -> (removed)	33 U.S.C. 1321(j); 46 U.S.C. 2103, 3205, 3306, 3307; 49 U.S.C. App. 1804; E.O. 11735, 38 FR 21243, 3 CFR, 1971-1975 Comp., p. 743; E.O. 12234, 45 FR 58801, 3 CFR, 1980 Comp., p. 277; Department of Homeland Security Delegation No. 0170.1.
46:176	compilation-locator	usc	49:1980 -> (removed)	33 U.S.C. 1321(j); 46 U.S.C. 2103, 3205, 3306, 3307; 49 U.S.C. App. 1804; E.O. 11735, 38 FR 21243, 3 CFR, 1971-1975 Comp., p. 743; E.O. 12234, 45 FR 58801, 3 CFR, 1980 Comp., p. 277; Department of Homeland Security Delegation No. 0170.1.
46:177	compilation-locator	usc	46:1980 -> (removed)	46 U.S.C. 2103, 3306; E.O. 12234, 45 FR 58801, 3 CFR, 1980 Comp., p. 277; DHS Delegation 00170.1, Revision No. 01.4.
46:178	compilation-locator	usc	46:1980 -> (removed)	43 U.S.C. 1333; 46 U.S.C. 2103, 3306, 3703; E.O. 12234, 45 FR 58801, 3 CFR, 1980 Comp., p. 277; DHS Delegation No. 00170.1, Revision No. 01.3.
46:179	compilation-locator	usc	46:1980 -> (removed)	43 U.S.C. 1333; 46 U.S.C. 2103, 3306, 3703; E.O. 12234, 45 FR 58801, 3 CFR, 1980 Comp., p. 277; Department of Homeland Security Delegation No. 0170.1.
46:180	compilation-locator	usc	46:1980 -> (removed)	46 U.S.C. 2104, 3306; E.O. 12234, 45 FR 58801, 3 CFR, 1980 Comp., p. 277; DHS Delegation 00170.1, Revision No. 01.4.
46:181	compilation-locator	usc	46:1980 -> (removed)	46 U.S.C. 2103, 3306; E.O. 12234, 45 FR 58801, 3 CFR, 1980 Comp., p. 277; DHS Delegation 00170.1, Revision No. 01.4.
46:182	compilation-locator	usc	46:1980 -> (removed)	46 U.S.C. 3306; E.O. 12234, 45 FR 58801, 3 CFR, 1980 Comp., p. 277; DHS Delegation No. 00170.1, Revision No. 01.4.
46:183	compilation-locator	usc	46:1980 -> (removed)	46 U.S.C. 2103, 3306; E.O. 12234, 45 FR 58801, 3 CFR, 1980 Comp., p. 277; Department of Homeland Security Delegation No. 0170.1.
46:184	compilation-locator	usc	46:1980 -> (removed)	46 U.S.C. 2103, 3306; E.O. 12234, 45 FR 58801, 3 CFR, 1980 Comp., p. 277; DHS Delegation 00170.1, Revision No. 01.2.
46:185	compilation-locator	usc	46:1980 -> (removed)	46 U.S.C. 2103, 3306, 6101; E.O. 12234, 45 FR 58801, 3 CFR, 1980 Comp., p. 277; DHS Delegation 00170.1, Revision No. 01.2, paragraph (II)(92)(a).
46:188	compilation-locator	usc	6:1980 -> (removed)	6 U.S.C. 2103, 2113, 3306; E.O. 12234, 45 FR 58801, 3 CFR, 1980 Comp., p. 277, sec. 1-105; DHS Delegation No. 00170.1, Revision No. 01.4.
46:189	compilation-locator	usc	46:1980 -> (removed)	46 U.S.C. 2113, 3306, 3307, 70034; E.O. 12234, 45 FR 58801, 3 CFR, 1980 Comp., p. 277; E.O. 12777, 56 FR 54757, 3 CFR, 1991 Comp., p. 351; DHS Delegation 00170.1, Revision No. 01.2.
46:189	compilation-locator	usc	46:1991 -> (removed)	46 U.S.C. 2113, 3306, 3307, 70034; E.O. 12234, 45 FR 58801, 3 CFR, 1980 Comp., p. 277; E.O. 12777, 56 FR 54757, 3 CFR, 1991 Comp., p. 351; DHS Delegation 00170.1, Revision No. 01.2.
46:190	compilation-locator	usc	46:1980 -> (removed)	46 U.S.C. 2113, 3306; E.O. 12234, 45 FR 58801, 3 CFR, 1980 Comp., p. 277; Department of Homeland Security Delegation No. 0170.1.
46:193	compilation-locator	usc	46:1980 -> (removed)	46 U.S.C. 2213, 3102, 3306; E.O. 12234, 45 FR 58801, 3 CFR, 1980 Comp., p. 277; Department of Homeland Security Delegation No. 0170.1.
46:194	compilation-locator	usc	49:1980 -> (removed)	46 U.S.C. 2103, 2113, 3306; 49 U.S.C. App. 1804; E.O. 12234, 45 FR 58801, 3 CFR, 1980 Comp., p. 277; Department of Homeland Security Delegation No. 0170.1.
46:195	compilation-locator	usc	49:1980 -> (removed)	46 U.S.C. 2113, 3306, 3307; 49 U.S.C. App. 1804; E.O. 12234, 45 FR 58801, 3 CFR, 1980 Comp., p. 277; DHS Delegation 00170.1, Revision No. 01.4.
46:196	compilation-locator	usc	46:1991 -> (removed)	33 U.S.C. 1321(j); 46 U.S.C. 2213, 3306, 5115, 6101; E.O. 12777, 56 FR 54757, 3 CFR, 1991 Comp., p. 351; E.O. 12234, 45 FR 58801, 3 CFR, 1980 Comp., p. 277; Department of Homeland Security Delegation No. 0170.1.
46:196	compilation-locator	usc	46:1980 -> (removed)	33 U.S.C. 1321(j); 46 U.S.C. 2213, 3306, 5115, 6101; E.O. 12777, 56 FR 54757, 3 CFR, 1991 Comp., p. 351; E.O. 12234, 45 FR 58801, 3 CFR, 1980 Comp., p. 277; Department of Homeland Security Delegation No. 0170.1.
46:2	compilation-locator	usc	46:1980 -> (removed)	33 U.S.C. 1903; 43 U.S.C. 1333; 46 U.S.C. 2103, 2110, 3306, 3316, 3703, 70034; DHS Delegation No. 00170.1, Revision No. 01.4; E.O. 12234, 45 FR 58801, 3 CFR, 1980 Comp., p. 277, sec. 1-105.
46:201	dotted-cfr-section	usc	46:1 -> (removed)	46 App. U.S.C. 1114(b); 49 CFR 1.66 and 1.69.
46:24	compilation-locator	usc	46:1980 -> (removed)	46 U.S.C. 2103, 2113, 4302; E.O. 12234, 45 FR 58801, 3 CFR, 1980 Comp., p. 277, sec. 1-105; DHS Delegation No. 00170.1, Revision No. 01.4.
46:26	compilation-locator	usc	46:1980 -> (removed)	46 U.S.C. 3306, 4105, 4106, 6101, 8105; Pub. L. 103-206, 107 Stat. 2439; E.O. 12234, 45 FR 58801, 3 CFR, 1980 Comp., p. 277; DHS Delegation No. 00170.1, Revision No. 01.4.
46:31	compilation-locator	usc	46:1980 -> (removed)	33 U.S.C. 1321(j); 46 U.S.C. 2103, 3205, 3306, 3307, 3703; 46 U.S.C. Chapter 701; E.O. 12234, 45 FR 58801, 3 CFR, 1980 Comp., p. 277; E.O. 12777, 56 FR 54757, 3 CFR, 1991 Comp., p. 351; DHS Delegation No. 00170.1, Revision No. 01.4. Section 31.10-21 also issued under the authority of Sect. 4109, Pub. L. 101-380, 104 Stat. 515.
46:31	compilation-locator	usc	46:1991 -> (removed)	33 U.S.C. 1321(j); 46 U.S.C. 2103, 3205, 3306, 3307, 3703; 46 U.S.C. Chapter 701; E.O. 12234, 45 FR 58801, 3 CFR, 1980 Comp., p. 277; E.O. 12777, 56 FR 54757, 3 CFR, 1991 Comp., p. 351; DHS Delegation No. 00170.1, Revision No. 01.4. Section 31.10-21 also issued under the authority of Sect. 4109, Pub. L. 101-380, 104 Stat. 515.
46:32	compilation-locator	usc	46:1980 -> (removed)	46 U.S.C. 2103, 3306, 3703, 3719; E.O. 12234, 45 FR 58801, 3 CFR, 1980 Comp., p. 277; DHS Delegation No. 00170.1, Revision No. 01.4; Subpart 32.59 also issued under the authority of Sec. 4109, Pub. L. 101-380, 104 Stat. 515.
46:34	compilation-locator	usc	46:1980 -> (removed)	46 U.S.C. 3306, 3703; E.O. 12234, 45 FR 58801, 3 CFR, 1980 Comp., p. 277; DHS Delegation No. 00170.1, Revision No. 01.4.
46:35	compilation-locator	usc	49:1980 -> (removed)	33 U.S.C. 1321(j); 46 U.S.C. 3306, 3703, 6101, 70011, 70034; 49 U.S.C. 5103, 5106; Executive Order 12234, 45 FR 58801, 3 CFR, 1980 Comp., p. 277; Executive Order 12777, 56 FR 54757, 3 CFR, 1991 Comp., p. 351; DHS Delegation No. 00170.1, Revision No. 01.4.
46:35	compilation-locator	usc	49:1991 -> (removed)	33 U.S.C. 1321(j); 46 U.S.C. 3306, 3703, 6101, 70011, 70034; 49 U.S.C. 5103, 5106; Executive Order 12234, 45 FR 58801, 3 CFR, 1980 Comp., p. 277; Executive Order 12777, 56 FR 54757, 3 CFR, 1991 Comp., p. 351; DHS Delegation No. 00170.1, Revision No. 01.4.
46:36	compilation-locator	usc	46:1980 -> (removed)	46 U.S.C. 3306, 3703; E.O. 12234, 45 FR 58801, 3 CFR, 1980 Comp., p. 277; Department of Homeland Security Delegation No. 0170.1.
46:38	compilation-locator	usc	49:1980 -> (removed)	46 U.S.C. 2103, 3306, 3703; 49 U.S.C. 5101, 5106; E.O. 12234, 45 FR 58801, 3 CFR, 1980 Comp., p. 277; Department of Homeland Security Delegation No. 0170.1.
46:39	compilation-locator	usc	46:1980 -> (removed)	42 U.S.C. 7511b(f)(2); 46 U.S.C. 3306, 3703, 3715(b), 70011, 70034; Executive Order 12234, 45 FR 58801, 3 CFR, 1980 Comp., p. 277; DHS Delegation No. 00170.1, Revision No. 01.4.
46:46	compilation-locator	usc	46:1980 -> (removed)	46 U.S.C. 3306; 46 U.S.C. 5101-5116; E.O. 12234, 3 CFR, 1980 Comp., p. 277; Department of Homeland Security Delegation No. 0170.1.
46:50	compilation-locator	usc	46:1980 -> (removed)	43 U.S.C. 1333; 46 U.S.C. 3306, 3703; E.O. 12234, 45 FR 58801, 3 CFR, 1980 Comp., p. 277; Department of Homeland Security Delegation No. 00170.1, Revision No. 01.3; Section 50.01-20 also issued under the authority of 44 U.S.C. 3507.
46:503	compilation-locator	usc	46:2010 -> (removed)	5 U.S.C. 331, 552, 552a, 552b, 553; 31 U.S.C. 9701; 46 U.S.C. 303; E.O. 13526 of January 5, 2010 75 FR 707, 3 CFR, 2010 Comp., p. 298, sections 5.1(a) and (b).
46:52	compilation-locator	usc	46:1980 -> (removed)	46 U.S.C. 3306, 3307, 3703; E.O. 12234, 45 FR 58801, 3 CFR, 1980 Comp., p. 277; Department of Homeland Security Delegation No. 00170.1, Revision No. 01.3.
46:53	compilation-locator	usc	46:1980 -> (removed)	46 U.S.C. 3306, 3703; E.O. 12234, 45 FR 58801, 3 CFR, 1980 Comp., p. 277; Department of Homeland Security Delegation No. 00170.1, Revision No. 01.3.
46:54	compilation-locator	usc	46:1980 -> (removed)	33 U.S.C. 1509; 43 U.S.C. 1333; 46 U.S.C. 3306, 3703; E.O. 12234, 45 FR 58801, 3 CFR, 1980 Comp., p. 277; Department of Homeland Security Delegation No. 00170.1, Revision No. 01.3.
46:56	compilation-locator	usc	46:1980 -> (removed)	33 U.S.C. 1321(j), 1509; 43 U.S.C. 1333; 46 U.S.C. 3306, 3703; E.O. 12234, 45 FR 58801, 3 CFR, 1980 Comp., p. 277; E.O. 12777, 56 FR 54757, 3 CFR, 1991 Comp., p. 351; DHS Delegation No. 00170.1, Revision No. 01.4.
46:56	compilation-locator	usc	46:1991 -> (removed)	33 U.S.C. 1321(j), 1509; 43 U.S.C. 1333; 46 U.S.C. 3306, 3703; E.O. 12234, 45 FR 58801, 3 CFR, 1980 Comp., p. 277; E.O. 12777, 56 FR 54757, 3 CFR, 1991 Comp., p. 351; DHS Delegation No. 00170.1, Revision No. 01.4.
46:57	compilation-locator	usc	46:1980 -> (removed)	46 U.S.C. 3306, 3703, E.O. 12234, 45 FR 58801, 3 CFR, 1980 Comp., p. 277; 49 CFR 1.46.
46:58	compilation-locator	usc	46:1980 -> (removed)	43 U.S.C. 1333; 46 U.S.C. 3306, 3703; E.O. 12234, 45 FR 58801, 3 CFR, 1980 Comp., p. 277; DHS Delegation No. 00170.1, Revision No. 01.4.
46:59	compilation-locator	usc	46:1980 -> (removed)	46 U.S.C. 3306, 3703; E.O. 12234, 45 FR 58801, 3 CFR, 1980 Comp., p. 227; Department of Homeland Security Delegation No. 00170.1, Revision No. 01.3.
46:62	compilation-locator	usc	46:1980 -> (removed)	46 U.S.C. 3306, 3703, 8105; sec. 617, Pub. L. 111-281, 124 Stat. 2905; E.O. 12234, 45 FR 58801, 3 CFR, 1980 Comp., p. 277; DHS Delegation No. 00170.1, Revision No. 01.4.
46:63	compilation-locator	usc	46:1980 -> (removed)	46 U.S.C. 3306, 3703; E.O. 12234, 45 FR 58801, 3 CFR, 1980 Comp., p. 277; Department of Homeland Security Delegation No. 00170.1, Revision No. 01.3.
46:68	compilation-locator	usc	46:1980 -> (removed)	46 U.S.C. 3306, 3703, 8105; sec. 617, Pub. L. 111-281, 124 Stat. 2905; E.O. 12234, 45 FR 58801, 3 CFR, 1980 Comp., p. 277; DHS Delegation No. 00170.1, Revision No. 01.4.
46:70	compilation-locator	usc	46:1980 -> (removed)	46 U.S.C. 2103, 3306, 3703; E.O. 12234, 45 FR 58801, 3 CFR, 1980 Comp., p. 277, sec. 1-105; DHS Delegation No. 00170.1, Revision No. 01.3.
46:71	compilation-locator	usc	46:1980 -> (removed)	46 U.S.C. 2113, 3205, 3306, 3307, 70034; E.O. 12234, 45 FR 58801, 3 CFR, 1980 Comp., p. 277; E.O. 12777, 56 FR 54757, 3 CFR, 1991 Comp., p. 351; DHS Delegation 00170.1, Revision No. 01.2.
46:71	compilation-locator	usc	46:1991 -> (removed)	46 U.S.C. 2113, 3205, 3306, 3307, 70034; E.O. 12234, 45 FR 58801, 3 CFR, 1980 Comp., p. 277; E.O. 12777, 56 FR 54757, 3 CFR, 1991 Comp., p. 351; DHS Delegation 00170.1, Revision No. 01.2.
46:72	compilation-locator	usc	46:1980 -> (removed)	46 U.S.C. 3306; E.O. 12234, 45 FR 58801, 3 CFR, 1980 Comp., p. 277; Department of Homeland Security Delegation No. 0170.1.
46:76	compilation-locator	usc	46:1980 -> (removed)	46 U.S.C. 3306; E.O. 12234, 45 FR 58801, 3 CFR, 1980 Comp., p. 277; DHS Delegation No. 00170.1, Revision No. 01.4.
46:77	compilation-locator	usc	46:1980 -> (removed)	46 U.S.C. 3306; E.O. 12234, 45 FR 58801, 3 CFR, 1980 Comp., p. 277; DHS Delegation No. 00170.1, Revision No. 01.4.
46:78	compilation-locator	usc	49:1980 -> (removed)	33 U.S.C. 1321(j); 46 U.S.C. 2103, 3306, 6101; 49 U.S.C. 5103, 5106; E.O. 12234, 45 FR 58801, 3 CFR, 1980 Comp., p. 277; E.O. 12777, 56 FR 54757, 3 CFR, 1991 Comp., p. 351; Department of Homeland Security Delegation No. 0170.1.
46:78	compilation-locator	usc	49:1991 -> (removed)	33 U.S.C. 1321(j); 46 U.S.C. 2103, 3306, 6101; 49 U.S.C. 5103, 5106; E.O. 12234, 45 FR 58801, 3 CFR, 1980 Comp., p. 277; E.O. 12777, 56 FR 54757, 3 CFR, 1991 Comp., p. 351; Department of Homeland Security Delegation No. 0170.1.
46:90	compilation-locator	usc	46:1980 -> (removed)	46 U.S.C. 2103, 3306, 3703; E.O. 12234, 45 FR 58801, 3 CFR, 1980 Comp., p. 277, sec. 1-105; DHS Delegation No. 00170.1, Revision No. 01.4.
46:91	compilation-locator	usc	46:1980 -> (removed)	46 U.S.C. 3205, 3306, 3307, 70034; 46 U.S.C. Chapter 701; E.O. 12234, 45 FR 58801, 3 CFR, 1980 Comp., p. 277; E.O. 12777, 56 FR 54757, 3 CFR, 1991 Comp., p. 351; DHS Delegation 00170.1, Revision No. 01.2.
46:91	compilation-locator	usc	46:1991 -> (removed)	46 U.S.C. 3205, 3306, 3307, 70034; 46 U.S.C. Chapter 701; E.O. 12234, 45 FR 58801, 3 CFR, 1980 Comp., p. 277; E.O. 12777, 56 FR 54757, 3 CFR, 1991 Comp., p. 351; DHS Delegation 00170.1, Revision No. 01.2.
46:92	compilation-locator	usc	46:1980 -> (removed)	46 U.S.C. 3306; E.0. 12234, 45 FR 58801, 3 CFR, 1980 Comp., p. 277; Department of Homeland Security Delegation No. 0170.1.
46:93	compilation-locator	usc	46:1980 -> (removed)	46 U.S.C. 3306, 5115; E.O. 12234, 45 FR 58801, 3 CFR, 1980 Comp., p. 277; 49 CFR 1.46.
46:95	compilation-locator	usc	46:1980 -> (removed)	46 U.S.C. 3306; E.O. 12234, 45 FR 58801, 3 CFR, 1980 Comp., p. 277; DHS Delegation No. 00170.1, Revision No. 01.4.
46:96	compilation-locator	usc	46:1980 -> (removed)	46 U.S.C. 3306; E.O. 12234, 45 FR 58801, 3 CFR, 1980 Comp., p. 277; DHS Delegation No. 00170.1, Revision No. 01.4.
46:97	compilation-locator	usc	49:1980 -> (removed)	33 U.S.C. 1321(j); 46 U.S.C. 2103, 3306, 5111, 6101; 49 U.S.C. 5103, 5106; E.O. 12234, 45 FR 58801, 3 CFR, 1980 Comp., p. 277; E.O. 12777, 56 FR 54757; 3 CFR, 1991 Comp., p. 351; Department of Homeland Security Delegation No. 0170.1.
46:97	compilation-locator	usc	49:1991 -> (removed)	33 U.S.C. 1321(j); 46 U.S.C. 2103, 3306, 5111, 6101; 49 U.S.C. 5103, 5106; E.O. 12234, 45 FR 58801, 3 CFR, 1980 Comp., p. 277; E.O. 12777, 56 FR 54757; 3 CFR, 1991 Comp., p. 351; Department of Homeland Security Delegation No. 0170.1.
46:98	compilation-locator	usc	49:1980 -> (removed)	33 U.S.C. 1903; 46 U.S.C. 3306, 3307, 3703; 49 U.S.C. App. 1804; E.O. 12234, 45 FR 58801, 3 CFR, 1980 Comp., p. 277; Department of Homeland Security Delegation No. 0170.1.
47:201	compilation-locator	usc	42:1978 -> (removed)	61 Stat. 496 (50 U.S.C. 401); 64 Stat. 798 (50 U.S.C. app. 2061); 64 Stat. 1245 (50 U.S.C. app. 2251); 90 Stat. 463 (42 U.S.C. 6611); E.O. 12046, March 27, 1978 (43 FR 13349; 3 CFR, 1978 Comp., p. 158); E.O. 12472, April 3, 1984 (49 FR 13471; 3 CFR, 1984 Comp., p. 193); E.O. 12656, November 18, 1988 (53 FR 47491; 3 CFR, 1988 Comp., p. 585).
47:201	compilation-locator	usc	42:1984 -> (removed)	61 Stat. 496 (50 U.S.C. 401); 64 Stat. 798 (50 U.S.C. app. 2061); 64 Stat. 1245 (50 U.S.C. app. 2251); 90 Stat. 463 (42 U.S.C. 6611); E.O. 12046, March 27, 1978 (43 FR 13349; 3 CFR, 1978 Comp., p. 158); E.O. 12472, April 3, 1984 (49 FR 13471; 3 CFR, 1984 Comp., p. 193); E.O. 12656, November 18, 1988 (53 FR 47491; 3 CFR, 1988 Comp., p. 585).
47:201	compilation-locator	usc	42:1988 -> (removed)	61 Stat. 496 (50 U.S.C. 401); 64 Stat. 798 (50 U.S.C. app. 2061); 64 Stat. 1245 (50 U.S.C. app. 2251); 90 Stat. 463 (42 U.S.C. 6611); E.O. 12046, March 27, 1978 (43 FR 13349; 3 CFR, 1978 Comp., p. 158); E.O. 12472, April 3, 1984 (49 FR 13471; 3 CFR, 1984 Comp., p. 193); E.O. 12656, November 18, 1988 (53 FR 47491; 3 CFR, 1988 Comp., p. 585).
47:202	compilation-locator	usc	42:1978 -> (removed)	61 Stat. 496 (50 U.S.C. 401); 64 Stat. 798 (50 U.S.C. app. 2061); 64 Stat. 1245 (50 U.S.C. app. 2251); 90 Stat. 463 (42 U.S.C. 6611); E.O. 12046, March 27, 1978 (43 FR 13349; 3 CFR, 1978 Comp., p. 158); E.O. 11021, May 7, 1962 (27 FR 4409; 3 CFR, 1959-1963 Comp., p. 600); E.O. 12472, April 3, 1984 (49 FR 13471; 3 CFR, 1984 Comp., p. 193).
47:202	compilation-locator	usc	42:1959 -> (removed)	61 Stat. 496 (50 U.S.C. 401); 64 Stat. 798 (50 U.S.C. app. 2061); 64 Stat. 1245 (50 U.S.C. app. 2251); 90 Stat. 463 (42 U.S.C. 6611); E.O. 12046, March 27, 1978 (43 FR 13349; 3 CFR, 1978 Comp., p. 158); E.O. 11021, May 7, 1962 (27 FR 4409; 3 CFR, 1959-1963 Comp., p. 600); E.O. 12472, April 3, 1984 (49 FR 13471; 3 CFR, 1984 Comp., p. 193).
47:202	compilation-locator	usc	42:1984 -> (removed)	61 Stat. 496 (50 U.S.C. 401); 64 Stat. 798 (50 U.S.C. app. 2061); 64 Stat. 1245 (50 U.S.C. app. 2251); 90 Stat. 463 (42 U.S.C. 6611); E.O. 12046, March 27, 1978 (43 FR 13349; 3 CFR, 1978 Comp., p. 158); E.O. 11021, May 7, 1962 (27 FR 4409; 3 CFR, 1959-1963 Comp., p. 600); E.O. 12472, April 3, 1984 (49 FR 13471; 3 CFR, 1984 Comp., p. 193).
47:213	compilation-locator	usc	47:1954 -> (removed)	Sec. 606, 48 Stat. 1104; 47 U.S.C. 606, E.O. 10705, 3 CFR, 1954-1958 Comp. E.O. 10995, 3 CFR, 1959-1963 Comp., President's Memorandum of August 21, 1963; 3 CFR, 1959-1963 Comp., p. 858; E.O. 12046, 43 FR 13349, Mar. 29, 1978.
47:213	compilation-locator	usc	47:1959 -> (removed)	Sec. 606, 48 Stat. 1104; 47 U.S.C. 606, E.O. 10705, 3 CFR, 1954-1958 Comp. E.O. 10995, 3 CFR, 1959-1963 Comp., President's Memorandum of August 21, 1963; 3 CFR, 1959-1963 Comp., p. 858; E.O. 12046, 43 FR 13349, Mar. 29, 1978.
47:4	compilation-locator	usc	5:1954 -> (removed)	47 U.S.C. 34-39, 151, 154, 155, 157, 201, 214, 218, 251, 301, 303, 307, 309, 316, 332, 403, 615, 615a-1, 615b, 1302(a), 1302(b), 1421, 1426, and 1433; 5 U.S.C. 301; and E.O. 10530, 19 FR 2709, 3 CFR, 1954-1958 Comp., p. 189.
47:80	cross-family-volume	usc	47:3 -> (removed)	47 U.S.C. 151-155, 301-609; 3 U.S.T. 3450, 3 U.S.T. 4726, 12 U.S.T. 2377.
47:80	cross-family-volume	usc	47:12 -> (removed)	47 U.S.C. 151-155, 301-609; 3 U.S.T. 3450, 3 U.S.T. 4726, 12 U.S.T. 2377.
48:2801	dotted-cfr-section	usc	40:0 -> (removed)	28 U.S.C. 510; 40 U.S.C. 486(c); 28 CFR 0.75(j) and 0.76(j).
48:2802	dotted-cfr-section	usc	40:0 -> (removed)	28 U.S.C. 510; 40 U.S.C. 486(c); 28 CFR 0.75(j) and 0.76(j).
48:2803	dotted-cfr-section	usc	40:0 -> (removed)	28 U.S.C. 510; 40 U.S.C. 486(c); 28 CFR 0.75(j) and 0.76(j).
48:2804	dotted-cfr-section	usc	40:0 -> (removed)	28 U.S.C. 510; 40 U.S.C. 486(c); 28 CFR 0.75(j) and 0.76(j).
48:2805	dotted-cfr-section	usc	40:0 -> (removed)	28 U.S.C. 510; 40 U.S.C. 486(c); 28 CFR 0.75(j) and 0.76(j).
48:2806	dotted-cfr-section	usc	40:0 -> (removed)	28 U.S.C. 510; 40 U.S.C. 486(c); 28 CFR 0.75(j) and 0.76(j).
48:2807	dotted-cfr-section	usc	40:0 -> (removed)	28 U.S.C. 510; 40 U.S.C. 486(c); 28 CFR 0.75(j) and 0.76(j).
48:2808	dotted-cfr-section	usc	40:0 -> (removed)	28 U.S.C. 510; 40 U.S.C. 486(c); 28 CFR 0.75(j) and 0.76(j).
48:2809	dotted-cfr-section	usc	40:0 -> (removed)	28 U.S.C. 510; 40 U.S.C. 486(c); 28 CFR 0.75(j) and 0.76(j).
48:2810	dotted-cfr-section	usc	40:0 -> (removed)	28 U.S.C. 510; 40 U.S.C. 486(c); 28 CFR 0.75(j) and 0.76(j).
48:2811	dotted-cfr-section	usc	40:0 -> (removed)	28 U.S.C. 510; 40 U.S.C. 486(c); 28 CFR 0.75(j) and 0.76(j).
48:2812	dotted-cfr-section	usc	40:0 -> (removed)	28 U.S.C. 510; 40 U.S.C. 486(c); 28 CFR 0.75(j) and 0.76(j).
48:2814	dotted-cfr-section	usc	40:0 -> (removed)	28 U.S.C. 510; 40 U.S.C. 486(c); 28 CFR 0.75(j) and 0.76(j).
48:2819	dotted-cfr-section	usc	40:0 -> (removed)	28 U.S.C. 510; 40 U.S.C. 486(c); 28 CFR 0.75(j) and 0.76(j).
48:2822	dotted-cfr-section	usc	40:0 -> (removed)	28 U.S.C. 510; 40 U.S.C. 486(c); 28 CFR 0.75(j) and 0.76(j).
48:2823	dotted-cfr-section	usc	40:0 -> (removed)	28 U.S.C. 510; 40 U.S.C. 486(c); 28 CFR 0.75(j) and 0.76(j).
48:2825	dotted-cfr-section	usc	40:0 -> (removed)	28 U.S.C. 510; 40 U.S.C. 486(c); 28 CFR 0.75(j) and 0.76(j).
48:2827	dotted-cfr-section	usc	40:0 -> (removed)	28 U.S.C. 510; 40 U.S.C. 486(c); 28 CFR 0.75(j) and 0.76(j).
48:2828	dotted-cfr-section	usc	40:0 -> (removed)	28 U.S.C. 510; 40 U.S.C. 486(c); 28 CFR 0.75(j) and 0.76(j).
48:2829	dotted-cfr-section	usc	40:0 -> (removed)	28 U.S.C. 510; 40 U.S.C. 486(c); 28 CFR 0.75(j) and 0.76(j).
48:2830	dotted-cfr-section	usc	40:0 -> (removed)	28 U.S.C. 510; 40 U.S.C. 486(c); 28 CFR 0.75(j) and 0.76(j).
48:2831	dotted-cfr-section	usc	40:0 -> (removed)	28 U.S.C. 510; 40 U.S.C. 486(c); 28 CFR 0.75(j) and 0.76(j).
48:2832	dotted-cfr-section	usc	40:0 -> (removed)	28 U.S.C. 510; 40 U.S.C. 486(c); 28 CFR 0.75(j) and 0.76(j).
48:2833	dotted-cfr-section	usc	40:0 -> (removed)	28 U.S.C. 510; 40 U.S.C 486(c); 28 CFR 0.75(j) and 0.76(j).
48:2834	dotted-cfr-section	usc	40:0 -> (removed)	28 U.S.C. 510; 40 U.S.C. 486(c); 28 CFR 0.75(j) and 0.76(j).
48:2836	dotted-cfr-section	usc	40:0 -> (removed)	28 U.S.C. 510; 40 U.S.C. 486(c); 28 CFR 0.75(j) and 0.76(j).
48:2837	dotted-cfr-section	usc	40:0 -> (removed)	28 U.S.C. 510; 40 U.S.C. 486(c); 28 CFR 0.75(j) and 0.76(j).
48:2839	dotted-cfr-section	usc	40:0 -> (removed)	28 U.S.C. 510; 40 U.S.C. 486(c); 28 CFR 0.75(j) and 0.76(j).
48:2841	dotted-cfr-section	usc	40:0 -> (removed)	28 U.S.C. 510; 40 U.S.C. 486(c); 28 CFR 0.75(j) and 0.76(j).
48:2842	dotted-cfr-section	usc	40:0 -> (removed)	28 U.S.C. 510; 40 U.S.C. 486(c); 28 CFR 0.75(j) and 0.76(j).
48:2845	dotted-cfr-section	usc	40:0 -> (removed)	28 U.S.C. 510; 40 U.S.C. 486(c); 28 CFR 0.75(j) and 0.76(j).
48:2846	dotted-cfr-section	usc	40:0 -> (removed)	28 U.S.C. 510; 40 U.S.C. 486(c); 28 CFR 0.75(j) and 0.76(j).
48:2848	dotted-cfr-section	usc	40:0 -> (removed)	28 U.S.C. 510; 40 U.S.C. 486(c); 28 CFR 0.75(j) and 0.76(j).
48:2849	dotted-cfr-section	usc	40:0 -> (removed)	28 U.S.C. 510; 40 U.S.C. 486(c); 28 CFR 0.75(j) and 0.76(j).
48:2850	dotted-cfr-section	usc	40:0 -> (removed)	28 U.S.C. 510; 40 U.S.C. 486(c); 28 CFR 0.75(j) and 0.76(j).
48:2852	dotted-cfr-section	usc	40:0 -> (removed)	28 U.S.C. 510; 40 U.S.C. 486(c); 28 CFR 0.75(j) and 0.76(j).
48:2933	compilation-locator	usc	40:1995 -> (removed)	5 U.S.C. 301; 40 U.S.C. 486(c); E.O. 12979, 60 FR 55171, 3 CFR, 1995 Comp., p. 417.
48:701	compilation-locator	usc	22:1979 -> (removed)	Sec. 621, Pub. L. 87-195, 75 Stat. 445, (22 U.S.C. 2381) as amended; E.O. 12163, Sept. 29, 1979, 44 FR 56673; 3 CFR, 1979 Comp., p. 435.
48:702	compilation-locator	usc	22:1979 -> (removed)	Sec. 621, Pub. L. 87-195, 75 Stat. 445, (22 U.S.C. 2381) as amended; E.O. 12163, Sept. 29, 1979, 44 FR 56673; 3 CFR, 1979 Comp., p. 435.
48:703	compilation-locator	usc	22:1979 -> (removed)	Sec. 621, Pub. L. 87-195, 75 Stat. 445, (22 U.S.C. 2381) as amended; E.O. 12163, Sept. 29, 1979, 44 FR 56673; 3 CFR, 1979 Comp., p. 435.
48:704	compilation-locator	usc	22:1979 -> (removed)	Sec. 621, Pub. L. 87-195, 75 Stat. 445, (22 U.S.C. 2381) as amended; E.O. 12163, Sept. 29, 1979, 44 FR 56673; 3 CFR, 1979 Comp., p. 435.
48:705	compilation-locator	usc	22:1979 -> (removed)	Sec. 621, Pub. L. 87-195, 75 Stat. 445 (22 U.S.C. 2381), as amended; E.O. 12163, Sept. 29, 1979, 44 FR 56673, 3 CFR, 1979 Comp., p. 435; 40 U.S.C. 474.
48:706	compilation-locator	usc	22:1979 -> (removed)	Sec. 621, Pub. L. 87-195, 75 Stat. 445 (22 U.S.C. 2381), as amended; E.O. 12163, Sept. 29, 1979, 44 FR 56673, 3 CFR, 1979 Comp., p. 435; 40 U.S.C. 474.
48:709	compilation-locator	usc	22:1979 -> (removed)	Sec. 621, Pub. L. 87-195, 75 Stat. 445, (22 U.S.C. 2381) as amended; E.O. 12163, Sept. 29, 1979, 44 FR 56673; 3 CFR, 1979 Comp., p. 435.
48:711	compilation-locator	usc	22:1979 -> (removed)	Sec. 621, Pub. L. 87-195, 75 Stat. 445, (22 U.S.C. 2381) as amended; E.O. 12163, Sept. 29, 1979, 44 FR 56673; 3 CFR, 1979 Comp., p. 435.
48:714	compilation-locator	usc	22:1979 -> (removed)	Sec. 621, Pub. L. 87-195, 75 Stat. 445, (22 U.S.C. 2381) as amended; E.O. 12163, Sept. 29, 1979, 44 FR 56673; 3 CFR, 1979 Comp., p. 435.
48:715	compilation-locator	usc	22:1979 -> (removed)	Sec. 621, Pub. L. 87-195, 75 Stat. 445 (22 U.S.C. 2381) as amended; E.O. 12163, Sept. 29, 1979, 44 FR 56673; 3 CFR, 1979 Comp., p. 435.
48:716	compilation-locator	usc	22:1979 -> (removed)	Sec. 621, Pub. L. 87-195, 75 Stat. 445 (22 U.S.C. 2381) as amended: E.O. 12163, Sept. 29, 1979, 44 FR 56673; 3 CFR, 1979 Comp., p. 435.
48:717	compilation-locator	usc	22:1979 -> (removed)	Sec. 621, Pub. L. 87-195, 75 Stat. 445, (22 U.S.C. 2381) as amended; E.O. 12163, Sept. 29, 1979, 44 FR 56673; 3 CFR, 1979 Comp., p. 435.
48:722	compilation-locator	usc	22:1979 -> (removed)	Sec. 621, Pub. L. 87-195, 75 Stat. 445, (22 U.S.C. 2381) as amended; E.O. 12163, Sept. 29, 1979, 44 FR 56673; 3 CFR, 1979 Comp., p. 435.
48:724	compilation-locator	usc	22:1979 -> (removed)	Sec. 621, Pub. L. 87-195, 75 Stat. 445, (22 U.S.C. 2381) as amended; E.O. 12163, Sept. 29, 1979, 44 FR 56673; 3 CFR, 1979 Comp., p. 435.
48:725	compilation-locator	usc	22:1979 -> (removed)	Sec. 621, Pub. L. 87-195, 75 Stat. 445, (22 U.S.C. 2381) as amended; E.O. 12163, Sept. 29, 1979, 44 FR 56673; 3 CFR, 1979 Comp., p. 435.
48:726	compilation-locator	usc	22:1979 -> (removed)	Sec. 621, Pub. L. 87-195, 75 Stat. 445, (22 U.S.C. 2381) as amended; E.O.12163, Sept. 29, 1979, 44 FR 56673; 3 CFR, 1979 Comp., p. 435.
48:728	compilation-locator	usc	22:1979 -> (removed)	Sec. 621, Pub. L. 87-195, 75 Stat. 445, (22 U.S.C. 2381) as amended; E.O. 12163, Sept. 29, 1979, 44 FR 56673; 3 CFR, 1979 Comp., p. 435.
48:732	compilation-locator	usc	22:1979 -> (removed)	Sec. 621, Pub. L. 87-195, 75 Stat. 445, (22 U.S.C. 2381) as amended; E.O. 12163, Sept. 29, 1979, 44 FR 56673; 3 CFR, 1979 Comp., p. 435.
48:733	compilation-locator	usc	22:1979 -> (removed)	Sec. 621. Pub. L. 87-195, 73 Stat. 445 (22 U.S.C. 2381), as amended: E.O. 12163, Sept. 29, 1979, 44 FR 56673, 3 CFR, 1979 Comp. p. 435.
48:734	compilation-locator	usc	22:1979 -> (removed)	Sec. 621, Pub. L. 87-195, 75 Stat. 445 (22 U.S.C. 2381), as amended; E.O. 12163, Sept. 29, 1979, 44 FR 56673, 3 CFR, 1979 Comp., p. 435.
48:736	compilation-locator	usc	22:1979 -> (removed)	Sec. 621, Pub. L. 87-195, 75 Stat. 445, (22 U.S.C. 2381) as amended; E.O. 12163, Sept. 29, 1979, 44 FR 56673; 3 CFR, 1979 Comp., p. 435.
48:739	compilation-locator	usc	22:1979 -> (removed)	Sec. 621, Pub. L. 87-195, 75 Stat. 445 (22 U.S.C. 2381), as amended; E.O. 12163, Sept. 29, 1979, 44 FR 56673; and 3 CFR, 1979 Comp., p. 435.
48:742	compilation-locator	usc	22:1979 -> (removed)	Sec. 621, Pub. L. 87-195, 75 Stat. 445, (22 U.S.C. 2381) as amended; E.O. 12163, Sept. 29, 1979, 44 FR 56673; 3 CFR, 1979 Comp., p. 435.
48:749	compilation-locator	usc	22:1979 -> (removed)	Sec. 621, Pub. L. 87-195, 75 Stat. 445, (22 U.S.C. 2381) as amended; E.O. 12163, Sept. 29, 1979, 44 FR 56673; 3 CFR, 1979 Comp., p. 435.
48:750	compilation-locator	usc	22:1979 -> (removed)	Sec. 621, Pub. L. 87-195, 75 Stat. 445, (22 U.S.C. 2381) as amended; E.O. 12163, Sept. 29, 1979, 44 FR 56673; 3 CFR, 1979 Comp., p. 435.
48:752	compilation-locator	usc	22:1979 -> (removed)	Sec. 621, Pub. L. 87-195, 75 Stat. 445, (22 U.S.C. 2381) as amended; E.O. 12163, Sept. 29, 1979, 44 FR 56673; 3 CFR, 1979 Comp., p. 435.
48:753	compilation-locator	usc	22:1979 -> (removed)	Sec. 621, Pub. L. 87-195, 75 Stat. 445 (22 U.S.C. 2381), as amended; E.O. 12163, Sept. 29, 1979 44 FR 56673, 3 CFR, 1979 Comp., p. 435.
48:824	dotted-cfr-section	usc	41:1 -> (removed)	5 U.S.C. 552a; 38 U.S.C. 5723-5724, 5725(a)-(c); 40 U.S.C. 121(c); 41 U.S.C. 1121(c), 1702; 38 CFR 1.550 through 1.562 and 1.575 through 1.584; and 48 CFR 1.301 through 1.304.
48:826	dotted-cfr-section	usc	41:1 -> (removed)	38 U.S.C. 8127-8128; 40 U.S.C. 121(c); 41 U.S.C. 1702; 38 CFR 1.550-1.562 and 1.575-1.584; and 48 CFR 1.301-1.304.
49:105	dotted-cfr-section	usc	49:1 -> (removed)	49 U.S.C. 5101-5128; 49 CFR 1.81 and 1.97.
49:106	dotted-cfr-section	usc	49:1 -> (removed)	49 U.S.C. 5101-5128; 49 CFR 1.81 and 1.97.
49:107	dotted-cfr-section	usc	28:1 -> (removed)	49 U.S.C. 5101-5128, 44701; Pub. L. 101-410 Section 4; Pub. L. 104-121 Sections 212-213; Pub. L. 104-134 Section 31001; Pub. L. 114-74 Section 701 (28 U.S.C. 2461 note); 49 CFR 1.81 and 1.97; 33 U.S.C. 1321.
49:109	dotted-cfr-section	usc	28:1 -> (removed)	49 U.S.C. 5101-5128, 44701; Pub. L. 101-410 Sec. 4 (28 U.S.C. 2461 note); Pub. L. 104-121 Secs. 212-213; Pub. L. 104-134 Sec. 31001; 49 CFR 1.81, 1.97.
49:130	dotted-cfr-section	usc	33:1 -> (removed)	33 U.S.C 1321; 49 CFR 1.81 and 1.97.
49:171	dotted-cfr-section	usc	28:1 -> (removed)	49 U.S.C. 5101-5128, 44701; Pub. L. 101-410 section 4; Pub. L. 104-134, section 31001; Pub. L. 114-74 section 701 (28 U.S.C. 2461 note); 49 CFR 1.81 and 1.97.
49:172	dotted-cfr-section	usc	49:1 -> (removed)	49 U.S.C. 5101-5128, 44701; 49 CFR 1.81, 1.96 and 1.97.
49:173	dotted-cfr-section	usc	49:1 -> (removed)	49 U.S.C. 5101-5128, 44701; 49 CFR 1.81, 1.96 and 1.97.
49:174	dotted-cfr-section	usc	33:1 -> (removed)	49 U.S.C. 5101-5128; 33 U.S.C. 1321; 49 CFR 1.81 and 1.97.
49:175	dotted-cfr-section	usc	49:1 -> (removed)	49 U.S.C. 5101-5128; 44701; 49 CFR 1.81 and 1.97.
49:176	dotted-cfr-section	usc	49:1 -> (removed)	49 U.S.C. 5101-5128; 49 CFR 1.81 and 1.97.
49:177	dotted-cfr-section	usc	49:1 -> (removed)	49 U.S.C. 5101-5128; sec. 112 of Pub. L. 103-311, 108 Stat. 1673, 1676 (1994); sec. 32509 of Pub. L. 112-141, 126 Stat. 405, 805 (2012); 49 CFR 1.81 and 1.97.
49:178	dotted-cfr-section	usc	49:1 -> (removed)	49 U.S.C. 5101-5128; 49 CFR 1.81 and 1.97.
49:179	dotted-cfr-section	usc	49:1 -> (removed)	49 U.S.C. 5101-5128; 49 CFR 1.81 and 1.97.
49:180	dotted-cfr-section	usc	49:1 -> (removed)	49 U.S.C. 5101-5128; 49 CFR 1.81 and 1.97.
49:194	compilation-locator	usc	33:1991 -> (removed)	33 U.S.C. 1231, 1321(j)(1)(C), (j)(5) and (j)(6); sec. 2, E.O. 12777, 56 FR 54757, 3 CFR, 1991 Comp., p. 351; 49 CFR 1.53.
49:21	compilation-locator	usc	42:1980 -> (removed)	42 U.S.C. 2000d, 2000d-1, 2000d-7; E.O. 12250, 45 FR 72995, 3 CFR, 1980 Comp., p. 298; E.O. 14281, 90 FR 17537.
49:23	compilation-locator	usc	49:1979 -> (removed)	49 U.S.C. 47107 and 47113; 42 U.S.C. 2000d; 49 U.S.C. 322; E.O. 12138, 44 FR 29637, 3 CFR, 1979 Comp., p. 393.
49:386	dotted-cfr-section	usc	49:1 -> (removed)	28 U.S.C. 2461 note; 49 U.S.C. 113, 1301 note, 31306a; 49 U.S.C. chapters 5, 51, 131-141, 145-149, 311, 313, and 315; and 49 CFR 1.81, 1.87.
49:390	dotted-cfr-section	usc	49:1 -> (removed)	49 U.S.C. 113, 504, 508, 31132, 31133, 31134, 31136, 31137, 31144, 31149, 31151, 31502; sec. 114, Pub. L. 103-311, 108 Stat. 1673, 1677; secs. 212 and 217, Pub. L. 106-159, 113 Stat. 1748, 1766, 1767; sec. 229, Pub. L. 106-159 (as added and transferred by sec. 4115 and amended by secs. 4130-4132, Pub. L. 109-59, 119 Stat. 1144, 1726, 1743, 1744), 113 Stat. 1748, 1773; sec. 4136, Pub. L. 109-59, 119 Stat. 1144, 1745; secs. 32101(d) and 32934, Pub. L. 112-141, 126 Stat. 405, 778, 830; sec. 2, Pub. L. 113-125, 128 Stat. 1388; secs. 5403, 5518, and 5524, Pub. L. 114-94, 129 Stat. 1312, 1548, 1558, 1560; sec. 2, Pub. L. 115-105, 131 Stat. 2263; and 49 CFR 1.81, 1.81a, 1.87.
49:41	compilation-locator	usc	49:1990 -> (removed)	42 U.S.C. 7701 et seq. ; 49 U.S.C. 322; E.O. 12699, 3 CFR, 1990 Comp., p. 269.
49:501	dotted-cfr-section	usc	49:1 -> (removed)	49 U.S.C. 105 and 322, and delegations of authority at 49 CFR 1.81 and 1.95.
49:578	dotted-cfr-section	usc	49:1 -> (removed)	Pub. L. 92-513, Pub. L. 94-163, Pub. L. 98-547, Pub. L. 101-410, Pub. L. 102-388, Pub. L. 102-519, Pub. L. 104-134, Pub. L. 109-59, Pub. L. 110-140, Pub. L. 112-141, Pub. L. 114-74, Pub. L. 114-94 (49 U.S.C. 30165, 30170, 30505, 32308, 32309, 32507, 32709, 32710, 32902, 32912, 33114, and 33115); delegation of authority at 49 CFR 1.81, 1.95.
49:583	dotted-cfr-section	usc	49:501 -> (removed)	49 U.S.C. 32304, 49 CFR 1.50, 501.2(f).
49:613	dotted-cfr-section	usc	49:21 -> (removed)	23 U.S.C. 134, 135, and 217(g); 42 U.S.C. 3334, 4233, 4332, 7410 et seq.; 49 U.S.C. 5303-5306, 5323(k); and 49 CFR 1.91(a) and 21.7(a).
49:99	compilation-locator	usc	49:1989 -> (removed)	49 U.S.C. 322; E.O. 12674, 54 FR 15159, 3 CFR, 1989 Comp., p. 215, as modified by E.O. 12731, 55 FR 42547, 3 CFR, 1990 Comp., p. 306.
49:99	compilation-locator	usc	49:1990 -> (removed)	49 U.S.C. 322; E.O. 12674, 54 FR 15159, 3 CFR, 1989 Comp., p. 215, as modified by E.O. 12731, 55 FR 42547, 3 CFR, 1990 Comp., p. 306.
50:38	compilation-locator	usc	48:1996 -> (removed)	5 U.S.C. 301; 16 U.S.C. 460k et seq., 664, 668dd, 742(f), 3901 et seq.; 48 U.S.C. 644a; sec. 48, Pub. L. 86-624, 74 Stat 424; E.O. 13022, 61 FR 56875, 3 CFR, 1996 Comp., p. 224.
