eo_number,page,linked_own_page,amendments_raw,disposition_raw
9,1,False,"Clarified by EO 9-2. Amended by EO's 653, 1118, 1210, 1390, 1472, 1583, 1991, 2071, 2154, 2252, 2596, 3771, 3941, 4013, 4048, 4059, 4250, 4439, 4527, 4627, 5133, 5187, 5188, 5627, 5666, 5700, 6051, 6108, 6518, 6824, 7332, 7369, 7636, 7648, 7736, 7796, 7823, 7896, 7944, 8390, 8399, 8516, 8880, 8980, 9442, 9845, 10044, 10055, 10645",Revoked by EO 11408
170,1,False,&nbsp;,Revoked by EO 8084
171,1,False,&nbsp;,Revoked by EO 8396
194,1,False,&nbsp;,Revoked by EO 8036
279,1,False,&nbsp;,Revoked by EO 9830
283,1,False,&nbsp;,Revoked by EO 9830
294,1,False,&nbsp;,Revoked by EO 9830
314,1,False,Amended by EO 1065,Revoked by EO 9830
359,1,False,"Amended by EO's 3088, 3215",Superseded by EO 9367
458,1,False,&nbsp;,Revoked by EO 9830
493,1,False,Amended by EO 3206,Board abolished by EO 6680
495,1,False,&nbsp;,Revoked by EO 8036
589,1,False,Amended by EO 10009,"Authority repealed by act of June 27, 1952 (66 Stat. 279)"
641,1,False,&nbsp;,Revoked by EO 8036
653,1,False,Amended EO 9. Amended by EO 661,Revoked by EO 11408
661,1,False,Amended EO 653,Revoked by EO 11408
715,1,False,&nbsp;,Revoked by EO 9830
723,1,False,&nbsp;,Revoked by EO 12553
724,1,False,&nbsp;,Revoked by EO 8196
758,1,False,Amended by EO 1153,Revoked by EO 9830
982,1,False,&nbsp;,Revoked by EO 10869
983,1,False,Amended by EO 1776,Revoked by EO 9830
1008,1,False,"Amended by EO's 1175, 1362, 1559, 2323, 2464, 2901, 5487",Public lands
1032,1,False,"Amended by EO's 1439, 1486, 2178, 3468, 3725, 3904, 4860, 5375, 7417, 7655, 8380",Public lands
1065,1,False,Amended EO 314,Revoked by EO 9830
1072,1,False,Amended by EO 3158,Revoked by EO 11408
1076,1,False,&nbsp;,Superseded by EO 9636
1118,1,False,Amended EO 9,Revoked by EO 11408
1137,1,False,"Amended by EO's 2694, 2800, 6570",Public lands
1153,1,False,Amended EO 758,Revoked by EO 9830
1175,1,False,"Amended by EO's 1362, 1559, 5487",Public lands
1210,1,False,Amended EO 9,Revoked by EO 11408
1242,1,False,"Amended by EO's 2694, 2800, 6570",Public lands
1277,1,False,&nbsp;,Superseded by EO 9367
1362,1,False,"Amended by EO's 1559, 5487",Public lands
1390,1,False,Amended EO 9,Revoked by EO 11408
1439,1,False,Amended by EO 8380,Public lands
1472,1,False,"Amended EO 9. Amended by EO's 1930, 1947, 2325, 2819, 3359, 3597, 3668, 3860, 4013, 4048, 5627",Revoked EO 11408
1486,1,False,Amended EO 1032. Amended by EO 5375,Revoked by EO 7417
1556,1,False,&nbsp;,Revoked by EO 1637
1559,1,False,Amended by EO 5487,Public lands
1583,1,False,Amended EO 9,Revoked by EO 11408
1624,1,False,Amended by EO 1776,Revoked by EO 10869
1637,1,False,&nbsp;,Revoked by EO 2390
1712,1,False,Amended by EO 10009,"Authority repealed by act of June 27, 1952 (66 Stat. 279)"
1776,1,False,"Amended EO's 983, 1624",Revoked by EO 10869
1778,1,False,&nbsp;,Revoked by EO 10869
1888,1,True,"Amended by EO's 2514, 3232, 8215, 8931, 8986, 9467, 9580, 9740, 10263",Codified at Chapter 35
1930,1,False,Amended EO 1472,Revoked by EO 11408
1947,1,False,Amended EO 1472,Revoked by EO 11408
1950,1,False,&nbsp;,Revoked by EO 8036
1991,1,False,Amended EO 9,Revoked by EO 11408
2071,1,False,Amended EO 9,Revoked by EO 11408
2119,1,False,&nbsp;,Revoked by EO 10869
2154,1,False,Amended EO 9,Revoked by EO 11408
2164,1,False,&nbsp;,Revoked by EO 10351
2178,1,False,&nbsp;,Public lands
2246,1,False,Amended by EO 8059,Public lands
2252,1,False,Amended EO 9,Revoked by EO 11408
2262,1,False,&nbsp;,Revoked by EO 9521
2323,1,False,"Amended by EO's 2464, 2581, 5487. Modified by EO 9861",Public lands
2325,1,False,Amended EO 1472,Revoked by EO 11408
2335,1,False,Modified by EO 9861,Public lands
2357,1,False,&nbsp;,Revoked by EO 9830
2382,1,False,&nbsp;,Revoked by EO 10398
2390,1,False,Amended by EO 9646,Revoked by EO 10798
2406,1,False,&nbsp;,Revoked by EO 8396
2414,1,False,&nbsp;,Revoked by EO 10514
2458,1,False,&nbsp;,Revoked by EO 10068
2463,1,False,&nbsp;,Revoked by EO 9804
2464,1,False,Amended by EO 5487,Public lands
2483,1,False,&nbsp;,Revoked by EO 8196
2514,1,False,"Amended by EO's 8931, 9467",Amends EO 1888
2560,1,False,&nbsp;,Revoked by EO 3461
2566,1,False,Amended by EO 9545,Public lands
2581,1,False,Amended by EO 3193,Public lands
2596,1,False,Amended EO 9,"Revoked by EO's 3461, 11408"
2600,1,False,&nbsp;,Revoked by EO 3461
2602,1,False,&nbsp;,Revoked by EO 3461
2614,1,False,&nbsp;,Revoked by EO 3461
2617,1,False,&nbsp;,Revoked by EO 3461
2628,1,False,&nbsp;,Revoked by EO 3461
2659,1,False,&nbsp;,Revoked by EO 3461
2694,1,False,"Amended EO of July 20, 1899, EO's 1137, 1242",Revoked by EO 2800
2716,1,False,&nbsp;,Revoked by EO 3461
2721,1,False,&nbsp;,Revoked by EO 3461
2732,1,False,Amended by EO 6584,Public lands
2733,1,False,&nbsp;,Revoked by EO 3461
2734,1,False,&nbsp;,Revoked by EO 3461
2740,1,False,&nbsp;,Revoked by EO 3461
2741,1,False,&nbsp;,Revoked by EO 3461
2742,1,False,&nbsp;,Revoked by EO 3461
2752,1,False,&nbsp;,Revoked by EO 3461
2754,1,False,&nbsp;,Revoked by EO 3461
2756,1,False,&nbsp;,Revoked by EO 3461
2761,1,False,&nbsp;,Revoked by EO 3461
2762,1,False,&nbsp;,Revoked by EO 3461
2763,1,False,&nbsp;,Revoked by EO 3461
2766,1,False,&nbsp;,Revoked by EO 3461
2768,1,False,&nbsp;,Revoked by EO 3461
2786,1,False,&nbsp;,Revoked by EO 3461
2794,1,False,&nbsp;,Revoked by EO 3461
2800,1,False,"Amended by EO's 4274, 5771, 6570, 9995, 10454, 10665, 10719",Public lands
2808,1,False,&nbsp;,Revoked by EO 3461
2819,1,False,Amended EO 1472,Revoked by EO 11408
2821,1,False,&nbsp;,Revoked by EO 3461
2822,1,False,&nbsp;,Revoked by EO 3461
2828,1,False,&nbsp;,Revoked by EO 3461
2829,1,False,&nbsp;,Revoked by EO 3461
2833,1,False,&nbsp;,Revoked by EO 3461
2834,1,False,Amended by EO 2996,"Nullified by act of Mar. 3, 1921 (41 Stat. 1359)"
2852,1,False,&nbsp;,Revoked by EO 3461
2859,1,True,Amended by EO 10668,Codified at Chapter 9
2870,1,False,&nbsp;,Revoked by EO 3461
2875,1,False,&nbsp;,Revoked by EO 3461
2876,1,False,&nbsp;,Revoked by EO 3461
2892,1,False,&nbsp;,Revoked by EO 3461
2900,1,False,"Amended by EO's 3070, 4535, 5414, 7010, 7503, 8109, 10688, 10711",Public lands
2901,1,False,Amended by EO 5487,Public lands
2919,1,False,&nbsp;,Revoked by EO 3461
2921,1,False,&nbsp;,Revoked by EO 3461
2932,1,False,"Amended by EO's 3005, 3058, 3231, 3294, 3326, 3427, 3457, 3505, 3555, 3562, 3629, 3689, 3718","Superseded by EO's 4027, 4125"
2960,1,False,Amended EO 325A,Superseded by EO 11755
2975,1,False,&nbsp;,Revoked by EO 3461
2993,1,False,&nbsp;,Revoked by EO 9039
2995,1,False,&nbsp;,Revoked by EO 3461
2996,1,False,"Amended EO's 1888, 2834",Revoked by EO 3461
3005,1,False,Amended EO 2932,"Superseded by EO's 4027, 4125"
3011,1,False,"Amended by EO's 3083, 4577, 4589",Revoked by EO 5924
3058,1,False,Amended EO 2932,"Superseded by EO's 4027, 4125"
3070,1,False,&nbsp;,Public lands
3083,1,False,"Amended EO 3011. Amended by EO's 4577, 4589",Revoked by EO 5924
3088,1,False,Amended EO 359,Superseded by EO 9367
3108,1,False,&nbsp;,Revoked by EO 9830
3157,1,False,&nbsp;,Revoked by EO 8036
3158,1,False,Amended EO 1072,Revoked by EO 11408
3193,1,False,&nbsp;,Amends EO 2581
3206,1,False,"Amended EO 493. Amended by EO's 3246, 3391, 4547, 5268, 6918, 7262, 7688",Revoked by EO 9094
3215,1,False,Amended EO 359,Superseded by EO 9367
3231,1,False,Amended EO 2932,"Superseded by EO's 4027, 4125"
3232,1,False,"Amended by EO's 4721, 8986, 9164, 9467",Amends EO 1888
3246,1,False,Amended EO 3206. Amended by EO 7262,Revoked by EO 9094
3294,1,False,Amended EO 2932,"Superseded by EO's 4027, 4125"
3313,1,False,&nbsp;,Revoked by EO 9521
3326,1,False,Amended EO 2932,"Superseded by EO's 4027, 4125"
3358,1,False,"Amended by EO's 6584, 8527, 9752. Modified by EO's 8527, 9860",Public lands
3359,1,False,Amended EO 1472,Revoked by EO 11408
3375,1,False,&nbsp;,Superseded by EO 8083
3391,1,False,"Amended EO 3206. Amended by EO's 4547, 7262",Revoked by EO 9094
3427,1,False,Amended EO 2932,Revoked by EO 3562
3457,1,False,Amended EO 2932,"Superseded by EO's 4027, 4125"
3461,1,False,&nbsp;,"Revokes EO of Apr. 30, 1917, EO's 2560, 2587A, 2596, 2600, 2602, 2614, 2617, 2628, 2659, 2716, 2721, 2733, 2734, 2740, 2741, 2742, 2752, 2754, 2755A, 2756, 2761, 2762, 2763, 2765A, 2766, 2768, 2786, 2794, 2808, 2821, 2822, 2828, 2829, 2833, 2852, 2870, 2875, 2876, 2892, 2919, 2921, 2964A, 2975, 2995, 2996"
3468,1,False,&nbsp;,Public lands
3505,1,False,Amended EO 2932,Replaced by EO 3629
3513,1,False,Amended by EO 6779,Revoked by EO 10530
3550,1,False,&nbsp;,Authority repealed by Pub. L. 97-253 (96 Stat. 907)
3555,1,False,Amended EO 2932,"Superseded by EO's 4027, 4125"
3562,1,False,Amended EO 2932,"Superseded by EO's 4027, 4125"
3577,1,False,Amended by EO 11354,Revoked by EO 12553
3578,1,False,&nbsp;,Nullified by Pub. L. 97-253 (96 Stat. 907)
3597,1,False,Amended EO 1472,Revoked by EO 11408
3629,1,False,Amended EO 2932. Amended by EO 3689,"Superseded by EO's 4027, 4125"
3668,1,False,Amended EO 1472,Revoked by EO 11408
3689,1,False,"Amended EO's 2932, 3629","Superseded by EO's 4027, 4125"
3696,1,False,&nbsp;,Superseded by EO 8040
3718,1,False,Amended EO 2932,"Superseded by EO's 4027, 4125"
3725,1,False,Amended EO 1032,Revoked by EO 4860
3731,1,False,&nbsp;,Revoked by EO 9521
3771,1,False,Amended EO 9,Revoked by EO 11408
3820,1,False,Modified by EO 10850,Public lands
3860,1,False,Amended EO 1472,Revoked by EO 11408
3862,1,False,Amended by EO 6444,Public lands
3899,1,False,&nbsp;,Revoked by EO 8346
3900,1,False,&nbsp;,Revoked by EO 8346
3904,1,False,&nbsp;,Amends EO 1032
3941,1,False,Amended EO 9,Revoked by EO 11408
3973,1,False,&nbsp;,Superseded by EO 7968
3987,1,False,&nbsp;,Revoked by EO 8307
4013,1,False,Amended EO 1472,Revoked by EO 11408
4022,1,False,"Amended by EO's 4032, 4086, 4815",Revoked by EO 5189
4027,1,False,&nbsp;,Revoked by EO 4125
4030,1,False,Amended by EO 4523,Revoked by EO 9830
4032,1,False,Amended EO 4022,Revoked by EO 5189
4036,1,False,&nbsp;,Nullified by EO 10060
4048,1,False,Amended EO 1472,Revoked by EO 11408
4049,1,False,&nbsp;,"Authority repealed by act of June 27, 1952 (66 Stat. 163)"
4059,1,False,Amended EO 9,Revoked by EO 11408
4086,1,False,Amended EO 4022,Revoked by EO 5189
4109,1,False,"Amended by EO's 4372, 4485, 7993, 8508",Revoked by EO 8861
4124,1,False,&nbsp;,Revoked by EO 10869
4125,1,False,&nbsp;,Superseded by EO 4476
4143,1,False,&nbsp;,Nullified by EO 10060
4182,1,False,&nbsp;,Revoked by EO 9804
4185,1,False,&nbsp;,Revoked by EO 4476
4203,1,False,"Amended by Procs. 1777, 1852, 2459, 2635, 2636; EO 8521",Public lands
4220,1,False,"Amended by Procs. 1808, 2332; EO's 4409, 4524",Public lands
4225,1,False,Amended by EO 6444,Public lands
4250,1,False,Amended EO 9,Revoked by EO 11408
4255,1,False,&nbsp;,Revoked by EO 9521
4262,1,False,"Amended by EO's 4321, 4489, 4574, 5011B, 5191",Revoked by EO 8861
4274,1,False,Amended by EO 4351,Public lands
4314,1,False,"Amended by EO's 5065, 6128, 7813, 8068, 8417, 8715, 9227, 9228, 9515, 9563","Nullified by 35 CFR 57.1 et seq., 59.1 et seq., 61.121 et seq., and Part 101 et seq."
4321,1,False,Amended EO 4262,Revoked by EO 8861
4351,1,False,&nbsp;,Amends EO 4274
4372,1,False,&nbsp;,Public lands
4401,1,False,Amended by EO 4681,Superseded by EO 7968
4409,1,False,&nbsp;,Public lands
4430,1,False,"Amended by Procs. 2313, 2318; EO's 4446, 5366, 5386, 7795, 7814",Revoked by EO 8861
4436,1,False,&nbsp;,Amends Proc. 786
4439,1,False,Amended EO 9,Revoked by EO 11408
4446,1,False,Amended EO 4430,Revoked by EO 8861
4463,1,False,&nbsp;,Revoked by EO 8379
4465,1,False,&nbsp;,Superseded by EO 7968
4467,1,False,Amended by EO 6935,Public lands
4476,1,False,&nbsp;,Superseded by EO 4813
4485,1,False,Amended EO 4109,Revoked by EO 8861
4487,1,False,&nbsp;,Superseded by EO 7968
4488,1,False,Amended EO 4359A,Revoked by EO 8820
4489,1,False,Amended EO 4262,Revoked by EO 8861
4523,1,False,Amended EO 4030,Revoked by EO 9830
4524,1,False,&nbsp;,Public lands
4527,1,False,Amended EO 9,Revoked by EO 11408
4530,1,False,&nbsp;,Revoked by EO 8547
4535,1,False,&nbsp;,Amends EO 2900
4547,1,False,Amended EO 3206. Amended by EO 7262,Revoked by EO 9094
4552,1,False,&nbsp;,Superseded by EO 7968
4574,1,False,Amended EO 4262,Revoked by EO 8861
4577,1,False,"Amended EO's 3011, 3083. Amended by EO 4589",Revoked by EO 5924
4589,1,False,"Amended EO's 3011, 3083, 4577",Revoked by EO 5924
4601,1,True,"Amended by EO's 7786, 7962, 9615, 10189","Codified at Chapter 32, Subchapter 

        B"
4610,1,False,"Amended by EO's 4833, 5001",Revoked by EO 5865
4627,1,False,Amended EO 9,Revoked by EO 11408
4629,1,False,&nbsp;,Revoked by EO 8305
4648,1,False,&nbsp;,Superseded by EO 6722
4681,1,False,Amended EO 4401,Revoked by EO 8036
4690,1,False,&nbsp;,Revoked by EO 8400
4701,1,False,&nbsp;,Revoked by EO 8036
4705,1,False,&nbsp;,Revoked by EO 8356
4721,1,False,"Amended EO's 1888, 3232",Revoked by EO 8986
4728,1,False,"Amended by EO's 5022, 5288, 6605, 7224",Revoked by EO 7293
4813,1,False,&nbsp;,Superseded by EO 5426
4815,1,False,Amended EO 4022,Revoked by EO 5189
4833,1,False,Amended EO 4610,Revoked by EO 5865
4860,1,False,&nbsp;,Revoked by EO 7425
4872,1,False,Amended by EO 7415,Revoked by PLO 4620
4879,1,False,&nbsp;,Revoked by EO 8396
4892,1,False,&nbsp;,Revoked by EO 8396
4893,1,False,&nbsp;,Revoked by EO 8820
4923,1,False,&nbsp;,Revoked by EO 8818
4943,1,False,&nbsp;,Revoked by EO 9521
5001,2,False,Amended EO 4610,Revoked by EO 5865
5022,2,False,Amended EO 4728. Amended by EO 5288,Revoked by EO 7293
5032,2,False,&nbsp;,Revoked by EO 8820
5038,2,False,Amended by Proc. 2528,Revoked by PLO 1397
5065,2,False,Amended EO 4314,"Nullified by 2 Canal Zone Code, ch. 59, 35 CFR Part 59"
5110,2,False,Amended by EO 5526,Superseded by EO 7968
5133,2,False,Amended EO 9,Revoked by EO 11408
5187,2,False,Amended EO 9,Revoked by EO 11408
5188,2,False,"Modified EO's 9, 9-2",Superseded by EO 7369. Revoked by EO 11408
5189,2,False,Amended by EO 5565,Revoked by EO 5642
5191,2,False,&nbsp;,Amends EO 4262
5211,2,False,&nbsp;,Superseded by EO 7985
5220,2,False,&nbsp;,Revoked by EO 5658
5221,2,False,&nbsp;,Revoked by EO 11681
5226,2,False,&nbsp;,Revoked by EO 8400
5256,2,False,&nbsp;,"Revoked by EO's 5288, 7293"
5268,2,False,Amended EO 3206. Amended by EO 7262,Revoked by EO 9094
5281,2,False,Amended by Proc. 2112; EO 8961,Airspace reservation
5288,2,False,"Amended EO's 4728, 5022",Revoked by EO 7293
5290,2,False,&nbsp;,Revoked by EO 8379
5295,2,False,&nbsp;,Revoked by EO 8036
5345,2,False,&nbsp;,Revoked by EO 8036
5366,2,False,&nbsp;,Amends EO 4430
5375,2,False,"Amended EO's 1032, 1486",Revoked by EO 7417
5386,2,False,&nbsp;,Amends EO 4430
5398,2,False,Amended by EO 9771,Public lands
5414,2,False,&nbsp;,Amends EO 2900
5417,2,False,&nbsp;,Revoked by EO 8036
5426,2,False,&nbsp;,Revoked by EO 5869
5463,2,False,&nbsp;,Revoked by EO 8346
5468,2,False,&nbsp;,Revoked by EO 8036
5469,2,False,&nbsp;,Revoked by EO 8189
5487,2,False,&nbsp;,"Amends EO's 1008, 1175, 1362, 1559, 2323, 2464, 2901"
5491,2,False,&nbsp;,Revoked by EO 12553
5526,2,False,Amended EO 5110,Revoked by EO 8036
5549,2,False,&nbsp;,Revoked by EO 8820
5565,2,False,Amended EO 5189,Revoked by EO 5642
5602,2,False,"Amended by EO's 8061, 10079",Public lands
5612,2,False,&nbsp;,Revoked by EO 7916
5614,2,False,&nbsp;,Revoked by EO 8512
5621,2,False,&nbsp;,Revoked by EO 8820
5624,2,False,Amended by EO 5707,Revoked by EO 8189
5627,2,False,"Amended EO's 9, 1472",Revoked by EO 11408
5636,2,False,&nbsp;,Nullified by EO 10060
5642,2,False,"Amended by EO's 5661, 8185",Revoked by EO 8396
5648,2,False,&nbsp;,Superseded by EO 7968
5658,2,False,&nbsp;,Revoked by EO 6247
5661,2,False,Amended EO 5642,Revoked by EO 8210
5666,2,False,Amended EO 9,Revoked by EO 11408
5700,2,False,Amended EO 9,Revoked by EO 11408
5707,2,False,Amended EO 5624,Revoked by EO 8189
5710,2,False,Amended by EO 8961,Airspace reservation and DSA
5737,2,False,&nbsp;,Superseded by EO 7968
5771,2,False,&nbsp;,Public lands
5773,2,False,&nbsp;,Revoked by EO 8820
5786,2,False,&nbsp;,Revoked by EO 11199
5812,2,False,&nbsp;,Superseded by EO 7968
5814,2,False,Modified by EO 10850,Public lands
5818,2,False,Amended by EO 7510,Public lands
5825,2,False,&nbsp;,Revoked by EO 8189
5837,2,False,&nbsp;,Superseded by EO 7968
5848,2,False,&nbsp;,Superseded by EO 7968
5857,2,False,&nbsp;,Revoked by EO 8818
5860,2,False,Amended by EO 6650,Superseded by EO 7856
5865,2,False,Amended by EO 8706,Superseded by EO 9195
5869,2,False,"Amended by EO's 6722, 6986, 6987","Authority repealed by act of June 27, 1952 (66 Stat. 163)"
5910,2,False,&nbsp;,Superseded by EO 7968
5918,2,False,Amended EO 723,Revoked by EO 12553
5924,2,False,&nbsp;,Revoked by EO 9830
5952,2,False,"Amended by EO's 7500, 8333, 10545, 11032",Revoked by EO 11339
5956,2,False,&nbsp;,Revoked by EO 8181
5973,2,False,&nbsp;,Revoked by EO 8820
6017,2,False,&nbsp;,Revoked by EO 8379
6051,2,False,Amended EO 9,Revoked by EO 11408
6073,2,False,"Amended by Procs. 2070, 2725; EO's 6111, 6559, 11825","nated by FR Doc. 82-34163, Dec. 16, 1982 (47 FR 56351)"
6102,2,False,&nbsp;,Revoked by EO 6260
6108,2,False,Amended EO 9,Revoked by EO 11408
6111,2,False,Amended EO 6073,Revoked by EO 6260
6128,2,False,Amended EO 4314,"Nullified by 35 CFR ch. 1, subch. C"
6143,2,False,"Amended by EO's 6362, 7442",Revoked by PLO 6459
6166,2,True,"Amended by EO's 6226, 6586, 6623, 6639, 6728, 12608",Codified at Chapter 34
6167,2,False,&nbsp;,Superseded by EO 7968
6226,2,False,Amended EO 6166. Amended by EO 6869,Revoked by EO 8512
6247,2,False,"Amended by EO's 6497, 7081",Superseded by EO 7298
6259,2,False,Amended EO 9-2,Revoked by EO 11408
6260,2,False,"Amended by EO's 6359, 6556, 6560, 10896, 10905, 11037",Revoked by EO 11825
6261,2,False,&nbsp;,Revoked by EO 6359
6262,2,False,&nbsp;,Superseded by EO 7968
6276,2,False,Amended by EO 7442,Revoked by PLO 6459
6359,2,False,"Amended EO 6260. Amended by EO's 6558, 11825",Revoked by EO 12553
6362,2,False,&nbsp;,Amends EO 6143
6444,2,False,Modified by EO 10075,Public lands
6497,2,False,Amended EO 6247,Revoked by EO 7081
6518,2,False,Amended EO 9,Revoked by EO 11408
6550,2,False,&nbsp;,Revoked by EO 7540
6556,2,False,Amended EO 6260,Revoked by EO 11825
6558,2,False,Amended EO 6359,Revoked by EO 12553
6559,2,False,"Amended Proc. 2072, EO 6073","Eliminated by FR Doc. 82-34163, Dec. 16, 1982 (47 FR 56351)"
6560,2,False,"Amended EO 6260. Amended by EO's 8389, 8405",Revoked by EO 11825
6570,2,False,&nbsp;,Public lands
6584,2,False,&nbsp;,Public lands
6586,2,False,&nbsp;,Amends EO 6166
6588,2,False,&nbsp;,Superseded by EO 8450
6596,2,False,&nbsp;,Superseded by EO 7465
6605,2,False,Amended EO 4728,Revoked by EO 7293
6607,2,False,&nbsp;,Revoked by EO 7045
6623,2,False,&nbsp;,Amends EO 6166
6639,2,False,&nbsp;,Amends EO 6166
6650,2,False,Amended EO 5860,Superseded by EO 7856
6657,2,False,&nbsp;,Superseded by EO 6657A
6694,2,False,Amended by EO 9142,"Nullified by EO 9095, which reestablished Office"
6715,2,False,&nbsp;,Authority repealed by Pub. L. 97-253 (96 Stat. 1073)
6722,2,False,Amended EO 5869,Superseded by EO 7797
6728,2,False,&nbsp;,Amends EO 6166
6750,2,False,"Amended by EO's 8190, 9647",Revoked by EO 10004
6779,2,False,Amended EO 3513,Revoked by EO 10530
6780,2,False,Amended EO 6657A,Superseded by EO 7968
6783,2,False,"Amended by EO's 7207, 9890, 10589, 11031. Continued by EO's 7921, 9213, 9741, 10134, 10541, 10589, 10767, 11031",Superseded by EO 11342
6810,2,False,Amended EO 6657A,Superseded by EO 7968
6824,2,False,Amended EO 9,Revoked by EO 11408
6850,2,False,Amended EO 6657A,Superseded by EO 7968
6868,2,False,"Amended by EO's 7784A, 8033, 9344, 9916, 10128, 11401, 11571","Nullified by Pub. L. 93-198 (87 Stat. 779, 40 U.S.C. 71a)"
6869,2,False,Amended EO 6226. Amended by EO 6869,Revoked by EO 8512
6880,2,False,Amended EO 6657A,Superseded by EO 7968
6886,2,False,&nbsp;,"Amends Procs. 2060, 2061"
6888,2,False,Amended by Proc. 2244,Public lands
6909,2,False,"Amended by Procs. 2244, 2320; EO 8361",Public lands
6910,2,False,"Amended by Procs. 2232, 2332, 2459, 2528, 2635, 2636; EO's 6938, 6958, 7023, 7026, 7035, 7045, 7048, 7098, 7108, 7114, 7146, 7178, 7182, 7211, 7220, 7235, 7245, 7256, 7266, 7267, 7270, 7274, 7289, 7303, 7330, 7337, 7364, 7373, 7388, 7402, 7425, 7430, 7435, 7441, 7442, 7491, 7502, 7504, 7505, 7509, 7515, 7520, 7544, 7555, 7558, 7599, 7616, 7647, 7669, 7671, 7672, 7673, 7674, 7675, 7677, 7707, 7713, 7734, 7740, 7883, 7960, 8010, 8021, 8101, 8153, 8158, 8380, 8397, 8459, 8492, 8507, 8578, 8579, 8598, 8649, 8691, 8776, 8780, 8790, 8791, 8874, 8884, 9101, 9143",Public lands
6918,2,False,Amended EO 3206. Amended by EO 7262,Revoked by EO 9094
6928,2,False,"Amended EO 6657A. Amended by EO's 7312, 7403, 7547, 7766, 7785, 7955",Superseded by EO 7972
6935,2,False,Amended by EO 11048,Public lands
6938,2,False,&nbsp;,Amends EO 6910
6942,2,False,&nbsp;,Revoked by EO 9521
6950,2,False,&nbsp;,Temporary
6958,2,False,&nbsp;,Public lands
6964,2,False,"Amended by Procs. 2174, 2318, 2415; EO's 7246, 7311, 7359, 7363, 7510, 7599, 7628, 7662, 7664, 7670, 7693, 7695, 7722, 7760, 7803, 7866, 7867, 7925, 7951, 7993, 8059, 8065, 8072, 8089, 8100, 8104, 8332, 8342, 8347, 8407, 8444, 8508, 8591, 8622, 8708, 8732, 8763, 8792, 8793, 8841, 9137",Public lands
6979,2,False,&nbsp;,Superseded by EO 10752
6981,2,False,Amended by EO 8136,"Authority expired pursuant to act of May 23, 1938 (52 Stat. 437)"
6986,2,False,Amended EO 5869,Superseded by EO 7865
6987,2,False,Amended EO 5869,Superseded by EO 7224A
7010,3,False,Amended by EO 8109,Public lands
7012,3,False,&nbsp;,Superseded by EO 7968
7013,3,False,&nbsp;,Revoked by EO 8189
7021,3,False,Amended by EO 9479,Revoked by EO 10102
7023,3,False,Amended by EO 7172,Public lands
7026,3,False,&nbsp;,Amends EO 6910
7034,3,False,&nbsp;,Executed and obsolete
7035,3,False,&nbsp;,Public lands
7045,3,False,&nbsp;,Amends EO 6910. Revokes EO 6607
7048,3,False,"Amended by EO's 7108, 7114, 7146, 7178, 7211, 7220, 7245, 7256, 7270, 7289",Amends EO 6910
7057,3,False,"Amended by EO's 7493, 7689, 8294, 8888, 9278, 9618, 9901, 10468","Administration terminated by act of Aug. 15, 1953 (67 Stat. 584)"
7081,3,False,&nbsp;,Revokes EO 6497
7098,3,False,Amended by EO 7182,Amends EO 6910
7108,3,False,&nbsp;,"Amends EO's 6910, 7048"
7114,3,False,&nbsp;,"Amends EO's 6910, 7048"
7126,3,False,"Amended by EO's 7150, 7174",Revoked by EO 8512
7138,3,False,Amended by EO 8961,Revoked by EO 10768
7146,3,False,&nbsp;,Amends EO 6910
7150,3,False,Amended EO 7126,Revoked by EO 8512
7165,3,False,&nbsp;,Revoked by EO 9906
7172,3,False,&nbsp;,Public lands
7174,3,False,Amended EO 7126,Revoked by EO 8512
7178,3,False,"Amended by EO's 7522, 7523",Public lands
7180,3,False,"Amended by EO's 7493, 7554, 7689, 8294, 8888, 9278, 9618, 9901, 10468","Administration terminated by act of Aug. 15, 1953 (67 Stat. 584)"
7182,3,False,&nbsp;,"Amends EO's 6910, 7098"
7198,3,False,&nbsp;,Superseded by EO 7277
7207,3,False,Amended EO 6783,Superseded by EO 11342
7211,3,False,&nbsp;,"Amends EO's 6910, 7048"
7220,3,False,&nbsp;,Public lands
7224,3,False,Amended EO 4728,Revoked by EO 7293
7235,3,False,Amended by EO 7270,Amends EO 6910
7245,3,False,Amended by EO 8013,Public lands
7246,3,False,Amended by EO 7664,Public lands
7256,3,False,&nbsp;,"Amends EO's 6910, 7048"
7262,3,False,Amended EO 3206,Revoked by EO 9094
7266,3,False,&nbsp;,"Amends EO's 6910, 7048"
7267,3,False,&nbsp;,"Amends EO's 6910, 7048"
7270,3,False,Amended by EO 7441,"Amends EO's 6910, 7048, 7235"
7274,3,False,&nbsp;,Amends EO 6910
7277,3,False,&nbsp;,Superseded by EO 9432
7289,3,False,&nbsp;,"Amends EO's 6910, 7048"
7293,3,False,"Amended by EO's 7831, 8107, 8440, 8674",Superseded by EO 8704
7298,3,False,&nbsp;,Superseded by EO 10006
7303,3,False,Amended by EO 7441,Amends EO 6910
7311,3,False,&nbsp;,Amends EO 6964
7312,3,False,Amended EO 6928,Superseded by EO 7972
7330,3,False,&nbsp;,Modifies EO 6910
7332,3,False,Amended EO 9,Revoked by EO 11408
7337,3,False,&nbsp;,Modifies EO 6910
7359,3,False,Modified by EO 10932,Public lands
7363,3,False,&nbsp;,Amends EO 6964
7364,3,False,&nbsp;,Public lands
7369,3,False,Amended EO 9,Revoked by EO 11408
7373,3,False,Amended EO 6910,Revoked by PLO 4079
7379,3,False,&nbsp;,Superseded by EO 7968
7388,3,False,&nbsp;,Modifies EO 6910
7397,3,False,"Amended by EO's 8194, 9594, 10257",Superseded by EO 11654
7402,3,False,&nbsp;,Modifies EO 6910
7403,3,False,Amended EO 6928,Superseded by EO 7972
7417,3,False,Amended by EO 8600,Public lands
7425,3,False,Amended by EO 8296,Public lands
7430,3,False,&nbsp;,Public lands
7435,3,False,&nbsp;,Revoked by PLO 2690
7439,3,False,&nbsp;,Revoked by EO 8346
7441,3,False,&nbsp;,Public lands
7442,3,False,&nbsp;,Public lands
7443,3,False,Modified by EO 10850,Modifies Proc. 2190
7449,3,False,&nbsp;,Revoked by EO 8400
7465,3,False,&nbsp;,Superseded by EO 9967
7470,3,False,&nbsp;,Revoked by EO 8292
7491,3,False,&nbsp;,Public lands
7493,3,False,"Amended EO's 7057, 7180 Amended by EO 7689","Administration terminated by act of Aug. 15, 1953 (67 Stat. 584)"
7497,3,False,&nbsp;,Revoked by EO 8396
7500,3,False,Amended EO 5952,Revoked by EO 11339
7502,3,False,&nbsp;,Public lands
7503,3,False,&nbsp;,"Amends EO's 2900, 4535"
7504,3,False,Amended EO 6910,Revoked by PLO 1149
7505,3,False,&nbsp;,Public lands
7509,3,False,Amended EO 6910,Revoked by PLO 4588
7510,3,False,&nbsp;,Revoked by PLO 1249
7515,3,False,Amended by EO 8486,Public lands
7520,3,False,&nbsp;,Public lands
7522,3,False,&nbsp;,Public lands
7523,3,False,Amended by EO 7895,Public lands
7543,3,False,&nbsp;,Revoked by EO 9521
7544,3,False,&nbsp;,Public lands
7547,3,False,Amended EO 6928,Superseded by EO 7972
7548,3,False,Amended by EO 10402,Revoked by EO 11239
7554,3,False,"Amended EO 7180. Amended by EO's 9278, 9618","Administration terminated by act of Aug. 15, 1953 (67 Stat. 584)"
7555,3,False,Amended EO 6910,Revoked by PLO 6144
7558,3,False,&nbsp;,Public lands
7577,3,False,&nbsp;,Revoked by EO 8396
7599,3,False,&nbsp;,"Amends EO's 6910, 6964"
7600,3,False,&nbsp;,Superseded by EO 7968
7616,3,False,&nbsp;,Public lands
7628,3,False,&nbsp;,Public lands
7636,3,False,Amended EO 9,Revoked by EO 11408
7647,3,False,&nbsp;,Public lands
7648,3,False,Amended EO 9,Revoked by EO 11408
7655,3,False,&nbsp;,Public lands
7658,3,False,Amended by EO 9872,Public lands
7662,3,False,Amended EO 6964,Revoked by Proc. 2296
7664,3,False,&nbsp;,Public lands
7669,3,False,&nbsp;,Public lands
7670,3,False,Amended EO 6964,Revoked by Proc. 2422
7671,3,False,&nbsp;,Public lands
7672,3,False,&nbsp;,Public lands
7673,3,False,&nbsp;,Public lands
7674,3,False,&nbsp;,Public lands
7675,3,False,&nbsp;,Public lands
7677,3,False,&nbsp;,Public lands
7689,3,False,"Amended EO's 7057, 7180, 7493. Amended by EO's 8294, 8888, 9278, 9618, 9901, 10468","Administration terminated by act of Aug. 15, 1953 (67 Stat. 584)"
7693,3,False,Amended by EO 8104,Public lands
7695,3,False,Amended EO 6964,Revoked by PLO 430
7707,3,False,Amended EO 6910,Revoked by EO 8450
7713,3,False,&nbsp;,Public lands
7722,3,False,&nbsp;,Public lands
7729,3,False,Amended by EO 7826,Revoked by EO 9521
7734,3,False,&nbsp;,Public lands
7736,3,False,Amended EO 9,Revoked by EO 11408
7740,3,False,Amended EO 6910,Revoked by EO 8450
7744,3,False,&nbsp;,Revoked by EO 9783
7747,3,False,"Amended by EO's 8536, 9787",Action discontinued by EO 9894
7756,3,False,Amended by EO 9732,Superseded by EO 10752
7760,3,False,Amended by EO 8841,Public lands
7766,3,False,Amended EO 6928,Superseded by EO 7972
7785,3,False,Amended EO 6928,Superseded by EO 7972
7786,3,False,&nbsp;,Amends EO 4601
7795,3,False,&nbsp;,Public lands
7796,3,False,Amended EO 9,Revoked by EO 11408
7797,3,False,&nbsp;,Revoked by EO 8429
7803,3,False,&nbsp;,Public lands
7813,3,False,Amended EO 4314,Nullified by 35 CFR 133.34
7814,3,False,Amended EO 4430,Revoked by EO 8861
7823,3,False,Amended EO 9,Revoked by EO 11408
7826,3,False,Amended EO 7729,Revoked by EO 9521
7831,3,False,Amended EO 7293,Superseded by EO 8704
7856,3,False,&nbsp;,Superseded by EO 11295
7865,3,False,&nbsp;,Superseded by EO 8029
7866,3,False,&nbsp;,Public lands
7867,3,False,&nbsp;,Public lands
7883,3,False,&nbsp;,Public lands
7895,3,False,&nbsp;,Public lands
7896,3,False,Amended EO 9,Revoked by EO 11408
7900,3,False,&nbsp;,Superseded by EO 8541
7908,3,False,"Amended by EO's 8531, 10175",Public lands
7910,3,False,&nbsp;,Superseded by EO 8378
7915,3,False,&nbsp;,Revoked by EO 9830
7916,3,False,"Amended by EO's 8044, 8283, 8467",Revoked by EO 9830
7921,3,False,Continued EO 6783,Superseded by EO 11342
7925,3,False,&nbsp;,Public lands
7926,3,False,Amended by EO 9790,Public lands
7944,3,False,Amended EO 9,Revoked by EO 11408
7951,3,False,Amended EO 6964,Revoked by PLO 3277
7955,3,False,Amended EO 6928,Superseded by EO 7972
7960,3,False,&nbsp;,Public lands
7962,3,False,&nbsp;,Amends EO 4601
7968,3,False,Amended by EO 10639,"Revoked by EO's 9521, 10697"
7972,3,False,"Amended by EO's 8018, 8261, 8269, 8800, 9057, 9261, 9449",Revoked by EO 9687
7985,3,False,&nbsp;,Revoked by EO 8961
7993,3,False,&nbsp;,Public lands
8010,4,False,&nbsp;,Public lands
8013,4,False,&nbsp;,Public lands
8016,4,False,&nbsp;,Revoked by EO 9521
8018,4,False,Amended EO 7972,Revoked by EO 9687
8021,4,False,&nbsp;,Public lands
8029,4,False,&nbsp;,"Revoked by EO's 8430, 8766"
8033,4,False,Amended EO 6868. Modified by EO 9344,"Nullified by Pub. L. 93-198 (87 Stat. 779, 40 U.S.C. 71a)"
8034,4,False,&nbsp;,Revoked by EO 10287
8036,4,False,&nbsp;,"Revokes EO's 194, 495, 641, 1950, 3157, 4681, 4701, 5295, 5345, 5417, 5468, 5526"
8040,4,False,&nbsp;,Superseded by EO 9210
8044,4,False,"Amended EO 7916. Amended by EO's 8371, 8743",Temporary
8059,4,False,&nbsp;,Public lands
8061,4,False,&nbsp;,Public lands
8065,4,False,"Amended by EO's 8319, 8479",Public lands
8068,4,False,Amended EO 4314,Nullified by 35 CFR 133
8071,4,False,&nbsp;,Revoked by EO 10194
8072,4,False,Amended EO 6964,Revoked by PLO 1068
8076,4,False,&nbsp;,Revoked by EO 9521
8077,4,False,&nbsp;,Revoked by EO 9521
8078,4,False,&nbsp;,Revoked by EO 8396
8083,4,False,&nbsp;,Revoked by EO 9830
8084,4,False,&nbsp;,Revoked by EO 9521
8089,4,False,&nbsp;,Public lands
8099,4,True,"Amended by EO's 8461, 9051, 10122",Codified at Chapter 38
8100,4,False,&nbsp;,Public lands
8101,4,False,Amended by EO 9526,Public lands
8102,4,False,Amended by EO 9526,Public lands
8104,4,False,&nbsp;,Public lands
8107,4,False,Amended EO 7293,Superseded by EO 8704
8109,4,False,Amended by EO 10664,Public lands
8136,4,False,&nbsp;,Superseded by EO 9142
8153,4,False,&nbsp;,Public lands
8158,4,False,&nbsp;,Public lands
8168,4,False,&nbsp;,Revoked by EO 8854
8177,4,False,&nbsp;,Revoked by EO 8396
8179,4,False,&nbsp;,Revoked by EO 9830
8181,4,False,&nbsp;,Revoked by EO 9521
8185,4,False,Amended by EO 8396,"Authority repealed by act of Aug. 13, 1946 (60 Stat. 1038)"
8189,4,False,&nbsp;,Revoked by EO 9521
8190,4,False,Amended EO 6750,Revoked by EO 9647
8194,4,False,Amended EO 7397,Revoked by EO 10257
8196,4,False,&nbsp;,Revoked by EO 9521
8202,4,False,&nbsp;,Revoked by EO 10485
8210,4,False,&nbsp;,Revoked by EO 9521
8214,4,False,&nbsp;,Revoked by EO 9830
8215,4,False,&nbsp;,Amended EO 1888
8232,4,False,&nbsp;,Revoked by EO 10107
8248,4,True,"Amended by EO 10452, 12608",Codified at Chapter 3
8257,4,False,Amended by EO 8564,Revoked by EO 9830
8261,4,False,Amended EO 7972,Revoked by EO 9687
8269,4,False,Amended EO 7972,Revoked by EO 9687
8283,4,False,Amended EO 7916. Amended by EO 8363,Revoked by EO 9830
8292,4,False,&nbsp;,Revoked by EO 9521
8294,4,False,"Amended EO's 7057, 7180, 7689","Administration terminated by act of Aug. 15, 1953 (67 Stat. 584)"
8296,4,False,&nbsp;,Public lands
8297,4,False,&nbsp;,"Revoked by EO's 9521, 10697"
8298,4,False,&nbsp;,Revoked by EO 10307
8300,4,False,&nbsp;,Revoked by EO 9830
8305,4,False,Amended by EO 9526,Public lands
8307,4,False,&nbsp;,Revoked by EO 9521
8319,4,False,Amended by EO 8479,Public lands
8325,4,False,Amended by EO 9526,Revoked by PLO 690
8332,4,False,&nbsp;,Public lands
8333,4,False,Amended EO 5952,Revoked by EO 11339
8342,4,False,&nbsp;,Public lands
8343,4,False,&nbsp;,Public lands
8344,4,False,"Amended by EO's 8540, 8655, 8789, 8857, 8877",Revoked by PLO 2417
8346,4,False,&nbsp;,Revoked by EO 9521
8347,4,False,&nbsp;,Public lands
8352,4,False,&nbsp;,Revoked by EO 9521
8356,4,False,Amended by EO 8377,Superseded by EO 9998
8361,4,False,&nbsp;,Amends EO 6909
8363,4,False,Amended EO 8283,Revoked by EO 9830
8371,4,False,Amended EO 8044,Revoked by EO 9830
8377,4,False,Amended EO 8356,Superseded by EO 9998
8378,4,False,&nbsp;,Superseded by EO 8950
8379,4,False,&nbsp;,Revoked by EO 9521
8380,4,False,&nbsp;,Public lands
8381,4,False,&nbsp;,Superseded by EO 10104
8389,4,False,"Amended EO 6560. Amended by EO's 8405, 8446, 8484, 8493, 8565, 8701, 8711, 8721, 8746, 8785, 8832, 8963, 8998, 9760, 11281. Continued by EO 10348","Eliminated by FR Doc. 82-34163, Dec. 16, 1982 (47 FR 56351)"
8390,4,False,Amended EO 9,Revoked by EO 11408
8396,4,False,Amended EO 8185. Amended by EO 9537,Revoked by EO 9521
8397,4,False,&nbsp;,Public lands
8399,4,False,Amended EO 9,Revoked by EO 11408
8400,4,False,&nbsp;,Revoked by EO 9521
8403,4,False,&nbsp;,Superseded by EO 8953
8405,4,False,"Amended EO's 6560, 8389","Eliminated by FR Doc. 82-34163, Dec. 16, 1982 (47 FR 56351)"
8407,4,False,&nbsp;,Public lands
8417,4,False,Amended EO 4314,Nullified by 35 CFR 59.1
8423,4,False,&nbsp;,Revoked by EO 9830
8425,4,False,&nbsp;,Revoked by EO 9830
8427,4,False,&nbsp;,Revoked by EO 12553
8429,4,False,&nbsp;,Superseded by EO 9352
8430,4,False,&nbsp;,Revoked by EO 8766
8439,4,False,&nbsp;,Revoked by EO 9521
8440,4,False,Amended EO 7293,Superseded by EO 8704
8444,4,False,&nbsp;,Public lands
8446,4,False,Amended EO 8389,"Eliminated by FR Doc. 82-34163, Dec. 16, 1982 (47 FR 56351)"
8450,4,False,Amended by EO 9526,Public lands
8454,4,False,&nbsp;,Superseded by EO 9446
8455,4,False,&nbsp;,Revoked by EO 9384
8459,4,False,Amended EO 6910,Revoked by PLO 886
8461,4,False,&nbsp;,Amends EO 8099
8467,4,False,Amended EO 7916,Revoked by EO 9830
8479,4,False,&nbsp;,Public lands
8484,4,False,Amended EO 8389,"Eliminated by FR Doc. 82-34163, Dec. 16, 1982 (47 FR 56351)"
8486,4,False,&nbsp;,Public lands
8492,4,False,Amended EO 6910,Revoked by PLO 432
8493,4,False,Amended EO 8389,"Eliminated by FR Doc. 82-34163, Dec. 16, 1982 (47 FR 56351)"
8507,4,False,Amended by EO 9526,Public lands
8508,4,False,"Amended EO's 4109, 6910, 6964. Amended by EO 9526",Revoked by PLO 1603
8512,4,True,"Amended by EO's 9084, 12608",Codified at Chapter 34
8514,4,False,&nbsp;,Revoked by EO 9691
8516,4,False,Amended EO 9,Revoked by EO 11408
8521,4,False,&nbsp;,Amends EO 4203
8526,4,True,Amended by EO 12038,Codified at Chapter 18
8527,4,False,&nbsp;,Public lands
8531,4,False,Amended by EO 10175,Amends EO 7908
8533,4,True,"Amended by EO's 9543, 9774",Codified at Chapter 31
8535,4,False,&nbsp;,Revoked by EO 9521
8536,4,False,Amended EO 7747,Action discontinued by EO 9894
8541,4,False,&nbsp;,Superseded by EO 9885
8546,4,False,"Amended by EO's 8960, 9183",Revoked by EO 9831
8547,4,False,&nbsp;,Revoked by EO 9521
8557,4,False,Amended by EO 10209,Authority repealed by Pub. L. 89-554 (80 Stat. 650)
8564,4,False,Amended EO 8257,Revoked by EO 9830
8565,4,False,Amended EO 8389,"Eliminated by FR Doc. 82-34163, Dec. 16, 1982 (47 FR 56351)"
8566,4,False,&nbsp;,Revoked by EO 9507
8572,4,False,Amended by EO 8612,Revoked by EO 8629
8577,4,False,Amended by EO 9526,Revoked by PLO 5461
8578,4,False,"Amended by EO's 9526, 9019",Public lands
8579,4,False,&nbsp;,Public lands
8587,4,False,&nbsp;,Revoked by EO 9830
8588,4,False,"Amended by EO's 9122, 9348, 9587",Revoked by EO 9805
8591,4,False,&nbsp;,Public lands
8597,4,False,&nbsp;,Action discontinued by EO 9720
8598,4,False,&nbsp;,Public lands
8600,4,False,&nbsp;,Public lands
8602,4,False,&nbsp;,Superseded by EO 8937
8612,4,False,Amended EO 8572,Revoked by EO 8629
8616,4,False,&nbsp;,Revoked by EO 10388
8622,4,False,Amended EO 6964,Revoked by PLO 949
8629,4,False,"Amended by EO's 8875, 8942, 9024",Rescinded by EO 9040
8636,4,False,Amended by EO 9526,Revoked by PLO 1208
8649,4,False,&nbsp;,Public lands
8651,4,False,Amended by EO 9526,Public lands
8652,4,False,Amended by EO 9526,Public lands
8655,4,False,Amended EO 8344,Superseded by PLO 17
8672,4,False,&nbsp;,Revoked by EO 9521
8673,4,False,Amended by Proc. 3294,Public lands
8674,4,False,Amended EO 7293,Superseded by EO 8704
8680,4,True,Amended by EO 8729,"Codified at Chapter 32, Subchapter 

        A"
8682,4,True,"Amended by EO's 8729, 9881","Codified at Chapter 32, Subchapter 

        A"
8683,4,False,"Amended by EO's 8729, 10341",Revoked by EO 11045
8684,4,False,Amended by EO 11673,Revoked by EO 11886
8688,4,False,&nbsp;,Superseded by EO 9206
8689,4,False,&nbsp;,Revoked by EO 9521
8691,4,False,Amended EO 6910,Revoked by PLO 2611
8701,4,False,Amended EO 8389,"Eliminated by FR Doc. 82-34163, Dec. 16, 1982 (47 FR 56351)"
8704,4,False,"Amended by EO's 8759, 9105",Superseded by EO 9206
8705,4,False,&nbsp;,Revoked by EO 9830
8706,4,False,Amended EO 5865,Superseded by EO 9195
8707,4,False,&nbsp;,Revoked by EO 9830
8708,4,False,Amended EO 6964,Revoked by PLO 1517
8711,4,False,Amended EO 8389,"Eliminated by FR Doc. 82-34163, Dec. 16, 1982 (47 FR 56351)"
8714,4,False,&nbsp;,Revoked by EO 10586
8715,4,False,Amended EO 4314,Nullified by 35 CFR 123
8716,4,False,Amended by EO 8731,Board terminated by EO 9017
8718,4,False,&nbsp;,Action discontinued by EO 9720
8721,4,False,Amended EO 8389,"Eliminated by FR Doc. 82-34163, Dec. 16, 1982 (47 FR 56351)"
8725,4,False,Amended by EO 9526,Public lands
8729,4,False,"Amended EO's 8680, 8682, 8683",Revoked by EO 11045
8731,4,False,Amended EO 8716,Board terminated by EO 9017
8732,4,False,&nbsp;,Public lands
8734,4,False,"Amended by EO's 8875, 9280, 9809","Nullified by act of Jan. 30, 1942 (56 Stat. 23, 50 U.S.C. App. 902)"
8743,4,True,"Modified by EO 8744. Amended by EO's 9230, 9358, 9678, 9712, 12107",Codified at Chapter  5
8744,4,False,Amended by EO 12107,Revoked by EO 12608
8746,4,False,Amended EO 8389,"Eliminated by FR Doc. 82-34163, Dec. 16, 1982 (47 FR 56351)"
8751,4,False,&nbsp;,Revoked by EO 8926
8755,4,False,Amended by EO 9526,Public lands
8757,4,False,"Amended by EO's 8799, 8822, 9134,9165",Office terminated by EO 9562
8759,4,False,Amended EO 8704,Superseded by EO 9206
8760,4,False,&nbsp;,Revoked by EO 9830
8763,4,False,&nbsp;,Public lands
8766,4,False,Amended by Proc. 2523,"Authority repealed by act of June 27, 1952 (66 Stat. 280, 8 U.S.C. 1101)"
8776,4,False,Amended EO 6910,Revoked by PLO 6072
8780,4,False,&nbsp;,Public lands
8785,4,False,Amended EO 8389,"Eliminated by FR Doc. 82-34163, Dec. 16, 1982 (47 FR 56351)"
8788,4,False,Amended by EO 9526,Revoked by PLO 1102
8789,4,False,"Amended EO 8344. Amended by EO's 9153A, 9526",Revoked by PLO 1297
8790,4,False,&nbsp;,Public lands
8791,4,False,&nbsp;,Public lands
8792,4,False,Amended by EO 9526,Public lands
8793,4,False,Amended by EO 9526,Public lands
8794,4,False,Amended by EO 9526,Public lands
8799,4,False,Amended EO 8757,Office terminated by EO 9562
8800,4,False,Amended EO 7972,Superseded by EO 9057. Revoked by EO 9687
8802,4,False,"Amended by EO's 8823, 9111, 9346, 9664","Committee terminated by act of July 17, 1945 (59 Stat. 473)"
8807,4,False,Amended by EO 9389,Superseded by EO 9913
8809,4,True,"Amended by EO's 9323, 10444","Codified at Chapter 32, Subchapter 

        B"
8818,4,False,&nbsp;,Revoked by EO 9521
8820,4,False,&nbsp;,Revoked by EO 9521. Superseded by EO 11295
8822,4,False,Amended EO 8757,Office terminated by EO 9562
8823,4,False,Amended EO 8802,"Committee terminated by act of July 17, 1945 (59 Stat. 473)"
8830,4,False,Amended by EO 9526,Public lands
8831,4,False,Amended by EO 9526,Public lands
8832,4,False,Amended EO 8389,"Eliminated by FR Doc. 82-34163, Dec. 16, 1982 (47 FR 56351)"
8839,4,False,"Amended by EO's 8900, 8982, 9128, 9183",Board terminated by EO 9361
8840,4,False,"Amended by EO's 9389, 9532, 9608",Office terminated by EO 9710
8841,4,False,&nbsp;,Public lands
8847,4,False,Amended by EO 9526,Public lands
8853,4,False,&nbsp;,Action discontinued by EO 9720
8854,4,False,Amended by Proc. 2965,Public lands
8857,4,False,Amended EO 8344,Revoked by PLO 1634
8861,4,False,&nbsp;,"Revokes EO's 4109, 4262, 4430"
8865,4,False,Amended by EO 9526,Revoked by PLO 388
8872,4,False,Amended by EO 9526,Public lands
8874,4,False,Amended by EO 9526,Revoked by PLO 2807
8875,4,False,"Amended EO's 8629, 8734. Amended by EO 8942","Offices abolished by EO's 9024, 9040"
8877,4,False,Amended by EO 9526,Public lands
8880,4,False,Amended EO 9,Revoked by EO 11408
8884,4,False,Amended by EO 9526,Public lands
8888,4,False,"Amended EO's 7057, 7180, 7689","Administration terminated by act of Aug. 15, 1953 (67 Stat. 584)"
8891,4,False,Amended by EO 9024,Rescinded by EO 9040
8892,4,False,Amended by EO 9526,Public lands
8894,4,False,&nbsp;,Revoked by EO 9830
8900,4,False,"Amended EO 8839. Amended by EO's 8982, 9128, 10945",Board terminated by EO 9361
8902,4,False,Amended by EO 9612,Authority repealed by Pub. L. 89-23 (79 Stat. 113)
8915,4,False,Amended by EO 9526,Revoked by PLO 1070
8923,4,False,Amended by EO 9526,Revoked by PLO 2113
8926,4,False,"Amended by EO's 8982, 9128, 9380",Administration terminated by EO 9630
8927,4,False,Amended by EO 9526,Public lands
8929,4,False,&nbsp;,Revoked by EO 9666
8931,4,False,Amended by EO 9467,"Amends EO's 1888, 2514"
8932,4,False,Amended by EO 9526,Revoked by PLO 475
8937,4,False,Amended by EO 9579,Revoked by EO 9830
8942,4,False,"Amended EO's 8629, 8875 Amended by EO's 8982, 9138, 9280, 9316","Offices abolished by EO's 9024, 9040"
8950,4,False,Amended by EO 9153,Superseded by EO 10126
8953,4,False,&nbsp;,Action discontinued by EO 9720
8954,4,False,Amended by EO 9526,Public lands
8957,4,False,Amended by EO 9526,Public lands
8960,4,False,Amended EO 8546. Amended by EO 9183,Revoked by EO 9831
8961,4,False,&nbsp;,"Amends EO's 5281, 5710, 7138. Revokes EO 7985"
8963,4,False,Amended EO 8389,"Eliminated by FR Doc. 82-34163, Dec. 16, 1982 (47 FR 56351)"
8964,4,False,Amended by EO 9183,Revoked by EO 9831
8970,4,False,Amended by EO 9342,"Action discontinued by EO's 9650, 9720"
8972,4,False,Amended by EO 9074,"Authority repealed by act of June 25, 1948 (62 Stat. 865, 868)"
8973,4,False,Amended by EO 9067,Revoked by EO 9243
8978,4,False,&nbsp;,Action discontinued by EO 9650
8980,4,False,Amended EO 9,Revoked by EO 11408
8982,4,False,"Amended EO's 8839, 8900, 8926, 8942. Amended by EO's 9128, 9361, 10945",Board terminated by EO 9361
8984,4,False,&nbsp;,Revoked by EO 9635
8985,4,False,&nbsp;,Office terminated by EO 9631
8986,4,False,"Amended EO's 1888, 3232. Amended by EO 9164",Revoked by EO 9467
8989,4,False,"Amended by EO's 9156, 9214, 9389, 9919",Office terminated by EO 10065
8992,4,False,Amended EO 6964. Amended by EO 9526,Revoked by PLO 1070
8998,4,False,Amended EO 8389,"Eliminated by FR Doc. 82-34163, Dec. 16, 1982 (47 FR 56351)"
8999,4,False,Amended by EO 9526,Public lands
9000,5,False,Amended by EO 9526,Public lands
9001,5,False,"Amended by EO's 9024, 9296","Authority repealed by Pub. L. 89-554 (80 Stat. 651, 50 U.S.C. App. 611 nt.)"
9004,5,False,&nbsp;,Revoked by EO 9830
9014,5,False,Amended EO 6964. Amended by EO 9526,Public lands
9017,5,False,"Amended EO 8716. Amended by EO's 9038, 9395A, 9535, 9617. Continued by EO 9250",Board terminated by EO 9672
9019,5,False,Amended by EO 9526,Public lands
9020,5,False,Amended by EO 9526,Revoked by PLO 1208
9023,5,False,"Amended by EO's 9024, 9269, 9280, 9296","Authority repealed by Pub. L. 89-554 (80 Stat. 651, 50 U.S.C. App. 611 nt.)"
9024,5,False,"Amended EO's 8629, 8875, 8891, 8942, 9001, 9023. Amended by EO's 9040, 9280, 9335",Board terminated by EO 9638
9026,5,False,Amended by EO 9526,Revoked by PLO 2528
9027,5,False,&nbsp;,Revoked by EO 9830
9029,5,False,Amended by EO 9526,Revoked by PLO 833
9038,5,False,Amended EO 9017,Revoked by EO 9535
9039,5,False,Amended by EO 9497,Revoked by EO 9740
9040,5,False,Amended EO 9024. Amended by EO 9280,Board terminated by EO 9638
9042,5,False,Amended by EO 9526,Revoked by PLO 6465
9047,5,False,&nbsp;,Revoked by EO 10512
9048,5,False,&nbsp;,"Provisions terminated by EO's 9683, 9772"
9050,5,False,&nbsp;,Superseded by EO 10694
9051,5,False,&nbsp;,Amends EO 8099
9052,5,False,&nbsp;,Revoked by EO 9830
9053,5,False,Amended by EO 9526,Revoked by PLO 678
9054,5,False,"Amended by EO's 9244, 9350, 9729","Administration terminated by act of Jul. 8, 1946 (60 Stat. 501, 50 U.S.C. App. 1291 nt.)"
9055,5,False,Amended by EO 9296,"Authority repealed by Pub. L. 89-554 (80 Stat. 651, 50 U.S.C. App. 611 nt.)"
9057,5,False,Amended EO 7972,Revoked by EO 9687
9058,5,False,Amended by EO 9296,"Authority repealed by Pub. L. 89-554 (80 Stat. 651, 50 U.S.C. App. 611 nt.)"
9063,5,False,Amended by EO 9378,Revoked by EO 9691
9066,5,False,&nbsp;,Terminated by Proc. 2714. Termination confirmed by Proc. 4417
9067,5,False,Amended EO 8973,Revoked by EO 9243
9070,5,False,Amended by EO 9821,"Authority repealed by Pub. L. 89-554 (80 Stat. 651, 50 U.S.C. App. 601-605 nt.)"
9074,5,False,Amended EO 8972,Revoked by EO 9667
9075,5,False,&nbsp;,Superseded by EO 9396
9080,5,True,"Amended by EO's 10692, 12377","Codified at Chapter 32, Subchapter 
        A"
9081,5,False,Amended EO 6910. Amended by EO 9526,Revoked by PLO 517
9082,5,False,Amended by EO 9722,"Authority repealed by Pub. L. 89-554 (80 Stat. 651, 50 U.S.C. App. 601 nt.)"
9084,5,False,&nbsp;,Amends EO 8512
9086,5,False,Amended by EO 9526,Public lands
9089,5,False,Amended by EO 9183,Revoked by EO 9831
9090,5,False,&nbsp;,Revoked by EO 9566
9094,5,True,Amended by EO 12608,Codified at Chapter 34
9095,5,False,"Amended by EO's 9193, 9567, 9760, 9788",Revoked by EO 12553
9096,5,False,Amended by EO 9528,Revoked by EO 9635
9101,5,False,Amended EO 6910,Revoked by PLO 9101
9102,5,False,Amended by EO 9423,Office terminated by EO 9742
9103,5,False,&nbsp;,Revoked by EO 9622
9104,5,False,Amended by EO 9526,Public lands
9105,5,False,Amended EO 8704,Superseded by EO 9206
9107,5,False,Amended by EO 9526,Public lands
9108,5,False,Amended by EO 9320,Provisions terminated by EO 9603
9109,5,False,Amended by EO 9526,Public lands
9111,5,False,Amended EO 8802,"Committee terminated by act of July 17, 1945 (59 Stat. 473)"
9114,5,False,Amended by EO 9526,Public lands
9116,5,False,Amended by EO 9296,"Authority repealed by Pub. L. 89-554 (80 Stat. 651, 50 U.S.C. App. 611 nt.)"
9122,5,False,Amended EO 8588. Amended by EO 9223,Revoked by EO 9805
9125,5,False,Amended by EO 9280,Board terminated by EO 9638
9128,5,False,"Amended EO's 8839, 8900, 8926, 8982. Amended by EO 9280",Board terminated by EO 9361
9134,5,False,"Amended EO's 8757, 8799, 8822. Amended by EO 9389",Office terminated by EO 9562
9135,5,False,&nbsp;,Superseded by EO 9953
9137,5,False,&nbsp;,Public lands
9138,5,False,Amended EO 8942,Office abolished by EO 9040
9139,5,False,"Amended by EO's 9184, 9279, 9409",Commission terminated by EO 9617
9142,5,False,"Amended EO's 6694, 8136. Amended by EO's 9789, 9818","Authority repealed by Pub. L. 89-554 (80 Stat. 651, 50 U.S.C. App. 601 nt.)"
9143,5,False,Amended by EO 9526,Revoked by PLO 1064
9146,5,False,&nbsp;,Superseded by EO 9337
9153,5,False,Amended EO 8950,Superseded by EO 10126
9154,5,True,"Amended by EO's 9824, 9945, 12107,12292",Codified at Chapter  5
9156,5,False,Amended EO 8989. Amended by EO 9919,Office terminated by EO 10065
9164,5,False,Amended EO 8986,Revoked by EO 9467
9165,5,False,Amended by EO 9276,Revoked by EO 9437
9168,5,False,&nbsp;,Action discontinued by EO 9648
9172,5,False,&nbsp;,Revoked by EO 9883
9177,5,False,"Amended by EO's 9495, 9768, 9829, 9903","Authority repealed by Pub. L. 89-554 (80 Stat. 651, 50 U.S.C. App. 601 nt.)"
9182,5,False,Amended by EO 9809,Office abolished by EO 9608
9183,5,False,"Amended EO's 8546, 8839, 8960, 8964, 9089",Revoked by EO 9831
9184,5,False,Amended EO 9139,Commission terminated by EO 9617
9191,5,False,&nbsp;,Revoked by EO 9521
9193,5,False,Amended EO 9095,Revoked by EO 12553
9195,5,False,"Amended by EO's 9458, 9524, 9846, 10059","Authority repealed by act of Aug. 10, 1956 (70A Stat. 666)"
9196,5,False,&nbsp;,Revoked by EO 9859
9200,5,False,&nbsp;,Revoked by EO 9830
9204,5,False,&nbsp;,Office terminated by EO 9649
9205,5,False,&nbsp;,Revoked by EO 9723
9206,5,False,Amended by EO 9295,Superseded by EO 9386
9210,5,False,Amended by EO 9557,"Authority repealed by act of Oct. 12, 1948 (63 Stat. 839)"
9213,5,False,Continued EO 6783,Superseded by EO 11342
9214,5,False,Amended by EO 9919,Office terminated by EO 10065
9215,5,False,Amended by EO 9526,Public lands
9219,5,False,Amended by EO 9296,"Authority repealed by Pub. L. 89-554 (80 Stat. 651, 50 U.S.C. App. 611 nt.)"
9221,5,False,Amended by EO 9296,"Authority repealed by Pub. L. 89-554 (80 Stat. 651, 50 U.S.C. App. 611 nt.)"
9223,5,False,Amended EO 9122,Revoked by EO 9805
9225,5,False,&nbsp;,Provisions terminated by EO 9603
9227,5,False,Amended EO 4314,"Nullified by 35 CFR 105.61, 117.1 et seq."
9228,5,False,Amended EO 4314,Nullified by 35 CFR 103.24
9230,5,False,Amended by EO 12107,Amends EO 8743
9233,5,False,Amended by EO 9296,"Authority repealed by Pub. L. 89-554 (80 Stat. 651, 50 U.S.C. App. 611 nt.)"
9239,5,False,&nbsp;,Revoked by EO 9830
9240,5,False,"Amended by EO's 9248, 9597, 9600",Revoked by EO 9601
9241,5,False,Amended by EO 9296,"Authority repealed by Pub. L. 89-554 (80 Stat. 651, 50 U.S.C. App. 611 nt.)"
9243,5,False,Amended by EO 9451,Revoked by EO 9695
9244,5,False,Amended EO 9054,"Administration terminated by act of July 8, 1946 (60 Stat. 501, 50 U.S.C. App. 1291 nt.)"
9245,5,False,&nbsp;,Repealed by EO 9616
9246,5,False,Amended by EO 9276,Board terminated by EO 9638
9248,5,False,Amended EO 9240,Revoked by EO 9601
9250,5,False,"Continued EO 9017. Amended by EO's 9279, 9322, 9328, 9334, 9354, 9381, 9392, 9534, 9620",Terminated by EO 9801
9253,5,False,Amended by EO 9296,"Authority repealed by Pub. L. 89-554 (80 Stat. 651, 50 U.S.C. App. 611 nt.)"
9260,5,True,Amended by EO 10600,"Codified at Chapter 32, Subchapter 
        B"
9261,5,False,Amended EO 7972,Revoked by EO 9687
9263,5,False,&nbsp;,"Authority maintained at departmental level (see EO 
        10289)"
9264,5,False,Amended by EO 9296,"Authority repealed by Pub. L. 89-554 (80 Stat. 651, 50 U.S.C. App. 611 nt.)"
9265,5,True,Amended by EO 9706,"Codified at Chapter 32, Subchapter 
        B"
9266,5,False,&nbsp;,Action discontinued by EO 9650
9267,5,False,&nbsp;,"Provisions terminated by EO's 9683, 9772"
9269,5,False,Amended EO 9023,"Authority repealed by Pub. L. 89-554 (80 Stat. 651, 50 U.S.C. App. 611 nt.)"
9276,5,False,"Amended EO's 9165, 9246. Amended by EO 9718",Administration terminated by EO 9319
9277,5,False,&nbsp;,Superseded by EO 10409
9278,5,False,"Amended EO's 7057, 7180, 7689","Administration terminated by act of Aug. 15, 1953 (67 Stat. 584)"
9279,5,False,"Amended EO's 9139, 9250. Amended by EO's 9409, 9410, 9605","Repealed by Pub. L. 89-554 (80 Stat. 651, 50 U.S.C. App. 601-605 nt.)"
9280,5,False,"Amended EO's 8734, 8942, 9023, 9024, 9040, 9125, 9138. Amended by EO's 9322, 9334, 9392, 9915",Administrations terminated by EO 9577
9285,5,False,&nbsp;,Commission abolished by EO 9680
9286,5,False,&nbsp;,Superseded by EO 9331
9290,5,False,&nbsp;,Superseded by EO 9898
9294,5,False,&nbsp;,Revoked by EO 9625
9295,5,False,Amended EO 9206,Superseded by EO 9386
9296,5,False,Amended EO 9001,"Authority repealed by Pub. L. 89-554 (80 Stat. 651, 50 U.S.C. App. 611 nt.)"
9298,5,False,&nbsp;,Revoked by EO 9830
9299,5,False,Amended by EO 9581,"Authority repealed by Pub. L. 89-554 (80 Stat. 651, 50 U.S.C. 601-605 nt.)"
9300,5,False,&nbsp;,Revoked by EO 9835
9301,5,False,&nbsp;,Revoked by EO 9607
9303,5,False,&nbsp;,"Revoked by EO's 9521, 10697"
9316,5,False,Amended EO 8942,Office abolished by EO 9040
9319,5,False,Amended EO 9276,Administration terminated by EO 9718
9320,5,False,Amended EO 9108,Provisions terminated by EO 9603
9322,5,False,&nbsp;,Superseded by EO 9334
9325,5,False,&nbsp;,Office terminated by EO 9788
9328,5,False,"Amended EO's 9250, 9737",Terminated by EO 9801
9330,5,False,Amended by EO 9512,"Authority repealed by Pub. L. 89-554 (80 Stat. 651, 50 U.S.C. 601-605 nt.)"
9331,5,False,&nbsp;,Superseded by EO 9637
9332,5,False,&nbsp;,Revoked by EO 9847
9333,5,False,&nbsp;,Revoked by EO 9830
9334,5,False,"Amended EO's 9250, 9280, 9322. Amended by EO's 9385, 9392, 9418, 9915",Administration terminated by EO 9577
9335,5,False,Amended EO 9024,Board terminated by EO 9638
9337,5,False,&nbsp;,Superseded by EO 10355
9342,5,False,Amended EO 8970,"Action discontinued by EO's 9650, 9720"
9344,5,False,"Modified EO's 6868, 7784A, 8033","Nullified by Pub. L. 93-198 (87 Stat. 779, 40 U.S.C. 71a)"
9346,5,False,Amended EO 8802,"Committee terminated by act of July 17, 1945 (59 Stat. 473)"
9347,5,False,"Amended by EO's 9361, 9425, 9427","Office terminated by act of Oct. 3, 1944 (58 Stat. 792, 50 U.S.C. App. 1677)"
9348,5,False,Amended EO 8588,Revoked by EO 9805
9350,5,False,Amended EO 9054,"Administration terminated by act of July 8, 1946 (60 Stat. 501, 50 U.S.C. App. 1291 nt.)"
9351,5,False,&nbsp;,Provisions terminated by EO 9603
9352,5,False,&nbsp;,"Nullified by FR Doc. 46-16444, Aug. 28, 1946 (11 FR 10108)"
9354,5,False,Amended EO 9250,Terminated by EO 9801
9356,5,False,"Amended by EO's 9447, 9465, 9525, 9583, 9642",Superseded by EO 9744B
9358,5,False,&nbsp;,Amends EO 8743
9360,5,False,Amended by EO 9368,Superseded by EO 10282
9361,5,False,"Amended EO's 8839, 8982. Amended by EO's 9380, 9385, 10945",Administration terminated by EO 9630
9367,5,False,&nbsp;,Revoked by EO 11408
9368,5,False,Amended EO 9360,Superseded by EO 10282
9378,5,False,Amended EO 9063,Revoked by EO 9691
9380,5,False,"Amended EO's 8926, 9361. Amended by EO's 9385, 10945",Administration terminated by EO 9630
9381,5,False,Amended EO 9250,Terminated by EO 9801
9384,5,False,&nbsp;,Revoked by EO 12113
9385,5,False,"Amended EO's 9334, 9380. Amended by EO 9577",Administration terminated by EO 9630
9386,5,False,"Amended by EO's 9561, 9825",Superseded by EO 9871
9389,5,False,"Amended EO's 8807, 8840, 8757, 8989, 9134. Amended by EO's 9532, 9919","Nullified by EO's 9562, 9710, 9913, 10065"
9392,5,False,"Amended EO's 9250, 9280, 9334",Administration terminated by EO 9577
9394,5,False,&nbsp;,Revoked by EO 9830
9396,5,False,&nbsp;,Superseded by EO 10694
9400,5,False,Amended by EO 9592A,Provisions terminated by EO 9603
9401,5,False,Amended by EO 9577,Executed and obsolete
9405,5,False,&nbsp;,Revoked by EO 9830
9407,5,False,&nbsp;,"Revoked by EO's 9521, 10697"
9409,5,False,"Amended EO's 9139, 9279",Commission terminated by EO 9617
9410,5,False,Amended EO 9279,"Repealed by Pub. L. 89-554 (80 Stat. 651, 50 U.S.C. App. 601-605 nt.)"
9411,5,False,&nbsp;,Revoked by EO 11116
9417,5,False,&nbsp;,Board terminated by EO 9614
9418,5,False,Amended EO 9334,Administration terminated by EO 9577
9419,5,False,&nbsp;,Superseded by EO 11046
9423,5,False,Amended EO 9102,Authority terminated by EO 9742
9425,5,False,Amended EO 9347,"Office terminated by act of Oct. 3, 1944 (58 Stat. 785, 50 U.S.C. App. 1651)"
9427,5,False,Amended EO 9347,"Office terminated by act of Oct. 3, 1944 (58 Stat. 785, 50 U.S.C. App. 1651)"
9431,5,False,&nbsp;,Revoked by EO 9521
9432,5,False,&nbsp;,Superseded by EO 9866
9437,5,False,&nbsp;,Revokes EO 9165
9442,5,False,Amended EO 9,Revoked by EO 11408
9446,5,False,&nbsp;,Superseded by EO 9975
9447,5,False,Amended EO 9356,Superseded by EO 9744B
9449,5,False,Amended EO 7972,Revoked by EO 9687
9450,5,False,&nbsp;,Revoked by EO 9521
9451,5,False,Amended EO 9243,Revoked by EO 9695
9452,5,False,Amended by EO 9514,Revoked by EO 12292
9453,5,False,&nbsp;,Administration terminated by EO 9630
9458,5,False,Amended EO 9195,"Authority repealed by act of Aug. 10, 1956 (70A Stat. 666)"
9460,5,False,Amended by EO 9850,"Authority repealed by act of Oct. 12, 1949 (63 Stat. 839)"
9462,5,False,&nbsp;,Provisions terminated by EO 9603
9463,5,False,&nbsp;,Provisions terminated by EO 9603
9465,5,False,Amended EO 9356,Superseded by EO 9744B
9466,5,False,&nbsp;,Provisions terminated by EO 9603
9467,5,False,Corrected by EO 9497,"Amends EO 1888. Revokes EO's 8986, 9164"
9472,5,False,Amended by EO 9692,"Authority repealed by act of July 25, 1947 (61 Stat. 450)"
9479,5,False,Amended EO 7021,Revoked by EO 10102
9484,5,False,&nbsp;,Provisions terminated by EO 9603
9487,5,False,Amended by EO 9676,"Authority repealed by act of Aug. 16, 1954 (68A Stat. 933)"
9488,5,False,"Amended by EO's 9762, 9791, 9809",Terminates office established by EO 9347
9489,5,False,&nbsp;,Authority terminated by EO 9645
9491,5,False,Amended by EO 9802,"Authority repealed by act of Aug. 16, 1954 (68A Stat. 933)"
9492,5,False,"Amended by EO's 9629, 9714, 9792, 9840, 9867, 9886","Superseded by FR Doc. 47-10437, Nov. 18, 1947 (12 FR 7941)"
9493,5,False,&nbsp;,Provisions terminated by EO 9603
9495,5,False,Amended by EO 9903,"Authority repealed by Pub. L. 89-554 (80 Stat. 651, 50 U.S.C. App. 601 nt.)"
9497,5,False,&nbsp;,Amended EO 9039. Corrected EO 9467
9503,6,False,&nbsp;,Revoked by EO 9830
9505,6,False,&nbsp;,Provisions terminated by EO 9603
9506,6,False,&nbsp;,Superseded by EO 9598
9507,6,False,&nbsp;,"Revoked by EO's 9521, 10697"
9508,6,False,&nbsp;,Provisions terminated by EO 9603
9512,6,False,Amended EO 9330,Revoked by EO 10093
9514,6,False,Amended EO 9452,Revoked by EO 12292
9515,6,False,Amended EO 4314,"Nullified by 35 CFR ch. 1, subch. C"
9516,6,False,&nbsp;,Provisions terminated by EO 9603
9519,6,False,&nbsp;,"Authority repealed by Pub. L. 89-554 (80 Stat. 651, 50 U.S.C. App. 611 

      nt.)"
9521,6,False,&nbsp;,"Revokes EO of Dec. 31, 1896; EO's 2262, 3313, 3731, 4255, 4605A, 4943, 

      6942, 7543, 7729, 7826, 7968, 8016, 8076, 8077, 8084, 8181, 8189, 8196, 

      8210, 8292, 8297, 8307, 8346, 8352, 8379, 8396, 8400, 8439, 8535, 8547, 

      8672, 8689, 8818, 8820, 9191, 9303, 9407, 9431, 9450, 9507"
9524,6,False,Amended EO 9195,"Authority repealed by act of Aug. 10, 1956 (70A Stat. 666)"
9525,6,False,Amended EO 9356,Superseded by EO 9744B
9526,6,False,&nbsp;,"Amends EO's 8101, 8102, 8305, 8325, 8343, 8450, 8507, 8508, 8577, 8578, 

      8579, 8636, 8651, 8652, 8725, 8755, 8788, 8789, 8792, 8793, 8794, 8830, 

      8831, 8847, 8865, 8872, 8874, 8877, 8884, 8892, 8915, 8923, 8927, 8932, 

      8954, 8957, 8992, 8999, 9000, 9014, 9019, 9020, 9026, 9029, 9042, 9053, 

      9081, 9086, 9104, 9107, 9109, 9114, 9143, 9215"
9528,6,False,Amended EO 9096,Revoked by EO 9596
9532,6,False,"Amended EO's 8840, 9389. Amended by EO 9608",Office terminated by EO 9710
9534,6,False,Amended EO 9250. Amended by EO 9577,Terminated by EO 9801
9535,6,False,Amended EO 9017,Board terminated by EO 9672
9536,6,False,&nbsp;,Provisions terminated by EO 9603
9537,6,False,Amended EO 8396,Revoked by EO 9521
9538,6,False,&nbsp;,Revoked by EO 9830
9539,6,False,&nbsp;,Executed and obsolete
9540,6,False,&nbsp;,Provisions terminated by EO 9603
9541,6,False,&nbsp;,Office terminated by EO 9643
9542,6,False,&nbsp;,Provisions terminated by EO 9603
9543,6,False,Amended EO 8533,Executed and obsolete
9544,6,False,&nbsp;,Revoked by EO 9938
9545,6,False,&nbsp;,Public lands
9546,6,False,&nbsp;,Executed and obsolete
9547,6,False,Amended by EO 9679,Temporary
9548,6,False,&nbsp;,Provisions terminated by EO 9603
9549,6,False,&nbsp;,Executed and obsolete
9550,6,False,&nbsp;,"Authority repealed by act of Oct. 12, 1949 (63 Stat. 839)"
9551,6,False,&nbsp;,Executed and obsolete
9552,6,False,&nbsp;,Provisions terminated by EO 9603
9553,6,False,&nbsp;,Revoked by EO 12553
9554,6,False,&nbsp;,Office terminated by EO 10065
9555,6,False,&nbsp;,Revoked by EO 12553
9556,6,False,&nbsp;,"Authority repealed by Pub. L. 89-554 (80 Stat. 651, 50 U.S.C. App. 601-605 

      nt.)"
9557,6,False,Amended EO 9210,"Authority repealed by act of Oct. 12, 1949 (63 Stat. 839)"
9558,6,False,&nbsp;,Executed and obsolete
9559,6,False,&nbsp;,Provisions terminated by EO 9603
9560,6,False,&nbsp;,Provisions terminated by EO 9603
9561,6,False,Amended EO 9386. Amended by EO 9744C,Superseded by EO 9871
9562,6,False,&nbsp;,Terminates office established by EO 8757
9563,6,False,Amended EO 4314,"Nullified by 35 CFR ch. 1, subch. C"
9564,6,False,&nbsp;,Provisions terminated by EO 9603
9565,6,False,&nbsp;,Provisions terminated by EO 9603
9566,6,False,&nbsp;,Revokes EO 9090
9567,6,False,Amended EO 9095,Revoked by EO 12553
9568,6,False,"Amended by EO's 9604, 9809",Office terminated by EO 9841
9569,6,False,&nbsp;,Executed and obsolete
9570,6,False,&nbsp;,"Authority terminated by act of June 29, 1946 (60 Stat. 341, 50 U.S.C. 

      App. 316 nt.)"
9571,6,False,&nbsp;,"Authority repealed by act of June 4, 1948 (62 Stat. 342, 50 U.S.C. App. 

      645 nt.)"
9572,6,False,&nbsp;,"Nullified by FR Doc. 45-16694, Sept. 5, 1945, 10 FR 11529"
9573,6,False,&nbsp;,Revoked by EO 12553
9574,6,False,&nbsp;,Provisions terminated by EO 9603
9575,6,False,&nbsp;,Superseded by EO 10349
9576,6,False,&nbsp;,Revoked by EO 12553
9577,6,False,"Amended EO's 9280, 9334, 9385, 9401, 9418, 9534. Modified by EO 9915",Terminates office established by EO 9322
9578,6,False,&nbsp;,Regulations codified at 5 CFR
9579,6,False,Amended EO 8937,Revoked by EO 9830
9580,6,False,&nbsp;,Amends EO 1888
9581,6,False,Amended EO 9299,"Authority repealed by Pub. L. 89-554 (80 Stat. 651, 50 U.S.C. App. 601-605 

      nt.)"
9582,6,False,&nbsp;,Public lands
9583,6,False,Amended EO 9356,Superseded by EO 9744B
9584,6,False,&nbsp;,Executed and obsolete
9585,6,False,&nbsp;,Provisions terminated by EO 9603
9586,6,True,"Amended by EO's 10336, 11085, 11515","Codified at Chapter 

      3"
9587,6,False,Amended EO 8588,Revoked by EO 9805
9588,6,False,&nbsp;,Revoked by EO 12553
9589,6,False,&nbsp;,Temporary
9590,6,True,&nbsp;,"Codified at Chapter 

      15"
9591,6,False,&nbsp;,Revoked by EO 10697
9592,6,False,&nbsp;,"Authority repealed by Pub. L. 89-554, 80 Stat. 651 (50 U.S.C. App. 611 

      nt.)"
9593,6,False,&nbsp;,Provisions terminated by EO 9603
9594,6,False,Amended EO 7397,Revoked by EO 10257
9595,6,False,&nbsp;,Provisions terminated by EO 9603
9596,6,False,&nbsp;,Revokes EO 9528
9597,6,False,Amended EO 9240,Revoked by EO 9601
9598,6,False,&nbsp;,Revoked by EO 9830
9599,6,False,Amended by EO 9651,"Authority expired pursuant to act of June 25, 1946 (60 Stat. 664, 50 U.S.C. 

      App. 961-971 nt.)"
9600,6,False,Amended EO 9240,Revoked by EO 9601
9601,6,False,&nbsp;,Revokes EO 9240
9602,6,False,&nbsp;,"Authority terminated by act of June 29, 1946 (60 Stat. 341, 50 U.S.C. 

      App. 316 nt.)"
9603,6,False,&nbsp;,"Terminates provisions of EO's 9108, 9225, 9320, 9351, 9400, 9462, 9463, 

      9466, 9475A, 9484, 9493, 9505, 9508, 9516, 9536, 9540, 9542, 9552, 9559, 

      9560, 9564, 9565, 9577A, 9585, 9589A, 9592A, 9593, 9595"
9604,6,False,Amended EO 9568. Amended by EO 9809,Office terminated by EO 9841
9605,6,False,Amended EO 9279,"Repealed by Pub. L. 89-554 (80 Stat. 651, 50 U.S.C. App. 601-605 nt.)"
9606,6,False,&nbsp;,Executed and obsolete
9607,6,False,&nbsp;,Revokes EO 9301
9608,6,False,"Amended EO's 8840, 9182, 9532. Amended by EO 9809",Abolishes office established by EO 9182 and functions set out at EO 8840
9609,6,False,&nbsp;,"Authority repealed by act of Dec. 28, 1945 (59 Stat. 658)"
9610,6,False,&nbsp;,"Authority repealed by act of Dec. 28, 1945 (59 Stat. 658)"
9611,6,False,Amended by EO 9627,Temporary
9612,6,False,Amended EO 8902,Authority repealed by Pub. L. 89-23 (79 Stat. 113)
9613,6,False,&nbsp;,Revoked by EO 9701
9614,6,False,&nbsp;,Terminates board established by EO 9417
9615,6,False,Amended EO 4601,Superseded by EO 10189
9616,6,False,&nbsp;,"Nullified by act of Jan. 17, 1933 (47 Stat. 761) and/or act of Mar. 24, 

      1934 (48 Stat. 4601)"
9617,6,False,Amended EO 9017. Amended by EO 9672,Terminates commission established by EO 9139
9618,6,False,"Amended EO's 7057, 7180, 7689","Administration terminated by act of Aug. 15, 1953 (67 Stat. 584)"
9619,6,False,&nbsp;,Revoked by EO 9830
9620,6,False,Amended by EO 9699,Terminated by EO 9801
9621,6,False,&nbsp;,"Authority repealed by Pub. L. 89-554 (80 Stat. 651, 50 U.S.C. App. 601 

      nt.)"
9622,6,False,&nbsp;,Revokes EO 9103
9623,6,False,&nbsp;,Executed and obsolete
9624,6,False,&nbsp;,Executed and obsolete
9625,6,False,&nbsp;,Revokes EO 9294
9626,6,False,&nbsp;,Temporary
9627,6,False,Amended EO 9611,Temporary
9628,6,True,Amended by EO 12107,Codified at Chapter  5
9629,6,False,Amended EO 9492,"Superseded by FR Doc. 47-10437, Nov. 18, 1947 (12 FR 7941)"
9630,6,False,"Amended EO's 9380, 9453. Amended by EO's 9730, 9919, 10945",Terminates administration established by EO 9380
9631,6,False,&nbsp;,Terminates office established by EO 8985
9632,6,False,&nbsp;,Public lands
9633,6,False,&nbsp;,Revoked by EO 10426
9634,6,True,&nbsp;,Codified at Chapter 18
9635,6,False,Amended by EO 9904,Revoked by EO 10123
9636,6,False,&nbsp;,Superseded by EO 10358
9637,6,True,Amended by EO 9857A,"Codified at Chapter 

      32, Subchapter B"
9638,6,False,Amended EO 9024. Amended by EO 9809,Office terminated by EO 9841
9639,6,False,&nbsp;,"Authority terminated pursuant to act of June 25, 1943 (57 Stat. 163, 50 

      U.S.C. App. 1501-1511 nt.)"
9640,6,False,&nbsp;,Revoked by EO 12553
9641,6,False,&nbsp;,Superseded by EO 9986
9642,6,False,Amended EO 9356,Superseded by EO 9744B
9643,6,False,&nbsp;,"Authority repealed by Pub. L. 89-554 (80 Stat. 651, 50 U.S.C. App. 601-605 

      nt.)"
9644,6,False,&nbsp;,Revoked by EO 9830
9645,6,False,&nbsp;,Terminates Authority conferred by EO 9489
9646,6,False,Amended EO 2390,Superseded by EO 10823
9647,6,False,Amended EO 6750,Revoked by EO 10004
9648,6,False,&nbsp;,Discontinues action of EO 9168
9649,6,False,&nbsp;,Terminates office established by EO 9204
9650,6,False,&nbsp;,"Discontinues actions of EO's 8970, 8978, 9266"
9651,6,False,Amended EO 9599,"Authority expired pursuant to act of June 25, 1946 (60 Stat. 664, 50 U.S.C. 

      App. 961-971 nt.)"
9652,6,False,&nbsp;,Executed and obsolete
9653,6,False,&nbsp;,Revoked by EO 9830
9654,6,False,&nbsp;,Temporary
9655,6,False,Amended by EO 9897,Revoked by EO 9993
9656,6,False,&nbsp;,"Committee terminated June 30, 1947"
9657,6,False,&nbsp;,Executed and obsolete
9658,6,False,&nbsp;,"Authority repealed by Pub. L. 89-554 (80 Stat. 651, 50 U.S.C. App. 601 

      nt.)"
9659,6,False,&nbsp;,"Authority maintained at departmental level (see EO 

      10250)"
9660,6,False,&nbsp;,Executed and obsolete
9661,6,False,&nbsp;,"Authority terminated by act of June 29, 1946 (60 Stat. 341, 50 U.S.C. 

      App. 316 nt.)"
9662,6,False,&nbsp;,Superseded by EO 9738
9663,6,False,&nbsp;,Revoked by EO 12553
9664,6,False,Amended EO 8802,"Committee terminated by act of July 17, 1945 (59 Stat. 473)"
9665,6,False,&nbsp;,"Authority repealed by Pub. L. 89-554 (80 Stat. 651, 50 U.S.C. App. 601-605 

      nt.)"
9666,6,False,&nbsp;,"Nullified by Pub. L. 94-546 (90 Stat. 2519, 14 U.S.C. 1)"
9667,6,False,&nbsp;,Revokes EO 9074
9668,6,False,&nbsp;,Revoked by EO 9830
9669,6,False,&nbsp;,Superseded by EO 9709
9670,6,False,&nbsp;,Public lands
9671,6,False,&nbsp;,Public lands
9672,6,False,Amended EO 9617. Amended by EO 9724,Board terminated by EO 9809
9673,6,False,&nbsp;,"Authority repealed by Pub. L. 89-554 (80 Stat. 651, 50 U.S.C. App. 601-605 

      nt.)"
9674,6,False,&nbsp;,Office terminated by EO 9744
9675,6,False,&nbsp;,Revoked by EO 12553
9676,6,False,Amended EO 9487,"Authority repealed by act of Aug. 16, 1954 (68A Stat. 933)"
9677,6,False,&nbsp;,Executed and obsolete
9678,6,False,&nbsp;,Amends EO 8743
9679,6,False,Amended EO 9547,Temporary
9680,6,False,&nbsp;,Abolishes commission established by EO 9285
9681,6,False,&nbsp;,Executed and obsolete
9682,6,False,&nbsp;,Executed and obsolete
9683,6,False,&nbsp;,Nullified by EO 10149
9684,6,False,&nbsp;,Revoked by EO 12553
9685,6,False,Amended by EO 9690,"Authority terminated pursuant to act of June 25, 1943 (57 Stat. 163, 50 

      U.S.C. App. 1501-1511 nt.)"
9686,6,False,&nbsp;,"Authority repealed by Pub. L. 89-554 (80 Stat. 651, 50 U.S.C. App. 601-605 

      nt.)"
9687,6,False,&nbsp;,"Revokes EO's 7972, 8018, 8261, 8269, 8800, 9057, 9261, 9449"
9688,6,False,&nbsp;,Revoked by EO 9830
9689,6,False,Amended by EO 9707,"Authority repealed by Pub. L. 89-554 (80 Stat. 651, 50 U.S.C. App. 601-605 

      nt.)"
9690,6,False,Amended EO 9685,"Authority terminated by act of June 29, 1946 (60 Stat. 341, 50 U.S.C. 

      App. 316 nt.)"
9691,6,False,Amended by EO 9815,Revoked by EO 9830
9692,6,False,Amended EO 9472,"Authority repealed by act of July 25, 1947 (61 Stat. 450)"
9693,6,False,&nbsp;,Office terminated by EO 10065
9694,6,False,&nbsp;,Executed and obsolete
9695,6,False,&nbsp;,Revokes EO 9243
9696,6,False,&nbsp;,Executed and obsolete
9697,6,False,Amended by EO 9699,Terminated by EO 9801
9698,6,True,"Supplemented by EO's 9751, 9823, 9863, 9887, 9911, 9972, 10025. Amended 

      by EO's 10083, 10533","Codified at Chapter 

      22, Subchapter C"
9699,6,False,Amended by EO 9762,Terminated by EO 9801
9700,6,False,&nbsp;,Revoked by EO 12553
9701,6,False,&nbsp;,Revoked by EO 9908
9702,6,False,&nbsp;,Revoked by EO 12553
9703,6,False,"Amended by EO's 10122, 10400, 11160",Codified at 42 CFR Part 31
9704,6,True,&nbsp;,"Codified at Chapter 

      36"
9705,6,False,"Amended by EO's 9762, 9809",Revoked by EO 9841
9706,6,False,&nbsp;,Amends EO 9265
9707,6,False,Amended EO 9689,"Authority repealed by Pub. L. 89-554 (80 Stat. 651, 50 U.S.C. App. 601-605 

      nt.)"
9708,6,False,"Amended by EO's 10532, 11070",Revoked by EO 12452
9709,6,False,&nbsp;,"Revoked by FR Doc. 48-9126, Oct. 15, 1948 (13 FR 6080)"
9710,6,False,Amended EO 9532,Terminates office established by EO 8840
9711,6,False,&nbsp;,"Nullified by FR Doc. 47-4210, May 1, 1947 (12 FR 2819)"
9712,6,False,Amended by EO 12107,Amends EO 8743
9713,6,False,&nbsp;,Revoked by EO 12553
9714,6,False,Amended EO 9492,"Superseded by FR Doc. 47-10437, Nov. 18, 1947 (12 FR 7941)"
9715,6,False,&nbsp;,Temporary
9716,6,False,&nbsp;,Revoked by EO 12553
9717,6,False,&nbsp;,Revoked by EO 12553
9718,6,False,&nbsp;,Terminates administration established by EO 9276
9719,6,False,&nbsp;,Revoked by EO 12553
9720,6,False,&nbsp;,"Discontinues actions of EO's 8597, 8718, 8853, 8953, 8970"
9721,6,False,"Modified by EO's 9949, 10054, 10103, 10415, 11138, 11303. Amended by EO's 

      10804, 12107",Revoked by EO 12553
9722,6,False,Amended EO 9082,"Authority repealed by Pub. L. 89-554 (80 Stat. 651, 50 U.S.C. App. 601 

      nt.)"
9723,6,False,&nbsp;,Revokes EO 9205
9724,6,False,Amended EO 9672,Board terminated by EO 9809
9725,6,True,&nbsp;,"Codified at Chapter 

      28"
9726,6,False,&nbsp;,"Terminated pursuant to act of Mar. 11, 1941 (55 Stat. 31, 22 U.S.C. 411 

      nt.)"
9727,6,False,&nbsp;,"Authority terminated by act of June 29, 1946 (60 Stat. 341, 50 U.S.C. 

      App. 316 nt.)"
9728,6,False,&nbsp;,"Authority terminated pursuant to act of June 25, 1943 (57 Stat. 163, 50 

      U.S.C. App. 1501-1511 nt.)"
9729,6,False,Amended EO 9054. Amended by EO 9919,Office terminated by EO 10065
9730,6,False,&nbsp;,Amended EO 9630
9731,6,False,&nbsp;,Revoked by EO 12553
9732,6,False,Amended EO 7756,Superseded by EO 10752
9733,6,False,&nbsp;,Revoked by EO 9830
9734,6,False,Amended by EO 9857B,Temporary
9735,6,False,&nbsp;,Executed and obsolete
9736,6,False,&nbsp;,"Authority terminated by act of June 29, 1946 (60 Stat. 341, 50 U.S.C. 

      App. 316 nt.)"
9737,6,False,Amended EO 9328,Terminated by EO 9801
9738,6,True,&nbsp;,Codified at Chapter  5
9739,6,False,&nbsp;,Revoked by EO 9834
9740,6,False,&nbsp;,Amended EO 1888
9741,6,False,Continued EO 6783,Superseded by EO 11342
9742,6,False,&nbsp;,Terminates Authority established by EO 9102
9743,6,False,&nbsp;,Revoked by EO 9805
9744,6,False,&nbsp;,Terminates office established by EO 9674
9745,6,False,&nbsp;,Office terminated by EO 9809
9746,6,False,"Amended by EO's 10101, 10595",Superseded by EO 11305
9747,6,True,&nbsp;,"Codified at Chapter 

      28"
9748,6,False,&nbsp;,Revoked by EO 12553
9749,6,False,&nbsp;,Revoked by EO 12553
9750,7,False,&nbsp;,"Authority repealed by act of Oct. 21, 1949 (63 Stat. 973)"
9751,7,False,"Supplemented by EO's 9823, 9863, 9887, 9911, 9972, 10025. Amended by EO's 

      10083, 10864","See note at EO 

      9698  Chapter 

      22, subchapter C"
9752,7,False,&nbsp;,Public lands
9753,7,False,&nbsp;,Executed and obsolete
9754,7,False,&nbsp;,Executed and obsolete
9755,7,False,&nbsp;,Executed and obsolete
9756,7,False,&nbsp;,Executed and obsolete
9757,7,False,&nbsp;,Executed and obsolete
9758,7,False,&nbsp;,"Authority terminated pursuant to act of June 25, 1943 (57 Stat. 163, 50 

      U.S.C. App. 1501-1511 nt.)"
9759,7,False,&nbsp;,Executed and obsolete
9760,7,False,"Amended EO's 8389, 9095. Amended by EO 9788","Nullified by act of Aug. 26, 1954, (68 Stat. 804); act of Aug. 31, 1954, 

      (68 Stat. 1050); treaty of Sept. 8, 1951, 3 UST 3169, TIAS 2490, 136 UNTS 

      545"
9761,7,True,Amended by EO 9796,"Codified at Chapter 

      32, Subchapter A"
9762,7,False,"Amended EO's 9250, 9699, 9705. Amended by EO 9809",Board terminated by EO 9801
9763,7,False,&nbsp;,Revoked by EO 12553
9764,7,False,&nbsp;,Executed and obsolete
9765,7,False,&nbsp;,Temporary
9766,7,False,&nbsp;,"Authority repealed by Pub. L. 89-554 (80 Stat. 651, 50 U.S.C. App. 601-605 

      nt.)"
9767,7,False,&nbsp;,Revoked by EO 10697
9768,7,False,Amended by EO 9903,"Authority repealed by Pub. L. 89-554 (80 Stat. 651, 50 U.S.C. App. 601 

      nt.)"
9769,7,False,&nbsp;,Superseded by EO 10017
9770,7,False,&nbsp;,Revoked by EO 12553
9771,7,False,&nbsp;,Public lands
9772,7,False,&nbsp;,"Authority repealed by act of May 5, 1950 (64 Stat. 147)"
9773,7,False,&nbsp;,Revokes EO 9001A
9774,7,False,Amended EO 8533,Executed and obsolete
9775,7,False,&nbsp;,Revoked by EO 10715
9776,7,True,&nbsp;,"Codified at Chapter 

      36"
9777,7,False,&nbsp;,Temporary
9778,7,False,Amended by EO 10177,Revoked by EO 11012
9779,7,False,&nbsp;,Temporary
9780,7,False,&nbsp;,Executed and obsolete
9781,7,False,"Amended by EO's 9990, 10360, 10438",Superseded by EO 10655
9782,7,False,&nbsp;,Revoked by EO 12553
9783,7,False,&nbsp;,Revokes EO 7744
9784,7,False,&nbsp;,Revoked by EO 10561
9785,7,False,Amended EO 9744B,Superseded by EO 9984
9786,7,False,&nbsp;,Temporary
9787,7,False,Amended EO 7747,Action discontinued by EO 9894
9788,7,True,&nbsp;,"Codified at Chapter 

      28"
9789,7,False,Amended EO 9142,Superseded by EO 9818
9790,7,False,&nbsp;,Amends EO 7926
9791,7,False,Amended by EO 9809,Office terminated by EO 9841
9792,7,False,Amended EO 9492,"Superseded by FR Doc. 47-10437, Nov. 18, 1947, 12 FR 7941"
9793,7,False,&nbsp;,Revoked by EO 12553
9794,7,True,&nbsp;,"Codified at Chapter 

      43"
9795,7,False,&nbsp;,Public lands
9796,7,False,&nbsp;,Amends EO 9761
9797,7,False,&nbsp;,"Authority repealed by Pub. L. 89-554 (80 Stat. 651, 50 U.S.C. App. 601-605 

      nt.)"
9798,7,False,&nbsp;,Revoked by EO 12553
9799,7,False,&nbsp;,Revoked by EO 12292
9800,7,False,&nbsp;,Executed and obsolete
9801,7,False,&nbsp;,"Terminates EO's 9250, 9328, 9354, 9381, 9534, 9620, 9697, 9699, 9762"
9802,7,False,Amended EO 9491,"Authority repealed by act of Aug. 16, 1954 (68A Stat. 933)"
9803,7,False,&nbsp;,Revoked by EO 12553
9804,7,False,&nbsp;,"Nullified by Pub. L. 97-468 (96 Stat. 2556, 45 U.S.C. 1201)"
9805,7,False,"Amended by EO's 9933, 9997, 10069, 10196, 10274, 10381, 10507, 10530",Revoked by EO 11012
9806,7,False,&nbsp;,Temporary
9807,7,True,&nbsp;,Codified at Chapter  5
9808,7,False,&nbsp;,Executed and obsolete
9809,7,False,"Amended EO's 9182, 9568, 9604, 9608, 9762, 9791",Office terminated by EO 9841
9810,7,False,&nbsp;,Temporary
9811,7,False,&nbsp;,"Authority maintained at departmental level (see EO 

      10250)"
9812,7,False,&nbsp;,Executed and obsolete
9813,7,False,&nbsp;,Temporary
9814,7,False,&nbsp;,Temporary
9815,7,False,Amended EO 9691,Revoked by EO 9830
9816,7,True,"Amended by EO's 10657, 11105","Codified at Chapter 

      10"
9817,7,False,&nbsp;,"Authority repealed by act of Sept. 1, 1954 (68 Stat. 1114)"
9818,7,False,Amended EO 9142,Administration terminated by EO 10254
9819,7,False,&nbsp;,Executed and obsolete
9820,7,False,&nbsp;,"Authority repealed by act of June 30, 1946 (61 Stat. 193, 50 U.S.C. App. 

      1821 nt.)"
9821,7,False,Amended EO 9070,"Authority repealed by Pub. L. 89-554 (80 Stat. 651, 50 U.S.C. App. 601-605 

      nt.)"
9822,7,False,&nbsp;,Executed and obsolete
9823,7,False,"Supplemented by EO's 9863, 9887, 9911, 9972, 10025. Amended by EO 10083","See note at EO 

      9698  Chapter 

      22, subchapter C"
9824,7,False,&nbsp;,Amends EO 9154
9825,7,False,Amended EO 9386,Superseded by EO 9871
9826,7,False,&nbsp;,Executed and obsolete
9827,7,False,&nbsp;,Temporary
9828,7,False,&nbsp;,"Authority repealed by act of June 30, 1946 (61 Stat. 193, 50 U.S.C. App. 

      1821 nt.)"
9829,7,False,&nbsp;,"Authority repealed by act of June 30, 1946 (61 Stat. 193, 50 U.S.C. App. 

      1821 nt.)"
9830,7,True,"Amended by EO's 9961, 9973, 10440, 10577, 12107, 12608",Codified at Chapter  5
9831,7,False,&nbsp;,"Revokes EO's 8546, 8960, 8964, 9089, 9183"
9832,7,False,&nbsp;,Revoked by EO 10004
9833,7,False,&nbsp;,Executed and obsolete
9834,7,False,&nbsp;,Executed and obsolete
9835,7,False,Amended by EO 10241,Revoked by EO 10450
9836,7,False,&nbsp;,"Authorities repealed by act of June 30, 1949 (63 Stat. 404), and Pub. 

      L. 89-554 (80 Stat. 651)"
9837,7,False,&nbsp;,Revoked by EO 12292
9838,7,False,&nbsp;,Revoked by EO 12553
9839,7,False,&nbsp;,"Authority repealed by Pub. L. 89-554 (80 Stat. 651, 50 U.S.C. App. 601-605 

      nt.)"
9840,7,False,Amended EO 9492,"Superseded by FR Doc. 47-10437, Nov. 18, 1947 (12 FR 7941)"
9841,7,False,&nbsp;,Terminates office established by EO 9809
9842,7,False,&nbsp;,"Authority repealed by Pub. L. 89-554 (80 Stat. 651, 50 U.S.C. App. 601-605 

      nt.)"
9843,7,False,&nbsp;,"Authority expired pursuant to act of July 16, 1946 (60 Stat. 539, 50 U.S.C. 

      App. 1871, 1872 nt.)"
9844,7,False,&nbsp;,Superseded by EO 10108
9845,7,False,Amended EO 9,Revoked by EO 11408
9846,7,False,Amended EO 9195,"Authority repealed by act of Aug. 10, 1956 (70A Stat. 666)"
9847,7,False,&nbsp;,Revokes EO 9332
9848,7,True,&nbsp;,"Codified at Chapter 

      46"
9849,7,False,&nbsp;,Temporary
9850,7,False,Amended EO 9460,"Authority repealed by act of Oct. 12, 1949 (63 Stat. 839)"
9851,7,False,&nbsp;,Public lands
9852,7,False,&nbsp;,Temporary
9853,7,False,&nbsp;,"Nullified by Pub. L. 87-649 (76 Stat. 473, 37 U.S.C. 405)"
9854,7,False,&nbsp;,Public lands
9855,7,False,&nbsp;,Revoked by EO 12553
9856,7,False,&nbsp;,Executed and obsolete
9857,7,False,&nbsp;,Revoked by EO 10338
9858,7,False,&nbsp;,Temporary
9859,7,False,&nbsp;,Revokes EO 9196
9860,7,False,&nbsp;,Modifies EO 3358
9861,7,False,&nbsp;,"Modifies EO's 2323, 2335"
9862,7,False,&nbsp;,Revoked by EO 10338
9863,7,False,"Supplemented by EO's 9887, 9911, 9972, 10025","See note at EO 

      9698  Chapter 

      22, subchapter C"
9864,7,False,Amended by EO 9960,Revoked by EO 10338
9865,7,True,Amended by EO 10096,"Codified at Chapter 

      37"
9866,7,False,&nbsp;,Superseded by EO 10156
9867,7,False,Amended EO 9492,"Superseded by FR Doc. 47-10437, Nov. 18, 1947 (12 FR 7941)"
9868,7,False,&nbsp;,Temporary
9869,7,False,Amended EO 9744B,Superseded by EO 9984
9870,7,False,Amended by EO 9982,Revoked by EO 10011
9871,7,False,"Amended by EO's 9976, 10061","Authority repealed by act of Oct. 12, 1949 (63 Stat. 839)"
9872,7,False,&nbsp;,Amends EO 7658
9873,7,True,&nbsp;,"Codified at Chapter 

      36"
9874,7,False,&nbsp;,Revoked by EO 12553
9875,7,False,&nbsp;,Revoked by EO 10265
9876,7,False,&nbsp;,Administration terminated by EO 10254
9877,7,False,&nbsp;,Revoked by EO 9950
9878,7,False,&nbsp;,Revoked by EO 12553
9879,7,False,&nbsp;,Executed and obsolete
9880,7,False,&nbsp;,Revoked by EO 12553
9881,7,False,&nbsp;,Amends EO 8682
9882,7,False,&nbsp;,Temporary
9883,7,False,&nbsp;,Revokes EO 9172
9884,7,False,&nbsp;,Public lands
9885,7,False,&nbsp;,Superseded by EO 10148
9886,7,False,Amended EO 9492,"Superseded by FR Doc. 47-10437, Nov. 18, 1947 (12 FR 7941)"
9887,7,False,"Supplemented by EO's 9911, 9972, 10025",Revoked by EO 10832
9888,7,False,&nbsp;,Executed and obsolete
9889,7,False,&nbsp;,Temporary
9890,7,False,Amended EO 6783,Superseded by EO 11342
9891,7,False,&nbsp;,Revoked by EO 12553
9892,7,True,&nbsp;,"Codified at Chapter 

      36"
9893,7,False,&nbsp;,Temporary
9894,7,False,&nbsp;,Discontinues action of EO 7747
9895,7,False,&nbsp;,Executed and obsolete
9896,7,False,&nbsp;,Temporary
9897,7,False,Amended EO 9655,Revoked by EO 9993
9898,7,False,"Amended by EO 9926. Extended by EO's 9974, 10064, 10135",Superseded by EO 10251
9899,7,False,&nbsp;,Revoked by EO 12553
9900,7,False,&nbsp;,Revoked by EO 12553
9901,7,False,"Amended EO's 7057, 7180, 7689","Administration terminated by act of Aug. 15, 1953 (67 Stat. 584)"
9902,7,True,&nbsp;,"Codified at Chapter 

      32, Subchapter A"
9903,7,False,"Amended EO's 9177, 9768, 9495","Authority repealed by Pub. L. 89-554 (80 Stat. 651, 50 U.S.C. App. 601 

      nt.)"
9904,7,False,Amended EO 9635,Revoked by EO 10123
9905,7,False,Amended by EO 9931,"Board abolished by Reorg. Plan No. 3 of 1953 (18 FR 3375, 3 CFR, 1949-1953 

      Comp.5)"
9906,7,False,&nbsp;,Revokes EO 7165
9907,7,False,&nbsp;,Temporary
9908,7,False,&nbsp;,Revoked by EO 10596
9909,7,False,&nbsp;,"Authority repealed by act of July 3, 1950 (64 Stat. 320, 48 U.S.C. 793b 

      nt.)"
9910,7,False,&nbsp;,Revoked by EO 12553
9911,7,False,"Supplemented by EO's 9972, 10025","See note at EO 

      9698  Chapter 

      22, subchapter C"
9912,7,False,&nbsp;,Revoked by EO 10807
9913,7,False,&nbsp;,Supersedes EO 8807. Amends EO 9389
9914,7,False,Amended by EO 9960,Revoked by EO 10338
9915,7,False,"Modified EO's 9280, 9322, 9334, 9577",Temporary
9916,7,False,Amended EO 6868,"Nullified by Pub. L. 93-198 (87 Stat. 779, 40 U.S.C. 71a)"
9917,7,False,&nbsp;,Temporary
9918,7,False,&nbsp;,Revoked by EO 12553
9919,7,True,Amended by EO 10945,"Codified at Chapter 

      15"
9920,7,False,&nbsp;,"Authority maintained at departmental level (see EO 

      10250)"
9921,7,False,&nbsp;,Administration terminated by EO 10254
9922,7,False,&nbsp;,Revoked by EO 12553
9923,7,False,&nbsp;,Revoked by EO 12553
9924,7,False,&nbsp;,Executed and obsolete
9925,7,False,&nbsp;,Superseded by EO 10127
9926,7,False,Amended EO 9898,Superseded by EO 10251
9927,7,False,&nbsp;,Public lands
9928,7,False,&nbsp;,Temporary
9929,7,False,&nbsp;,Revoked by EO 12553
9930,7,False,&nbsp;,"Nullified by Pub. L. 90-620 (82 Stat. 1277, 44 U.S.C. 1510)"
9931,7,False,Amended EO 9905,"Board abolished by Reorg. Plan No. 3 of 1953 (18 FR 3375, 3 CFR, 1949-1953 

      Comp.5)"
9932,7,False,Amended by EO 12107,Revoked by EO 12292
9933,7,False,Amended EO 9805,Revoked by EO 11012
9934,7,False,&nbsp;,Executed and obsolete
9935,7,False,&nbsp;,Executed and obsolete
9936,7,False,&nbsp;,Revoked by EO 12553
9937,7,False,&nbsp;,Executed and obsolete
9938,7,False,&nbsp;,Revokes EO 9544
9939,7,False,&nbsp;,Executed and obsolete
9940,7,False,&nbsp;,Revoked by EO 12553
9941,7,False,&nbsp;,Superseded by EO 10897
9942,7,False,Amended by EO 10539,Revoked by EO 12553
9943,7,False,&nbsp;,Superseded by EO 10387
9944,7,False,&nbsp;,Revoked by EO 10338
9945,7,False,&nbsp;,Amends EO 9154
9946,7,False,&nbsp;,"Authority repealed by Pub. L. 89-554 (80 Stat. 653, 50 U.S.C. App. 601-605 

      nt.)"
9947,7,False,&nbsp;,Revoked by EO 12553
9948,7,False,&nbsp;,Revoked by EO 12553
9949,7,False,Modified EO 9721. Amended by EO 10415,Revoked by EO 12553
9950,7,False,&nbsp;,Revokes EO 9877
9951,7,False,&nbsp;,Public lands
9952,7,False,Amended by EO 9994,Temporary
9953,7,False,&nbsp;,Superseded by EO 10626
9954,7,False,&nbsp;,Executed and obsolete
9955,7,False,&nbsp;,Revoked by EO 9993
9956,7,False,&nbsp;,Executed and obsolete
9957,7,False,&nbsp;,"Terminated by FR Doc. 48-6339, July 9, 1948 (13 FR 3975)"
9958,7,False,&nbsp;,Superseded by EO 9965
9959,7,False,&nbsp;,Executed and obsolete
9960,7,False,"Amended EO's 9864, 9914",Revoked by EO 10338
9961,7,False,ended by EO 12107,Amends EO 9830
9962,7,False,&nbsp;,Revoked by EO 10000
9963,7,False,&nbsp;,Executed and obsolete
9964,7,False,&nbsp;,Executed and obsolete
9965,7,False,&nbsp;,Revoked by EO 12553
9966,7,False,&nbsp;,Executed and obsolete
9967,7,False,&nbsp;,Superseded by EO 10481
9968,7,False,&nbsp;,Superseded by EO 10513
9969,7,False,&nbsp;,Temporary
9970,7,False,&nbsp;,Executed and obsolete
9971,7,False,&nbsp;,Revoked by EO 12553
9972,7,False,Supplemented by EO 10025,"See note at EO 

      9698  Chapter 

      22, subchapter C"
9973,7,False,Amended EO 9830,Revoked by EO 10577
9974,7,False,Extended 9898,Superseded by EO 10251
9975,7,False,Amended by EO 10070,Revoked by EO 10810
9976,7,False,Amended EO 9871,"Authority repealed by act of Oct. 12, 1949 (63 Stat. 839)"
9977,7,False,&nbsp;,"Authority maintained at agency level (see EO 

      10250)"
9978,7,False,&nbsp;,"Authority maintained at agency level (see EO 

      10250)"
9979,7,True,"Amended by EO's 9992, 10001, 10008, 10116, 10167, 10202, 10232, 10292, 

      10363, 10594, 10659, 11360, 11555, 12608","Codified at Chapter 

      32, Subchapter A"
9980,7,False,&nbsp;,Superseded by EO 10590
9981,7,False,&nbsp;,Revoked by EO 11051
9982,7,False,Amended EO 9870,Revoked by EO 10011
9983,7,False,&nbsp;,Executed and obsolete
9984,7,False,Amended by EO 10023,Temporary
9985,7,False,&nbsp;,Executed and obsolete
9986,7,False,&nbsp;,Superseded by EO 10743
9987,7,False,&nbsp;,Executed and obsolete
9988,7,False,"Amended by EO's 9992, 10001, 10008, 10116, 10202, 10230, 10232, 10258, 

      10292, 10344, 10363, 10366, 10420, 10594, 10659, 10714, 10809, 10984, 11188, 

      11350, 11360",Revoked by EO 12553
9989,7,False,Continued by EO 10348,Superseded by EO 11281
9990,7,False,Amended EO 9781,Superseded by EO 10360
9991,7,False,&nbsp;,Revoked by EO 12553
9992,7,False,"Amended EO's 9979, 9988. Amended by EO's 10008, 10202, 10232, 10292",Revoked by EO 12553
9993,7,False,"Amended by EO's 10031, 10280, 10354, 10497, 10506",Revoked by EO 11140
9994,7,False,Amended EO 9952,Temporary
9995,7,False,&nbsp;,Public lands
9996,7,False,&nbsp;,Revoked by EO 12553
9997,7,False,Amended EO 9805,Revoked by EO 11012
9998,7,False,&nbsp;,Authority repealed by Pub. L. 96-465 (94 Stat. 2159)
9999,7,False,Amended by EO 10040,Executed and obsolete
10000,8,True,"Amended by EO's 10261, 10623, 10636, 10903, 11938, 12070, 12107, 12510",Codified at Chapter  5
10001,8,False,"Amended EO's 9979, 9988. Amended by EO's 10008, 10116, 10202, 10258, 10292, 

      10363, 10420, 10594, 10659, 10714, 10735, 10809, 10984, 11098, 11350, 11360, 

      11497, 11527, 11537, 11553, 11563, 11586, 11606",Revoked by EO 12553
10002,8,False,&nbsp;,Executed and obsolete
10003,8,False,&nbsp;,Superseded by EO 10131
10004,8,False,&nbsp;,Superseded by EO 10082
10005,8,False,&nbsp;,Commission inactive since March 1953
10006,8,False,&nbsp;,Superseded by EO 11030
10007,8,True,&nbsp;,"Codified at Chapter 

      32, Subchapter A"
10008,8,False,"Amended EO's 9979, 9988, 9992, 10001. Amended by EO's 10116, 10232, 10292, 

      10363, 10420, 10659, 10984, 11098, 11350, 11360, 11553, 11586",Revoked by EO 12553
10009,8,False,"Amended EO's 589, 1712","Authority repealed by act of June 27, 1952 (66 Stat. 279)"
10010,8,False,Amended by 10015,Revoked by EO 12553
10011,8,False,"Amended by EO's 10085, 10187, 10313, 10391, 10503, 10623, 10853",Revoked by EO 10903
10012,8,False,&nbsp;,"Authority repealed by act of Oct. 28, 1949 (63 Stat. 973)"
10013,8,False,Amended by EO 10043,"Committee terminated Feb. 28, 1951"
10014,8,False,&nbsp;,Superseded by EO 11258
10015,8,False,Amended EO 10010,Revoked by EO 12553
10016,8,False,&nbsp;,Revoked by EO 11884
10017,8,False,&nbsp;,Superseded by EO 10337
10018,8,False,&nbsp;,Public lands
10019,8,False,&nbsp;,Temporary
10020,8,False,&nbsp;,Nullified by EO 10214
10021,8,False,&nbsp;,Executed and obsolete
10022,8,False,&nbsp;,Public lands
10023,8,False,Amended EO 9984,Temporary
10024,8,False,&nbsp;,Public lands
10025,8,False,Amended by EO 10983,"See note at EO 

      9698  Chapter 

      22, subchapter C"
10026,8,False,&nbsp;,Nullified by EO 10214
10027,8,False,&nbsp;,"Authority maintained at departmental level (see EO 

      10250)"
10028,8,True,&nbsp;,"Codified at Chapter 

      32, Subchapter B"
10029,8,False,&nbsp;,Revoked by EO 12553
10030,8,False,&nbsp;,Superseded by EO 11485
10031,8,False,Amended EO 9993. Amended by EO 10497,Revoked by EO 11140
10032,8,False,&nbsp;,Revoked by EO 12553
10033,8,True,"Amended by EO's 11269, 12013, 12318","Codified at Chapter 

      34"
10034,8,False,&nbsp;,Temporary
10035,8,False,&nbsp;,Temporary
10036,8,False,&nbsp;,Public lands
10037,8,False,&nbsp;,Revoked by EO 12553
10038,8,False,&nbsp;,Revoked by EO 12553
10039,8,False,&nbsp;,Executed and obsolete
10040,8,False,Amended EO 9999,Executed and obsolete
10041,8,False,&nbsp;,Public lands
10042,8,False,&nbsp;,"Authority maintained at departmental level (see EO 

      10289)"
10043,8,False,Amended EO 10013,"Committee terminated Feb. 28, 1951"
10044,8,False,Amended EO 9,Revoked by EO 11408
10045,8,False,&nbsp;,Revoked by EO 12553
10046,8,False,"Amended by EO's 10175, 10322, 10844",Public lands
10047,8,False,&nbsp;,Public lands
10048,8,False,&nbsp;,Revoked by EO 12553
10049,8,False,&nbsp;,Superseded by EO 10113
10050,8,False,&nbsp;,Revoked by EO 12553
10051,8,False,&nbsp;,Revoked by EO 12553
10052,8,False,&nbsp;,Public lands
10053,8,False,&nbsp;,"Authority repealed by Pub. L. 87-649 (76 Stat. 451, 37 U.S.C. 101)"
10054,8,False,Modified EO 9721,Revoked by EO 12553
10055,8,False,Amended EO 9,Revoked by EO 11408
10056,8,False,&nbsp;,Revoked by EO 12553
10057,8,True,Amended by EO 10087,"Codified at Chapter 

      36"
10058,8,False,&nbsp;,Public lands
10059,8,False,Amended EO 9195,"Authority repealed by act of Oct. 12, 1949 (63 Stat. 839)"
10060,8,False,&nbsp;,Public lands
10061,8,False,Amended EO 9871,"Authority repealed by act of Oct. 12, 1949 (63 Stat. 839)"
10062,8,False,Amended by EO 10144,Revoked by EO 10608
10063,8,False,&nbsp;,Superseded by EO 10380
10064,8,False,Extended EO 9898,Superseded by EO 10251
10065,8,False,&nbsp;,Terminates office established by EO 8989
10066,8,False,&nbsp;,Public lands
10067,8,False,&nbsp;,Revoked by EO 12553
10068,8,False,&nbsp;,Revokes EO 2458
10069,8,False,Amended EO 9805,Revoked by EO 11012
10070,8,False,Amended EO 9975,Revoked by EO 10810
10071,8,False,&nbsp;,Revoked by EO 12553
10072,8,False,Amended by EO 10917,Revoked by EO 11073
10073,8,False,&nbsp;,Temporary
10074,8,False,&nbsp;,"Authority maintained at departmental level (see EO 

      10250)"
10075,8,False,&nbsp;,Public lands
10076,8,False,&nbsp;,Executed and obsolete
10077,8,True,Amended by EO 10137,"Codified at Chapter 

      43"
10078,8,False,&nbsp;,Revoked by EO 12553
10079,8,False,&nbsp;,"Nullified by Pub. L. 93-435 (88 Stat. 1210, 48 U.S.C. 1545)"
10080,8,False,&nbsp;,Revoked by EO 12553
10081,8,False,&nbsp;,Temporary
10082,8,False,"Amended by EO's 10170, 10741",Revoked by EO 11075
10083,8,False,&nbsp;,"Amends EO's 9698, 9751, 9823"
10084,8,False,"Amended by EO's 10098, 10118, 10136, 10158, 10174",Temporary
10085,8,False,Amended EO 10011,Revoked by EO 10903
10086,8,False,&nbsp;,"See note at EO 

      9698  Chapter 

      22, subchapter C"
10087,8,False,&nbsp;,Amends EO 10057
10088,8,False,&nbsp;,"Authority maintained at departmental level (see EO 

      10289)"
10089,8,False,&nbsp;,Executed and obsolete
10090,8,False,&nbsp;,Executed and obsolete
10091,8,False,&nbsp;,"Authority maintained at departmental level (see EO 

      10250)"
10092,8,False,&nbsp;,"Authority maintained at departmental level (see Pub. L. 85-726 (72 Stat. 

      749, 49 U.S.C. 1348))"
10093,8,False,&nbsp;,Revokes EO 9512
10094,8,False,&nbsp;,Temporary
10095,8,False,&nbsp;,Executed and obsolete
10096,8,True,"Amended by EO's 10695, 10930","Codified at Chapter 

      37"
10097,8,False,&nbsp;,Temporary
10098,8,False,Amended EO 10084,Temporary
10099,8,False,&nbsp;,Revoked by EO 10300
10100,8,False,&nbsp;,Revoked by EO 10903
10101,8,False,Amended EO 9746,Superseded by EO 10595
10102,8,False,&nbsp;,"Authority repealed by Pub. L. 87-845 (76A Stat. 701, 702)"
10103,8,False,"Modified EO 9721. Amended by EO's 10804, 11138, 11303",Revoked by EO 12553
10104,8,True,&nbsp;,"Codified at Chapter 

      32, Subchapter C"
10105,8,False,&nbsp;,Revoked by EO 12553
10106,8,False,&nbsp;,Revoked by EO 12553
10107,8,False,&nbsp;,Revokes EO 8232
10108,8,True,&nbsp;,"Codified at Chapter 

      22, Subchapter A"
10109,8,False,&nbsp;,Revoked by EO 12553
10110,8,False,&nbsp;,Temporary
10111,8,True,&nbsp;,"Codified at Chapter 

      32, Subchapter C"
10112,8,False,&nbsp;,Revoked by EO 12553
10113,8,True,&nbsp;,"Codified at Chapter 

      32, Subchapter B"
10114,8,False,&nbsp;,Revoked by EO 12553
10115,8,False,&nbsp;,Public lands
10116,8,False,"Amended EO's 9979, 9988, 9992, 10001, 10008. Amended by EO's 10202, 10258, 

      10292, 10659, 10714, 10984, 11350",Revoked by EO 12553
10117,8,False,&nbsp;,Revoked by EO 12553
10118,8,False,Amended EO 10084,Temporary
10119,8,False,Amended by EO 10605,Revoked by EO 11157
10120,8,False,&nbsp;,Revoked by EO 12553
10121,8,False,&nbsp;,Public lands
10122,8,True,"Amended by EO's 10400, 11733","Codified at Chapter 

      32, Subchapter B"
10123,8,False,&nbsp;,"Revokes EO's 9635, 9904"
10124,8,False,&nbsp;,Temporary
10125,8,False,&nbsp;,Revoked by EO 12553
10126,8,False,&nbsp;,Superseded by 31 FR 13422
10127,8,False,Amended by EO 10751. Modified by EO 12038,"Revoked by FR Doc. 61-9007, Sept. 15, 1961 (26 FR 8883)"
10128,8,False,Amended EO 6868,"Nullified by Pub. L. 93-198 (87 Stat. 779, 40 U.S.C. 71a)"
10129,8,False,"Amended by EO's 10192, 10236",Temporary
10130,8,False,&nbsp;,Revoked by EO 12553
10131,8,False,&nbsp;,"Authority repealed by Pub. L. 89-554 (80 Stat. 654, 50 U.S.C. App. 1957 

      nt.)"
10132,8,False,Amended by EO 10279,Executed and obsolete
10133,8,False,&nbsp;,"See note at EO 

      9698  Chapter 

      22, subchapter C"
10134,8,False,Continued EO 6783,Superseded by EO 11342
10135,8,False,Extended EO 9898,Superseded by EO 10251
10136,8,False,Amended EO 10084,Temporary
10137,8,False,&nbsp;,Amends EO 10077
10138,8,False,&nbsp;,Revoked by EO 12553
10139,8,False,&nbsp;,Revoked by EO 12553
10140,8,False,&nbsp;,Revoked by EO 12553
10141,8,False,&nbsp;,"Authority repealed by act of Aug. 10, 1956 (70A Stat. 660)"
10142,8,False,&nbsp;,Revoked by EO 12553
10143,8,False,&nbsp;,Executed and obsolete
10144,8,False,Amended EO 10062,Revoked by EO 10608
10145,8,False,&nbsp;,Temporary
10146,8,False,&nbsp;,Temporary
10147,8,False,&nbsp;,Revoked by EO 12553
10148,8,False,&nbsp;,Superseded by EO 11388
10149,8,False,&nbsp;,"Authority repealed by act of May 5, 1950 (64 Stat. 147)"
10150,8,False,&nbsp;,Revoked by EO 12553
10151,8,False,&nbsp;,Executed and obsolete
10152,8,False,"Amended by EO's 10618, 10681, 10739, 10892, 11120",Revoked by EO 11157
10153,8,True,"Amended by EO's 10649, 12683","Codified at Chapter 

      32, Subchapter B"
10154,8,False,"Amended by EO's 10558, 10686",Superseded by EO 11313
10155,8,False,&nbsp;,"Authority repealed by act of Aug. 10, 1956 (70A Stat. 660)"
10156,8,False,&nbsp;,Superseded by EO 10753
10157,8,False,&nbsp;,Revoked by EO 12553
10158,8,False,Amended EO 10084,Temporary
10159,8,False,"Amended by EO's 10300, 10476, 10803","Authority repealed by Pub. L. 665, ch. 937 (68 Stat. 832, 22 U.S.C. 1557-1557k 

      nt.)"
10160,8,False,&nbsp;,Revoked by EO 10662
10161,8,False,"Amended by EO's 10200, 10233, 10281, 10301, 10323, 10324, 10359, 10373, 

      10377, 10390, 10433",Revoked by EO 10480
10162,8,False,&nbsp;,Executed and obsolete
10163,8,True,Amended by EO 10439,"Codified at Chapter 

      32, Subchapter B"
10164,8,False,&nbsp;,Temporary
10165,8,False,&nbsp;,Revoked by EO 12553
10166,8,False,Amended by EO 10185,Revoked by EO 11415
10167,8,False,"Amended EO 9979. Amended by EO's 10292, 10420, 10714, 10735",Revoked by EO 12553
10168,8,False,"Amended by EO's 10821, 10989, 11120",Revoked by EO 11157
10169,8,False,&nbsp;,Revoked by EO 10480
10170,8,False,Amended EO 10082,Revoked by EO 11075
10171,8,False,&nbsp;,"Nullified by treaty on July 27, 1955, TIAS 3298, 6 UST 2369"
10172,8,False,&nbsp;,Revoked by EO 10200
10173,8,False,&nbsp;,Codified at 33 CFR Pt. 6
10174,8,False,Amended EO 10084,Temporary
10175,8,False,&nbsp;,"Amends EO's 7908, 8531, 10046"
10176,8,False,&nbsp;,Executed and obsolete
10177,8,False,Amended EO 9778,Revoked by EO 11012
10178,8,False,&nbsp;,Public lands
10179,8,True,Amended by EO 10429,"Codified at Chapter 

      32, Subchapter B"
10180,8,False,&nbsp;,Revoked by EO 10577
10181,8,False,&nbsp;,Executed and obsolete
10182,8,False,"Amended by EO's 10205, 10480",Revoked by EO 10647
10183,8,False,&nbsp;,"Nullified by FR Doc. 52-7057, June 23, 1952 (17 FR 5776)"
10184,8,False,&nbsp;,Modifies Proc. 503
10185,8,False,Amended EO 10166,Revoked by EO 11415
10186,8,False,&nbsp;,"Nullified by Reorg. Plan No. 1 of 1958 (23 FR 4991, 3 CFR, 1954-1958 Comp.)"
10187,8,False,Amended EO 10011,Revoked by EO 10903
10188,8,False,&nbsp;,Temporary
10189,8,False,&nbsp;,Amends EO 4601. Supersedes EO 9615
10190,8,False,&nbsp;,Executed and obsolete
10191,8,False,&nbsp;,"Authority maintained at departmental level (see EO 

      10250)"
10192,8,False,Amended EO 10129,Temporary
10193,8,False,&nbsp;,Revoked by EO 10480
10194,8,False,&nbsp;,Revoked by EO 10990
10195,8,False,&nbsp;,"See note at EO 

      10585  Chapter 

      26"
10196,8,False,Amended EO 9805,Revoked by EO 11012
10197,8,False,&nbsp;,"Authority repealed by Pub. L. 85-726 (72 Stat. 806, 49 U.S.C. App. 701 

      nt.)"
10198,8,False,&nbsp;,Temporary
10199,8,False,&nbsp;,"Authority repealed by act of Oct. 31, 1951 (65 Stat. 729, 3 U.S.C. note 

      prec. 301)"
10200,8,False,"Amended EO 10161. Amended by EO's 10281, 10433",Revoked by EO 10480
10201,8,False,&nbsp;,"Nullified by FR Doc. 52-9842, Sept. 4, 1952 (17 FR 8128)"
10202,8,False,"Amended EO's 9979, 9988, 9992, 10001, 10116. Amended by EO's 10292, 10363, 

      10420, 10659, 10809, 10984, 11098, 11350, 11360, 11497, 11527, 11537, 11563, 

      11586",Revoked by EO 12553
10203,8,False,&nbsp;,Revoked by EO 12553
10204,8,False,"Amended by EO's 11120, 11146",Revoked by EO 11157
10205,8,False,Amended EO 10182. Amended by EO 10480,Revoked by EO 10647
10206,8,True,&nbsp;,"Codified at Chapter 

      22, Subchapter A"
10207,8,False,&nbsp;,Revoked by EO 10305
10208,8,False,&nbsp;,Revoked by EO 10338
10209,8,False,Amended EO 8557,"Authority repealed by Pub. L. 89-554 (80 Stat. 650, 5 U.S.C. note prec. 

      101)"
10210,8,False,&nbsp;,"Authority repealed by Pub. L. 89-554 (80 Stat. 651, 50 U.S.C. App. 611 

      nt.)"
10211,8,True,&nbsp;,"Codified at Chapter 

      43"
10212,8,False,&nbsp;,Public lands
10213,8,False,&nbsp;,Public lands
10214,8,False,"Amended by EO's 10256, 10565, 10652, 11009, 11081",Nullified by EO 11430
10215,8,False,&nbsp;,Temporary
10216,8,False,&nbsp;,"Authority repealed by Pub. L. 89-554 (80 Stat. 651, 50 U.S.C. App. 611 

      nt.)"
10218,8,False,&nbsp;,Superseded by EO 10633
10219,8,False,"Amended by EO's 10480, 10537, 10773",Revoked by EO 11051
10220,8,False,&nbsp;,Executed and obsolete
10221,8,False,&nbsp;,Revoked by EO 10427
10222,8,True,&nbsp;,"Codified at Chapter 

      44"
10223,8,False,&nbsp;,"Revoked by EO's 10281, 10480"
10224,8,False,Amended by EO 10480,Revoked by EO 10773
10225,8,False,&nbsp;,Temporary
10226,8,False,&nbsp;,Codified at 35 CFR Pt. 19
10227,8,False,&nbsp;,"Authority repealed by Pub. L. 89-554 (80 Stat. 651, 50 U.S.C. App. 611 

      nt.)"
10228,8,False,&nbsp;,"See note at EO 

      9698  Chapter 

      22, subchapter C"
10229,8,False,&nbsp;,Temporary
10230,8,False,Amended EO 9988. Amended by EO 10292,Revoked by EO 12553
10231,8,False,&nbsp;,"Authority repealed by Pub. L. 89-554 (80 Stat. 651, 50 U.S.C. App. 611 

      nt.)"
10232,8,False,"Amended EO's 9979, 9988, 9992, 10008. Amended by EO's 10292, 10837",Revoked by EO 12553
10233,8,False,Amended EO 10161,Revoked by EO 10377
10234,8,False,&nbsp;,Public lands
10235,8,False,&nbsp;,Agency abolished by EO 10434
10236,8,False,Amended EO 10129,Temporary
10237,8,True,&nbsp;,"Codified at Chapter 

      35"
10238,8,False,&nbsp;,"Authority maintained at departmental level (see EO 

      10289)"
10239,8,False,&nbsp;,Temporary
10240,8,False,&nbsp;,"Authority repealed by Pub. L. 96-513 (94 Stat. 2887, 10 U.S.C. 3810 nt.)"
10241,8,False,Amended EO 9835,Revoked by EO 10450
10242,8,False,"Amended by EO's 10773, 11051, 12107",Revoked by EO 12148
10243,8,False,&nbsp;,"Authority repealed by Pub. L. 89-554 (80 Stat. 651, 50 U.S.C. App. 611 

      nt.)"
10244,8,True,&nbsp;,"Codified at Chapter 

      22, Subchapter A"
10245,8,False,&nbsp;,Executed and obsolete
10246,8,False,&nbsp;,Public lands
10247,8,False,&nbsp;,Actions terminated by EO 10628
10248,8,False,&nbsp;,Public lands
10249,8,False,&nbsp;,Revoked by EO 12292
10250,9,True,"Amended by EO's 10732, 10752","Codified at Chapter 

      43"
10251,9,False,Amended by EO 10416,"Authority repealed by Pub. L. 87-581 (76 Stat. 360, 41 U.S.C. 321 nt.)"
10252,9,False,&nbsp;,"Nullified by FR Doc. 52-11407, Oct. 8, 1952 (17 FR 9591)"
10253,9,True,"Amended by EO's 12013, 12318","Codified at Chapter 

      34"
10254,9,False,&nbsp;,Terminates Administration established by EO 9818
10255,9,False,&nbsp;,Temporary
10256,9,False,&nbsp;,Nullified by EO 11430
10257,9,False,Amended EO 7397,Superseded by EO 11654
10258,9,False,"Amended EO's 9988, 10001, 10116. Amended by EO's 10420, 10659",Revoked by EO 12553
10259,9,False,&nbsp;,Revoked by EO 10338
10260,9,False,"Amended by EO's 10773, 11051","Nullified by Pub. L. 84-870 (70 Stat. 786, 50 U.S.C. 1213)"
10261,9,False,Amended EO 10000,Revoked by EO 10903
10262,9,False,&nbsp;,"Terminated by Pub. L. 94-412 (90 Stat. 1255, 50 U.S.C. 1601)"
10263,9,True,&nbsp;,"Codified at Chapter 

      35"
10264,9,True,&nbsp;,"Codified at Chapter 

      43"
10265,9,False,Amended by EO 10408,Superseded by EO 11021
10266,9,False,Amended by EO 10365,Revoked by EO 10563
10267,9,False,&nbsp;,Public lands
10268,9,False,&nbsp;,Public lands
10269,9,False,&nbsp;,Revoked by EO 11051
10270,9,False,&nbsp;,Temporary
10271,9,True,&nbsp;,"Codified at Chapter 

      32, Subchapter B"
10272,9,False,&nbsp;,"Authority repealed by act of Oct. 31, 1951 (65 Stat. 729, 3 U.S.C. note 

      prec. 301)"
10273,9,False,&nbsp;,Temporary
10274,9,False,Amended EO 9805,Revoked by EO 11012
10276,9,False,"Amended by EO's 10293, 10475",Revoked by EO 10773
10277,9,False,&nbsp;,Codified at 33 CFR Pt. 6
10278,9,False,&nbsp;,Public lands
10279,9,False,Amended EO 10132,Executed and obsolete
10280,9,False,Amended EO 9993. Amended by EO 10497,Revoked by EO 11140
10281,9,False,"Amended EO's 10161, 10200",Revoked by EO 10480
10282,9,False,Amended by EO 10416,"Authority repealed by Pub. L. 87-581 (76 Stat. 360, 41 U.S.C. 321 nt.)"
10283,9,False,&nbsp;,Revoked by EO 12553
10284,9,False,&nbsp;,Superseded by EO 10339
10285,9,False,&nbsp;,Revoked by EO 12553
10286,9,False,&nbsp;,Revoked by EO 12553
10287,9,False,&nbsp;,Revokes EO 8034
10289,9,True,"Amended by EO's 10583, 10882, 11110, 11825, 12608",Codified at Chapter 31
10290,9,False,&nbsp;,Revoked by EO 10501
10291,9,False,&nbsp;,"Revoked by FR Doc. 63-3702, Apr. 4, 1963 (28 FR 3483)"
10292,9,False,"Amended EO's 9979, 9988, 9992, 10001, 10008, 10116, 10167, 10202, 10230, 

      10232. Amended by EO's 10344, 10363, 10366, 10420, 10469, 10505, 10562, 

      10594, 10659, 10714, 10735, 10809, 10837, 10984, 11098, 11188, 11266, 11350, 

      11360, 11497, 11527, 11553, 11563, 11569, 11586",Revoked by EO 12553
10293,9,False,Amended EO 10276,Revoked by EO 10773
10294,9,False,&nbsp;,"Nullified by Pub. L. 84-870 (70 Stat. 786, 50 U.S.C. 1213)"
10295,9,True,&nbsp;,"Codified at Chapter 

      32, Subchapter A"
10296,9,True,"Amended by EO's 10593, 10773, 11051, 12148",Codified at Chapter 24
10297,9,False,&nbsp;,Revoked by EO 10460
10298,9,False,&nbsp;,"Authority repealed by Pub. L. 89-554 (80 Stat. 651, 50 U.S.C. App. 611 

      nt.)"
10299,9,False,&nbsp;,"Nullified by Pub. L. 84-870 (70 Stat. 786, 50 U.S.C 1213)"
10300,9,False,"Amended by EO's 10368, 10458, 10476",Revoked by EO 12553
10301,9,False,Amended EO 10161,Revoked by EO 10377
10302,9,False,&nbsp;,Revoked by EO 11529
10303,9,False,&nbsp;,Revoked by EO 12553
10304,9,False,&nbsp;,Executed and obsolete
10305,9,False,&nbsp;,Revokes EO 10207
10306,9,False,&nbsp;,Revoked by EO 12553
10307,9,True,&nbsp;,"Codified at Chapter 

      22, Subchapter A"
10308,9,False,&nbsp;,Revoked by EO 10479
10309,9,False,Amended by EO 10603,Public lands
10310,9,False,&nbsp;,Temporary
10311,9,False,&nbsp;,Executed and obsolete
10312,9,False,"Amended by EO's 10438, 10773, 11051",Revoked by EO 11490
10313,9,False,Amended EO 10011,Revoked by EO 10903
10314,9,False,&nbsp;,Revoked by EO 12553
10315,9,False,&nbsp;,Temporary
10316,9,False,&nbsp;,Executed and obsolete
10317,9,False,&nbsp;,Temporary
10318,9,False,Amended by EO 10329,Executed and obsolete
10319,9,False,&nbsp;,Revoked by EO 12553
10320,9,False,&nbsp;,Temporary
10321,9,False,Amended by EO 10418,Executed and obsolete
10322,9,False,&nbsp;,Amends EO 10046
10323,9,False,&nbsp;,Revoked by EO 12553
10324,9,False,Amended EO 10161,Revoked by EO 10480
10325,9,True,&nbsp;,"Codified at Chapter 

      32, Subchapter B"
10326,9,False,&nbsp;,Executed and obsolete
10327,9,False,&nbsp;,Temporary
10328,9,False,"Amended by EO's 10420, 10837, 10984",Revoked by EO 12553
10329,9,False,Amended EO 10318,Executed and obsolete
10330,9,False,&nbsp;,Executed and obsolete
10331,9,False,&nbsp;,Executed and obsolete
10332,9,False,&nbsp;,Revoked by EO 10493
10333,9,False,&nbsp;,Temporary
10334,9,False,Amended by EO 10569,Temporary
10335,9,False,&nbsp;,"See note at EO 

      9698  Chapter 

      22, subchapter C"
10336,9,False,Amended by EO 11085,Amends EO 9586
10337,9,False,&nbsp;,Revoked by EO 10869
10338,9,False,&nbsp;,Superseded by EO 10476
10339,9,False,Amended by EO 10425,Temporary
10340,9,False,&nbsp;,"Nullified by FR Doc. 52-6448, June 6, 1952 (17 FR 5332)"
10341,9,False,Amended EO 8683,Revoked by EO 11045
10342,9,False,&nbsp;,Public lands
10343,9,False,&nbsp;,Executed and obsolete
10344,9,False,"Amended EO's 9988, 10292. Amended by EO's 10594, 10659, 10837, 11391",Revoked by EO 12553
10345,9,False,&nbsp;,Temporary
10346,9,False,"Amended by EO's 10438, 10773, 11051",Revoked by EO 11490
10347,9,True,"Amended by EO's 11354, 11517","Codified at Chapter 

      3"
10348,9,False,"Amended EO 8389. Continued EO's 8389, 9989",Superseded by EO 11281
10349,9,False,"Amended by EO's 10356, 10362, 10367",Temporary
10350,9,False,&nbsp;,Revoked by EO 10773
10351,9,False,&nbsp;,Authority repealed by Pub. L. 96-594 (94 Stat. 3459)
10352,9,False,&nbsp;,Codified at 33 CFR Pt. 6
10353,9,False,&nbsp;,Executed and obsolete
10354,9,False,Amended EO 9993,Revoked by EO 11140
10355,9,True,&nbsp;,"Codified at Chapter 

      43"
10356,9,False,Amended EO 10349,Temporary
10357,9,False,&nbsp;,Public lands
10358,9,False,"Amended by EO's 11226, 11272",Revoked by EO 11582
10359,9,False,Amended EO 10161,Revoked by EO 10480
10360,9,False,Amended EO 9781,Superseded by EO 10655
10361,9,False,&nbsp;,Revoked by EO 11549
10362,9,False,Amended EO 10349,Temporary
10363,9,False,"Amended EO's 9979, 9988, 10001, 10008, 10202, 10292. Amended by EO's 10420, 

      10469, 10659, 10714, 10984, 11188, 11350, 11360",Revoked by EO 12553
10364,9,False,&nbsp;,Executed and obsolete
10365,9,False,Amended EO 10266,Superseded by EO 10465
10366,9,False,"Amended EO's 9988, 10292. Amended by EO 11360",Revoked by EO 12553
10367,9,False,Amended EO 10349,Temporary
10368,9,False,Amended EO 10300. Amended by EO 10458,Revoked by EO 12553
10369,9,False,&nbsp;,"Nullified by Pub. L. 84-870 (70 Stat. 786, 50 U.S.C. 1213)"
10370,9,False,&nbsp;,Revoked by EO 10493
10371,9,False,&nbsp;,Revoked by EO 12553
10372,9,False,&nbsp;,Revoked by EO 12553
10373,9,False,Amended EO 10161,Revoked by EO 10480
10374,9,False,Modified by EO 10932,Public lands
10375,9,False,&nbsp;,Public lands
10376,9,False,&nbsp;,Revoked by EO 12553
10377,9,False,Amended EO 10161,Revoked by EO 10480
10378,9,False,&nbsp;,Public lands
10379,9,False,Amended by EO 10515,Temporary
10380,9,False,Amended by EO 10476,Position revoked by EO 10608
10381,9,False,Amended EO 9805,Revoked by EO 11012
10382,9,False,&nbsp;,"Authority repealed by Pub. L. 89-554 (80 Stat. 654, 50 U.S.C. App. 1957 

      nt.)"
10383,9,False,&nbsp;,Public lands
10384,9,False,&nbsp;,Public lands
10385,9,False,&nbsp;,Temporary
10386,9,False,&nbsp;,Executed and obsolete
10387,9,False,&nbsp;,Superseded by EO 10519
10388,9,False,&nbsp;,Revokes EO 8616
10389,9,False,&nbsp;,Public lands
10390,9,False,Amended EO 10161,Revoked by EO 10480
10391,9,False,Amended EO 10011,Revoked by EO 10903
10392,9,False,&nbsp;,Temporary
10393,9,False,Amended by EO 10613,Revoked by EO 10747
10394,9,False,&nbsp;,Executed and obsolete
10395,9,False,Amended by EO 10425,Temporary
10396,9,False,&nbsp;,"Agency terminated by act of June 30, 1953 (67 Stat. 131, 50 U.S.C. App. 

      2163(a))"
10397,9,False,&nbsp;,Temporary
10398,9,False,&nbsp;,"Authority repealed by Pub. L. 94-412 (90 Stat. 1255, 50 U.S.C. 1601)"
10399,9,True,&nbsp;,"Codified at Chapter 

      42"
10400,9,False,&nbsp;,"Amends EO's 9703, 10122"
10401,9,False,&nbsp;,Revoked by EO 11075
10402,9,False,Amended EO 7548. Amended by EO 11239,Revoked by EO 12234
10403,9,False,&nbsp;,Public lands
10404,9,False,&nbsp;,Public lands
10405,9,False,&nbsp;,Executed and obsolete
10406,9,False,&nbsp;,Revoked by EO 12553
10407,9,False,&nbsp;,Revoked by EO 11968
10408,9,False,Amended EO 10265. Amended by EO 10470,Superseded by EO 11021
10409,9,False,&nbsp;,Superseded by EO 11016
10410,9,False,&nbsp;,Superseded by EO 10446
10411,9,False,&nbsp;,Public lands
10412,9,False,&nbsp;,Executed and obsolete
10413,9,False,&nbsp;,Public lands
10414,9,False,&nbsp;,Public lands
10415,9,False,Modified EO 9721. Amended EO 9949,Revoked by EO 12553
10416,9,False,"Amended EO's 10251, 10282","Authority repealed by Pub. L. 87-581 (76 Stat. 360, 41 U.S.C. 321 nt.)"
10417,9,False,&nbsp;,Revoked by EO 12553
10418,9,False,Amended EO 10321,Temporary
10419,9,False,&nbsp;,Public lands
10420,9,False,"Amended EO's 9988, 10001, 10008, 10167, 10202, 10258, 10292, 10328, 10363. 

      Amended by EO's 10469, 10505, 10659, 10735, 11098, 11586",Revoked by EO 12553
10421,9,False,"Amended by EO's 10438, 10773, 11051, 12148",Revoked by EO 12656
10422,9,True,"Amended by EO's 10459, 10763, 11890, 12107","Codified at Chapter 

      22, Subchapter B"
10423,9,False,&nbsp;,Executed and obsolete
10424,9,False,&nbsp;,Executed and obsolete
10425,9,False,"Amended EO's 10339, 10395",Temporary
10426,9,False,&nbsp;,"Revoked by act of Aug. 7, 1953 (67 Stat. 462, 43 U.S.C. 1331 et seq.)"
10427,9,False,"Amended by EO's 10737, 10773, 11051",Revoked by EO 11575
10428,9,False,&nbsp;,"Authority repealed by act of Aug. 10, 1956 (70A Stat. 680)"
10429,9,False,&nbsp;,Amends EO 10179
10430,9,False,&nbsp;,Executed and obsolete
10431,9,True,&nbsp;,"Codified at Chapter 

      32, Subchapter B"
10432,9,False,&nbsp;,Revoked by EO 10917
10433,9,False,"Amended EO's 10161, 10200",Revoked by EO 10480
10434,9,True,&nbsp;,"Codified at Chapter 

      32, Subchapter A"
10435,9,False,&nbsp;,Executed and obsolete
10436,9,False,&nbsp;,Public lands
10437,9,False,&nbsp;,Temporary
10438,9,False,"Amended EO's 9781, 10312, 10346, 10421",Revoked by EO 11051
10439,9,False,&nbsp;,Amends EO 10163
10440,9,False,Amended EO 9830,Revoked by EO 10577
10441,9,False,&nbsp;,Temporary
10442,9,False,&nbsp;,Executed and obsolete
10443,9,False,&nbsp;,"Authority repealed by Pub. L. 87-581 (76 Stat. 360, 41 U.S.C. 321 nt.)"
10444,9,False,&nbsp;,Amends EO 8809
10445,9,False,&nbsp;,Public lands
10446,9,False,&nbsp;,Superseded by EO 10519
10447,9,False,&nbsp;,Executed and obsolete
10448,9,True,"Amended by EO's 11265, 11382","Codified at Chapter 

      32, Subchapter B"
10449,9,False,&nbsp;,Revoked by EO 12553
10450,9,True,"Amended by EO's 10491, 10531, 10548, 10550, 11605, 11785, 12107",Codified at Chapter  5
10451,9,False,&nbsp;,Executed and obsolete
10452,9,False,Amended EO 8248,Revoked by EO 10729
10453,9,False,&nbsp;,Public lands
10454,9,False,&nbsp;,Public lands
10455,9,False,Amended by EO 10566,Executed and obsolete
10456,9,False,&nbsp;,Revoked by EO 10475
10457,9,True,&nbsp;,"Codified at Chapter 

      28"
10458,9,False,"Amended EO's 10300, 10368. Amended by EO 10476",Revoked by EO 12553
10459,9,False,Amended by EO 12107,Amends EO 10422
10460,9,False,Amended by EO 10773,Revoked by EO 10995
10461,9,False,Amended by EO 10480,Revoked by EO 11051
10462,9,True,&nbsp;,Codified at Chapter 24
10463,9,False,&nbsp;,Revoked by EO 10577
10464,9,False,&nbsp;,Executed and obsolete
10465,9,False,&nbsp;,Superseded by EO 10546
10466,9,False,&nbsp;,Temporary
10467,9,False,&nbsp;,Revoked by EO 10480
10468,9,False,"Amended EO's 7057, 7180, 7689","Administration terminated by act of Aug. 15, 1953 (67 Stat. 584)"
10469,9,False,"Amended EO's 10292, 10363, 10420. Amended by EO's 11098, 11266, 11360",Revoked by EO 12553
10470,9,False,Amended EO 10408,Superseded by EO 11021
10471,9,True,Amended by EO 12292,Codified at Chapter  5
10472,9,False,Amended by EO 10937,Revoked by EO 11256
10473,9,False,&nbsp;,Revoked by EO 10697
10474,9,False,&nbsp;,Temporary
10475,9,False,Amended EO 10276,Revoked by EO 10773
10476,9,False,"Amended EO's 10159, 10300, 10380, 10458. Amended by EO 10560",Superseded by EO 10575
10477,9,True,"Amended by EO's 10822, 12292","Codified at Chapter 

      22, Subchapter A"
10478,9,False,Amended by EO 10658,Revoked by EO 10762
10479,9,False,"Amended by EO's 10482, 10733",Revoked by EO 10925
10480,9,True,"Amended by EO's 10489, 10537, 10574, 10662, 10773, 10819, 11051, 11062, 

      11748, 11956, 12038, 12148, 12381, 12521, 12649","Codified at Chapter 

      32, Subchapter A"
10481,9,False,&nbsp;,Revoked by EO 11793
10482,9,False,Amended EO 10479,Revoked by EO 10925
10483,9,False,Amended by EO 10598,Superseded by EO 10700
10484,9,False,&nbsp;,Executed and obsolete
10485,9,True,Amended by EO 12038,"Codified at Chapter 

      10"
10486,9,False,&nbsp;,Executed and obsolete
10487,9,False,&nbsp;,"Termination directed by act of Aug. 7, 1953 (67 Stat. 400, 50 U.S.C. App. 

      1971i nt.)"
10488,9,True,&nbsp;,Codified at Chapter 31
10489,9,False,&nbsp;,Amends EO 10480
10490,9,False,&nbsp;,Temporary
10491,9,False,&nbsp;,Amends EO 10450
10492,9,False,&nbsp;,"Committee terminated by act of July 29, 1958 (72 Stat. 432, 42 U.S.C. 

      2472 nt.)"
10493,9,True,&nbsp;,"Codified at Chapter 

      13"
10494,9,False,"Amended by EO's 10773, 11051",Revoked by EO 12148
10495,9,False,Amended by EO 10669,Revoked by EO 10820
10496,9,False,&nbsp;,Public lands
10497,9,False,"Amended EO's 9993, 10031, 10280",Revoked by EO 11140
10498,9,False,&nbsp;,"Authority repealed by act of Aug. 10, 1956 (70A Stat. 680)"
10499,9,True,Amended by EO 12608,"Codified at Chapter 

      32, Subchapter B"
10500,10,True,&nbsp;,"Codified at Chapter 

      10"
10501,10,False,"Amended by EO's 10816, 10901, 10964, 10985, 11097, 11382",Revoked by EO 11652
10502,10,False,&nbsp;,Executed and obsolete
10503,10,False,Amended EO 10011,Revoked by EO 10903
10504,10,False,&nbsp;,Revoked by EO 12553
10505,10,False,"Amended EO's 10292, 10420. Amended by EO's 10659, 10735",Revoked by EO 12553
10506,10,False,Amended EO 9993,Superseded by EO 11140
10507,10,False,Amended EO 9805,Revoked by EO 11012
10508,10,False,&nbsp;,Temporary
10509,10,False,&nbsp;,Revoked by EO 12553
10510,10,False,&nbsp;,"Nullified by Pub. L. 96-88 (93 Stat. 668, 20 U.S.C. 3401)"
10511,10,False,&nbsp;,Revoked by EO 12553
10512,10,False,&nbsp;,Revokes EO 9047
10513,10,True,&nbsp;,"Codified at Chapter 

      29"
10514,10,False,&nbsp;,Revokes EO 2414
10515,10,False,Amended EO 10379,ary
10516,10,False,&nbsp;,"Authority repealed by Pub. L. 87-128 (75 Stat. 318, 7 U.S.C. 1921 nt.)"
10517,10,False,&nbsp;,Temporary
10518,10,False,&nbsp;,Executed and obsolete
10519,10,False,&nbsp;,Superseded by EO 10784
10520,10,False,&nbsp;,Public lands
10521,10,True,"Amended by EO 10807, 12608","Codified at Chapter 

      9"
10522,10,False,&nbsp;,"Supplanted by Pub. L. 96-465 (94 Stat. 2078, 22 U.S.C. 3921)"
10523,10,False,&nbsp;,Executed and obsolete
10524,10,False,"Amended by EO's 10592, 10773",Revoked by EO 11051
10525,10,True,&nbsp;,"Codified at Chapter 

      43"
10526,10,False,&nbsp;,Public lands
10527,10,False,&nbsp;,Executed and obsolete
10528,10,False,&nbsp;,Public lands
10529,10,False,"Amended by EO's 10773, 11051",Revoked by EO 12148
10530,10,True,"Amended by EO's 10573, 10682, 10759, 10790, 10836, 10852, 10889, 10903, 

      10960, 10970, 11012, 11116, 11164, 11184, 11196, 11222, 11228, 11230, 12107, 

      12608","Codified at Chapter 

      47"
10531,10,False,&nbsp;,Amends EO 10450
10532,10,False,Amended EO 9708,Revoked by EO 12452
10533,10,False,&nbsp;,"See note at EO 

      9698  Chapter 

      22, subchapter C"
10534,10,False,Amended by EO 10771,Revoked by EO 11382
10535,10,False,&nbsp;,Revoked by EO 10826
10536,10,False,Amended by EO 11382,Revoked by EO 12079
10537,10,False,&nbsp;,"Amends EO's 10219, 10480"
10538,10,True,&nbsp;,"Codified at Chapter 

      32, Subchapter A"
10539,10,False,"Amended EO 9942. Amended by EO's 10553, 10773",Revoked by EO 11051
10540,10,False,&nbsp;,Revoked by EO 12107
10541,10,False,Continued EO 6783,Superseded by EO 11342
10542,10,False,&nbsp;,Revoked by EO 12553
10543,10,False,&nbsp;,Revoked by EO 12553
10544,10,False,&nbsp;,Executed and obsolete
10545,10,False,Amended EO 5952,Revoked by EO 11339
10546,10,False,&nbsp;,Superseded by EO 10725
10547,10,False,&nbsp;,Executed and obsolete
10548,10,False,&nbsp;,Amends EO 10450
10549,10,False,Amended by EO 12107,Temporary
10550,10,False,Amended by EO 12107,Amends EO 10450
10551,10,False,&nbsp;,Executed and obsolete
10552,10,True,Amended by EO 12107,Codified at Chapter  5
10553,10,False,Amended EO 10539,Revoked by EO 11051
10554,10,True,&nbsp;,"Codified at Chapter 

      32, Subchapter B"
10555,10,True,&nbsp;,"Codified at Chapter 

      29"
10556,10,True,Amended by EO 12107,Codified at Chapter  5
10557,10,False,&nbsp;,Revoked by EO 10925
10558,10,False,Amended EO 10154,Superseded by EO 11313
10559,10,False,&nbsp;,Superseded by EO 11230
10560,10,False,"Amended EO 10476. Amended by EO's 10685, 10708, 10746, 10773, 10799, 10827, 

      10884",Superseded by EO 10900. Revoked by EO 12220
10561,10,False,&nbsp;,Revoked by EO 12107
10562,10,False,"Amended EO 10292. Amended by EO's 10984, 11360",Revoked by EO 12553
10563,10,False,&nbsp;,Revokes EO 10266
10564,10,False,&nbsp;,Executed and obsolete
10565,10,False,&nbsp;,Nullified by EO 11430
10566,10,False,Amended EO 10455,Executed and obsolete
10567,10,False,&nbsp;,"Nullified by Pub. L. 84-870 (70 Stat. 786, 50 U.S.C. 1213)"
10568,10,False,&nbsp;,Executed and obsolete
10569,10,False,Amended EO 10334,Temporary
10570,10,False,&nbsp;,Revoked by EO 12553
10571,10,False,&nbsp;,Public lands
10572,10,False,&nbsp;,Executed and obsolete
10573,10,False,Amended EO 10530,Superseded by EO 11196
10574,10,False,&nbsp;,Amends EO 10480
10575,10,False,"Amended by EO's 10601, 10625, 10663, 10716, 10742, 10822",Superseded by EO 10893
10576,10,False,&nbsp;,Revoked by EO 12553
10577,10,True,"Amended by EO's 10675, 10745, 10869, 12107",Codified at Chapter  5
10578,10,False,&nbsp;,Revoked by EO 12553
10579,10,True,&nbsp;,"Codified at Chapter 

      41"
10580,10,False,&nbsp;,Temporary
10581,10,True,&nbsp;,"Codified at Chapter 

      33"
10582,10,True,"Amended by EO's 10761, 11051, 12148, 12608","Codified at Chapter 

      41"
10583,10,False,&nbsp;,Amends EO 10289
10584,10,True,Amended by EO 10913,Codified at Chapter 18
10585,10,True,&nbsp;,"Codified at Chapter 

      26"
10586,10,False,&nbsp;,Revoked by EO 10941
10587,10,False,Amended by EO 11086,Revoked by EO 12553
10588,10,False,&nbsp;,Temporary
10589,10,False,Amended EO 6783,Superseded by EO 11342
10590,10,False,"Amended by EO's 10722, 10773, 10925",Superseded by EO 11246
10591,10,False,&nbsp;,Executed and obsolete
10592,10,False,Amended EO 10524,Revoked by EO 11051
10593,10,False,Amended EO 10296,Revoked by EO 12553
10594,10,False,"Amended EO's 9979, 9988, 10001, 10292, 10344. Amended by EO's 10714, 10809, 

      10837, 10984, 11098, 11391",Revoked by EO 12553
10596,10,False,&nbsp;,Revokes EO 9908
10597,10,False,&nbsp;,Public lands
10598,10,False,Amended EO 10483,Superseded by EO 10700
10599,10,False,&nbsp;,Temporary
10600,10,False,&nbsp;,Amends EO 9260
10601,10,False,"Amended by EO's 10773, 11051, 12148",Revoked by EO 12553
10602,10,True,&nbsp;,"Codified at Chapter 

      43"
10603,10,False,&nbsp;,Amends EO 10309
10604,10,False,&nbsp;,Superseded by EO 11609
10605,10,False,Amended EO 10119,Revoked by EO 11157
10606,10,False,&nbsp;,Executed and obsolete
10607,10,False,&nbsp;,Executed and obsolete
10608,10,True,Amended by EO 12608,"Codified at Chapter 

      22, Subchapter A"
10609,10,True,&nbsp;,"Codified at Chapter 

      22, Subchapter A"
10610,10,False,"Amended by EO's 10663, 10700, 10742, 10822",Superseded by EO 10893
10611,10,False,&nbsp;,Revoked by EO 10773
10612,10,False,&nbsp;,Public lands
10613,10,False,Amended EO 10393,Revoked by EO 10747
10614,10,True,&nbsp;,Codified at Chapter  5
10615,10,False,&nbsp;,Revoked by EO 12553
10616,10,False,&nbsp;,Revoked by EO 12082
10617,10,False,&nbsp;,"Authority repealed by Pub. L. 96-513 (94 Stat. 2880, 10 U.S.C. 644)"
10618,10,False,Amended EO 10152,Revoked by EO 11157
10619,10,False,&nbsp;,Executed and obsolete
10620,10,False,&nbsp;,Executed and obsolete
10621,10,True,"Amended by EO's 11294, 12396, 12561","Codified at Chapter 

      32, Subchapter B"
10622,10,False,&nbsp;,Revoked by EO 12553
10623,10,False,"Amended EO's 10000, 10011",Revoked by EO 10903
10624,10,True,"Amended by EO's 10903, 11530, 12292, 12608",Codified at Chapter  5
10625,10,False,Amended EO 10575,Superseded by EO 10893
10626,10,False,&nbsp;,Superseded by EO 11532
10627,10,False,&nbsp;,Executed and obsolete
10628,10,True,&nbsp;,"Codified at Chapter 

      32, Subchapter B"
10629,10,False,"Amended by EO's 10667, 10677","Authority repealed by Pub. L. 88-110 (77 Stat. 134, 50 U.S.C. 1013 nt.)"
10630,10,False,&nbsp;,Revoked by EO 12553
10631,10,True,"Amended by EO's 11382, 12017, 12633","Codified at Chapter 

      32, Subchapter B"
10632,10,False,&nbsp;,"Terminated by Pub. L. 94-412 (90 Stat. 1255, 50 U.S.C. 1601)"
10633,10,False,Amended by EO 10775,"Repealed by FR Doc. 61-6503, July 6, 1961 ( 26 FR 6233)"
10634,10,False,"Amended by EO's 10773, 11051",Revoked by EO 12148
10635,10,False,&nbsp;,Revoked by EO 12553
10636,10,False,Amended by EO 10903,Amends EO 10000
10637,10,True,&nbsp;,"Codified at Chapter 

      49"
10638,10,False,Amended by EO 10773,Revoked by EO 11051
10639,10,False,Amended EO 7968,Revoked by EO 10697
10640,10,False,&nbsp;,Superseded by EO 10994
10641,10,False,Amended by EO 12107,Codified at 5 CFR Parts 8.1-8.4
10642,10,False,&nbsp;,Executed and obsolete
10643,10,False,&nbsp;,Revoked by EO 12553
10644,10,False,Amended by EO 11281,Revoked by EO 12553
10645,10,False,Amended EO 9,Revoked by EO 11408
10646,10,True,&nbsp;,"Codified at Chapter 

      32, Subchapter A"
10647,10,True,"Amended by EO's 11355, 12107","Codified at Chapter 

      32, Subchapter B"
10648,10,False,Amended by EO 10698,Public lands
10649,10,False,&nbsp;,Amends EO 10153
10650,10,False,"Amended EO 9816. Amended by EO's 10714, 10984, 11188",Revoked by EO 12553
10651,10,False,&nbsp;,Revoked by EO 11190
10652,10,False,Amended EO 10214,Nullified by EO 11430
10653,10,False,&nbsp;,Temporary
10654,10,True,Amended by EO 12608,"Codified at Chapter 

      34"
10655,10,False,"Amended by EO's 10754, 10773, 10796",Revoked by EO 10883
10656,10,False,&nbsp;,Revoked by EO 10938
10657,10,False,"Amended EO 9816. Amended by EO's 10734, 11105",Revoked by EO 12553
10658,10,False,Amended EO 10478,Revoked by EO 10762
10659,10,False,"Amended EO's 9979, 9988, 10001, 10008, 10116, 10202, 10258, 10292, 10344, 

      10363, 10420, 10505. Amended by EO's 10714, 10735, 10809, 10984, 11098, 

      11188, 11350, 11360, 11497, 11527, 11537, 11563, 11586",Revoked by EO 12553
10660,10,False,"Amended by EO's 10773, 11051",Superseded by EO 11179
10661,10,True,&nbsp;,"Codified at Chapter 

      32, Subchapter A"
10662,10,False,&nbsp;,Amends EO 10480. Revokes EO 10160
10663,10,False,"Amended EO's 10575, 10610",Superseded by EO 10893
10664,10,False,&nbsp;,Public lands
10665,10,False,&nbsp;,Public lands
10666,10,False,&nbsp;,Public lands
10667,10,False,Amended EO 10629,"Authority repealed by Pub. L. 88-110 (77 Stat. 134, 50 U.S.C. 1013 nt.)"
10668,10,False,&nbsp;,Amends EO 2859
10669,10,False,Amended EO 10495,Revoked by EO 10820
10670,10,True,&nbsp;,"Codified at Chapter 

      32, Subchapter A"
10671,10,False,&nbsp;,Temporary
10672,10,False,&nbsp;,Revoked by EO 11968
10673,10,False,"Amended by EO's 10704, 10740, 10772, 10785, 10931",Revoked by EO 11074
10674,10,False,&nbsp;,Temporary
10675,10,False,&nbsp;,Amends EO 10577
10676,10,False,&nbsp;,"See note at EO 

      9698  Chapter 

      22, subchapter C"
10677,10,False,Amended EO 10629,"Authority repealed by Pub. L. 88-110 (77 Stat. 134, 50 U.S.C. 1013 nt.)"
10678,10,True,Amended by EO 10720,"Codified at Chapter 

      41"
10679,10,False,&nbsp;,Superseded by EO 10996
10680,10,False,&nbsp;,"See note at EO 

      9698  Chapter 

      22, subchapter C"
10681,10,False,Amended EO 10152,Revoked by EO 11157
10682,10,False,Amended EO 10530,Superseded by EO 11228
10683,10,False,&nbsp;,Public lands
10684,10,False,&nbsp;,Public lands
10685,10,False,Amended EO 10560. Amended by EO 10827,Superseded by EO 10900. Revoked by EO 12220
10686,10,False,Amended EO 10154,Superseded by EO 11313
10687,10,False,&nbsp;,Temporary
10688,10,False,&nbsp;,Public lands
10689,10,False,&nbsp;,Revoked by EO 12553
10690,10,False,&nbsp;,Executed and obsolete
10691,10,False,&nbsp;,Revoked by EO 12553
10692,10,False,Amended EO 9080,Revoked by EO 12377
10693,10,False,&nbsp;,Revoked by EO 12553
10694,10,True,&nbsp;,"Codified at Chapter 

      32, Subchapter A"
10695,10,False,&nbsp;,Amends EO 10096
10696,10,False,&nbsp;,Revoked by EO 12553
10697,10,False,&nbsp;,"Authority maintained at departmental level (see EO 

      10718)"
10698,10,False,&nbsp;,Amends EO 10648
10699,10,False,&nbsp;,Executed and obsolete
10700,10,False,"Amended EO 10610. Amended by EO's 10773, 10838",Revoked by EO 10920
10701,10,False,&nbsp;,Executed and obsolete
10702,10,False,&nbsp;,Temporary
10703,10,False,Amended by EO 10801,Executed and obsolete
10704,10,False,Amended EO 10673,Revoked by EO 10931
10705,10,False,"Amended by EO's 10773, 10995, 11051, 11556",Revoked by EO 12046
10706,10,False,&nbsp;,Executed and obsolete
10707,10,True,Amended by EO 11319,"Codified at Chapter 

      49"
10708,10,False,Amended EO 10560,Superseded by EO 10900. Revoked by EO 12220
10709,10,False,&nbsp;,Revoked by EO 12553
10710,10,False,&nbsp;,Revoked by EO 12553
10711,10,False,&nbsp;,Public lands
10712,10,False,&nbsp;,Executed and obsolete
10713,10,False,"Amended by EO's 11010, 11263, 11395, 11618","Nullified by treaty on May 15, 1972, TIAS 7314, 23 UST 446"
10714,10,False,"Amended EO's 9988, 10001, 10116, 10167, 10292, 10363, 10594, 10650, 10659. 

      Amended by EO's 10809, 10837, 10984, 11098, 11188, 11350, 11360, 11586",Revoked by EO 12553
10715,10,False,&nbsp;,Revokes EO 9775
10716,10,False,Amended EO 10575. Amended by EO 10912,Superseded by EO 11034
10717,10,True,"Amended by EO's 10979, 11085, 12014, 12107",Codified at Chapter  5
10718,10,True,&nbsp;,"Codified at Chapter 

      22, Subchapter A"
10719,10,False,&nbsp;,Public lands
10720,10,False,&nbsp;,Amends EO 10678
10721,10,False,&nbsp;,Temporary
10722,10,False,Amended EO 10590. Amended by EO 10925,Superseded by EO 11246
10723,10,False,&nbsp;,Revoked by EO 12553
10724,10,False,&nbsp;,Revoked by EO 10758
10725,10,False,&nbsp;,"Authority repealed by Pub. L. 96-513 (94 Stat. 2897, 10 U.S.C. 5751 nt.)"
10726,10,False,&nbsp;,Executed and obsolete
10727,10,False,&nbsp;,"See note at EO 

      9698  Chapter 

      22, subchapter C"
10728,10,False,&nbsp;,Revoked by EO 10927
10729,10,False,&nbsp;,Revoked by EO 11205
10730,10,False,&nbsp;,Executed and obsolete
10731,10,False,&nbsp;,Revoked by EO 10797
10732,10,False,&nbsp;,Amends EO 10250
10733,10,False,Amended EO 10479,Revoked by EO 10925
10734,10,False,Amended EO 10657,Revoked by EO 12553
10735,10,False,"Amended EO's 10001, 10167, 10292, 10420, 10505. Amended by EO's 10984, 

      11098, 11119, 11241, 11360, 11497, 11527, 11537, 11563, 11606",Revoked by EO 12553
10736,10,True,&nbsp;,"Codified at Chapter 

      32, Subchapter A"
10737,10,False,"Amended EO 10427. Amended by EO's 10773, 11051",Revoked by EO 11575
10738,10,False,"Amended by EO's 10906, 10954",Revoked by EO 12553
10739,10,False,Amended EO 10152,Revoked by EO 11157
10740,10,False,Amended EO 10673,Revoked by EO 10931
10741,10,False,Amended EO 10082,Revoked by EO 11075
10742,10,False,"Amended EO's 10575, 10610",Superseded by EO 10893
10743,10,False,&nbsp;,Revoked by EO 10885
10744,10,False,&nbsp;,Temporary
10745,10,False,&nbsp;,Amends EO 10577
10746,10,False,Amended EO 10560,Superseded by EO 10900. Revoked by EO 12220
10747,10,True,&nbsp;,"Codified at Chapter 

      22, Subchapter A"
10748,10,False,&nbsp;,Executed and obsolete
10749,10,False,&nbsp;,Revoked by EO 12553
10750,11,False,&nbsp;,Revoked by EO 12553
10751,11,False,Amended EO 10127,"Revoked by FR Doc. 61-9007, Sept. 15, 1961 (26 FR 8883)"
10752,11,True,&nbsp;,"Codified at Chapter 

      43"
10753,11,False,&nbsp;,Superseded by EO 11487
10754,11,False,Amended EO 10655,Revoked by EO 10796
10755,11,False,&nbsp;,Public lands
10756,11,False,&nbsp;,Temporary
10757,11,False,&nbsp;,Revoked by EO 12553
10758,11,False,Amended by EO 10777,Revoked by EO 10859
10759,11,False,Amended EO 10530,Superseded by EO 11230
10760,11,False,&nbsp;,Revoked by EO 12553
10761,11,False,Amended EO 10582,Revoked by Proc. 3279
10762,11,True,&nbsp;,"Codified at Chapter 

      32, Subchapter B"
10763,11,False,Amended by EO 12107,Amends EO 10422
10764,11,False,&nbsp;,"Authority repealed by Pub. L. 87-581 (76 Stat. 360, 41 U.S.C. 321 nt.)"
10765,11,False,Amended by EO 11382,Codified at 49 CFR Part 79
10766,11,False,&nbsp;,Superseded by EO 11230
10767,11,False,Continued EO 6783,Superseded by EO 11342
10768,11,False,&nbsp;,Revokes EO 7138
10769,11,False,&nbsp;,"See note at EO 

      9698  Chapter 

      22, subchapter C"
10770,11,False,&nbsp;,Revoked by EO 12553
10771,11,False,Amended EO 10534,Revoked by EO 11382
10772,11,False,Amended EO 10673,Revoked by EO 11074
10773,11,False,"Amended EO's 10219, 10242, 10260, 10296, 10312, 10346, 10427, 10460, 10480, 

      10494, 10524, 10529, 10539, 10560, 10590, 10601, 10634, 10638, 10655, 10660, 

      10700, 10705, 10737. Amended by EO's 10782, 10952, 10958",Revoked by EO 11051
10774,11,False,"Amended by EO's 10804, 12107",Revoked by EO 12553
10775,11,False,Amended EO 10633,"Repealed by FR Doc. 61-6503, July 6, 1961 (26 FR 6233)"
10776,11,True,&nbsp;,"Codified at Chapter 

      32, Subchapter B"
10777,11,False,Amended EO 10758,Revoked by EO 10859
10778,11,False,&nbsp;,Executed and obsolete
10779,11,False,&nbsp;,Superseded by EO 11282
10780,11,False,&nbsp;,"Authority repealed by Pub. L. 96-513 (94 Stat. 2897, 10 U.S.C. 5751 nt.)"
10781,11,False,&nbsp;,"Authority repealed by Pub. L. 96-513 (94 Stat. 2897, 10 U.S.C. 5751 nt.)"
10782,11,False,Amended EO 10773,Revoked by EO 11051
10783,11,True,&nbsp;,"Codified at Chapter 

      14"
10784,11,False,Amended by EO 10845,Superseded by EO 11223
10785,11,False,Amended EO 10673,Revoked by EO 10931
10786,11,True,Amended by EO 12608,"Codified at Chapter 

      14"
10787,11,False,&nbsp;,Public lands
10788,11,False,&nbsp;,Executed and obsolete
10789,11,True,"Amended by EO's 11051, 11382, 11610, 12148","Codified at Chapter 

      41"
10790,11,False,Amended EO 10530,Superseded by EO 11230
10791,11,False,&nbsp;,Superseded by EO 10839
10792,11,False,&nbsp;,Temporary
10793,11,True,&nbsp;,"Codified at Chapter 

      14"
10794,11,False,&nbsp;,Superseded by EO 11171
10795,11,False,&nbsp;,"See note at EO 

      9698  Chapter 

      22, subchapter C"
10796,11,False,Amended EO 10655,Revoked by EO 10883
10797,11,True,Amended by EO 12608,"Codified at Chapter 

      34"
10798,11,False,&nbsp;,Revoked by EO 10834
10799,11,False,Amended EO 10560. Amended by EO 10900,Revoked by EO 12220
10800,11,False,"Amended by EO's 10805, 11228",Revoked by EO 11348
10801,11,False,Amended EO 10703,Executed and obsolete
10802,11,False,&nbsp;,Revoked by EO 10928
10803,11,False,&nbsp;,Amends EO 10159
10804,11,False,"Amended EO's 9721, 10103, 10774. Amended by EO 12107",Revoked by EO 11552
10805,11,True,&nbsp;,"Codified at Chapter 

      32, Subchapter B"
10806,11,False,&nbsp;,Executed and obsolete
10807,11,False,Amended EO 10521. Amended by EO 11381,"Council abolished pursuant to Pub. L. 94-282 (90 Stat. 472, 42 U.S.C. 

      1862 nt.)"
10808,11,False,&nbsp;,Executed and obsolete
10809,11,False,"Amended EO's 9988, 10001, 10202, 10292, 10594, 10659, 10714. Amended by 

      EO's 10984, 11098, 11188, 11360",Revoked by EO 12553
10810,11,False,Amended by EO 10881,Superseded by EO 11142
10811,11,False,&nbsp;,Revoked by EO 12553
10812,11,True,&nbsp;,"Codified at Chapter 

      32, Subchapter A"
10813,11,False,&nbsp;,Public lands
10814,11,False,&nbsp;,Executed and obsolete
10815,11,False,&nbsp;,Executed and obsolete
10816,11,False,Amended EO 10501,Revoked by EO 11652
10817,11,False,&nbsp;,Temporary
10818,11,False,&nbsp;,Executed and obsolete
10819,11,False,&nbsp;,Amends EO 10480
10820,11,False,&nbsp;,Revoked by EO 12514
10821,11,False,Amended EO 10168,Revoked by EO 11157
10822,11,False,Amended by EO 10893,"Amends EO's 10477, 10575, 10610"
10823,11,False,&nbsp;,Superseded by EO 10860
10824,11,False,&nbsp;,"Invalidated by Pub. L. 97-258 (96 Stat. 976, 31 U.S.C. 3727)"
10825,11,False,&nbsp;,Temporary
10826,11,True,Amended by EO 12107,Codified at Chapter  5
10827,11,False,"Amended EO's 10560, 10685",Superseded by EO 10900. Revoked by EO 12220
10828,11,True,&nbsp;,"Codified at Chapter 

      49"
10829,11,False,&nbsp;,Temporary
10830,11,True,"Amended by EO's 11074, 11398","Codified at Chapter 

      45"
10831,11,False,&nbsp;,"Nullified by Reorg. Plan No 3 of 1970 (35 FR 15623, 3 CFR, 1966-1970 Comp.2)"
10832,11,False,&nbsp;,Revokes EO 9887
10833,11,False,&nbsp;,Public lands
10834,11,True,&nbsp;,"Codified at Chapter 

      36"
10835,11,False,&nbsp;,Superseded by EO 11228
10836,11,False,Amended EO 10530,Superseded by EO 11230
10837,11,False,"Amended EO's 10232, 10292, 10328, 10344, 10594, 10714. Amended by EO's 

      11188, 11391, 11586",Revoked by EO 12553
10838,11,False,Amended EO 10700,Revoked by EO 10920
10839,11,False,&nbsp;,Revoked by EO 12343
10840,11,True,"Amended by EO's 11382, 12608","Codified at Chapter 

      14"
10841,11,True,"Amended by EO's 10956, 12608","Codified at Chapter 

      10"
10842,11,False,&nbsp;,Revoked by EO 12553
10843,11,False,Amended by EO 10848,Revoked by EO 12553
10844,11,False,Amended by EO 10993,Public lands
10845,11,False,Amended EO 10784,Superseded by EO 11223
10846,11,False,&nbsp;,Executed and obsolete
10847,11,False,&nbsp;,Revoked by EO 11122
10848,11,False,Amended EO 10843,Revoked by EO 12553
10849,11,True,Amended by EO 10942,"Codified at Chapter 

      14"
10850,11,False,&nbsp;,Public lands
10851,11,False,Amended by EO 11178,Public lands
10852,11,False,Amended EO 10530,Superseded by EO 11196
10853,11,False,"Amended EO 10011. Amended by EO's 10903, 11123",Revoked by EO 12228
10854,11,True,Amended by EO 11382,"Codified at Chapter 

      14"
10855,11,False,Amended by EO 10876,Executed and obsolete
10856,11,False,&nbsp;,Temporary
10857,11,False,&nbsp;,"Terminated by Pub. L. 86-70 (73 Stat. 141, 48 U.S.C. note prec. 21)"
10858,11,False,Amended by EO 10968,Revoked by EO 11382
10859,11,False,&nbsp;,"Revokes EO's 10758, 10777"
10860,11,True,&nbsp;,"Codified at Chapter 

      3"
10861,11,False,&nbsp;,"Authority repealed by Pub. L. 96-513 (94 Stat. 2897, 10 U.S.C. 5751 nt.)"
10862,11,False,&nbsp;,Revoked by EO 12553
10863,11,True,&nbsp;,"Codified at Chapter 

      28"
10864,11,False,&nbsp;,"See note at EO 

      9698  Chapter 

      22, subchapter C"
10865,11,True,"Amended by EO's 10909, 11382. Modified by EO 12038","Codified at Chapter 

      32, Subchapter C"
10866,11,False,&nbsp;,Revoked by EO 12033
10867,11,True,&nbsp;,"Codified at Chapter 

      28"
10868,11,False,&nbsp;,Revoked by EO 12553
10869,11,False,&nbsp;,"Revokes EO's 982, 1624, 1776, 1778, 2119, 4124. Amends EO 10577"
10870,11,True,&nbsp;,"Codified at Chapter 

      14"
10871,11,False,&nbsp;,Executed and obsolete
10872,11,False,&nbsp;,Revoked by EO 12553
10873,11,False,Amended by EO 11019,"See note at EO 

      9698  Chapter 

      22, subchapter C"
10874,11,False,&nbsp;,Revoked by EO 12553
10875,11,False,&nbsp;,Revoked by EO 12553
10876,11,False,Amended EO 10855,Executed and obsolete
10877,11,False,&nbsp;,Revoked by EO 12553
10878,11,False,&nbsp;,Revoked by EO 12553
10879,11,True,Amended by EO 11174,"Codified at Chapter 

      3"
10880,11,False,Amended by EO 12107,Revoked by EO 12608
10881,11,False,Amended EO 10810,Superseded by EO 11142
10882,11,False,&nbsp;,Amends EO 10289
10883,11,False,&nbsp;,"Revokes EO's 10655, 10796"
10884,11,False,Amended EO 10560,Superseded by EO 10900. Revoked by EO 12220
10885,11,False,&nbsp;,Superseded by EO 11765
10886,11,False,&nbsp;,"Terminated by Pub. L. 94-412 (90 Stat. 1255, 50 U.S.C. 1601)"
10887,11,False,&nbsp;,Executed and obsolete
10888,11,False,&nbsp;,Revoked by EO 12553
10889,11,False,Amended EO 10530. Amended by EO 10960,Superseded by EO 11230
10890,11,False,Amended by EO 10993,Public lands
10891,11,False,&nbsp;,Temporary
10892,11,False,Amended EO 10152,Revoked by EO 11157
10893,11,False,"Amended EO 10822. Amended by EO's 10900, 10915, 10973","Revoked by EO 12163. See note at EO 

      12220  Chapter 

      15"
10894,11,False,&nbsp;,"Committee terminated Jan. 6, 1964"
10895,11,True,&nbsp;,"Codified at Chapter 

      32, Subchapter B"
10896,11,False,Amended EO 6260,Revoked by EO 11825
10897,11,False,&nbsp;,Revoked by EO 12292
10898,11,False,"Amended by EO's 10986, 11382",Revoked by EO 11515
10899,11,True,Modified by EO 12038,"Codified at Chapter 

      32, Subchapter C"
10900,11,False,"Amended EO's 10799, 10893. Amended by EO's 10915, 10972, 11036, 11051, 

      11252, 11963, 12148, 12163",Revoked by EO 12220
10901,11,False,"Amended EO 10501. Amended by EO's 10985, 11097",Revoked by EO 11652
10902,11,False,Amended by EO 10958,Revoked by EO 11051
10903,11,True,"Amended by EO's 11137, 11228, 11230, 11380, 12107, 12292, 12608","Codified at Chapter 

      22, Subchapter B"
10904,11,False,&nbsp;,Revoked by EO 12553
10905,11,False,Amended EO 6260,Revoked by EO 11825
10906,11,False,Amended EO 10738. Amended by EO 10954,Revoked by EO 12553
10907,11,False,&nbsp;,Terminated by Pub. L. 95-431 (92 Stat. 1043)
10908,11,False,&nbsp;,Executed and obsolete
10909,11,False,Amended by EO 12608,Amends EO 10865
10910,11,True,Amended by EO 11287,"Codified at Chapter 

      9"
10911,11,False,&nbsp;,Executed and obsolete
10912,11,False,Amended EO 10716,Superseded by EO 11034
10913,11,False,&nbsp;,Amends EO 10584
10914,11,False,&nbsp;,Executed and obsolete
10915,11,False,"Amended EO's 10893, 10900. Amended by EO's 10973, 12148","Revoked by EO 12220. See note at EO 

      12220  Chapter 

      15"
10916,11,False,&nbsp;,Temporary
10917,11,False,&nbsp;,Amends EO 10072. Revokes EO 10432
10918,11,False,&nbsp;,Revoked by EO 11710
10919,11,False,Amended by EO 10926,Revoked by EO 12553
10920,11,False,&nbsp;,Revokes EO 10700
10921,11,False,Amended by EO 10922,Executed and obsolete
10922,11,False,Amended EO 10921,Executed and obsolete
10923,11,False,Amended by EO 10933,Revoked by EO 12553
10924,11,False,&nbsp;,Superseded by EO 11041
10925,11,False,"Amended EO's 10590, 10722. Amended by EO's 11114, 11162",Superseded by EO 11246
10926,11,False,Amended EO 10919,Revoked by EO 12553
10927,11,False,Amended by EO 12107,Revoked by EO 12353
10928,11,False,&nbsp;,Revokes EO 10802
10929,11,False,Amended by EO 10991,Temporary
10930,11,False,&nbsp;,Amends EO 10096
10931,11,False,Amended EO 10673,Revoked by EO 11074
10932,11,False,&nbsp;,"Modifies Procs. 1844, 1931, 1932, 1938, 2035, 2061, 2218, 2219, 2313, 

      2319, 2336, 2357, 2362, 2363; EO's 7359, 10374"
10933,11,False,Amended EO 10923,Revoked by EO 12553
10934,11,False,&nbsp;,Executed and obsolete
10935,11,False,&nbsp;,Temporary
10936,11,False,&nbsp;,Revoked by EO 12430
10937,11,False,Amended EO 10472,Revoked by EO 11256
10938,11,False,&nbsp;,Revoked by EO 11460
10939,11,False,&nbsp;,Revoked by EO 11222
10940,11,False,&nbsp;,Revoked by EO 11529
10941,11,False,&nbsp;,Revoked by EO 11680
10942,11,False,&nbsp;,Amends EO 10849
10943,11,False,&nbsp;,Revoked by EO 12033
10944,11,False,&nbsp;,Revoked by EO 12553
10945,11,False,Continued by EO 11038,"Expired pursuant to act of Feb. 26, 1949 (63 Stat. 7, 50 U.S.C. App. 2032 

      nt.)"
10946,11,False,&nbsp;,Revoked by EO 11374
10947,11,False,&nbsp;,Temporary
10948,11,False,&nbsp;,Temporary
10949,11,False,Amended by EO 10951,Revoked by EO 12553
10950,11,True,&nbsp;,"Codified at Chapter 

      43"
10951,11,False,Amended EO 10949,Revoked by EO 12553
10952,11,False,Amended EO 10773. Amended by EO 11051,Revoked by EO 12148
10953,11,False,&nbsp;,Revoked by EO 12553
10954,11,False,"Amended EO's 10738, 10906",Revoked by EO 12553
10955,11,False,&nbsp;,Superseded by EO 10973
10956,11,False,&nbsp;,Amends EO 10841
10957,11,False,&nbsp;,Temporary
10958,11,False,"Amended EO's 10773, 10902. Amended by EO 11051",Revoked by EO 11794
10959,11,False,&nbsp;,Executed and obsolete
10960,11,False,"Amended EO's 10530, 10889",Superseded by EO 11230
10961,11,False,&nbsp;,Revoked by EO 11287
10962,11,False,&nbsp;,Revoked by EO 12553
10963,11,False,&nbsp;,Revoked by EO 12553
10964,11,False,Amended EO 10501,Revoked by EO 11652
10965,11,False,&nbsp;,Revoked by EO 12553
10966,11,False,&nbsp;,Temporary
10967,11,True,&nbsp;,"Codified at Chapter 

      43"
10968,11,False,Amended EO 10858,Revoked by EO 11382
10969,11,False,&nbsp;,Revoked by EO 12553
10970,11,False,Amended EO 10530. Amended by EO 11230,Superseded by EO 11294
10971,11,False,&nbsp;,Revoked by EO 12553
10972,11,False,Amended EO 10900,Revoked by EO 12220
10973,11,False,"Amended EO's 10893, 10915. Amended by EO's 11261, 11417, 11432, 11579, 

      11685, 11816, 11841, 11959, 12107, 12118",Revoked by EO 12163
10974,11,False,Amended by EO 11039,Temporary
10975,11,False,&nbsp;,Revoked by EO 12553
10976,11,False,&nbsp;,Revoked by EO 12553
10977,11,True,Amended by EO 11382,"Codified at Chapter 

      32, Subchapter B"
10978,11,True,&nbsp;,"Codified at Chapter 

      15"
10979,11,False,&nbsp;,Amends EO 10717
10980,11,False,&nbsp;,Temporary
10981,11,False,&nbsp;,Temporary
10982,11,True,Amended by EO 12107,Codified at Chapter  5
10983,11,False,&nbsp;,"See note at EO 

      9698  Chapter 

      22, subchapter C"
10984,11,False,"Amended EO's 9988, 10001, 10008, 10116, 10202, 10292, 10363, 10562, 10594, 

      10650, 10659, 10714, 10735, 10809. Amended by EO's 11098, 11119, 11188, 

      11241, 11350, 11360, 11497, 11527, 11537, 11563, 11586",Revoked by EO 12553
10985,11,False,"Amended EO's 10501, 10901",Revoked by EO 11652
10986,11,False,Amended EO 10898,Revoked by EO 11515
10987,11,False,&nbsp;,Revoked by EO 11787
10988,11,False,&nbsp;,Revoked by EO 11491
10989,11,False,Amended EO 10168,Revoked by EO 11157
10990,11,False,&nbsp;,Superseded by EO 11612
10991,11,False,Amended EO 10929,Temporary
10992,11,False,&nbsp;,Public lands
10993,11,False,&nbsp;,"Amends Proc. 3379; EO's 10844, 10890"
10994,11,False,Amended by EO 11018,Superseded by EO 11480
10995,11,False,"Amended EO 10695A, 10705. Amended by EO 11084",Revoked by EO 11556
10996,11,True,&nbsp;,"Codified at Chapter 

      32, Subchapter B"
10997,11,False,&nbsp;,Revoked by EO 11490
10998,11,False,&nbsp;,Revoked by EO 11490
10999,11,False,&nbsp;,Revoked by EO 11490
11000,12,False,&nbsp;,Revoked by EO 11490
11001,12,False,&nbsp;,Revoked by EO 11490
11002,12,False,&nbsp;,Revoked by EO 11490
11003,12,False,&nbsp;,Revoked by EO 11490
11004,12,False,&nbsp;,Revoked by EO 11490
11005,12,False,&nbsp;,Revoked by EO 11490
11006,12,False,&nbsp;,Revoked by EO 12553
11007,12,False,&nbsp;,Superseded by EO 11671
11008,12,False,&nbsp;,Revoked by EO 12553
11009,12,False,Amended EO 10214,Nullified by EO 11430
11010,12,False,Amended EO 10713,"Nullified by treaty on May 15, 1972, TIAS 7314, 23 UST 446"
11011,12,False,&nbsp;,Revoked by EO 12553
11012,12,True,"Amended by EO's 11230, 12608","Codified at Chapter 

      41"
11013,12,False,&nbsp;,Revoked by EO 12553
11014,12,False,&nbsp;,Executed and obsolete
11015,12,False,&nbsp;,Revoked by EO 12553
11016,12,True,"Amended by EO 11382, 12464","Codified at Chapter 

      32, Subchapter B"
11017,12,False,"Amended by EO's 11069, 11218",Superseded by EO 11278
11018,12,False,Amended EO 10994,Superseded by EO 11480
11019,12,False,&nbsp;,Amends EO 10873
11020,12,False,&nbsp;,Temporary
11021,12,True,"Amended by EO's 11944, 12608","Codified at Chapter 

      43"
11022,12,False,"Amended by EO's 11376, 12106",Revoked by EO 12379
11023,12,True,Amended by EO 12608,"Codified at Chapter 

      15"
11024,12,False,&nbsp;,Executed and obsolete
11025,12,False,"Amended by EO's 11026, 11029",Revoked by EO 12553
11026,12,False,Amended EO 11025,Revoked by EO 12553
11027,12,False,&nbsp;,Revoked by EO 12553
11028,12,False,&nbsp;,"Amends Procs. 1931, 2362, 2363"
11029,12,False,Amended EO 11025,Revoked by EO 12553
11030,12,True,"Amended by EO's 11354, 12080, 12608","Codified at Chapter 

      3"
11031,12,False,Amended and continued EO 6783,Superseded by EO 11342
11032,12,False,Amended EO 5952,Revoked by EO 11339
11033,12,False,&nbsp;,Revoked by EO 12553
11034,12,True,"Amended by EO's 11380, 12292, 12608","Codified at Chapter 

      22, Subchapter A"
11035,12,False,&nbsp;,Superseded by EO 11512
11036,12,False,Amended EO 10900,Revoked by EO 12220
11037,12,False,Amended EO 6260,Revoked by EO 11825
11038,12,False,Continued EO 10945,Executed and obsolete
11039,12,False,Amended EO 10974,Temporary
11040,12,False,&nbsp;,Revoked by EO 12553
11041,12,False,Amended by EO 11250,"Superseded by EO's 11603, 12137"
11042,12,False,&nbsp;,Revoked by EO 12553
11043,12,False,&nbsp;,Revoked by EO 12553
11044,12,True,Amended by EO 12608,"Codified at Chapter 

      22, Subchapter E"
11045,12,False,&nbsp;,"Revokes EO's 8683, 8729, 10341"
11046,12,True,Amended by EO 11382,"Codified at Chapter 

      32, Subchapter B"
11047,12,True,Amended by EO 12608,"Codified at Chapter 

      14"
11048,12,True,&nbsp;,"Codified at Chapter 

      32, Subchapter A"
11049,12,False,&nbsp;,Revoked by EO 12553
11050,12,False,&nbsp;,Revoked by EO 12553
11051,12,False,"Amended Proc. 3279; EO's 10242, 10260, 10296, 10312, 10346, 10421, 10427, 

      10480, 10494, 10529, 10582, 10601, 10634, 10660, 10705, 10737, 10789, 10900, 

      10952, 10958. Amended by EO's 11075, 11556, 11725, 12046",Revoked by EO 12148
11052,12,False,Amended by EO 11214,Superseded by EO 11651
11053,12,False,&nbsp;,Executed and obsolete
11054,12,False,&nbsp;,Revoked by EO 12553
11055,12,False,&nbsp;,Temporary
11056,12,False,&nbsp;,Superseded by EO 11073
11057,12,True,Modified by EO 12038,"Codified at Chapter 

      22, Subchapter A"
11058,12,False,&nbsp;,Temporary
11059,12,False,&nbsp;,"See note at EO 

      9698  Chapter 

      22, subchapter C"
11060,12,True,Amended by EO 12608,"Codified at Chapter 

      28"
11061,12,False,&nbsp;,Temporary
11062,12,False,&nbsp;,Amends EO 10480
11063,12,True,Amended by EO 12259,Codified at Chapter 24
11064,12,False,&nbsp;,Temporary
11065,12,False,&nbsp;,Temporary
11066,12,False,&nbsp;,Public lands
11067,12,False,&nbsp;,Public lands
11068,12,False,&nbsp;,Executed and obsolete
11069,12,False,Amended EO 11017,Superseded by EO 11278
11070,12,False,Amended EO 9708,Revoked by EO 12452
11071,12,False,Amended by EO 11224,"Authority repealed by Pub. L. 94-12 (89 Stat. 59, 26 U.S.C. 955 nt.)"
11072,12,False,&nbsp;,Public lands
11073,12,False,Amended by EO 11173,Superseded by EO 11721
11074,12,False,Amended EO 10830,Revoked by EO 11398
11075,12,False,"Amended EO 11051. Amended by EO's 11106, 11113",Revoked by EO 11846
11076,12,False,&nbsp;,Temporary
11077,12,True,"Amended by EO 11922, 12608","Codified at Chapter 

      8"
11078,12,False,&nbsp;,Revoked by EO 12553
11079,12,True,"Amended by EO 11382, 12608","Codified at Chapter 

      32, Subchapter B"
11080,12,False,&nbsp;,Temporary
11081,12,False,Amended EO 10214,Nullified by EO 11430
11082,12,False,&nbsp;,Temporary
11083,12,False,&nbsp;,Temporary
11084,12,False,Amended EO 10995,Revoked by EO 11556
11085,12,False,&nbsp;,"Amends EO's 9586, 10336, 10717"
11086,12,False,Amended EO 10587,Revoked by EO 12553
11087,12,False,&nbsp;,Revoked by EO 11490
11088,12,False,&nbsp;,Revoked by EO 11490
11089,12,False,&nbsp;,Revoked by EO 11490
11090,12,False,&nbsp;,Revoked by EO 11490
11091,12,False,&nbsp;,Revoked by EO 11490
11092,12,False,&nbsp;,Revoked by EO 11490
11093,12,False,&nbsp;,Revoked by EO 11490
11094,12,False,&nbsp;,Revoked by EO 11490
11095,12,False,&nbsp;,Revoked by EO 11490
11096,12,False,Amended by EO 12107,"Nullified by Pub. L. 95-454 (92 Stat. 1119, 5 U.S.C. 1101)"
11097,12,False,"Amended EO's 10501, 10901",Revoked by EO 11652
11098,12,False,"Amended EO's 10001, 10008, 10202, 10292, 10420, 10469, 10594, 10659, 10714, 

      10735, 10809, 10984. Amended by EO's 11119, 11188, 11241, 11266, 11360, 

      11497, 11527, 11537, 11553, 11563",Revoked by EO 12553
11099,12,False,&nbsp;,Temporary
11100,12,False,Amended by EO 11134,Temporary
11101,12,False,&nbsp;,Revoked by EO 12553
11102,12,False,&nbsp;,Revoked by EO 12553
11103,12,True,Amended by EO 12107,Codified at Chapter  5
11104,12,False,&nbsp;,Temporary
11105,12,False,"Amended EO's 9816, 10657",Revoked by EO 12553
11106,12,False,Amended EO 11075,Revoked by EO 11846
11107,12,False,&nbsp;,Superseded by EO 12434
11108,12,False,&nbsp;,Revoked by EO 12553
11109,12,False,&nbsp;,Temporary
11110,12,False,&nbsp;,Amends EO 10289
11111,12,False,&nbsp;,Executed and obsolete
11112,12,False,Amended by EO 11124,Revoked by EO 11208
11113,12,False,Amended EO 11075,Revoked by EO 11846
11114,12,False,Amended EO 10925. Amended by EO 11162,Superseded by EO 11246
11115,12,False,&nbsp;,Revoked by EO 12553
11116,12,False,Amended by 11230,Revoked by EO 12553
11117,12,False,&nbsp;,Revoked by EO 11515
11118,12,False,&nbsp;,Executed and obsolete
11119,12,False,"Amended EO's 10735, 10984, 11098. Amended by EO's 11241, 11497, 11527, 

      11537, 11563",Revoked by EO 12553
11120,12,False,"Amended EO's 10152, 10168, 10204",Revoked by EO 11157
11121,12,False,&nbsp;,Revoked by EO 12553
11122,12,False,&nbsp;,Superseded by EO 11307
11123,12,False,Amended EO 10853,Revoked by EO 12228
11124,12,False,Amended EO 11112,Revoked by EO 11208
11125,12,False,&nbsp;,Revoked by EO 11222
11126,12,False,"Amended by EO's 11221, 12007. Continued by EO's 11827, 11948",Revoked by EO 12050
11127,12,False,&nbsp;,Revoked by EO 12553
11128,12,False,&nbsp;,Temporary
11129,12,True,&nbsp;,"Codified at Chapter 

      14"
11130,12,False,&nbsp;,Executed and obsolete
11131,12,False,&nbsp;,Revoked by EO 12553
11132,12,False,Amended by EO 11148,Revoked by EO 11753
11133,12,False,&nbsp;,Temporary
11134,12,False,Amended EO 11100,Temporary
11135,12,False,&nbsp;,Revoked by EO 12553
11136,12,False,Amended by EO 11349,Superseded by EO 11583
11137,12,True,Amended by EO 11382,"Codified at Chapter 

      32, Subchapter B"
11138,12,False,Modified EO 9721. Amended EO 10103,Revoked by EO 12553
11139,12,True,&nbsp;,"Codified at Chapter 

      32, Subchapter B"
11140,12,True,Amended by EO 12608,"Codified at Chapter 

      42"
11141,12,True,&nbsp;,"Codified at Chapter 

      29"
11142,12,False,&nbsp;,Superseded by EO 11302
11143,12,False,Amended by EO 11159,Revoked by EO 11425
11144,12,False,&nbsp;,Executed and obsolete
11145,12,True,"Amended by EO 11565. Continued by EO's 11827, 11948, 12110, 12258, 12399, 

      12489, 12534, 12610","Codified at Chapter 

      36"
11146,12,False,Amended EO 10204,Revoked by EO 11157
11147,12,False,&nbsp;,Revoked by EO 12553
11148,12,False,Amended EO 11132,Revoked by EO 11753
11149,12,False,Amended by EO 11382,Revoked by EO 11428
11150,12,False,&nbsp;,Revoked by EO 11182
11151,12,False,&nbsp;,Revoked by EO 12082
11152,12,False,&nbsp;,Revoked by EO 11515
11153,12,False,&nbsp;,Temporary
11154,12,False,&nbsp;,Executed and obsolete
11155,12,True,Amended by EO 12158,"Codified at Chapter 

      48"
11156,12,False,&nbsp;,Revoked by EO 11427
11157,12,True,"Amended by EO's 11242, 11253, 11259, 11292, 11382, 11424, 11473, 11511, 

      11591, 11716, 11728, 11897, 11929, 11939, 12094, 12243, 12274, 12337, 12380, 

      12394, 12420, 12488, 12494, 12541, 12573, 12577, 12608","Codified at Chapter 

      32, Subchapter B"
11158,12,False,&nbsp;,Executed and obsolete
11159,12,False,Amended EO 11143,Revoked by EO 11425
11160,12,True,&nbsp;,"Codified at Chapter 

      15"
11161,12,True,Amended by EO 11382,"Codified at Chapter 

      14"
11162,12,False,"Amended EO 10925, 11114",Superseded by EO 11246
11163,12,False,&nbsp;,Public lands
11164,12,False,Amended EO 10530,Superseded by EO 11230
11165,12,False,&nbsp;,Public lands
11166,12,False,&nbsp;,Public lands
11167,12,False,&nbsp;,Public lands
11168,12,False,&nbsp;,Revoked by EO 12553
11169,12,False,&nbsp;,Revoked by EO 12553
11170,12,False,&nbsp;,Revoked by EO 12553
11171,12,False,Amended by EO 12107,Revoked by EO 12553
11172,12,False,&nbsp;,Public lands
11173,12,False,Amended EO 11073,Superseded by EO 11721
11174,12,False,Amended by EO 11407,Amends EO 10879
11175,12,False,Amended by EO 11304,"Authority repealed by Pub. L. 94-455 (90 Stat. 1814, 26 U.S.C. 4911 nt.)"
11176,12,False,&nbsp;,Superseded by EO 11213
11177,12,True,Amended by EO 12038,"Codified at Chapter 

      33"
11178,12,False,&nbsp;,Supersedes Proc. 2263. Amends EO 10851
11179,12,True,Amended by EO 12148,"Codified at Chapter 

      44"
11180,12,False,&nbsp;,Revoked by EO 12553
11181,12,False,&nbsp;,Revoked by EO 12553
11182,12,False,"Amended by EO's 11382, 11386",Revoked by EO 11608
11183,12,True,"Amended by EO's 11410, 11648, 11946, 12012, 12107, 12653. Continued by 

      EO's 11827, 11948, 12110, 12258, 12399, 12489, 12534, 12610",Codified at Chapter  5
11184,12,False,"Amended by EO 10530, 11196",Superseded by EO 11230
11185,12,False,"Amended by EO's 11260, 11661",Superseded by EO 11761
11186,12,False,&nbsp;,Revoked by EO 11209
11187,12,False,&nbsp;,Temporary
11188,12,False,"Amended EO's 9988, 10292, 10363, 10659, 10714, 10809, 10837, 10984, 11098. 

      Amended by EO's 11350, 11360",Revoked by EO 12553
11189,12,False,Amended by EO 11195,Revoked by EO 12060
11190,12,True,Amended by EO 11382,"Codified at Chapter 

      32, Subchapter B"
11191,12,False,Amended by EO 11556,Revoked by EO 12046
11192,12,False,&nbsp;,Temporary
11193,12,False,&nbsp;,Temporary
11194,12,False,&nbsp;,Temporary
11195,12,False,Amended EO 11189,Revoked by EO 12060
11196,12,False,"Amended EO's 10530, 11184",Revoked by EO 12553
11197,12,False,&nbsp;,Revoked by EO 11247
11198,12,False,"Amended by EO's 11304, 11328","Authority repealed by Pub. L. 94-455 (90 Stat. 1814, 26 U.S.C. 4911 nt.)"
11199,12,False,&nbsp;,Revokes EO 5786
11200,12,True,&nbsp;,"Codified at Chapter 

      43"
11201,12,False,&nbsp;,Temporary
11202,12,False,&nbsp;,Revoked by EO 11813
11203,12,True,Amended by EO 12107,Codified at Chapter  5
11204,12,False,&nbsp;,Temporary
11205,12,False,&nbsp;,Revokes EO 10729
11206,12,False,&nbsp;,Revoked by EO 12553
11207,12,False,&nbsp;,Executed and obsolete
11208,12,False,&nbsp;,"Revokes EO's 11112, 11124"
11209,12,False,&nbsp;,Revoked by EO 11386
11210,12,False,Amended by EO 11347,Executed and obsolete
11211,12,False,"Amended by EO's 11368, 11506","Authority repealed by Pub. L. 94-455 (90 Stat. 1814, 26 U.S.C. 4911 nt.)"
11212,12,False,&nbsp;,Public lands
11213,12,False,&nbsp;,Revoked by EO 12553
11214,12,False,Amended EO 11052,Superseded by EO 11651
11215,12,False,Amended by EO 11309,Temporary
11216,12,True,&nbsp;,"Codified at Chapter 

      26"
11217,12,False,&nbsp;,Temporary
11218,12,False,Amended EO 11017,Superseded by EO 11278
11219,12,True,"Amended by EO 12107, 12292",Codified at Chapter  5
11220,12,False,&nbsp;,Public lands
11221,12,False,Amended EO 11126,Revoked by EO 12050
11222,12,False,"Amended by EO's 11590, 12107, 12565",&nbsp;
11223,12,True,"Amended by EO's 12163, 12178","Codified at Chapter 

      22, Subchapter D"
11224,12,False,Amended EO 11071,Superseded by EO 11285
11225,12,False,Amended by EO 11449,"See note at EO 

      9698  Chapter 

      22, subchapter C"
11226,12,False,Amended EO 10358,Revoked by EO 11582
11227,12,False,&nbsp;,Revoked by EO 11718
11228,12,True,"Amended by EO's 11257, 12107",Codified at Chapter  5
11229,12,False,&nbsp;,Revoked by EO 11449
11230,12,False,"Amended EO's 10530, 10903, 10970, 11012, 11116. Amended by EO's 11275, 

      11290, 11294",Superseded by EO 11609
11231,12,True,Amended by EO 11382,"Codified at Chapter 

      32, Subchapter B"
11232,12,False,&nbsp;,Revoked by EO 11437
11233,12,False,&nbsp;,Temporary
11234,12,False,&nbsp;,Temporary
11235,12,False,&nbsp;,Temporary
11236,12,False,&nbsp;,Temporary
11237,12,False,&nbsp;,Revoked by EO 12553
11238,12,False,&nbsp;,Temporary
11239,12,True,"Amended EO 10402. Amended by EO 11382, 12234","Codified at Chapter 

      33"
11240,12,False,&nbsp;,Temporary
11241,12,False,"Amended EO's 10735, 10984, 11098, 11119. Amended by EO's 11360, 11497, 

      11527, 11537, 11563",Revoked by EO 12553
11242,12,False,&nbsp;,Amends EO 11157
11243,12,False,&nbsp;,Revoked by EO 12553
11244,12,False,&nbsp;,Superseded by EO 11248
11245,12,False,&nbsp;,Superseded by EO 11248
11246,12,True,"Amended by EO's 11375, 11478, 12086, 12107","Codified at Chapter 

      29"
11247,12,False,&nbsp;,Superseded by EO 11764
11248,12,False,"Amended by EO's 11251, 11252, 11262, 11268, 11273, 11293, 11299, 11316, 

      11323, 11335, 11338, 11346, 11367, 11369, 11384, 11385, 11389, 11393, 11400, 

      11409, 11416, 11421, 11441, 11463, 11468, 11489, 11499, 11504, 11510, 11516, 

      11540, 11542, 11550, 11581, 11587, 11604, 11634, 11641, 11676, 11699",Revoked by EO 11708
11249,12,False,&nbsp;,"Codified at 33 CFR 6.01-3, 6.01-4, 6.01-5, 6.04-5, 6.04-6, 6.04-7"
11250,13,False,Amended EO 11041,"Superseded by EO's 11603, 12137"
11251,13,False,Amended EO 11248,Superseded by EO 11708
11252,13,False,Amended EO 11248. Amended by EO 12527,Revoked by EO 12553
11253,13,False,Amended EO 11157,Revoked by EO 12380
11254,13,False,&nbsp;,"Board terminated pursuant to Pub. L. 89-283 (79 Stat. 1018, 19 U.S.C. 

      2022 nt.)"
11255,13,False,&nbsp;,Revoked by EO 12553
11256,13,False,&nbsp;,Revoked by EO 12379
11257,13,False,&nbsp;,Amends EO 11228
11258,13,False,&nbsp;,Superseded by EO 11288
11259,13,False,&nbsp;,Amends EO 11157
11260,13,False,Amended EO 11185,Revoked by EO 11661. Superseded by EO 11761
11261,13,False,Amended EO 10973,Revoked by EO 12163
11262,13,False,Amended EO 11248,Revoked by EO 11708
11263,13,False,Amended EO 10713,"Nullified by treaty on May 15, 1972, TIAS 7314, 23 UST 446"
11264,13,False,"Amended by EO's 11434, 11636, 12107, 12292",Revoked by EO 12363
11265,13,False,&nbsp;,Amends EO 10448
11266,13,False,"Amended EO's 10292, 10469, 11098. Amended by EO 11360",Revoked by EO 12553
11267,13,True,&nbsp;,"Codified at Chapter 

      28"
11268,13,False,Amended EO 11248. Amended by EO 11393,Revoked by EO 11708
11269,13,True,"Amended by EO's 11334, 11808, 11977, 12164, 12188, 12403, 12567, 12647",Codified at Chapter 31
11270,13,False,&nbsp;,"Authority repealed by Pub. L. 94-412 (90 Stat. 1255, 50 U.S.C. 1601)"
11271,13,False,&nbsp;,Temporary
11272,13,False,Amended EO 10358,Revoked by EO 11582
11273,13,False,Amended EO 11248,Revoked by EO 11708
11274,13,True,&nbsp;,Codified at Chapter 24
11275,13,False,Amended EO 11230,Superseded by EO 11609
11276,13,False,&nbsp;,Revoked by EO 12553
11277,13,False,&nbsp;,Revoked by EO 11718
11278,13,False,"Amended by EO's 11359A, 11402",Revoked by EO 11472
11279,13,False,&nbsp;,Temporary
11280,13,False,&nbsp;,Superseded by EO 11776
11281,13,True,&nbsp;,Codified at Chapter 31
11282,13,False,&nbsp;,Superseded by EO 11507
11283,13,False,&nbsp;,"See note at EO 

      9698  Chapter 

      22, subchapter C"
11284,13,False,&nbsp;,Revoked by EO 12553
11285,13,False,&nbsp;,"Authority repealed by Pub. L. 94-455 (90 Stat. 1814, 26 U.S.C. 4911 nt.)"
11286,13,False,&nbsp;,Revoked by EO 12553
11287,13,True,"Amended by EO's 11502, 11734. Continued by EO's 11827, 11948, 12110, 12258, 

      12399, 12489, 12534, 12610","Codified at Chapter 

      9"
11288,13,False,&nbsp;,Superseded by EO 11507
11289,13,False,&nbsp;,Temporary
11290,13,False,Amended EO 11230,Superseded by EO 11609
11291,13,False,&nbsp;,Revoked by EO 12553
11292,13,False,&nbsp;,Amends EO 11157
11293,13,False,Amended EO 11248,Revoked by EO 11708
11294,13,False,Amended EO 10621. Amended by EO 11609,Revoked by EO 12561
11295,13,True,&nbsp;,"Codified at Chapter 

      22, Subchapter A"
11296,13,False,&nbsp;,Revoked by EO 11988
11297,13,True,&nbsp;,Codified at Chapter 24
11298,13,True,&nbsp;,"Codified at Chapter 

      32, Subchapter B"
11299,13,False,Amended EO 11248,Superseded by EO 11708
11300,13,True,&nbsp;,"Codified at Chapter 

      28"
11301,13,False,&nbsp;,Temporary
11302,13,True,"Amended by EO's 11429, 11609","Codified at Chapter 

      38"
11303,13,False,Modified EO 9721. Amended EO 10103,Revoked by EO 12553
11304,13,False,&nbsp;,"Amends EO's 11175, 11198"
11305,13,False,&nbsp;,"Revoked by FR Doc. 79-38798, Dec. 7, 1979 (44 FR 75308)"
11306,13,False,&nbsp;,Temporary
11307,13,False,&nbsp;,Revoked by EO 12553
11308,13,False,&nbsp;,Revoked by EO 12553
11309,13,False,Amended EO 11215,Temporary
11310,13,False,&nbsp;,Revoked by EO 11490
11311,13,True,&nbsp;,"Codified at Chapter 

      19"
11312,13,False,&nbsp;,Revoked by EO 12047
11313,13,False,&nbsp;,"Nullified by Pub. L. 91-375 (84 Stat. 719, 39 U.S.C. 101)"
11314,13,False,&nbsp;,Revoked by EO 12553
11315,13,True,Amended by EO 12107,Codified at Chapter  5
11316,13,False,Amended EO 11248,Revoked by EO 11708
11317,13,False,Amended EO 10214,Nullified by EO 11430
11318,13,False,Amended by EO 11351,Superseded by EO 11760
11319,13,False,&nbsp;,Amends EO 10707
11320,13,False,&nbsp;,Revoked by EO 12553
11321,13,False,&nbsp;,Revoked by EO 12553
11322,13,False,&nbsp;,Revoked by EO 12183
11323,13,False,Amended EO 11248,Revoked by EO 11708
11324,13,False,&nbsp;,Revoked by EO 12553
11325,13,False,&nbsp;,Revoked by EO 12553
11326,13,False,Amended by EO 11382,"Nullified by treaty on May 15, 1972, TIAS 7314, 23 UST 446"
11327,13,False,Amended by EO 11366,Revoked by EO 12553
11328,13,False,&nbsp;,Modifies EO 11198
11329,13,False,&nbsp;,Revoked by EO 12553
11330,13,False,Amended by EO 11547,Revoked by EO 12379
11331,13,False,"Amended by EO's 11613, 12038, 12148",Revoked by EO 12319
11332,13,False,&nbsp;,Temporary
11333,13,False,&nbsp;,Temporary
11334,13,False,&nbsp;,"See note at EO 

      9698  Chapter 

      22, subchapter C"
11335,13,False,Amended EO 11248,Revoked by EO 11708
11336,13,True,&nbsp;,Codified at Chapter 7
11337,13,False,&nbsp;,Temporary
11338,13,False,Amended EO 11248,Revoked by EO 11708
11339,13,True,&nbsp;,"Codified at Chapter 

      32, Subchapter B"
11340,13,False,&nbsp;,Sets effective date for Pub. L. 89-670
11341,13,False,&nbsp;,Temporary
11342,13,False,"Amended by EO 11937. Continued by EO's 11827, 11948",Revoked by EO 12029
11343,13,False,&nbsp;,Revoked by EO 12553
11344,13,False,&nbsp;,Revoked by EO 12553
11345,13,False,"Amended by EO's 11613, 11646, 11882, 12038, 12148",Revoked by EO 12319
11346,13,False,Amended EO 11248,Revoked by EO 11708
11347,13,False,Amended EO 11210,Executed and obsolete
11348,13,True,Amended by EO 12107,Codified at Chapter  5
11349,13,False,Amended EO 11136,Superseded by EO 11583
11350,13,False,"Amended EO's 9988, 10001, 10008, 10116, 10202, 10292, 10363, 10659, 10714, 

      10984, 11188. Amended by EO's 11360, 11586",Revoked by EO 12553
11351,13,False,Amended EO 11318,Superseded by EO 11760
11352,13,False,&nbsp;,Revoked by EO 11437
11353,13,False,Amended by EO 11418,Revoked by EO 11509
11354,13,False,&nbsp;,"Amends EO's 3577, 10347, 11030"
11355,13,False,Amended by EO 12107,Amends EO 10647
11356,13,False,&nbsp;,Revoked by EO 12553
11357,13,False,&nbsp;,"Functions vested in National Highway Traffic Safety Administration by 

      Pub. L. 91-605 (84 Stat. 1739, 23 U.S.C. 401 nt.)"
11358,13,False,&nbsp;,Temporary
11359,13,False,"Amended by EO's 11613, 11635",Superseded by EO 11737
11360,13,False,"Amended EO's 9979, 9988, 10001, 10008, 10202, 10292, 10363, 10366, 10562, 

      10659, 10714, 10735, 10809, 10984, 11098, 11188, 11241, 11266, 11350. Amended 

      by EO's 11497, 11527, 11537, 11555, 11563, 11586, 11606",Revoked by EO 12553
11361,13,False,&nbsp;,Revoked by EO 11437
11362,13,False,&nbsp;,Executed and obsolete
11363,13,False,&nbsp;,"See note at EO 

      9698  Chapter 

      22, subchapter C"
11364,13,False,&nbsp;,Executed and obsolete
11365,13,False,&nbsp;,Temporary
11366,13,True,&nbsp;,"Codified at Chapter 

      32, Subchapter B"
11367,13,False,Amended EO 11248,Superseded by EO 11708
11368,13,False,Amended EO 11211. Amended by EO 11464,"Authority repealed by Pub. L. 94-455 (90 Stat. 1814, 26 U.S.C. 4911 nt.)"
11369,13,False,Amended EO 11248,Revoked by EO 11708
11370,13,False,&nbsp;,Temporary
11371,13,False,"Amended by EO's 11528, 11613, 11707, 11882, 12038, 12148",Revoked by EO 12319
11372,13,False,&nbsp;,Revoked by EO 11439
11373,13,False,&nbsp;,Temporary
11374,13,True,&nbsp;,"Codified at Chapter 

      29"
11375,13,False,Amended by EO 11478,Amends EO 11246
11376,13,False,Amended EO 11022,Revoked by EO 12379
11377,13,False,&nbsp;,Revoked by EO 12608
11378,13,False,&nbsp;,Executed and obsolete
11379,13,False,&nbsp;,Nullified by Pub. L. 93-198 (87 Stat. 790)
11380,13,False,&nbsp;,"Amends EO's 10903, 11034"
11381,13,False,Amended EO 10807,"Abolished by Pub. L. 94-282 (90 Stat. 472, 42 U.S.C. 1862 nt.)"
11382,13,False,"Amended EO's 10501, 10536, 10765, 10898, 11149, 11182, 11326. Amended 

      by EO's 11428, 11515, 12334","Revokes EO's 10534, 10771, 10858, 10968, 12334. Amends EO's 10448, 10631, 

      10789, 10840, 10854, 10865, 10977, 11016, 11046, 11079, 11137, 11157, 11161, 

      11190, 11231, 11239; 49 CFR Part 79"
11383,13,False,&nbsp;,Temporary
11384,13,False,Amended EO 11248,Revoked by EO 11708
11385,13,False,Amended EO 11248,Revoked by EO 11708
11386,13,False,Amended by EO 11608,Revoked by EO 12553
11387,13,False,&nbsp;,Revoked by EO 12553
11388,13,False,&nbsp;,Superseded by EO 11880
11389,13,False,Amended EO 11248,Revoked by EO 11708
11390,13,True,"Amended by EO's 11601, 12396, 12608","Codified at Chapter 

      32, Subchapter B"
11391,13,False,"Amended EO's 10344, 10594, 10837",Revoked by EO 12553
11392,13,False,&nbsp;,Temporary
11393,13,False,"Amended EO's 11248, 11268",Revoked by EO 11708
11394,13,False,Amended by EO 11411,Temporary
11395,13,False,Amended EO 10713,"Nullified by treaty on May 15, 1972, TIAS 7314, 23 UST 446"
11396,13,True,&nbsp;,"Codified at Chapter 

      28"
11397,13,False,&nbsp;,Revoked by EO 11521
11398,13,False,Amended EO 10830. Amended by EO 11492,Revoked by EO 11562
11399,13,False,"Amended by EO's 11551, 11688","Council terminated Nov. 26, 1974, under provisions of Pub. L. 91-125 (83 

      Stat. 220, 25 U.S.C. nt. prec. 1)"
11400,13,False,Amended EO 11248,Revoked by EO 11708
11401,13,False,Amended EO 6868,"Nullified by Pub. L. 93-198 (87 Stat. 779, 40 U.S.C. 71a)"
11402,13,False,Amended EO 11278,Revoked by EO 11472
11403,13,False,&nbsp;,Executed and obsolete
11404,13,False,&nbsp;,Executed and obsolete
11405,13,False,&nbsp;,Executed and obsolete
11406,13,False,&nbsp;,Temporary
11407,13,False,Amended by EO 11520,Amends EO 11174
11408,13,False,&nbsp;,"Revokes EO's 9, 9-2, 653, 661, 1072, 1118, 1210, 1390, 1472, 1583, 1930, 

      1947, 1991, 2071, 2154, 2252, 2325, 2596, 2819, 3158, 3359, 3597, 3668, 

      3771, 3860, 3941, 4013, 4048, 4059, 4250, 4439, 4527, 4627, 5133, 5187, 

      5188, 5627, 5666, 5700, 6051, 6108, 6259, 6518, 6824, 7332, 7369, 7636, 

      7648, 7736, 7796, 7823, 7896, 7944, 8390, 8399, 8516, 8880, 8980, 9367, 

      9442, 9845, 10044, 10055, 10645"
11409,13,False,Amended EO 11248,Revoked by EO 11708
11410,13,False,&nbsp;,Amends EO 11183
11411,13,False,Amended EO 11394,Temporary
11412,13,False,Amended by EO 11469,Temporary
11413,13,False,&nbsp;,Superseded by EO 11811
11414,13,False,&nbsp;,Superseded by EO 11812
11415,13,False,"Continued by EO's 11827, 11948",Revoked by EO 12148
11416,13,False,Amended EO 11248,Revoked by EO 11708
11417,13,False,Amended EO 10973,Revoked by EO 12163
11418,13,False,Amended EO 11353,Revoked by EO 11509
11419,13,False,Amended by EO 11978,Revoked by EO 12183
11420,13,True,&nbsp;,"Codified at Chapter 

      15"
11421,13,False,Amended EO 11248,Revoked by EO 11708
11422,13,False,Amended by EO 12107,Revoked by EO 12553
11423,13,True,&nbsp;,"Codified at Chapter 

      22, Subchapter A"
11424,13,False,&nbsp;,Amends EO 11157
11425,13,False,&nbsp;,Temporary
11426,13,False,&nbsp;,Superseded by EO 11455
11427,13,False,&nbsp;,Revokes EO 11156
11428,13,False,Amended EO 11382,Revokes EO 11149
11429,13,False,&nbsp;,Amends EO 11302
11430,13,False,&nbsp;,Nullified by EO 11476
11431,13,False,&nbsp;,Revoked by EO 12553
11432,13,False,Amended EO 10973,Revoked by EO 12163
11433,13,False,&nbsp;,Revoked by EO 12553
11434,13,False,"Amended EO 11264. Amended by EO's 12107, 12292",Revoked by EO 12553
11435,13,True,&nbsp;,"Codified at Chapter 

      25"
11436,13,False,&nbsp;,Revoked by EO 12553
11437,13,False,&nbsp;,Revoked by EO 12082
11438,13,True,Amended by EO 12107,"Codified at Chapter 

      32, Subchapter B"
11439,13,False,&nbsp;,Revokes EO 11372
11440,13,True,Amended by EO 12608,"Codified at Chapter 

      41"
11441,13,False,Amended EO 11248,Revoked by EO 11708
11442,13,False,&nbsp;,Revoked by EO 12553
11443,13,False,&nbsp;,Revoked by EO 12553
11444,13,False,&nbsp;,Revoked by EO 12553
11445,13,False,&nbsp;,Revoked by EO 12553
11446,13,True,&nbsp;,"Codified at Chapter 

      32, Subchapter B"
11447,13,False,&nbsp;,Executed and obsolete
11448,13,True,Amended by EO 12312,"Codified at Chapter 

      32, Subchapter B"
11449,13,False,Amended EO 11225,Revoked by EO 12553
11450,13,True,&nbsp;,"Codified at Chapter 

      19"
11451,13,False,Amended by EO 12107,Superseded by EO 12136
11452,13,False,"Amended by EO's 11500, 11541",Revoked by EO 12553
11453,13,False,&nbsp;,Revoked by EO 11702
11454,13,False,&nbsp;,Temporary
11455,13,False,&nbsp;,Revoked by EO 11690
11456,13,True,&nbsp;,"Codified at Chapter 

      3"
11457,13,False,&nbsp;,Temporary
11458,13,False,&nbsp;,Superseded by EO 11625
11459,13,False,&nbsp;,Superseded by EO 12445
11460,13,False,&nbsp;,Revoked by EO 11984
11461,13,False,&nbsp;,Temporary
11462,13,False,&nbsp;,Temporary
11463,13,False,Amended EO 11248,Revoked by EO 11708
11464,13,False,"Amended EO 11368. Amended by EO's 11754, 11766","Authority repealed by Pub. L. 94-455 (90 Stat. 1814, 26 U.S.C. 4911 nt.)"
11465,13,False,&nbsp;,Temporary
11466,13,False,&nbsp;,Superseded by EO 11867
11467,13,True,Amended by EO 12608,"Codified at Chapter 

      22, Subchapter A"
11468,13,False,Amended EO 11248,Revoked by EO 11708
11469,13,False,Amended EO 11412,Temporary
11470,13,False,&nbsp;,"Superseded by EO's 11603, 12137"
11471,13,True,&nbsp;,"Codified at Chapter 

      22, Subchapter A"
11472,13,True,"Amended by EO's 11514, 11541, 12007. Continued by EO's 11827, 11948","Codified at Chapter 

      40"
11473,13,False,Amended EO 11157,Revoked by EO 12394
11474,13,False,&nbsp;,Superseded by EO 11811
11475,13,False,&nbsp;,Superseded by EO 11812
11476,13,False,"Amended by EO's 11835, 12018, 12198, 12233, 12306, 12315, 12340, 12383, 

      12460",Rescinded by EO 12473
11477,13,True,Modified by EO 12038,"Codified at Chapter 

      10"
11478,13,True,"Amended by EO's 11590, 12106",Codified at Chapter  5
11479,13,False,&nbsp;,Temporary
11480,13,False,"Amended by EO's 12106, 12608",Revoked by EO 12640
11481,13,False,&nbsp;,Temporary
11482,13,False,&nbsp;,Revoked by EO 12110
11483,13,False,&nbsp;,Temporary
11484,13,False,&nbsp;,"See note at EO 

      9698  Chapter 

      22, subchapter C"
11485,13,True,&nbsp;,"Codified at Chapter 

      32, Subchapter B"
11486,13,False,&nbsp;,Revoked by EO 12553
11487,13,True,&nbsp;,"Codified at Chapter 

      43"
11488,13,False,&nbsp;,Public lands
11489,13,False,Amended EO 11248,Revoked by EO 11708
11490,13,False,"Amended by EO's 11522, 11556, 11746, 11921, 11953, 12038, 12046, 12107, 

      12148, 12608",Revoked by EO 12656
11491,13,True,"Amended by EO's 11616, 11636, 11838, 11901, 12027, 12107",Codified at Chapter  5
11492,13,False,Amended EO 11398,Revoked by EO 11562
11493,13,False,Amended by EO 11541,Revoked by EO 12553
11494,13,True,&nbsp;,"Codified at Chapter 

      3"
11495,13,False,&nbsp;,Revoked by EO 11575
11496,13,False,&nbsp;,Temporary
11497,13,False,"Amended EO's 10001, 10202, 10292, 10659, 10735, 10984, 11098, 11119, 11241, 

      11360",Revoked by EO 12553
11498,13,True,&nbsp;,"Codified at Chapter 

      32, Subchapter B"
11499,13,False,Amended EO 11248,Revoked by EO 11708
11500,14,False,&nbsp;,Amends EO 11452
11501,14,False,Amended by EO 11685,Revoked by EO 11958
11502,14,False,&nbsp;,Amends EO 11287
11503,14,False,&nbsp;,Temporary
11504,14,False,Amended EO 11248,Revoked by EO 11708
11505,14,False,&nbsp;,Temporary
11506,14,False,&nbsp;,Amended EO 11211
11507,14,False,&nbsp;,Superseded by EO 11752
11508,14,False,Amended by EO 11560,Superseded by EO 11724
11509,14,False,&nbsp;,Nullified by Pub. L. 92-463 (86 Stat. 770)
11510,14,False,Amended EO 11248,Revoked by EO 11708
11511,14,False,&nbsp;,Amends EO 11157
11512,14,False,&nbsp;,Revoked by EO 12072
11513,14,False,Amended by EO 11597,Temporary
11514,14,True,"Amended by EO's 11541, 11991","Codified at Chapter 
      40"
11515,14,False,&nbsp;,"Amends EO's 9586, 11382. Revokes EO's 10898, 10986, 11117, 11152"
11516,14,False,Amended EO 11248,Revoked by EO 11708
11517,14,True,&nbsp;,"Codified at Chapter 
      22, Subchapter A"
11518,14,True,&nbsp;,"Codified at Chapter 
      13"
11519,14,False,&nbsp;,Executed and obsolete
11520,14,False,&nbsp;,Amends EO 11407
11521,14,True,Amended by EO 12107,"Codified at Chapter 
      38"
11522,14,False,Amended EO 11490,Superseded by EO 11921
11523,14,False,&nbsp;,"Council terminated Jan. 5, 1975, under provisions of Pub. L. 92-463 (86 
      Stat. 770, 5 U.S.C. App.)"
11524,14,False,&nbsp;,Superseded by EO 11811
11525,14,False,&nbsp;,Superseded by EO 11812
11526,14,False,&nbsp;,Superseded by EO 11749
11527,14,False,"Amended EO's 10001, 10202, 10292, 10659, 10735, 10984, 11098, 11119, 11241, 
      11360",Revoked by EO 12553
11528,14,False,Amended EO 11371,Revoked by EO 12319
11529,14,False,&nbsp;,"Revokes EO's 10302, 10940"
11530,14,False,&nbsp;,Amends EO 10624
11531,14,False,&nbsp;,Superseded by EO 11895
11532,14,False,&nbsp;,Superseded by EO 11981
11533,14,False,"Amended by EO 11907. Continued by EO's 11683, 11798, 11818",Revoked by EO 12002
11534,14,False,&nbsp;,Revoked by EO 12110
11535,14,False,&nbsp;,Temporary
11536,14,False,&nbsp;,Temporary
11537,14,False,"Amended EO's 10001, 10202, 10659, 10735, 10984, 11098, 11119, 11241, 11360. 
      Amended by EO 11563",Revoked by EO 12553
11538,14,False,&nbsp;,Executed and obsolete
11539,14,True,Amended by EO 12188,"Codified at Chapter 
      19"
11540,14,False,Amended EO 11248. Amended by EO 11715,Revoked by EO 11708
11541,14,True,"Amended by EO's 11609, 11713, 11717, 12013, 12027, 12107, 12318","Codified at Chapter 
      34"
11542,14,False,Amended EO 11248,Revoked by EO 11708
11543,14,False,&nbsp;,Revoked by EO 12553
11544,14,False,&nbsp;,Superseded by EO 11926
11545,14,True,&nbsp;,"Codified at Chapter 
      32, Subchapter B"
11546,14,False,Amended by EO 11557,Temporary
11547,14,False,Amended EO 11330,Revoked by EO 12379
11548,14,False,&nbsp;,Superseded by EO 11735
11549,14,False,&nbsp;,Revokes EO 10361
11550,14,False,Amended EO 11248,Revoked by EO 11708
11551,14,False,Amended EO 11399,"Council terminated Nov. 26, 1974, under provisions of Pub. L. 91-125 (83 
      Stat. 220, 25 U.S.C. nt. prec. 1)"
11552,14,True,Amended by EO 12107,Codified at Chapter  5
11553,14,False,"Amended EO's 10001, 10008, 10292, 11098",Revoked by EO 12553
11554,14,False,"Amended by EO's 11684, 11799, 11925",Revoked by EO 12082
11555,14,False,"Amended EO's 9979, 11360",Revoked by EO 12553
11556,14,False,"Amended EO's 10705, 11051, 11191, 11490. Amended by EO 11921",Revoked by EO 12046
11557,14,False,Amended EO 11546,Temporary
11558,14,False,&nbsp;,Revoked by EO 12553
11559,14,False,&nbsp;,Revoked by EO 12553
11560,14,False,Amended EO 11508,Superseded by EO 11724
11561,14,True,"Amended by EO's 12107, 12608",Codified at Chapter  5
11562,14,False,"Amended by EO's 11945, 12098. Continued by EO's 11827, 11948, 12110, 12258",Revoked by EO 12345
11563,14,False,"Amended EO's 10001, 10202, 10292, 10659, 10735, 10984, 11098, 11119, 11241, 
      11360, 11537",Revoked by EO 12553
11564,14,True,&nbsp;,"Codified at Chapter 
      15"
11565,14,False,&nbsp;,Amends EO 11145
11566,14,True,&nbsp;,"Codified at Chapter 
      16"
11567,14,False,&nbsp;,Superseded by EO 11759
11568,14,False,&nbsp;,Executed and obsolete
11569,14,False,Amended EO 10292,Revoked by EO 12553
11570,14,True,Amended by EO 12107,"Codified at Chapter 
      39"
11571,14,False,Amended EO 6868,Nullified by Pub. L. 93-198 (87 Stat. 779)
11572,14,False,&nbsp;,Executed and obsolete
11573,14,False,&nbsp;,Temporary
11574,14,False,&nbsp;,Revoked by EO 12553
11575,14,False,Amended by EO 11662,Superseded by EO 11749
11576,14,False,&nbsp;,Superseded by EO 11811
11577,14,False,&nbsp;,Superseded by EO 11812
11578,14,False,"Amended by EO's 11882, 12038, 12148",Revoked by EO 12319
11579,14,True,"Amended by EO's 12107, 12163",Codified at Chapter 31
11580,14,True,Amended by EO 12608,"Codified at Chapter 
      13"
11581,14,False,Amended EO 11248,Revoked by EO 11708
11582,14,True,&nbsp;,Codified at Chapter  5
11583,14,True,"Amended by EO's 11595, 11702, 12007, 12608. Continued by EO's 11827, 11948","Codified at Chapter 
      16"
11584,14,False,&nbsp;,Temporary
11585,14,False,&nbsp;,Revoked by EO 12553
11586,14,False,"Amended EO's 10001, 10008, 10202, 10292, 10420, 10659, 10714, 10837, 10984, 
      11350, 11360",Revoked by EO 12553
11587,14,False,Amended EO 11248,Revoked by EO 11708
11588,14,False,"Amended by EO's 11627, 11640",Superseded by EO 11695. Revoked by EO 11788
11589,14,True,Amended by EO 12107,Codified at Chapter  5
11590,14,False,&nbsp;,"Amends EO's 11222, 11478"
11591,14,False,&nbsp;,Amends EO 11157
11592,14,True,&nbsp;,"Codified at Chapter 
      34"
11593,14,True,&nbsp;,"Codified at Chapter 
      36"
11594,14,False,&nbsp;,Executed and obsolete
11595,14,False,&nbsp;,Amends EO 11583
11596,14,False,&nbsp;,"See note at EO 
      9698  Chapter 
      22, subchapter C"
11597,14,False,Amended EO 11513,Temporary
11598,14,False,&nbsp;,Superseded by EO 11701
11599,14,False,&nbsp;,"Nullified by Pub. L. 92-255 (86 Stat. 65, 21 U.S.C. 1101 nt.)"
11600,14,True,&nbsp;,"Codified at Chapter 
      34"
11601,14,False,Amended EO 11390,Revoked by EO 12396
11602,14,False,&nbsp;,Superseded by EO 11738
11603,14,False,Amended by EO 12107,Superseded by EO 12137
11604,14,False,Amended EO 11248,Revoked by EO 11708
11605,14,False,Amended EO 10450,Revoked by EO 11785
11606,14,False,"Amended EO's 10001, 10735, 11360",Revoked by EO 12553
11607,14,False,&nbsp;,Revoked by EO 11792
11608,14,False,&nbsp;,Amends EO 11386. Revokes EO 11182
11609,14,True,"Amended by EO's 11713, 11779, 12107, 12215, 12466, 12522, 12608","Codified at Chapter 
      34"
11610,14,False,&nbsp;,Amends EO 10789
11611,14,False,&nbsp;,Temporary
11612,14,False,&nbsp;,Superseded by EO 11807
11613,14,False,"Amended EO's 11331, 11345, 11359, 11371",Revoked by EO 12319
11614,14,False,&nbsp;,"Council terminated Jan. 5, 1975, under provisions of Pub. L. 92-463 (86 
      Stat. 770, 5 U.S.C. App.)"
11615,14,False,Amended by EO 11617,Superseded by EO 11627
11616,14,False,Amended by EO 12107,Amends EO 11491
11617,14,False,Amended EO 11615,Superseded by EO 11627
11618,14,False,Amended EO 10713,"Nullified by treaty on May 15, 1972, TIAS 7314, 23 UST 446"
11619,14,False,&nbsp;,Executed and obsolete
11620,14,False,&nbsp;,Temporary
11621,14,False,Amended by EO 11622,Revoked by EO 12553
11622,14,False,Amended EO 11621,Revoked by EO 12553
11623,14,True,Amended by EO 12608,"Codified at Chapter 
      32, Subchapter A"
11624,14,False,&nbsp;,Temporary
11625,14,True,"Amended by EO 12007. Continued by EO's 11827, 11948","Codified at Chapter 
      13"
11626,14,False,&nbsp;,Temporary
11627,14,False,"Amended EO 11588. Amended by EO's 11630, 11632, 11695",Superseded by EO 11640. Revoked by EO 11788
11628,14,True,&nbsp;,"Codified at Chapter 
      40"
11629,14,True,&nbsp;,"Codified at Chapter 
      22, Subchapter A"
11630,14,False,Amended EO 11627,Superseded by EO 11640
11631,14,False,&nbsp;,Temporary
11632,14,False,Amended EO 11627,Superseded by EO 11640
11633,14,True,&nbsp;,"Codified at Chapter 
      22, Subchapter B"
11634,14,False,Amended EO 11248,Revoked by EO 11708
11635,14,False,Amended EO 11359,Superseded by EO 11737
11636,14,False,"Amended EO's 11264, 11491. Amended by EO's 12027, 12128",Revoked by EO 12292
11637,14,False,&nbsp;,Superseded by EO 11811
11638,14,False,&nbsp;,Superseded by EO 11812
11639,14,True,Amended by EO 12107,Codified at Chapter  5
11640,14,False,"Amended EO 11588. Amended by EO's 11660, 11674",Superseded by EO 11695. Revoked by EO 11788
11641,14,False,Amended EO 11248,Revoked by EO 11727
11642,14,False,&nbsp;,Temporary
11643,14,False,"Amended by EO's 11870, 11917",Revoked by EO 12342
11644,14,True,"Amended by EO's 11989, 12608","Codified at Chapter 
      43"
11645,14,True,&nbsp;,"Codified at Chapter 
      49"
11646,14,False,Amended EO 11345,Revoked by EO 12319
11647,14,False,"Amended by EO's 11731, 11892, 12038",Revoked by EO 12149
11648,14,False,Amended by EO 12107,Amends EO 11183
11649,14,True,Amended by EO 11916,"Codified at Chapter 
      3"
11650,14,False,&nbsp;,Revoked by EO 12553
11651,14,True,"Amended by EO's 11951, 12188. Supplemented by EO 12475","Codified at Chapter 
      15"
11652,14,False,"Amended by EO's 11714, 11862, 12038",Revoked by EO 12065
11653,14,False,&nbsp;,Temporary
11654,14,False,&nbsp;,Revoked by EO 12379
11655,14,False,&nbsp;,Temporary
11656,14,False,&nbsp;,Temporary
11657,14,False,&nbsp;,Temporary
11658,14,False,"Amended by EO's 11882, 12038, 12148",Revoked by EO 12319
11659,14,False,"Amended by EO's 11737, 11882, 12038, 12148",Revoked by EO 12319
11660,14,False,Amended EO 11640,Superseded by EO 11695
11661,14,False,Amended EO 11185,Superseded by EO 11761
11662,14,False,Amended EO 11575,Superseded by EO 11749
11663,14,False,&nbsp;,Revoked by EO 12553
11664,14,False,&nbsp;,Revoked by EO 12553
11665,14,False,&nbsp;,Temporary
11666,14,False,&nbsp;,Temporary
11667,14,False,Continued by EO 11827,Revoked by EO 11948
11668,14,True,&nbsp;,Codified at Chapter 24
11669,14,False,&nbsp;,Temporary
11670,14,False,&nbsp;,Public lands
11671,14,False,&nbsp;,Superseded by EO 11686
11672,14,True,&nbsp;,"Codified at Chapter 
      41"
11673,14,False,Amended EO 8684,Revoked by EO 11886
11674,14,False,Amended EO 11640,Superseded by EO 11695
11675,14,False,&nbsp;,Temporary
11676,14,False,Amended EO 11248,Revoked by EO 11727
11677,14,False,&nbsp;,Revoked by EO 11683
11678,14,False,&nbsp;,Superseded by EO 11749
11679,14,False,&nbsp;,Revoked by EO 12553
11680,14,False,&nbsp;,Revoked by EO 11822
11681,14,False,&nbsp;,Revokes EO 5221
11682,14,False,&nbsp;,Executed and obsolete
11683,14,False,Continued EO 11533. Continued by EO 11818,Revoked by EO 12002
11684,14,False,Amended EO 11554,Revoked by EO 12082
11685,14,False,"Amended EO's 10973, 11051","Revoked by EO's 11958, 12163"
11686,14,False,&nbsp;,Superseded by EO 11769
11687,14,True,Amended by EO 12608,"Codified at Chapter 
      32, Subchapter B"
11688,14,False,Amended EO 11399,"Council terminated Nov. 26, 1974, under provisions of Pub. L. 91-125 (83 
      Stat. 220, 25 U.S.C. nt. prec. 1)"
11689,14,True,&nbsp;,"Codified at Chapter 
      22, Subchapter C"
11690,14,True,&nbsp;,"Codified at Chapter 
      3"
11691,14,False,Amended by EO 11777,Superseded by EO 11811
11692,14,False,Amended by EO 11778,Superseded by EO 11812
11693,14,False,&nbsp;,Temporary
11694,14,False,&nbsp;,Revoked by EO 12553
11695,14,False,Amended EO 11627. Amended by EO 11781,Revoked by EO 11788
11696,14,False,&nbsp;,Temporary
11697,14,False,&nbsp;,Revoked by EO 11773
11698,14,True,&nbsp;,"Codified at Chapter 
      28"
11699,14,False,Amended EO 11248,Revoked by EO 11708
11700,14,False,&nbsp;,Temporary
11701,14,True,&nbsp;,"Codified at Chapter 
      41"
11702,14,False,&nbsp;,Amends EO 11583. Revokes EO 11453
11703,14,False,Amended Proc. 3279. Amended by EO 12188,Superseded by EO 11743
11704,14,False,&nbsp;,Temporary
11705,14,False,&nbsp;,Temporary
11706,14,False,&nbsp;,Revoked by EO 12553
11707,14,False,Amended EO 11371,Revoked by EO 12319
11708,14,False,"Amended by EO's 11715, 11727, 11736",Superseded by EO 11768
11709,14,False,&nbsp;,Revoked by EO 11773
11710,14,False,Amended by EO 11729,Revoked by EO 11823
11711,14,False,&nbsp;,Temporary
11712,14,False,&nbsp;,Superseded by EO 11726
11713,14,False,"Amended EO's 11541, 11609",Revoked by EO 12215
11714,14,False,Amended EO 11652,Revoked by EO 12065
11715,14,False,"Amended EO's 11540, 11708",Superseded by EO 11768
11716,14,False,Amended EO 11768,Revoked by EO 12380
11717,14,True,Amended by EO 11893,"Codified at Chapter 
      34"
11718,14,False,&nbsp;,Revoked by EO 11966
11719,14,False,&nbsp;,Temporary
11720,14,False,&nbsp;,Temporary
11721,14,True,"Amended by EO's 12004, 12107",Codified at Chapter  5
11722,14,False,&nbsp;,Temporary
11723,14,False,"Amended by EO's 11730, 11781",Revoked by EO 11788
11724,14,False,&nbsp;,Superseded by EO 11954
11725,14,False,"Amended EO 11051. Amended by EO's 11749, 12046",Revoked by EO 12148
11726,14,False,Amended by EO 11748,Superseded by EO 11775
11727,14,True,&nbsp;,Codified at Chapter 21
11728,14,False,&nbsp;,Amends EO 11157
11729,14,False,Amended EO 11710,Revoked by EO 11823
11730,14,False,Amended EO 11723. Amended by EO 11781,Revoked by EO 11788
11731,14,False,Amended EO 11647. Amended by EO 11892,Revoked by EO 12149
11732,14,True,&nbsp;,Codified at Chapter 24
11733,14,False,&nbsp;,Amends EO 10122
11734,14,False,&nbsp;,Amends EO 11287
11735,14,True,Amended by EO 12418,"Codified at Chapter 
      40"
11736,14,False,Amended EO 11708,Superseded by EO 11768
11737,14,False,Amended EO 11659,Revoked by EO 12319
11738,14,True,&nbsp;,"Codified at Chapter 
      40"
11739,14,False,&nbsp;,Superseded by EO 11811
11740,14,False,&nbsp;,Superseded by EO 11812
11741,14,False,&nbsp;,Temporary
11742,14,True,&nbsp;,"Codified at Chapter 
      22, Subchapter A"
11743,14,False,Amended Proc. 3279,Superseded by EO 11775
11744,14,True,Amended by EO 12107,Codified at Chapter  5
11745,14,False,&nbsp;,Revoked by EO 12553
11746,14,False,Amended EO 11490,Superseded by EO 11921
11747,14,True,Amended by EO 12608,Codified at Chapter 18
11748,14,False,"Amended EO's 10480, 11726",Revoked by EO 11790
11749,14,False,Amended EO 11725,Revoked by EO 12148
11750,15,False,&nbsp;,Temporary
11751,15,False,&nbsp;,"Authority terminated Apr. 27, 1975, pursuant to Pub. L. 93-182 (87 Stat. 

      707, 15 U.S.C. 260a note)"
11752,15,False,Modified by EO 12038,Revoked by EO 12088
11753,15,False,"Continued by EO's 11827, 11948, 12110",Revoked by EO 12131
11754,15,False,Amended EO 11464,"Authority repealed by Pub. L. 94-455 (90 Stat. 1814, 26 U.S.C. 4911 nt.)"
11755,15,True,Amended by EO 12608,"Codified at Chapter 

      28"
11756,15,False,&nbsp;,Temporary
11757,15,False,&nbsp;,Temporary
11758,15,True,"Amended by EO's 11784, 11867, 12608","Codified at Chapter 

      45"
11759,15,False,&nbsp;,Superseded by EO 12096
11760,15,False,&nbsp;,"See note at EO 

      9698  Chapter 

      22, subchapter C"
11761,15,False,Modified by EO 12038,Revoked by EO 12553
11762,15,True,&nbsp;,"Codified at Chapter 

      38"
11763,15,False,Amended by EO 11806,Temporary
11764,15,False,&nbsp;,Revoked by EO 12250
11765,15,True,&nbsp;,"Codified at Chapter 

      32, Subchapter A"
11766,15,False,Amended EO 11464,"Authority repealed by Pub. L. 94-455 (90 Stat. 1814, 26 U.S.C. 4911 nt.)"
11767,15,False,&nbsp;,"See note at EO 

      9698  Chapter 

      22, subchapter C"
11768,15,False,"Amended by EO's 11774, 11780, 11831, 11843",Superseded by EO 11861
11769,15,False,&nbsp;,Revoked by EO 12024
11770,15,False,&nbsp;,Executed and obsolete
11771,15,False,&nbsp;,Revoked by EO 12553
11772,15,True,&nbsp;,"Codified at Chapter 

      22, Subchapter A"
11773,15,False,&nbsp;,"Revokes EO's 11697, 11709"
11774,15,False,Amended EO 11768,Superseded by EO 11861
11775,15,False,Amended by EO 11790,"Supersedes EO 11726, 11743. Amends Proc. 3279"
11776,15,True,"Amended by EO 12608. Continued by EO's 11827, 11948, 12110, 12258, 12399, 

      12489, 12534, 12610","Codified at Chapter 

      45"
11777,15,False,Amended EO 11691,Superseded by EO 11811
11778,15,False,Amended EO 11692,Superseded by EO 11812
11779,15,False,&nbsp;,Amends EO 11609
11780,15,False,Amended EO 11768,Superseded by EO 11861
11781,15,False,"Amended EO's 11695, 11723, 11730",Revoked by EO 11788
11782,15,False,&nbsp;,Revoked by EO 12379
11783,15,False,&nbsp;,Revoked by EO 12553
11784,15,False,Amended EO 11758,Superseded by EO 11867
11785,15,False,&nbsp;,Amends EO 10450. Revokes EO 11605
11786,15,False,&nbsp;,Executed and obsolete
11787,15,False,Amended by EO 12107,Revoked by EO 12553
11788,15,False,&nbsp;,Revoked by EO 12553
11789,15,False,Amended by EO 11808,Revoked by EO 11846
11790,15,True,Amended by EO 12038,"Codified at Chapter 

      10"
11791,15,False,&nbsp;,Temporary
11792,15,False,&nbsp;,Revokes EO 11607
11793,15,False,&nbsp;,Revoked by EO 11957
11794,15,False,&nbsp;,Revokes EO 10958
11795,15,True,"Amended by EO's 11910, 12148","Codified at Chapter 

      44"
11796,15,False,&nbsp;,Revoked by EO 11798
11797,15,False,&nbsp;,Revoked by EO 12553
11798,15,False,Continued EO 11533. Continued by EO 11818,Revoked by EO 12002
11799,15,False,Amended EO 11554,Revoked by EO 12082
11800,15,True,Amended by EO 12608,"Codified at Chapter 

      32, Subchapter B"
11801,15,False,&nbsp;,Temporary
11802,15,False,&nbsp;,Temporary
11803,15,False,"Amended by EO's 11837, 11842, 11857, 11878",Temporary
11804,15,False,&nbsp;,Executed and obsolete
11805,15,False,&nbsp;,Revoked by EO 12553
11806,15,False,Amended EO 11763,Temporary
11807,15,False,"Continued by EO's 11827, 11948, 12110",Revoked by EO 12196
11808,15,False,"Amended EO's 11269, 11789. Amended by EO's 11846, 11865, 11903",Revoked by EO 11975
11809,15,False,&nbsp;,Revoked by EO 11948
11810,15,False,&nbsp;,Revoked by EO 11818
11811,15,False,&nbsp;,Superseded by EO 11883
11812,15,False,&nbsp;,Superseded by EO 11883
11813,15,False,&nbsp;,Revoked by EO 12015
11814,15,False,"Amended by EO's 11819, 11855",Revoked by EO 12083
11815,15,True,&nbsp;,"Codified at Chapter 

      36"
11816,15,False,Amended EO 10973,Revoked by EO 12163
11817,15,True,Amended by EO 12107,Codified at Chapter  5
11818,15,False,"Continued EO's 11533, 11683, 11798",Revoked by EO 11818
11819,15,False,Amended EO 11814,Revoked by EO 12083
11820,15,False,&nbsp;,Executed and obsolete
11821,15,False,Amended by EO 11949,Temporary
11822,15,True,&nbsp;,Codified at Chapter 31
11823,15,False,&nbsp;,Executed and obsolete
11824,15,False,&nbsp;,Temporary
11825,15,True,&nbsp;,Codified at Chapter 31
11826,15,False,&nbsp;,Temporary
11827,15,False,"Continued EO's 11126, 11145, 11183, 11287, 11342, 11415, 11472, 11562, 

      11583, 11625, 11667, 11753, 11776, 11807. Amended by EO 11915",Superseded by EO 11948
11828,15,False,Amended by EO 11848,Temporary
11829,15,False,Amended by EO 11853,Revoked by EO 12379
11830,15,True,"Amended by EO's 12106, 12450","Codified at Chapter 

      29"
11831,15,False,Amended EO 11768,Superseded by EO 11861
11832,15,False,"Amended by EO's 11889, 11979, 11980",Revoked by EO 12050
11833,15,False,&nbsp;,Revoked by EO 11863
11834,15,False,&nbsp;,Revoked by EO 12553
11835,15,False,Amended EO 11476,Rescinded by EO 12473
11836,15,False,&nbsp;,Revoked by EO 12553
11837,15,False,Amended EO 11803. Amended by EO 11842,Temporary
11838,15,False,Amended by EO 12107,Amends EO 11491
11839,15,False,&nbsp;,"Codified at 5 CFR Parts 6.8, 9.11"
11840,15,False,&nbsp;,Revoked by EO 12001
11841,15,False,Amended EO 10973,Revoked by EO 12163
11842,15,False,"Amended EO's 11803, 11837",Temporary
11843,15,False,Amended EO 11768,Superseded by EO 11861
11844,15,False,&nbsp;,Superseded by EO 11888
11845,15,True,Amended by EO 12608,"Codified at Chapter 

      34"
11846,15,True,"Amended by EO's 11894, 11947, 12102, 12163, 12188","Codified at Chapter 

      15"
11847,15,False,&nbsp;,Temporary
11848,15,False,Amended EO 11828,Temporary
11849,15,False,&nbsp;,Revoked by EO 12110
11850,15,True,&nbsp;,"Codified at Chapter 

      32, Subchapter A"
11851,15,True,&nbsp;,"Codified at Chapter 

      19"
11852,15,False,&nbsp;,Revoked by EO 12553
11853,15,False,Amended EO 11829,Revoked by EO 12379
11854,15,True,&nbsp;,"Codified at Chapter 

      15"
11855,15,False,Amended EO 11814,Revoked by EO 12083
11856,15,False,&nbsp;,Codified at 5 CFR Part 9.11
11857,15,False,Amended EO 11803,Temporary
11858,15,True,Amended by EO 12188,Codified at Chapter 31
11859,15,False,&nbsp;,Temporary
11860,15,False,&nbsp;,Revoked by EO 11948
11861,15,False,"Amended by EO's 11864, 11872, 11877, 11885, 11893, 11898, 11908, 11927, 

      11976, 11983, 11986, 11995, 11999, 12025, 12035, 12060, 12069",Revoked by EO 12076
11862,15,False,Amended EO 11652,Revoked by EO 12065
11863,15,False,&nbsp;,Revoked by EO 11968
11864,15,False,Amended EO 11861,Superseded by EO 11877
11865,15,False,Amended EO 11808,Revoked by EO 11975
11866,15,False,&nbsp;,"See note at EO 

      9698  Chapter 

      22, subchapter C"
11867,15,False,Amended EO 11758. Amended by EO 11893,Revoked by EO 12553
11868,15,False,"Amended by EO's 11873, 11936",Revoked by EO 11948
11869,15,False,&nbsp;,Temporary
11870,15,False,Amended EO 11643,Revoked by EO 12342
11871,15,False,&nbsp;,Revoked by EO 12553
11872,15,False,Amended EO 11861,Revoked by EO 11983
11873,15,False,Amended EO 11868,Revoked by EO 11948
11874,15,True,&nbsp;,"Codified at Chapter 

      34"
11875,15,False,&nbsp;,Temporary
11876,15,False,&nbsp;,Revoked by EO 12553
11877,15,False,Amended EO 11861,Revoked by EO 12076
11878,15,False,Amended EO 11803,Temporary
11879,15,True,&nbsp;,"Codified at Chapter 

      15"
11880,15,True,Amended by EO 12608,"Codified at Chapter 

      15"
11881,15,False,&nbsp;,Revoked by EO 12105
11882,15,False,"Amended EO's 11345, 11371, 11578, 11658, 11659",Revoked by EO 12319
11883,15,False,&nbsp;,Superseded by EO 11941
11884,15,True,&nbsp;,"Codified at Chapter 

      3"
11885,15,False,Amended EO 11861,Revoked by EO 12076
11886,15,False,&nbsp;,"Revokes EO's 8684, 11673"
11887,15,False,&nbsp;,Codified at 5 CFR 6.8
11888,15,False,"Amended by Procs. 4561, 5050, 5365; EO's 11906, 11934, 11960, 11974, 12032, 

      12041, 12104, 12124, 12180, 12181, 12204, 12222, 12267, 12302, 12311, 12349, 

      12354, 12371, 12389, 12413, 12441, 12459, 12471, 12483",Tariff
11889,15,False,Amended EO 11832,Revoked by EO 12050
11890,15,False,Amended by EO 12107,Amends EO 10422
11891,15,False,&nbsp;,Temporary
11892,15,False,"Amended EO's 11647, 11731",Revoked by EO 12149
11893,15,True,Amended by EO 12076,"Codified at Chapter 

      34"
11894,15,False,&nbsp;,Amends EO 11846
11895,15,True,Amended by EO 12107,Codified at Chapter  5
11896,15,False,"Amended by EO's 12150, 12227, 12357",Revoked by EO 12553
11897,15,False,&nbsp;,Amends EO 11157
11898,15,False,Amended EO 11861,Revoked by EO 12076
11899,15,True,"Amended by EO 12107, 12608",Codified at Chapter  5
11900,15,False,&nbsp;,Temporary
11901,15,False,Amended by EO 12107,Amends EO 11491
11902,15,False,Amended by EO 12038,Revoked by EO 12058
11903,15,False,Amended EO 11808,Revoked by EO 11975
11904,15,True,&nbsp;,"Codified at Chapter 

      32, Subchapter B"
11905,15,False,"Amended by EO's 11985, 11994, 12038",Superseded by EO 12036
11906,15,False,&nbsp;,Amends EO 11888
11907,15,False,Amended EO 11533,Revoked by EO 12002
11908,15,False,Amended EO 11861,Revoked by EO 12076
11909,15,False,&nbsp;,Temporary
11910,15,False,&nbsp;,Amends EO 11795
11911,15,False,&nbsp;,Revoked by EO 12608
11912,15,True,"Amended by EO's 12003, 12038, 12148, 12375","Codified at Chapter 

      10"
11913,15,True,&nbsp;,"Codified at Chapter 

      15"
11914,15,False,&nbsp;,Revoked by EO 12250
11915,15,False,Amended EO 11827,Superseded by EO 11948
11916,15,False,&nbsp;,Amends EO 11649
11917,15,False,Amended EO 11643,Revoked by EO 12342
11918,15,True,&nbsp;,"Codified at Chapter 

      32, Subchapter A"
11919,15,True,&nbsp;,"Codified at Chapter 

      28"
11920,15,False,&nbsp;,"Revoked by EO's 12547, 12553"
11921,15,False,Amended EO 11556,"Amends EO 11490. Supersedes EO's 11522, 11746"
11922,15,False,&nbsp;,Amends EO 11077
11923,15,False,&nbsp;,Temporary
11924,15,False,&nbsp;,Temporary
11925,15,False,Amended EO 11554,Revoked by EO 12082
11926,15,True,&nbsp;,"Codified at Chapter 

      3"
11927,15,False,Amended EO 11861,Revoked by EO 12076
11928,15,False,&nbsp;,Temporary
11929,15,False,&nbsp;,Amends EO 11157
11930,15,False,&nbsp;,Revoked by EO 11933
11931,15,True,&nbsp;,"Codified at Chapter 

      22, Subchapter C"
11932,15,True,&nbsp;,"Codified at Chapter 

      10"
11933,15,False,&nbsp;,Revokes EO 11930
11934,15,False,&nbsp;,Amends EO 11888
11935,15,False,Amended by EO 12107,Codified at 5 CFR Part 7.4
11936,15,False,Amended EO 11868,Revoked by EO 11948
11937,15,False,Amended EO 11342,Revoked by EO 12029
11938,15,False,Amended by EO 12107,Amends EO 10000
11939,15,False,&nbsp;,Amends EO 11157
11940,15,False,&nbsp;,Revoked by EO 12002
11941,15,False,Amended by EO 11943,Superseded by EO 12010
11942,15,False,&nbsp;,Temporary
11943,15,False,Amended EO 11941,Superseded by EO 12010
11944,15,False,&nbsp;,Amends EO 11021
11945,15,False,Amended EO 11562,Revoked by EO 12345
11946,15,False,&nbsp;,Amends EO 11183
11947,15,False,&nbsp;,Amends EO 11846
11948,15,False,"Continued EO's 11126, 11145, 11183, 11287, 11342, 11415, 11472, 11562, 

      11583, 11625, 11753, 11776, 11807. Amended by EO's 12007, 12029",Superseded by EO 12110
11949,15,False,Amended EO 11821,Temporary
11950,15,True,&nbsp;,"Codified at Chapter 

      32, Subchapter B"
11951,15,False,&nbsp;,Amends EO 11651
11952,15,False,&nbsp;,Revoked by EO 12145
11953,15,False,&nbsp;,Amends EO 11490
11954,15,False,Amended by EO 12030,Revoked by EO 12348
11955,15,True,Amended by EO 12107,Codified at Chapter  5
11956,15,False,&nbsp;,Amends EO 10480
11957,15,True,&nbsp;,Codified at Chapter 7
11958,15,True,"Amended by EO's 12118, 12163, 12210, 12321, 12365, 12423, 12560","Codified at Chapter 

      22, Subchapter E"
11959,15,False,Amended EO 10973,Revoked by EO 12163
11960,15,False,Amended EO 11888,Revoked by EO 11974
11961,15,True,"Amended by EO's 12013, 12318, 12518",Codified at Chapter 31
11962,15,False,&nbsp;,Revoked by EO 12007
11963,15,False,Amended EO 10900,Revoked by EO 12220
11964,15,True,&nbsp;,"Codified at Chapter 

      33"
11965,15,True,&nbsp;,"Codified at Chapter 

      32, Subchapter B"
11966,15,False,&nbsp;,"See note at EO 

      9698  Chapter 

      22, subchapter C"
11967,15,True,&nbsp;,Codified at Chapter  2
11968,15,False,&nbsp;,Revoked by EO 11997
11969,15,False,Amended by EO 12038,Revoked by EO 12553
11970,15,False,"Continued by EO's 12110, 12258",Revoked by EO 12299
11971,15,False,Amended by EO 11982,Revoked by EO 12110
11972,15,False,Amended by EO 11993,Revoked by EO 12059
11973,15,False,&nbsp;,Revoked by EO 12110
11974,15,False,&nbsp;,Amends EO 11888. Revokes EO 11960
11975,15,False,&nbsp;,"Authorities expired Sept. 30, 1977, and Sept. 30, 1981"
11976,15,False,Amended EO 11861,Revoked by EO 12076
11977,15,False,&nbsp;,"See note at EO 

      9698  Chapter 

      22, subchapter C"
11978,15,False,Amended EO 11419,Revoked by EO 12183
11979,15,False,Amended EO 11832,Revoked by EO 12050
11980,15,False,Amended EO 11832,Revoked by EO 12050
11981,15,True,&nbsp;,Codified at Chapter  5
11982,15,False,Amended EO 11971,Revoked by EO 12110
11983,15,False,Amended EO 11861,Revoked by EO 12076
11984,15,False,&nbsp;,Revokes EO 11460
11985,15,False,Amended EO 11905,Superseded by EO 12036
11986,15,False,Amended EO 11861,Revoked by EO 12076
11987,15,True,&nbsp;,"Codified at Chapter 

      40"
11988,15,True,Amended by EO 12148,"Codified at Chapter 

      40"
11989,15,False,&nbsp;,Amends EO 11644
11990,15,True,Amended by EO 12608,"Codified at Chapter 

      40"
11991,15,False,&nbsp;,Amends EO 11514
11992,15,False,"Continued by EO's 12110, 12258",Revoked by EO 12305
11993,15,False,Amended EO 11972,Revoked by EO 12059
11994,15,False,Amended EO 11905,Superseded by EO 12036
11995,15,False,Amended EO 11861,Revoked by EO 12060
11996,15,False,&nbsp;,Temporary
11997,15,True,&nbsp;,Codified at Chapter  5
11998,15,False,&nbsp;,Revoked by EO 12110
11999,15,False,Amended EO 11861,Revoked by EO 12076
12000,16,False,&nbsp;,Temporary
12001,16,False,&nbsp;,"Expired Dec. 31, 1983"
12002,16,True,&nbsp;,Codified at Chapter 15
12003,16,False,&nbsp;,Amends EO 11912
12004,16,False,Amended by EO 12107,Amends EO 11721
12005,16,False,&nbsp;,Tariff
12006,16,False,&nbsp;,Temporary
12007,16,False,"Amended EO's 11126, 11948","Amends EO's 11472, 11583, 11625. Revokes EO 11962"
12008,16,False,Amended by EO 12107,Revoked by EO 12364
12009,16,False,&nbsp;,Revoked by EO 12553
12010,16,False,&nbsp;,Superseded by EO 12087
12011,16,False,&nbsp;,Temporary
12012,16,False,&nbsp;,Amends EO 11183
12013,16,False,"Amended EO's 10033, 10253, 11541, 11961",Revoked by EO 12318
12014,16,False,Amended by EO 12107,Amends EO 10717
12015,16,True,Amended by EO 12107,Codified at Chapter 5
12016,16,False,&nbsp;,Temporary
12017,16,False,&nbsp;,Amends EO 10631
12018,16,False,Amended EO 11476,Rescinded by EO 12473
12019,16,True,&nbsp;,"Codified at Chapter 32, Subchapter B"
12020,16,True,&nbsp;,Codified at Chapter 38
12021,16,False,&nbsp;,"Codified at 5 CFR Parts 6.8, 9.11"
12022,16,False,Amended by EO 12052,Revoked by EO 12258
12023,16,True,&nbsp;,"Codified at Chapter 32, Subchapter B"
12024,16,True,&nbsp;,Codified at Chapter 34
12025,16,False,Amended EO 11861,Revoked by EO 12076
12026,16,True,&nbsp;,Codified at Chapter 5
12027,16,True,Amended by EO 12107,Codified at Chapter 5
12028,16,True,Amended by EO 12122,Codified at Chapter 3
12029,16,False,Amended EO 11948,"Revokes EO's 11342, 11937"
12030,16,False,Amended EO 11954,Revoked by EO 12348
12031,16,False,&nbsp;,Temporary
12032,16,False,&nbsp;,Amends EO 11888
12033,16,False,&nbsp;,"Revokes EO's 10866, 10943"
12034,16,False,&nbsp;,Revoked by EO 12608
12035,16,False,Amended EO 11861,Revoked by EO 12076
12036,16,False,Amended by EO 12139,Revoked by EO 12333
12037,16,False,&nbsp;,Temporary
12038,16,True,Amended by EO 12156,Codified at Chapter 10
12039,16,True,Amended by EO 12399,Codified at Chapter 9
12040,16,False,&nbsp;,Revoked by EO 12553
12041,16,False,&nbsp;,Amends EO 11888
12042,16,False,&nbsp;,Revoked by EO 12379
12043,16,False,Amended by EO 12107,"Codified at 5 CFR Parts 6.1, 6.6, 9.6, 9.20"
12044,16,False,Amended by EO 12221,Revoked by EO 12291
12045,16,True,&nbsp;,Codified at Chapter 3
12046,16,True,"Amended by EO's 12148, 12472",Codified at Chapter 47
12047,16,True,Amended by EO 12388,"Codified at Chapter 22, Subchapter A"
12048,16,True,"Amended by EO's 12388, 12608","Codified at Chapter 22, Subchapter A"
12049,16,True,"Amended by EO's 12107, 12608","Codified at Chapter 32, Subchapter A"
12050,16,False,"Amended by EO's 12057, 12135. Continued by EO 12258",Revoked by EO 12336
12051,16,True,&nbsp;,Codified at Chapter 15
12052,16,False,Amended EO 12022,Revoked by EO 12258
12053,16,False,&nbsp;,Temporary
12054,16,False,Amended by EO 12090,Revoked by EO 12258
12055,16,False,&nbsp;,Temporary
12056,16,False,&nbsp;,Temporary
12057,16,False,Amended EO 12050,Revoked by EO 12135
12058,16,True,&nbsp;,"Codified at Chapter 22, Subchapter E"
12059,16,False,"Amended by EO 12097. Continued by EO's 12110, 12258",Revoked by EO 12305
12060,16,False,Amended EO 11861,Revoked by EO 12076
12061,16,False,Amended by EO 12091,Revoked by EO 12258
12062,16,False,&nbsp;,Revoked by EO 12103
12063,16,False,Continued by EO 12110,Revoked by EO 12258
12064,16,False,"Continued by EO's 12110, 12258",Revoked by EO 12305
12065,16,False,"Amended by EO's 12148, 12163",Revoked by EO 12356
12066,16,False,&nbsp;,Revoked by EO 12292
12067,16,True,Amended by EO 12107,Codified at Chapter 29
12068,16,True,&nbsp;,Codified at Chapter 28
12069,16,False,Amended EO 11861,Revoked by EO 12076
12070,16,False,Amended by EO 12107,Superseded by EO 12510
12071,16,False,Amended by EO 12100,Revoked by EO 12379
12072,16,True,&nbsp;,Codified at Chapter 41
12073,16,True,&nbsp;,Codified at Chapter 41
12074,16,False,&nbsp;,Revoked by EO 12350
12075,16,False,Amended by EO 12148,Revoked by EO 12379
12076,16,False,"Amended EO 11893. Amended by EO's 12099, 12111, 12119",Revoked by EO 12154
12077,16,False,&nbsp;,Temporary
12078,16,False,Amended by EO 12219,Revoked by EO 12258
12079,16,True,&nbsp;,Codified at Chapter 14
12080,16,False,&nbsp;,Amends EO 11030
12081,16,True,&nbsp;,Codified at Chapter 8
12082,16,False,&nbsp;,Revoked by EO 12239
12083,16,False,"Amended by EO's 12121, 12148",Revoked by EO 12379
12084,16,False,"Amended by EO 12097. Continued by EO's 12110, 12258",Revoked by EO 12305
12085,16,False,&nbsp;,Revoked by EO 12379
12086,16,True,Amended by EO 12608,Codified at Chapter 29
12087,16,False,&nbsp;,Superseded by EO 12165
12088,16,True,Amended by EO 12580,Codified at Chapter 40
12089,16,False,Amended by EO 12107,Revoked by EO 12379
12090,16,False,Amended EO 12054,Revoked by EO 12258
12091,16,False,Amended EO 12061,Revoked by EO 12258
12092,16,False,Amended by EO 12161,Revoked by EO 12288
12093,16,False,Amended by EO 12151,Revoked by EO 12258
12094,16,False,&nbsp;,Amends EO 11157
12095,16,False,&nbsp;,Revoked by EO 12379
12096,16,False,&nbsp;,Revoked by EO 12188
12097,16,False,"Amended EO's 12059, 12084. Amended by EO 12305",Revoked by EO 12553
12098,16,False,Amended EO 11562,Revoked by EO 12345
12099,16,False,Amended EO 12076,Revoked by EO 12154
12100,16,False,Amended EO 12071,Revoked by EO 12379
12101,16,True,Amended by EO 12608,"Codified at Chapter 22, Subchapter C"
12102,16,False,&nbsp;,Amends EO 11846
12103,16,False,Amended by EO 12176,Revoked by EO 12258
12104,16,False,&nbsp;,Amends EO 11888
12105,16,True,Amended by EO 12107,Codified at Chapter 5
12106,16,True,"Amended by EO's 12379, 12450",Codified at Chapter 29
12107,16,True,"Amended by EO's 12126, 12128, 12163, 12353, 12363, 12379",Codified at Chapter 5
12108,16,False,&nbsp;,"Sets effective date for Reorg. Plan No. 4 of 1978 (43 FR 47713, 3 CFR, 1978 Comp.)"
12109,16,True,&nbsp;,Codified at Chapter 5
12110,16,False,"Continued EO's 11145, 11183, 11287, 11562, 11753, 11776, 11807, 11970, 11992, 12059, 12063, 12064, 12084",Superseded by EO 12258
12111,16,False,Amended EO 12076,Revoked by EO 12154
12112,16,True,&nbsp;,Codified at Chapter 3
12113,16,False,Amended by EO 12141,Revoked by EO 12322
12114,16,True,&nbsp;,Codified at Chapter 40
12115,16,True,&nbsp;,Codified at Chapter 35
12116,16,True,&nbsp;,Codified at Chapter 45
12117,16,False,&nbsp;,"Nullified by Presidential action of May 15, 1979 (44 FR 28773, 3 CFR, 1979 Comp.)"
12118,16,False,Amended EO 10973. Amended by EO 12163,Amends EO 11958
12119,16,False,Amended EO 12076,Revoked by EO 12154
12120,16,False,&nbsp;,Temporary
12121,16,False,Amends EO 12083,Revoked by EO 12379
12122,16,False,&nbsp;,Amends EO 12028
12123,16,True,Amended by EO 12418,Codified at Chapter 40
12124,16,False,&nbsp;,Amends EO 11888
12125,16,False,&nbsp;,Codified at 5 CFR Part 3.1
12126,16,False,&nbsp;,Amends EO 12107
12127,16,True,&nbsp;,Codified at Chapter 44
12128,16,False,"Amended EO's 11636, 12107",Revoked by EO 12292
12129,16,False,&nbsp;,Revoked by EO 12553
12130,16,False,&nbsp;,Revoked by EO 12258
12131,16,True,"Amended by EO 12551. Continued by EO's 12258, 12399, 12489, 12534, 12610, 12692",Codified at Chapter 15
12132,16,False,&nbsp;,Revoked by EO 12379
12133,16,False,&nbsp;,Revoked by EO 12368
12134,16,True,&nbsp;,Codified at Chapter 3
12135,16,False,Amended by EO 12050,Revoked by EO 12336
12136,16,False,&nbsp;,Revoked by EO 12493
12137,16,True,"Amended by EO's 12245, 12292, 12399. Continued by EO 12258","Codified at Chapter 22, Subchapter B"
12138,16,True,Amended by EO 12608,Codified at Chapter 13
12139,16,True,Amended by EO 12333,"Codified at Chapter 32, Subchapter C"
12140,16,False,Amended by EO 12162,Revoked by EO 12553
12141,16,False,Amended EO 12113,Revoked by EO 12322
12142,16,True,&nbsp;,Codified at Chapter 10
12143,16,True,&nbsp;,"Codified at Chapter 22, Subchapter A"
12144,16,True,&nbsp;,Codified at Chapter 29
12145,16,False,&nbsp;,Revoked by EO 12292
12146,16,True,Amended by EO 12608,Codified at Chapter 28
12147,16,False,&nbsp;,"Sets effective date for secs. 2, 3, and 4 of Reorg. Plan No. 2 of 1979 (44 FR 41165, 3 CFR, 1979 Comp.)"
12148,16,True,"Amended by EO's 12155, 12156, 12319, 12356, 12379, 12381, 12673",Codified at Chapter 44
12149,16,False,&nbsp;,Revoked by EO 12314
12150,16,False,Amended EO 11896,Revoked by EO 12553
12151,16,False,Amended EO 12093,Revoked by EO 12258
12152,16,True,&nbsp;,Codified at Chapter 34
12153,16,False,"Amended by EO's 12186, 12189",Revoked by EO 12553
12154,16,True,"Amended by EO's 12199, 12236, 12237, 12422, 12431, 12608, 12678, 12679",Codified at Chapter 5
12155,16,False,Amended EO 12148. Amended by EO 12417,"Revoked by Pub. L. 100-180 (101 Stat. 1247, 50 U.S.C. 98 nt.)"
12156,16,False,Amended by EO 12379,"Amends EO's 12038, 12148"
12157,16,False,&nbsp;,Revoked by EO 12258
12158,16,False,&nbsp;,Amends EO 11155
12159,16,False,&nbsp;,Revoked by EO 12379
12160,16,True,Amended by EO 12265,Codified at Chapter 16
12161,16,False,Amended EO 12092,Revoked by EO 12288
12162,16,False,Amended EO 12140,Revoked by EO 12553
12163,16,True,"Amended by EO's 12226, 12292, 12321, 12356, 12365, 12423, 12458, 12500, 12560, 12608, 12620, 12639, 12680, 12695","Codified at Chapter 22, Subchapter D"
12164,16,False,&nbsp;,Amends EO 11269
12165,16,False,Amended by EO 12200,Superseded by EO 12248
12166,16,True,&nbsp;,Codified at Chapter 12
12167,16,True,&nbsp;,Codified at Chapter 15
12168,16,False,&nbsp;,Revoked by EO 12399
12169,16,False,Amended by EO 12213,Temporary
12170,16,True,&nbsp;,Codified at Chapter 12
12171,16,True,"Amended by EO's 12338, 12410, 12559, 12632, 12666, 12671, 12681, 12693",Codified at Chapter 5
12172,16,True,Amended by EO 12206,Codified at Chapter 8
12173,16,False,Amended by EO 12203,Temporary
12174,16,False,&nbsp;,Revoked by EO 12291
12175,16,False,&nbsp;,"Sets effective date for sec. 2(b)(1) of Reorg. Plan No. 3 of 1979 (44 FR 69273, 3 CFR, 1979 Comp.)"
12176,16,False,Amended EO 12103,Revoked by EO 12258
12177,16,True,&nbsp;,Codified at Chapter 5
12178,16,False,&nbsp;,Amends EO 11223
12179,16,False,&nbsp;,Temporary
12180,16,False,&nbsp;,Amends EO 11888
12181,16,False,&nbsp;,Amends EO 11888
12182,16,False,&nbsp;,Revoked by EO 12379
12183,16,True,&nbsp;,Codified at Chapter 15
12184,16,False,&nbsp;,Revoked by EO 12553
12185,16,True,&nbsp;,Codified at Chapter 10
12186,16,False,Amended EO 12153,Revoked by EO 12553
12187,16,False,Amended by EO 12209,Revoked by EO 12553
12188,16,True,Amended by EO 12292,Codified at Chapter 15
12189,16,False,Amended EO 12153,Revoked by EO 12553
12190,16,True,"Continued by EO's 12258, 12399, 12489, 12534, 12610, 12692",Codified at Chapter 13
12191,16,True,&nbsp;,Codified at Chapter 49
12192,16,False,&nbsp;,Revoked by EO 12379
12193,16,False,&nbsp;,Revoked by EO 12553
12194,16,False,&nbsp;,Revoked by EO 12379
12195,16,False,&nbsp;,Revoked by EO 12258
12196,16,True,"Amended by EO's 12223, 12608. Continued by EO's 12258, 12399, 12489, 12534, 12610, 12692",Codified at Chapter 5
12197,16,True,&nbsp;,"Codified at Chapter 32, Subchapter B"
12198,16,False,Amended EO 11476. Amended by EO 12233,Rescinded by EO 12473
12199,16,False,&nbsp;,Amends EO 12154
12200,16,False,Amended EO 12165,Superseded by EO 12248
12201,16,False,Amended by EO 12225,Temporary
12202,16,False,Amended by EO 12240,"Revoked by EO's 12379, 12399"
12203,16,False,&nbsp;,Amends EO 12173
12204,16,False,&nbsp;,"Amends Proc. 4707, EO 11888"
12205,16,True,"Amended by EO's 12211, 12282",Codified at Chapter 15
12206,16,False,&nbsp;,Amends EO 12172
12207,16,False,&nbsp;,Revoked by EO 12379
12208,16,True,Amended by EO 12608,Codified at Chapter 8
12209,16,False,Amended EO 12187,Revoked by EO 12553
12210,16,False,&nbsp;,Amends EO 11958
12211,16,True,Amended by EO 12282,Codified at Chapter 15
12212,16,False,&nbsp;,Revoked by EO 12553
12213,16,False,Amended EO 12169,Temporary
12214,16,True,&nbsp;,Codified at Chapter 15
12215,16,True,Amended by EO 12652,Codified at Chapter 35
12216,16,True,"Continued by EO's 12258, 12399, 12489, 12534, 12610, 12692",Codified at Chapter 29
12217,16,False,&nbsp;,Revoked by EO 12437
12218,16,False,&nbsp;,Temporary
12219,16,False,Amended EO 12078,Revoked by EO 12258
12220,16,True,&nbsp;,Codified at Chapter 15
12221,16,False,Amended EO 12044,Revoked by EO 12291
12222,16,False,&nbsp;,Amends EO 11888
12223,16,False,&nbsp;,Amends EO 12196
12224,16,True,&nbsp;,Codified at Chapter 15
12225,16,False,Amended EO 12201,Temporary
12226,16,False,&nbsp;,Amends EO 12163
12227,16,False,Amended EO 11896,Revoked by EO 12553
12228,16,True,Amended by EO 12292,"Codified at Chapter 22, Subchapter B"
12229,16,False,&nbsp;,Revoked by EO 12399
12230,16,True,&nbsp;,Codified at Chapter 5
12231,16,True,&nbsp;,Codified at Chapter 10
12232,16,False,&nbsp;,Revoked by EO 12320
12233,16,False,"Amended EO's 11476, 12198",Rescinded by EO 12473
12234,16,True,&nbsp;,Codified at Chapter 46
12235,16,True,&nbsp;,Codified at Chapter 10
12236,16,False,&nbsp;,Amends EO 12154
12237,16,False,&nbsp;,Amends EO 12154
12238,16,False,&nbsp;,"See note at EO 9698 Chapter 22, Subchapter C"
12239,16,False,&nbsp;,Revoked by EO 12396
12240,16,False,Amended EO 12202,Revoked by EO 12379
12241,16,True,&nbsp;,Codified at Chapter 44
12242,16,False,&nbsp;,Revoked by EO 12346
12243,16,False,&nbsp;,Amends EO 11157
12244,16,False,&nbsp;,Revoked by EO 12553
12245,16,False,Amended EO 12137,Revoked by EO 12399
12246,16,False,&nbsp;,Revoked by EO 12251
12247,16,False,&nbsp;,Revoked by EO 12298
12248,16,False,&nbsp;,Superseded by EO 12330
12249,16,False,&nbsp;,Superseded by EO 12330
12250,17,True,&nbsp;,"Codified at Chapter 

      28"
12251,17,False,&nbsp;,Revoked by EO 12341
12252,17,False,&nbsp;,Temporary
12253,17,True,&nbsp;,"Codified at Chapter 

      32, Subchapter B"
12254,17,False,&nbsp;,Revoked by EO 12553
12255,17,False,&nbsp;,Temporary
12256,17,False,&nbsp;,Revoked by EO 12553
12257,17,False,&nbsp;,Revoked by EO 12553
12258,17,False,"Continued EO's 11145, 11183, 11287, 11562, 11776, 11970, 11992, 12050, 

      12059, 12064, 12084, 12131, 12137, 12190, 12196, 12216. Amended by EO's 

      12271, 12299, 12305, 12336",Superseded by EO 12399
12259,17,True,&nbsp;,Codified at Chapter 24
12260,17,True,"Amended by EO's 12347, 12388, 12474","Codified at Chapter 

      15"
12261,17,True,&nbsp;,"Codified at Chapter 

      41"
12262,17,False,&nbsp;,Revoked by EO 12379
12263,17,False,&nbsp;,Revoked by EO 12553
12264,17,False,&nbsp;,Revoked by EO 12290
12265,17,False,&nbsp;,Amends EO 12160
12266,17,True,&nbsp;,Codified at Chapter 7
12267,17,False,&nbsp;,Amends EO 11888
12268,17,True,&nbsp;,"Codified at Chapter 

      22, Subchapter A"
12269,17,False,&nbsp;,Revoked by EO 12553
12270,17,False,&nbsp;,Revoked by EO 12553
12271,17,False,Amended EO 12258. Amended by EO 12336,Superseded by EO 12399
12272,17,False,&nbsp;,Codified at 22 U.S.C. 4041 et seq.
12273,17,False,&nbsp;,Codified at 50 U.S.C. 403
12274,17,False,Amended by EO 12380,Amends EO 11157
12275,17,False,&nbsp;,Revoked by EO 12379
12276,17,True,Ratified by EO 12294,Codified at Chapter 12
12277,17,True,Ratified by EO 12294,Codified at Chapter 12
12278,17,True,Ratified by EO 12294,Codified at Chapter 12
12279,17,True,Ratified by EO 12294,Codified at Chapter 12
12280,17,True,Ratified by EO 12294,Codified at Chapter 12
12281,17,True,Ratified by EO 12294,Codified at Chapter 12
12282,17,True,Ratified by EO 12294,"Codified at Chapter 

      15"
12283,17,True,Ratified by EO 12294,"Codified at Chapter 

      28"
12284,17,True,Ratified by EO 12294,"Codified at Chapter 

      28"
12285,17,False,"Ratified by EO 12294. Amended by EO's 12307, 12317",Revoked by EO 12379
12286,17,False,&nbsp;,Revoked by EO 12316
12287,17,True,&nbsp;,"Codified at Chapter 

      10"
12288,17,False,&nbsp;,Revokes EO 12092
12289,17,False,&nbsp;,Codified at 22 U.S.C. 4041 et seq.
12290,17,False,&nbsp;,Revokes EO 12264
12291,17,True,&nbsp;,"Codified at Chapter 

      34"
12292,17,False,&nbsp;,"Amends EO's 9154, 10471, 10477, 10624, 10903, 11034, 11219, 11264, 11434, 

      12137, 12163, 12188, 12228. Revokes EO's 9452, 9514, 9799, 9837, 9932, 10249, 

      10897, 11636, 12066, 12128, 12145"
12293,17,True,"Amended by EO's 12363, 12388, 12536","Codified at Chapter 

      22, Subchapter B"
12294,17,True,Amended by EO 12379,"Codified at Chapter 

      28"
12295,17,False,&nbsp;,Revoked by EO 12608
12296,17,True,"Amended by EO 12309. Continued by EO's 12399, 12489, 12534, 12610","Codified at Chapter 

      3"
12297,17,False,&nbsp;,Revoked by EO 12553
12298,17,False,&nbsp;,Revokes EO 12247
12299,17,False,Amended EO 12258,Revoked by EO 12553
12300,17,False,&nbsp;,Codified at 5 CFR 6.8
12301,17,False,&nbsp;,Revoked by EO 12625
12302,17,False,&nbsp;,"Amends Procs. 4707, 4768, EO 11888"
12303,17,False,&nbsp;,Revoked by EO 12399
12304,17,True,&nbsp;,"Codified at Chapter 

      35"
12305,17,False,&nbsp;,"Amends EO's 12097, 12258. Revokes EO's 11992, 12059, 12064, 12084"
12306,17,False,Amended EO 11476,Rescinded by EO 12473
12307,17,False,Amended EO 12285,Revoked by EO 12379
12308,17,False,Amended by EO 12325,Revoked by EO 12399
12309,17,False,&nbsp;,Amends EO 12296
12310,17,False,Amended by EO 12339,Revoked by EO 12399
12311,17,False,&nbsp;,Amends EO 11888
12312,17,False,&nbsp;,Amends EO 11448
12313,17,True,&nbsp;,Codified at Chapter  5
12314,17,False,&nbsp;,Revoked by EO 12407
12315,17,False,Amended EO 11476,Rescinded by EO 12473
12316,17,False,Amended by EO 12418,Revoked by EO 12580
12317,17,False,Amended EO 12285,Revoked by EO 12379
12318,17,True,&nbsp;,"Codified at Chapter 

      34"
12319,17,True,&nbsp;,Codified at Chapter 18
12320,17,True,&nbsp;,"Codified at Chapter 

      48"
12321,17,False,Amended by EO 12423,"Amends EO's 11958, 12163"
12322,17,True,Amended by EO 12608,Codified at Chapter 18
12323,17,False,Amended by EO 12366,Revoked by EO 12399
12324,17,True,&nbsp;,"Codified at Chapter 

      8"
12325,17,False,Amended EO 12308,Revoked by EO 12399
12326,17,False,Amended by EO 12443,Codified at 50 U.S.C. 403
12327,17,False,&nbsp;,Revoked by EO 12553
12328,17,True,Amended by EO 12608,"Codified at Chapter 

      25"
12329,17,False,&nbsp;,Revoked by EO 12399
12330,17,False,&nbsp;,Superseded by EO 12387
12331,17,False,&nbsp;,Revoked by EO 12537
12332,17,False,Continued by EO 12399,Revoked by EO 12534
12333,17,True,&nbsp;,"Codified at Chapter 

      32, Subchapter C"
12334,17,True,&nbsp;,"Codified at Chapter 

      32, Subchapter C"
12335,17,False,"Amended by EO's 12397, 12402",Revoked by EO 12534
12336,17,True,&nbsp;,"Codified at Chapter 

      45"
12337,17,False,&nbsp;,Amends EO 11157
12338,17,False,&nbsp;,Amends EO 12171
12339,17,False,Amended EO 12310,Revoked by EO 12399
12340,17,False,Amended EO 11476,Rescinded by EO 12473
12341,17,True,&nbsp;,"Codified at Chapter 

      8"
12342,17,False,&nbsp;,Revokes EO 11643
12343,17,True,&nbsp;,"Codified at Chapter 

      22, Subchapter A"
12344,17,True,&nbsp;,"Codified at Chapter 

      32, Subchapter A"
12345,17,True,"Amended by EO's 12539, 12694. Continued by EO's 12399, 12489, 12534, 12610","Codified at Chapter 

      45"
12346,17,True,&nbsp;,"Codified at Chapter 

      10"
12347,17,False,&nbsp;,Amends EO 12260
12348,17,False,&nbsp;,Revoked by EO 12512
12349,17,False,&nbsp;,Amends EO 11888
12350,17,False,&nbsp;,Revokes EO 12074
12351,17,False,&nbsp;,Revoked by EO 12553
12352,17,True,&nbsp;,"Codified at Chapter 

      41"
12353,17,True,Amended by EO 12404,Codified at Chapter  5
12354,17,False,"Amended by EO's 12371, 12389","Amends Procs. 4707, 4768, EO 11888"
12355,17,False,&nbsp;,Amends EO 12336
12356,17,True,&nbsp;,"Codified at Chapter 

      32, Subchapter C"
12357,17,False,Amended EO 11896,Revoked by EO 12553
12358,17,False,"Amended by EO's 12376, 12415",Revoked by EO 12553
12359,17,False,&nbsp;,"See note at EO 

      9698  Chapter 

      22, Subchapter C"
12360,17,False,&nbsp;,Revoked by EO 12399
12361,17,True,&nbsp;,"Codified at Chapter 

      22, Subchapter A"
12362,17,True,Amended by EO 12585,Codified at Chapter  5
12363,17,False,Amended by EO 12388,Amends EO 12293. Revokes EO 11264
12364,17,True,Amended by EO 12645,Codified at Chapter  5
12365,17,False,&nbsp;,"Amends EO's 11958, 12163"
12366,17,False,Amended EO 12323,Revoked by EO 12399
12367,17,True,"Amended by EO's 12378, 12593. Continued by EO's 12399, 12489, 12534, 12593","Codified at Chapter 

      45"
12368,17,True,Amended by EO 12590,Codified at Chapter 21
12369,17,False,"Amended by EO's 12398, 12429, 12447, 12455",Revoked by EO 12534
12370,17,False,&nbsp;,Revoked by EO 12553
12371,17,False,Amended by EO 12389,"Amends Proc. 4707; EO's 11888, 12354"
12372,17,True,Amended by EO 12416,"Codified at Chapter 

      34"
12373,17,False,&nbsp;,Revoked by EO 12553
12374,17,True,Amended by EO 12408,"Codified at Chapter 

      22, Subchapter A"
12375,17,False,&nbsp;,Amends EO 11912
12376,17,False,Amended EO 12358,Revoked by EO 12553
12377,17,False,&nbsp;,Amends EO 9080
12378,17,False,&nbsp;,Amends EO 12367
12379,17,False,&nbsp;,"Amends EO's 12106, 12107, 12148, 12156, 12294. Revokes EO's 11022, 11256, 

      11330, 11547, 11654, 11782, 11829, 11853, 12042, 12071, 12075, 12083, 12085, 

      12089, 12095, 12100, 12121, 12132, 12159, 12182, 12192, 12194, 12202, 12207, 

      12240, 12262, 12275, 12285, 12307, 12317"
12380,17,False,&nbsp;,"Amends EO's 11157, 12274. Revokes EO's 11253, 11716"
12381,17,False,&nbsp;,"Amends EO's 10480, 12148"
12382,17,True,"Continued by EO's 12399, 12454, 12534, 12610, 12692","Codified at Chapter 

      47"
12383,17,False,Amended EO 11476,Rescinded by EO 12473
12384,17,False,&nbsp;,Revoked by EO 12553
12385,17,False,&nbsp;,Revoked by EO 12553
12386,17,False,&nbsp;,Revoked by EO 12553
12387,17,False,&nbsp;,Superseded by EO 12456
12388,17,False,&nbsp;,"Amends EO's 12047, 12048, 12260, 12293, 12363"
12389,17,False,Amended by EO 12413,"Amends Proc. 4707, EO 11888"
12390,17,False,&nbsp;,Revoked by EO 12553
12391,17,True,&nbsp;,"Codified at Chapter 

      32, Subchapter B"
12392,17,False,&nbsp;,Revoked by EO 12553
12393,17,False,&nbsp;,Revoked by EO 12553
12394,17,False,Amended by EO 12488,Amends EO 11157. Revokes EO 11473
12395,17,False,"Continued by EO's 12399, 12489",Revoked by EO 12553
12396,17,True,&nbsp;,"Codified at Chapter 

      32, Subchapter B"
12397,17,False,Amended EO 12335,Revoked by EO 12553
12398,17,False,Amended EO 12369. Amended by EO 12429,Revoked by EO 12553
12399,17,False,"Amended EO's 12039, 12137. Continued EO's 11145, 11183, 11287, 11776, 

      12131, 12190, 12196, 12216, 12296, 12332, 12345, 12367, 12382, 12395",Superseded by EO 12534
12400,17,False,"Amended by EO's 12406, 12424",Revoked by EO 12534
12401,17,False,Amended by EO 12442,Revoked by EO 12534
12402,17,False,Amended EO 12335,Revoked by EO 12553
12403,17,True,&nbsp;,Codified at Chapter 31
12404,17,False,&nbsp;,Amends EO 12353
12405,17,False,&nbsp;,Revoked by EO 12553
12406,17,False,Amended EO 12400,Revoked by EO 12424
12407,17,False,&nbsp;,Revokes EO 12314
12408,17,False,Amended EO 12374,Revoked by EO 12553
12409,17,False,&nbsp;,Revoked by EO 12553
12410,17,False,&nbsp;,Amends EO 12171
12411,17,True,&nbsp;,"Codified at Chapter 

      41"
12412,17,False,&nbsp;,Revoked by EO 12534
12413,17,False,Amended by EO 12471,"Amends Procs. 4707, 4768; EO's 11888, 12389"
12414,17,False,&nbsp;,Revoked by EO 12553
12415,17,False,Amended EO 12358,Revoked by EO 12553
12416,17,False,&nbsp;,Amends EO 12372
12417,17,False,&nbsp;,Amends EO 12155
12418,17,True,&nbsp;,"Codified at Chapter 

      40"
12419,17,True,&nbsp;,"Codified at Chapter 

      46"
12420,17,False,&nbsp;,Amends EO 11157
12421,17,False,Amended by EO 12476,Revoked by EO 12534
12422,17,False,&nbsp;,Amends EO 12154
12423,17,False,&nbsp;,"Amends EO's 11958, 12163, 12321"
12424,17,False,&nbsp;,Amends EO 12400. Revokes EO 12406
12425,17,False,&nbsp;,"See note at EO 

      9698  Chapter 

      22, Subchapter C"
12426,17,False,Amended by EO 12482,"Revoked by EO's 12534, 12608"
12427,17,False,&nbsp;,"Revoked by EO's 12553, 12610"
12428,17,False,"Amended by EO's 12440, 12457",Revoked by EO 12534
12429,17,False,"Amended EO's 12369, 12398",Revoked by EO 12553
12430,17,False,&nbsp;,Revokes EO 10936
12431,17,False,&nbsp;,Amends EO 12154
12432,17,True,&nbsp;,"Codified at Chapter 

      13"
12433,17,False,Amended by EO 12449,Revoked by EO 12534
12434,17,False,&nbsp;,Revoked by EO 12553
12435,17,False,Amended by EO 12507,Revoked by EO 12610
12436,17,True,&nbsp;,"Codified at Chapter 

      38"
12437,17,False,&nbsp;,Revokes EO 12217
12438,17,True,&nbsp;,Codified at Chapter  5
12439,17,False,&nbsp;,Revoked by EO 12534
12440,17,False,Amended EO 12428,Revoked by EO 12553
12441,17,False,&nbsp;,Tariff
12442,17,False,Amended EO 12401,Revoked by EO 12553
12443,17,False,&nbsp;,Codified at 50 U.S.C. 403
12444,17,False,"Continued EO's 12002, 12214; 15 CFR Parts 368-399",Revoked by EO 12451
12445,17,True,&nbsp;,"Codified at Chapter 

      19"
12446,17,False,&nbsp;,Codified at 22 U.S.C. 4041 et seq.
12447,17,False,Amended EO 12369,Revoked by EO 12553
12448,17,True,&nbsp;,"Codified at Chapter 

      41"
12449,17,False,Amended EO 12433,Revoked by EO 12553
12450,17,False,&nbsp;,"Amends EO's 11830, 12106"
12451,17,True,&nbsp;,"Codified at Chapter 

      15"
12452,17,True,&nbsp;,"Codified at Chapter 

      42"
12453,17,True,&nbsp;,"Codified at Chapter 

      22, Subchapter A"
12454,17,False,&nbsp;,Continues EO 12382
12455,17,False,Amended EO 12369,Revoked by EO 12553
12456,17,False,"Amended by EO's 12477, 12487",Superseded by EO 12496
12457,17,False,Amended EO 12428,Revoked by EO 12553
12458,17,False,&nbsp;,Amends EO 12163
12459,17,False,&nbsp;,Tariff
12460,17,False,Amended EO 11476,Rescinded by EO 12473
12461,17,True,&nbsp;,Codified at Chapter  5
12462,17,True,"Amended by EO's 12497, 12533, 12579, 12617","Codified at Chapter 

      29"
12463,17,False,&nbsp;,Revoked by EO 12553
12464,17,False,&nbsp;,Amends EO 11016
12465,17,True,&nbsp;,"Codified at Chapter 

      49"
12466,17,False,&nbsp;,Amends EO 11609
12467,17,False,&nbsp;,"See note at EO 

      9698  Chapter 

      22, Subchapter C"
12468,17,False,&nbsp;,Revoked by EO 12534
12469,17,True,&nbsp;,"Codified at Chapter 

      15"
12470,17,False,&nbsp;,Revoked by EO 12525
12471,17,False,&nbsp;,Tariff
12472,17,True,&nbsp;,"Codified at Chapter 

      47"
12473,17,True,&nbsp;,"Codified at Chapter 

      32, Subchapter B"
12474,17,False,&nbsp;,Amends EO 12260
12475,17,True,&nbsp;,"Codified at Chapter 

      15"
12476,17,False,Amended EO 12421,Revoked by EO 12553
12477,17,False,Amended EO 12456. Amended by EO 12487,Superseded by EO 12496
12478,17,True,&nbsp;,"Codified at Chapter 

      22, Subchapter A"
12479,17,True,&nbsp;,"Codified at Chapter 

      34"
12480,17,False,&nbsp;,Revoked by EO 12553
12481,17,False,&nbsp;,Revoked by EO 12553
12482,17,False,Amended EO 12426,Revoked by EO 12553
12483,17,False,&nbsp;,Amends EO 11888
12484,17,False,&nbsp;,"See note at EO 

      12473  Chapter 

      32, Subchapter B"
12485,17,False,&nbsp;,Codified at 50 U.S.C. 403
12486,17,False,&nbsp;,Revoked by EO 12553
12487,17,False,"Amended EO's 12456, 12477",Superseded by EO 12496
12488,17,False,&nbsp;,Amends EO 11157
12489,17,False,"Continued EO's 11145, 11183, 11287, 11776, 12131, 12190, 12196, 12216, 

      12296, 12345, 12367, 12395",Superseded by EO 12534
12490,17,False,Amended by EO 12545,Revoked by EO 12610
12491,17,False,&nbsp;,Revoked by EO 12553
12492,17,False,&nbsp;,Revoked by EO 12553
12494,17,False,&nbsp;,Amends EO 11157
12495,17,False,&nbsp;,Revoked by EO 12553
12496,17,False,Amended by EO 12540,Superseded by EO 12578
12497,17,False,&nbsp;,Amends EO 12462
12498,17,True,&nbsp;,"Codified at Chapter 

      34"
12499,17,False,&nbsp;,Revoked by EO 12534
12500,18,False,&nbsp;,Amends EO 12163
12501,18,True,&nbsp;,"Codified at Chapter 

      9"
12502,18,False,&nbsp;,Revoked by EO 12534
12503,18,False,Amended by EO 12529,Revoked by EO 12610
12504,18,True,&nbsp;,"Codified at Chapter 

      15"
12505,18,True,&nbsp;,"Codified at Chapter 

      34"
12506,18,False,&nbsp;,Temporary
12507,18,False,Amended EO 12435,Revoked by EO 12610
12508,18,False,&nbsp;,"See note at EO 

      9698  Chapter 

      22, Subchapter C"
12509,18,False,&nbsp;,Temporary
12510,18,False,&nbsp;,Amends EO 10000
12511,18,False,&nbsp;,Revoked by EO 12610
12512,18,True,&nbsp;,"Codified at Chapter 

      41"
12513,18,True,&nbsp;,"Codified at Chapter 

      15"
12514,18,True,&nbsp;,"Codified at Chapter 

      32, Subchapter B"
12515,18,False,&nbsp;,Tariff
12516,18,False,&nbsp;,Amends EO 12493
12517,18,True,&nbsp;,"Codified at Chapter 

      22, Subchapter A"
12518,18,False,&nbsp;,Amends EO 11961
12519,18,False,Amended by Proc. 5690,Tariff
12520,18,True,&nbsp;,"Codified at Chapter 

      35"
12521,18,False,&nbsp;,Amends EO 10480
12522,18,False,&nbsp;,Amends EO 11609
12523,18,True,&nbsp;,"Codified at Chapter 

      13"
12524,18,False,&nbsp;,Tariff
12525,18,True,&nbsp;,"Codified at Chapter 

      15"
12526,18,False,Amended by EO 12542,Revoked by EO 12610
12527,18,False,&nbsp;,Amends EO 11252
12528,18,True,Amended by EO 12604,"Codified at Chapter 

      45"
12529,18,False,Amended EO 12503,Revoked by EO 12610
12530,18,False,&nbsp;,Temporary
12531,18,False,&nbsp;,Temporary
12532,18,True,&nbsp;,"Codified at Chapter 

      15"
12533,18,False,&nbsp;,Amends EO 12464
12534,18,False,"Continued EO's 11145, 11183, 11287, 11776, 12131, 12190, 12196, 12216, 

      12296, 12345, 12367, 12382",Superseded by EO 12610
12535,18,True,&nbsp;,"Codified at Chapter 

      19"
12536,18,False,&nbsp;,Amends EO 12293
12537,18,True,Amended by EO 12624,"Codified at Chapter 

      32, Subchapter C"
12538,18,True,&nbsp;,"Codified at Chapter 

      19"
12539,18,False,&nbsp;,Amends EO 12345
12540,18,False,Amended EO 12496,Executed and obsolete
12541,18,False,&nbsp;,Amends EO 11157
12542,18,False,Amended EO 12526,Revoked by EO 12610
12543,18,True,&nbsp;,"Codified at Chapter 

      15"
12544,18,True,&nbsp;,"Codified at Chapter 

      28"
12545,18,False,Amended EO 12490,Revoked by EO 12610
12546,18,False,&nbsp;,Revoked by EO 12610
12547,18,False,&nbsp;,Revoked by EO 12597
12548,18,True,&nbsp;,Codified at Chapter 7
12549,18,True,&nbsp;,"Codified at Chapter 

      34"
12550,18,False,&nbsp;,"See note at EO 

      12473  Chapter 

      32, Subchapter B"
12551,18,False,&nbsp;,Amends EO 12131
12552,18,False,&nbsp;,Superseded by EO 12637
12553,18,False,&nbsp;,"Revokes EO's 723, 3577, 5491, 5918, 6359, 6558, 8427, 9095, 9193, 9553, 

      9555, 9567, 9573, 9576, 9588, 9640, 9663, 9675, 9684, 9700, 9702, 9713, 

      9716, 9717, 9719, 9721, 9731, 9748, 9749, 9763, 9770, 9782, 9793, 9798, 

      9803, 9838, 9855, 9874, 9878, 9880, 9891, 9899, 9900, 9910, 9918, 9922, 

      9923, 9929, 9936, 9940, 9942, 9947, 9948, 9949, 9965, 9971, 9988, 9991, 

      9992, 9996, 10001, 10008, 10010, 10015, 10029, 10032, 10037, 10038, 10045, 

      10048, 10050, 10051, 10054, 10056, 10067, 10071, 10078, 10080, 10103, 10105, 

      10106, 10109, 10112, 10114, 10116, 10117, 10120, 10125, 10130, 10138, 10139, 

      10140, 10142, 10147, 10150, 10157, 10165, 10167, 10202, 10203, 10230, 10232, 

      10258, 10283, 10285, 10286, 10292, 10300, 10303, 10306, 10314, 10319, 10323, 

      10328, 10344, 10363, 10366, 10368, 10371, 10372, 10376, 10406, 10415, 10417, 

      10420, 10449, 10458, 10469, 10504, 10505, 10509, 10511, 10542, 10543, 10562, 

      10570, 10576, 10578, 10587, 10593, 10594, 10601, 10615, 10622, 10630, 10635, 

      10643, 10644, 10650, 10657, 10659, 10689, 10691, 10693, 10696, 10709, 10710, 

      10714, 10723, 10734, 10735, 10738, 10749, 10750, 10757, 10760, 10770, 10774, 

      10809, 10811, 10837, 10842, 10843, 10848, 10862, 10868, 10872, 10874, 10875, 

      10877, 10878, 10888, 10904, 10906, 10919, 10923, 10926, 10933, 10944, 10949, 

      10951, 10953, 10954, 10962, 10963, 10965, 10969, 10971, 10975, 10976, 10984, 

      11006, 11008, 11011, 11013, 11015, 11025, 11026, 11027, 11029, 11033, 11040, 

      11042, 11043, 11049, 11050, 11054, 11078, 11086, 11098, 11101, 11102, 11105, 

      11108, 11115, 11116, 11119, 11121, 11127, 11131, 11135, 11138, 11147, 11168, 

      11169, 11170, 11171, 11180, 11181, 11188, 11196, 11206, 11213, 11237, 11241, 

      11243, 11252, 11255, 11266, 11276, 11284, 11286, 11291, 11303, 11307, 11308, 

      11314, 11320, 11321, 11324, 11325, 11327, 11329, 11343, 11344, 11350, 11356, 

      11360, 11386, 11387, 11391, 11422, 11431, 11433, 11434, 11436, 11442, 11443, 

      11444, 11445, 11449, 11452, 11486, 11493, 11497, 11527, 11537, 11543, 11553, 

      11555, 11558, 11559, 11563, 11569, 11574, 11585, 11586, 11606, 11621, 11622, 

      11650, 11663, 11664, 11679, 11694, 11706, 11745, 11761, 11771, 11783, 11787, 

      11788, 11797, 11805, 11834, 11836, 11852, 11867, 11871, 11876, 11896, 11969, 

      12009, 12040, 12097, 12129, 12140, 12150, 12153, 12162, 12184, 12186, 12187, 

      12189, 12193, 12209, 12212, 12227, 12244, 12254, 12256, 12257, 12263, 12269, 

      12270, 12297, 12299, 12327, 12351, 12357, 12358, 12370, 12373, 12376, 12384, 

      12385, 12386, 12390, 12392, 12393, 12397, 12398, 12402, 12405, 12408, 12409, 

      12414, 12415, 12427, 12429, 12434, 12440, 12442, 12447, 12449, 12455, 12457, 

      12463, 12476, 12480, 12481, 12482, 12486, 12491, 12492, 12495"
12554,18,False,&nbsp;,Temporary
12555,18,True,&nbsp;,"Codified at Chapter 

      22, Subchapter A"
12556,18,True,&nbsp;,"Codified at Chapter 

      32, Subchapter A"
12557,18,False,&nbsp;,Temporary
12558,18,False,&nbsp;,Temporary
12559,18,False,&nbsp;,Amends EO 12171
12560,18,False,&nbsp;,"Amends EO's 11958, 12163"
12561,18,True,&nbsp;,Codified at Chapter  5
12562,18,False,&nbsp;,Temporary
12563,18,False,&nbsp;,Temporary
12564,18,True,&nbsp;,Codified at Chapter  5
12565,18,False,&nbsp;,Amends EO 11222
12566,18,True,&nbsp;,Codified at Chapter  5
12567,18,True,&nbsp;,Codified at Chapter 31
12568,18,True,&nbsp;,"Codified at Chapter 

      32, Subchapter B"
12569,18,True,&nbsp;,"Codified at Chapter 

      22, Subchapter A"
12570,18,False,Amended by EO 12611,Executed and obsolete
12571,18,True,&nbsp;,"Codified at Chapter 

      22, Subchapter A"
12572,18,True,&nbsp;,"Codified at Chapter 

      43"
12573,18,False,&nbsp;,Amends EO 11157
12574,18,True,&nbsp;,"Codified at Chapter 

      34"
12575,18,False,"Amended by EO's 12581, 12584",Revoked by EO 12610
12576,18,False,&nbsp;,Superseded by EO 12598
12577,18,False,&nbsp;,Temporary
12578,18,False,&nbsp;,Superseded by EO 12622
12579,18,False,&nbsp;,Amends EO 12462
12580,18,True,&nbsp;,"Codified at Chapter 

      40"
12581,18,False,Amended EO 12575,Revoked by EO 12610
12582,18,True,&nbsp;,"Codified at Chapter 

      8"
12583,18,True,&nbsp;,"Codified at Chapter 

      22, Subchapter A"
12584,18,False,Amended EO 12575,Revoked by EO 12610
12585,18,False,&nbsp;,Amends EO 12362
12586,18,False,&nbsp;,"See note at EO 

      12473  Chapter 

      32, Subchapter B"
12587,18,False,&nbsp;,Superseded by EO 12629
12588,18,True,&nbsp;,Codified at Chapter 12
12589,18,True,&nbsp;,Codified at Chapter  5
12590,18,True,Amended EO 12368,Codified at Chapter 21
12591,18,True,Amended by EO 12618,"Codified at Chapter 

      9"
12592,18,False,Amended by EO 12609,Temporary
12593,18,False,&nbsp;,Amends EO 12367
12594,18,True,&nbsp;,"Codified at Chapter 

      45"
12595,18,True,&nbsp;,Codified at Chapter 21
12596,18,True,&nbsp;,Codified at Chapter  5
12597,18,True,&nbsp;,"Codified at Chapter 

      14"
12598,18,True,&nbsp;,"Codified at Chapter 

      22, Subchapter B"
12599,18,True,&nbsp;,"Codified at Chapter 

      22, Subchapter D"
12600,18,True,&nbsp;,"Codified at Chapter 

      16"
12601,18,False,Amended by EO 12603,Temporary
12602,18,False,&nbsp;,Amends EO 12493
12603,18,False,&nbsp;,Amends EO 12601
12604,18,False,&nbsp;,Amends EO 12528
12605,18,True,&nbsp;,"Codified at Chapter 

      32, Subchapter B"
12606,18,True,&nbsp;,"Codified at Chapter 

      34"
12607,18,False,Amended by EO 12627,Temporary
12608,18,False,&nbsp;,"Amends EO's 8248, 8512, 9094, 9830, 9979, 10289, 10499, 10521, 10530, 

      10582, 10608, 10624, 10654, 10786, 10797, 10840, 10841, 10903, 10909, 11012, 

      11023, 11030, 11034, 11044, 11047, 11060, 11077, 11079, 11140, 11157, 11390, 

      11440, 11467, 11480, 11490, 11561, 11580, 11583, 11609, 11623, 11644, 11687, 

      11747, 11755, 11758, 11776, 11800, 11845, 11880, 11899, 11990, 12048, 12049, 

      12086, 12101, 12138, 12146, 12154, 12163, 12196, 12208, 12322, 12328. Revokes 

      EO's 8744, 10880, 11377, 11911, 12034, 12295, 12426"
12609,18,False,&nbsp;,Amends EO 12592
12610,18,False,&nbsp;,"Continues EO's 11145, 11183, 11287, 11776, 12131, 12190, 12196, 12216, 

      12296, 12345, 12382. Revokes EO's 12427, 12435, 12490, 12503, 12511, 12526, 

      12546, 12575. Supersedes EO 12534"
12611,18,False,&nbsp;,Amends EO 12570
12612,18,True,&nbsp;,"Codified at Chapter 

      34"
12613,18,True,&nbsp;,"Codified at Chapter 

      15"
12614,18,False,Amended by EO 12621,Temporary
12615,18,True,&nbsp;,"Codified at Chapter 

      34"
12616,18,False,&nbsp;,Executed and obsolete
12617,18,False,&nbsp;,Amends EO 12462
12618,18,False,&nbsp;,Amends EO 12591
12619,18,False,&nbsp;,Temporary
12620,18,False,&nbsp;,Amends EO 12163
12621,18,False,&nbsp;,Amends EO 12614
12622,18,False,&nbsp;,Superseded by EO 12663
12623,18,False,&nbsp;,Executed and obsolete
12624,18,False,&nbsp;,Amends EO 12537
12625,18,True,&nbsp;,"Codified at Chapter 

      34"
12626,18,True,&nbsp;,"Codified at Chapter 

      32, Subchapter B"
12627,18,False,Amended EO 12607,Temporary
12628,18,False,&nbsp;,"See note at EO 

      9698  Chapter 

      22, Subchapter C"
12629,18,True,&nbsp;,"Codified at Chapter 

      22, Subchapter E"
12630,18,True,&nbsp;,"Codified at Chapter 

      34"
12631,18,True,&nbsp;,Codified at Chapter 31
12632,18,False,&nbsp;,Amends EO 12171
12633,18,False,&nbsp;,Amends EO 10631
12634,18,False,&nbsp;,Executed and obsolete
12635,18,True,&nbsp;,"Codified at Chapter 

      15"
12636,18,False,&nbsp;,Temporary
12637,18,True,&nbsp;,"Codified at Chapter 

      34"
12638,18,True,&nbsp;,"Codified at Chapter 

      22, Subchapter A"
12639,18,False,&nbsp;,Amends EO 12163
12640,18,True,&nbsp;,"Codified at Chapter 

      29"
12641,18,True,&nbsp;,"Codified at Chapter 

      14"
12642,18,True,&nbsp;,"Codified at Chapter 

      32, Subchapter B"
12643,18,False,&nbsp;,"See note at EO 

      9698  Chapter 

      22, Subchapter C"
12644,18,False,&nbsp;,Temporary
12645,18,False,&nbsp;,Amends EO 12364
12646,18,False,&nbsp;,Temporary
12647,18,False,&nbsp;,"Amends EO 11269. See note at EO 

      9698  Chapter 

      22, Subchapter C"
12648,18,True,&nbsp;,"Codified at Chapter 

      22, Subchapter A"
12649,18,False,&nbsp;,Amends EO 10480
12650,18,False,&nbsp;,Temporary
12651,18,True,&nbsp;,"Codified at Chapter 

      22, Subchapter C"
12652,18,False,&nbsp;,Amends EO 12215
12653,18,False,&nbsp;,Amends EO 11183
12654,18,True,&nbsp;,"Codified at Chapter 

      22, Subchapter D"
12655,18,False,&nbsp;,Temporary
12656,18,True,&nbsp;,"Codified at Chapter 

      44"
12657,18,True,&nbsp;,"Codified at Chapter 

      44"
12658,18,True,Amended by EO 12665,"Codified at Chapter 

      44"
12659,18,True,&nbsp;,"Codified at Chapter 

      10"
12660,18,True,&nbsp;,"Codified at Chapter 

      9"
12662,18,True,&nbsp;,"Codified at Chapter 

      15"
12663,18,False,&nbsp;,Executed and obsolete
12664,18,False,&nbsp;,Temporary
12665,18,False,&nbsp;,Amends EO 12658
12666,18,False,&nbsp;,Amends EO 12171
12667,18,True,&nbsp;,"Codified at Chapter 

      3"
