usc_title,edition_year,usc_section,rin,bucket
18,1995,5006,1120-AA25,4-genuine-era-mismatch
18,1995,5006,1120-AA26,4-genuine-era-mismatch
18,1995,5006,1120-AA34,4-genuine-era-mismatch
18,1995,5006,1120-AA37,4-genuine-era-mismatch
18,1995,5006,1120-AA38,4-genuine-era-mismatch
18,1995,4161,1120-AA42,4-genuine-era-mismatch
18,1995,5006,1120-AA42,4-genuine-era-mismatch
18,1995,4161,1120-AA03,4-genuine-era-mismatch
18,1995,5006,1120-AA03,4-genuine-era-mismatch
18,1995,5006,1120-AA11,4-genuine-era-mismatch
18,1995,5006,1120-AA14,4-genuine-era-mismatch
18,1995,5006,1120-AA15,4-genuine-era-mismatch
18,1995,5006,1120-AA17,4-genuine-era-mismatch
18,1995,5006,1120-AA19,4-genuine-era-mismatch
18,1995,5006,1120-AA20,4-genuine-era-mismatch
18,1995,5006,1120-AA22,4-genuine-era-mismatch
18,1995,5006,1120-AA23,4-genuine-era-mismatch
18,1995,5006,1120-AA28,4-genuine-era-mismatch
18,1995,4161,1120-AA29,4-genuine-era-mismatch
18,1995,4201,1120-AA29,4-genuine-era-mismatch
18,1995,4161,1120-AA31,4-genuine-era-mismatch
18,1995,5006,1120-AA31,4-genuine-era-mismatch
18,1995,5006,1120-AA33,4-genuine-era-mismatch
18,1995,5006,1120-AA35,4-genuine-era-mismatch
18,1995,4251,1120-AA36,4-genuine-era-mismatch
18,1995,5006,1120-AA36,4-genuine-era-mismatch
18,1995,5006,1120-AA39,4-genuine-era-mismatch
18,1995,5006,1120-AA41,4-genuine-era-mismatch
18,1995,5006,1120-AA43,4-genuine-era-mismatch
18,1995,5006,1120-AA44,4-genuine-era-mismatch
18,1995,4161,1120-AA45,4-genuine-era-mismatch
18,1995,5006,1120-AA45,4-genuine-era-mismatch
18,1995,5006,1120-AA46,4-genuine-era-mismatch
18,1995,4161,1120-AA47,4-genuine-era-mismatch
18,1995,5006,1120-AA47,4-genuine-era-mismatch
18,1995,5006,1120-AA48,4-genuine-era-mismatch
18,1995,4251,1120-AA16,4-genuine-era-mismatch
18,1995,5006,1120-AA16,4-genuine-era-mismatch
18,1995,5006,1120-AA30,4-genuine-era-mismatch
18,1995,5006,1120-AA40,4-genuine-era-mismatch
8,1995,1801,1215-AB05,4-genuine-era-mismatch
49,1995,1301,2105-AB63,4-genuine-era-mismatch
49,1995,1324,2105-AC29,4-genuine-era-mismatch
49,1995,1324,2105-AC29,4-genuine-era-mismatch
49,1995,1324,2105-AA40,4-genuine-era-mismatch
49,1995,1301,2105-AA78,4-genuine-era-mismatch
49,1995,1302,2105-AA78,4-genuine-era-mismatch
49,1995,1305,2105-AA78,4-genuine-era-mismatch
49,1995,1324,2105-AA78,4-genuine-era-mismatch
49,1995,1301,2105-AA88,4-genuine-era-mismatch
49,1995,1302,2105-AA88,4-genuine-era-mismatch
49,1995,1324,2105-AA88,4-genuine-era-mismatch
49,1995,1324,2105-AB58,4-genuine-era-mismatch
46,1995,3507,2105-AC21,4-genuine-era-mismatch
49,1995,1302,2105-AA84,4-genuine-era-mismatch
49,1995,1324,2105-AA84,4-genuine-era-mismatch
49,1995,1301,2105-AB39,4-genuine-era-mismatch
49,1995,1305,2105-AB39,4-genuine-era-mismatch
49,1995,1324,2105-AB39,4-genuine-era-mismatch
46,1995,4104,2115-AF09,4-genuine-era-mismatch
46,1995,4104,2115-AF10,4-genuine-era-mismatch
46,1995,5115,2115-AE75,4-genuine-era-mismatch
46,1995,841a,2115-AE85,4-genuine-era-mismatch
46,1995,5115,2115-AF11,4-genuine-era-mismatch
46,1995,4104,2115-AA08,4-genuine-era-mismatch
46,1995,8105,2115-AE28,4-genuine-era-mismatch
46,1995,841a,2115-AE98,4-genuine-era-mismatch
46,1995,4104,2115-AF03,4-genuine-era-mismatch
46,1995,841a,2115-AF05,4-genuine-era-mismatch
49,1995,1301,2120-AE51,4-genuine-era-mismatch
49,1995,1303,2120-AE51,4-genuine-era-mismatch
49,1995,1321,2120-AE51,4-genuine-era-mismatch
49,1995,1301,2120-AF64,4-genuine-era-mismatch
49,1995,1303,2120-AF64,4-genuine-era-mismatch
49,1995,1301,2120-AA83,4-genuine-era-mismatch
49,1995,1303,2120-AA83,4-genuine-era-mismatch
49,1995,1301,2120-AC08,4-genuine-era-mismatch
49,1995,1303,2120-AC08,4-genuine-era-mismatch
49,1995,1301,2120-AE42,4-genuine-era-mismatch
49,1995,1303,2120-AE42,4-genuine-era-mismatch
10,1995,2301,9000-AG49,4-genuine-era-mismatch
10,1995,2301,9000-AG53,4-genuine-era-mismatch
10,1995,2301,9000-AG58,4-genuine-era-mismatch
10,1995,2301,9000-AG59,4-genuine-era-mismatch
10,1995,2301,9000-AG61,4-genuine-era-mismatch
10,1995,2301,9000-AG64,4-genuine-era-mismatch
10,1995,2301,9000-AG41,4-genuine-era-mismatch
10,1995,2301,9000-AG57,4-genuine-era-mismatch
10,1995,2301,9000-AG63,4-genuine-era-mismatch
10,1995,2301,9000-AC90,4-genuine-era-mismatch
10,1995,2301,9000-AE41,4-genuine-era-mismatch
10,1995,2301,9000-AE47,4-genuine-era-mismatch
10,1995,2301,9000-AE65,4-genuine-era-mismatch
10,1995,2301,9000-AF36,4-genuine-era-mismatch
10,1995,2301,9000-AF44,4-genuine-era-mismatch
10,1995,2301,9000-AF45,4-genuine-era-mismatch
10,1995,2301,9000-AF46,4-genuine-era-mismatch
10,1995,2301,9000-AF48,4-genuine-era-mismatch
10,1995,2301,9000-AF54,4-genuine-era-mismatch
10,1995,2301,9000-AF55,4-genuine-era-mismatch
10,1995,2301,9000-AF57,4-genuine-era-mismatch
10,1995,2301,9000-AF60,4-genuine-era-mismatch
10,1995,2301,9000-AF61,4-genuine-era-mismatch
10,1995,2301,9000-AF71,4-genuine-era-mismatch
10,1995,2301,9000-AF72,4-genuine-era-mismatch
10,1995,2301,9000-AF74,4-genuine-era-mismatch
10,1995,2301,9000-AF77,4-genuine-era-mismatch
10,1995,2301,9000-AF78,4-genuine-era-mismatch
10,1995,2301,9000-AF79,4-genuine-era-mismatch
10,1995,2301,9000-AF80,4-genuine-era-mismatch
10,1995,2301,9000-AF82,4-genuine-era-mismatch
10,1995,2301,9000-AF83,4-genuine-era-mismatch
10,1995,2301,9000-AF85,4-genuine-era-mismatch
10,1995,2301,9000-AF97,4-genuine-era-mismatch
10,1995,2301,9000-AF98,4-genuine-era-mismatch
10,1995,2301,9000-AF99,4-genuine-era-mismatch
10,1995,2301,9000-AG00,4-genuine-era-mismatch
10,1995,2301,9000-AG02,4-genuine-era-mismatch
10,1995,2301,9000-AG03,4-genuine-era-mismatch
10,1995,2301,9000-AG04,4-genuine-era-mismatch
10,1995,2301,9000-AG06,4-genuine-era-mismatch
10,1995,2301,9000-AG07,4-genuine-era-mismatch
10,1995,2301,9000-AG13,4-genuine-era-mismatch
10,1995,2301,9000-AG14,4-genuine-era-mismatch
10,1995,2301,9000-AE23,4-genuine-era-mismatch
10,1995,2301,9000-AE68,4-genuine-era-mismatch
10,1995,2301,9000-AF41,4-genuine-era-mismatch
10,1995,2301,9000-AF50,4-genuine-era-mismatch
10,1995,2301,9000-AF62,4-genuine-era-mismatch
10,1995,2301,9000-AF66,4-genuine-era-mismatch
10,1995,2301,9000-AF81,4-genuine-era-mismatch
10,1995,2301,9000-AF95,4-genuine-era-mismatch
10,1995,2301,9000-AF96,4-genuine-era-mismatch
10,1995,2301,9000-AG08,4-genuine-era-mismatch
10,1995,2301,9000-AG43,4-genuine-era-mismatch
10,1995,2301,9000-AG55,4-genuine-era-mismatch
10,1995,2301,9000-AG60,4-genuine-era-mismatch
10,1995,2301,9000-AG62,4-genuine-era-mismatch
47,1995,623,3060-AF48,4-genuine-era-mismatch
47,1995,624,3060-AF38,4-genuine-era-mismatch
46,1995,817,3072-AB89,4-genuine-era-mismatch
46,1995,844,3072-AB89,4-genuine-era-mismatch
46,1995,845,3072-AB89,4-genuine-era-mismatch
46,1995,841a,3072-AB80,4-genuine-era-mismatch
46,1995,804,3072-AB87,4-genuine-era-mismatch
46,1995,812,3072-AB87,4-genuine-era-mismatch
46,1995,814,3072-AB87,4-genuine-era-mismatch
46,1995,820,3072-AB87,4-genuine-era-mismatch
46,1995,833a,3072-AB87,4-genuine-era-mismatch
46,1995,841a,3072-AB87,4-genuine-era-mismatch
46,1995,843,3072-AB87,4-genuine-era-mismatch
46,1995,847,3072-AB87,4-genuine-era-mismatch
46,1995,815,3072-AB90,4-genuine-era-mismatch
46,1995,816,3072-AB90,4-genuine-era-mismatch
46,1995,820,3072-AB90,4-genuine-era-mismatch
46,1995,841a,3072-AB90,4-genuine-era-mismatch
46,1995,817,3072-AB78,4-genuine-era-mismatch
46,1995,841a,3072-AB78,4-genuine-era-mismatch
46,1995,844,3072-AB78,4-genuine-era-mismatch
46,1995,845,3072-AB78,4-genuine-era-mismatch
46,1995,816,3072-AB84,4-genuine-era-mismatch
46,1995,843,3072-AB84,4-genuine-era-mismatch
46,1995,847,3072-AB84,4-genuine-era-mismatch
46,1995,841a,3072-AB88,4-genuine-era-mismatch
49,1995,10321,3120-AC03,4-genuine-era-mismatch
49,1995,10301,3120-AB41,4-genuine-era-mismatch
49,1995,10321,3120-AB41,4-genuine-era-mismatch
49,1995,10326,3120-AB41,4-genuine-era-mismatch
49,1995,10701a,3120-AB41,4-genuine-era-mismatch
49,1995,10922,3120-AC04,4-genuine-era-mismatch
49,1995,10923,3120-AC04,4-genuine-era-mismatch
49,1995,10927,3120-AC04,4-genuine-era-mismatch
49,1995,10505,3120-AB35,4-genuine-era-mismatch
49,1995,10750,3120-AB35,4-genuine-era-mismatch
49,1995,10321,3120-AB43,4-genuine-era-mismatch
49,1995,10505,3120-AB43,4-genuine-era-mismatch
49,1995,10321,3120-AB77,4-genuine-era-mismatch
49,1995,10505,3120-AB77,4-genuine-era-mismatch
49,1995,11341,3120-AB77,4-genuine-era-mismatch
49,1995,11343,3120-AB77,4-genuine-era-mismatch
49,1995,10761,3120-AB83,4-genuine-era-mismatch
49,1995,10762,3120-AB83,4-genuine-era-mismatch
49,1995,10321,3120-AB83,4-genuine-era-mismatch
49,1995,10321,3120-AB95,4-genuine-era-mismatch
49,1995,10505,3120-AB95,4-genuine-era-mismatch
49,1995,10762,3120-AB95,4-genuine-era-mismatch
49,1995,11105,3120-AB95,4-genuine-era-mismatch
49,1995,10321,3120-AC01,4-genuine-era-mismatch
49,1995,10505,3120-AC01,4-genuine-era-mismatch
49,1995,10731,3120-AC01,4-genuine-era-mismatch
49,1995,10707a,3120-AC01,4-genuine-era-mismatch
49,1995,10321,3120-AB96,4-genuine-era-mismatch
49,1995,10505,3120-AB96,4-genuine-era-mismatch
49,1995,10762,3120-AB96,4-genuine-era-mismatch
49,1995,11105,3120-AB96,4-genuine-era-mismatch
49,1995,10767,3120-AB98,4-genuine-era-mismatch
49,1995,10321,3120-AB98,4-genuine-era-mismatch
49,1995,10321,3120-AC00,4-genuine-era-mismatch
49,1995,10505,3120-AC00,4-genuine-era-mismatch
49,1995,10321,3120-AC02,4-genuine-era-mismatch
49,1995,10927,3120-AC02,4-genuine-era-mismatch
42,1996,4102a,1550-AB00,4-genuine-era-mismatch
12,1996,5102,1557-AB41,4-genuine-era-mismatch
38,1996,7110,2900-AI11,4-genuine-era-mismatch
35,1996,266,2900-AI03,4-genuine-era-mismatch
10,1996,2136,2900-AF74,4-genuine-era-mismatch
33,1996,4103,2040-AB85,4-genuine-era-mismatch
10,1996,2301,9000-AH18,4-genuine-era-mismatch
10,1996,2301,9000-AH21,4-genuine-era-mismatch
10,1996,2301,9000-AH22,4-genuine-era-mismatch
10,1996,2301,9000-AH24,4-genuine-era-mismatch
10,1996,2301,9000-AH26,4-genuine-era-mismatch
10,1996,2301,9000-AH27,4-genuine-era-mismatch
10,1996,2301,9000-AH29,4-genuine-era-mismatch
10,1996,2301,9000-AH30,4-genuine-era-mismatch
10,1996,2301,9000-AC90,4-genuine-era-mismatch
10,1996,2301,9000-AG73,4-genuine-era-mismatch
10,1996,2301,9000-AG74,4-genuine-era-mismatch
10,1996,2301,9000-AG75,4-genuine-era-mismatch
10,1996,2301,9000-AF61,4-genuine-era-mismatch
10,1996,2301,9000-AF72,4-genuine-era-mismatch
10,1996,2301,9000-AG04,4-genuine-era-mismatch
10,1996,2301,9000-AG49,4-genuine-era-mismatch
10,1996,2301,9000-AG59,4-genuine-era-mismatch
10,1996,2301,9000-AG64,4-genuine-era-mismatch
10,1996,2301,9000-AG76,4-genuine-era-mismatch
10,1996,2301,9000-AG81,4-genuine-era-mismatch
10,1996,2301,9000-AG85,4-genuine-era-mismatch
10,1996,2301,9000-AG86,4-genuine-era-mismatch
10,1996,2301,9000-AG87,4-genuine-era-mismatch
10,1996,2301,9000-AG89,4-genuine-era-mismatch
10,1996,2301,9000-AG99,4-genuine-era-mismatch
10,1996,2301,9000-AH03,4-genuine-era-mismatch
10,1996,2301,9000-AH04,4-genuine-era-mismatch
10,1996,2301,9000-AH05,4-genuine-era-mismatch
10,1996,2301,9000-AH07,4-genuine-era-mismatch
10,1996,2301,9000-AH14,4-genuine-era-mismatch
10,1996,2301,9000-AH28,4-genuine-era-mismatch
10,1996,2301,9000-AE41,4-genuine-era-mismatch
10,1996,2301,9000-AE47,4-genuine-era-mismatch
10,1996,2301,9000-AF41,4-genuine-era-mismatch
10,1996,2301,9000-AF44,4-genuine-era-mismatch
10,1996,2301,9000-AF48,4-genuine-era-mismatch
10,1996,2301,9000-AF54,4-genuine-era-mismatch
10,1996,2301,9000-AF55,4-genuine-era-mismatch
10,1996,2301,9000-AF60,4-genuine-era-mismatch
10,1996,2301,9000-AF80,4-genuine-era-mismatch
10,1996,2301,9000-AF83,4-genuine-era-mismatch
10,1996,2301,9000-AF97,4-genuine-era-mismatch
10,1996,2301,9000-AF98,4-genuine-era-mismatch
10,1996,2301,9000-AF99,4-genuine-era-mismatch
10,1996,2301,9000-AG00,4-genuine-era-mismatch
10,1996,2301,9000-AG02,4-genuine-era-mismatch
10,1996,2301,9000-AG06,4-genuine-era-mismatch
10,1996,2301,9000-AG07,4-genuine-era-mismatch
10,1996,2301,9000-AG13,4-genuine-era-mismatch
10,1996,2301,9000-AG14,4-genuine-era-mismatch
10,1996,2301,9000-AG41,4-genuine-era-mismatch
10,1996,2301,9000-AG57,4-genuine-era-mismatch
10,1996,2301,9000-AG61,4-genuine-era-mismatch
10,1996,2301,9000-AG63,4-genuine-era-mismatch
10,1996,2301,9000-AG65,4-genuine-era-mismatch
10,1996,2301,9000-AG66,4-genuine-era-mismatch
10,1996,2301,9000-AG71,4-genuine-era-mismatch
10,1996,2301,9000-AG83,4-genuine-era-mismatch
10,1996,2301,9000-AG92,4-genuine-era-mismatch
10,1996,2301,9000-AG93,4-genuine-era-mismatch
10,1996,2301,9000-AG94,4-genuine-era-mismatch
10,1996,2301,9000-AG96,4-genuine-era-mismatch
10,1996,2301,9000-AG97,4-genuine-era-mismatch
10,1996,2301,9000-AG98,4-genuine-era-mismatch
10,1996,2301,9000-AH09,4-genuine-era-mismatch
18,2002,5006,1120-AA96,4-genuine-era-mismatch
18,2002,5006,1120-AB07,4-genuine-era-mismatch
18,2002,4161,1120-AA03,4-genuine-era-mismatch
18,2002,5006,1120-AA03,4-genuine-era-mismatch
18,2002,5006,1120-AA11,4-genuine-era-mismatch
18,2002,5006,1120-AA15,4-genuine-era-mismatch
18,2002,5006,1120-AA23,4-genuine-era-mismatch
18,2002,5006,1120-AA25,4-genuine-era-mismatch
18,2002,5006,1120-AA33,4-genuine-era-mismatch
18,2002,5006,1120-AA39,4-genuine-era-mismatch
18,2002,5006,1120-AA49,4-genuine-era-mismatch
18,2002,5006,1120-AA59,4-genuine-era-mismatch
18,2002,4161,1120-AA62,4-genuine-era-mismatch
18,2002,5006,1120-AA62,4-genuine-era-mismatch
18,2002,5006,1120-AA72,4-genuine-era-mismatch
18,2002,5006,1120-AA77,4-genuine-era-mismatch
18,2002,5006,1120-AA81,4-genuine-era-mismatch
18,2002,5006,1120-AA85,4-genuine-era-mismatch
18,2002,4161,1120-AA85,4-genuine-era-mismatch
18,2002,4201,1120-AA85,4-genuine-era-mismatch
18,2002,4161,1120-AA86,4-genuine-era-mismatch
18,2002,5006,1120-AA86,4-genuine-era-mismatch
18,2002,5006,1120-AA88,4-genuine-era-mismatch
18,2002,5006,1120-AA90,4-genuine-era-mismatch
18,2002,5006,1120-AA92,4-genuine-era-mismatch
18,2002,4251,1120-AA95,4-genuine-era-mismatch
18,2002,5006,1120-AA95,4-genuine-era-mismatch
18,2002,5006,1120-AA98,4-genuine-era-mismatch
18,2002,4161,1120-AA99,4-genuine-era-mismatch
18,2002,4201,1120-AA99,4-genuine-era-mismatch
18,2002,5006,1120-AA99,4-genuine-era-mismatch
18,2002,5006,1120-AB04,4-genuine-era-mismatch
18,2002,4161,1120-AB05,4-genuine-era-mismatch
18,2002,5006,1120-AB05,4-genuine-era-mismatch
18,2002,5006,1120-AB06,4-genuine-era-mismatch
18,2002,4161,1120-AA79,4-genuine-era-mismatch
18,2002,5006,1120-AA79,4-genuine-era-mismatch
18,2002,5006,1120-AA83,4-genuine-era-mismatch
18,2002,5006,1120-AB02,4-genuine-era-mismatch
40,2002,333,1218-AB47,4-genuine-era-mismatch
40,2002,333,1218-AB62,4-genuine-era-mismatch
40,2002,333,1218-AB89,4-genuine-era-mismatch
40,2002,333,1218-AB67,4-genuine-era-mismatch
40,2002,333,1218-AB77,4-genuine-era-mismatch
40,2002,333,1218-AC01,4-genuine-era-mismatch
40,2002,333,1218-AB88,4-genuine-era-mismatch
40,2002,486,1291-AA34,4-genuine-era-mismatch
40,2002,486,1291-AA33,4-genuine-era-mismatch
49,2002,1324,2105-AA40,4-genuine-era-mismatch
49,2002,1301,2105-AA78,4-genuine-era-mismatch
49,2002,1302,2105-AA78,4-genuine-era-mismatch
49,2002,1305,2105-AA78,4-genuine-era-mismatch
49,2002,1324,2105-AA78,4-genuine-era-mismatch
49,2002,1302,2105-AA84,4-genuine-era-mismatch
49,2002,1324,2105-AA84,4-genuine-era-mismatch
49,2002,1301,2105-AA88,4-genuine-era-mismatch
49,2002,1302,2105-AA88,4-genuine-era-mismatch
49,2002,1324,2105-AA88,4-genuine-era-mismatch
49,2002,1301,2105-AB39,4-genuine-era-mismatch
49,2002,1305,2105-AB39,4-genuine-era-mismatch
49,2002,1324,2105-AB39,4-genuine-era-mismatch
40,2002,106,2120-AD45,4-genuine-era-mismatch
49,2002,44932,2120-AD45,4-genuine-era-mismatch
49,2002,44932,2120-AD46,4-genuine-era-mismatch
49,2002,44932,2120-AG51,4-genuine-era-mismatch
18,2002,5006,1120-AA96,4-genuine-era-mismatch
18,2002,5006,1120-AB07,4-genuine-era-mismatch
18,2002,4161,1120-AB11,4-genuine-era-mismatch
18,2002,5006,1120-AB11,4-genuine-era-mismatch
18,2002,4161,1120-AB12,4-genuine-era-mismatch
18,2002,5006,1120-AB12,4-genuine-era-mismatch
18,2002,4161,1120-AB13,4-genuine-era-mismatch
18,2002,5006,1120-AB13,4-genuine-era-mismatch
18,2002,4161,1120-AB18,4-genuine-era-mismatch
18,2002,5006,1120-AB18,4-genuine-era-mismatch
18,2002,5006,1120-AB20,4-genuine-era-mismatch
18,2002,4161,1120-AA03,4-genuine-era-mismatch
18,2002,5006,1120-AA03,4-genuine-era-mismatch
18,2002,5006,1120-AA11,4-genuine-era-mismatch
18,2002,5006,1120-AA15,4-genuine-era-mismatch
18,2002,5006,1120-AA25,4-genuine-era-mismatch
18,2002,5006,1120-AA33,4-genuine-era-mismatch
18,2002,5006,1120-AA39,4-genuine-era-mismatch
18,2002,5006,1120-AA49,4-genuine-era-mismatch
18,2002,5006,1120-AA59,4-genuine-era-mismatch
18,2002,4161,1120-AA62,4-genuine-era-mismatch
18,2002,5006,1120-AA62,4-genuine-era-mismatch
18,2002,5006,1120-AA77,4-genuine-era-mismatch
18,2002,5006,1120-AA81,4-genuine-era-mismatch
18,2002,5006,1120-AA85,4-genuine-era-mismatch
18,2002,4161,1120-AA85,4-genuine-era-mismatch
18,2002,4201,1120-AA85,4-genuine-era-mismatch
18,2002,4161,1120-AA86,4-genuine-era-mismatch
18,2002,5006,1120-AA86,4-genuine-era-mismatch
18,2002,5006,1120-AA88,4-genuine-era-mismatch
18,2002,5006,1120-AA90,4-genuine-era-mismatch
18,2002,5006,1120-AA92,4-genuine-era-mismatch
18,2002,4251,1120-AA95,4-genuine-era-mismatch
18,2002,5006,1120-AA95,4-genuine-era-mismatch
18,2002,5006,1120-AA98,4-genuine-era-mismatch
18,2002,4161,1120-AA99,4-genuine-era-mismatch
18,2002,4201,1120-AA99,4-genuine-era-mismatch
18,2002,5006,1120-AA99,4-genuine-era-mismatch
18,2002,5006,1120-AB04,4-genuine-era-mismatch
18,2002,5006,1120-AB06,4-genuine-era-mismatch
18,2002,4161,1120-AB08,4-genuine-era-mismatch
18,2002,5006,1120-AB08,4-genuine-era-mismatch
18,2002,223,1120-AB09,4-genuine-era-mismatch
18,2002,4161,1120-AB09,4-genuine-era-mismatch
18,2002,5006,1120-AB09,4-genuine-era-mismatch
18,2002,223,1120-AB14,4-genuine-era-mismatch
18,2002,5006,1120-AB14,4-genuine-era-mismatch
18,2002,4161,1120-AB16,4-genuine-era-mismatch
18,2002,5006,1120-AB16,4-genuine-era-mismatch
18,2002,4161,1120-AB17,4-genuine-era-mismatch
18,2002,5006,1120-AB17,4-genuine-era-mismatch
18,2002,4161,1120-AB21,4-genuine-era-mismatch
18,2002,4201,1120-AB21,4-genuine-era-mismatch
18,2002,5006,1120-AB21,4-genuine-era-mismatch
18,2002,5006,1120-AB22,4-genuine-era-mismatch
18,2002,5006,1120-AB23,4-genuine-era-mismatch
18,2002,4161,1120-AB05,4-genuine-era-mismatch
18,2002,5006,1120-AB05,4-genuine-era-mismatch
18,2002,5006,1120-AA23,4-genuine-era-mismatch
18,2002,5006,1120-AA72,4-genuine-era-mismatch
40,2002,333,1218-AB47,4-genuine-era-mismatch
40,2002,333,1218-AB89,4-genuine-era-mismatch
40,2002,333,1218-AB67,4-genuine-era-mismatch
40,2002,333,1218-AB77,4-genuine-era-mismatch
40,2002,333,1218-AC01,4-genuine-era-mismatch
40,2002,333,1218-AB62,4-genuine-era-mismatch
40,2002,333,1218-AB88,4-genuine-era-mismatch
40,2002,486,1291-AA33,4-genuine-era-mismatch
40,2002,486,1291-AA34,4-genuine-era-mismatch
18,2003,5006,1120-AA96,4-genuine-era-mismatch
18,2003,5006,1120-AB07,4-genuine-era-mismatch
18,2003,4161,1120-AB12,4-genuine-era-mismatch
18,2003,5006,1120-AB12,4-genuine-era-mismatch
18,2003,4161,1120-AB13,4-genuine-era-mismatch
18,2003,5006,1120-AB13,4-genuine-era-mismatch
18,2003,4161,1120-AB18,4-genuine-era-mismatch
18,2003,5006,1120-AB18,4-genuine-era-mismatch
18,2003,5006,1120-AB20,4-genuine-era-mismatch
18,2003,4161,1120-AA03,4-genuine-era-mismatch
18,2003,5006,1120-AA03,4-genuine-era-mismatch
18,2003,5006,1120-AA11,4-genuine-era-mismatch
18,2003,5006,1120-AA25,4-genuine-era-mismatch
18,2003,5006,1120-AA33,4-genuine-era-mismatch
18,2003,5006,1120-AA39,4-genuine-era-mismatch
18,2003,5006,1120-AA49,4-genuine-era-mismatch
18,2003,4161,1120-AA62,4-genuine-era-mismatch
18,2003,5006,1120-AA62,4-genuine-era-mismatch
18,2003,5006,1120-AA85,4-genuine-era-mismatch
18,2003,4161,1120-AA85,4-genuine-era-mismatch
18,2003,4201,1120-AA85,4-genuine-era-mismatch
18,2003,4161,1120-AA86,4-genuine-era-mismatch
18,2003,5006,1120-AA86,4-genuine-era-mismatch
18,2003,5006,1120-AA88,4-genuine-era-mismatch
18,2003,5006,1120-AA90,4-genuine-era-mismatch
18,2003,5006,1120-AA92,4-genuine-era-mismatch
18,2003,4251,1120-AA95,4-genuine-era-mismatch
18,2003,5006,1120-AA95,4-genuine-era-mismatch
18,2003,5006,1120-AA98,4-genuine-era-mismatch
18,2003,4161,1120-AA99,4-genuine-era-mismatch
18,2003,4201,1120-AA99,4-genuine-era-mismatch
18,2003,5006,1120-AA99,4-genuine-era-mismatch
18,2003,5006,1120-AB04,4-genuine-era-mismatch
18,2003,4161,1120-AB05,4-genuine-era-mismatch
18,2003,5006,1120-AB05,4-genuine-era-mismatch
18,2003,5006,1120-AB06,4-genuine-era-mismatch
18,2003,4161,1120-AB08,4-genuine-era-mismatch
18,2003,5006,1120-AB08,4-genuine-era-mismatch
18,2003,223,1120-AB09,4-genuine-era-mismatch
18,2003,4161,1120-AB09,4-genuine-era-mismatch
18,2003,5006,1120-AB09,4-genuine-era-mismatch
18,2003,4161,1120-AB11,4-genuine-era-mismatch
18,2003,5006,1120-AB11,4-genuine-era-mismatch
18,2003,223,1120-AB14,4-genuine-era-mismatch
18,2003,5006,1120-AB14,4-genuine-era-mismatch
18,2003,4161,1120-AB16,4-genuine-era-mismatch
18,2003,5006,1120-AB16,4-genuine-era-mismatch
18,2003,4161,1120-AB17,4-genuine-era-mismatch
18,2003,5006,1120-AB17,4-genuine-era-mismatch
18,2003,4161,1120-AB21,4-genuine-era-mismatch
18,2003,4201,1120-AB21,4-genuine-era-mismatch
18,2003,5006,1120-AB21,4-genuine-era-mismatch
18,2003,5006,1120-AB22,4-genuine-era-mismatch
18,2003,5006,1120-AB23,4-genuine-era-mismatch
18,2003,5006,1120-AA81,4-genuine-era-mismatch
18,2003,5006,1120-AA15,4-genuine-era-mismatch
18,2003,5006,1120-AA59,4-genuine-era-mismatch
18,2003,5006,1120-AA77,4-genuine-era-mismatch
40,2003,333,1218-AB47,4-genuine-era-mismatch
40,2003,333,1218-AB67,4-genuine-era-mismatch
40,2003,333,1218-AB77,4-genuine-era-mismatch
40,2003,333,1218-AB89,4-genuine-era-mismatch
40,2003,333,1218-AC01,4-genuine-era-mismatch
40,2003,486,1291-AA34,4-genuine-era-mismatch
40,2003,486,1291-AA33,4-genuine-era-mismatch
16,1995,5801,0596-AA35,4-genuine-era-mismatch
50,1995,1710,0694-AB06,4-genuine-era-mismatch
50,1995,2401,0694-AA52,4-genuine-era-mismatch
50,1995,1710,0694-AA67,4-genuine-era-mismatch
50,1995,1710,0694-AA77,4-genuine-era-mismatch
50,1995,1710,0694-AB05,4-genuine-era-mismatch
50,1995,1710,0694-AB08,4-genuine-era-mismatch
50,1995,1710,0694-AB09,4-genuine-era-mismatch
50,1995,1710,0694-AB10,4-genuine-era-mismatch
50,1995,1710,0694-AB12,4-genuine-era-mismatch
50,1995,1710,0694-AB15,4-genuine-era-mismatch
50,1995,1710,0694-AB16,4-genuine-era-mismatch
50,1995,1710,0694-AB17,4-genuine-era-mismatch
50,1995,1710,0694-AB19,4-genuine-era-mismatch
50,1995,1710,0694-AB23,4-genuine-era-mismatch
50,1995,1710,0694-AB24,4-genuine-era-mismatch
50,1995,1710,0694-AB25,4-genuine-era-mismatch
50,1995,1710,0694-AB26,4-genuine-era-mismatch
50,1995,1710,0694-AB27,4-genuine-era-mismatch
10,1995,7450,0694-AB28,4-genuine-era-mismatch
50,1995,1710,0694-AB28,4-genuine-era-mismatch
50,1995,1710,0694-AB29,4-genuine-era-mismatch
50,1995,1710,0694-AB30,4-genuine-era-mismatch
50,1995,1710,0694-AB31,4-genuine-era-mismatch
50,1995,1710,0694-AB34,4-genuine-era-mismatch
50,1995,1710,0694-AB35,4-genuine-era-mismatch
50,1995,1710,0694-AA72,4-genuine-era-mismatch
50,1995,1710,0694-AB07,4-genuine-era-mismatch
50,1995,1710,0694-AB11,4-genuine-era-mismatch
50,1995,1710,0694-AB14,4-genuine-era-mismatch
50,1995,1710,0694-AB18,4-genuine-era-mismatch
50,1995,1710,0694-AB20,4-genuine-era-mismatch
50,1995,1710,0694-AB22,4-genuine-era-mismatch
50,1995,1710,0694-AB33,4-genuine-era-mismatch
10,1995,301,0790-AF27,4-genuine-era-mismatch
16,1995,670,1004-AC30,4-genuine-era-mismatch
16,1995,469k,1018-AD27,4-genuine-era-mismatch
49,1995,1301,2120-AF29,4-genuine-era-mismatch
49,1995,1303,2120-AF29,4-genuine-era-mismatch
49,1995,1301,2120-AF30,4-genuine-era-mismatch
49,1995,1303,2120-AF30,4-genuine-era-mismatch
49,1995,1303,2120-AF35,4-genuine-era-mismatch
49,1995,1301,2120-AD26,4-genuine-era-mismatch
49,1995,1303,2120-AD26,4-genuine-era-mismatch
49,1995,1301,2120-AE83,4-genuine-era-mismatch
49,1995,1303,2120-AE83,4-genuine-era-mismatch
49,1995,1302,2120-AE95,4-genuine-era-mismatch
49,1995,1303,2120-AE95,4-genuine-era-mismatch
49,1995,1301,2120-AE98,4-genuine-era-mismatch
49,1995,1303,2120-AE98,4-genuine-era-mismatch
49,1995,1301,2120-AF04,4-genuine-era-mismatch
49,1995,1303,2120-AF04,4-genuine-era-mismatch
49,1995,1301,2120-AF07,4-genuine-era-mismatch
49,1995,1303,2120-AF07,4-genuine-era-mismatch
49,1995,1302,2120-AF31,4-genuine-era-mismatch
49,1995,1303,2120-AF31,4-genuine-era-mismatch
49,1995,1301,2120-AF67,4-genuine-era-mismatch
49,1995,1303,2120-AF67,4-genuine-era-mismatch
49,1995,1302,2120-AB42,4-genuine-era-mismatch
49,1995,1303,2120-AB42,4-genuine-era-mismatch
49,1995,1301,2120-AD88,4-genuine-era-mismatch
49,1995,1303,2120-AD88,4-genuine-era-mismatch
49,1995,1302,2120-AE94,4-genuine-era-mismatch
49,1995,1303,2120-AE94,4-genuine-era-mismatch
49,1995,1301,2120-AF00,4-genuine-era-mismatch
49,1995,1303,2120-AF00,4-genuine-era-mismatch
49,1995,1301,2120-AF60,4-genuine-era-mismatch
49,1995,1303,2120-AF60,4-genuine-era-mismatch
49,1995,1301,2120-AF72,4-genuine-era-mismatch
49,1995,1301,2120-AF74,4-genuine-era-mismatch
49,1995,1301,2120-AF85,4-genuine-era-mismatch
49,1995,1301,2120-AF87,4-genuine-era-mismatch
49,1995,1303,2120-AF87,4-genuine-era-mismatch
49,1995,20166,2127-AF72,4-genuine-era-mismatch
5,1995,321,1505-AA57,4-genuine-era-mismatch
26,1995,6320,1545-AQ47,4-genuine-era-mismatch
26,1995,2517,1545-AP60,4-genuine-era-mismatch
12,1995,5102,1557-AB41,4-genuine-era-mismatch
10,1995,2136,2900-AF74,4-genuine-era-mismatch
33,1995,4103,2040-AB85,4-genuine-era-mismatch
42,1995,4004,2050-AE11,4-genuine-era-mismatch
42,1995,4004,2050-AD04,4-genuine-era-mismatch
5,1995,8457,3206-AG11,4-genuine-era-mismatch
5,1995,5538,3206-AG15,4-genuine-era-mismatch
50,1996,1710,0694-AB06,4-genuine-era-mismatch
50,1996,1710,0694-AB40,4-genuine-era-mismatch
50,1996,1710,0694-AB42,4-genuine-era-mismatch
50,1996,2401,0694-AA52,4-genuine-era-mismatch
50,1996,1710,0694-AA67,4-genuine-era-mismatch
50,1996,1710,0694-AA77,4-genuine-era-mismatch
50,1996,1710,0694-AB09,4-genuine-era-mismatch
50,1996,1710,0694-AB10,4-genuine-era-mismatch
50,1996,1710,0694-AB12,4-genuine-era-mismatch
50,1996,1710,0694-AB15,4-genuine-era-mismatch
50,1996,1710,0694-AB16,4-genuine-era-mismatch
50,1996,1710,0694-AB19,4-genuine-era-mismatch
50,1996,1710,0694-AB23,4-genuine-era-mismatch
50,1996,1710,0694-AB24,4-genuine-era-mismatch
50,1996,1710,0694-AB25,4-genuine-era-mismatch
50,1996,1710,0694-AB26,4-genuine-era-mismatch
10,1996,7450,0694-AB28,4-genuine-era-mismatch
50,1996,1710,0694-AB28,4-genuine-era-mismatch
50,1996,1710,0694-AB34,4-genuine-era-mismatch
50,1996,1710,0694-AB35,4-genuine-era-mismatch
50,1996,1710,0694-AB36,4-genuine-era-mismatch
50,1996,2401,0694-AB37,4-genuine-era-mismatch
50,1996,1710,0694-AB38,4-genuine-era-mismatch
50,1996,1710,0694-AB43,4-genuine-era-mismatch
50,1996,1710,0694-AB41,4-genuine-era-mismatch
50,1996,1710,0694-AB05,4-genuine-era-mismatch
50,1996,1710,0694-AB08,4-genuine-era-mismatch
50,1996,1710,0694-AB17,4-genuine-era-mismatch
50,1996,1710,0694-AB27,4-genuine-era-mismatch
50,1996,1710,0694-AB29,4-genuine-era-mismatch
50,1996,1710,0694-AB30,4-genuine-era-mismatch
50,1996,1710,0694-AB31,4-genuine-era-mismatch
10,1996,410,0790-AF84,4-genuine-era-mismatch
10,1996,410,0790-AF85,4-genuine-era-mismatch
10,1996,301,0790-AF27,4-genuine-era-mismatch
16,1996,670,1004-AC30,4-genuine-era-mismatch
18,1996,1157,1076-AD56,4-genuine-era-mismatch
18,1996,5006,1120-AA25,4-genuine-era-mismatch
18,1996,5006,1120-AA46,4-genuine-era-mismatch
18,1996,5006,1120-AA48,4-genuine-era-mismatch
18,1996,5006,1120-AA52,4-genuine-era-mismatch
18,1996,4161,1120-AA03,4-genuine-era-mismatch
18,1996,5006,1120-AA03,4-genuine-era-mismatch
18,1996,5006,1120-AA11,4-genuine-era-mismatch
18,1996,5006,1120-AA14,4-genuine-era-mismatch
18,1996,5006,1120-AA15,4-genuine-era-mismatch
18,1996,5006,1120-AA17,4-genuine-era-mismatch
18,1996,5006,1120-AA19,4-genuine-era-mismatch
18,1996,5006,1120-AA23,4-genuine-era-mismatch
18,1996,5006,1120-AA26,4-genuine-era-mismatch
18,1996,4161,1120-AA29,4-genuine-era-mismatch
18,1996,4201,1120-AA29,4-genuine-era-mismatch
18,1996,4161,1120-AA31,4-genuine-era-mismatch
18,1996,5006,1120-AA31,4-genuine-era-mismatch
18,1996,5006,1120-AA33,4-genuine-era-mismatch
18,1996,5006,1120-AA34,4-genuine-era-mismatch
18,1996,5006,1120-AA35,4-genuine-era-mismatch
18,1996,4251,1120-AA36,4-genuine-era-mismatch
18,1996,5006,1120-AA36,4-genuine-era-mismatch
18,1996,5006,1120-AA37,4-genuine-era-mismatch
18,1996,5006,1120-AA39,4-genuine-era-mismatch
18,1996,5006,1120-AA41,4-genuine-era-mismatch
18,1996,4161,1120-AA42,4-genuine-era-mismatch
18,1996,5006,1120-AA42,4-genuine-era-mismatch
18,1996,5006,1120-AA43,4-genuine-era-mismatch
18,1996,5006,1120-AA44,4-genuine-era-mismatch
18,1996,4161,1120-AA45,4-genuine-era-mismatch
18,1996,5006,1120-AA45,4-genuine-era-mismatch
18,1996,4161,1120-AA47,4-genuine-era-mismatch
18,1996,5006,1120-AA47,4-genuine-era-mismatch
18,1996,5006,1120-AA49,4-genuine-era-mismatch
18,1996,4161,1120-AA51,4-genuine-era-mismatch
18,1996,4201,1120-AA51,4-genuine-era-mismatch
18,1996,5006,1120-AA51,4-genuine-era-mismatch
18,1996,5006,1120-AA20,4-genuine-era-mismatch
18,1996,5006,1120-AA22,4-genuine-era-mismatch
18,1996,5006,1120-AA28,4-genuine-era-mismatch
18,1996,5006,1120-AA38,4-genuine-era-mismatch
8,1996,1801,1215-AB05,4-genuine-era-mismatch
49,1996,1301,2105-AB63,4-genuine-era-mismatch
49,1996,1324,2105-AC29,4-genuine-era-mismatch
49,1996,1324,2105-AC29,4-genuine-era-mismatch
49,1996,1324,2105-AA40,4-genuine-era-mismatch
49,1996,1301,2105-AA78,4-genuine-era-mismatch
49,1996,1302,2105-AA78,4-genuine-era-mismatch
49,1996,1305,2105-AA78,4-genuine-era-mismatch
49,1996,1324,2105-AA78,4-genuine-era-mismatch
49,1996,1301,2105-AA88,4-genuine-era-mismatch
49,1996,1302,2105-AA88,4-genuine-era-mismatch
49,1996,1324,2105-AA88,4-genuine-era-mismatch
46,1996,3507,2105-AC21,4-genuine-era-mismatch
49,1996,1302,2105-AA84,4-genuine-era-mismatch
49,1996,1324,2105-AA84,4-genuine-era-mismatch
49,1996,1301,2105-AB39,4-genuine-era-mismatch
49,1996,1305,2105-AB39,4-genuine-era-mismatch
49,1996,1324,2105-AB39,4-genuine-era-mismatch
49,1996,1324,2105-AB58,4-genuine-era-mismatch
46,1996,4104,2115-AF10,4-genuine-era-mismatch
46,1996,841a,2115-AE85,4-genuine-era-mismatch
46,1996,4104,2115-AF09,4-genuine-era-mismatch
46,1996,5115,2115-AF11,4-genuine-era-mismatch
46,1996,5115,2115-AE75,4-genuine-era-mismatch
23,1996,154,2125-AD77,4-genuine-era-mismatch
49,1996,20166,2127-AF72,4-genuine-era-mismatch
26,1996,956a,1545-AS47,4-genuine-era-mismatch
26,1996,2517,1545-AP60,4-genuine-era-mismatch
26,1996,6320,1545-AQ47,4-genuine-era-mismatch
12,1996,5102,1557-AB41,4-genuine-era-mismatch
10,1996,2136,2900-AF74,4-genuine-era-mismatch
33,1996,4103,2040-AB85,4-genuine-era-mismatch
10,1996,2301,9000-AG85,4-genuine-era-mismatch
10,1996,2301,9000-AG86,4-genuine-era-mismatch
10,1996,2301,9000-AG87,4-genuine-era-mismatch
10,1996,2301,9000-AG89,4-genuine-era-mismatch
10,1996,2301,9000-AE41,4-genuine-era-mismatch
10,1996,2301,9000-AF41,4-genuine-era-mismatch
10,1996,2301,9000-AF44,4-genuine-era-mismatch
10,1996,2301,9000-AF48,4-genuine-era-mismatch
10,1996,2301,9000-AF54,4-genuine-era-mismatch
10,1996,2301,9000-AF55,4-genuine-era-mismatch
10,1996,2301,9000-AF60,4-genuine-era-mismatch
10,1996,2301,9000-AF80,4-genuine-era-mismatch
10,1996,2301,9000-AF83,4-genuine-era-mismatch
10,1996,2301,9000-AF98,4-genuine-era-mismatch
10,1996,2301,9000-AF99,4-genuine-era-mismatch
10,1996,2301,9000-AG00,4-genuine-era-mismatch
10,1996,2301,9000-AG02,4-genuine-era-mismatch
10,1996,2301,9000-AG06,4-genuine-era-mismatch
10,1996,2301,9000-AG07,4-genuine-era-mismatch
10,1996,2301,9000-AG41,4-genuine-era-mismatch
10,1996,2301,9000-AG57,4-genuine-era-mismatch
10,1996,2301,9000-AG63,4-genuine-era-mismatch
10,1996,2301,9000-AG71,4-genuine-era-mismatch
10,1996,2301,9000-AG92,4-genuine-era-mismatch
10,1996,2301,9000-AG93,4-genuine-era-mismatch
10,1996,2301,9000-AG94,4-genuine-era-mismatch
10,1996,2301,9000-AG96,4-genuine-era-mismatch
10,1996,2301,9000-AG97,4-genuine-era-mismatch
10,1996,2301,9000-AG98,4-genuine-era-mismatch
10,1996,2301,9000-AG99,4-genuine-era-mismatch
10,1996,2301,9000-AC90,4-genuine-era-mismatch
10,1996,2301,9000-AE47,4-genuine-era-mismatch
10,1996,2301,9000-AF61,4-genuine-era-mismatch
10,1996,2301,9000-AF72,4-genuine-era-mismatch
10,1996,2301,9000-AF97,4-genuine-era-mismatch
10,1996,2301,9000-AG04,4-genuine-era-mismatch
10,1996,2301,9000-AG13,4-genuine-era-mismatch
10,1996,2301,9000-AG14,4-genuine-era-mismatch
10,1996,2301,9000-AG49,4-genuine-era-mismatch
10,1996,2301,9000-AG59,4-genuine-era-mismatch
10,1996,2301,9000-AG61,4-genuine-era-mismatch
10,1996,2301,9000-AG64,4-genuine-era-mismatch
10,1996,2301,9000-AG65,4-genuine-era-mismatch
10,1996,2301,9000-AG66,4-genuine-era-mismatch
10,1996,2301,9000-AG73,4-genuine-era-mismatch
10,1996,2301,9000-AG74,4-genuine-era-mismatch
10,1996,2301,9000-AG75,4-genuine-era-mismatch
10,1996,2301,9000-AG76,4-genuine-era-mismatch
10,1996,2301,9000-AG81,4-genuine-era-mismatch
10,1996,2301,9000-AG83,4-genuine-era-mismatch
10,1996,2301,9000-AE65,4-genuine-era-mismatch
10,1996,2301,9000-AF36,4-genuine-era-mismatch
10,1996,2301,9000-AF45,4-genuine-era-mismatch
10,1996,2301,9000-AF46,4-genuine-era-mismatch
10,1996,2301,9000-AF57,4-genuine-era-mismatch
10,1996,2301,9000-AF71,4-genuine-era-mismatch
10,1996,2301,9000-AF74,4-genuine-era-mismatch
10,1996,2301,9000-AF77,4-genuine-era-mismatch
10,1996,2301,9000-AF78,4-genuine-era-mismatch
10,1996,2301,9000-AF79,4-genuine-era-mismatch
10,1996,2301,9000-AF82,4-genuine-era-mismatch
10,1996,2301,9000-AF85,4-genuine-era-mismatch
10,1996,2301,9000-AG03,4-genuine-era-mismatch
10,1996,2301,9000-AG53,4-genuine-era-mismatch
10,1996,2301,9000-AG58,4-genuine-era-mismatch
10,1996,2301,9000-AG67,4-genuine-era-mismatch
10,1996,2301,9000-AG69,4-genuine-era-mismatch
10,1996,2301,9000-AG78,4-genuine-era-mismatch
10,1996,2301,9000-AG79,4-genuine-era-mismatch
10,1996,2301,9000-AG84,4-genuine-era-mismatch
47,1996,624,3060-AF38,4-genuine-era-mismatch
47,1996,623,3060-AF48,4-genuine-era-mismatch
46,1996,841a,3072-AB80,4-genuine-era-mismatch
46,1996,817,3072-AB89,4-genuine-era-mismatch
46,1996,844,3072-AB89,4-genuine-era-mismatch
46,1996,845,3072-AB89,4-genuine-era-mismatch
46,1996,815,3072-AB90,4-genuine-era-mismatch
46,1996,816,3072-AB90,4-genuine-era-mismatch
46,1996,820,3072-AB90,4-genuine-era-mismatch
46,1996,841a,3072-AB90,4-genuine-era-mismatch
46,1996,804,3072-AB87,4-genuine-era-mismatch
46,1996,812,3072-AB87,4-genuine-era-mismatch
46,1996,814,3072-AB87,4-genuine-era-mismatch
46,1996,820,3072-AB87,4-genuine-era-mismatch
46,1996,833a,3072-AB87,4-genuine-era-mismatch
46,1996,841a,3072-AB87,4-genuine-era-mismatch
46,1996,843,3072-AB87,4-genuine-era-mismatch
46,1996,847,3072-AB87,4-genuine-era-mismatch
5,1996,8457,3206-AH26,4-genuine-era-mismatch
5,1996,8457,3206-AG11,4-genuine-era-mismatch
49,1996,10505,2140-AA00,4-genuine-era-mismatch
49,1996,10750,2140-AA00,4-genuine-era-mismatch
49,1996,10321,2140-AA02,4-genuine-era-mismatch
49,1996,10505,2140-AA02,4-genuine-era-mismatch
49,1996,10321,2140-AA03,4-genuine-era-mismatch
49,1996,10505,2140-AA03,4-genuine-era-mismatch
49,1996,11341,2140-AA03,4-genuine-era-mismatch
49,1996,11343,2140-AA03,4-genuine-era-mismatch
49,1996,10321,2140-AA05,4-genuine-era-mismatch
49,1996,10505,2140-AA05,4-genuine-era-mismatch
49,1996,10762,2140-AA05,4-genuine-era-mismatch
49,1996,11105,2140-AA05,4-genuine-era-mismatch
49,1996,10321,2140-AA06,4-genuine-era-mismatch
49,1996,10505,2140-AA06,4-genuine-era-mismatch
49,1996,10731,2140-AA06,4-genuine-era-mismatch
49,1996,10707a,2140-AA06,4-genuine-era-mismatch
49,1996,10321,2140-AA07,4-genuine-era-mismatch
49,1996,10761,2140-AA04,4-genuine-era-mismatch
49,1996,10762,2140-AA04,4-genuine-era-mismatch
49,1996,10321,2140-AA04,4-genuine-era-mismatch
49,1996,10922,2140-AA13,4-genuine-era-mismatch
49,1996,10923,2140-AA13,4-genuine-era-mismatch
49,1996,10927,2140-AA13,4-genuine-era-mismatch
49,1996,10705a,2140-AA14,4-genuine-era-mismatch
47,1996,1741,0579-AA81,4-genuine-era-mismatch
50,1996,1710,0694-AB06,4-genuine-era-mismatch
50,1996,2401,0694-AA52,4-genuine-era-mismatch
50,1996,1710,0694-AA67,4-genuine-era-mismatch
50,1996,1710,0694-AA77,4-genuine-era-mismatch
50,1996,1710,0694-AB09,4-genuine-era-mismatch
50,1996,1710,0694-AB10,4-genuine-era-mismatch
50,1996,1710,0694-AB12,4-genuine-era-mismatch
50,1996,1710,0694-AB15,4-genuine-era-mismatch
50,1996,1710,0694-AB16,4-genuine-era-mismatch
50,1996,1710,0694-AB19,4-genuine-era-mismatch
50,1996,1710,0694-AB23,4-genuine-era-mismatch
50,1996,1710,0694-AB24,4-genuine-era-mismatch
50,1996,1710,0694-AB25,4-genuine-era-mismatch
50,1996,1710,0694-AB26,4-genuine-era-mismatch
10,1996,7450,0694-AB28,4-genuine-era-mismatch
50,1996,1710,0694-AB28,4-genuine-era-mismatch
50,1996,1710,0694-AB34,4-genuine-era-mismatch
50,1996,1710,0694-AB35,4-genuine-era-mismatch
50,1996,1710,0694-AB40,4-genuine-era-mismatch
50,1996,1710,0694-AB41,4-genuine-era-mismatch
50,1996,1710,0694-AB42,4-genuine-era-mismatch
50,1996,1710,0694-AB43,4-genuine-era-mismatch
50,1996,1710,0694-AB46,4-genuine-era-mismatch
50,1996,1710,0694-AB47,4-genuine-era-mismatch
50,1996,1710,0694-AB48,4-genuine-era-mismatch
50,1996,1710,0694-AB49,4-genuine-era-mismatch
50,1996,1710,0694-AB36,4-genuine-era-mismatch
50,1996,2401,0694-AB37,4-genuine-era-mismatch
50,1996,1710,0694-AB38,4-genuine-era-mismatch
10,1996,301,0790-AF27,4-genuine-era-mismatch
10,1996,410,0790-AF84,4-genuine-era-mismatch
10,1996,410,0790-AF85,4-genuine-era-mismatch
10,1996,301,0790-AG32,4-genuine-era-mismatch
16,1996,670,1004-AC30,4-genuine-era-mismatch
18,1996,1157,1076-AD56,4-genuine-era-mismatch
18,1996,5006,1120-AA25,4-genuine-era-mismatch
18,1996,5006,1120-AA52,4-genuine-era-mismatch
18,1996,5006,1120-AA58,4-genuine-era-mismatch
18,1996,4161,1120-AA03,4-genuine-era-mismatch
18,1996,5006,1120-AA03,4-genuine-era-mismatch
18,1996,5006,1120-AA11,4-genuine-era-mismatch
18,1996,5006,1120-AA14,4-genuine-era-mismatch
18,1996,5006,1120-AA15,4-genuine-era-mismatch
18,1996,5006,1120-AA17,4-genuine-era-mismatch
18,1996,5006,1120-AA19,4-genuine-era-mismatch
18,1996,5006,1120-AA23,4-genuine-era-mismatch
18,1996,4161,1120-AA29,4-genuine-era-mismatch
18,1996,4201,1120-AA29,4-genuine-era-mismatch
18,1996,4161,1120-AA31,4-genuine-era-mismatch
18,1996,5006,1120-AA31,4-genuine-era-mismatch
18,1996,5006,1120-AA33,4-genuine-era-mismatch
18,1996,5006,1120-AA34,4-genuine-era-mismatch
18,1996,5006,1120-AA35,4-genuine-era-mismatch
18,1996,4251,1120-AA36,4-genuine-era-mismatch
18,1996,5006,1120-AA36,4-genuine-era-mismatch
18,1996,5006,1120-AA39,4-genuine-era-mismatch
18,1996,4161,1120-AA45,4-genuine-era-mismatch
18,1996,5006,1120-AA45,4-genuine-era-mismatch
18,1996,5006,1120-AA46,4-genuine-era-mismatch
18,1996,4161,1120-AA47,4-genuine-era-mismatch
18,1996,5006,1120-AA47,4-genuine-era-mismatch
18,1996,5006,1120-AA48,4-genuine-era-mismatch
18,1996,5006,1120-AA49,4-genuine-era-mismatch
18,1996,4161,1120-AA53,4-genuine-era-mismatch
18,1996,4201,1120-AA53,4-genuine-era-mismatch
18,1996,5006,1120-AA53,4-genuine-era-mismatch
18,1996,4161,1120-AA54,4-genuine-era-mismatch
18,1996,5006,1120-AA54,4-genuine-era-mismatch
18,1996,5006,1120-AA26,4-genuine-era-mismatch
18,1996,5006,1120-AA37,4-genuine-era-mismatch
18,1996,5006,1120-AA41,4-genuine-era-mismatch
18,1996,4161,1120-AA42,4-genuine-era-mismatch
18,1996,5006,1120-AA42,4-genuine-era-mismatch
18,1996,5006,1120-AA43,4-genuine-era-mismatch
18,1996,5006,1120-AA44,4-genuine-era-mismatch
18,1996,4161,1120-AA51,4-genuine-era-mismatch
18,1996,4201,1120-AA51,4-genuine-era-mismatch
18,1996,5006,1120-AA51,4-genuine-era-mismatch
18,1996,5006,1120-AA55,4-genuine-era-mismatch
18,1996,4161,1120-AA56,4-genuine-era-mismatch
18,1996,4201,1120-AA56,4-genuine-era-mismatch
18,1996,5006,1120-AA56,4-genuine-era-mismatch
49,1996,1301,2105-AB63,4-genuine-era-mismatch
49,1996,1324,2105-AC29,4-genuine-era-mismatch
49,1996,1324,2105-AC29,4-genuine-era-mismatch
49,1996,1324,2105-AA40,4-genuine-era-mismatch
49,1996,1301,2105-AA78,4-genuine-era-mismatch
49,1996,1302,2105-AA78,4-genuine-era-mismatch
49,1996,1305,2105-AA78,4-genuine-era-mismatch
49,1996,1324,2105-AA78,4-genuine-era-mismatch
49,1996,1301,2105-AA88,4-genuine-era-mismatch
49,1996,1302,2105-AA88,4-genuine-era-mismatch
49,1996,1324,2105-AA88,4-genuine-era-mismatch
49,1996,1302,2105-AA84,4-genuine-era-mismatch
49,1996,1324,2105-AA84,4-genuine-era-mismatch
49,1996,1301,2105-AB39,4-genuine-era-mismatch
49,1996,1305,2105-AB39,4-genuine-era-mismatch
49,1996,1324,2105-AB39,4-genuine-era-mismatch
49,1996,1324,2105-AB58,4-genuine-era-mismatch
46,1996,3507,2105-AC21,4-genuine-era-mismatch
46,1996,4104,2115-AF10,4-genuine-era-mismatch
46,1996,5115,2115-AF11,4-genuine-era-mismatch
46,1996,5115,2115-AF29,4-genuine-era-mismatch
46,1996,841a,2115-AE85,4-genuine-era-mismatch
46,1996,4104,2115-AF09,4-genuine-era-mismatch
49,1996,20166,2127-AF72,4-genuine-era-mismatch
46,1996,3507,2135-AA08,4-genuine-era-mismatch
26,1996,956a,1545-AS47,4-genuine-era-mismatch
26,1996,2517,1545-AP60,4-genuine-era-mismatch
47,1996,623,3060-AF48,4-genuine-era-mismatch
47,1996,624,3060-AF38,4-genuine-era-mismatch
46,1996,841a,3072-AB80,4-genuine-era-mismatch
46,1996,817,3072-AB89,4-genuine-era-mismatch
46,1996,844,3072-AB89,4-genuine-era-mismatch
46,1996,845,3072-AB89,4-genuine-era-mismatch
46,1996,815,3072-AB90,4-genuine-era-mismatch
46,1996,816,3072-AB90,4-genuine-era-mismatch
46,1996,820,3072-AB90,4-genuine-era-mismatch
46,1996,841a,3072-AB90,4-genuine-era-mismatch
5,1996,8457,3206-AH26,4-genuine-era-mismatch
5,1996,8457,3206-AG11,4-genuine-era-mismatch
15,1996,9701,3235-AG79,4-genuine-era-mismatch
49,1996,10321,2140-AA03,4-genuine-era-mismatch
49,1996,10505,2140-AA03,4-genuine-era-mismatch
49,1996,11341,2140-AA03,4-genuine-era-mismatch
49,1996,11343,2140-AA03,4-genuine-era-mismatch
49,1996,10321,2140-AA05,4-genuine-era-mismatch
49,1996,10505,2140-AA05,4-genuine-era-mismatch
49,1996,10762,2140-AA05,4-genuine-era-mismatch
49,1996,11105,2140-AA05,4-genuine-era-mismatch
49,1996,10321,2140-AA06,4-genuine-era-mismatch
49,1996,10505,2140-AA06,4-genuine-era-mismatch
49,1996,10731,2140-AA06,4-genuine-era-mismatch
49,1996,10707a,2140-AA06,4-genuine-era-mismatch
49,1996,10321,2140-AA07,4-genuine-era-mismatch
49,1996,10505,2140-AA00,4-genuine-era-mismatch
49,1996,10750,2140-AA00,4-genuine-era-mismatch
49,1996,10321,2140-AA02,4-genuine-era-mismatch
49,1996,10505,2140-AA02,4-genuine-era-mismatch
47,1997,1741,0579-AA81,4-genuine-era-mismatch
50,1997,1710,0694-AB06,4-genuine-era-mismatch
50,1997,2401,0694-AA52,4-genuine-era-mismatch
50,1997,1710,0694-AB09,4-genuine-era-mismatch
50,1997,1710,0694-AB10,4-genuine-era-mismatch
50,1997,1710,0694-AB15,4-genuine-era-mismatch
50,1997,1710,0694-AB19,4-genuine-era-mismatch
50,1997,1710,0694-AB25,4-genuine-era-mismatch
10,1997,7450,0694-AB28,4-genuine-era-mismatch
50,1997,1710,0694-AB28,4-genuine-era-mismatch
50,1997,1710,0694-AB35,4-genuine-era-mismatch
50,1997,1710,0694-AB40,4-genuine-era-mismatch
50,1997,1710,0694-AB41,4-genuine-era-mismatch
50,1997,1710,0694-AB43,4-genuine-era-mismatch
50,1997,1710,0694-AB49,4-genuine-era-mismatch
50,1997,1710,0694-AB50,4-genuine-era-mismatch
50,1997,1710,0694-AB53,4-genuine-era-mismatch
50,1997,1710,0694-AB56,4-genuine-era-mismatch
50,1997,1710,0694-AB47,4-genuine-era-mismatch
50,1997,1710,0694-AA67,4-genuine-era-mismatch
50,1997,1710,0694-AA77,4-genuine-era-mismatch
50,1997,1710,0694-AB12,4-genuine-era-mismatch
50,1997,1710,0694-AB16,4-genuine-era-mismatch
50,1997,1710,0694-AB23,4-genuine-era-mismatch
50,1997,1710,0694-AB24,4-genuine-era-mismatch
50,1997,1710,0694-AB26,4-genuine-era-mismatch
50,1997,1710,0694-AB34,4-genuine-era-mismatch
50,1997,1710,0694-AB42,4-genuine-era-mismatch
50,1997,1710,0694-AB46,4-genuine-era-mismatch
50,1997,1710,0694-AB48,4-genuine-era-mismatch
50,1997,1710,0694-AB51,4-genuine-era-mismatch
50,1997,1710,0694-AB52,4-genuine-era-mismatch
50,1997,1710,0694-AB54,4-genuine-era-mismatch
10,1997,2405,0703-AA34,4-genuine-era-mismatch
10,1997,410,0790-AF84,4-genuine-era-mismatch
10,1997,410,0790-AF85,4-genuine-era-mismatch
10,1997,301,0790-AF27,4-genuine-era-mismatch
10,1997,301,0790-AG32,4-genuine-era-mismatch
18,1997,1157,1076-AD56,4-genuine-era-mismatch
18,1997,5006,1120-AA25,4-genuine-era-mismatch
18,1997,5006,1120-AA61,4-genuine-era-mismatch
18,1997,5006,1120-AA63,4-genuine-era-mismatch
18,1997,5006,1120-AA64,4-genuine-era-mismatch
18,1997,4161,1120-AA03,4-genuine-era-mismatch
18,1997,5006,1120-AA03,4-genuine-era-mismatch
18,1997,5006,1120-AA11,4-genuine-era-mismatch
18,1997,5006,1120-AA15,4-genuine-era-mismatch
18,1997,5006,1120-AA17,4-genuine-era-mismatch
18,1997,5006,1120-AA19,4-genuine-era-mismatch
18,1997,5006,1120-AA23,4-genuine-era-mismatch
18,1997,4161,1120-AA29,4-genuine-era-mismatch
18,1997,4201,1120-AA29,4-genuine-era-mismatch
18,1997,4161,1120-AA31,4-genuine-era-mismatch
18,1997,5006,1120-AA31,4-genuine-era-mismatch
18,1997,5006,1120-AA33,4-genuine-era-mismatch
18,1997,5006,1120-AA34,4-genuine-era-mismatch
18,1997,5006,1120-AA35,4-genuine-era-mismatch
18,1997,4251,1120-AA36,4-genuine-era-mismatch
18,1997,5006,1120-AA36,4-genuine-era-mismatch
18,1997,5006,1120-AA39,4-genuine-era-mismatch
18,1997,5006,1120-AA46,4-genuine-era-mismatch
18,1997,4161,1120-AA47,4-genuine-era-mismatch
18,1997,5006,1120-AA47,4-genuine-era-mismatch
18,1997,5006,1120-AA48,4-genuine-era-mismatch
18,1997,5006,1120-AA49,4-genuine-era-mismatch
18,1997,5006,1120-AA52,4-genuine-era-mismatch
18,1997,4161,1120-AA54,4-genuine-era-mismatch
18,1997,5006,1120-AA54,4-genuine-era-mismatch
18,1997,5006,1120-AA59,4-genuine-era-mismatch
18,1997,4161,1120-AA60,4-genuine-era-mismatch
18,1997,4201,1120-AA60,4-genuine-era-mismatch
18,1997,5006,1120-AA60,4-genuine-era-mismatch
18,1997,4161,1120-AA62,4-genuine-era-mismatch
18,1997,5006,1120-AA62,4-genuine-era-mismatch
18,1997,5006,1120-AA14,4-genuine-era-mismatch
18,1997,4161,1120-AA45,4-genuine-era-mismatch
18,1997,5006,1120-AA45,4-genuine-era-mismatch
18,1997,4161,1120-AA53,4-genuine-era-mismatch
18,1997,4201,1120-AA53,4-genuine-era-mismatch
18,1997,5006,1120-AA53,4-genuine-era-mismatch
18,1997,5006,1120-AA58,4-genuine-era-mismatch
49,1997,1301,2105-AB63,4-genuine-era-mismatch
49,1997,1324,2105-AA40,4-genuine-era-mismatch
49,1997,1301,2105-AA78,4-genuine-era-mismatch
49,1997,1302,2105-AA78,4-genuine-era-mismatch
49,1997,1305,2105-AA78,4-genuine-era-mismatch
49,1997,1324,2105-AA78,4-genuine-era-mismatch
49,1997,1301,2105-AA88,4-genuine-era-mismatch
49,1997,1302,2105-AA88,4-genuine-era-mismatch
49,1997,1324,2105-AA88,4-genuine-era-mismatch
49,1997,1302,2105-AA84,4-genuine-era-mismatch
49,1997,1324,2105-AA84,4-genuine-era-mismatch
49,1997,1301,2105-AB39,4-genuine-era-mismatch
49,1997,1305,2105-AB39,4-genuine-era-mismatch
49,1997,1324,2105-AB39,4-genuine-era-mismatch
49,1997,1324,2105-AB58,4-genuine-era-mismatch
46,1997,4104,2115-AF10,4-genuine-era-mismatch
46,1997,5115,2115-AF29,4-genuine-era-mismatch
49,1997,20166,2127-AF72,4-genuine-era-mismatch
46,1997,3507,2135-AA08,4-genuine-era-mismatch
26,1997,1491,1545-AN39,4-genuine-era-mismatch
26,1997,1492,1545-AN39,4-genuine-era-mismatch
26,1997,1494,1545-AN39,4-genuine-era-mismatch
26,1997,2517,1545-AP60,4-genuine-era-mismatch
26,1997,9806,1545-AV05,4-genuine-era-mismatch
26,1997,956a,1545-AS47,4-genuine-era-mismatch
42,1997,4102a,1550-AB00,4-genuine-era-mismatch
12,1997,5102,1557-AB41,4-genuine-era-mismatch
10,1997,2301,9000-AH37,4-genuine-era-mismatch
10,1997,2301,9000-AC90,4-genuine-era-mismatch
10,1997,2301,9000-AG04,4-genuine-era-mismatch
10,1997,2301,9000-AG49,4-genuine-era-mismatch
10,1997,2301,9000-AG87,4-genuine-era-mismatch
10,1997,2301,9000-AG99,4-genuine-era-mismatch
10,1997,2301,9000-AH05,4-genuine-era-mismatch
10,1997,2301,9000-AH14,4-genuine-era-mismatch
10,1997,2301,9000-AH18,4-genuine-era-mismatch
10,1997,2301,9000-AH21,4-genuine-era-mismatch
10,1997,2301,9000-AH24,4-genuine-era-mismatch
10,1997,2301,9000-AH26,4-genuine-era-mismatch
10,1997,2301,9000-AH27,4-genuine-era-mismatch
10,1997,2301,9000-AH29,4-genuine-era-mismatch
10,1997,2301,9000-AH30,4-genuine-era-mismatch
10,1997,2301,9000-AH33,4-genuine-era-mismatch
10,1997,2301,9000-AH34,4-genuine-era-mismatch
10,1997,2301,9000-AH35,4-genuine-era-mismatch
10,1997,2301,9000-AH41,4-genuine-era-mismatch
10,1997,2301,9000-AH43,4-genuine-era-mismatch
10,1997,2301,9000-AH51,4-genuine-era-mismatch
10,1997,2301,9000-AF61,4-genuine-era-mismatch
10,1997,2301,9000-AF72,4-genuine-era-mismatch
10,1997,2301,9000-AG59,4-genuine-era-mismatch
10,1997,2301,9000-AG64,4-genuine-era-mismatch
10,1997,2301,9000-AG73,4-genuine-era-mismatch
10,1997,2301,9000-AG74,4-genuine-era-mismatch
10,1997,2301,9000-AG75,4-genuine-era-mismatch
10,1997,2301,9000-AG76,4-genuine-era-mismatch
10,1997,2301,9000-AG81,4-genuine-era-mismatch
10,1997,2301,9000-AG85,4-genuine-era-mismatch
10,1997,2301,9000-AG86,4-genuine-era-mismatch
10,1997,2301,9000-AG89,4-genuine-era-mismatch
10,1997,2301,9000-AH03,4-genuine-era-mismatch
10,1997,2301,9000-AH04,4-genuine-era-mismatch
10,1997,2301,9000-AH07,4-genuine-era-mismatch
10,1997,2301,9000-AH22,4-genuine-era-mismatch
10,1997,2301,9000-AH28,4-genuine-era-mismatch
10,1997,2301,9000-AH32,4-genuine-era-mismatch
10,1997,2301,9000-AH36,4-genuine-era-mismatch
10,1997,2301,9000-AH38,4-genuine-era-mismatch
10,1997,2301,9000-AH45,4-genuine-era-mismatch
10,1997,2301,9000-AH48,4-genuine-era-mismatch
10,1997,2301,9000-AH49,4-genuine-era-mismatch
10,1997,2301,9000-AH52,4-genuine-era-mismatch
10,1997,2301,9000-AH54,4-genuine-era-mismatch
47,1997,624,3060-AF38,4-genuine-era-mismatch
46,1997,841a,3072-AB80,4-genuine-era-mismatch
46,1997,817,3072-AB89,4-genuine-era-mismatch
46,1997,844,3072-AB89,4-genuine-era-mismatch
46,1997,845,3072-AB89,4-genuine-era-mismatch
5,1997,8457,3206-AH26,4-genuine-era-mismatch
15,1997,79ll,3235-AH12,4-genuine-era-mismatch
49,1997,10321,2140-AA03,4-genuine-era-mismatch
49,1997,10505,2140-AA03,4-genuine-era-mismatch
49,1997,11341,2140-AA03,4-genuine-era-mismatch
49,1997,11343,2140-AA03,4-genuine-era-mismatch
49,1997,10321,2140-AA05,4-genuine-era-mismatch
49,1997,10505,2140-AA05,4-genuine-era-mismatch
49,1997,10762,2140-AA05,4-genuine-era-mismatch
49,1997,11105,2140-AA05,4-genuine-era-mismatch
49,1997,10321,2140-AA06,4-genuine-era-mismatch
49,1997,10505,2140-AA06,4-genuine-era-mismatch
49,1997,10731,2140-AA06,4-genuine-era-mismatch
49,1997,10707a,2140-AA06,4-genuine-era-mismatch
49,1997,10321,2140-AA07,4-genuine-era-mismatch
47,1997,1741,0579-AA81,4-genuine-era-mismatch
50,1997,1710,0694-AB06,4-genuine-era-mismatch
50,1997,2401,0694-AA52,4-genuine-era-mismatch
50,1997,1710,0694-AB09,4-genuine-era-mismatch
50,1997,1710,0694-AB35,4-genuine-era-mismatch
50,1997,1710,0694-AB41,4-genuine-era-mismatch
50,1997,1710,0694-AB47,4-genuine-era-mismatch
50,1997,1710,0694-AB49,4-genuine-era-mismatch
50,1997,1710,0694-AB50,4-genuine-era-mismatch
50,1997,1710,0694-AB53,4-genuine-era-mismatch
50,1997,1710,0694-AB59,4-genuine-era-mismatch
50,1997,1710,0694-AB63,4-genuine-era-mismatch
50,1997,1710,0694-AB64,4-genuine-era-mismatch
50,1997,1710,0694-AB10,4-genuine-era-mismatch
50,1997,1710,0694-AB25,4-genuine-era-mismatch
10,1997,7450,0694-AB28,4-genuine-era-mismatch
50,1997,1710,0694-AB28,4-genuine-era-mismatch
50,1997,1710,0694-AB60,4-genuine-era-mismatch
50,1997,1710,0694-AB15,4-genuine-era-mismatch
50,1997,1710,0694-AB19,4-genuine-era-mismatch
50,1997,1710,0694-AB40,4-genuine-era-mismatch
50,1997,1710,0694-AB43,4-genuine-era-mismatch
50,1997,1710,0694-AB56,4-genuine-era-mismatch
10,1997,2405,0703-AA34,4-genuine-era-mismatch
10,1997,301,0790-AF27,4-genuine-era-mismatch
10,1997,410,0790-AF84,4-genuine-era-mismatch
10,1997,410,0790-AF85,4-genuine-era-mismatch
10,1997,301,0790-AG32,4-genuine-era-mismatch
18,1997,1157,1076-AD56,4-genuine-era-mismatch
18,1997,5006,1120-AA25,4-genuine-era-mismatch
18,1997,5006,1120-AA65,4-genuine-era-mismatch
18,1997,4161,1120-AA03,4-genuine-era-mismatch
18,1997,5006,1120-AA03,4-genuine-era-mismatch
18,1997,5006,1120-AA11,4-genuine-era-mismatch
18,1997,5006,1120-AA15,4-genuine-era-mismatch
18,1997,5006,1120-AA23,4-genuine-era-mismatch
18,1997,4161,1120-AA29,4-genuine-era-mismatch
18,1997,4201,1120-AA29,4-genuine-era-mismatch
18,1997,4161,1120-AA31,4-genuine-era-mismatch
18,1997,5006,1120-AA31,4-genuine-era-mismatch
18,1997,5006,1120-AA33,4-genuine-era-mismatch
18,1997,5006,1120-AA39,4-genuine-era-mismatch
18,1997,5006,1120-AA46,4-genuine-era-mismatch
18,1997,5006,1120-AA48,4-genuine-era-mismatch
18,1997,5006,1120-AA49,4-genuine-era-mismatch
18,1997,5006,1120-AA52,4-genuine-era-mismatch
18,1997,5006,1120-AA59,4-genuine-era-mismatch
18,1997,5006,1120-AA61,4-genuine-era-mismatch
18,1997,4161,1120-AA62,4-genuine-era-mismatch
18,1997,5006,1120-AA62,4-genuine-era-mismatch
18,1997,5006,1120-AA63,4-genuine-era-mismatch
18,1997,5006,1120-AA64,4-genuine-era-mismatch
18,1997,5006,1120-AA17,4-genuine-era-mismatch
18,1997,5006,1120-AA19,4-genuine-era-mismatch
18,1997,5006,1120-AA34,4-genuine-era-mismatch
18,1997,5006,1120-AA35,4-genuine-era-mismatch
18,1997,4251,1120-AA36,4-genuine-era-mismatch
18,1997,5006,1120-AA36,4-genuine-era-mismatch
18,1997,4161,1120-AA47,4-genuine-era-mismatch
18,1997,5006,1120-AA47,4-genuine-era-mismatch
18,1997,4161,1120-AA54,4-genuine-era-mismatch
18,1997,5006,1120-AA54,4-genuine-era-mismatch
18,1997,4161,1120-AA60,4-genuine-era-mismatch
18,1997,4201,1120-AA60,4-genuine-era-mismatch
18,1997,5006,1120-AA60,4-genuine-era-mismatch
18,1997,4251,1120-AA68,4-genuine-era-mismatch
18,1997,5006,1120-AA68,4-genuine-era-mismatch
49,1997,1301,2105-AB63,4-genuine-era-mismatch
49,1997,1324,2105-AA40,4-genuine-era-mismatch
49,1997,1301,2105-AA78,4-genuine-era-mismatch
49,1997,1302,2105-AA78,4-genuine-era-mismatch
49,1997,1305,2105-AA78,4-genuine-era-mismatch
49,1997,1324,2105-AA78,4-genuine-era-mismatch
49,1997,1301,2105-AA88,4-genuine-era-mismatch
49,1997,1302,2105-AA88,4-genuine-era-mismatch
49,1997,1324,2105-AA88,4-genuine-era-mismatch
49,1997,1302,2105-AA84,4-genuine-era-mismatch
49,1997,1324,2105-AA84,4-genuine-era-mismatch
49,1997,1301,2105-AB39,4-genuine-era-mismatch
49,1997,1305,2105-AB39,4-genuine-era-mismatch
49,1997,1324,2105-AB39,4-genuine-era-mismatch
49,1997,1324,2105-AB58,4-genuine-era-mismatch
46,1997,4104,2115-AF10,4-genuine-era-mismatch
49,1997,20166,2127-AF72,4-genuine-era-mismatch
26,1997,9806,1545-AV12,4-genuine-era-mismatch
26,1997,1491,1545-AN39,4-genuine-era-mismatch
26,1997,1492,1545-AN39,4-genuine-era-mismatch
26,1997,1494,1545-AN39,4-genuine-era-mismatch
26,1997,2517,1545-AP60,4-genuine-era-mismatch
26,1997,9806,1545-AV05,4-genuine-era-mismatch
42,1997,4102a,1550-AB00,4-genuine-era-mismatch
12,1997,5102,1557-AB41,4-genuine-era-mismatch
10,1997,2301,9000-AC90,4-genuine-era-mismatch
10,1997,2301,9000-AG04,4-genuine-era-mismatch
10,1997,2301,9000-AG49,4-genuine-era-mismatch
10,1997,2301,9000-AH05,4-genuine-era-mismatch
10,1997,2301,9000-AH21,4-genuine-era-mismatch
10,1997,2301,9000-AH24,4-genuine-era-mismatch
10,1997,2301,9000-AH26,4-genuine-era-mismatch
10,1997,2301,9000-AH30,4-genuine-era-mismatch
10,1997,2301,9000-AH33,4-genuine-era-mismatch
10,1997,2301,9000-AH37,4-genuine-era-mismatch
10,1997,2301,9000-AH56,4-genuine-era-mismatch
10,1997,2301,9000-AH58,4-genuine-era-mismatch
10,1997,2301,9000-AH66,4-genuine-era-mismatch
10,1997,2301,9000-AG99,4-genuine-era-mismatch
10,1997,2301,9000-AH14,4-genuine-era-mismatch
10,1997,2301,9000-AH29,4-genuine-era-mismatch
10,1997,2301,9000-AH34,4-genuine-era-mismatch
10,1997,2301,9000-AH35,4-genuine-era-mismatch
10,1997,2301,9000-AH41,4-genuine-era-mismatch
10,1997,2301,9000-AH43,4-genuine-era-mismatch
10,1997,2301,9000-AH51,4-genuine-era-mismatch
10,1997,2301,9000-AH63,4-genuine-era-mismatch
10,1997,2301,9000-AH65,4-genuine-era-mismatch
10,1997,2301,9000-AH68,4-genuine-era-mismatch
47,1997,624,3060-AF38,4-genuine-era-mismatch
46,1997,841a,3072-AB80,4-genuine-era-mismatch
5,1997,8457,3206-AH26,4-genuine-era-mismatch
15,1997,79ll,3235-AH12,4-genuine-era-mismatch
49,1997,10321,2140-AA03,4-genuine-era-mismatch
49,1997,10505,2140-AA03,4-genuine-era-mismatch
49,1997,11341,2140-AA03,4-genuine-era-mismatch
49,1997,11343,2140-AA03,4-genuine-era-mismatch
49,1997,10321,2140-AA05,4-genuine-era-mismatch
49,1997,10505,2140-AA05,4-genuine-era-mismatch
49,1997,10762,2140-AA05,4-genuine-era-mismatch
49,1997,11105,2140-AA05,4-genuine-era-mismatch
49,1997,10321,2140-AA06,4-genuine-era-mismatch
49,1997,10505,2140-AA06,4-genuine-era-mismatch
49,1997,10731,2140-AA06,4-genuine-era-mismatch
49,1997,10707a,2140-AA06,4-genuine-era-mismatch
49,1997,10321,2140-AA07,4-genuine-era-mismatch
50,1998,1710,0694-AB09,4-genuine-era-mismatch
50,1998,1710,0694-AB25,4-genuine-era-mismatch
50,1998,1710,0694-AB41,4-genuine-era-mismatch
50,1998,1710,0694-AB47,4-genuine-era-mismatch
50,1998,1710,0694-AB49,4-genuine-era-mismatch
50,1998,1710,0694-AB50,4-genuine-era-mismatch
50,1998,1710,0694-AB53,4-genuine-era-mismatch
50,1998,1710,0694-AB63,4-genuine-era-mismatch
50,1998,1710,0694-AB66,4-genuine-era-mismatch
50,1998,1710,0694-AB67,4-genuine-era-mismatch
50,1998,2401,0694-AA52,4-genuine-era-mismatch
50,1998,1710,0694-AB06,4-genuine-era-mismatch
50,1998,1710,0694-AB10,4-genuine-era-mismatch
10,1998,7450,0694-AB28,4-genuine-era-mismatch
50,1998,1710,0694-AB28,4-genuine-era-mismatch
50,1998,1710,0694-AB59,4-genuine-era-mismatch
50,1998,1710,0694-AB60,4-genuine-era-mismatch
50,1998,1710,0694-AB35,4-genuine-era-mismatch
50,1998,1710,0694-AB64,4-genuine-era-mismatch
50,1998,1710,0694-AB65,4-genuine-era-mismatch
10,1998,2405,0703-AA34,4-genuine-era-mismatch
20,1998,1141,0790-AF59,4-genuine-era-mismatch
10,1998,301,0790-AF27,4-genuine-era-mismatch
20,1998,1141,1840-AC47,4-genuine-era-mismatch
20,1998,1141,1840-AC36,4-genuine-era-mismatch
41,1998,6301,1991-AB41,4-genuine-era-mismatch
5,1998,315,1105-AA60,4-genuine-era-mismatch
18,1998,5006,1120-AA25,4-genuine-era-mismatch
18,1998,5006,1120-AA65,4-genuine-era-mismatch
18,1998,4161,1120-AA03,4-genuine-era-mismatch
18,1998,5006,1120-AA03,4-genuine-era-mismatch
18,1998,5006,1120-AA11,4-genuine-era-mismatch
18,1998,5006,1120-AA15,4-genuine-era-mismatch
18,1998,5006,1120-AA23,4-genuine-era-mismatch
18,1998,4161,1120-AA31,4-genuine-era-mismatch
18,1998,5006,1120-AA31,4-genuine-era-mismatch
18,1998,5006,1120-AA33,4-genuine-era-mismatch
18,1998,5006,1120-AA39,4-genuine-era-mismatch
18,1998,5006,1120-AA46,4-genuine-era-mismatch
18,1998,5006,1120-AA49,4-genuine-era-mismatch
18,1998,4161,1120-AA62,4-genuine-era-mismatch
18,1998,5006,1120-AA62,4-genuine-era-mismatch
18,1998,5006,1120-AA64,4-genuine-era-mismatch
18,1998,5006,1120-AA66,4-genuine-era-mismatch
18,1998,5006,1120-AA67,4-genuine-era-mismatch
18,1998,5006,1120-AA69,4-genuine-era-mismatch
18,1998,5006,1120-AA72,4-genuine-era-mismatch
18,1998,4161,1120-AA73,4-genuine-era-mismatch
18,1998,5006,1120-AA73,4-genuine-era-mismatch
18,1998,5006,1120-AA74,4-genuine-era-mismatch
18,1998,5006,1120-AA76,4-genuine-era-mismatch
18,1998,5006,1120-AA59,4-genuine-era-mismatch
18,1998,4161,1120-AA29,4-genuine-era-mismatch
18,1998,4201,1120-AA29,4-genuine-era-mismatch
18,1998,5006,1120-AA48,4-genuine-era-mismatch
18,1998,5006,1120-AA52,4-genuine-era-mismatch
18,1998,5006,1120-AA61,4-genuine-era-mismatch
18,1998,5006,1120-AA63,4-genuine-era-mismatch
18,1998,4161,1120-AA70,4-genuine-era-mismatch
18,1998,5006,1120-AA70,4-genuine-era-mismatch
49,1998,1324,2105-AA40,4-genuine-era-mismatch
49,1998,1301,2105-AA78,4-genuine-era-mismatch
49,1998,1302,2105-AA78,4-genuine-era-mismatch
49,1998,1305,2105-AA78,4-genuine-era-mismatch
49,1998,1324,2105-AA78,4-genuine-era-mismatch
49,1998,1301,2105-AA88,4-genuine-era-mismatch
49,1998,1302,2105-AA88,4-genuine-era-mismatch
49,1998,1324,2105-AA88,4-genuine-era-mismatch
49,1998,1302,2105-AA84,4-genuine-era-mismatch
49,1998,1324,2105-AA84,4-genuine-era-mismatch
49,1998,1301,2105-AB39,4-genuine-era-mismatch
49,1998,1305,2105-AB39,4-genuine-era-mismatch
49,1998,1324,2105-AB39,4-genuine-era-mismatch
49,1998,1324,2105-AB58,4-genuine-era-mismatch
49,1998,1301,2105-AB63,4-genuine-era-mismatch
23,1998,307,2125-AD63,4-genuine-era-mismatch
23,1998,307,2125-AD45,4-genuine-era-mismatch
49,1998,31140,2125-AE18,4-genuine-era-mismatch
49,1998,31161,2125-AE18,4-genuine-era-mismatch
49,1998,20166,2127-AF72,4-genuine-era-mismatch
26,1998,9806,1545-AV12,4-genuine-era-mismatch
42,1998,4102a,1550-AB00,4-genuine-era-mismatch
12,1998,5102,1557-AB41,4-genuine-era-mismatch
10,1998,2301,9000-AC90,4-genuine-era-mismatch
10,1998,2301,9000-AG04,4-genuine-era-mismatch
10,1998,2301,9000-AG49,4-genuine-era-mismatch
10,1998,2301,9000-AH05,4-genuine-era-mismatch
10,1998,2301,9000-AH30,4-genuine-era-mismatch
10,1998,2301,9000-AH37,4-genuine-era-mismatch
10,1998,2301,9000-AH58,4-genuine-era-mismatch
10,1998,2301,9000-AH94,4-genuine-era-mismatch
10,1998,2301,9000-AH95,4-genuine-era-mismatch
10,1998,2301,9000-AH21,4-genuine-era-mismatch
10,1998,2301,9000-AH24,4-genuine-era-mismatch
10,1998,2301,9000-AH26,4-genuine-era-mismatch
10,1998,2301,9000-AH33,4-genuine-era-mismatch
10,1998,2301,9000-AH56,4-genuine-era-mismatch
10,1998,2301,9000-AH66,4-genuine-era-mismatch
10,1998,2301,9000-AH83,4-genuine-era-mismatch
10,1998,2301,9000-AH86,4-genuine-era-mismatch
10,1998,2301,9000-AH87,4-genuine-era-mismatch
10,1998,2301,9000-AH88,4-genuine-era-mismatch
10,1998,2301,9000-AH89,4-genuine-era-mismatch
10,1998,2301,9000-AH91,4-genuine-era-mismatch
10,1998,2301,9000-AH92,4-genuine-era-mismatch
10,1998,2301,9000-AH93,4-genuine-era-mismatch
47,1998,624,3060-AF38,4-genuine-era-mismatch
46,1998,841a,3072-AB80,4-genuine-era-mismatch
15,1998,79ll,3235-AH12,4-genuine-era-mismatch
49,1998,10321,2140-AA03,4-genuine-era-mismatch
49,1998,10505,2140-AA03,4-genuine-era-mismatch
49,1998,11341,2140-AA03,4-genuine-era-mismatch
49,1998,11343,2140-AA03,4-genuine-era-mismatch
49,1998,10321,2140-AA05,4-genuine-era-mismatch
49,1998,10505,2140-AA05,4-genuine-era-mismatch
49,1998,10762,2140-AA05,4-genuine-era-mismatch
49,1998,11105,2140-AA05,4-genuine-era-mismatch
15,1998,278r,0693-AB48,4-genuine-era-mismatch
50,1998,1710,0694-AB25,4-genuine-era-mismatch
50,1998,1710,0694-AB47,4-genuine-era-mismatch
50,1998,1710,0694-AB50,4-genuine-era-mismatch
50,1998,1710,0694-AB53,4-genuine-era-mismatch
50,1998,1710,0694-AB63,4-genuine-era-mismatch
50,1998,1710,0694-AB67,4-genuine-era-mismatch
50,1998,1710,0694-AB68,4-genuine-era-mismatch
50,1998,1710,0694-AB72,4-genuine-era-mismatch
50,1998,1710,0694-AB73,4-genuine-era-mismatch
50,1998,1710,0694-AB75,4-genuine-era-mismatch
50,1998,1710,0694-AB76,4-genuine-era-mismatch
50,1998,1710,0694-AB77,4-genuine-era-mismatch
50,1998,2401,0694-AA52,4-genuine-era-mismatch
50,1998,1710,0694-AB06,4-genuine-era-mismatch
50,1998,1710,0694-AB09,4-genuine-era-mismatch
50,1998,1710,0694-AB10,4-genuine-era-mismatch
10,1998,7450,0694-AB28,4-genuine-era-mismatch
50,1998,1710,0694-AB28,4-genuine-era-mismatch
50,1998,1710,0694-AB41,4-genuine-era-mismatch
50,1998,1710,0694-AB49,4-genuine-era-mismatch
50,1998,1710,0694-AB59,4-genuine-era-mismatch
50,1998,1710,0694-AB60,4-genuine-era-mismatch
50,1998,1710,0694-AB66,4-genuine-era-mismatch
50,1998,1710,0694-AB69,4-genuine-era-mismatch
50,1998,1710,0694-AB70,4-genuine-era-mismatch
10,1998,2405,0703-AA34,4-genuine-era-mismatch
10,1998,301,0790-AF27,4-genuine-era-mismatch
20,1998,1141,0790-AF59,4-genuine-era-mismatch
10,1998,1162,0790-AG61,4-genuine-era-mismatch
10,1998,1163,0790-AG61,4-genuine-era-mismatch
10,1998,301,0790-AG62,4-genuine-era-mismatch
10,1998,301,0790-AG63,4-genuine-era-mismatch
20,1998,1141,1840-AC54,4-genuine-era-mismatch
20,1998,1141,1840-AC52,4-genuine-era-mismatch
41,1998,6301,1991-AB41,4-genuine-era-mismatch
42,1998,1396w,0938-AI70,4-genuine-era-mismatch
5,1998,315,1105-AA60,4-genuine-era-mismatch
18,1998,5006,1120-AA25,4-genuine-era-mismatch
18,1998,5006,1120-AA65,4-genuine-era-mismatch
18,1998,5006,1120-AA72,4-genuine-era-mismatch
18,1998,5006,1120-AA77,4-genuine-era-mismatch
18,1998,4161,1120-AA78,4-genuine-era-mismatch
18,1998,5006,1120-AA78,4-genuine-era-mismatch
18,1998,4161,1120-AA79,4-genuine-era-mismatch
18,1998,5006,1120-AA79,4-genuine-era-mismatch
18,1998,5006,1120-AA81,4-genuine-era-mismatch
18,1998,4161,1120-AA03,4-genuine-era-mismatch
18,1998,5006,1120-AA03,4-genuine-era-mismatch
18,1998,5006,1120-AA11,4-genuine-era-mismatch
18,1998,5006,1120-AA23,4-genuine-era-mismatch
18,1998,4161,1120-AA31,4-genuine-era-mismatch
18,1998,5006,1120-AA31,4-genuine-era-mismatch
18,1998,5006,1120-AA33,4-genuine-era-mismatch
18,1998,5006,1120-AA46,4-genuine-era-mismatch
18,1998,5006,1120-AA49,4-genuine-era-mismatch
18,1998,4161,1120-AA62,4-genuine-era-mismatch
18,1998,5006,1120-AA62,4-genuine-era-mismatch
18,1998,5006,1120-AA64,4-genuine-era-mismatch
18,1998,5006,1120-AA66,4-genuine-era-mismatch
18,1998,5006,1120-AA67,4-genuine-era-mismatch
18,1998,5006,1120-AA69,4-genuine-era-mismatch
18,1998,5006,1120-AA74,4-genuine-era-mismatch
18,1998,5006,1120-AA76,4-genuine-era-mismatch
18,1998,4161,1120-AA80,4-genuine-era-mismatch
18,1998,5006,1120-AA80,4-genuine-era-mismatch
18,1998,5006,1120-AA83,4-genuine-era-mismatch
18,1998,5006,1120-AA15,4-genuine-era-mismatch
18,1998,5006,1120-AA39,4-genuine-era-mismatch
18,1998,5006,1120-AA59,4-genuine-era-mismatch
18,1998,4161,1120-AA73,4-genuine-era-mismatch
18,1998,5006,1120-AA73,4-genuine-era-mismatch
18,1998,5006,1120-AA82,4-genuine-era-mismatch
49,1998,1324,2105-AA40,4-genuine-era-mismatch
49,1998,1301,2105-AA78,4-genuine-era-mismatch
49,1998,1302,2105-AA78,4-genuine-era-mismatch
49,1998,1305,2105-AA78,4-genuine-era-mismatch
49,1998,1324,2105-AA78,4-genuine-era-mismatch
49,1998,1302,2105-AA84,4-genuine-era-mismatch
49,1998,1324,2105-AA84,4-genuine-era-mismatch
49,1998,1301,2105-AA88,4-genuine-era-mismatch
49,1998,1302,2105-AA88,4-genuine-era-mismatch
49,1998,1324,2105-AA88,4-genuine-era-mismatch
49,1998,1301,2105-AB39,4-genuine-era-mismatch
49,1998,1305,2105-AB39,4-genuine-era-mismatch
49,1998,1324,2105-AB39,4-genuine-era-mismatch
49,1998,1324,2105-AB58,4-genuine-era-mismatch
23,1998,307,2125-AE39,4-genuine-era-mismatch
23,1998,307,2125-AD63,4-genuine-era-mismatch
49,1998,20166,2127-AF72,4-genuine-era-mismatch
10,1998,2301,9000-AH30,4-genuine-era-mismatch
10,1998,2301,9000-AH84,4-genuine-era-mismatch
10,1998,2301,9000-AI06,4-genuine-era-mismatch
10,1998,2301,9000-AI07,4-genuine-era-mismatch
10,1998,2301,9000-AI08,4-genuine-era-mismatch
10,1998,2301,9000-AC90,4-genuine-era-mismatch
10,1998,2301,9000-AG04,4-genuine-era-mismatch
10,1998,2301,9000-AG49,4-genuine-era-mismatch
10,1998,2301,9000-AH05,4-genuine-era-mismatch
10,1998,2301,9000-AH37,4-genuine-era-mismatch
10,1998,2301,9000-AH58,4-genuine-era-mismatch
10,1998,2301,9000-AH94,4-genuine-era-mismatch
10,1998,2301,9000-AH95,4-genuine-era-mismatch
10,1998,2301,9000-AH96,4-genuine-era-mismatch
47,1998,624,3060-AF38,4-genuine-era-mismatch
46,1998,841a,3072-AB80,4-genuine-era-mismatch
49,1998,10321,2140-AA03,4-genuine-era-mismatch
49,1998,10505,2140-AA03,4-genuine-era-mismatch
49,1998,11341,2140-AA03,4-genuine-era-mismatch
49,1998,11343,2140-AA03,4-genuine-era-mismatch
49,1998,10321,2140-AA05,4-genuine-era-mismatch
49,1998,10505,2140-AA05,4-genuine-era-mismatch
49,1998,10762,2140-AA05,4-genuine-era-mismatch
49,1998,11105,2140-AA05,4-genuine-era-mismatch
35,1999,31,0651-AA93,4-genuine-era-mismatch
35,1999,31,0651-AA95,4-genuine-era-mismatch
15,1999,278r,0693-AB48,4-genuine-era-mismatch
50,1999,1710,0694-AB06,4-genuine-era-mismatch
50,1999,1710,0694-AB60,4-genuine-era-mismatch
50,1999,1710,0694-AB67,4-genuine-era-mismatch
50,1999,1710,0694-AB72,4-genuine-era-mismatch
50,1999,1710,0694-AB73,4-genuine-era-mismatch
50,1999,1710,0694-AB75,4-genuine-era-mismatch
50,1999,1710,0694-AB77,4-genuine-era-mismatch
50,1999,1710,0694-AB10,4-genuine-era-mismatch
50,1999,1710,0694-AB25,4-genuine-era-mismatch
10,1999,7450,0694-AB28,4-genuine-era-mismatch
50,1999,1710,0694-AB28,4-genuine-era-mismatch
50,1999,1710,0694-AB41,4-genuine-era-mismatch
50,1999,1710,0694-AB47,4-genuine-era-mismatch
50,1999,1710,0694-AB49,4-genuine-era-mismatch
50,1999,1710,0694-AB50,4-genuine-era-mismatch
50,1999,1710,0694-AB53,4-genuine-era-mismatch
50,1999,1710,0694-AB59,4-genuine-era-mismatch
50,1999,1710,0694-AB68,4-genuine-era-mismatch
50,1999,1710,0694-AB76,4-genuine-era-mismatch
50,1999,1710,0694-AB09,4-genuine-era-mismatch
50,1999,1710,0694-AB63,4-genuine-era-mismatch
10,1999,301,0790-AF27,4-genuine-era-mismatch
20,1999,1141,0790-AF59,4-genuine-era-mismatch
10,1999,1151,0790-AF71,4-genuine-era-mismatch
10,1999,1162,0790-AG61,4-genuine-era-mismatch
10,1999,1163,0790-AG61,4-genuine-era-mismatch
20,1999,1141,1840-AC54,4-genuine-era-mismatch
20,1999,1141,1840-AC52,4-genuine-era-mismatch
28,1999,2679,1105-AA62,4-genuine-era-mismatch
5,1999,315,1105-AA60,4-genuine-era-mismatch
18,1999,5006,1120-AA25,4-genuine-era-mismatch
18,1999,5006,1120-AA65,4-genuine-era-mismatch
18,1999,5006,1120-AA72,4-genuine-era-mismatch
18,1999,5006,1120-AA77,4-genuine-era-mismatch
18,1999,4161,1120-AA78,4-genuine-era-mismatch
18,1999,5006,1120-AA78,4-genuine-era-mismatch
18,1999,5006,1120-AA81,4-genuine-era-mismatch
18,1999,4161,1120-AA86,4-genuine-era-mismatch
18,1999,5006,1120-AA86,4-genuine-era-mismatch
18,1999,5006,1120-AA88,4-genuine-era-mismatch
18,1999,5006,1120-AA90,4-genuine-era-mismatch
18,1999,5006,1120-AA92,4-genuine-era-mismatch
18,1999,5006,1120-AA93,4-genuine-era-mismatch
18,1999,4161,1120-AA03,4-genuine-era-mismatch
18,1999,5006,1120-AA03,4-genuine-era-mismatch
18,1999,5006,1120-AA11,4-genuine-era-mismatch
18,1999,5006,1120-AA15,4-genuine-era-mismatch
28,1999,2671,1120-AA15,4-genuine-era-mismatch
18,1999,5006,1120-AA23,4-genuine-era-mismatch
18,1999,5006,1120-AA33,4-genuine-era-mismatch
18,1999,5006,1120-AA46,4-genuine-era-mismatch
18,1999,5006,1120-AA49,4-genuine-era-mismatch
18,1999,5006,1120-AA59,4-genuine-era-mismatch
18,1999,4161,1120-AA62,4-genuine-era-mismatch
18,1999,5006,1120-AA62,4-genuine-era-mismatch
18,1999,5006,1120-AA66,4-genuine-era-mismatch
18,1999,5006,1120-AA67,4-genuine-era-mismatch
18,1999,5006,1120-AA69,4-genuine-era-mismatch
18,1999,4161,1120-AA79,4-genuine-era-mismatch
18,1999,5006,1120-AA79,4-genuine-era-mismatch
18,1999,4161,1120-AA80,4-genuine-era-mismatch
18,1999,5006,1120-AA80,4-genuine-era-mismatch
18,1999,5006,1120-AA83,4-genuine-era-mismatch
18,1999,4161,1120-AA85,4-genuine-era-mismatch
18,1999,4201,1120-AA85,4-genuine-era-mismatch
18,1999,5006,1120-AA85,4-genuine-era-mismatch
18,1999,4161,1120-AA87,4-genuine-era-mismatch
18,1999,5006,1120-AA87,4-genuine-era-mismatch
18,1999,5006,1120-AA39,4-genuine-era-mismatch
18,1999,4161,1120-AA31,4-genuine-era-mismatch
18,1999,5006,1120-AA31,4-genuine-era-mismatch
18,1999,5006,1120-AA64,4-genuine-era-mismatch
18,1999,5006,1120-AA74,4-genuine-era-mismatch
18,1999,5006,1120-AA76,4-genuine-era-mismatch
49,1999,1324,2105-AA40,4-genuine-era-mismatch
49,1999,1301,2105-AA78,4-genuine-era-mismatch
49,1999,1302,2105-AA78,4-genuine-era-mismatch
49,1999,1305,2105-AA78,4-genuine-era-mismatch
49,1999,1324,2105-AA78,4-genuine-era-mismatch
49,1999,1302,2105-AA84,4-genuine-era-mismatch
49,1999,1324,2105-AA84,4-genuine-era-mismatch
49,1999,1301,2105-AA88,4-genuine-era-mismatch
49,1999,1302,2105-AA88,4-genuine-era-mismatch
49,1999,1324,2105-AA88,4-genuine-era-mismatch
49,1999,1301,2105-AB39,4-genuine-era-mismatch
49,1999,1305,2105-AB39,4-genuine-era-mismatch
49,1999,1324,2105-AB39,4-genuine-era-mismatch
49,1999,1324,2105-AB58,4-genuine-era-mismatch
49,1999,31140,2125-AE46,4-genuine-era-mismatch
49,1999,31161,2125-AE46,4-genuine-era-mismatch
23,1999,307,2125-AD63,4-genuine-era-mismatch
23,1999,307,2125-AE39,4-genuine-era-mismatch
26,1999,6050,1545-AW67,4-genuine-era-mismatch
28,1999,2672,2900-AJ31,4-genuine-era-mismatch
28,1999,2680,2900-AJ31,4-genuine-era-mismatch
10,1999,2301,9000-AI29,4-genuine-era-mismatch
10,1999,2301,9000-AG04,4-genuine-era-mismatch
10,1999,2301,9000-AH30,4-genuine-era-mismatch
10,1999,2301,9000-AH58,4-genuine-era-mismatch
10,1999,2301,9000-AH84,4-genuine-era-mismatch
10,1999,2301,9000-AH96,4-genuine-era-mismatch
10,1999,2301,9000-AI07,4-genuine-era-mismatch
10,1999,2301,9000-AC90,4-genuine-era-mismatch
10,1999,2301,9000-AG49,4-genuine-era-mismatch
10,1999,2301,9000-AH05,4-genuine-era-mismatch
10,1999,2301,9000-AH37,4-genuine-era-mismatch
10,1999,2301,9000-AH94,4-genuine-era-mismatch
10,1999,2301,9000-AH95,4-genuine-era-mismatch
10,1999,2301,9000-AI06,4-genuine-era-mismatch
47,1999,624,3060-AF38,4-genuine-era-mismatch
46,1999,841a,3072-AB80,4-genuine-era-mismatch
28,1999,2641,2550-AA04,4-genuine-era-mismatch
5,1999,5532,3206-AI32,4-genuine-era-mismatch
28,1999,2672,3212-AA01,4-genuine-era-mismatch
49,1999,10321,2140-AA03,4-genuine-era-mismatch
49,1999,10505,2140-AA03,4-genuine-era-mismatch
49,1999,11341,2140-AA03,4-genuine-era-mismatch
49,1999,11343,2140-AA03,4-genuine-era-mismatch
18,1999,1801,0648-AM64,4-genuine-era-mismatch
35,1999,31,0651-AA93,4-genuine-era-mismatch
35,1999,31,0651-AA95,4-genuine-era-mismatch
50,1999,1710,0694-AB41,4-genuine-era-mismatch
50,1999,1710,0694-AB50,4-genuine-era-mismatch
50,1999,1710,0694-AB53,4-genuine-era-mismatch
50,1999,1710,0694-AB60,4-genuine-era-mismatch
50,1999,1710,0694-AB67,4-genuine-era-mismatch
50,1999,1710,0694-AB68,4-genuine-era-mismatch
50,1999,1710,0694-AB72,4-genuine-era-mismatch
50,1999,1710,0694-AB10,4-genuine-era-mismatch
50,1999,1710,0694-AB25,4-genuine-era-mismatch
10,1999,7450,0694-AB28,4-genuine-era-mismatch
50,1999,1710,0694-AB28,4-genuine-era-mismatch
50,1999,1710,0694-AB49,4-genuine-era-mismatch
50,1999,1710,0694-AB59,4-genuine-era-mismatch
50,1999,1710,0694-AB73,4-genuine-era-mismatch
50,1999,1710,0694-AB76,4-genuine-era-mismatch
50,1999,1710,0694-AB47,4-genuine-era-mismatch
50,1999,1710,0694-AB75,4-genuine-era-mismatch
50,1999,1710,0694-AB77,4-genuine-era-mismatch
10,1999,301,0790-AF27,4-genuine-era-mismatch
20,1999,1141,0790-AF59,4-genuine-era-mismatch
10,1999,1151,0790-AF71,4-genuine-era-mismatch
20,1999,1141,1845-AA01,4-genuine-era-mismatch
20,1999,1141,1845-AA03,4-genuine-era-mismatch
20,1999,1099e,1845-AA03,4-genuine-era-mismatch
20,1999,1099e,1845-AA07,4-genuine-era-mismatch
42,1999,1396w,0938-AJ73,4-genuine-era-mismatch
28,1999,2641,2501-AC60,4-genuine-era-mismatch
28,1999,2679,1105-AA62,4-genuine-era-mismatch
5,1999,315,1105-AA60,4-genuine-era-mismatch
5,1999,315,1110-AA06,4-genuine-era-mismatch
18,1999,5006,1120-AA25,4-genuine-era-mismatch
18,1999,5006,1120-AA72,4-genuine-era-mismatch
18,1999,5006,1120-AA88,4-genuine-era-mismatch
18,1999,5006,1120-AA92,4-genuine-era-mismatch
18,1999,5006,1120-AA93,4-genuine-era-mismatch
18,1999,4251,1120-AA95,4-genuine-era-mismatch
18,1999,5006,1120-AA95,4-genuine-era-mismatch
18,1999,5006,1120-AA96,4-genuine-era-mismatch
18,1999,5006,1120-AA97,4-genuine-era-mismatch
18,1999,4161,1120-AA99,4-genuine-era-mismatch
18,1999,4201,1120-AA99,4-genuine-era-mismatch
18,1999,5006,1120-AA99,4-genuine-era-mismatch
18,1999,4161,1120-AA03,4-genuine-era-mismatch
18,1999,5006,1120-AA03,4-genuine-era-mismatch
18,1999,5006,1120-AA11,4-genuine-era-mismatch
18,1999,5006,1120-AA15,4-genuine-era-mismatch
28,1999,2671,1120-AA15,4-genuine-era-mismatch
18,1999,5006,1120-AA23,4-genuine-era-mismatch
18,1999,5006,1120-AA33,4-genuine-era-mismatch
18,1999,5006,1120-AA49,4-genuine-era-mismatch
18,1999,5006,1120-AA59,4-genuine-era-mismatch
18,1999,4161,1120-AA62,4-genuine-era-mismatch
18,1999,5006,1120-AA62,4-genuine-era-mismatch
18,1999,5006,1120-AA66,4-genuine-era-mismatch
18,1999,5006,1120-AA77,4-genuine-era-mismatch
18,1999,4161,1120-AA78,4-genuine-era-mismatch
18,1999,5006,1120-AA78,4-genuine-era-mismatch
18,1999,4161,1120-AA79,4-genuine-era-mismatch
18,1999,5006,1120-AA79,4-genuine-era-mismatch
18,1999,4161,1120-AA80,4-genuine-era-mismatch
18,1999,5006,1120-AA80,4-genuine-era-mismatch
18,1999,5006,1120-AA81,4-genuine-era-mismatch
18,1999,5006,1120-AA83,4-genuine-era-mismatch
18,1999,4161,1120-AA85,4-genuine-era-mismatch
18,1999,4201,1120-AA85,4-genuine-era-mismatch
18,1999,5006,1120-AA85,4-genuine-era-mismatch
18,1999,4161,1120-AA86,4-genuine-era-mismatch
18,1999,5006,1120-AA86,4-genuine-era-mismatch
18,1999,4161,1120-AA87,4-genuine-era-mismatch
18,1999,5006,1120-AA87,4-genuine-era-mismatch
18,1999,5006,1120-AA90,4-genuine-era-mismatch
18,1999,5006,1120-AA94,4-genuine-era-mismatch
28,1999,2671,1120-AA94,4-genuine-era-mismatch
18,1999,5006,1120-AA98,4-genuine-era-mismatch
18,1999,5006,1120-AA39,4-genuine-era-mismatch
18,1999,5006,1120-AA46,4-genuine-era-mismatch
18,1999,5006,1120-AA65,4-genuine-era-mismatch
18,1999,5006,1120-AA67,4-genuine-era-mismatch
18,1999,5006,1120-AA69,4-genuine-era-mismatch
49,1999,1324,2105-AA40,4-genuine-era-mismatch
49,1999,1301,2105-AA78,4-genuine-era-mismatch
49,1999,1302,2105-AA78,4-genuine-era-mismatch
49,1999,1305,2105-AA78,4-genuine-era-mismatch
49,1999,1324,2105-AA78,4-genuine-era-mismatch
49,1999,1302,2105-AA84,4-genuine-era-mismatch
49,1999,1324,2105-AA84,4-genuine-era-mismatch
49,1999,1301,2105-AA88,4-genuine-era-mismatch
49,1999,1302,2105-AA88,4-genuine-era-mismatch
49,1999,1324,2105-AA88,4-genuine-era-mismatch
49,1999,1301,2105-AB39,4-genuine-era-mismatch
49,1999,1305,2105-AB39,4-genuine-era-mismatch
49,1999,1324,2105-AB39,4-genuine-era-mismatch
49,1999,1324,2105-AB58,4-genuine-era-mismatch
23,1999,307,2125-AE63,4-genuine-era-mismatch
49,1999,31140,2125-AE46,4-genuine-era-mismatch
49,1999,31161,2125-AE46,4-genuine-era-mismatch
23,1999,307,2125-AE39,4-genuine-era-mismatch
23,1999,307,2125-AD63,4-genuine-era-mismatch
26,1999,6050,1545-AW67,4-genuine-era-mismatch
39,1999,501,2900-AJ91,4-genuine-era-mismatch
28,1999,2672,2900-AJ31,4-genuine-era-mismatch
28,1999,2680,2900-AJ31,4-genuine-era-mismatch
10,1999,2301,9000-AG04,4-genuine-era-mismatch
10,1999,2301,9000-AH30,4-genuine-era-mismatch
10,1999,2301,9000-AH96,4-genuine-era-mismatch
10,1999,2301,9000-AH58,4-genuine-era-mismatch
10,1999,2301,9000-AH84,4-genuine-era-mismatch
10,1999,2301,9000-AI07,4-genuine-era-mismatch
47,1999,624,3060-AF38,4-genuine-era-mismatch
46,1999,841a,3072-AB80,4-genuine-era-mismatch
28,1999,2641,2550-AA04,4-genuine-era-mismatch
5,1999,5532,3206-AI32,4-genuine-era-mismatch
28,1999,2672,3206-AI70,4-genuine-era-mismatch
28,1999,2672,3212-AA01,4-genuine-era-mismatch
49,1999,10321,2140-AA03,4-genuine-era-mismatch
49,1999,10505,2140-AA03,4-genuine-era-mismatch
49,1999,11341,2140-AA03,4-genuine-era-mismatch
49,1999,11343,2140-AA03,4-genuine-era-mismatch
7,2000,262,0560-AF13,4-genuine-era-mismatch
18,2000,1801,0648-AM64,4-genuine-era-mismatch
35,2000,31,0651-AA93,4-genuine-era-mismatch
35,2000,31,0651-AA95,4-genuine-era-mismatch
50,2000,1710,0694-AB50,4-genuine-era-mismatch
50,2000,1710,0694-AB53,4-genuine-era-mismatch
50,2000,1710,0694-AB60,4-genuine-era-mismatch
50,2000,1710,0694-AB10,4-genuine-era-mismatch
50,2000,1710,0694-AB25,4-genuine-era-mismatch
10,2000,7450,0694-AB28,4-genuine-era-mismatch
50,2000,1710,0694-AB28,4-genuine-era-mismatch
50,2000,1710,0694-AB41,4-genuine-era-mismatch
50,2000,1710,0694-AB49,4-genuine-era-mismatch
50,2000,1710,0694-AB59,4-genuine-era-mismatch
50,2000,1710,0694-AB67,4-genuine-era-mismatch
50,2000,1710,0694-AB73,4-genuine-era-mismatch
50,2000,1710,0694-AB76,4-genuine-era-mismatch
50,2000,1710,0694-AB68,4-genuine-era-mismatch
50,2000,1710,0694-AB72,4-genuine-era-mismatch
10,2000,301,0790-AF27,4-genuine-era-mismatch
20,2000,1141,0790-AF59,4-genuine-era-mismatch
10,2000,1151,0790-AF71,4-genuine-era-mismatch
18,2000,5006,1120-AA25,4-genuine-era-mismatch
18,2000,5006,1120-AA72,4-genuine-era-mismatch
18,2000,5006,1120-AA88,4-genuine-era-mismatch
18,2000,5006,1120-AA92,4-genuine-era-mismatch
18,2000,5006,1120-AA93,4-genuine-era-mismatch
18,2000,4251,1120-AA95,4-genuine-era-mismatch
18,2000,5006,1120-AA95,4-genuine-era-mismatch
18,2000,5006,1120-AA96,4-genuine-era-mismatch
18,2000,5006,1120-AA97,4-genuine-era-mismatch
18,2000,5006,1120-AB01,4-genuine-era-mismatch
18,2000,5006,1120-AB02,4-genuine-era-mismatch
18,2000,4161,1120-AA03,4-genuine-era-mismatch
18,2000,5006,1120-AA03,4-genuine-era-mismatch
18,2000,5006,1120-AA11,4-genuine-era-mismatch
18,2000,5006,1120-AA15,4-genuine-era-mismatch
18,2000,5006,1120-AA23,4-genuine-era-mismatch
18,2000,5006,1120-AA33,4-genuine-era-mismatch
18,2000,5006,1120-AA49,4-genuine-era-mismatch
18,2000,5006,1120-AA59,4-genuine-era-mismatch
18,2000,4161,1120-AA62,4-genuine-era-mismatch
18,2000,5006,1120-AA62,4-genuine-era-mismatch
18,2000,5006,1120-AA66,4-genuine-era-mismatch
18,2000,5006,1120-AA77,4-genuine-era-mismatch
18,2000,4161,1120-AA78,4-genuine-era-mismatch
18,2000,5006,1120-AA78,4-genuine-era-mismatch
18,2000,4161,1120-AA79,4-genuine-era-mismatch
18,2000,5006,1120-AA79,4-genuine-era-mismatch
18,2000,5006,1120-AA81,4-genuine-era-mismatch
18,2000,5006,1120-AA83,4-genuine-era-mismatch
18,2000,5006,1120-AA85,4-genuine-era-mismatch
18,2000,4161,1120-AA85,4-genuine-era-mismatch
18,2000,4201,1120-AA85,4-genuine-era-mismatch
18,2000,4161,1120-AA86,4-genuine-era-mismatch
18,2000,5006,1120-AA86,4-genuine-era-mismatch
18,2000,4161,1120-AA87,4-genuine-era-mismatch
18,2000,5006,1120-AA87,4-genuine-era-mismatch
18,2000,5006,1120-AA90,4-genuine-era-mismatch
18,2000,5006,1120-AA94,4-genuine-era-mismatch
18,2000,5006,1120-AA98,4-genuine-era-mismatch
18,2000,4161,1120-AA99,4-genuine-era-mismatch
18,2000,4201,1120-AA99,4-genuine-era-mismatch
18,2000,5006,1120-AA99,4-genuine-era-mismatch
18,2000,5006,1120-AB22,4-genuine-era-mismatch
18,2000,5006,1120-AB23,4-genuine-era-mismatch
18,2000,5006,1120-AA39,4-genuine-era-mismatch
18,2000,4161,1120-AA80,4-genuine-era-mismatch
18,2000,5006,1120-AA80,4-genuine-era-mismatch
49,2000,1324,2105-AA40,4-genuine-era-mismatch
49,2000,1301,2105-AA78,4-genuine-era-mismatch
49,2000,1302,2105-AA78,4-genuine-era-mismatch
49,2000,1305,2105-AA78,4-genuine-era-mismatch
49,2000,1324,2105-AA78,4-genuine-era-mismatch
49,2000,1302,2105-AA84,4-genuine-era-mismatch
49,2000,1324,2105-AA84,4-genuine-era-mismatch
49,2000,1301,2105-AA88,4-genuine-era-mismatch
49,2000,1302,2105-AA88,4-genuine-era-mismatch
49,2000,1324,2105-AA88,4-genuine-era-mismatch
49,2000,1301,2105-AB39,4-genuine-era-mismatch
49,2000,1305,2105-AB39,4-genuine-era-mismatch
49,2000,1324,2105-AB39,4-genuine-era-mismatch
49,2000,1324,2105-AB58,4-genuine-era-mismatch
23,2000,307,2125-AE39,4-genuine-era-mismatch
23,2000,307,2125-AE63,4-genuine-era-mismatch
49,2000,31140,2125-AE46,4-genuine-era-mismatch
49,2000,31161,2125-AE46,4-genuine-era-mismatch
49,2000,31140,2126-AA40,4-genuine-era-mismatch
49,2000,31161,2126-AA40,4-genuine-era-mismatch
26,2000,925,1545-AX41,4-genuine-era-mismatch
26,2000,927,1545-AX41,4-genuine-era-mismatch
26,2000,925,1545-AI16,4-genuine-era-mismatch
26,2000,927,1545-AI16,4-genuine-era-mismatch
5,2000,321,1557-AB83,4-genuine-era-mismatch
39,2000,501,2900-AJ91,4-genuine-era-mismatch
10,2000,2301,9000-AG04,4-genuine-era-mismatch
10,2000,2301,9000-AH96,4-genuine-era-mismatch
10,2000,2301,9000-AH30,4-genuine-era-mismatch
47,2000,624,3060-AF38,4-genuine-era-mismatch
46,2000,841a,3072-AB80,4-genuine-era-mismatch
49,2000,10321,2140-AA03,4-genuine-era-mismatch
49,2000,10505,2140-AA03,4-genuine-era-mismatch
49,2000,11341,2140-AA03,4-genuine-era-mismatch
49,2000,11343,2140-AA03,4-genuine-era-mismatch
7,2000,262,0560-AF13,4-genuine-era-mismatch
50,2000,1710,0694-AB50,4-genuine-era-mismatch
50,2000,1710,0694-AB60,4-genuine-era-mismatch
50,2000,1710,0694-AB67,4-genuine-era-mismatch
50,2000,1710,0694-AB25,4-genuine-era-mismatch
10,2000,7450,0694-AB28,4-genuine-era-mismatch
50,2000,1710,0694-AB28,4-genuine-era-mismatch
50,2000,1710,0694-AB41,4-genuine-era-mismatch
50,2000,1710,0694-AB49,4-genuine-era-mismatch
50,2000,1710,0694-AB53,4-genuine-era-mismatch
50,2000,1710,0694-AB59,4-genuine-era-mismatch
50,2000,1710,0694-AB73,4-genuine-era-mismatch
50,2000,1710,0694-AB76,4-genuine-era-mismatch
50,2000,1710,0694-AB10,4-genuine-era-mismatch
10,2000,301,0790-AF27,4-genuine-era-mismatch
20,2000,1141,0790-AF59,4-genuine-era-mismatch
10,2000,1151,0790-AF71,4-genuine-era-mismatch
18,2000,5006,1120-AA88,4-genuine-era-mismatch
18,2000,5006,1120-AA93,4-genuine-era-mismatch
18,2000,4251,1120-AA95,4-genuine-era-mismatch
18,2000,5006,1120-AA95,4-genuine-era-mismatch
18,2000,5006,1120-AA96,4-genuine-era-mismatch
18,2000,5006,1120-AA97,4-genuine-era-mismatch
18,2000,5006,1120-AB01,4-genuine-era-mismatch
18,2000,5006,1120-AB02,4-genuine-era-mismatch
18,2000,4161,1120-AB05,4-genuine-era-mismatch
18,2000,5006,1120-AB05,4-genuine-era-mismatch
18,2000,5006,1120-AB06,4-genuine-era-mismatch
18,2000,4161,1120-AA03,4-genuine-era-mismatch
18,2000,5006,1120-AA03,4-genuine-era-mismatch
18,2000,5006,1120-AA11,4-genuine-era-mismatch
18,2000,5006,1120-AA15,4-genuine-era-mismatch
18,2000,5006,1120-AA23,4-genuine-era-mismatch
18,2000,5006,1120-AA25,4-genuine-era-mismatch
18,2000,5006,1120-AA33,4-genuine-era-mismatch
18,2000,5006,1120-AA49,4-genuine-era-mismatch
18,2000,5006,1120-AA59,4-genuine-era-mismatch
18,2000,4161,1120-AA62,4-genuine-era-mismatch
18,2000,5006,1120-AA62,4-genuine-era-mismatch
18,2000,5006,1120-AA66,4-genuine-era-mismatch
18,2000,5006,1120-AA72,4-genuine-era-mismatch
18,2000,5006,1120-AA77,4-genuine-era-mismatch
18,2000,4161,1120-AA79,4-genuine-era-mismatch
18,2000,5006,1120-AA79,4-genuine-era-mismatch
18,2000,5006,1120-AA81,4-genuine-era-mismatch
18,2000,5006,1120-AA83,4-genuine-era-mismatch
18,2000,5006,1120-AA85,4-genuine-era-mismatch
18,2000,4161,1120-AA85,4-genuine-era-mismatch
18,2000,4201,1120-AA85,4-genuine-era-mismatch
18,2000,4161,1120-AA86,4-genuine-era-mismatch
18,2000,5006,1120-AA86,4-genuine-era-mismatch
18,2000,5006,1120-AA90,4-genuine-era-mismatch
18,2000,5006,1120-AA92,4-genuine-era-mismatch
18,2000,5006,1120-AA98,4-genuine-era-mismatch
18,2000,4161,1120-AA99,4-genuine-era-mismatch
18,2000,4201,1120-AA99,4-genuine-era-mismatch
18,2000,5006,1120-AA99,4-genuine-era-mismatch
18,2000,5006,1120-AB04,4-genuine-era-mismatch
18,2000,5006,1120-AB22,4-genuine-era-mismatch
18,2000,5006,1120-AB23,4-genuine-era-mismatch
18,2000,5006,1120-AA39,4-genuine-era-mismatch
18,2000,4161,1120-AA78,4-genuine-era-mismatch
18,2000,5006,1120-AA78,4-genuine-era-mismatch
18,2000,4161,1120-AA87,4-genuine-era-mismatch
18,2000,5006,1120-AA87,4-genuine-era-mismatch
18,2000,5006,1120-AA94,4-genuine-era-mismatch
49,2000,1324,2105-AA40,4-genuine-era-mismatch
49,2000,1301,2105-AA78,4-genuine-era-mismatch
49,2000,1302,2105-AA78,4-genuine-era-mismatch
49,2000,1305,2105-AA78,4-genuine-era-mismatch
49,2000,1324,2105-AA78,4-genuine-era-mismatch
49,2000,1302,2105-AA84,4-genuine-era-mismatch
49,2000,1324,2105-AA84,4-genuine-era-mismatch
49,2000,1301,2105-AA88,4-genuine-era-mismatch
49,2000,1302,2105-AA88,4-genuine-era-mismatch
49,2000,1324,2105-AA88,4-genuine-era-mismatch
49,2000,1301,2105-AB39,4-genuine-era-mismatch
49,2000,1305,2105-AB39,4-genuine-era-mismatch
49,2000,1324,2105-AB39,4-genuine-era-mismatch
49,2000,1324,2105-AB58,4-genuine-era-mismatch
49,2000,40129,2120-AG98,4-genuine-era-mismatch
49,2000,44113,2120-AH04,4-genuine-era-mismatch
23,2000,307,2125-AE39,4-genuine-era-mismatch
23,2000,307,2125-AE63,4-genuine-era-mismatch
23,2000,307,2125-AE78,4-genuine-era-mismatch
49,2000,31140,2126-AA40,4-genuine-era-mismatch
49,2000,31161,2126-AA40,4-genuine-era-mismatch
26,2000,925,1545-AI16,4-genuine-era-mismatch
26,2000,927,1545-AI16,4-genuine-era-mismatch
26,2000,925,1545-AX41,4-genuine-era-mismatch
26,2000,927,1545-AX41,4-genuine-era-mismatch
5,2000,321,1557-AB83,4-genuine-era-mismatch
39,2000,501,2900-AJ91,4-genuine-era-mismatch
10,2000,2301,9000-AG04,4-genuine-era-mismatch
10,2000,2301,9000-AH96,4-genuine-era-mismatch
46,2000,841a,3072-AB80,4-genuine-era-mismatch
41,2000,6101,3135-AA17,4-genuine-era-mismatch
5,2000,3702,3206-AJ13,4-genuine-era-mismatch
7,2001,262,0560-AF13,4-genuine-era-mismatch
35,2001,31,0651-AB32,4-genuine-era-mismatch
50,2001,1710,0694-AB60,4-genuine-era-mismatch
50,2001,1710,0694-AB25,4-genuine-era-mismatch
10,2001,7450,0694-AB28,4-genuine-era-mismatch
50,2001,1710,0694-AB28,4-genuine-era-mismatch
50,2001,1710,0694-AB41,4-genuine-era-mismatch
50,2001,1710,0694-AB49,4-genuine-era-mismatch
50,2001,1710,0694-AB53,4-genuine-era-mismatch
50,2001,1710,0694-AB59,4-genuine-era-mismatch
50,2001,1710,0694-AB73,4-genuine-era-mismatch
50,2001,1710,0694-AB76,4-genuine-era-mismatch
50,2001,1710,0694-AB50,4-genuine-era-mismatch
50,2001,1710,0694-AB67,4-genuine-era-mismatch
10,2001,301,0790-AF27,4-genuine-era-mismatch
20,2001,1141,0790-AF59,4-genuine-era-mismatch
10,2001,1151,0790-AF71,4-genuine-era-mismatch
18,2001,5006,1120-AA93,4-genuine-era-mismatch
18,2001,5006,1120-AA96,4-genuine-era-mismatch
18,2001,5006,1120-AA97,4-genuine-era-mismatch
18,2001,5006,1120-AB01,4-genuine-era-mismatch
18,2001,5006,1120-AB02,4-genuine-era-mismatch
18,2001,5006,1120-AB07,4-genuine-era-mismatch
18,2001,4161,1120-AA03,4-genuine-era-mismatch
18,2001,5006,1120-AA03,4-genuine-era-mismatch
18,2001,5006,1120-AA11,4-genuine-era-mismatch
18,2001,5006,1120-AA15,4-genuine-era-mismatch
18,2001,5006,1120-AA23,4-genuine-era-mismatch
18,2001,5006,1120-AA25,4-genuine-era-mismatch
18,2001,5006,1120-AA33,4-genuine-era-mismatch
18,2001,5006,1120-AA39,4-genuine-era-mismatch
18,2001,5006,1120-AA49,4-genuine-era-mismatch
18,2001,5006,1120-AA59,4-genuine-era-mismatch
18,2001,4161,1120-AA62,4-genuine-era-mismatch
18,2001,5006,1120-AA62,4-genuine-era-mismatch
18,2001,5006,1120-AA72,4-genuine-era-mismatch
18,2001,5006,1120-AA77,4-genuine-era-mismatch
18,2001,4161,1120-AA79,4-genuine-era-mismatch
18,2001,5006,1120-AA79,4-genuine-era-mismatch
18,2001,5006,1120-AA81,4-genuine-era-mismatch
18,2001,5006,1120-AA83,4-genuine-era-mismatch
18,2001,5006,1120-AA85,4-genuine-era-mismatch
18,2001,4161,1120-AA85,4-genuine-era-mismatch
18,2001,4201,1120-AA85,4-genuine-era-mismatch
18,2001,4161,1120-AA86,4-genuine-era-mismatch
18,2001,5006,1120-AA86,4-genuine-era-mismatch
18,2001,5006,1120-AA88,4-genuine-era-mismatch
18,2001,5006,1120-AA90,4-genuine-era-mismatch
18,2001,5006,1120-AA92,4-genuine-era-mismatch
18,2001,4251,1120-AA95,4-genuine-era-mismatch
18,2001,5006,1120-AA95,4-genuine-era-mismatch
18,2001,5006,1120-AA98,4-genuine-era-mismatch
18,2001,4161,1120-AA99,4-genuine-era-mismatch
18,2001,4201,1120-AA99,4-genuine-era-mismatch
18,2001,5006,1120-AA99,4-genuine-era-mismatch
18,2001,5006,1120-AB04,4-genuine-era-mismatch
18,2001,4161,1120-AB05,4-genuine-era-mismatch
18,2001,5006,1120-AB05,4-genuine-era-mismatch
18,2001,5006,1120-AB06,4-genuine-era-mismatch
18,2001,5006,1120-AB22,4-genuine-era-mismatch
18,2001,5006,1120-AB23,4-genuine-era-mismatch
18,2001,5006,1120-AA66,4-genuine-era-mismatch
49,2001,1324,2105-AA40,4-genuine-era-mismatch
49,2001,1301,2105-AA78,4-genuine-era-mismatch
49,2001,1302,2105-AA78,4-genuine-era-mismatch
49,2001,1305,2105-AA78,4-genuine-era-mismatch
49,2001,1324,2105-AA78,4-genuine-era-mismatch
49,2001,1302,2105-AA84,4-genuine-era-mismatch
49,2001,1324,2105-AA84,4-genuine-era-mismatch
49,2001,1301,2105-AA88,4-genuine-era-mismatch
49,2001,1302,2105-AA88,4-genuine-era-mismatch
49,2001,1324,2105-AA88,4-genuine-era-mismatch
49,2001,1301,2105-AB39,4-genuine-era-mismatch
49,2001,1305,2105-AB39,4-genuine-era-mismatch
49,2001,1324,2105-AB39,4-genuine-era-mismatch
49,2001,44932,2120-AD45,4-genuine-era-mismatch
49,2001,44932,2120-AD46,4-genuine-era-mismatch
49,2001,44932,2120-AG51,4-genuine-era-mismatch
23,2001,307,2125-AE39,4-genuine-era-mismatch
23,2001,307,2125-AE78,4-genuine-era-mismatch
23,2001,307,2125-AE63,4-genuine-era-mismatch
26,2001,5205,1512-AC27,4-genuine-era-mismatch
26,2001,925,1545-AX41,4-genuine-era-mismatch
26,2001,927,1545-AX41,4-genuine-era-mismatch
26,2001,6050,1545-AY35,4-genuine-era-mismatch
26,2001,6050,1545-AY50,4-genuine-era-mismatch
26,2001,925,1545-AI16,4-genuine-era-mismatch
26,2001,927,1545-AI16,4-genuine-era-mismatch
5,2001,321,1557-AB83,4-genuine-era-mismatch
38,2001,1772,2900-AK01,4-genuine-era-mismatch
38,2001,3772,2900-AK58,4-genuine-era-mismatch
38,2001,3772,2900-AK51,4-genuine-era-mismatch
39,2001,501,2900-AJ91,4-genuine-era-mismatch
10,2001,2301,9000-AG04,4-genuine-era-mismatch
10,2001,2301,9000-AH96,4-genuine-era-mismatch
46,2001,841a,3072-AB80,4-genuine-era-mismatch
41,2001,6101,3135-AA17,4-genuine-era-mismatch
35,2001,31,0651-AB32,4-genuine-era-mismatch
50,2001,1710,0694-AB25,4-genuine-era-mismatch
10,2001,7450,0694-AB28,4-genuine-era-mismatch
50,2001,1710,0694-AB28,4-genuine-era-mismatch
10,2001,301,0790-AF27,4-genuine-era-mismatch
20,2001,1141,0790-AF59,4-genuine-era-mismatch
10,2001,1151,0790-AF71,4-genuine-era-mismatch
10,2001,301,0790-AG88,4-genuine-era-mismatch
18,2001,5006,1120-AA96,4-genuine-era-mismatch
18,2001,5006,1120-AB02,4-genuine-era-mismatch
18,2001,5006,1120-AB07,4-genuine-era-mismatch
18,2001,4161,1120-AA03,4-genuine-era-mismatch
18,2001,5006,1120-AA03,4-genuine-era-mismatch
18,2001,5006,1120-AA11,4-genuine-era-mismatch
18,2001,5006,1120-AA15,4-genuine-era-mismatch
18,2001,5006,1120-AA23,4-genuine-era-mismatch
18,2001,5006,1120-AA25,4-genuine-era-mismatch
18,2001,5006,1120-AA33,4-genuine-era-mismatch
18,2001,5006,1120-AA39,4-genuine-era-mismatch
18,2001,5006,1120-AA49,4-genuine-era-mismatch
18,2001,5006,1120-AA59,4-genuine-era-mismatch
18,2001,4161,1120-AA62,4-genuine-era-mismatch
18,2001,5006,1120-AA62,4-genuine-era-mismatch
18,2001,5006,1120-AA72,4-genuine-era-mismatch
18,2001,5006,1120-AA77,4-genuine-era-mismatch
18,2001,4161,1120-AA79,4-genuine-era-mismatch
18,2001,5006,1120-AA79,4-genuine-era-mismatch
18,2001,5006,1120-AA81,4-genuine-era-mismatch
18,2001,5006,1120-AA83,4-genuine-era-mismatch
18,2001,5006,1120-AA85,4-genuine-era-mismatch
18,2001,4161,1120-AA85,4-genuine-era-mismatch
18,2001,4201,1120-AA85,4-genuine-era-mismatch
18,2001,4161,1120-AA86,4-genuine-era-mismatch
18,2001,5006,1120-AA86,4-genuine-era-mismatch
18,2001,5006,1120-AA88,4-genuine-era-mismatch
18,2001,5006,1120-AA90,4-genuine-era-mismatch
18,2001,5006,1120-AA92,4-genuine-era-mismatch
18,2001,4251,1120-AA95,4-genuine-era-mismatch
18,2001,5006,1120-AA95,4-genuine-era-mismatch
18,2001,5006,1120-AA98,4-genuine-era-mismatch
18,2001,4161,1120-AA99,4-genuine-era-mismatch
18,2001,4201,1120-AA99,4-genuine-era-mismatch
18,2001,5006,1120-AA99,4-genuine-era-mismatch
18,2001,5006,1120-AB04,4-genuine-era-mismatch
18,2001,4161,1120-AB05,4-genuine-era-mismatch
18,2001,5006,1120-AB05,4-genuine-era-mismatch
18,2001,5006,1120-AB06,4-genuine-era-mismatch
18,2001,5006,1120-AB22,4-genuine-era-mismatch
18,2001,5006,1120-AB23,4-genuine-era-mismatch
18,2001,5006,1120-AA93,4-genuine-era-mismatch
18,2001,5006,1120-AA97,4-genuine-era-mismatch
18,2001,5006,1120-AB01,4-genuine-era-mismatch
49,2001,1324,2105-AA40,4-genuine-era-mismatch
49,2001,1301,2105-AA78,4-genuine-era-mismatch
49,2001,1302,2105-AA78,4-genuine-era-mismatch
49,2001,1305,2105-AA78,4-genuine-era-mismatch
49,2001,1324,2105-AA78,4-genuine-era-mismatch
49,2001,1302,2105-AA84,4-genuine-era-mismatch
49,2001,1324,2105-AA84,4-genuine-era-mismatch
49,2001,1301,2105-AA88,4-genuine-era-mismatch
49,2001,1302,2105-AA88,4-genuine-era-mismatch
49,2001,1324,2105-AA88,4-genuine-era-mismatch
49,2001,1301,2105-AB39,4-genuine-era-mismatch
49,2001,1305,2105-AB39,4-genuine-era-mismatch
49,2001,1324,2105-AB39,4-genuine-era-mismatch
49,2001,44932,2120-AD45,4-genuine-era-mismatch
49,2001,44932,2120-AD46,4-genuine-era-mismatch
49,2001,44932,2120-AG51,4-genuine-era-mismatch
46,2001,106,2120-AH41,4-genuine-era-mismatch
23,2001,307,2125-AE39,4-genuine-era-mismatch
23,2001,307,2125-AE78,4-genuine-era-mismatch
23,2001,307,2125-AE63,4-genuine-era-mismatch
26,2001,5205,1512-AC27,4-genuine-era-mismatch
26,2001,6050,1545-AY35,4-genuine-era-mismatch
26,2001,6050,1545-AW67,4-genuine-era-mismatch
26,2001,925,1545-AI16,4-genuine-era-mismatch
26,2001,927,1545-AI16,4-genuine-era-mismatch
26,2001,6050,1545-AY50,4-genuine-era-mismatch
26,2001,925,1545-AX41,4-genuine-era-mismatch
26,2001,927,1545-AX41,4-genuine-era-mismatch
5,2001,321,1557-AB83,4-genuine-era-mismatch
38,2001,1806,2900-AK82,4-genuine-era-mismatch
38,2001,1772,2900-AK01,4-genuine-era-mismatch
38,2001,1713,2900-AK89,4-genuine-era-mismatch
39,2001,501,2900-AJ91,4-genuine-era-mismatch
38,2001,3772,2900-AK58,4-genuine-era-mismatch
38,2001,3772,2900-AK51,4-genuine-era-mismatch
10,2001,2301,9000-AH96,4-genuine-era-mismatch
10,2001,2301,9000-AG04,4-genuine-era-mismatch
46,2001,841a,3072-AB80,4-genuine-era-mismatch
42,2001,2457f,2700-AC46,4-genuine-era-mismatch
41,2001,6101,3135-AA17,4-genuine-era-mismatch
5,2001,8457,3206-AJ32,4-genuine-era-mismatch
40,2002,484,0596-AB61,4-genuine-era-mismatch
35,2002,31,0651-AB32,4-genuine-era-mismatch
50,2002,1710,0694-AB25,4-genuine-era-mismatch
20,2002,1141,0790-AF59,4-genuine-era-mismatch
10,2002,1151,0790-AF71,4-genuine-era-mismatch
10,2002,301,0790-AF27,4-genuine-era-mismatch
40,2002,486,1991-AB54,4-genuine-era-mismatch
40,2002,486,1991-AB55,4-genuine-era-mismatch
40,2002,486,2535-AA26,4-genuine-era-mismatch
46,2002,106,2120-AH41,4-genuine-era-mismatch
49,2002,44113,2120-AH46,4-genuine-era-mismatch
49,2002,44932,2120-AH53,4-genuine-era-mismatch
49,2002,44113,2120-AH51,4-genuine-era-mismatch
23,2002,307,2125-AE78,4-genuine-era-mismatch
23,2002,307,2125-AE63,4-genuine-era-mismatch
23,2002,307,2125-AE39,4-genuine-era-mismatch
26,2002,5205,1512-AC27,4-genuine-era-mismatch
26,2002,6050,1545-AY35,4-genuine-era-mismatch
26,2002,6050,1545-BA43,4-genuine-era-mismatch
26,2002,6050,1545-AW67,4-genuine-era-mismatch
26,2002,6050,1545-AY50,4-genuine-era-mismatch
26,2002,925,1545-AI16,4-genuine-era-mismatch
26,2002,927,1545-AI16,4-genuine-era-mismatch
5,2002,321,1557-AB83,4-genuine-era-mismatch
40,2002,486,2900-AJ45,4-genuine-era-mismatch
38,2002,3772,2900-AK58,4-genuine-era-mismatch
40,2002,486,2900-AI99,4-genuine-era-mismatch
40,2002,486,2900-AJ56,4-genuine-era-mismatch
40,2002,486,2900-AK75,4-genuine-era-mismatch
38,2002,1713,2900-AK89,4-genuine-era-mismatch
39,2002,501,2900-AJ91,4-genuine-era-mismatch
38,2002,1806,2900-AK82,4-genuine-era-mismatch
38,2002,1772,2900-AK01,4-genuine-era-mismatch
40,2002,486,2030-AA37,4-genuine-era-mismatch
40,2002,486,2030-AA50,4-genuine-era-mismatch
40,2002,486,2030-AA68,4-genuine-era-mismatch
40,2002,486,2030-AA78,4-genuine-era-mismatch
40,2002,486,9000-AJ20,4-genuine-era-mismatch
40,2002,486,9000-AJ30,4-genuine-era-mismatch
40,2002,486,9000-AJ33,4-genuine-era-mismatch
40,2002,486,9000-AJ34,4-genuine-era-mismatch
40,2002,486,9000-AJ35,4-genuine-era-mismatch
40,2002,486,9000-AJ36,4-genuine-era-mismatch
40,2002,486,9000-AI72,4-genuine-era-mismatch
40,2002,486,9000-AI90,4-genuine-era-mismatch
40,2002,486,9000-AI91,4-genuine-era-mismatch
40,2002,486,9000-AI92,4-genuine-era-mismatch
40,2002,486,9000-AI94,4-genuine-era-mismatch
40,2002,486,9000-AI97,4-genuine-era-mismatch
40,2002,486,9000-AI99,4-genuine-era-mismatch
40,2002,486,9000-AJ01,4-genuine-era-mismatch
40,2002,486,9000-AJ12,4-genuine-era-mismatch
40,2002,486,9000-AJ14,4-genuine-era-mismatch
40,2002,486,9000-AJ27,4-genuine-era-mismatch
40,2002,486,9000-AG04,4-genuine-era-mismatch
10,2002,2301,9000-AG04,4-genuine-era-mismatch
40,2002,486,9000-AH60,4-genuine-era-mismatch
10,2002,2301,9000-AH96,4-genuine-era-mismatch
40,2002,486,9000-AI70,4-genuine-era-mismatch
40,2002,486,9000-AI93,4-genuine-era-mismatch
40,2002,486,9000-AI98,4-genuine-era-mismatch
40,2002,486,9000-AJ03,4-genuine-era-mismatch
40,2002,486,9000-AJ15,4-genuine-era-mismatch
40,2002,486,9000-AJ17,4-genuine-era-mismatch
40,2002,486,9000-AJ18,4-genuine-era-mismatch
40,2002,486,9000-AJ19,4-genuine-era-mismatch
40,2002,486,9000-AJ21,4-genuine-era-mismatch
40,2002,486,9000-AJ22,4-genuine-era-mismatch
40,2002,486,9000-AJ23,4-genuine-era-mismatch
40,2002,486,9000-AJ37,4-genuine-era-mismatch
40,2002,486,9000-AI40,4-genuine-era-mismatch
40,2002,486,9000-AI61,4-genuine-era-mismatch
40,2002,486,9000-AI68,4-genuine-era-mismatch
40,2002,486,9000-AI71,4-genuine-era-mismatch
40,2002,486,9000-AI75,4-genuine-era-mismatch
40,2002,486,9000-AI76,4-genuine-era-mismatch
40,2002,486,9000-AI81,4-genuine-era-mismatch
40,2002,486,9000-AI82,4-genuine-era-mismatch
40,2002,486,9000-AI84,4-genuine-era-mismatch
40,2002,486,9000-AI86,4-genuine-era-mismatch
40,2002,486,9000-AI89,4-genuine-era-mismatch
40,2002,486,9000-AI95,4-genuine-era-mismatch
40,2002,486,9000-AI96,4-genuine-era-mismatch
40,2002,486,9000-AJ09,4-genuine-era-mismatch
40,2002,486,9000-AJ10,4-genuine-era-mismatch
40,2002,486,9000-AJ11,4-genuine-era-mismatch
40,2002,486,9000-AJ13,4-genuine-era-mismatch
40,2002,486,9000-AJ24,4-genuine-era-mismatch
40,2002,486,9000-AJ25,4-genuine-era-mismatch
40,2002,486,9000-AJ26,4-genuine-era-mismatch
40,2002,486,9000-AJ28,4-genuine-era-mismatch
40,2002,486,9000-AJ29,4-genuine-era-mismatch
40,2002,486,9000-AJ31,4-genuine-era-mismatch
40,2002,486,9000-AJ32,4-genuine-era-mismatch
46,2002,841a,3072-AB80,4-genuine-era-mismatch
40,2002,476,3090-AH47,4-genuine-era-mismatch
40,2002,476,3090-AH48,4-genuine-era-mismatch
40,2002,486,3090-AG03,4-genuine-era-mismatch
40,2002,1424,3090-AG03,4-genuine-era-mismatch
40,2002,486,3090-AH10,4-genuine-era-mismatch
40,2002,484,3090-AH11,4-genuine-era-mismatch
40,2002,486,3090-AH21,4-genuine-era-mismatch
40,2002,481,3090-AH31,4-genuine-era-mismatch
40,2002,483,3090-AH31,4-genuine-era-mismatch
40,2002,486,3090-AH41,4-genuine-era-mismatch
40,2002,486,3090-AE19,4-genuine-era-mismatch
40,2002,486,3090-AH01,4-genuine-era-mismatch
40,2002,486,3090-AH03,4-genuine-era-mismatch
40,2002,486,3090-AH13,4-genuine-era-mismatch
40,2002,486,3090-AH17,4-genuine-era-mismatch
40,2002,486,3090-AH25,4-genuine-era-mismatch
40,2002,486,3090-AH30,4-genuine-era-mismatch
40,2002,486,3090-AH45,4-genuine-era-mismatch
40,2002,486,3090-AH53,4-genuine-era-mismatch
40,2002,486,3090-AH60,4-genuine-era-mismatch
40,2002,486,3090-AH05,4-genuine-era-mismatch
40,2002,490,3090-AG33,4-genuine-era-mismatch
40,2002,486,3090-AH35,4-genuine-era-mismatch
40,2002,486,3090-AG55,4-genuine-era-mismatch
40,2002,486,3090-AH20,4-genuine-era-mismatch
40,2002,486,3090-AH58,4-genuine-era-mismatch
42,2002,2457f,2700-AC46,4-genuine-era-mismatch
41,2002,6101,3135-AA17,4-genuine-era-mismatch
40,2002,486,3206-AJ20,4-genuine-era-mismatch
40,2002,486,3206-AJ10,4-genuine-era-mismatch
40,2002,486,3206-AI65,4-genuine-era-mismatch
5,2002,8457,3206-AJ32,4-genuine-era-mismatch
40,2002,484,0596-AB61,4-genuine-era-mismatch
50,2002,1710,0694-AB25,4-genuine-era-mismatch
20,2002,1141,0790-AF59,4-genuine-era-mismatch
10,2002,1151,0790-AF71,4-genuine-era-mismatch
40,2002,486,1991-AB54,4-genuine-era-mismatch
40,2002,486,1991-AB55,4-genuine-era-mismatch
40,2002,486,2535-AA26,4-genuine-era-mismatch
49,2002,1301,2105-AB39,4-genuine-era-mismatch
49,2002,1305,2105-AB39,4-genuine-era-mismatch
49,2002,1324,2105-AB39,4-genuine-era-mismatch
49,2002,1324,2105-AA40,4-genuine-era-mismatch
49,2002,1301,2105-AA78,4-genuine-era-mismatch
49,2002,1302,2105-AA78,4-genuine-era-mismatch
49,2002,1305,2105-AA78,4-genuine-era-mismatch
49,2002,1324,2105-AA78,4-genuine-era-mismatch
49,2002,1302,2105-AA84,4-genuine-era-mismatch
49,2002,1324,2105-AA84,4-genuine-era-mismatch
49,2002,1301,2105-AA88,4-genuine-era-mismatch
49,2002,1302,2105-AA88,4-genuine-era-mismatch
49,2002,1324,2105-AA88,4-genuine-era-mismatch
49,2002,1324,2105-AD16,4-genuine-era-mismatch
49,2002,1302,2105-AD16,4-genuine-era-mismatch
49,2002,1324,2105-AD16,4-genuine-era-mismatch
49,2002,44113,2120-AH77,4-genuine-era-mismatch
49,2002,44113,2120-AH88,4-genuine-era-mismatch
40,2002,106,2120-AD45,4-genuine-era-mismatch
49,2002,44932,2120-AD45,4-genuine-era-mismatch
49,2002,44932,2120-AD46,4-genuine-era-mismatch
49,2002,44932,2120-AG51,4-genuine-era-mismatch
49,2002,44113,2120-AH46,4-genuine-era-mismatch
49,2002,44932,2120-AH53,4-genuine-era-mismatch
46,2002,106,2120-AH41,4-genuine-era-mismatch
23,2002,307,2125-AE63,4-genuine-era-mismatch
26,2002,5205,1512-AC27,4-genuine-era-mismatch
26,2002,1024,1545-BB12,4-genuine-era-mismatch
26,2002,601,1545-BB32,4-genuine-era-mismatch
26,2002,6050,1545-AY50,4-genuine-era-mismatch
26,2002,925,1545-AI16,4-genuine-era-mismatch
26,2002,927,1545-AI16,4-genuine-era-mismatch
26,2002,6050,1545-AY35,4-genuine-era-mismatch
26,2002,6050,1545-BA43,4-genuine-era-mismatch
26,2002,6050,1545-AW67,4-genuine-era-mismatch
26,2002,965,1545-BA68,4-genuine-era-mismatch
5,2002,321,1557-AB83,4-genuine-era-mismatch
40,2002,486,2900-AJ45,4-genuine-era-mismatch
40,2002,486,2900-AI99,4-genuine-era-mismatch
38,2002,1713,2900-AK89,4-genuine-era-mismatch
40,2002,486,2900-AJ56,4-genuine-era-mismatch
40,2002,486,2900-AK75,4-genuine-era-mismatch
38,2002,3772,2900-AK58,4-genuine-era-mismatch
40,2002,486,2030-AA37,4-genuine-era-mismatch
40,2002,486,2030-AA50,4-genuine-era-mismatch
40,2002,486,2030-AA79,4-genuine-era-mismatch
40,2002,486,9000-AI97,4-genuine-era-mismatch
40,2002,486,9000-AJ27,4-genuine-era-mismatch
40,2002,486,9000-AJ41,4-genuine-era-mismatch
40,2002,486,9000-AG04,4-genuine-era-mismatch
10,2002,2301,9000-AG04,4-genuine-era-mismatch
40,2002,486,9000-AH60,4-genuine-era-mismatch
40,2002,486,9000-AI70,4-genuine-era-mismatch
40,2002,486,9000-AI92,4-genuine-era-mismatch
40,2002,486,9000-AI93,4-genuine-era-mismatch
40,2002,486,9000-AI94,4-genuine-era-mismatch
40,2002,486,9000-AI98,4-genuine-era-mismatch
40,2002,486,9000-AI99,4-genuine-era-mismatch
40,2002,486,9000-AJ03,4-genuine-era-mismatch
40,2002,486,9000-AJ14,4-genuine-era-mismatch
40,2002,486,9000-AJ15,4-genuine-era-mismatch
40,2002,486,9000-AJ17,4-genuine-era-mismatch
40,2002,486,9000-AJ18,4-genuine-era-mismatch
40,2002,486,9000-AJ20,4-genuine-era-mismatch
40,2002,486,9000-AJ21,4-genuine-era-mismatch
40,2002,486,9000-AJ23,4-genuine-era-mismatch
40,2002,486,9000-AJ30,4-genuine-era-mismatch
40,2002,486,9000-AJ33,4-genuine-era-mismatch
40,2002,486,9000-AJ34,4-genuine-era-mismatch
40,2002,486,9000-AJ35,4-genuine-era-mismatch
40,2002,486,9000-AJ36,4-genuine-era-mismatch
40,2002,486,9000-AJ38,4-genuine-era-mismatch
40,2002,486,9000-AJ39,4-genuine-era-mismatch
40,2002,486,9000-AJ40,4-genuine-era-mismatch
40,2002,486,9000-AJ42,4-genuine-era-mismatch
40,2002,486,9000-AJ44,4-genuine-era-mismatch
40,2002,486,9000-AJ45,4-genuine-era-mismatch
40,2002,486,9000-AJ46,4-genuine-era-mismatch
10,2002,2301,9000-AH96,4-genuine-era-mismatch
40,2002,486,9000-AI72,4-genuine-era-mismatch
40,2002,486,9000-AI90,4-genuine-era-mismatch
40,2002,486,9000-AI91,4-genuine-era-mismatch
40,2002,486,9000-AJ01,4-genuine-era-mismatch
40,2002,486,9000-AJ12,4-genuine-era-mismatch
40,2002,486,9000-AJ19,4-genuine-era-mismatch
40,2002,486,9000-AJ22,4-genuine-era-mismatch
40,2002,486,9000-AJ37,4-genuine-era-mismatch
40,2002,476,3090-AH47,4-genuine-era-mismatch
40,2002,476,3090-AH48,4-genuine-era-mismatch
40,2002,486,3090-AG03,4-genuine-era-mismatch
40,2002,1424,3090-AG03,4-genuine-era-mismatch
40,2002,484,3090-AH11,4-genuine-era-mismatch
40,2002,486,3090-AH21,4-genuine-era-mismatch
40,2002,481,3090-AH31,4-genuine-era-mismatch
40,2002,483,3090-AH31,4-genuine-era-mismatch
40,2002,486,3090-AE19,4-genuine-era-mismatch
40,2002,486,3090-AH01,4-genuine-era-mismatch
40,2002,486,3090-AH35,4-genuine-era-mismatch
40,2002,486,3090-AH41,4-genuine-era-mismatch
40,2002,486,3090-AH45,4-genuine-era-mismatch
40,2002,486,3090-AH60,4-genuine-era-mismatch
40,2002,486,3090-AH63,4-genuine-era-mismatch
40,2002,486,3090-AH68,4-genuine-era-mismatch
40,2002,486,3090-AH05,4-genuine-era-mismatch
40,2002,490,3090-AG33,4-genuine-era-mismatch
40,2002,486,3090-AH03,4-genuine-era-mismatch
40,2002,486,3090-AH10,4-genuine-era-mismatch
40,2002,486,3090-AH13,4-genuine-era-mismatch
40,2002,486,3090-AH17,4-genuine-era-mismatch
40,2002,486,3090-AH25,4-genuine-era-mismatch
40,2002,486,3090-AH30,4-genuine-era-mismatch
40,2002,486,3090-AH53,4-genuine-era-mismatch
41,2002,6101,3135-AA17,4-genuine-era-mismatch
40,2002,486,3206-AJ20,4-genuine-era-mismatch
40,2002,486,3206-AJ10,4-genuine-era-mismatch
40,2002,486,3206-AI65,4-genuine-era-mismatch
40,2003,484,0596-AB61,4-genuine-era-mismatch
50,2003,1710,0694-AB25,4-genuine-era-mismatch
20,2003,1141,0790-AF59,4-genuine-era-mismatch
10,2003,1151,0790-AF71,4-genuine-era-mismatch
10,2003,301,0790-AH03,4-genuine-era-mismatch
40,2003,486,1991-AB54,4-genuine-era-mismatch
40,2003,486,2535-AA26,4-genuine-era-mismatch
49,2003,1301,2105-AB39,4-genuine-era-mismatch
49,2003,1305,2105-AB39,4-genuine-era-mismatch
49,2003,1324,2105-AB39,4-genuine-era-mismatch
49,2003,44113,2120-AH77,4-genuine-era-mismatch
49,2003,44113,2120-AH46,4-genuine-era-mismatch
49,2003,44113,2120-AH88,4-genuine-era-mismatch
40,2003,106,2120-AD45,4-genuine-era-mismatch
49,2003,44932,2120-AD45,4-genuine-era-mismatch
49,2003,44932,2120-AD46,4-genuine-era-mismatch
49,2003,44932,2120-AG51,4-genuine-era-mismatch
49,2003,44932,2120-AH53,4-genuine-era-mismatch
23,2003,307,2125-AE63,4-genuine-era-mismatch
46,2003,841a,2133-AB48,4-genuine-era-mismatch
46,2003,301,2133-AB48,4-genuine-era-mismatch
26,2003,1024,1545-BB12,4-genuine-era-mismatch
26,2003,6050,1545-AY35,4-genuine-era-mismatch
26,2003,6050,1545-AY50,4-genuine-era-mismatch
26,2003,925,1545-AI16,4-genuine-era-mismatch
26,2003,927,1545-AI16,4-genuine-era-mismatch
26,2003,6050,1545-BA43,4-genuine-era-mismatch
26,2003,601,1545-BB32,4-genuine-era-mismatch
40,2003,486,2900-AI99,4-genuine-era-mismatch
40,2003,486,2900-AJ45,4-genuine-era-mismatch
38,2003,1713,2900-AK89,4-genuine-era-mismatch
40,2003,486,2030-AA37,4-genuine-era-mismatch
40,2003,486,2030-AA82,4-genuine-era-mismatch
40,2003,486,2030-AA50,4-genuine-era-mismatch
40,2003,486,2030-AA79,4-genuine-era-mismatch
40,2003,486,9000-AJ21,4-genuine-era-mismatch
40,2003,486,9000-AI94,4-genuine-era-mismatch
40,2003,486,9000-AI99,4-genuine-era-mismatch
40,2003,486,9000-AJ15,4-genuine-era-mismatch
40,2003,486,9000-AJ17,4-genuine-era-mismatch
40,2003,486,9000-AJ34,4-genuine-era-mismatch
40,2003,486,9000-AJ35,4-genuine-era-mismatch
40,2003,486,9000-AJ45,4-genuine-era-mismatch
40,2003,486,9000-AJ47,4-genuine-era-mismatch
40,2003,486,9000-AH60,4-genuine-era-mismatch
40,2003,486,9000-AI70,4-genuine-era-mismatch
40,2003,486,9000-AJ20,4-genuine-era-mismatch
40,2003,486,9000-AJ30,4-genuine-era-mismatch
40,2003,486,9000-AJ33,4-genuine-era-mismatch
40,2003,486,9000-AJ36,4-genuine-era-mismatch
40,2003,486,9000-AJ38,4-genuine-era-mismatch
40,2003,486,9000-AJ40,4-genuine-era-mismatch
40,2003,486,9000-AJ42,4-genuine-era-mismatch
40,2003,486,9000-AJ44,4-genuine-era-mismatch
40,2003,486,9000-AJ46,4-genuine-era-mismatch
40,2003,486,9000-AJ48,4-genuine-era-mismatch
40,2003,486,9000-AJ50,4-genuine-era-mismatch
40,2003,486,9000-AJ51,4-genuine-era-mismatch
40,2003,486,9000-AJ53,4-genuine-era-mismatch
40,2003,486,9000-AJ54,4-genuine-era-mismatch
40,2003,486,9000-AJ55,4-genuine-era-mismatch
40,2003,486,9000-AJ56,4-genuine-era-mismatch
40,2003,486,9000-AJ57,4-genuine-era-mismatch
40,2003,486,9000-AJ58,4-genuine-era-mismatch
40,2003,486,9000-AJ59,4-genuine-era-mismatch
40,2003,486,9000-AJ60,4-genuine-era-mismatch
40,2003,486,9000-AG04,4-genuine-era-mismatch
10,2003,2301,9000-AG04,4-genuine-era-mismatch
40,2003,486,9000-AI92,4-genuine-era-mismatch
40,2003,486,9000-AI93,4-genuine-era-mismatch
40,2003,486,9000-AI97,4-genuine-era-mismatch
40,2003,486,9000-AI98,4-genuine-era-mismatch
40,2003,486,9000-AJ03,4-genuine-era-mismatch
40,2003,486,9000-AJ14,4-genuine-era-mismatch
40,2003,486,9000-AJ18,4-genuine-era-mismatch
40,2003,486,9000-AJ23,4-genuine-era-mismatch
40,2003,486,9000-AJ27,4-genuine-era-mismatch
40,2003,486,9000-AJ39,4-genuine-era-mismatch
40,2003,486,9000-AJ41,4-genuine-era-mismatch
40,2003,486,9000-AJ49,4-genuine-era-mismatch
40,2003,486,9000-AJ52,4-genuine-era-mismatch
40,2003,1424,3090-AG03,4-genuine-era-mismatch
40,2003,484,3090-AH11,4-genuine-era-mismatch
40,2003,481,3090-AH31,4-genuine-era-mismatch
40,2003,483,3090-AH31,4-genuine-era-mismatch
40,2003,486,3090-AH67,4-genuine-era-mismatch
40,2003,476,3090-AH47,4-genuine-era-mismatch
40,2003,476,3090-AH48,4-genuine-era-mismatch
40,2003,486,2700-AC57,4-genuine-era-mismatch
41,2003,6101,3135-AA17,4-genuine-era-mismatch
40,2003,486,3206-AJ20,4-genuine-era-mismatch
40,2003,486,3206-AJ10,4-genuine-era-mismatch
40,2003,486,3206-AI65,4-genuine-era-mismatch
40,2003,484,0596-AB61,4-genuine-era-mismatch
50,2003,1710,0694-AB25,4-genuine-era-mismatch
10,2003,301,0790-AH70,4-genuine-era-mismatch
20,2003,1141,0790-AF59,4-genuine-era-mismatch
40,2003,486,1991-AB54,4-genuine-era-mismatch
40,2003,486,1992-AA34,4-genuine-era-mismatch
40,2003,486,2535-AA26,4-genuine-era-mismatch
18,2003,5006,1120-AB07,4-genuine-era-mismatch
18,2003,4161,1120-AB18,4-genuine-era-mismatch
18,2003,5006,1120-AB18,4-genuine-era-mismatch
18,2003,5006,1120-AB20,4-genuine-era-mismatch
18,2003,5006,1120-AB24,4-genuine-era-mismatch
18,2003,5006,1120-AA11,4-genuine-era-mismatch
18,2003,5006,1120-AA33,4-genuine-era-mismatch
18,2003,5006,1120-AA39,4-genuine-era-mismatch
18,2003,5006,1120-AA49,4-genuine-era-mismatch
18,2003,4161,1120-AA62,4-genuine-era-mismatch
18,2003,5006,1120-AA62,4-genuine-era-mismatch
18,2003,5006,1120-AA85,4-genuine-era-mismatch
18,2003,4161,1120-AA85,4-genuine-era-mismatch
18,2003,4201,1120-AA85,4-genuine-era-mismatch
18,2003,4161,1120-AA86,4-genuine-era-mismatch
18,2003,5006,1120-AA86,4-genuine-era-mismatch
18,2003,5006,1120-AA88,4-genuine-era-mismatch
18,2003,5006,1120-AA90,4-genuine-era-mismatch
18,2003,4251,1120-AA95,4-genuine-era-mismatch
18,2003,5006,1120-AA95,4-genuine-era-mismatch
18,2003,5006,1120-AA98,4-genuine-era-mismatch
18,2003,5006,1120-AB04,4-genuine-era-mismatch
18,2003,4161,1120-AB05,4-genuine-era-mismatch
18,2003,5006,1120-AB05,4-genuine-era-mismatch
18,2003,5006,1120-AB06,4-genuine-era-mismatch
18,2003,4161,1120-AB08,4-genuine-era-mismatch
18,2003,5006,1120-AB08,4-genuine-era-mismatch
18,2003,4161,1120-AB11,4-genuine-era-mismatch
18,2003,5006,1120-AB11,4-genuine-era-mismatch
18,2003,4161,1120-AB12,4-genuine-era-mismatch
18,2003,5006,1120-AB12,4-genuine-era-mismatch
18,2003,4161,1120-AB13,4-genuine-era-mismatch
18,2003,5006,1120-AB13,4-genuine-era-mismatch
18,2003,223,1120-AB14,4-genuine-era-mismatch
18,2003,5006,1120-AB14,4-genuine-era-mismatch
18,2003,4161,1120-AB16,4-genuine-era-mismatch
18,2003,5006,1120-AB16,4-genuine-era-mismatch
18,2003,4161,1120-AB17,4-genuine-era-mismatch
18,2003,5006,1120-AB17,4-genuine-era-mismatch
18,2003,4161,1120-AB21,4-genuine-era-mismatch
18,2003,4201,1120-AB21,4-genuine-era-mismatch
18,2003,5006,1120-AB21,4-genuine-era-mismatch
18,2003,5006,1120-AB22,4-genuine-era-mismatch
18,2003,5006,1120-AB23,4-genuine-era-mismatch
18,2003,5006,1120-AA96,4-genuine-era-mismatch
18,2003,5006,1120-AA25,4-genuine-era-mismatch
18,2003,5006,1120-AA81,4-genuine-era-mismatch
18,2003,5006,1120-AA92,4-genuine-era-mismatch
18,2003,4161,1120-AA99,4-genuine-era-mismatch
18,2003,4201,1120-AA99,4-genuine-era-mismatch
18,2003,5006,1120-AA99,4-genuine-era-mismatch
18,2003,223,1120-AB09,4-genuine-era-mismatch
18,2003,4161,1120-AB09,4-genuine-era-mismatch
18,2003,5006,1120-AB09,4-genuine-era-mismatch
8,2003,1375b,1125-AA45,4-genuine-era-mismatch
40,2003,333,1218-AB47,4-genuine-era-mismatch
40,2003,333,1218-AB67,4-genuine-era-mismatch
40,2003,333,1218-AB89,4-genuine-era-mismatch
40,2003,333,1218-AB77,4-genuine-era-mismatch
40,2003,333,1218-AC01,4-genuine-era-mismatch
40,2003,486,1291-AA34,4-genuine-era-mismatch
40,2003,486,1291-AA33,4-genuine-era-mismatch
49,2003,44113,2120-AH88,4-genuine-era-mismatch
49,2003,44113,2120-AH77,4-genuine-era-mismatch
49,2003,44113,2120-AH46,4-genuine-era-mismatch
23,2003,307,2125-AE63,4-genuine-era-mismatch
46,2003,841a,2133-AB48,4-genuine-era-mismatch
46,2003,301,2133-AB48,4-genuine-era-mismatch
26,2003,1024,1545-BB12,4-genuine-era-mismatch
26,2003,6152,1545-BC53,4-genuine-era-mismatch
12,2010,375b,1550-AB92,1-case-bug-high-confidence
12,2010,1462,1550-AB92,1-case-bug-high-confidence
12,2010,1463,1550-AB92,1-case-bug-high-confidence
12,2010,1464,1550-AB92,1-case-bug-high-confidence
12,2010,1467a,1550-AB92,1-case-bug-high-confidence
12,2010,1468,1550-AB92,1-case-bug-high-confidence
12,2010,1820,1550-AB92,1-case-bug-high-confidence
12,2010,1828,1550-AB92,1-case-bug-high-confidence
12,2010,1831o,1550-AB92,1-case-bug-high-confidence
12,2010,3806,1550-AB92,1-case-bug-high-confidence
12,2010,1462a,1550-AC13,1-case-bug-high-confidence
12,2010,1463,1550-AC13,1-case-bug-high-confidence
12,2010,1464,1550-AC13,1-case-bug-high-confidence
12,2010,1828,1550-AC13,1-case-bug-high-confidence
12,2010,1462a,1550-AC26,1-case-bug-high-confidence
12,2010,1463,1550-AC26,1-case-bug-high-confidence
12,2010,1464,1550-AC26,1-case-bug-high-confidence
12,2010,1462a,1550-AC28,1-case-bug-high-confidence
12,2010,1463,1550-AC28,1-case-bug-high-confidence
12,2010,1464,1550-AC28,1-case-bug-high-confidence
12,2010,375b,1550-AC33,1-case-bug-high-confidence
12,2010,1462,1550-AC33,1-case-bug-high-confidence
12,2010,1462a,1550-AC33,1-case-bug-high-confidence
12,2010,1463,1550-AC33,1-case-bug-high-confidence
12,2010,1464,1550-AC33,1-case-bug-high-confidence
12,2010,1467a,1550-AC33,1-case-bug-high-confidence
12,2010,1468,1550-AC33,1-case-bug-high-confidence
12,2010,1817,1550-AC33,1-case-bug-high-confidence
12,2010,1820,1550-AC33,1-case-bug-high-confidence
12,2010,1828,1550-AC33,1-case-bug-high-confidence
12,2010,1831o,1550-AC33,1-case-bug-high-confidence
12,2010,3806,1550-AC33,1-case-bug-high-confidence
12,2010,1462a,1550-AC38,1-case-bug-high-confidence
12,2010,1463,1550-AC38,1-case-bug-high-confidence
12,2010,1464,1550-AC38,1-case-bug-high-confidence
12,2010,1462,1550-AC02,1-case-bug-high-confidence
12,2010,1463,1550-AC02,1-case-bug-high-confidence
12,2010,1464,1550-AC02,1-case-bug-high-confidence
12,2010,1467a,1550-AC02,1-case-bug-high-confidence
12,2010,1828,1550-AC02,1-case-bug-high-confidence
12,2010,1462,1550-AC19,1-case-bug-high-confidence
12,2010,1463,1550-AC19,1-case-bug-high-confidence
12,2010,1464,1550-AC19,1-case-bug-high-confidence
12,2010,1467a,1550-AC19,1-case-bug-high-confidence
12,2010,1828,1550-AC19,1-case-bug-high-confidence
12,2010,1462,1550-AC24,1-case-bug-high-confidence
12,2010,1462a,1550-AC24,1-case-bug-high-confidence
12,2010,1463,1550-AC24,1-case-bug-high-confidence
12,2010,1464,1550-AC24,1-case-bug-high-confidence
12,2010,1467a,1550-AC24,1-case-bug-high-confidence
12,2010,1828,1550-AC24,1-case-bug-high-confidence
12,2010,1462a,1550-AC12,1-case-bug-high-confidence
12,2010,1463,1550-AC12,1-case-bug-high-confidence
12,2010,1464,1550-AC12,1-case-bug-high-confidence
12,2010,1828,1550-AC12,1-case-bug-high-confidence
12,2010,1462,1550-AC32,1-case-bug-high-confidence
12,2010,1462a,1550-AC32,1-case-bug-high-confidence
12,2010,1463,1550-AC32,1-case-bug-high-confidence
12,2010,1464,1550-AC32,1-case-bug-high-confidence
12,2010,1467a,1550-AC32,1-case-bug-high-confidence
12,2010,1701j-3,1550-AC32,1-case-bug-high-confidence
12,2010,1828,1550-AC32,1-case-bug-high-confidence
12,2010,3806,1550-AC32,1-case-bug-high-confidence
12,2010,1462,1550-AC34,1-case-bug-high-confidence
12,2010,1462a,1550-AC34,1-case-bug-high-confidence
12,2010,1463,1550-AC34,1-case-bug-high-confidence
12,2010,1464,1550-AC34,1-case-bug-high-confidence
12,2010,1467a,1550-AC34,1-case-bug-high-confidence
12,2010,1828,1550-AC34,1-case-bug-high-confidence
12,2010,1462,1550-AC36,1-case-bug-high-confidence
12,2010,1462a,1550-AC36,1-case-bug-high-confidence
12,2010,1463,1550-AC36,1-case-bug-high-confidence
12,2010,1464,1550-AC36,1-case-bug-high-confidence
12,2010,1467a,1550-AC36,1-case-bug-high-confidence
12,2010,1828,1550-AC36,1-case-bug-high-confidence
12,2010,1462a,1550-AC37,1-case-bug-high-confidence
12,2010,1463,1550-AC37,1-case-bug-high-confidence
12,2010,1464,1550-AC37,1-case-bug-high-confidence
12,2010,1467a,1550-AC37,1-case-bug-high-confidence
12,2010,1814,1550-AC37,1-case-bug-high-confidence
12,2010,1816,1550-AC37,1-case-bug-high-confidence
12,2010,1828,1550-AC37,1-case-bug-high-confidence
12,2010,2901,1550-AC37,1-case-bug-high-confidence
12,2010,93a,1557-AB93,1-case-bug-high-confidence
12,2010,1828,1557-AB93,1-case-bug-high-confidence
12,2010,93a,1557-AD30,1-case-bug-high-confidence
12,2010,3907,1557-AD30,1-case-bug-high-confidence
12,2010,3909,1557-AD30,1-case-bug-high-confidence
12,2010,93a,1557-AD31,1-case-bug-high-confidence
12,2010,3907,1557-AD31,1-case-bug-high-confidence
12,2010,3909,1557-AD31,1-case-bug-high-confidence
12,2010,93a,1557-AD16,1-case-bug-high-confidence
12,2010,161,1557-AD16,1-case-bug-high-confidence
12,2010,481,1557-AD16,1-case-bug-high-confidence
12,2010,482,1557-AD16,1-case-bug-high-confidence
12,2010,484,1557-AD16,1-case-bug-high-confidence
12,2010,1442,1557-AD16,1-case-bug-high-confidence
12,2010,1817,1557-AD16,1-case-bug-high-confidence
12,2010,1818,1557-AD16,1-case-bug-high-confidence
12,2010,1820,1557-AD16,1-case-bug-high-confidence
12,2010,1821,1557-AD16,1-case-bug-high-confidence
12,2010,1831m,1557-AD16,1-case-bug-high-confidence
12,2010,1831p-1,1557-AD16,1-case-bug-high-confidence
12,2010,1831o,1557-AD16,1-case-bug-high-confidence
12,2010,1833e,1557-AD16,1-case-bug-high-confidence
12,2010,1867,1557-AD16,1-case-bug-high-confidence
12,2010,1951,1557-AD16,1-case-bug-high-confidence
12,2010,2601,1557-AD16,1-case-bug-high-confidence
12,2010,2801,1557-AD16,1-case-bug-high-confidence
12,2010,2901,1557-AD16,1-case-bug-high-confidence
12,2010,3101,1557-AD16,1-case-bug-high-confidence
12,2010,3401,1557-AD16,1-case-bug-high-confidence
12,2010,93a,1557-AD17,1-case-bug-high-confidence
12,2010,1818,1557-AD17,1-case-bug-high-confidence
12,2010,1881,1557-AD17,1-case-bug-high-confidence
12,2010,3401,1557-AD17,1-case-bug-high-confidence
12,2010,93a,1557-AD22,1-case-bug-high-confidence
12,2010,161,1557-AD22,1-case-bug-high-confidence
12,2010,481,1557-AD22,1-case-bug-high-confidence
12,2010,482,1557-AD22,1-case-bug-high-confidence
12,2010,484,1557-AD22,1-case-bug-high-confidence
12,2010,1442,1557-AD22,1-case-bug-high-confidence
12,2010,1817,1557-AD22,1-case-bug-high-confidence
12,2010,1818,1557-AD22,1-case-bug-high-confidence
12,2010,1820,1557-AD22,1-case-bug-high-confidence
12,2010,1821,1557-AD22,1-case-bug-high-confidence
12,2010,1831m,1557-AD22,1-case-bug-high-confidence
12,2010,1831p-1,1557-AD22,1-case-bug-high-confidence
12,2010,1831o,1557-AD22,1-case-bug-high-confidence
12,2010,1833e,1557-AD22,1-case-bug-high-confidence
12,2010,1867,1557-AD22,1-case-bug-high-confidence
12,2010,1951,1557-AD22,1-case-bug-high-confidence
12,2010,2801,1557-AD22,1-case-bug-high-confidence
12,2010,2901,1557-AD22,1-case-bug-high-confidence
12,2010,3101,1557-AD22,1-case-bug-high-confidence
12,2010,3401,1557-AD22,1-case-bug-high-confidence
12,2010,1,1557-AD23,1-case-bug-high-confidence
12,2010,29,1557-AD23,1-case-bug-high-confidence
12,2010,93a,1557-AD23,1-case-bug-high-confidence
12,2010,371,1557-AD23,1-case-bug-high-confidence
12,2010,1701j-3,1557-AD23,1-case-bug-high-confidence
12,2010,1828,1557-AD23,1-case-bug-high-confidence
12,2010,3331,1557-AD23,1-case-bug-high-confidence
12,2010,21,1557-AD24,1-case-bug-high-confidence
12,2010,22,1557-AD24,1-case-bug-high-confidence
12,2010,26,1557-AD24,1-case-bug-high-confidence
12,2010,27,1557-AD24,1-case-bug-high-confidence
12,2010,30,1557-AD24,1-case-bug-high-confidence
12,2010,36,1557-AD24,1-case-bug-high-confidence
12,2010,93a,1557-AD24,1-case-bug-high-confidence
12,2010,161,1557-AD24,1-case-bug-high-confidence
12,2010,215,1557-AD24,1-case-bug-high-confidence
12,2010,215a,1557-AD24,1-case-bug-high-confidence
12,2010,481,1557-AD24,1-case-bug-high-confidence
12,2010,1814,1557-AD24,1-case-bug-high-confidence
12,2010,1816,1557-AD24,1-case-bug-high-confidence
12,2010,1828,1557-AD24,1-case-bug-high-confidence
12,2010,1835a,1557-AD24,1-case-bug-high-confidence
12,2010,2901,1557-AD24,1-case-bug-high-confidence
12,2010,3101,1557-AD24,1-case-bug-high-confidence
12,2010,1,1557-AC99,1-case-bug-high-confidence
12,2010,93a,1557-AC99,1-case-bug-high-confidence
12,2010,161,1557-AC99,1-case-bug-high-confidence
12,2010,1818,1557-AC99,1-case-bug-high-confidence
12,2010,3907,1557-AC99,1-case-bug-high-confidence
12,2010,3909,1557-AC99,1-case-bug-high-confidence
12,2010,1,1557-AD03,1-case-bug-high-confidence
12,2010,84,1557-AD03,1-case-bug-high-confidence
12,2010,93a,1557-AD03,1-case-bug-high-confidence
12,2010,93a,1557-AD07,1-case-bug-high-confidence
12,2010,3907,1557-AD07,1-case-bug-high-confidence
12,2010,3909,1557-AD07,1-case-bug-high-confidence
12,2010,93a,1557-AD18,1-case-bug-high-confidence
12,2010,161,1557-AD18,1-case-bug-high-confidence
12,2010,1818,1557-AD18,1-case-bug-high-confidence
12,2010,1828,1557-AD18,1-case-bug-high-confidence
12,2010,1828,1557-AD18,1-case-bug-high-confidence
12,2010,1831n,1557-AD18,1-case-bug-high-confidence
12,2010,1835,1557-AD18,1-case-bug-high-confidence
12,2010,3907,1557-AD18,1-case-bug-high-confidence
12,2010,3909,1557-AD18,1-case-bug-high-confidence
12,2010,1,1557-AD27,1-case-bug-high-confidence
12,2010,71,1557-AD27,1-case-bug-high-confidence
12,2010,92,1557-AD27,1-case-bug-high-confidence
12,2010,93,1557-AD27,1-case-bug-high-confidence
12,2010,93a,1557-AD27,1-case-bug-high-confidence
12,2010,481,1557-AD27,1-case-bug-high-confidence
12,2010,484,1557-AD27,1-case-bug-high-confidence
12,2010,1818,1557-AD27,1-case-bug-high-confidence
12,2010,93a,1557-AC80,1-case-bug-high-confidence
12,2010,1,1557-AD08,1-case-bug-high-confidence
12,2010,84,1557-AD08,1-case-bug-high-confidence
12,2010,93a,1557-AD08,1-case-bug-high-confidence
12,2010,93a,1557-AD25,1-case-bug-high-confidence
12,2010,161,1557-AD25,1-case-bug-high-confidence
12,2010,1818,1557-AD25,1-case-bug-high-confidence
12,2010,1828,1557-AD25,1-case-bug-high-confidence
12,2010,1831n,1557-AD25,1-case-bug-high-confidence
12,2010,1835,1557-AD25,1-case-bug-high-confidence
12,2010,3907,1557-AD25,1-case-bug-high-confidence
12,2010,3909,1557-AD25,1-case-bug-high-confidence
12,2010,93a,1557-AD26,1-case-bug-high-confidence
12,2010,161,1557-AD26,1-case-bug-high-confidence
12,2010,1818,1557-AD26,1-case-bug-high-confidence
12,2010,1828,1557-AD26,1-case-bug-high-confidence
12,2010,1828,1557-AD26,1-case-bug-high-confidence
12,2010,1831,1557-AD26,1-case-bug-high-confidence
12,2010,1835,1557-AD26,1-case-bug-high-confidence
12,2010,3907,1557-AD26,1-case-bug-high-confidence
12,2010,3909,1557-AD26,1-case-bug-high-confidence
12,2010,21,1557-AD29,1-case-bug-high-confidence
12,2010,22,1557-AD29,1-case-bug-high-confidence
12,2010,26,1557-AD29,1-case-bug-high-confidence
12,2010,27,1557-AD29,1-case-bug-high-confidence
12,2010,36,1557-AD29,1-case-bug-high-confidence
12,2010,93a,1557-AD29,1-case-bug-high-confidence
12,2010,161,1557-AD29,1-case-bug-high-confidence
12,2010,215,1557-AD29,1-case-bug-high-confidence
12,2010,215a,1557-AD29,1-case-bug-high-confidence
12,2010,481,1557-AD29,1-case-bug-high-confidence
12,2010,1814,1557-AD29,1-case-bug-high-confidence
12,2010,1816,1557-AD29,1-case-bug-high-confidence
12,2010,1828,1557-AD29,1-case-bug-high-confidence
12,2010,1835a,1557-AD29,1-case-bug-high-confidence
12,2010,2901,1557-AD29,1-case-bug-high-confidence
12,2010,3101,1557-AD29,1-case-bug-high-confidence
12,2010,2013,3052-AB92,1-case-bug-high-confidence
12,2010,2015,3052-AB92,1-case-bug-high-confidence
12,2010,2018,3052-AB92,1-case-bug-high-confidence
12,2010,2073,3052-AB92,1-case-bug-high-confidence
12,2010,2093,3052-AB92,1-case-bug-high-confidence
12,2010,2122,3052-AB92,1-case-bug-high-confidence
12,2010,2128,3052-AB92,1-case-bug-high-confidence
12,2010,2132,3052-AB92,1-case-bug-high-confidence
12,2010,2146,3052-AB92,1-case-bug-high-confidence
12,2010,2154,3052-AB92,1-case-bug-high-confidence
12,2010,2154a,3052-AB92,1-case-bug-high-confidence
12,2010,2160,3052-AB92,1-case-bug-high-confidence
12,2010,2202b,3052-AB92,1-case-bug-high-confidence
12,2010,2211,3052-AB92,1-case-bug-high-confidence
12,2010,2243,3052-AB92,1-case-bug-high-confidence
12,2010,2252,3052-AB92,1-case-bug-high-confidence
12,2010,2278b,3052-AB92,1-case-bug-high-confidence
12,2010,2278b-6,3052-AB92,1-case-bug-high-confidence
12,2010,2279aa,3052-AB92,1-case-bug-high-confidence
12,2010,2279aa-3,3052-AB92,1-case-bug-high-confidence
12,2010,2279aa-4,3052-AB92,1-case-bug-high-confidence
12,2010,2279aa-6,3052-AB92,1-case-bug-high-confidence
12,2010,2279aa-10,3052-AB92,1-case-bug-high-confidence
12,2010,2279aa-12,3052-AB92,1-case-bug-high-confidence
12,2010,2011,3052-AC41,1-case-bug-high-confidence
12,2010,2012,3052-AC41,1-case-bug-high-confidence
12,2010,2021,3052-AC41,1-case-bug-high-confidence
12,2010,2071,3052-AC41,1-case-bug-high-confidence
12,2010,2183,3052-AC56,1-case-bug-high-confidence
12,2010,2243,3052-AC56,1-case-bug-high-confidence
12,2010,2252,3052-AC56,1-case-bug-high-confidence
12,2010,2279aa-11,3052-AC56,1-case-bug-high-confidence
12,2010,2011,3052-AC59,1-case-bug-high-confidence
12,2010,2013,3052-AC59,1-case-bug-high-confidence
12,2010,2017,3052-AC59,1-case-bug-high-confidence
12,2010,2013,3052-AC61,1-case-bug-high-confidence
12,2010,2015,3052-AC61,1-case-bug-high-confidence
12,2010,2018,3052-AC61,1-case-bug-high-confidence
12,2010,2019,3052-AC61,1-case-bug-high-confidence
12,2010,2252,3052-AC64,1-case-bug-high-confidence
12,2010,2013,3052-AC25,1-case-bug-high-confidence
12,2010,2015,3052-AC25,1-case-bug-high-confidence
12,2010,2018,3052-AC25,1-case-bug-high-confidence
12,2010,2243,3052-AC44,1-case-bug-high-confidence
12,2010,2252,3052-AC44,1-case-bug-high-confidence
12,2010,2254,3052-AC44,1-case-bug-high-confidence
12,2010,2013,3052-AC50,1-case-bug-high-confidence
12,2010,2015,3052-AC50,1-case-bug-high-confidence
12,2010,2018,3052-AC50,1-case-bug-high-confidence
12,2010,2183,3052-AC51,1-case-bug-high-confidence
12,2010,2243,3052-AC51,1-case-bug-high-confidence
12,2010,2252,3052-AC51,1-case-bug-high-confidence
12,2010,2279aa-11,3052-AC51,1-case-bug-high-confidence
12,2010,2279bb,3052-AC51,1-case-bug-high-confidence
12,2010,2013,3052-AC57,1-case-bug-high-confidence
12,2010,2015,3052-AC57,1-case-bug-high-confidence
12,2010,2018,3052-AC57,1-case-bug-high-confidence
12,2010,2019,3052-AC57,1-case-bug-high-confidence
12,2010,2011,3052-AC60,1-case-bug-high-confidence
12,2010,2013,3052-AC60,1-case-bug-high-confidence
12,2010,2252,3052-AC62,1-case-bug-high-confidence
12,2010,2252,3052-AC65,1-case-bug-high-confidence
12,2010,2013,3052-AC43,1-case-bug-high-confidence
12,2010,2015,3052-AC43,1-case-bug-high-confidence
12,2010,2154,3052-AC43,1-case-bug-high-confidence
12,2010,2252,3052-AC43,1-case-bug-high-confidence
12,2010,2013,3052-AC52,1-case-bug-high-confidence
12,2010,2015,3052-AC52,1-case-bug-high-confidence
12,2010,2017,3052-AC52,1-case-bug-high-confidence
12,2010,2018,3052-AC52,1-case-bug-high-confidence
12,2010,2252,3052-AC63,1-case-bug-high-confidence
12,2010,2013,3052-AC20,1-case-bug-high-confidence
12,2010,2015,3052-AC20,1-case-bug-high-confidence
12,2010,2017,3052-AC20,1-case-bug-high-confidence
12,2010,2013,3052-AC42,1-case-bug-high-confidence
12,2010,2015,3052-AC42,1-case-bug-high-confidence
12,2010,2018,3052-AC42,1-case-bug-high-confidence
12,2010,2073,3052-AC42,1-case-bug-high-confidence
12,2010,2252,3052-AC46,1-case-bug-high-confidence
12,2010,2252,3052-AC39,1-case-bug-high-confidence
12,2010,2199,3052-AC45,1-case-bug-high-confidence
12,2010,2200,3052-AC45,1-case-bug-high-confidence
12,2010,2011,3052-AC48,1-case-bug-high-confidence
12,2010,2013,3052-AC48,1-case-bug-high-confidence
12,2010,2013,3052-AC49,1-case-bug-high-confidence
12,2010,2015,3052-AC49,1-case-bug-high-confidence
12,2010,2018,3052-AC49,1-case-bug-high-confidence
12,2010,2013,3052-AC55,1-case-bug-high-confidence
12,2010,2015,3052-AC55,1-case-bug-high-confidence
12,2010,2018,3052-AC55,1-case-bug-high-confidence
12,2010,1818,3064-AD40,1-case-bug-high-confidence
12,2010,1819,3064-AD40,1-case-bug-high-confidence
12,2010,2901,3064-AC97,1-case-bug-high-confidence
12,2010,1811,3064-AD15,1-case-bug-high-confidence
12,2010,1815,3064-AD15,1-case-bug-high-confidence
12,2010,1819,3064-AD15,1-case-bug-high-confidence
12,2010,1820,3064-AD15,1-case-bug-high-confidence
12,2010,3108,3064-AD15,1-case-bug-high-confidence
12,2010,3207,3064-AD15,1-case-bug-high-confidence
12,2010,1833e,3064-AD23,1-case-bug-high-confidence
12,2010,1813,3064-AD33,1-case-bug-high-confidence
12,2010,1813,3064-AD33,1-case-bug-high-confidence
12,2010,1817,3064-AD33,1-case-bug-high-confidence
12,2010,1818,3064-AD33,1-case-bug-high-confidence
12,2010,1831f,3064-AD41,1-case-bug-high-confidence
12,2010,1831f,3064-AD41,1-case-bug-high-confidence
12,2010,1828,3064-AD43,1-case-bug-high-confidence
12,2010,5105,3064-AD43,1-case-bug-high-confidence
12,2010,1814,3064-AD45,1-case-bug-high-confidence
12,2010,1819,3064-AD45,1-case-bug-high-confidence
12,2010,1828,3064-AD45,1-case-bug-high-confidence
12,2010,2901,3064-AD45,1-case-bug-high-confidence
12,2010,1815,3064-AD48,1-case-bug-high-confidence
12,2010,1816,3064-AD48,1-case-bug-high-confidence
12,2010,1818,3064-AD48,1-case-bug-high-confidence
12,2010,1441,3064-AD49,1-case-bug-high-confidence
12,2010,1813,3064-AD49,1-case-bug-high-confidence
12,2010,1815,3064-AD49,1-case-bug-high-confidence
12,2010,1817,3064-AD49,1-case-bug-high-confidence
12,2010,1821,3064-AD53,1-case-bug-high-confidence
12,2010,1821,3064-AD53,1-case-bug-high-confidence
12,2010,1821,3064-AD53,1-case-bug-high-confidence
12,2010,1821,3064-AD53,1-case-bug-high-confidence
12,2010,1821,3064-AD53,1-case-bug-high-confidence
12,2010,1823,3064-AD53,1-case-bug-high-confidence
12,2010,1823,3064-AD53,1-case-bug-high-confidence
12,2010,1817,3064-AD56,1-case-bug-high-confidence
12,2010,1819,3064-AC95,1-case-bug-high-confidence
12,2010,1820,3064-AC95,1-case-bug-high-confidence
12,2010,1831d,3064-AC95,1-case-bug-high-confidence
12,2010,1815,3064-AD10,1-case-bug-high-confidence
12,2010,1815,3064-AD10,1-case-bug-high-confidence
12,2010,1816,3064-AD10,1-case-bug-high-confidence
12,2010,1818,3064-AD10,1-case-bug-high-confidence
12,2010,1815,3064-AD29,1-case-bug-high-confidence
12,2010,1815,3064-AD29,1-case-bug-high-confidence
12,2010,1816,3064-AD29,1-case-bug-high-confidence
12,2010,1818,3064-AD29,1-case-bug-high-confidence
12,2010,1818,3064-AD29,1-case-bug-high-confidence
12,2010,1818,3064-AD29,1-case-bug-high-confidence
12,2010,1819,3064-AD29,1-case-bug-high-confidence
12,2010,1828,3064-AD29,1-case-bug-high-confidence
12,2010,1815,3064-AD34,1-case-bug-high-confidence
12,2010,1815,3064-AD34,1-case-bug-high-confidence
12,2010,1816,3064-AD34,1-case-bug-high-confidence
12,2010,1818,3064-AD34,1-case-bug-high-confidence
12,2010,1819,3064-AD16,1-case-bug-high-confidence
12,2010,1814,3064-AD42,1-case-bug-high-confidence
12,2010,1815,3064-AD42,1-case-bug-high-confidence
12,2010,1818,3064-AD42,1-case-bug-high-confidence
12,2010,1816,3064-AD42,1-case-bug-high-confidence
12,2010,375a,3064-AD50,1-case-bug-high-confidence
12,2010,375b,3064-AD50,1-case-bug-high-confidence
12,2010,1816,3064-AD50,1-case-bug-high-confidence
12,2010,1818,3064-AD50,1-case-bug-high-confidence
12,2010,1817,3064-AD51,1-case-bug-high-confidence
12,2010,1441,3064-AD52,1-case-bug-high-confidence
12,2010,1813,3064-AD52,1-case-bug-high-confidence
12,2010,1815,3064-AD52,1-case-bug-high-confidence
12,2010,1817,3064-AD52,1-case-bug-high-confidence
12,2010,1814,3064-AD54,1-case-bug-high-confidence
12,2010,1819,3064-AD54,1-case-bug-high-confidence
12,2010,1828,3064-AD54,1-case-bug-high-confidence
12,2010,1831u,3064-AD54,1-case-bug-high-confidence
12,2010,2901,3064-AD54,1-case-bug-high-confidence
12,2010,3103,3064-AD54,1-case-bug-high-confidence
12,2010,3108,3064-AD54,1-case-bug-high-confidence
12,2010,1821,3064-AD55,1-case-bug-high-confidence
12,2010,1821,3064-AD55,1-case-bug-high-confidence
12,2010,1821,3064-AD55,1-case-bug-high-confidence
12,2010,1821,3064-AD55,1-case-bug-high-confidence
12,2010,1821,3064-AD55,1-case-bug-high-confidence
12,2010,4513,2590-AA01,1-case-bug-high-confidence
12,2010,4526,2590-AA01,1-case-bug-high-confidence
12,2010,4612,2590-AA01,1-case-bug-high-confidence
12,2010,4518,2590-AA08,1-case-bug-high-confidence
12,2010,4631,2590-AA14,1-case-bug-high-confidence
12,2010,1430c,2590-AA16,1-case-bug-high-confidence
12,2010,4617,2590-AA23,1-case-bug-high-confidence
12,2010,1426,2590-AA24,1-case-bug-high-confidence
12,2010,1429,2590-AA24,1-case-bug-high-confidence
12,2010,1430,2590-AA24,1-case-bug-high-confidence
12,2010,1431,2590-AA24,1-case-bug-high-confidence
12,2010,1432,2590-AA24,1-case-bug-high-confidence
12,2010,4511,2590-AA24,1-case-bug-high-confidence
12,2010,4513,2590-AA24,1-case-bug-high-confidence
12,2010,4526,2590-AA24,1-case-bug-high-confidence
12,2010,4501,2590-AA26,1-case-bug-high-confidence
12,2010,4502,2590-AA26,1-case-bug-high-confidence
12,2010,4511,2590-AA26,1-case-bug-high-confidence
12,2010,4513,2590-AA26,1-case-bug-high-confidence
12,2010,4526,2590-AA26,1-case-bug-high-confidence
12,2010,4561,2590-AA26,1-case-bug-high-confidence
12,2010,4603,2590-AA26,1-case-bug-high-confidence
12,2010,4565,2590-AA27,1-case-bug-high-confidence
12,2010,4520,2590-AA28,1-case-bug-high-confidence
12,2010,4526,2590-AA28,1-case-bug-high-confidence
12,2010,1833e,2590-AA28,1-case-bug-high-confidence
12,2010,4511,2590-AA32,1-case-bug-high-confidence
12,2010,4513,2590-AA32,1-case-bug-high-confidence
12,2010,4526,2590-AA32,1-case-bug-high-confidence
12,2010,1429,2590-AA32,1-case-bug-high-confidence
12,2010,1430,2590-AA32,1-case-bug-high-confidence
12,2010,1430b,2590-AA32,1-case-bug-high-confidence
12,2010,1431,2590-AA32,1-case-bug-high-confidence
12,2010,1436,2590-AA32,1-case-bug-high-confidence
12,2010,1430,2590-AA04,1-case-bug-high-confidence
12,2010,4513b,2590-AA10,1-case-bug-high-confidence
12,2010,1427,2590-AA12,1-case-bug-high-confidence
12,2010,1431,2590-AA12,1-case-bug-high-confidence
12,2010,1452,2590-AA12,1-case-bug-high-confidence
12,2010,1455,2590-AA12,1-case-bug-high-confidence
12,2010,4502,2590-AA12,1-case-bug-high-confidence
12,2010,4513,2590-AA12,1-case-bug-high-confidence
12,2010,4514,2590-AA12,1-case-bug-high-confidence
12,2010,4517,2590-AA12,1-case-bug-high-confidence
12,2010,4518,2590-AA12,1-case-bug-high-confidence
12,2010,4526,2590-AA12,1-case-bug-high-confidence
12,2010,4631,2590-AA12,1-case-bug-high-confidence
12,2010,4632,2590-AA12,1-case-bug-high-confidence
12,2010,4636,2590-AA12,1-case-bug-high-confidence
12,2010,1719,2590-AA12,1-case-bug-high-confidence
12,2010,1723a,2590-AA12,1-case-bug-high-confidence
12,2010,1431,2590-AA30,1-case-bug-high-confidence
12,2010,1440,2590-AA30,1-case-bug-high-confidence
12,2010,4511,2590-AA30,1-case-bug-high-confidence
12,2010,4513,2590-AA30,1-case-bug-high-confidence
12,2010,4514,2590-AA30,1-case-bug-high-confidence
12,2010,4526,2590-AA30,1-case-bug-high-confidence
12,2010,1426,2590-AA30,1-case-bug-high-confidence
12,2010,4513,2590-AA06,1-case-bug-high-confidence
12,2010,4522,2590-AA06,1-case-bug-high-confidence
12,2010,4526,2590-AA06,1-case-bug-high-confidence
12,2010,4639,2590-AA06,1-case-bug-high-confidence
12,2010,4511,2590-AA13,1-case-bug-high-confidence
12,2010,4513,2590-AA13,1-case-bug-high-confidence
12,2010,4513b,2590-AA13,1-case-bug-high-confidence
12,2010,4526,2590-AA15,1-case-bug-high-confidence
12,2010,4541,2590-AA17,1-case-bug-high-confidence
12,2010,4526,2590-AA17,1-case-bug-high-confidence
12,2010,4517,2590-AA20,1-case-bug-high-confidence
12,2010,4624,2590-AA22,1-case-bug-high-confidence
12,2010,4511,2590-AA11,1-case-bug-high-confidence
12,2010,4513,2590-AA11,1-case-bug-high-confidence
12,2010,4514,2590-AA11,1-case-bug-high-confidence
12,2010,4526,2590-AA11,1-case-bug-high-confidence
12,2010,4642,2590-AA11,1-case-bug-high-confidence
12,2010,1424,2590-AA18,1-case-bug-high-confidence
12,2010,1427,2590-AA31,1-case-bug-high-confidence
12,2010,4511,2590-AA31,1-case-bug-high-confidence
12,2010,4526,2590-AA31,1-case-bug-high-confidence
12,2010,1429,2590-AA33,1-case-bug-high-confidence
12,2010,1430,2590-AA33,1-case-bug-high-confidence
12,2010,1430b,2590-AA33,1-case-bug-high-confidence
12,2010,1431,2590-AA33,1-case-bug-high-confidence
12,2010,4511,2590-AA33,1-case-bug-high-confidence
12,2010,4513,2590-AA33,1-case-bug-high-confidence
12,2010,4526,2590-AA33,1-case-bug-high-confidence
12,2010,1426,2590-AA34,1-case-bug-high-confidence
12,2010,1427,2590-AA34,1-case-bug-high-confidence
12,2010,1432,2590-AA34,1-case-bug-high-confidence
12,2010,4511,2590-AA34,1-case-bug-high-confidence
12,2010,4526,2590-AA34,1-case-bug-high-confidence
12,2010,1141j,3072-AC34,1-case-bug-high-confidence
12,2010,461,7100-AD48,1-case-bug-high-confidence
12,2010,342,7100-AD48,1-case-bug-high-confidence
12,2010,501,7100-AD32,1-case-bug-high-confidence
12,2010,1828,7100-AC73,1-case-bug-high-confidence
12,2010,1829b,7100-AD03,1-case-bug-high-confidence
12,2010,1951,7100-AD03,1-case-bug-high-confidence
12,2010,3806,7100-AD34,1-case-bug-high-confidence
12,2010,2901,7100-AD39,1-case-bug-high-confidence
12,2010,335,7100-AC69,1-case-bug-high-confidence
12,2010,1835a,7100-AC69,1-case-bug-high-confidence
12,2010,24,7100-AD23,1-case-bug-high-confidence
12,2010,36,7100-AD23,1-case-bug-high-confidence
12,2010,1817,7100-AD23,1-case-bug-high-confidence
12,2010,1818,7100-AD23,1-case-bug-high-confidence
12,2010,4802,7100-AD46,1-case-bug-high-confidence
12,2010,324,7100-AD29,1-case-bug-high-confidence
12,2010,93a,7100-AD41,1-case-bug-high-confidence
12,2010,161,7100-AD41,1-case-bug-high-confidence
12,2010,1818,7100-AD41,1-case-bug-high-confidence
12,2010,1828,7100-AD41,1-case-bug-high-confidence
12,2010,1831,7100-AD41,1-case-bug-high-confidence
12,2010,1811,3084-AA99,1-case-bug-high-confidence
12,2010,1752,3133-AD40,1-case-bug-high-confidence
12,2010,1766,3133-AD40,1-case-bug-high-confidence
12,2010,1785,3133-AD40,1-case-bug-high-confidence
12,2010,1786,3133-AD40,1-case-bug-high-confidence
12,2010,1789,3133-AD40,1-case-bug-high-confidence
12,2010,1757,3133-AD46,1-case-bug-high-confidence
12,2010,1757,3133-AD46,1-case-bug-high-confidence
12,2010,1757,3133-AD46,1-case-bug-high-confidence
12,2010,1757,3133-AD66,1-case-bug-high-confidence
12,2010,1766,3133-AD66,1-case-bug-high-confidence
12,2010,1781,3133-AD66,1-case-bug-high-confidence
12,2010,1790d,3133-AD66,1-case-bug-high-confidence
12,2010,1752,3133-AD68,1-case-bug-high-confidence
12,2010,1755,3133-AD68,1-case-bug-high-confidence
12,2010,1757a,3133-AD68,1-case-bug-high-confidence
12,2010,1759,3133-AD68,1-case-bug-high-confidence
12,2010,1761a,3133-AD68,1-case-bug-high-confidence
12,2010,1766,3133-AD68,1-case-bug-high-confidence
12,2010,1782,3133-AD68,1-case-bug-high-confidence
12,2010,1784,3133-AD68,1-case-bug-high-confidence
12,2010,1787,3133-AD68,1-case-bug-high-confidence
12,2010,1789,3133-AD68,1-case-bug-high-confidence
12,2010,1756,3133-AD69,1-case-bug-high-confidence
12,2010,1766,3133-AD69,1-case-bug-high-confidence
12,2010,1785,3133-AD69,1-case-bug-high-confidence
12,2010,1789,3133-AD69,1-case-bug-high-confidence
12,2010,1766,3133-AD70,1-case-bug-high-confidence
12,2010,1786,3133-AD70,1-case-bug-high-confidence
12,2010,1757,3133-AD71,1-case-bug-high-confidence
12,2010,3335,3133-AD38,1-case-bug-high-confidence
12,2010,1757,3133-AD38,1-case-bug-high-confidence
12,2010,1768,3133-AD38,1-case-bug-high-confidence
12,2010,1757,3133-AD41,1-case-bug-high-confidence
12,2010,1789,3133-AD41,1-case-bug-high-confidence
12,2010,1766,3133-AD58,1-case-bug-high-confidence
12,2010,5101,3133-AD59,1-case-bug-high-confidence
12,2010,1752,3133-AD65,1-case-bug-high-confidence
12,2010,1755,3133-AD65,1-case-bug-high-confidence
12,2010,1761a,3133-AD65,1-case-bug-high-confidence
12,2010,1766,3133-AD65,1-case-bug-high-confidence
12,2010,1782,3133-AD65,1-case-bug-high-confidence
12,2010,1784,3133-AD65,1-case-bug-high-confidence
12,2010,1786,3133-AD65,1-case-bug-high-confidence
12,2010,1789,3133-AD65,1-case-bug-high-confidence
12,2010,1752,3133-AD22,1-case-bug-high-confidence
12,2010,1755,3133-AD22,1-case-bug-high-confidence
12,2010,1759,3133-AD22,1-case-bug-high-confidence
12,2010,1761a,3133-AD22,1-case-bug-high-confidence
12,2010,1766,3133-AD25,1-case-bug-high-confidence
12,2010,1757,3133-AD63,1-case-bug-high-confidence
12,2010,1766,3133-AD63,1-case-bug-high-confidence
12,2010,1781,3133-AD63,1-case-bug-high-confidence
12,2010,1790d,3133-AD63,1-case-bug-high-confidence
12,2010,1752,3133-AD64,1-case-bug-high-confidence
12,2010,1755,3133-AD64,1-case-bug-high-confidence
12,2010,1759,3133-AD64,1-case-bug-high-confidence
12,2010,1761,3133-AD64,1-case-bug-high-confidence
12,2010,1766,3133-AD64,1-case-bug-high-confidence
12,2010,1782,3133-AD64,1-case-bug-high-confidence
12,2010,1784,3133-AD64,1-case-bug-high-confidence
12,2010,1787,3133-AD64,1-case-bug-high-confidence
12,2010,1789,3133-AD64,1-case-bug-high-confidence
12,2010,1752,3133-AD67,1-case-bug-high-confidence
12,2010,1755,3133-AD67,1-case-bug-high-confidence
12,2010,1761a,3133-AD67,1-case-bug-high-confidence
12,2010,1761b,3133-AD67,1-case-bug-high-confidence
12,2010,1766,3133-AD67,1-case-bug-high-confidence
12,2010,1782,3133-AD67,1-case-bug-high-confidence
12,2010,1784,3133-AD67,1-case-bug-high-confidence
12,2010,1786,3133-AD67,1-case-bug-high-confidence
12,2010,1789,3133-AD67,1-case-bug-high-confidence
12,2010,1829,1506-AB01,1-case-bug-high-confidence
12,2010,1951,1506-AB01,1-case-bug-high-confidence
12,2010,1829b,1506-AB10,1-case-bug-high-confidence
12,2010,1951,1506-AB10,1-case-bug-high-confidence
12,2010,1829,1506-AA97,1-case-bug-high-confidence
12,2010,1829b,1506-AB07,1-case-bug-high-confidence
12,2010,1951,1506-AB07,1-case-bug-high-confidence
12,2010,1829b,1506-AB08,1-case-bug-high-confidence
12,2010,1951,1506-AB08,1-case-bug-high-confidence
12,2010,391,1510-AB24,1-case-bug-high-confidence
12,2010,391,1510-AB25,1-case-bug-high-confidence
12,2010,90,1510-AB26,1-case-bug-high-confidence
12,2010,265,1510-AB26,1-case-bug-high-confidence
12,2010,266,1510-AB26,1-case-bug-high-confidence
12,2010,1767,1510-AB26,1-case-bug-high-confidence
12,2010,1789a,1510-AB26,1-case-bug-high-confidence
12,2010,391,1510-AB28,1-case-bug-high-confidence
12,2010,1462a,1550-AC13,1-case-bug-high-confidence
12,2010,1463,1550-AC13,1-case-bug-high-confidence
12,2010,1464,1550-AC13,1-case-bug-high-confidence
12,2010,1828,1550-AC13,1-case-bug-high-confidence
12,2010,1462,1550-AC41,1-case-bug-high-confidence
12,2010,1462a,1550-AC41,1-case-bug-high-confidence
12,2010,1463,1550-AC41,1-case-bug-high-confidence
12,2010,1464,1550-AC41,1-case-bug-high-confidence
12,2010,1467a,1550-AC41,1-case-bug-high-confidence
12,2010,1828,1550-AC41,1-case-bug-high-confidence
12,2010,1462,1550-AC43,1-case-bug-high-confidence
12,2010,1462a,1550-AC43,1-case-bug-high-confidence
12,2010,1463,1550-AC43,1-case-bug-high-confidence
12,2010,1464,1550-AC43,1-case-bug-high-confidence
12,2010,1467a,1550-AC43,1-case-bug-high-confidence
12,2010,1828,1550-AC43,1-case-bug-high-confidence
12,2010,1462,1550-AC44,1-case-bug-high-confidence
12,2010,1462a,1550-AC44,1-case-bug-high-confidence
12,2010,1463,1550-AC44,1-case-bug-high-confidence
12,2010,1464,1550-AC44,1-case-bug-high-confidence
12,2010,1467a,1550-AC44,1-case-bug-high-confidence
12,2010,1701j-3,1550-AC44,1-case-bug-high-confidence
12,2010,1828,1550-AC44,1-case-bug-high-confidence
12,2010,3803,1550-AC44,1-case-bug-high-confidence
12,2010,3806,1550-AC44,1-case-bug-high-confidence
12,2010,1462a,1550-AC26,1-case-bug-high-confidence
12,2010,1463,1550-AC26,1-case-bug-high-confidence
12,2010,1464,1550-AC26,1-case-bug-high-confidence
12,2010,1462a,1550-AC28,1-case-bug-high-confidence
12,2010,1463,1550-AC28,1-case-bug-high-confidence
12,2010,1464,1550-AC28,1-case-bug-high-confidence
12,2010,1462a,1550-AC42,1-case-bug-high-confidence
12,2010,1463,1550-AC42,1-case-bug-high-confidence
12,2010,1464,1550-AC42,1-case-bug-high-confidence
12,2010,1467a,1550-AC42,1-case-bug-high-confidence
12,2010,1814,1550-AC42,1-case-bug-high-confidence
12,2010,1816,1550-AC42,1-case-bug-high-confidence
12,2010,1828,1550-AC42,1-case-bug-high-confidence
12,2010,2901,1550-AC42,1-case-bug-high-confidence
12,2010,1462,1550-AC02,1-case-bug-high-confidence
12,2010,1463,1550-AC02,1-case-bug-high-confidence
12,2010,1464,1550-AC02,1-case-bug-high-confidence
12,2010,1467a,1550-AC02,1-case-bug-high-confidence
12,2010,1828,1550-AC02,1-case-bug-high-confidence
12,2010,1462,1550-AC19,1-case-bug-high-confidence
12,2010,1463,1550-AC19,1-case-bug-high-confidence
12,2010,1464,1550-AC19,1-case-bug-high-confidence
12,2010,1467a,1550-AC19,1-case-bug-high-confidence
12,2010,1828,1550-AC19,1-case-bug-high-confidence
12,2010,375b,1550-AB92,1-case-bug-high-confidence
12,2010,1462,1550-AB92,1-case-bug-high-confidence
12,2010,1463,1550-AB92,1-case-bug-high-confidence
12,2010,1464,1550-AB92,1-case-bug-high-confidence
12,2010,1467a,1550-AB92,1-case-bug-high-confidence
12,2010,1468,1550-AB92,1-case-bug-high-confidence
12,2010,1820,1550-AB92,1-case-bug-high-confidence
12,2010,1828,1550-AB92,1-case-bug-high-confidence
12,2010,1831o,1550-AB92,1-case-bug-high-confidence
12,2010,3806,1550-AB92,1-case-bug-high-confidence
12,2010,1462,1550-AC24,1-case-bug-high-confidence
12,2010,1462a,1550-AC24,1-case-bug-high-confidence
12,2010,1463,1550-AC24,1-case-bug-high-confidence
12,2010,1464,1550-AC24,1-case-bug-high-confidence
12,2010,1467a,1550-AC24,1-case-bug-high-confidence
12,2010,1828,1550-AC24,1-case-bug-high-confidence
12,2010,375b,1550-AC33,1-case-bug-high-confidence
12,2010,1462,1550-AC33,1-case-bug-high-confidence
12,2010,1462a,1550-AC33,1-case-bug-high-confidence
12,2010,1463,1550-AC33,1-case-bug-high-confidence
12,2010,1464,1550-AC33,1-case-bug-high-confidence
12,2010,1467a,1550-AC33,1-case-bug-high-confidence
12,2010,1468,1550-AC33,1-case-bug-high-confidence
12,2010,1817,1550-AC33,1-case-bug-high-confidence
12,2010,1820,1550-AC33,1-case-bug-high-confidence
12,2010,1828,1550-AC33,1-case-bug-high-confidence
12,2010,1831o,1550-AC33,1-case-bug-high-confidence
12,2010,3806,1550-AC33,1-case-bug-high-confidence
12,2010,1462a,1550-AC38,1-case-bug-high-confidence
12,2010,1463,1550-AC38,1-case-bug-high-confidence
12,2010,1464,1550-AC38,1-case-bug-high-confidence
12,2010,1462,1550-AC40,1-case-bug-high-confidence
12,2010,1462a,1550-AC40,1-case-bug-high-confidence
12,2010,1463,1550-AC40,1-case-bug-high-confidence
12,2010,1464,1550-AC40,1-case-bug-high-confidence
12,2010,1467a,1550-AC40,1-case-bug-high-confidence
12,2010,24,1557-AB93,1-case-bug-high-confidence
12,2010,92a,1557-AB93,1-case-bug-high-confidence
12,2010,93a,1557-AB93,1-case-bug-high-confidence
12,2010,1,1557-AC99,1-case-bug-high-confidence
12,2010,93a,1557-AC99,1-case-bug-high-confidence
12,2010,161,1557-AC99,1-case-bug-high-confidence
12,2010,1818,1557-AC99,1-case-bug-high-confidence
12,2010,3907,1557-AC99,1-case-bug-high-confidence
12,2010,3909,1557-AC99,1-case-bug-high-confidence
12,2010,93a,1557-AD31,1-case-bug-high-confidence
12,2010,161,1557-AD31,1-case-bug-high-confidence
12,2010,1818,1557-AD31,1-case-bug-high-confidence
12,2010,1828,1557-AD31,1-case-bug-high-confidence
12,2010,1828,1557-AD31,1-case-bug-high-confidence
12,2010,1835,1557-AD31,1-case-bug-high-confidence
12,2010,3907,1557-AD31,1-case-bug-high-confidence
12,2010,3909,1557-AD31,1-case-bug-high-confidence
12,2010,1,1557-AD33,1-case-bug-high-confidence
12,2010,93a,1557-AD33,1-case-bug-high-confidence
12,2010,161,1557-AD33,1-case-bug-high-confidence
12,2010,1818,1557-AD33,1-case-bug-high-confidence
12,2010,1828,1557-AD33,1-case-bug-high-confidence
12,2010,1828,1557-AD33,1-case-bug-high-confidence
12,2010,1831n,1557-AD33,1-case-bug-high-confidence
12,2010,1835,1557-AD33,1-case-bug-high-confidence
12,2010,3907,1557-AD33,1-case-bug-high-confidence
12,2010,3909,1557-AD33,1-case-bug-high-confidence
12,2010,93a,1557-AD35,1-case-bug-high-confidence
12,2010,161,1557-AD35,1-case-bug-high-confidence
12,2010,1818,1557-AD35,1-case-bug-high-confidence
12,2010,1828,1557-AD35,1-case-bug-high-confidence
12,2010,1828,1557-AD35,1-case-bug-high-confidence
12,2010,1831n,1557-AD35,1-case-bug-high-confidence
12,2010,1835,1557-AD35,1-case-bug-high-confidence
12,2010,3907,1557-AD35,1-case-bug-high-confidence
12,2010,3909,1557-AD35,1-case-bug-high-confidence
12,2010,1,1557-AD36,1-case-bug-high-confidence
12,2010,24,1557-AD36,1-case-bug-high-confidence
12,2010,93a,1557-AD36,1-case-bug-high-confidence
12,2010,161,1557-AD36,1-case-bug-high-confidence
12,2010,602,1557-AD36,1-case-bug-high-confidence
12,2010,1818,1557-AD36,1-case-bug-high-confidence
12,2010,3101,1557-AD36,1-case-bug-high-confidence
12,2010,3901,1557-AD36,1-case-bug-high-confidence
12,2010,24,1557-AD37,1-case-bug-high-confidence
12,2010,92a,1557-AD37,1-case-bug-high-confidence
12,2010,93a,1557-AD16,1-case-bug-high-confidence
12,2010,161,1557-AD16,1-case-bug-high-confidence
12,2010,481,1557-AD16,1-case-bug-high-confidence
12,2010,482,1557-AD16,1-case-bug-high-confidence
12,2010,484,1557-AD16,1-case-bug-high-confidence
12,2010,1442,1557-AD16,1-case-bug-high-confidence
12,2010,1817,1557-AD16,1-case-bug-high-confidence
12,2010,1818,1557-AD16,1-case-bug-high-confidence
12,2010,1820,1557-AD16,1-case-bug-high-confidence
12,2010,1821,1557-AD16,1-case-bug-high-confidence
12,2010,1831m,1557-AD16,1-case-bug-high-confidence
12,2010,1831p-1,1557-AD16,1-case-bug-high-confidence
12,2010,1831o,1557-AD16,1-case-bug-high-confidence
12,2010,1867,1557-AD16,1-case-bug-high-confidence
12,2010,1951,1557-AD16,1-case-bug-high-confidence
12,2010,2601,1557-AD16,1-case-bug-high-confidence
12,2010,2801,1557-AD16,1-case-bug-high-confidence
12,2010,2901,1557-AD16,1-case-bug-high-confidence
12,2010,3101,1557-AD16,1-case-bug-high-confidence
12,2010,3401,1557-AD16,1-case-bug-high-confidence
12,2010,1833e,1557-AD16,1-case-bug-high-confidence
12,2010,93a,1557-AD17,1-case-bug-high-confidence
12,2010,1818,1557-AD17,1-case-bug-high-confidence
12,2010,1881,1557-AD17,1-case-bug-high-confidence
12,2010,3401,1557-AD17,1-case-bug-high-confidence
12,2010,21,1557-AD32,1-case-bug-high-confidence
12,2010,22,1557-AD32,1-case-bug-high-confidence
12,2010,26,1557-AD32,1-case-bug-high-confidence
12,2010,27,1557-AD32,1-case-bug-high-confidence
12,2010,36,1557-AD32,1-case-bug-high-confidence
12,2010,93a,1557-AD32,1-case-bug-high-confidence
12,2010,161,1557-AD32,1-case-bug-high-confidence
12,2010,215,1557-AD32,1-case-bug-high-confidence
12,2010,215a,1557-AD32,1-case-bug-high-confidence
12,2010,481,1557-AD32,1-case-bug-high-confidence
12,2010,1814,1557-AD32,1-case-bug-high-confidence
12,2010,1816,1557-AD32,1-case-bug-high-confidence
12,2010,1828,1557-AD32,1-case-bug-high-confidence
12,2010,1835a,1557-AD32,1-case-bug-high-confidence
12,2010,2901,1557-AD32,1-case-bug-high-confidence
12,2010,3101,1557-AD32,1-case-bug-high-confidence
12,2010,21,1557-AD34,1-case-bug-high-confidence
12,2010,22,1557-AD34,1-case-bug-high-confidence
12,2010,26,1557-AD34,1-case-bug-high-confidence
12,2010,27,1557-AD34,1-case-bug-high-confidence
12,2010,30,1557-AD34,1-case-bug-high-confidence
12,2010,36,1557-AD34,1-case-bug-high-confidence
12,2010,93a,1557-AD34,1-case-bug-high-confidence
12,2010,161,1557-AD34,1-case-bug-high-confidence
12,2010,215,1557-AD34,1-case-bug-high-confidence
12,2010,215a,1557-AD34,1-case-bug-high-confidence
12,2010,481,1557-AD34,1-case-bug-high-confidence
12,2010,1814,1557-AD34,1-case-bug-high-confidence
12,2010,1816,1557-AD34,1-case-bug-high-confidence
12,2010,1828,1557-AD34,1-case-bug-high-confidence
12,2010,1835a,1557-AD34,1-case-bug-high-confidence
12,2010,2901,1557-AD34,1-case-bug-high-confidence
12,2010,3101,1557-AD34,1-case-bug-high-confidence
12,2010,93a,1557-AD07,1-case-bug-high-confidence
12,2010,3907,1557-AD07,1-case-bug-high-confidence
12,2010,3909,1557-AD07,1-case-bug-high-confidence
12,2010,1,1557-AD27,1-case-bug-high-confidence
12,2010,71,1557-AD27,1-case-bug-high-confidence
12,2010,92,1557-AD27,1-case-bug-high-confidence
12,2010,93,1557-AD27,1-case-bug-high-confidence
12,2010,93a,1557-AD27,1-case-bug-high-confidence
12,2010,481,1557-AD27,1-case-bug-high-confidence
12,2010,484,1557-AD27,1-case-bug-high-confidence
12,2010,1818,1557-AD27,1-case-bug-high-confidence
12,2010,93a,1557-AD30,1-case-bug-high-confidence
12,2010,161,1557-AD30,1-case-bug-high-confidence
12,2010,1818,1557-AD30,1-case-bug-high-confidence
12,2010,1828,1557-AD30,1-case-bug-high-confidence
12,2010,1828,1557-AD30,1-case-bug-high-confidence
12,2010,1831n,1557-AD30,1-case-bug-high-confidence
12,2010,1835,1557-AD30,1-case-bug-high-confidence
12,2010,3907,1557-AD30,1-case-bug-high-confidence
12,2010,3909,1557-AD30,1-case-bug-high-confidence
12,2010,1,1557-AD03,1-case-bug-high-confidence
12,2010,84,1557-AD03,1-case-bug-high-confidence
12,2010,93a,1557-AD03,1-case-bug-high-confidence
12,2010,93a,1557-AD18,1-case-bug-high-confidence
12,2010,161,1557-AD18,1-case-bug-high-confidence
12,2010,1818,1557-AD18,1-case-bug-high-confidence
12,2010,1828,1557-AD18,1-case-bug-high-confidence
12,2010,1828,1557-AD18,1-case-bug-high-confidence
12,2010,1831n,1557-AD18,1-case-bug-high-confidence
12,2010,1835,1557-AD18,1-case-bug-high-confidence
12,2010,3907,1557-AD18,1-case-bug-high-confidence
12,2010,3909,1557-AD18,1-case-bug-high-confidence
12,2010,93a,1557-AD22,1-case-bug-high-confidence
12,2010,161,1557-AD22,1-case-bug-high-confidence
12,2010,481,1557-AD22,1-case-bug-high-confidence
12,2010,482,1557-AD22,1-case-bug-high-confidence
12,2010,484,1557-AD22,1-case-bug-high-confidence
12,2010,1442,1557-AD22,1-case-bug-high-confidence
12,2010,1817,1557-AD22,1-case-bug-high-confidence
12,2010,1818,1557-AD22,1-case-bug-high-confidence
12,2010,1820,1557-AD22,1-case-bug-high-confidence
12,2010,1821,1557-AD22,1-case-bug-high-confidence
12,2010,1831m,1557-AD22,1-case-bug-high-confidence
12,2010,1831p-1,1557-AD22,1-case-bug-high-confidence
12,2010,1831o,1557-AD22,1-case-bug-high-confidence
12,2010,1833e,1557-AD22,1-case-bug-high-confidence
12,2010,1867,1557-AD22,1-case-bug-high-confidence
12,2010,1951,1557-AD22,1-case-bug-high-confidence
12,2010,2801,1557-AD22,1-case-bug-high-confidence
12,2010,2901,1557-AD22,1-case-bug-high-confidence
12,2010,3101,1557-AD22,1-case-bug-high-confidence
12,2010,3401,1557-AD22,1-case-bug-high-confidence
12,2010,1,1557-AD23,1-case-bug-high-confidence
12,2010,29,1557-AD23,1-case-bug-high-confidence
12,2010,93a,1557-AD23,1-case-bug-high-confidence
12,2010,371,1557-AD23,1-case-bug-high-confidence
12,2010,1701j-3,1557-AD23,1-case-bug-high-confidence
12,2010,1828,1557-AD23,1-case-bug-high-confidence
12,2010,3331,1557-AD23,1-case-bug-high-confidence
12,2010,21,1557-AD24,1-case-bug-high-confidence
12,2010,22,1557-AD24,1-case-bug-high-confidence
12,2010,26,1557-AD24,1-case-bug-high-confidence
12,2010,27,1557-AD24,1-case-bug-high-confidence
12,2010,30,1557-AD24,1-case-bug-high-confidence
12,2010,36,1557-AD24,1-case-bug-high-confidence
12,2010,93a,1557-AD24,1-case-bug-high-confidence
12,2010,161,1557-AD24,1-case-bug-high-confidence
12,2010,215,1557-AD24,1-case-bug-high-confidence
12,2010,215a,1557-AD24,1-case-bug-high-confidence
12,2010,481,1557-AD24,1-case-bug-high-confidence
12,2010,1814,1557-AD24,1-case-bug-high-confidence
12,2010,1816,1557-AD24,1-case-bug-high-confidence
12,2010,1828,1557-AD24,1-case-bug-high-confidence
12,2010,1835a,1557-AD24,1-case-bug-high-confidence
12,2010,2901,1557-AD24,1-case-bug-high-confidence
12,2010,3101,1557-AD24,1-case-bug-high-confidence
12,2010,2013,3052-AB92,1-case-bug-high-confidence
12,2010,2015,3052-AB92,1-case-bug-high-confidence
12,2010,2018,3052-AB92,1-case-bug-high-confidence
12,2010,2073,3052-AB92,1-case-bug-high-confidence
12,2010,2093,3052-AB92,1-case-bug-high-confidence
12,2010,2122,3052-AB92,1-case-bug-high-confidence
12,2010,2128,3052-AB92,1-case-bug-high-confidence
12,2010,2132,3052-AB92,1-case-bug-high-confidence
12,2010,2146,3052-AB92,1-case-bug-high-confidence
12,2010,2154,3052-AB92,1-case-bug-high-confidence
12,2010,2154a,3052-AB92,1-case-bug-high-confidence
12,2010,2160,3052-AB92,1-case-bug-high-confidence
12,2010,2202b,3052-AB92,1-case-bug-high-confidence
12,2010,2211,3052-AB92,1-case-bug-high-confidence
12,2010,2243,3052-AB92,1-case-bug-high-confidence
12,2010,2252,3052-AB92,1-case-bug-high-confidence
12,2010,2278b,3052-AB92,1-case-bug-high-confidence
12,2010,2278b-6,3052-AB92,1-case-bug-high-confidence
12,2010,2279aa,3052-AB92,1-case-bug-high-confidence
12,2010,2279aa-3,3052-AB92,1-case-bug-high-confidence
12,2010,2279aa-4,3052-AB92,1-case-bug-high-confidence
12,2010,2279aa-6,3052-AB92,1-case-bug-high-confidence
12,2010,2279aa-10,3052-AB92,1-case-bug-high-confidence
12,2010,2279aa-12,3052-AB92,1-case-bug-high-confidence
12,2010,2013,3052-AC25,1-case-bug-high-confidence
12,2010,2015,3052-AC25,1-case-bug-high-confidence
12,2010,2018,3052-AC25,1-case-bug-high-confidence
12,2010,2011,3052-AC41,1-case-bug-high-confidence
12,2010,2012,3052-AC41,1-case-bug-high-confidence
12,2010,2021,3052-AC41,1-case-bug-high-confidence
12,2010,2071,3052-AC41,1-case-bug-high-confidence
12,2010,2011,3052-AC59,1-case-bug-high-confidence
12,2010,2013,3052-AC59,1-case-bug-high-confidence
12,2010,2017,3052-AC59,1-case-bug-high-confidence
12,2010,2013,3052-AC66,1-case-bug-high-confidence
12,2010,2019,3052-AC66,1-case-bug-high-confidence
12,2010,2020,3052-AC66,1-case-bug-high-confidence
12,2010,2073,3052-AC66,1-case-bug-high-confidence
12,2010,2243,3052-AC44,1-case-bug-high-confidence
12,2010,2252,3052-AC44,1-case-bug-high-confidence
12,2010,2254,3052-AC44,1-case-bug-high-confidence
12,2010,2013,3052-AC50,1-case-bug-high-confidence
12,2010,2015,3052-AC50,1-case-bug-high-confidence
12,2010,2018,3052-AC50,1-case-bug-high-confidence
12,2010,2183,3052-AC56,1-case-bug-high-confidence
12,2010,2243,3052-AC56,1-case-bug-high-confidence
12,2010,2252,3052-AC56,1-case-bug-high-confidence
12,2010,2279aa-11,3052-AC56,1-case-bug-high-confidence
12,2010,2013,3052-AC57,1-case-bug-high-confidence
12,2010,2015,3052-AC57,1-case-bug-high-confidence
12,2010,2018,3052-AC57,1-case-bug-high-confidence
12,2010,2019,3052-AC57,1-case-bug-high-confidence
12,2010,2252,3052-AC65,1-case-bug-high-confidence
12,2010,2183,3052-AC51,1-case-bug-high-confidence
12,2010,2243,3052-AC51,1-case-bug-high-confidence
12,2010,2252,3052-AC51,1-case-bug-high-confidence
12,2010,2279aa-11,3052-AC51,1-case-bug-high-confidence
12,2010,2279bb,3052-AC51,1-case-bug-high-confidence
12,2010,2011,3052-AC60,1-case-bug-high-confidence
12,2010,2013,3052-AC60,1-case-bug-high-confidence
12,2010,2252,3052-AC62,1-case-bug-high-confidence
12,2010,2013,3052-AC20,1-case-bug-high-confidence
12,2010,2015,3052-AC20,1-case-bug-high-confidence
12,2010,2017,3052-AC20,1-case-bug-high-confidence
12,2010,2013,3052-AC42,1-case-bug-high-confidence
12,2010,2015,3052-AC42,1-case-bug-high-confidence
12,2010,2018,3052-AC42,1-case-bug-high-confidence
12,2010,2073,3052-AC42,1-case-bug-high-confidence
12,2010,2252,3052-AC46,1-case-bug-high-confidence
12,2010,2013,3052-AC43,1-case-bug-high-confidence
12,2010,2015,3052-AC43,1-case-bug-high-confidence
12,2010,2154,3052-AC43,1-case-bug-high-confidence
12,2010,2252,3052-AC43,1-case-bug-high-confidence
12,2010,2013,3052-AC52,1-case-bug-high-confidence
12,2010,2015,3052-AC52,1-case-bug-high-confidence
12,2010,2017,3052-AC52,1-case-bug-high-confidence
12,2010,2018,3052-AC52,1-case-bug-high-confidence
12,2010,2252,3052-AC53,1-case-bug-high-confidence
12,2010,2013,3052-AC61,1-case-bug-high-confidence
12,2010,2015,3052-AC61,1-case-bug-high-confidence
12,2010,2018,3052-AC61,1-case-bug-high-confidence
12,2010,2019,3052-AC61,1-case-bug-high-confidence
12,2010,2252,3052-AC63,1-case-bug-high-confidence
12,2010,2252,3052-AC64,1-case-bug-high-confidence
12,2010,1818,3064-AD40,1-case-bug-high-confidence
12,2010,1819,3064-AD40,1-case-bug-high-confidence
12,2010,1813,3064-AD33,1-case-bug-high-confidence
12,2010,1813,3064-AD33,1-case-bug-high-confidence
12,2010,1817,3064-AD33,1-case-bug-high-confidence
12,2010,1818,3064-AD33,1-case-bug-high-confidence
12,2010,1814,3064-AD45,1-case-bug-high-confidence
12,2010,1819,3064-AD45,1-case-bug-high-confidence
12,2010,1828,3064-AD45,1-case-bug-high-confidence
12,2010,2901,3064-AD45,1-case-bug-high-confidence
12,2010,1821,3064-AD53,1-case-bug-high-confidence
12,2010,1821,3064-AD53,1-case-bug-high-confidence
12,2010,1821,3064-AD53,1-case-bug-high-confidence
12,2010,1821,3064-AD53,1-case-bug-high-confidence
12,2010,1821,3064-AD53,1-case-bug-high-confidence
12,2010,1823,3064-AD53,1-case-bug-high-confidence
12,2010,1823,3064-AD53,1-case-bug-high-confidence
12,2010,1817,3064-AD56,1-case-bug-high-confidence
12,2010,1441,3064-AD57,1-case-bug-high-confidence
12,2010,1813,3064-AD57,1-case-bug-high-confidence
12,2010,1815,3064-AD57,1-case-bug-high-confidence
12,2010,1821,3064-AD57,1-case-bug-high-confidence
12,2010,1817,3064-AD59,1-case-bug-high-confidence
12,2010,1818,3064-AD59,1-case-bug-high-confidence
12,2010,1818,3064-AD59,1-case-bug-high-confidence
12,2010,1819,3064-AD59,1-case-bug-high-confidence
12,2010,1815,3064-AD10,1-case-bug-high-confidence
12,2010,1815,3064-AD10,1-case-bug-high-confidence
12,2010,1816,3064-AD10,1-case-bug-high-confidence
12,2010,1818,3064-AD10,1-case-bug-high-confidence
12,2010,1815,3064-AD34,1-case-bug-high-confidence
12,2010,1815,3064-AD34,1-case-bug-high-confidence
12,2010,1816,3064-AD34,1-case-bug-high-confidence
12,2010,1818,3064-AD34,1-case-bug-high-confidence
12,2010,1819,3064-AC95,1-case-bug-high-confidence
12,2010,1820,3064-AC95,1-case-bug-high-confidence
12,2010,1831d,3064-AC95,1-case-bug-high-confidence
12,2010,2901,3064-AC97,1-case-bug-high-confidence
12,2010,1811,3064-AD15,1-case-bug-high-confidence
12,2010,1815,3064-AD15,1-case-bug-high-confidence
12,2010,1819,3064-AD15,1-case-bug-high-confidence
12,2010,1820,3064-AD15,1-case-bug-high-confidence
12,2010,3108,3064-AD15,1-case-bug-high-confidence
12,2010,3207,3064-AD15,1-case-bug-high-confidence
12,2010,1833e,3064-AD23,1-case-bug-high-confidence
12,2010,1815,3064-AD29,1-case-bug-high-confidence
12,2010,1815,3064-AD29,1-case-bug-high-confidence
12,2010,1816,3064-AD29,1-case-bug-high-confidence
12,2010,1818,3064-AD29,1-case-bug-high-confidence
12,2010,1818,3064-AD29,1-case-bug-high-confidence
12,2010,1818,3064-AD29,1-case-bug-high-confidence
12,2010,1819,3064-AD29,1-case-bug-high-confidence
12,2010,1828,3064-AD29,1-case-bug-high-confidence
12,2010,1831f,3064-AD41,1-case-bug-high-confidence
12,2010,1831f,3064-AD41,1-case-bug-high-confidence
12,2010,1828,3064-AD43,1-case-bug-high-confidence
12,2010,5105,3064-AD43,1-case-bug-high-confidence
12,2010,1815,3064-AD48,1-case-bug-high-confidence
12,2010,1816,3064-AD48,1-case-bug-high-confidence
12,2010,1818,3064-AD48,1-case-bug-high-confidence
12,2010,1441,3064-AD49,1-case-bug-high-confidence
12,2010,1813,3064-AD49,1-case-bug-high-confidence
12,2010,1815,3064-AD49,1-case-bug-high-confidence
12,2010,1817,3064-AD49,1-case-bug-high-confidence
12,2010,21,3064-AD60,1-case-bug-high-confidence
12,2010,22,3064-AD60,1-case-bug-high-confidence
12,2010,26,3064-AD60,1-case-bug-high-confidence
12,2010,27,3064-AD60,1-case-bug-high-confidence
12,2010,1424,2590-AA39,1-case-bug-high-confidence
12,2010,4518,2590-AA08,1-case-bug-high-confidence
12,2010,4526,2590-AA08,1-case-bug-high-confidence
12,2010,4511,2590-AA13,1-case-bug-high-confidence
12,2010,4513,2590-AA13,1-case-bug-high-confidence
12,2010,4519,2590-AA13,1-case-bug-high-confidence
12,2010,1440,2590-AA35,1-case-bug-high-confidence
12,2010,1440a,2590-AA35,1-case-bug-high-confidence
12,2010,4511,2590-AA35,1-case-bug-high-confidence
12,2010,4514,2590-AA35,1-case-bug-high-confidence
12,2010,4517,2590-AA35,1-case-bug-high-confidence
12,2010,4511,2590-AA36,1-case-bug-high-confidence
12,2010,4513,2590-AA36,1-case-bug-high-confidence
12,2010,1431,2590-AA36,1-case-bug-high-confidence
12,2010,1435,2590-AA36,1-case-bug-high-confidence
12,2010,1446,2590-AA37,1-case-bug-high-confidence
12,2010,4511,2590-AA37,1-case-bug-high-confidence
12,2010,1430,2590-AA38,1-case-bug-high-confidence
12,2010,4511,2590-AA38,1-case-bug-high-confidence
12,2010,4513,2590-AA38,1-case-bug-high-confidence
12,2010,4513,2590-AA01,1-case-bug-high-confidence
12,2010,4526,2590-AA01,1-case-bug-high-confidence
12,2010,4612,2590-AA01,1-case-bug-high-confidence
12,2010,4513b,2590-AA10,1-case-bug-high-confidence
12,2010,1427,2590-AA12,1-case-bug-high-confidence
12,2010,1431,2590-AA12,1-case-bug-high-confidence
12,2010,1452,2590-AA12,1-case-bug-high-confidence
12,2010,1455,2590-AA12,1-case-bug-high-confidence
12,2010,4502,2590-AA12,1-case-bug-high-confidence
12,2010,4513,2590-AA12,1-case-bug-high-confidence
12,2010,4514,2590-AA12,1-case-bug-high-confidence
12,2010,4517,2590-AA12,1-case-bug-high-confidence
12,2010,4518,2590-AA12,1-case-bug-high-confidence
12,2010,4526,2590-AA12,1-case-bug-high-confidence
12,2010,4631,2590-AA12,1-case-bug-high-confidence
12,2010,4632,2590-AA12,1-case-bug-high-confidence
12,2010,4636,2590-AA12,1-case-bug-high-confidence
12,2010,1719,2590-AA12,1-case-bug-high-confidence
12,2010,1723a,2590-AA12,1-case-bug-high-confidence
12,2010,4501,2590-AA14,1-case-bug-high-confidence
12,2010,4503,2590-AA14,1-case-bug-high-confidence
12,2010,4511,2590-AA14,1-case-bug-high-confidence
12,2010,4513,2590-AA14,1-case-bug-high-confidence
12,2010,4513b,2590-AA14,1-case-bug-high-confidence
12,2010,4517,2590-AA14,1-case-bug-high-confidence
12,2010,4526,2590-AA14,1-case-bug-high-confidence
12,2010,4581,2590-AA14,1-case-bug-high-confidence
12,2010,4585,2590-AA14,1-case-bug-high-confidence
12,2010,4631,2590-AA14,1-case-bug-high-confidence
12,2010,1430c,2590-AA16,1-case-bug-high-confidence
12,2010,4541,2590-AA17,1-case-bug-high-confidence
12,2010,4526,2590-AA17,1-case-bug-high-confidence
12,2010,4517,2590-AA20,1-case-bug-high-confidence
12,2010,4624,2590-AA22,1-case-bug-high-confidence
12,2010,4513,2590-AA23,1-case-bug-high-confidence
12,2010,4526,2590-AA23,1-case-bug-high-confidence
12,2010,4617,2590-AA23,1-case-bug-high-confidence
12,2010,1426,2590-AA24,1-case-bug-high-confidence
12,2010,1429,2590-AA24,1-case-bug-high-confidence
12,2010,1430,2590-AA24,1-case-bug-high-confidence
12,2010,1431,2590-AA24,1-case-bug-high-confidence
12,2010,1432,2590-AA24,1-case-bug-high-confidence
12,2010,4511,2590-AA24,1-case-bug-high-confidence
12,2010,4513,2590-AA24,1-case-bug-high-confidence
12,2010,4526,2590-AA24,1-case-bug-high-confidence
12,2010,4565,2590-AA27,1-case-bug-high-confidence
12,2010,4520,2590-AA28,1-case-bug-high-confidence
12,2010,4526,2590-AA28,1-case-bug-high-confidence
12,2010,1833e,2590-AA28,1-case-bug-high-confidence
12,2010,4511,2590-AA32,1-case-bug-high-confidence
12,2010,4513,2590-AA32,1-case-bug-high-confidence
12,2010,4526,2590-AA32,1-case-bug-high-confidence
12,2010,1429,2590-AA32,1-case-bug-high-confidence
12,2010,1430,2590-AA32,1-case-bug-high-confidence
12,2010,1430b,2590-AA32,1-case-bug-high-confidence
12,2010,1431,2590-AA32,1-case-bug-high-confidence
12,2010,1436,2590-AA32,1-case-bug-high-confidence
12,2010,4513,2590-AA06,1-case-bug-high-confidence
12,2010,4522,2590-AA06,1-case-bug-high-confidence
12,2010,4526,2590-AA06,1-case-bug-high-confidence
12,2010,4639,2590-AA06,1-case-bug-high-confidence
12,2010,4526,2590-AA15,1-case-bug-high-confidence
12,2010,1430,2590-AA04,1-case-bug-high-confidence
12,2010,4501,2590-AA26,1-case-bug-high-confidence
12,2010,4502,2590-AA26,1-case-bug-high-confidence
12,2010,4511,2590-AA26,1-case-bug-high-confidence
12,2010,4513,2590-AA26,1-case-bug-high-confidence
12,2010,4526,2590-AA26,1-case-bug-high-confidence
12,2010,4561,2590-AA26,1-case-bug-high-confidence
12,2010,4603,2590-AA26,1-case-bug-high-confidence
12,2010,1431,2590-AA30,1-case-bug-high-confidence
12,2010,1440,2590-AA30,1-case-bug-high-confidence
12,2010,4511,2590-AA30,1-case-bug-high-confidence
12,2010,4513,2590-AA30,1-case-bug-high-confidence
12,2010,4514,2590-AA30,1-case-bug-high-confidence
12,2010,4526,2590-AA30,1-case-bug-high-confidence
12,2010,1426,2590-AA30,1-case-bug-high-confidence
12,2010,1141j,3072-AC34,1-case-bug-high-confidence
12,2010,208,7100-AD53,1-case-bug-high-confidence
12,2010,2804,7100-AD51,1-case-bug-high-confidence
12,2010,1828,7100-AC73,1-case-bug-high-confidence
12,2010,24,7100-AD23,1-case-bug-high-confidence
12,2010,36,7100-AD23,1-case-bug-high-confidence
12,2010,1817,7100-AD23,1-case-bug-high-confidence
12,2010,1818,7100-AD23,1-case-bug-high-confidence
12,2010,335,7100-AC69,1-case-bug-high-confidence
12,2010,1835a,7100-AC69,1-case-bug-high-confidence
12,2010,3806,7100-AD34,1-case-bug-high-confidence
12,2010,2901,7100-AD39,1-case-bug-high-confidence
12,2010,321,7100-AD50,1-case-bug-high-confidence
12,2010,325,7100-AD50,1-case-bug-high-confidence
12,2010,1828,7100-AD50,1-case-bug-high-confidence
12,2010,1842,7100-AD50,1-case-bug-high-confidence
12,2010,2901,7100-AD50,1-case-bug-high-confidence
12,2010,4802,7100-AD46,1-case-bug-high-confidence
12,2010,461,7100-AD44,1-case-bug-high-confidence
12,2010,461,7100-AD48,1-case-bug-high-confidence
12,2010,342,7100-AD48,1-case-bug-high-confidence
12,2010,501,7100-AD32,1-case-bug-high-confidence
12,2010,1829b,7100-AD03,1-case-bug-high-confidence
12,2010,1951,7100-AD03,1-case-bug-high-confidence
12,2010,1811,3084-AA99,1-case-bug-high-confidence
12,2010,1757,3133-AD46,1-case-bug-high-confidence
12,2010,1757,3133-AD46,1-case-bug-high-confidence
12,2010,1757,3133-AD46,1-case-bug-high-confidence
12,2010,1757,3133-AD66,1-case-bug-high-confidence
12,2010,1766,3133-AD66,1-case-bug-high-confidence
12,2010,1781,3133-AD66,1-case-bug-high-confidence
12,2010,1790d,3133-AD66,1-case-bug-high-confidence
12,2010,1756,3133-AD69,1-case-bug-high-confidence
12,2010,1766,3133-AD69,1-case-bug-high-confidence
12,2010,1785,3133-AD69,1-case-bug-high-confidence
12,2010,1789,3133-AD69,1-case-bug-high-confidence
12,2010,1761,3133-AD74,1-case-bug-high-confidence
12,2010,1762,3133-AD74,1-case-bug-high-confidence
12,2010,1766,3133-AD74,1-case-bug-high-confidence
12,2010,1781,3133-AD74,1-case-bug-high-confidence
12,2010,1789,3133-AD74,1-case-bug-high-confidence
12,2010,1757,3133-AD76,1-case-bug-high-confidence
12,2010,1752,3133-AD77,1-case-bug-high-confidence
12,2010,1755,3133-AD77,1-case-bug-high-confidence
12,2010,1761a,3133-AD77,1-case-bug-high-confidence
12,2010,1766,3133-AD77,1-case-bug-high-confidence
12,2010,1782,3133-AD77,1-case-bug-high-confidence
12,2010,1784,3133-AD77,1-case-bug-high-confidence
12,2010,1786,3133-AD77,1-case-bug-high-confidence
12,2010,1789,3133-AD77,1-case-bug-high-confidence
12,2010,1753,3133-AD80,1-case-bug-high-confidence
12,2010,1758,3133-AD80,1-case-bug-high-confidence
12,2010,1766,3133-AD80,1-case-bug-high-confidence
12,2010,1752,3133-AD40,1-case-bug-high-confidence
12,2010,1766,3133-AD40,1-case-bug-high-confidence
12,2010,1785,3133-AD40,1-case-bug-high-confidence
12,2010,1786,3133-AD40,1-case-bug-high-confidence
12,2010,1789,3133-AD40,1-case-bug-high-confidence
12,2010,1757,3133-AD41,1-case-bug-high-confidence
12,2010,1789,3133-AD41,1-case-bug-high-confidence
12,2010,1766,3133-AD58,1-case-bug-high-confidence
12,2010,1752,3133-AD68,1-case-bug-high-confidence
12,2010,1755,3133-AD68,1-case-bug-high-confidence
12,2010,1757a,3133-AD68,1-case-bug-high-confidence
12,2010,1759,3133-AD68,1-case-bug-high-confidence
12,2010,1761a,3133-AD68,1-case-bug-high-confidence
12,2010,1766,3133-AD68,1-case-bug-high-confidence
12,2010,1782,3133-AD68,1-case-bug-high-confidence
12,2010,1784,3133-AD68,1-case-bug-high-confidence
12,2010,1787,3133-AD68,1-case-bug-high-confidence
12,2010,1789,3133-AD68,1-case-bug-high-confidence
12,2010,4301,3133-AD72,1-case-bug-high-confidence
12,2010,4311,3133-AD72,1-case-bug-high-confidence
12,2010,1757,3133-AD73,1-case-bug-high-confidence
12,2010,1766,3133-AD73,1-case-bug-high-confidence
12,2010,1781,3133-AD73,1-case-bug-high-confidence
12,2010,1786,3133-AD73,1-case-bug-high-confidence
12,2010,1790d,3133-AD73,1-case-bug-high-confidence
12,2010,1757,3133-AD75,1-case-bug-high-confidence
12,2010,1752,3133-AD79,1-case-bug-high-confidence
12,2010,1757,3133-AD79,1-case-bug-high-confidence
12,2010,1765,3133-AD79,1-case-bug-high-confidence
12,2010,1781,3133-AD79,1-case-bug-high-confidence
12,2010,1787,3133-AD79,1-case-bug-high-confidence
12,2010,1789,3133-AD79,1-case-bug-high-confidence
12,2010,3335,3133-AD38,1-case-bug-high-confidence
12,2010,1757,3133-AD38,1-case-bug-high-confidence
12,2010,1768,3133-AD38,1-case-bug-high-confidence
12,2010,1766,3133-AD70,1-case-bug-high-confidence
12,2010,1786,3133-AD70,1-case-bug-high-confidence
12,2010,5101,3133-AD59,1-case-bug-high-confidence
12,2010,1752,3133-AD65,1-case-bug-high-confidence
12,2010,1755,3133-AD65,1-case-bug-high-confidence
12,2010,1761a,3133-AD65,1-case-bug-high-confidence
12,2010,1766,3133-AD65,1-case-bug-high-confidence
12,2010,1782,3133-AD65,1-case-bug-high-confidence
12,2010,1784,3133-AD65,1-case-bug-high-confidence
12,2010,1786,3133-AD65,1-case-bug-high-confidence
12,2010,1789,3133-AD65,1-case-bug-high-confidence
12,2010,1752,3133-AD67,1-case-bug-high-confidence
12,2010,1755,3133-AD67,1-case-bug-high-confidence
12,2010,1761a,3133-AD67,1-case-bug-high-confidence
12,2010,1761b,3133-AD67,1-case-bug-high-confidence
12,2010,1766,3133-AD67,1-case-bug-high-confidence
12,2010,1782,3133-AD67,1-case-bug-high-confidence
12,2010,1784,3133-AD67,1-case-bug-high-confidence
12,2010,1786,3133-AD67,1-case-bug-high-confidence
12,2010,1789,3133-AD67,1-case-bug-high-confidence
12,2010,1757,3133-AD71,1-case-bug-high-confidence
12,2010,1752,3133-AD78,1-case-bug-high-confidence
12,2010,1757,3133-AD78,1-case-bug-high-confidence
12,2010,1766,3133-AD78,1-case-bug-high-confidence
12,2010,1781,3133-AD78,1-case-bug-high-confidence
12,2010,1785,3133-AD78,1-case-bug-high-confidence
12,2010,1787,3133-AD78,1-case-bug-high-confidence
12,2010,1789,3133-AD78,1-case-bug-high-confidence
35,2012,2,0651-AC66,1-case-bug-high-confidence
35,2012,2,0651-AC67,1-case-bug-high-confidence
35,2012,2,0651-AC68,1-case-bug-high-confidence
35,2012,2,0651-AC69,1-case-bug-high-confidence
35,2012,135,0651-AC70,1-case-bug-high-confidence
35,2012,2,0651-AC70,1-case-bug-high-confidence
35,2012,21,0651-AC70,1-case-bug-high-confidence
35,2012,23,0651-AC70,1-case-bug-high-confidence
35,2012,311,0651-AC70,1-case-bug-high-confidence
35,2012,321,0651-AC70,1-case-bug-high-confidence
35,2012,41,0651-AC70,1-case-bug-high-confidence
35,2012,6,0651-AC70,1-case-bug-high-confidence
35,2012,2,0651-AC71,1-case-bug-high-confidence
35,2012,21,0651-AC71,1-case-bug-high-confidence
35,2012,23,0651-AC71,1-case-bug-high-confidence
35,2012,329,0651-AC71,1-case-bug-high-confidence
35,2012,41,0651-AC71,1-case-bug-high-confidence
35,2012,6,0651-AC71,1-case-bug-high-confidence
35,2012,2,0651-AC72,1-case-bug-high-confidence
35,2012,2,0651-AC73,1-case-bug-high-confidence
35,2012,135,0651-AC74,1-case-bug-high-confidence
35,2012,2,0651-AC74,1-case-bug-high-confidence
35,2012,21,0651-AC74,1-case-bug-high-confidence
35,2012,23,0651-AC74,1-case-bug-high-confidence
35,2012,41,0651-AC74,1-case-bug-high-confidence
35,2012,6,0651-AC74,1-case-bug-high-confidence
35,2012,2,0651-AC75,1-case-bug-high-confidence
35,2012,21,0651-AC75,1-case-bug-high-confidence
35,2012,23,0651-AC75,1-case-bug-high-confidence
35,2012,321,0651-AC75,1-case-bug-high-confidence
35,2012,41,0651-AC75,1-case-bug-high-confidence
35,2012,6,0651-AC75,1-case-bug-high-confidence
35,2012,2,0651-AC76,1-case-bug-high-confidence
35,2012,32,0651-AC76,1-case-bug-high-confidence
35,2012,2,0651-AC80,1-case-bug-high-confidence
38,2012,2402,0702-AA63,1-case-bug-high-confidence
38,2012,2409,0702-AA63,1-case-bug-high-confidence
38,2012,2410,0702-AA63,1-case-bug-high-confidence
38,2012,2411,0702-AA63,1-case-bug-high-confidence
38,2012,2413,0702-AA63,1-case-bug-high-confidence
40,2012,9102,0702-AA63,1-case-bug-high-confidence
33,2012,1319,0710-AA66,1-case-bug-high-confidence
33,2012,1344,0710-AA60,1-case-bug-high-confidence
33,2012,401,0710-AA60,1-case-bug-high-confidence
33,2012,1413,0710-AA60,1-case-bug-high-confidence
33,2012,621,0710-AA69,1-case-bug-high-confidence
33,2012,401,0710-AA70,1-case-bug-high-confidence
33,2012,1344,0710-AA70,1-case-bug-high-confidence
33,2012,1413,0710-AA70,1-case-bug-high-confidence
33,2012,1344,0710-AA71,1-case-bug-high-confidence
33,2012,403,0710-AA71,1-case-bug-high-confidence
41,2012,1303,0750-AG47,1-case-bug-high-confidence
41,2012,1303,0750-AH76,1-case-bug-high-confidence
41,2012,1303,0750-AH83,1-case-bug-high-confidence
41,2012,1303,0750-AH84,1-case-bug-high-confidence
41,2012,1303,0750-AH85,1-case-bug-high-confidence
41,2012,1303,0750-AH86,1-case-bug-high-confidence
41,2012,1303,0750-AG40,1-case-bug-high-confidence
41,2012,1303,0750-AG95,1-case-bug-high-confidence
41,2012,1303,0750-AH45,1-case-bug-high-confidence
41,2012,1303,0750-AH47,1-case-bug-high-confidence
41,2012,1303,0750-AH49,1-case-bug-high-confidence
41,2012,1303,0750-AH54,1-case-bug-high-confidence
41,2012,1303,0750-AH57,1-case-bug-high-confidence
41,2012,1303,0750-AH58,1-case-bug-high-confidence
41,2012,1303,0750-AH63,1-case-bug-high-confidence
41,2012,1303,0750-AH64,1-case-bug-high-confidence
41,2012,1303,0750-AH69,1-case-bug-high-confidence
41,2012,1303,0750-AH70,1-case-bug-high-confidence
41,2012,1303,0750-AH72,1-case-bug-high-confidence
41,2012,1303,0750-AH73,1-case-bug-high-confidence
41,2012,1303,0750-AH78,1-case-bug-high-confidence
41,2012,1303,0750-AH79,1-case-bug-high-confidence
41,2012,1303,0750-AH80,1-case-bug-high-confidence
41,2012,1303,0750-AH81,1-case-bug-high-confidence
41,2012,1303,0750-AH82,1-case-bug-high-confidence
41,2012,1303,0750-AG58,1-case-bug-high-confidence
41,2012,1303,0750-AG83,1-case-bug-high-confidence
41,2012,1303,0750-AG94,1-case-bug-high-confidence
41,2012,1303,0750-AG96,1-case-bug-high-confidence
41,2012,1303,0750-AG99,1-case-bug-high-confidence
41,2012,1303,0750-AH11,1-case-bug-high-confidence
41,2012,1303,0750-AH19,1-case-bug-high-confidence
41,2012,1303,0750-AH28,1-case-bug-high-confidence
41,2012,134,0750-AH29,1-case-bug-high-confidence
41,2012,1303,0750-AH38,1-case-bug-high-confidence
41,2012,1303,0750-AH39,1-case-bug-high-confidence
41,2012,1303,0750-AH40,1-case-bug-high-confidence
41,2012,1303,0750-AH41,1-case-bug-high-confidence
41,2012,1303,0750-AH42,1-case-bug-high-confidence
41,2012,1905,0750-AH43,1-case-bug-high-confidence
41,2012,1906,0750-AH43,1-case-bug-high-confidence
41,2012,1707,0750-AH43,1-case-bug-high-confidence
41,2012,1707,0750-AH44,1-case-bug-high-confidence
41,2012,1303,0750-AH46,1-case-bug-high-confidence
41,2012,1303,0750-AH48,1-case-bug-high-confidence
41,2012,1303,0750-AH50,1-case-bug-high-confidence
41,2012,1303,0750-AH51,1-case-bug-high-confidence
41,2012,1303,0750-AH52,1-case-bug-high-confidence
41,2012,1303,0750-AH53,1-case-bug-high-confidence
41,2012,1303,0750-AH55,1-case-bug-high-confidence
41,2012,1303,0750-AH56,1-case-bug-high-confidence
41,2012,1303,0750-AH59,1-case-bug-high-confidence
41,2012,1303,0750-AH61,1-case-bug-high-confidence
41,2012,1303,0750-AH65,1-case-bug-high-confidence
41,2012,1908,0750-AH65,1-case-bug-high-confidence
41,2012,1303,0750-AH66,1-case-bug-high-confidence
41,2012,1303,0750-AH67,1-case-bug-high-confidence
41,2012,1303,0750-AH68,1-case-bug-high-confidence
41,2012,1707,0750-AH68,1-case-bug-high-confidence
41,2012,1303,0750-AH71,1-case-bug-high-confidence
41,2012,1303,0750-AH75,1-case-bug-high-confidence
35,2012,200,1990-AA42,1-case-bug-high-confidence
35,2012,207,1990-AA41,1-case-bug-high-confidence
38,2012,501,2900-AN70,1-case-bug-high-confidence
38,2012,503,2900-AN70,1-case-bug-high-confidence
38,2012,512,2900-AN70,1-case-bug-high-confidence
38,2012,501,2900-AN89,1-case-bug-high-confidence
38,2012,501,2900-AO13,1-case-bug-high-confidence
38,2012,1114,2900-AO16,1-case-bug-high-confidence
38,2012,501,2900-AO29,1-case-bug-high-confidence
38,2012,3901,2900-AO31,1-case-bug-high-confidence
38,2012,1118,2900-AO32,1-case-bug-high-confidence
38,2012,501,2900-AO42,1-case-bug-high-confidence
38,2012,1965,2900-AO42,1-case-bug-high-confidence
38,2012,1155,2900-AO44,1-case-bug-high-confidence
38,2012,1977,2900-AO55,1-case-bug-high-confidence
38,2012,111,2900-AO11,1-case-bug-high-confidence
38,2012,501,2900-AO15,1-case-bug-high-confidence
38,2012,1717,2900-AO15,1-case-bug-high-confidence
38,2012,1717,2900-AO17,1-case-bug-high-confidence
38,2012,1705,2900-AO21,1-case-bug-high-confidence
38,2012,101,2900-AO25,1-case-bug-high-confidence
38,2012,106,2900-AO25,1-case-bug-high-confidence
38,2012,501,2900-AO34,1-case-bug-high-confidence
38,2012,7601,2900-AO34,1-case-bug-high-confidence
38,2012,7633,2900-AO34,1-case-bug-high-confidence
38,2012,7634,2900-AO34,1-case-bug-high-confidence
38,2012,7636,2900-AO34,1-case-bug-high-confidence
40,2012,3103,2900-AO39,1-case-bug-high-confidence
38,2012,8502,2900-AO41,1-case-bug-high-confidence
38,2012,1703,2900-AO46,1-case-bug-high-confidence
38,2012,2044,2900-AO50,1-case-bug-high-confidence
38,2012,501,2900-AO52,1-case-bug-high-confidence
38,2012,1721,2900-AO52,1-case-bug-high-confidence
38,2012,8127,2900-AM92,1-case-bug-high-confidence
38,2012,8127,2900-AO23,1-case-bug-high-confidence
38,2012,501,2900-AO49,1-case-bug-high-confidence
38,2012,513,2900-AO49,1-case-bug-high-confidence
38,2012,8127,2900-AO49,1-case-bug-high-confidence
38,2012,501,2900-AN67,1-case-bug-high-confidence
38,2012,5121a,2900-AN91,1-case-bug-high-confidence
38,2012,501,2900-AO48,1-case-bug-high-confidence
38,2012,501,2900-AN40,1-case-bug-high-confidence
38,2012,1965,2900-AN40,1-case-bug-high-confidence
38,2012,501,2900-AO07,1-case-bug-high-confidence
38,2012,2001,2900-AN81,1-case-bug-high-confidence
38,2012,1702,2900-AN87,1-case-bug-high-confidence
38,2012,5303a,2900-AN87,1-case-bug-high-confidence
38,2012,1712a,2900-AN92,1-case-bug-high-confidence
38,2012,501,2900-AN94,1-case-bug-high-confidence
38,2012,1720g,2900-AN94,1-case-bug-high-confidence
38,2012,1703,2900-AN98,1-case-bug-high-confidence
38,2012,1710,2900-AN98,1-case-bug-high-confidence
38,2012,1712,2900-AN99,1-case-bug-high-confidence
38,2012,101,2900-AO36,1-case-bug-high-confidence
38,2012,501,2900-AO36,1-case-bug-high-confidence
38,2012,1710,2900-AO36,1-case-bug-high-confidence
38,2012,1741,2900-AO36,1-case-bug-high-confidence
38,2012,101,2900-AO37,1-case-bug-high-confidence
38,2012,501,2900-AO37,1-case-bug-high-confidence
38,2012,1710,2900-AO37,1-case-bug-high-confidence
38,2012,1741,2900-AO37,1-case-bug-high-confidence
38,2012,5701,2900-AO45,1-case-bug-high-confidence
38,2012,1703,2900-AO47,1-case-bug-high-confidence
38,2012,501,2900-AO51,1-case-bug-high-confidence
38,2012,101,2900-AO54,1-case-bug-high-confidence
38,2012,501,2900-AO54,1-case-bug-high-confidence
38,2012,1744,2900-AO54,1-case-bug-high-confidence
38,2012,1710,2900-AO57,1-case-bug-high-confidence
38,2012,1720,2900-AO57,1-case-bug-high-confidence
38,2012,1741,2900-AO57,1-case-bug-high-confidence
38,2012,1155,2900-AO19,1-case-bug-high-confidence
38,2012,501,2900-AO43,1-case-bug-high-confidence
38,2012,2408,2900-AN90,1-case-bug-high-confidence
38,2012,2402,2900-AO12,1-case-bug-high-confidence
38,2012,501,2900-AN97,1-case-bug-high-confidence
40,2012,121,2900-AN97,1-case-bug-high-confidence
38,2012,501,2900-AO33,1-case-bug-high-confidence
38,2012,1155,2900-AN12,1-case-bug-high-confidence
38,2012,501,2900-AN28,1-case-bug-high-confidence
38,2012,1312,2900-AN28,1-case-bug-high-confidence
38,2012,501,2900-AN46,1-case-bug-high-confidence
38,2012,501,2900-AN46,1-case-bug-high-confidence
38,2012,1155,2900-AN60,1-case-bug-high-confidence
38,2012,501,2900-AN61,1-case-bug-high-confidence
38,2012,5307,2900-AN61,1-case-bug-high-confidence
38,2012,501,2900-AN75,1-case-bug-high-confidence
38,2012,3703,2900-AN78,1-case-bug-high-confidence
38,2012,501,2900-AO00,1-case-bug-high-confidence
38,2012,1117,2900-AO09,1-case-bug-high-confidence
38,2012,501,2900-AO10,1-case-bug-high-confidence
38,2012,3108,2900-AO10,1-case-bug-high-confidence
38,2012,3115,2900-AO10,1-case-bug-high-confidence
38,2012,3015,2900-AO10,1-case-bug-high-confidence
38,2012,3022,2900-AO10,1-case-bug-high-confidence
38,2012,3680,2900-AO10,1-case-bug-high-confidence
38,2012,501,2900-AO20,1-case-bug-high-confidence
38,2012,1965,2900-AO20,1-case-bug-high-confidence
38,2012,1318,2900-AO22,1-case-bug-high-confidence
38,2012,501,2900-AO24,1-case-bug-high-confidence
38,2012,1967,2900-AO24,1-case-bug-high-confidence
38,2012,1977,2900-AO24,1-case-bug-high-confidence
38,2012,1965,2900-AO30,1-case-bug-high-confidence
38,2012,1311,2900-AO38,1-case-bug-high-confidence
38,2012,501,2900-AN42,1-case-bug-high-confidence
38,2012,1725,2900-AN49,1-case-bug-high-confidence
38,2012,1728,2900-AN49,1-case-bug-high-confidence
38,2012,1714,2900-AN51,1-case-bug-high-confidence
38,2012,101,2900-AN77,1-case-bug-high-confidence
38,2012,501,2900-AN77,1-case-bug-high-confidence
38,2012,1710,2900-AN77,1-case-bug-high-confidence
38,2012,1742,2900-AN77,1-case-bug-high-confidence
38,2012,8105,2900-AN77,1-case-bug-high-confidence
38,2012,8131,2900-AN77,1-case-bug-high-confidence
38,2012,501,2900-AN79,1-case-bug-high-confidence
38,2012,1708,2900-AN79,1-case-bug-high-confidence
38,2012,501,2900-AN80,1-case-bug-high-confidence
38,2012,1730,2900-AN80,1-case-bug-high-confidence
38,2012,1710,2900-AN82,1-case-bug-high-confidence
38,2012,1741,2900-AN82,1-case-bug-high-confidence
38,2012,1745,2900-AN82,1-case-bug-high-confidence
38,2012,1725,2900-AN86,1-case-bug-high-confidence
38,2012,7332,2900-AN95,1-case-bug-high-confidence
38,2012,101,2900-AO02,1-case-bug-high-confidence
38,2012,501,2900-AO02,1-case-bug-high-confidence
38,2012,1710,2900-AO02,1-case-bug-high-confidence
38,2012,1741,2900-AO02,1-case-bug-high-confidence
38,2012,1703,2900-AO03,1-case-bug-high-confidence
38,2012,1710,2900-AO03,1-case-bug-high-confidence
38,2012,1710,2900-AO04,1-case-bug-high-confidence
38,2012,1710,2900-AO26,1-case-bug-high-confidence
38,2012,1710,2900-AO27,1-case-bug-high-confidence
38,2012,501,2900-AO28,1-case-bug-high-confidence
38,2012,1722a,2900-AO28,1-case-bug-high-confidence
33,2012,1314,2020-AA47,1-case-bug-high-confidence
33,2012,1361,2020-AA47,1-case-bug-high-confidence
33,2012,1251,2040-AF43,1-case-bug-high-confidence
33,2012,1251,2040-AF13,1-case-bug-high-confidence
33,2012,1311,2040-AF14,1-case-bug-high-confidence
33,2012,1314,2040-AF14,1-case-bug-high-confidence
33,2012,1316,2040-AF14,1-case-bug-high-confidence
33,2012,1317,2040-AF14,1-case-bug-high-confidence
33,2012,1318,2040-AF14,1-case-bug-high-confidence
33,2012,1342,2040-AF14,1-case-bug-high-confidence
33,2012,1361,2040-AF14,1-case-bug-high-confidence
33,2012,1251,2040-AF16,1-case-bug-high-confidence
33,2012,1251,2040-AF21,1-case-bug-high-confidence
33,2012,1251,2040-AF25,1-case-bug-high-confidence
33,2012,1251,2040-AF30,1-case-bug-high-confidence
33,2012,1251,2040-AF39,1-case-bug-high-confidence
33,2012,1313,2040-AF33,1-case-bug-high-confidence
33,2012,1251,2040-AF42,1-case-bug-high-confidence
33,2012,1322,2040-AD39,1-case-bug-high-confidence
33,2012,1361,2040-AD39,1-case-bug-high-confidence
33,2012,1342,2040-AF05,1-case-bug-high-confidence
33,2012,1362,2040-AF05,1-case-bug-high-confidence
33,2012,1251,2040-AF27,1-case-bug-high-confidence
33,2012,1311,2040-AF27,1-case-bug-high-confidence
33,2012,1314,2040-AF27,1-case-bug-high-confidence
33,2012,1316,2040-AF27,1-case-bug-high-confidence
33,2012,1318,2040-AF27,1-case-bug-high-confidence
33,2012,1342,2040-AF27,1-case-bug-high-confidence
33,2012,1361,2040-AF27,1-case-bug-high-confidence
33,2012,1341,2040-AF27,1-case-bug-high-confidence
33,2012,1370,2040-AF27,1-case-bug-high-confidence
33,2012,1311,2040-AF35,1-case-bug-high-confidence
33,2012,1314,2040-AF35,1-case-bug-high-confidence
33,2012,1316,2040-AF35,1-case-bug-high-confidence
33,2012,1317,2040-AF35,1-case-bug-high-confidence
33,2012,1318,2040-AF35,1-case-bug-high-confidence
33,2012,1342,2040-AF35,1-case-bug-high-confidence
33,2012,1361,2040-AF35,1-case-bug-high-confidence
33,2012,1251,2040-AF09,1-case-bug-high-confidence
33,2012,1314,2040-AF09,1-case-bug-high-confidence
33,2012,1361,2040-AF09,1-case-bug-high-confidence
33,2012,1251,2040-AF22,1-case-bug-high-confidence
33,2012,1311,2040-AF22,1-case-bug-high-confidence
33,2012,1342,2040-AF22,1-case-bug-high-confidence
33,2012,1362,2040-AF22,1-case-bug-high-confidence
33,2012,1318,2040-AF22,1-case-bug-high-confidence
33,2012,1319,2040-AF22,1-case-bug-high-confidence
33,2012,1251,2040-AF36,1-case-bug-high-confidence
33,2012,1313,2040-AF38,1-case-bug-high-confidence
33,2012,1251,2040-AF40,1-case-bug-high-confidence
33,2012,1311,2040-AF40,1-case-bug-high-confidence
33,2012,1314,2040-AF40,1-case-bug-high-confidence
33,2012,1316,2040-AF40,1-case-bug-high-confidence
33,2012,1317,2040-AF40,1-case-bug-high-confidence
33,2012,1318,2040-AF40,1-case-bug-high-confidence
33,2012,1342,2040-AF40,1-case-bug-high-confidence
33,2012,1361,2040-AF40,1-case-bug-high-confidence
33,2012,1251,2040-AF41,1-case-bug-high-confidence
33,2012,1321,2050-AE87,1-case-bug-high-confidence
33,2012,1321,2050-AE87,1-case-bug-high-confidence
33,2012,1321,2050-AE87,1-case-bug-high-confidence
33,2012,1345,2050-AE81,1-case-bug-high-confidence
33,2012,1345,2050-AE81,1-case-bug-high-confidence
33,2012,1321,2050-AG73,1-case-bug-high-confidence
33,2012,1321,2050-AG69,1-case-bug-high-confidence
26,2003,6050,1545-AY35,4-genuine-era-mismatch
26,2003,6050,1545-AY50,4-genuine-era-mismatch
26,2003,925,1545-AI16,4-genuine-era-mismatch
26,2003,927,1545-AI16,4-genuine-era-mismatch
40,2003,486,2900-AI99,4-genuine-era-mismatch
40,2003,486,2030-AA37,4-genuine-era-mismatch
40,2003,486,2030-AA84,4-genuine-era-mismatch
40,2003,486,2030-AA85,4-genuine-era-mismatch
40,2003,486,9000-AJ15,4-genuine-era-mismatch
40,2003,486,9000-AJ48,4-genuine-era-mismatch
40,2003,486,9000-AJ56,4-genuine-era-mismatch
40,2003,486,9000-AJ57,4-genuine-era-mismatch
40,2003,486,9000-AJ59,4-genuine-era-mismatch
40,2003,486,9000-AJ62,4-genuine-era-mismatch
40,2003,486,9000-AH60,4-genuine-era-mismatch
40,2003,486,9000-AI70,4-genuine-era-mismatch
40,2003,486,9000-AJ21,4-genuine-era-mismatch
40,2003,486,9000-AJ38,4-genuine-era-mismatch
40,2003,486,9000-AJ51,4-genuine-era-mismatch
40,2003,486,9000-AJ55,4-genuine-era-mismatch
40,2003,486,9000-AJ60,4-genuine-era-mismatch
40,2003,486,9000-AJ63,4-genuine-era-mismatch
40,2003,486,9000-AJ65,4-genuine-era-mismatch
40,2003,486,9000-AI94,4-genuine-era-mismatch
40,2003,486,9000-AI99,4-genuine-era-mismatch
40,2003,486,9000-AJ17,4-genuine-era-mismatch
40,2003,486,9000-AJ20,4-genuine-era-mismatch
40,2003,486,9000-AJ30,4-genuine-era-mismatch
40,2003,486,9000-AJ33,4-genuine-era-mismatch
40,2003,486,9000-AJ34,4-genuine-era-mismatch
40,2003,486,9000-AJ35,4-genuine-era-mismatch
40,2003,486,9000-AJ36,4-genuine-era-mismatch
40,2003,486,9000-AJ40,4-genuine-era-mismatch
40,2003,486,9000-AJ42,4-genuine-era-mismatch
40,2003,486,9000-AJ44,4-genuine-era-mismatch
40,2003,486,9000-AJ45,4-genuine-era-mismatch
40,2003,486,9000-AJ46,4-genuine-era-mismatch
40,2003,486,9000-AJ47,4-genuine-era-mismatch
40,2003,486,9000-AJ50,4-genuine-era-mismatch
40,2003,486,9000-AJ53,4-genuine-era-mismatch
40,2003,486,9000-AJ54,4-genuine-era-mismatch
40,2003,486,9000-AJ58,4-genuine-era-mismatch
40,2003,486,9000-AJ61,4-genuine-era-mismatch
40,2003,1424,3090-AG03,4-genuine-era-mismatch
40,2003,484,3090-AH11,4-genuine-era-mismatch
40,2003,481,3090-AH31,4-genuine-era-mismatch
40,2003,483,3090-AH31,4-genuine-era-mismatch
40,2003,486,3090-AG33,4-genuine-era-mismatch
40,2003,486,3090-AH67,4-genuine-era-mismatch
40,2003,476,3090-AH47,4-genuine-era-mismatch
40,2003,476,3090-AH48,4-genuine-era-mismatch
40,2003,486,2700-AC57,4-genuine-era-mismatch
41,2003,6101,3135-AA17,4-genuine-era-mismatch
40,2003,486,3206-AI65,4-genuine-era-mismatch
40,2003,486,3206-AJ10,4-genuine-era-mismatch
40,2003,486,3206-AJ20,4-genuine-era-mismatch
40,2003,486,3206-AK07,4-genuine-era-mismatch
40,2004,484,0596-AB61,4-genuine-era-mismatch
40,2004,486,0599-AA11,4-genuine-era-mismatch
50,2004,1710,0694-AB25,4-genuine-era-mismatch
10,2004,301,0790-AH70,4-genuine-era-mismatch
20,2004,1141,0790-AF59,4-genuine-era-mismatch
40,2004,486,1991-AB54,4-genuine-era-mismatch
40,2004,486,1992-AA34,4-genuine-era-mismatch
40,2004,486,1994-AA00,4-genuine-era-mismatch
40,2004,486,2535-AA26,4-genuine-era-mismatch
18,2004,5006,1120-AB07,4-genuine-era-mismatch
18,2004,4161,1120-AB18,4-genuine-era-mismatch
18,2004,5006,1120-AB18,4-genuine-era-mismatch
18,2004,5006,1120-AB24,4-genuine-era-mismatch
18,2004,5006,1120-AB26,4-genuine-era-mismatch
18,2004,4161,1120-AB27,4-genuine-era-mismatch
18,2004,5006,1120-AB27,4-genuine-era-mismatch
18,2004,5006,1120-AA11,4-genuine-era-mismatch
18,2004,5006,1120-AA33,4-genuine-era-mismatch
18,2004,5006,1120-AA39,4-genuine-era-mismatch
18,2004,5006,1120-AA49,4-genuine-era-mismatch
18,2004,4161,1120-AA62,4-genuine-era-mismatch
18,2004,5006,1120-AA62,4-genuine-era-mismatch
18,2004,5006,1120-AA85,4-genuine-era-mismatch
18,2004,4161,1120-AA85,4-genuine-era-mismatch
18,2004,4201,1120-AA85,4-genuine-era-mismatch
18,2004,4161,1120-AA86,4-genuine-era-mismatch
18,2004,5006,1120-AA86,4-genuine-era-mismatch
18,2004,5006,1120-AA88,4-genuine-era-mismatch
18,2004,5006,1120-AA90,4-genuine-era-mismatch
18,2004,4251,1120-AA95,4-genuine-era-mismatch
18,2004,5006,1120-AA95,4-genuine-era-mismatch
18,2004,5006,1120-AA96,4-genuine-era-mismatch
18,2004,5006,1120-AA98,4-genuine-era-mismatch
18,2004,4161,1120-AB05,4-genuine-era-mismatch
18,2004,5006,1120-AB05,4-genuine-era-mismatch
18,2004,5006,1120-AB06,4-genuine-era-mismatch
18,2004,4161,1120-AB08,4-genuine-era-mismatch
18,2004,5006,1120-AB08,4-genuine-era-mismatch
18,2004,4161,1120-AB11,4-genuine-era-mismatch
18,2004,5006,1120-AB11,4-genuine-era-mismatch
18,2004,4161,1120-AB12,4-genuine-era-mismatch
18,2004,5006,1120-AB12,4-genuine-era-mismatch
18,2004,4161,1120-AB13,4-genuine-era-mismatch
18,2004,5006,1120-AB13,4-genuine-era-mismatch
18,2004,223,1120-AB14,4-genuine-era-mismatch
18,2004,5006,1120-AB14,4-genuine-era-mismatch
18,2004,4161,1120-AB16,4-genuine-era-mismatch
18,2004,5006,1120-AB16,4-genuine-era-mismatch
18,2004,4161,1120-AB17,4-genuine-era-mismatch
18,2004,5006,1120-AB17,4-genuine-era-mismatch
18,2004,5006,1120-AB20,4-genuine-era-mismatch
18,2004,4161,1120-AB21,4-genuine-era-mismatch
18,2004,4201,1120-AB21,4-genuine-era-mismatch
18,2004,5006,1120-AB21,4-genuine-era-mismatch
18,2004,5006,1120-AB22,4-genuine-era-mismatch
18,2004,5006,1120-AB23,4-genuine-era-mismatch
18,2004,5006,1120-AB29,4-genuine-era-mismatch
18,2004,5006,1120-AB04,4-genuine-era-mismatch
18,2004,4161,1120-AB30,4-genuine-era-mismatch
18,2004,5006,1120-AB30,4-genuine-era-mismatch
8,2004,1375b,1125-AA45,4-genuine-era-mismatch
40,2004,333,1218-AB89,4-genuine-era-mismatch
40,2004,333,1218-AC01,4-genuine-era-mismatch
40,2004,333,1218-AB47,4-genuine-era-mismatch
40,2004,333,1218-AB67,4-genuine-era-mismatch
40,2004,333,1218-AC14,4-genuine-era-mismatch
40,2004,333,1218-AB77,4-genuine-era-mismatch
40,2004,486,1291-AA34,4-genuine-era-mismatch
49,2004,1301,2120-AI20,4-genuine-era-mismatch
49,2004,1303,2120-AI20,4-genuine-era-mismatch
46,2004,301,2133-AB55,4-genuine-era-mismatch
26,2004,601,1545-BD38,4-genuine-era-mismatch
26,2004,6050,1545-AY35,4-genuine-era-mismatch
26,2004,1024,1545-BB12,4-genuine-era-mismatch
26,2004,925,1545-AI16,4-genuine-era-mismatch
26,2004,927,1545-AI16,4-genuine-era-mismatch
26,2004,6050,1545-AY50,4-genuine-era-mismatch
26,2004,6152,1545-BC53,4-genuine-era-mismatch
38,2004,1822,2900-AL82,4-genuine-era-mismatch
40,2004,486,2030-AA37,4-genuine-era-mismatch
40,2004,486,2030-AA85,4-genuine-era-mismatch
40,2004,486,2030-AA88,4-genuine-era-mismatch
40,2004,486,2030-AA84,4-genuine-era-mismatch
40,2004,486,9000-AI70,4-genuine-era-mismatch
40,2004,486,9000-AJ15,4-genuine-era-mismatch
40,2004,486,9000-AJ38,4-genuine-era-mismatch
40,2004,486,9000-AJ65,4-genuine-era-mismatch
40,2004,486,9000-AJ21,4-genuine-era-mismatch
40,2004,486,9000-AJ51,4-genuine-era-mismatch
40,2004,486,9000-AJ63,4-genuine-era-mismatch
40,2004,486,9000-AJ83,4-genuine-era-mismatch
40,2004,486,9000-AH60,4-genuine-era-mismatch
40,2004,486,9000-AJ48,4-genuine-era-mismatch
40,2004,486,9000-AJ56,4-genuine-era-mismatch
40,2004,486,9000-AJ57,4-genuine-era-mismatch
40,2004,486,9000-AJ59,4-genuine-era-mismatch
40,2004,486,9000-AJ60,4-genuine-era-mismatch
40,2004,486,9000-AJ62,4-genuine-era-mismatch
40,2004,476,3090-AH47,4-genuine-era-mismatch
40,2004,476,3090-AH48,4-genuine-era-mismatch
40,2004,486,3206-AJ10,4-genuine-era-mismatch
40,2004,486,3206-AJ20,4-genuine-era-mismatch
40,2004,484,0596-AB61,4-genuine-era-mismatch
40,2004,486,0599-AA11,4-genuine-era-mismatch
20,2004,1141,0790-AF59,4-genuine-era-mismatch
10,2004,301,0790-AH70,4-genuine-era-mismatch
40,2004,486,1994-AA00,4-genuine-era-mismatch
6,2004,301,1601-AA25,4-genuine-era-mismatch
40,2004,486,2535-AA26,4-genuine-era-mismatch
18,2004,4161,1120-AB18,4-genuine-era-mismatch
18,2004,5006,1120-AB18,4-genuine-era-mismatch
18,2004,5006,1120-AB26,4-genuine-era-mismatch
18,2004,5006,1120-AB31,4-genuine-era-mismatch
18,2004,5006,1120-AA11,4-genuine-era-mismatch
18,2004,5006,1120-AA33,4-genuine-era-mismatch
18,2004,5006,1120-AA39,4-genuine-era-mismatch
18,2004,5006,1120-AA49,4-genuine-era-mismatch
18,2004,4161,1120-AA62,4-genuine-era-mismatch
18,2004,5006,1120-AA62,4-genuine-era-mismatch
18,2004,5006,1120-AA85,4-genuine-era-mismatch
18,2004,4161,1120-AA85,4-genuine-era-mismatch
18,2004,4201,1120-AA85,4-genuine-era-mismatch
18,2004,5006,1120-AA88,4-genuine-era-mismatch
18,2004,5006,1120-AA90,4-genuine-era-mismatch
18,2004,4251,1120-AA95,4-genuine-era-mismatch
18,2004,5006,1120-AA95,4-genuine-era-mismatch
18,2004,5006,1120-AA96,4-genuine-era-mismatch
18,2004,5006,1120-AA98,4-genuine-era-mismatch
18,2004,4161,1120-AB05,4-genuine-era-mismatch
18,2004,5006,1120-AB05,4-genuine-era-mismatch
18,2004,5006,1120-AB06,4-genuine-era-mismatch
18,2004,5006,1120-AB07,4-genuine-era-mismatch
18,2004,4161,1120-AB08,4-genuine-era-mismatch
18,2004,5006,1120-AB08,4-genuine-era-mismatch
18,2004,4161,1120-AB11,4-genuine-era-mismatch
18,2004,5006,1120-AB11,4-genuine-era-mismatch
18,2004,4161,1120-AB12,4-genuine-era-mismatch
18,2004,5006,1120-AB12,4-genuine-era-mismatch
18,2004,4161,1120-AB13,4-genuine-era-mismatch
18,2004,5006,1120-AB13,4-genuine-era-mismatch
18,2004,223,1120-AB14,4-genuine-era-mismatch
18,2004,5006,1120-AB14,4-genuine-era-mismatch
18,2004,4161,1120-AB17,4-genuine-era-mismatch
18,2004,5006,1120-AB17,4-genuine-era-mismatch
18,2004,5006,1120-AB20,4-genuine-era-mismatch
18,2004,4161,1120-AB21,4-genuine-era-mismatch
18,2004,4201,1120-AB21,4-genuine-era-mismatch
18,2004,5006,1120-AB21,4-genuine-era-mismatch
18,2004,4161,1120-AB27,4-genuine-era-mismatch
18,2004,5006,1120-AB27,4-genuine-era-mismatch
18,2004,5006,1120-AB29,4-genuine-era-mismatch
18,2004,4161,1120-AA86,4-genuine-era-mismatch
18,2004,5006,1120-AA86,4-genuine-era-mismatch
18,2004,4161,1120-AB16,4-genuine-era-mismatch
18,2004,5006,1120-AB16,4-genuine-era-mismatch
18,2004,5006,1120-AB24,4-genuine-era-mismatch
8,2004,1375b,1125-AA45,4-genuine-era-mismatch
40,2004,333,1218-AB47,4-genuine-era-mismatch
40,2004,333,1218-AB67,4-genuine-era-mismatch
40,2004,333,1218-AC01,4-genuine-era-mismatch
40,2004,333,1218-AB77,4-genuine-era-mismatch
40,2004,333,1218-AC14,4-genuine-era-mismatch
40,2004,333,1218-AC15,4-genuine-era-mismatch
40,2004,333,1218-AB89,4-genuine-era-mismatch
49,2004,1301,2120-AI20,4-genuine-era-mismatch
49,2004,1303,2120-AI20,4-genuine-era-mismatch
46,2004,301,2133-AB55,4-genuine-era-mismatch
26,2004,6050,1545-AY35,4-genuine-era-mismatch
26,2004,1024,1545-BB12,4-genuine-era-mismatch
26,2004,925,1545-AI16,4-genuine-era-mismatch
26,2004,927,1545-AI16,4-genuine-era-mismatch
26,2004,601,1545-BD38,4-genuine-era-mismatch
38,2004,1822,2900-AL82,4-genuine-era-mismatch
40,2004,486,2030-AA88,4-genuine-era-mismatch
40,2004,486,2030-AA37,4-genuine-era-mismatch
40,2004,486,2030-AA84,4-genuine-era-mismatch
40,2004,486,2030-AA85,4-genuine-era-mismatch
40,2004,486,9000-AI70,4-genuine-era-mismatch
40,2004,486,9000-AJ21,4-genuine-era-mismatch
40,2004,486,9000-AJ38,4-genuine-era-mismatch
40,2004,486,9000-AJ15,4-genuine-era-mismatch
40,2004,486,9000-AJ51,4-genuine-era-mismatch
40,2004,486,9000-AJ63,4-genuine-era-mismatch
40,2004,486,9000-AJ65,4-genuine-era-mismatch
40,2004,486,9000-AJ83,4-genuine-era-mismatch
40,2004,476,3090-AH47,4-genuine-era-mismatch
40,2004,476,3090-AH48,4-genuine-era-mismatch
40,2004,486,3206-AJ10,4-genuine-era-mismatch
40,2004,486,3206-AJ20,4-genuine-era-mismatch
40,2005,484,0596-AB61,4-genuine-era-mismatch
40,2005,486,0599-AA12,4-genuine-era-mismatch
40,2005,486,0599-AA11,4-genuine-era-mismatch
5,2005,7154,0702-AA45,4-genuine-era-mismatch
10,2005,2489a,0790-AH86,4-genuine-era-mismatch
20,2005,1141,0790-AF59,4-genuine-era-mismatch
10,2005,301,0790-AH70,4-genuine-era-mismatch
40,2005,486,1991-AB69,4-genuine-era-mismatch
40,2005,486,1994-AA00,4-genuine-era-mismatch
6,2005,301,1601-AA25,4-genuine-era-mismatch
49,2005,44932,1652-AA24,4-genuine-era-mismatch
40,2005,271,1660-AA42,4-genuine-era-mismatch
40,2005,486,2535-AA26,4-genuine-era-mismatch
18,2005,4161,1120-AB18,4-genuine-era-mismatch
18,2005,5006,1120-AB18,4-genuine-era-mismatch
18,2005,5006,1120-AB26,4-genuine-era-mismatch
18,2005,5006,1120-AB31,4-genuine-era-mismatch
18,2005,5006,1120-AB33,4-genuine-era-mismatch
18,2005,5006,1120-AB34,4-genuine-era-mismatch
18,2005,5006,1120-AA11,4-genuine-era-mismatch
18,2005,5006,1120-AA33,4-genuine-era-mismatch
18,2005,5006,1120-AA39,4-genuine-era-mismatch
18,2005,5006,1120-AA49,4-genuine-era-mismatch
18,2005,4161,1120-AA62,4-genuine-era-mismatch
18,2005,5006,1120-AA62,4-genuine-era-mismatch
18,2005,5006,1120-AA85,4-genuine-era-mismatch
18,2005,4161,1120-AA85,4-genuine-era-mismatch
18,2005,4201,1120-AA85,4-genuine-era-mismatch
18,2005,5006,1120-AA90,4-genuine-era-mismatch
18,2005,4251,1120-AA95,4-genuine-era-mismatch
18,2005,5006,1120-AA95,4-genuine-era-mismatch
18,2005,5006,1120-AA98,4-genuine-era-mismatch
18,2005,4161,1120-AB05,4-genuine-era-mismatch
18,2005,5006,1120-AB05,4-genuine-era-mismatch
18,2005,5006,1120-AB06,4-genuine-era-mismatch
18,2005,5006,1120-AB07,4-genuine-era-mismatch
18,2005,4161,1120-AB08,4-genuine-era-mismatch
18,2005,5006,1120-AB08,4-genuine-era-mismatch
18,2005,4161,1120-AB11,4-genuine-era-mismatch
18,2005,5006,1120-AB11,4-genuine-era-mismatch
18,2005,4161,1120-AB12,4-genuine-era-mismatch
18,2005,5006,1120-AB12,4-genuine-era-mismatch
18,2005,4161,1120-AB13,4-genuine-era-mismatch
18,2005,5006,1120-AB13,4-genuine-era-mismatch
18,2005,223,1120-AB14,4-genuine-era-mismatch
18,2005,5006,1120-AB14,4-genuine-era-mismatch
18,2005,4161,1120-AB17,4-genuine-era-mismatch
18,2005,5006,1120-AB17,4-genuine-era-mismatch
18,2005,5006,1120-AB20,4-genuine-era-mismatch
18,2005,4161,1120-AB21,4-genuine-era-mismatch
18,2005,4201,1120-AB21,4-genuine-era-mismatch
18,2005,5006,1120-AB21,4-genuine-era-mismatch
18,2005,5006,1120-AB29,4-genuine-era-mismatch
18,2005,5006,1120-AA88,4-genuine-era-mismatch
18,2005,5006,1120-AA96,4-genuine-era-mismatch
18,2005,4161,1120-AB27,4-genuine-era-mismatch
18,2005,5006,1120-AB27,4-genuine-era-mismatch
8,2005,1375b,1125-AA45,4-genuine-era-mismatch
40,2005,333,1218-AC01,4-genuine-era-mismatch
40,2005,333,1218-AB47,4-genuine-era-mismatch
40,2005,333,1218-AB67,4-genuine-era-mismatch
40,2005,333,1218-AB77,4-genuine-era-mismatch
40,2005,333,1218-AC14,4-genuine-era-mismatch
40,2005,333,1218-AC15,4-genuine-era-mismatch
40,2005,333,1218-AB89,4-genuine-era-mismatch
49,2005,1301,2120-AI20,4-genuine-era-mismatch
49,2005,1303,2120-AI20,4-genuine-era-mismatch
26,2005,5021,1513-AB05,4-genuine-era-mismatch
26,2005,1024,1545-BB12,4-genuine-era-mismatch
26,2005,925,1545-AI16,4-genuine-era-mismatch
26,2005,927,1545-AI16,4-genuine-era-mismatch
26,2005,6050,1545-AY35,4-genuine-era-mismatch
26,2005,601,1545-BD38,4-genuine-era-mismatch
38,2005,1822,2900-AL82,4-genuine-era-mismatch
40,2005,486,2030-AA88,4-genuine-era-mismatch
40,2005,486,2030-AA37,4-genuine-era-mismatch
40,2005,486,2030-AA84,4-genuine-era-mismatch
40,2005,486,9000-AJ21,4-genuine-era-mismatch
40,2005,486,9000-AJ38,4-genuine-era-mismatch
40,2005,486,9000-AI70,4-genuine-era-mismatch
40,2005,486,3206-AI65,4-genuine-era-mismatch
40,2005,486,3206-AJ10,4-genuine-era-mismatch
40,2005,486,3206-AJ20,4-genuine-era-mismatch
40,2005,484,0596-AB61,4-genuine-era-mismatch
40,2005,486,0599-AA12,4-genuine-era-mismatch
5,2005,7154,0702-AA45,4-genuine-era-mismatch
10,2005,2489a,0790-AH86,4-genuine-era-mismatch
20,2005,1141,0790-AF59,4-genuine-era-mismatch
10,2005,301,0790-AH70,4-genuine-era-mismatch
40,2005,486,1991-AB69,4-genuine-era-mismatch
40,2005,486,1994-AA00,4-genuine-era-mismatch
6,2005,301,1601-AA25,4-genuine-era-mismatch
40,2005,271,1660-AA42,4-genuine-era-mismatch
40,2005,486,2535-AA26,4-genuine-era-mismatch
40,2005,486,2535-AA27,4-genuine-era-mismatch
18,2005,5006,1120-AB26,4-genuine-era-mismatch
18,2005,5006,1120-AB31,4-genuine-era-mismatch
18,2005,5006,1120-AB33,4-genuine-era-mismatch
18,2005,5006,1120-AB34,4-genuine-era-mismatch
18,2005,5006,1120-AB35,4-genuine-era-mismatch
18,2005,5006,1120-AB37,4-genuine-era-mismatch
18,2005,5006,1120-AB38,4-genuine-era-mismatch
18,2005,5006,1120-AA11,4-genuine-era-mismatch
18,2005,4161,1120-AA62,4-genuine-era-mismatch
18,2005,5006,1120-AA62,4-genuine-era-mismatch
18,2005,5006,1120-AA85,4-genuine-era-mismatch
18,2005,4161,1120-AA85,4-genuine-era-mismatch
18,2005,4201,1120-AA85,4-genuine-era-mismatch
18,2005,5006,1120-AA90,4-genuine-era-mismatch
18,2005,4251,1120-AA95,4-genuine-era-mismatch
18,2005,5006,1120-AA95,4-genuine-era-mismatch
18,2005,5006,1120-AA98,4-genuine-era-mismatch
18,2005,4161,1120-AB05,4-genuine-era-mismatch
18,2005,5006,1120-AB05,4-genuine-era-mismatch
18,2005,5006,1120-AB07,4-genuine-era-mismatch
18,2005,4161,1120-AB12,4-genuine-era-mismatch
18,2005,5006,1120-AB12,4-genuine-era-mismatch
18,2005,4161,1120-AB13,4-genuine-era-mismatch
18,2005,5006,1120-AB13,4-genuine-era-mismatch
18,2005,223,1120-AB14,4-genuine-era-mismatch
18,2005,5006,1120-AB14,4-genuine-era-mismatch
18,2005,4161,1120-AB18,4-genuine-era-mismatch
18,2005,5006,1120-AB18,4-genuine-era-mismatch
18,2005,5006,1120-AB20,4-genuine-era-mismatch
18,2005,5006,1120-AB36,4-genuine-era-mismatch
18,2005,5006,1120-AA33,4-genuine-era-mismatch
18,2005,5006,1120-AA39,4-genuine-era-mismatch
18,2005,5006,1120-AB06,4-genuine-era-mismatch
18,2005,4161,1120-AB08,4-genuine-era-mismatch
18,2005,5006,1120-AB08,4-genuine-era-mismatch
18,2005,5006,1120-AA49,4-genuine-era-mismatch
18,2005,4161,1120-AB11,4-genuine-era-mismatch
18,2005,5006,1120-AB11,4-genuine-era-mismatch
18,2005,4161,1120-AB17,4-genuine-era-mismatch
18,2005,5006,1120-AB17,4-genuine-era-mismatch
18,2005,4161,1120-AB21,4-genuine-era-mismatch
18,2005,4201,1120-AB21,4-genuine-era-mismatch
18,2005,5006,1120-AB21,4-genuine-era-mismatch
18,2005,5006,1120-AB29,4-genuine-era-mismatch
8,2005,1375b,1125-AA45,4-genuine-era-mismatch
40,2005,333,1218-AC01,4-genuine-era-mismatch
40,2005,333,1218-AB47,4-genuine-era-mismatch
40,2005,333,1218-AB67,4-genuine-era-mismatch
40,2005,333,1218-AB77,4-genuine-era-mismatch
40,2005,333,1218-AC14,4-genuine-era-mismatch
40,2005,333,1218-AC15,4-genuine-era-mismatch
40,2005,333,1218-AB89,4-genuine-era-mismatch
49,2005,1301,2120-AI20,4-genuine-era-mismatch
49,2005,1303,2120-AI20,4-genuine-era-mismatch
26,2005,5021,1513-AB05,4-genuine-era-mismatch
26,2005,925,1545-AI16,4-genuine-era-mismatch
26,2005,927,1545-AI16,4-genuine-era-mismatch
26,2005,1024,1545-BB12,4-genuine-era-mismatch
38,2005,1822,2900-AL82,4-genuine-era-mismatch
40,2005,486,2030-AA88,4-genuine-era-mismatch
40,2005,486,2030-AA37,4-genuine-era-mismatch
40,2005,486,2030-AA84,4-genuine-era-mismatch
40,2005,486,9000-AJ21,4-genuine-era-mismatch
40,2005,486,9000-AK21,4-genuine-era-mismatch
40,2005,486,9000-AJ38,4-genuine-era-mismatch
40,2005,481,3090-AI16,4-genuine-era-mismatch
40,2005,486,3206-AJ20,4-genuine-era-mismatch
40,2005,486,3206-AI65,4-genuine-era-mismatch
40,2005,486,3206-AJ10,4-genuine-era-mismatch
40,2006,484,0596-AB61,4-genuine-era-mismatch
40,2006,486,0599-AA12,4-genuine-era-mismatch
46,2006,466c,0694-AD07,4-genuine-era-mismatch
46,2006,466c,0694-AD55,4-genuine-era-mismatch
46,2006,466c,0694-AD64,4-genuine-era-mismatch
46,2006,466c,0694-AC71,4-genuine-era-mismatch
5,2006,7154,0702-AA45,4-genuine-era-mismatch
10,2006,301,0790-AH70,4-genuine-era-mismatch
10,2006,2489a,0790-AH86,4-genuine-era-mismatch
20,2006,1141,0790-AF59,4-genuine-era-mismatch
40,2006,486,1991-AB69,4-genuine-era-mismatch
40,2006,486,1994-AA00,4-genuine-era-mismatch
6,2006,301,1601-AA25,4-genuine-era-mismatch
46,2006,3,1651-AA45,4-genuine-era-mismatch
46,2006,91,1651-AA45,4-genuine-era-mismatch
46,2006,3,1651-AA62,4-genuine-era-mismatch
40,2006,271,1660-AA42,4-genuine-era-mismatch
40,2006,486,2535-AA26,4-genuine-era-mismatch
40,2006,486,2535-AA27,4-genuine-era-mismatch
18,2006,5006,1120-AB26,4-genuine-era-mismatch
18,2006,5006,1120-AB31,4-genuine-era-mismatch
18,2006,5006,1120-AB33,4-genuine-era-mismatch
18,2006,5006,1120-AB34,4-genuine-era-mismatch
18,2006,5006,1120-AB35,4-genuine-era-mismatch
18,2006,5006,1120-AB37,4-genuine-era-mismatch
18,2006,5006,1120-AB38,4-genuine-era-mismatch
18,2006,5006,1120-AB40,4-genuine-era-mismatch
18,2006,5006,1120-AB41,4-genuine-era-mismatch
18,2006,4161,1120-AB42,4-genuine-era-mismatch
18,2006,5006,1120-AA33,4-genuine-era-mismatch
18,2006,5006,1120-AA39,4-genuine-era-mismatch
18,2006,4161,1120-AA62,4-genuine-era-mismatch
18,2006,5006,1120-AA62,4-genuine-era-mismatch
18,2006,5006,1120-AA85,4-genuine-era-mismatch
18,2006,4161,1120-AA85,4-genuine-era-mismatch
18,2006,4201,1120-AA85,4-genuine-era-mismatch
18,2006,5006,1120-AA90,4-genuine-era-mismatch
18,2006,4251,1120-AA95,4-genuine-era-mismatch
18,2006,5006,1120-AA95,4-genuine-era-mismatch
18,2006,5006,1120-AA98,4-genuine-era-mismatch
18,2006,4161,1120-AB05,4-genuine-era-mismatch
18,2006,5006,1120-AB05,4-genuine-era-mismatch
18,2006,5006,1120-AB06,4-genuine-era-mismatch
18,2006,5006,1120-AB07,4-genuine-era-mismatch
18,2006,4161,1120-AB08,4-genuine-era-mismatch
18,2006,5006,1120-AB08,4-genuine-era-mismatch
18,2006,223,1120-AB14,4-genuine-era-mismatch
18,2006,5006,1120-AB14,4-genuine-era-mismatch
18,2006,4161,1120-AB18,4-genuine-era-mismatch
18,2006,5006,1120-AB18,4-genuine-era-mismatch
18,2006,5006,1120-AB20,4-genuine-era-mismatch
18,2006,5006,1120-AB36,4-genuine-era-mismatch
18,2006,5006,1120-AA11,4-genuine-era-mismatch
18,2006,4161,1120-AB12,4-genuine-era-mismatch
18,2006,5006,1120-AB12,4-genuine-era-mismatch
18,2006,4161,1120-AB13,4-genuine-era-mismatch
18,2006,5006,1120-AB13,4-genuine-era-mismatch
8,2006,1375b,1125-AA45,4-genuine-era-mismatch
40,2006,333,1218-AC01,4-genuine-era-mismatch
40,2006,333,1218-AB47,4-genuine-era-mismatch
40,2006,333,1218-AB67,4-genuine-era-mismatch
40,2006,333,1218-AB77,4-genuine-era-mismatch
40,2006,333,1218-AB89,4-genuine-era-mismatch
40,2006,333,1218-AC14,4-genuine-era-mismatch
40,2006,333,1218-AC15,4-genuine-era-mismatch
40,2006,322,2105-AD47,4-genuine-era-mismatch
23,2006,307,2125-AF18,4-genuine-era-mismatch
49,2006,32310,2127-AJ83,4-genuine-era-mismatch
46,2006,1114,2133-AB68,4-genuine-era-mismatch
46,2006,1114,2133-AB67,4-genuine-era-mismatch
46,2006,1114,2133-AB50,4-genuine-era-mismatch
31,2006,3906,1510-AB08,4-genuine-era-mismatch
26,2006,5021,1513-AB05,4-genuine-era-mismatch
26,2006,925,1545-AI16,4-genuine-era-mismatch
26,2006,927,1545-AI16,4-genuine-era-mismatch
38,2006,3719,2900-AM33,4-genuine-era-mismatch
38,2006,1822,2900-AL82,4-genuine-era-mismatch
40,2006,486,2030-AA88,4-genuine-era-mismatch
40,2006,486,2030-AA37,4-genuine-era-mismatch
40,2006,486,2030-AA84,4-genuine-era-mismatch
40,2006,486,9000-AJ21,4-genuine-era-mismatch
46,2006,1702,3072-AC32,4-genuine-era-mismatch
46,2006,1706,3072-AC32,4-genuine-era-mismatch
46,2006,876,3072-AB97,4-genuine-era-mismatch
46,2006,876,3072-AB97,4-genuine-era-mismatch
46,2006,817d,3072-AC22,4-genuine-era-mismatch
46,2006,1701,3072-AC21,4-genuine-era-mismatch
40,2006,481,3090-AI11,4-genuine-era-mismatch
40,2006,481,3090-AI16,4-genuine-era-mismatch
36,2006,2116,3095-AB49,4-genuine-era-mismatch
40,2006,486,3206-AJ20,4-genuine-era-mismatch
40,2006,484,0596-AB61,4-genuine-era-mismatch
40,2006,486,0599-AA12,4-genuine-era-mismatch
46,2006,466c,0694-AD55,4-genuine-era-mismatch
46,2006,466c,0694-AD64,4-genuine-era-mismatch
46,2006,466c,0694-AD07,4-genuine-era-mismatch
46,2006,740,0702-AA54,4-genuine-era-mismatch
10,2006,301,0790-AH99,4-genuine-era-mismatch
10,2006,301,0790-AH70,4-genuine-era-mismatch
10,2006,2489a,0790-AH86,4-genuine-era-mismatch
40,2006,486,1991-AB69,4-genuine-era-mismatch
6,2006,301,1601-AA25,4-genuine-era-mismatch
46,2006,3,1651-AA45,4-genuine-era-mismatch
46,2006,91,1651-AA45,4-genuine-era-mismatch
46,2006,3,1651-AA62,4-genuine-era-mismatch
49,2006,44932,1652-AA52,4-genuine-era-mismatch
40,2006,486,2535-AA26,4-genuine-era-mismatch
18,2006,4161,1120-AB10,4-genuine-era-mismatch
18,2006,4201,1120-AB10,4-genuine-era-mismatch
18,2006,5006,1120-AB10,4-genuine-era-mismatch
18,2006,5006,1120-AB26,4-genuine-era-mismatch
18,2006,5006,1120-AB33,4-genuine-era-mismatch
18,2006,5006,1120-AB34,4-genuine-era-mismatch
18,2006,5006,1120-AB38,4-genuine-era-mismatch
18,2006,5006,1120-AB40,4-genuine-era-mismatch
18,2006,5006,1120-AB41,4-genuine-era-mismatch
18,2006,4161,1120-AB44,4-genuine-era-mismatch
18,2006,5006,1120-AB44,4-genuine-era-mismatch
18,2006,5006,1120-AA33,4-genuine-era-mismatch
18,2006,5006,1120-AA39,4-genuine-era-mismatch
18,2006,4161,1120-AA62,4-genuine-era-mismatch
18,2006,5006,1120-AA62,4-genuine-era-mismatch
18,2006,5006,1120-AA85,4-genuine-era-mismatch
18,2006,4161,1120-AA85,4-genuine-era-mismatch
18,2006,4201,1120-AA85,4-genuine-era-mismatch
18,2006,5006,1120-AA90,4-genuine-era-mismatch
18,2006,4251,1120-AA95,4-genuine-era-mismatch
18,2006,5006,1120-AA95,4-genuine-era-mismatch
18,2006,5006,1120-AA98,4-genuine-era-mismatch
18,2006,4161,1120-AB05,4-genuine-era-mismatch
18,2006,5006,1120-AB05,4-genuine-era-mismatch
18,2006,5006,1120-AB06,4-genuine-era-mismatch
18,2006,5006,1120-AB07,4-genuine-era-mismatch
18,2006,4161,1120-AB08,4-genuine-era-mismatch
18,2006,5006,1120-AB08,4-genuine-era-mismatch
18,2006,223,1120-AB14,4-genuine-era-mismatch
18,2006,5006,1120-AB14,4-genuine-era-mismatch
18,2006,4161,1120-AB18,4-genuine-era-mismatch
18,2006,5006,1120-AB18,4-genuine-era-mismatch
18,2006,5006,1120-AB35,4-genuine-era-mismatch
18,2006,5006,1120-AB37,4-genuine-era-mismatch
18,2006,4161,1120-AB42,4-genuine-era-mismatch
18,2006,5006,1120-AB20,4-genuine-era-mismatch
18,2006,5006,1120-AB31,4-genuine-era-mismatch
18,2006,5006,1120-AB32,4-genuine-era-mismatch
18,2006,5006,1120-AB36,4-genuine-era-mismatch
40,2006,333,1218-AB47,4-genuine-era-mismatch
40,2006,333,1218-AC01,4-genuine-era-mismatch
40,2006,333,1218-AB67,4-genuine-era-mismatch
40,2006,333,1218-AB77,4-genuine-era-mismatch
40,2006,333,1218-AB89,4-genuine-era-mismatch
40,2006,322,2105-AD47,4-genuine-era-mismatch
23,2006,307,2125-AF18,4-genuine-era-mismatch
49,2006,20166,2127-AJ90,4-genuine-era-mismatch
49,2006,32310,2127-AJ83,4-genuine-era-mismatch
46,2006,1114,2133-AB67,4-genuine-era-mismatch
46,2006,1114,2133-AB68,4-genuine-era-mismatch
46,2006,3,1505-AB71,4-genuine-era-mismatch
46,2006,91,1505-AB71,4-genuine-era-mismatch
31,2006,3906,1510-AB08,4-genuine-era-mismatch
26,2006,5021,1513-AB05,4-genuine-era-mismatch
26,2006,6676,1513-AB34,4-genuine-era-mismatch
26,2006,925,1545-AI16,4-genuine-era-mismatch
26,2006,927,1545-AI16,4-genuine-era-mismatch
38,2006,3719,2900-AM33,4-genuine-era-mismatch
38,2006,1713,2900-AM43,4-genuine-era-mismatch
38,2006,118,2900-AM47,4-genuine-era-mismatch
38,2006,117,2900-AM47,4-genuine-era-mismatch
38,2006,1822,2900-AL82,4-genuine-era-mismatch
40,2006,486,2030-AA88,4-genuine-era-mismatch
40,2006,486,2030-AA37,4-genuine-era-mismatch
40,2006,486,2030-AA92,4-genuine-era-mismatch
40,2006,486,9000-AJ21,4-genuine-era-mismatch
46,2006,1702,3072-AC32,4-genuine-era-mismatch
46,2006,1706,3072-AC32,4-genuine-era-mismatch
46,2006,876,3072-AB97,4-genuine-era-mismatch
46,2006,876,3072-AB97,4-genuine-era-mismatch
46,2006,817d,3072-AC22,4-genuine-era-mismatch
40,2006,481,3090-AI11,4-genuine-era-mismatch
40,2006,481,3090-AI16,4-genuine-era-mismatch
36,2006,2116,3095-AB49,4-genuine-era-mismatch
40,2007,484,0596-AB61,4-genuine-era-mismatch
40,2007,486,0599-AA12,4-genuine-era-mismatch
46,2007,466c,0694-AC47,4-genuine-era-mismatch
46,2007,466c,0694-AD55,4-genuine-era-mismatch
46,2007,466c,0694-AD92,4-genuine-era-mismatch
46,2007,466c,0694-AD96,4-genuine-era-mismatch
46,2007,466c,0694-AE00,4-genuine-era-mismatch
46,2007,466c,0694-AD07,4-genuine-era-mismatch
46,2007,466c,0694-AC82,4-genuine-era-mismatch
46,2007,466c,0694-AD64,4-genuine-era-mismatch
46,2007,466c,0694-AD88,4-genuine-era-mismatch
46,2007,740,0702-AA54,4-genuine-era-mismatch
10,2007,301,0790-AI11,4-genuine-era-mismatch
10,2007,301,0790-AI12,4-genuine-era-mismatch
10,2007,301,0790-AI18,4-genuine-era-mismatch
10,2007,301,0790-AI19,4-genuine-era-mismatch
10,2007,301,0790-AH70,4-genuine-era-mismatch
10,2007,2489a,0790-AH86,4-genuine-era-mismatch
10,2007,301,0790-AH99,4-genuine-era-mismatch
10,2007,301,0790-AI06,4-genuine-era-mismatch
40,2007,486,1991-AB69,4-genuine-era-mismatch
6,2007,301,1601-AA25,4-genuine-era-mismatch
46,2007,3,1651-AA45,4-genuine-era-mismatch
46,2007,91,1651-AA45,4-genuine-era-mismatch
46,2007,3,1651-AA62,4-genuine-era-mismatch
49,2007,44932,1652-AA52,4-genuine-era-mismatch
40,2007,486,2535-AA28,4-genuine-era-mismatch
40,2007,486,2535-AA26,4-genuine-era-mismatch
18,2007,4203,1105-AB21,4-genuine-era-mismatch
18,2007,5006,1120-AB34,4-genuine-era-mismatch
18,2007,5006,1120-AB38,4-genuine-era-mismatch
18,2007,5006,1120-AB40,4-genuine-era-mismatch
18,2007,5006,1120-AA33,4-genuine-era-mismatch
18,2007,5006,1120-AA39,4-genuine-era-mismatch
18,2007,4161,1120-AA62,4-genuine-era-mismatch
18,2007,5006,1120-AA62,4-genuine-era-mismatch
18,2007,5006,1120-AA85,4-genuine-era-mismatch
18,2007,4161,1120-AA85,4-genuine-era-mismatch
18,2007,4201,1120-AA85,4-genuine-era-mismatch
18,2007,5006,1120-AA90,4-genuine-era-mismatch
18,2007,4251,1120-AA95,4-genuine-era-mismatch
18,2007,5006,1120-AA95,4-genuine-era-mismatch
18,2007,5006,1120-AA98,4-genuine-era-mismatch
18,2007,4161,1120-AB05,4-genuine-era-mismatch
18,2007,5006,1120-AB05,4-genuine-era-mismatch
18,2007,5006,1120-AB07,4-genuine-era-mismatch
18,2007,4161,1120-AB10,4-genuine-era-mismatch
18,2007,4201,1120-AB10,4-genuine-era-mismatch
18,2007,5006,1120-AB10,4-genuine-era-mismatch
18,2007,223,1120-AB14,4-genuine-era-mismatch
18,2007,5006,1120-AB14,4-genuine-era-mismatch
18,2007,4161,1120-AB18,4-genuine-era-mismatch
18,2007,5006,1120-AB18,4-genuine-era-mismatch
18,2007,5006,1120-AB26,4-genuine-era-mismatch
18,2007,5006,1120-AB33,4-genuine-era-mismatch
18,2007,5006,1120-AB35,4-genuine-era-mismatch
18,2007,5006,1120-AB37,4-genuine-era-mismatch
18,2007,5006,1120-AB41,4-genuine-era-mismatch
18,2007,4161,1120-AB42,4-genuine-era-mismatch
18,2007,4161,1120-AB44,4-genuine-era-mismatch
18,2007,5006,1120-AB44,4-genuine-era-mismatch
18,2007,5006,1120-AB20,4-genuine-era-mismatch
18,2007,5006,1120-AB06,4-genuine-era-mismatch
18,2007,4161,1120-AB08,4-genuine-era-mismatch
18,2007,5006,1120-AB08,4-genuine-era-mismatch
40,2007,333,1218-AB47,4-genuine-era-mismatch
40,2007,333,1218-AC01,4-genuine-era-mismatch
40,2007,333,1218-AB67,4-genuine-era-mismatch
40,2007,333,1218-AB77,4-genuine-era-mismatch
40,2007,333,1218-AB89,4-genuine-era-mismatch
23,2007,307,2125-AF18,4-genuine-era-mismatch
23,2007,307,2125-AF18,4-genuine-era-mismatch
49,2007,20166,2127-AJ90,4-genuine-era-mismatch
46,2007,1114,2133-AB67,4-genuine-era-mismatch
46,2007,1114,2133-AB68,4-genuine-era-mismatch
46,2007,3,1505-AB71,4-genuine-era-mismatch
46,2007,91,1505-AB71,4-genuine-era-mismatch
26,2007,5021,1513-AB05,4-genuine-era-mismatch
26,2007,925,1545-AI16,4-genuine-era-mismatch
26,2007,927,1545-AI16,4-genuine-era-mismatch
38,2007,118,2900-AM47,4-genuine-era-mismatch
38,2007,117,2900-AM47,4-genuine-era-mismatch
38,2007,1822,2900-AL82,4-genuine-era-mismatch
38,2007,3719,2900-AM33,4-genuine-era-mismatch
38,2007,1713,2900-AM43,4-genuine-era-mismatch
40,2007,486,2030-AA88,4-genuine-era-mismatch
40,2007,486,2030-AA37,4-genuine-era-mismatch
36,2007,2116,3095-AB49,4-genuine-era-mismatch
46,2007,3901,0579-AC26,4-genuine-era-mismatch
46,2007,3902,0579-AC26,4-genuine-era-mismatch
40,2007,484,0596-AB61,4-genuine-era-mismatch
40,2007,486,0599-AA12,4-genuine-era-mismatch
46,2007,1279f,0648-AV66,4-genuine-era-mismatch
46,2007,1279g,0648-AV66,4-genuine-era-mismatch
46,2007,466c,0694-AC47,4-genuine-era-mismatch
46,2007,466c,0694-AD55,4-genuine-era-mismatch
46,2007,466c,0694-AD92,4-genuine-era-mismatch
46,2007,466c,0694-AD95,4-genuine-era-mismatch
46,2007,466c,0694-AE07,4-genuine-era-mismatch
46,2007,466c,0694-AE10,4-genuine-era-mismatch
46,2007,466c,0694-AD07,4-genuine-era-mismatch
46,2007,466c,0694-AD96,4-genuine-era-mismatch
46,2007,466c,0694-AE00,4-genuine-era-mismatch
46,2007,466c,0694-AE01,4-genuine-era-mismatch
46,2007,466c,0694-AE02,4-genuine-era-mismatch
46,2007,466c,0694-AE03,4-genuine-era-mismatch
46,2007,466c,0694-AE12,4-genuine-era-mismatch
10,2007,301,0790-AI11,4-genuine-era-mismatch
10,2007,301,0790-AI19,4-genuine-era-mismatch
10,2007,301,0790-AH70,4-genuine-era-mismatch
10,2007,301,0790-AI23,4-genuine-era-mismatch
10,2007,301,0790-AI12,4-genuine-era-mismatch
10,2007,301,0790-AI18,4-genuine-era-mismatch
40,2007,486,1991-AB69,4-genuine-era-mismatch
6,2007,301,1601-AA25,4-genuine-era-mismatch
46,2007,12122,1625-AB18,4-genuine-era-mismatch
46,2007,841a,1625-AB18,4-genuine-era-mismatch
46,2007,876,1625-AB18,4-genuine-era-mismatch
46,2007,3,1651-AA45,4-genuine-era-mismatch
46,2007,91,1651-AA45,4-genuine-era-mismatch
46,2007,3,1651-AA62,4-genuine-era-mismatch
49,2007,44932,1652-AA53,4-genuine-era-mismatch
49,2007,44932,1652-AA52,4-genuine-era-mismatch
40,2007,486,2535-AA26,4-genuine-era-mismatch
40,2007,486,2535-AA28,4-genuine-era-mismatch
18,2007,4203,1105-AB21,4-genuine-era-mismatch
18,2007,5006,1120-AB20,4-genuine-era-mismatch
18,2007,5006,1120-AB34,4-genuine-era-mismatch
18,2007,5006,1120-AB38,4-genuine-era-mismatch
18,2007,5006,1120-AB40,4-genuine-era-mismatch
18,2007,5006,1120-AA33,4-genuine-era-mismatch
18,2007,5006,1120-AA39,4-genuine-era-mismatch
18,2007,4161,1120-AA62,4-genuine-era-mismatch
18,2007,5006,1120-AA62,4-genuine-era-mismatch
18,2007,5006,1120-AA85,4-genuine-era-mismatch
18,2007,4161,1120-AA85,4-genuine-era-mismatch
18,2007,4201,1120-AA85,4-genuine-era-mismatch
18,2007,4251,1120-AA95,4-genuine-era-mismatch
18,2007,5006,1120-AA95,4-genuine-era-mismatch
18,2007,5006,1120-AA98,4-genuine-era-mismatch
18,2007,4161,1120-AB05,4-genuine-era-mismatch
18,2007,5006,1120-AB05,4-genuine-era-mismatch
18,2007,5006,1120-AB07,4-genuine-era-mismatch
18,2007,4161,1120-AB10,4-genuine-era-mismatch
18,2007,4201,1120-AB10,4-genuine-era-mismatch
18,2007,5006,1120-AB10,4-genuine-era-mismatch
18,2007,223,1120-AB14,4-genuine-era-mismatch
18,2007,5006,1120-AB14,4-genuine-era-mismatch
18,2007,4161,1120-AB18,4-genuine-era-mismatch
18,2007,5006,1120-AB18,4-genuine-era-mismatch
18,2007,5006,1120-AB26,4-genuine-era-mismatch
18,2007,5006,1120-AB33,4-genuine-era-mismatch
18,2007,5006,1120-AB35,4-genuine-era-mismatch
18,2007,5006,1120-AB37,4-genuine-era-mismatch
18,2007,5006,1120-AB41,4-genuine-era-mismatch
18,2007,4161,1120-AB42,4-genuine-era-mismatch
18,2007,4161,1120-AB44,4-genuine-era-mismatch
18,2007,5006,1120-AB44,4-genuine-era-mismatch
18,2007,5006,1120-AA90,4-genuine-era-mismatch
18,2007,5006,1120-AB28,4-genuine-era-mismatch
40,2007,333,1218-AB47,4-genuine-era-mismatch
40,2007,333,1218-AC01,4-genuine-era-mismatch
40,2007,333,1218-AB67,4-genuine-era-mismatch
40,2007,333,1218-AB77,4-genuine-era-mismatch
40,2007,333,1218-AB89,4-genuine-era-mismatch
49,2007,32310,2127-AK07,4-genuine-era-mismatch
49,2007,20166,2127-AJ90,4-genuine-era-mismatch
46,2007,1114,2133-AB67,4-genuine-era-mismatch
46,2007,3,1505-AB71,4-genuine-era-mismatch
46,2007,91,1505-AB71,4-genuine-era-mismatch
26,2007,5021,1513-AB05,4-genuine-era-mismatch
26,2007,925,1545-AI16,4-genuine-era-mismatch
26,2007,927,1545-AI16,4-genuine-era-mismatch
38,2007,1822,2900-AL82,4-genuine-era-mismatch
38,2007,118,2900-AM47,4-genuine-era-mismatch
38,2007,117,2900-AM47,4-genuine-era-mismatch
40,2007,486,2030-AA88,4-genuine-era-mismatch
40,2007,486,2030-AA37,4-genuine-era-mismatch
40,2007,486,2030-AA95,4-genuine-era-mismatch
40,2007,486,0412-AA58,4-genuine-era-mismatch
46,2007,1702,3072-AC32,4-genuine-era-mismatch
46,2007,1707,3072-AC32,4-genuine-era-mismatch
46,2007,1709,3072-AC32,4-genuine-era-mismatch
46,2007,1710,3072-AC32,4-genuine-era-mismatch
46,2007,1712,3072-AC32,4-genuine-era-mismatch
46,2007,1714,3072-AC32,4-genuine-era-mismatch
46,2007,1716,3072-AC32,4-genuine-era-mismatch
46,2007,1718,3072-AC32,4-genuine-era-mismatch
40,2008,484,0596-AB61,4-genuine-era-mismatch
40,2008,486,0599-AA12,4-genuine-era-mismatch
46,2008,466c,0694-AC47,4-genuine-era-mismatch
46,2008,466c,0694-AD55,4-genuine-era-mismatch
46,2008,466c,0694-AE10,4-genuine-era-mismatch
46,2008,466c,0694-AE24,4-genuine-era-mismatch
46,2008,466c,0694-AD07,4-genuine-era-mismatch
46,2008,466c,0694-AD92,4-genuine-era-mismatch
46,2008,466c,0694-AD95,4-genuine-era-mismatch
46,2008,466c,0694-AE07,4-genuine-era-mismatch
46,2008,466c,0694-AE15,4-genuine-era-mismatch
10,2008,301,0790-AI25,4-genuine-era-mismatch
10,2008,301,0790-AI19,4-genuine-era-mismatch
10,2008,301,0790-AI23,4-genuine-era-mismatch
10,2008,301,0790-AH70,4-genuine-era-mismatch
10,2008,301,0790-AH85,4-genuine-era-mismatch
10,2008,301,0790-AH89,4-genuine-era-mismatch
10,2008,301,0790-AI11,4-genuine-era-mismatch
40,2008,486,1991-AB69,4-genuine-era-mismatch
46,2008,3,1651-AA45,4-genuine-era-mismatch
46,2008,91,1651-AA45,4-genuine-era-mismatch
49,2008,44932,1652-AA53,4-genuine-era-mismatch
49,2008,44932,1652-AA52,4-genuine-era-mismatch
40,2008,486,2535-AA26,4-genuine-era-mismatch
17,2008,509,1105-AA74,4-genuine-era-mismatch
18,2008,4203,1105-AB21,4-genuine-era-mismatch
18,2008,5006,1120-AB20,4-genuine-era-mismatch
18,2008,5006,1120-AB34,4-genuine-era-mismatch
18,2008,5006,1120-AB40,4-genuine-era-mismatch
18,2008,5006,1120-AB46,4-genuine-era-mismatch
18,2008,5006,1120-AA33,4-genuine-era-mismatch
18,2008,5006,1120-AA39,4-genuine-era-mismatch
18,2008,4161,1120-AA62,4-genuine-era-mismatch
18,2008,5006,1120-AA62,4-genuine-era-mismatch
18,2008,4251,1120-AA95,4-genuine-era-mismatch
18,2008,5006,1120-AA95,4-genuine-era-mismatch
18,2008,5006,1120-AA98,4-genuine-era-mismatch
18,2008,4161,1120-AB05,4-genuine-era-mismatch
18,2008,5006,1120-AB05,4-genuine-era-mismatch
18,2008,4161,1120-AB10,4-genuine-era-mismatch
18,2008,4201,1120-AB10,4-genuine-era-mismatch
18,2008,5006,1120-AB10,4-genuine-era-mismatch
18,2008,223,1120-AB14,4-genuine-era-mismatch
18,2008,5006,1120-AB14,4-genuine-era-mismatch
18,2008,4161,1120-AB18,4-genuine-era-mismatch
18,2008,5006,1120-AB18,4-genuine-era-mismatch
18,2008,5006,1120-AB26,4-genuine-era-mismatch
18,2008,5006,1120-AB33,4-genuine-era-mismatch
18,2008,5006,1120-AB35,4-genuine-era-mismatch
18,2008,5006,1120-AB37,4-genuine-era-mismatch
18,2008,4161,1120-AB42,4-genuine-era-mismatch
18,2008,4161,1120-AB44,4-genuine-era-mismatch
18,2008,5006,1120-AB44,4-genuine-era-mismatch
18,2008,5006,1120-AA85,4-genuine-era-mismatch
18,2008,4161,1120-AA85,4-genuine-era-mismatch
18,2008,4201,1120-AA85,4-genuine-era-mismatch
18,2008,5006,1120-AB38,4-genuine-era-mismatch
18,2008,5006,1120-AB07,4-genuine-era-mismatch
18,2008,5006,1120-AB41,4-genuine-era-mismatch
40,2008,333,1218-AB47,4-genuine-era-mismatch
40,2008,333,1218-AB67,4-genuine-era-mismatch
40,2008,333,1218-AC01,4-genuine-era-mismatch
40,2008,333,1218-AB89,4-genuine-era-mismatch
40,2008,333,1218-AB77,4-genuine-era-mismatch
49,2008,32310,2127-AK07,4-genuine-era-mismatch
46,2008,1114,2133-AB67,4-genuine-era-mismatch
46,2008,3,1505-AB71,4-genuine-era-mismatch
46,2008,91,1505-AB71,4-genuine-era-mismatch
26,2008,5021,1513-AB05,4-genuine-era-mismatch
26,2008,5091,1513-AB05,4-genuine-era-mismatch
26,2008,5148,1513-AB04,4-genuine-era-mismatch
26,2008,5142,1513-AB34,4-genuine-era-mismatch
26,2008,5146,1513-AB34,4-genuine-era-mismatch
26,2008,925,1545-AI16,4-genuine-era-mismatch
26,2008,927,1545-AI16,4-genuine-era-mismatch
38,2008,1822,2900-AL82,4-genuine-era-mismatch
38,2008,118,2900-AM47,4-genuine-era-mismatch
38,2008,117,2900-AM47,4-genuine-era-mismatch
40,2008,486,2030-AA97,4-genuine-era-mismatch
40,2008,486,2030-AA37,4-genuine-era-mismatch
40,2008,486,2030-AA88,4-genuine-era-mismatch
40,2008,486,3090-AI43,4-genuine-era-mismatch
40,2008,486,3206-AL46,4-genuine-era-mismatch
40,2008,484,0596-AB61,4-genuine-era-mismatch
46,2008,466c,0694-AC47,4-genuine-era-mismatch
46,2008,466c,0694-AE42,4-genuine-era-mismatch
46,2008,466c,0694-AE43,4-genuine-era-mismatch
46,2008,466c,0694-AD55,4-genuine-era-mismatch
46,2008,466c,0694-AE10,4-genuine-era-mismatch
46,2008,466c,0694-AD07,4-genuine-era-mismatch
46,2008,466c,0694-AE24,4-genuine-era-mismatch
46,2008,466c,0694-AE32,4-genuine-era-mismatch
46,2008,466c,0694-AE33,4-genuine-era-mismatch
46,2008,466c,0694-AE34,4-genuine-era-mismatch
10,2008,301,0790-AI23,4-genuine-era-mismatch
10,2008,301,0790-AI25,4-genuine-era-mismatch
10,2008,301,0790-AI19,4-genuine-era-mismatch
46,2008,3,1651-AA45,4-genuine-era-mismatch
46,2008,91,1651-AA45,4-genuine-era-mismatch
49,2008,44932,1652-AA53,4-genuine-era-mismatch
40,2008,486,2535-AA26,4-genuine-era-mismatch
17,2008,509,1105-AA74,4-genuine-era-mismatch
18,2008,4203,1105-AB21,4-genuine-era-mismatch
18,2008,5006,1120-AB20,4-genuine-era-mismatch
18,2008,5006,1120-AB34,4-genuine-era-mismatch
18,2008,5006,1120-AB38,4-genuine-era-mismatch
18,2008,5006,1120-AB40,4-genuine-era-mismatch
18,2008,4161,1120-AB47,4-genuine-era-mismatch
18,2008,5006,1120-AB47,4-genuine-era-mismatch
18,2008,5006,1120-AB48,4-genuine-era-mismatch
18,2008,5006,1120-AB50,4-genuine-era-mismatch
18,2008,5006,1120-AA33,4-genuine-era-mismatch
18,2008,5006,1120-AA39,4-genuine-era-mismatch
18,2008,4161,1120-AA62,4-genuine-era-mismatch
18,2008,5006,1120-AA62,4-genuine-era-mismatch
18,2008,5006,1120-AA85,4-genuine-era-mismatch
18,2008,4161,1120-AA85,4-genuine-era-mismatch
18,2008,4201,1120-AA85,4-genuine-era-mismatch
18,2008,4251,1120-AA95,4-genuine-era-mismatch
18,2008,5006,1120-AA95,4-genuine-era-mismatch
18,2008,5006,1120-AA98,4-genuine-era-mismatch
18,2008,4161,1120-AB05,4-genuine-era-mismatch
18,2008,5006,1120-AB05,4-genuine-era-mismatch
18,2008,4161,1120-AB10,4-genuine-era-mismatch
18,2008,4201,1120-AB10,4-genuine-era-mismatch
18,2008,5006,1120-AB10,4-genuine-era-mismatch
18,2008,223,1120-AB14,4-genuine-era-mismatch
18,2008,5006,1120-AB14,4-genuine-era-mismatch
18,2008,4161,1120-AB18,4-genuine-era-mismatch
18,2008,5006,1120-AB18,4-genuine-era-mismatch
18,2008,5006,1120-AB35,4-genuine-era-mismatch
18,2008,5006,1120-AB37,4-genuine-era-mismatch
18,2008,5006,1120-AB41,4-genuine-era-mismatch
18,2008,4161,1120-AB42,4-genuine-era-mismatch
18,2008,4161,1120-AB44,4-genuine-era-mismatch
18,2008,5006,1120-AB44,4-genuine-era-mismatch
18,2008,5006,1120-AB46,4-genuine-era-mismatch
18,2008,4161,1120-AB51,4-genuine-era-mismatch
18,2008,5006,1120-AB51,4-genuine-era-mismatch
18,2008,5006,1120-AB26,4-genuine-era-mismatch
18,2008,5006,1120-AB33,4-genuine-era-mismatch
18,2008,5006,1120-AB39,4-genuine-era-mismatch
40,2008,333,1218-AB47,4-genuine-era-mismatch
40,2008,333,1218-AB67,4-genuine-era-mismatch
40,2008,333,1218-AC01,4-genuine-era-mismatch
40,2008,333,1218-AB89,4-genuine-era-mismatch
46,2008,1114,2133-AB67,4-genuine-era-mismatch
46,2008,3,1505-AB71,4-genuine-era-mismatch
46,2008,91,1505-AB71,4-genuine-era-mismatch
26,2008,5021,1513-AB05,4-genuine-era-mismatch
26,2008,5091,1513-AB05,4-genuine-era-mismatch
26,2008,5142,1513-AB34,4-genuine-era-mismatch
26,2008,5143,1513-AB34,4-genuine-era-mismatch
26,2008,5146,1513-AB34,4-genuine-era-mismatch
26,2008,5148,1513-AB04,4-genuine-era-mismatch
26,2008,925,1545-AI16,4-genuine-era-mismatch
26,2008,927,1545-AI16,4-genuine-era-mismatch
38,2008,1822,2900-AL82,4-genuine-era-mismatch
40,2008,486,2030-AA37,4-genuine-era-mismatch
40,2008,486,2030-AA97,4-genuine-era-mismatch
40,2008,486,3090-AI43,4-genuine-era-mismatch
40,2008,486,3206-AL66,4-genuine-era-mismatch
40,2008,486,3206-AL46,4-genuine-era-mismatch
40,2009,484,0596-AB61,4-genuine-era-mismatch
46,2009,466c,0694-AC47,4-genuine-era-mismatch
50,2009,2099,0694-AE40,4-genuine-era-mismatch
46,2009,466c,0694-AE42,4-genuine-era-mismatch
46,2009,466c,0694-AE43,4-genuine-era-mismatch
46,2009,466c,0694-AD07,4-genuine-era-mismatch
46,2009,466c,0694-AE10,4-genuine-era-mismatch
46,2009,466c,0694-AE56,4-genuine-era-mismatch
46,2009,466c,0694-AD55,4-genuine-era-mismatch
46,2009,466c,0694-AE31,4-genuine-era-mismatch
46,2009,466c,0694-AE49,4-genuine-era-mismatch
10,2009,301,0790-AI25,4-genuine-era-mismatch
10,2009,301,0790-AI19,4-genuine-era-mismatch
10,2009,301,0790-AI23,4-genuine-era-mismatch
46,2009,5115,1625-AB20,4-genuine-era-mismatch
46,2009,3,1651-AA45,4-genuine-era-mismatch
46,2009,91,1651-AA45,4-genuine-era-mismatch
49,2009,44932,1652-AA53,4-genuine-era-mismatch
40,2009,181,1010-AD33,4-genuine-era-mismatch
17,2009,509,1105-AA74,4-genuine-era-mismatch
18,2009,4203,1105-AB21,4-genuine-era-mismatch
18,2009,5006,1120-AB34,4-genuine-era-mismatch
18,2009,5006,1120-AB38,4-genuine-era-mismatch
18,2009,4161,1120-AB47,4-genuine-era-mismatch
18,2009,5006,1120-AB47,4-genuine-era-mismatch
18,2009,5006,1120-AB48,4-genuine-era-mismatch
18,2009,4251,1120-AA95,4-genuine-era-mismatch
18,2009,5006,1120-AA95,4-genuine-era-mismatch
18,2009,4161,1120-AB05,4-genuine-era-mismatch
18,2009,5006,1120-AB05,4-genuine-era-mismatch
18,2009,4161,1120-AB10,4-genuine-era-mismatch
18,2009,4201,1120-AB10,4-genuine-era-mismatch
18,2009,5006,1120-AB10,4-genuine-era-mismatch
18,2009,223,1120-AB14,4-genuine-era-mismatch
18,2009,5006,1120-AB14,4-genuine-era-mismatch
18,2009,4161,1120-AB18,4-genuine-era-mismatch
18,2009,5006,1120-AB18,4-genuine-era-mismatch
18,2009,5006,1120-AB20,4-genuine-era-mismatch
18,2009,5006,1120-AB26,4-genuine-era-mismatch
18,2009,5006,1120-AB37,4-genuine-era-mismatch
18,2009,4161,1120-AB42,4-genuine-era-mismatch
18,2009,4161,1120-AB44,4-genuine-era-mismatch
18,2009,5006,1120-AB44,4-genuine-era-mismatch
18,2009,5006,1120-AB46,4-genuine-era-mismatch
18,2009,5006,1120-AB50,4-genuine-era-mismatch
18,2009,4161,1120-AB51,4-genuine-era-mismatch
18,2009,5006,1120-AB51,4-genuine-era-mismatch
18,2009,5006,1120-AA33,4-genuine-era-mismatch
18,2009,5006,1120-AA39,4-genuine-era-mismatch
18,2009,4161,1120-AA62,4-genuine-era-mismatch
18,2009,5006,1120-AA62,4-genuine-era-mismatch
18,2009,5006,1120-AA85,4-genuine-era-mismatch
18,2009,4161,1120-AA85,4-genuine-era-mismatch
18,2009,4201,1120-AA85,4-genuine-era-mismatch
18,2009,5006,1120-AA98,4-genuine-era-mismatch
18,2009,5006,1120-AB35,4-genuine-era-mismatch
18,2009,5006,1120-AB40,4-genuine-era-mismatch
18,2009,5006,1120-AB41,4-genuine-era-mismatch
18,2009,5006,1120-AB45,4-genuine-era-mismatch
40,2009,333,1218-AB47,4-genuine-era-mismatch
40,2009,333,1218-AB67,4-genuine-era-mismatch
40,2009,333,1218-AC01,4-genuine-era-mismatch
40,2009,333,1218-AB89,4-genuine-era-mismatch
46,2009,1114,2133-AB67,4-genuine-era-mismatch
46,2009,1101,2133-AB74,4-genuine-era-mismatch
46,2009,1241,2133-AB74,4-genuine-era-mismatch
26,2009,5021,1513-AB05,4-genuine-era-mismatch
26,2009,5091,1513-AB05,4-genuine-era-mismatch
26,2009,5093,1513-AB05,4-genuine-era-mismatch
26,2009,5142,1513-AB34,4-genuine-era-mismatch
26,2009,5143,1513-AB34,4-genuine-era-mismatch
26,2009,5146,1513-AB34,4-genuine-era-mismatch
26,2009,925,1545-AI16,4-genuine-era-mismatch
26,2009,927,1545-AI16,4-genuine-era-mismatch
38,2009,5302a,2900-AN14,4-genuine-era-mismatch
38,2009,1822,2900-AL82,4-genuine-era-mismatch
40,2009,486,3090-AI43,4-genuine-era-mismatch
40,2009,486,3206-AL66,4-genuine-era-mismatch
40,2009,484,0596-AB61,4-genuine-era-mismatch
46,2009,466c,0694-AC47,4-genuine-era-mismatch
46,2009,466c,0694-AE43,4-genuine-era-mismatch
46,2009,466c,0694-AD07,4-genuine-era-mismatch
50,2009,2099,0694-AE40,4-genuine-era-mismatch
46,2009,466c,0694-AE42,4-genuine-era-mismatch
46,2009,466c,0694-AE56,4-genuine-era-mismatch
46,2009,466c,0694-AE62,4-genuine-era-mismatch
46,2009,466c,0694-AE64,4-genuine-era-mismatch
46,2009,466c,0694-AE67,4-genuine-era-mismatch
46,2009,466c,0694-AE69,4-genuine-era-mismatch
46,2009,466c,0694-AE10,4-genuine-era-mismatch
46,2009,466c,0694-AE55,4-genuine-era-mismatch
46,2009,466c,0694-AE72,4-genuine-era-mismatch
10,2009,301,0790-AI25,4-genuine-era-mismatch
10,2009,301,0790-AI19,4-genuine-era-mismatch
40,2009,486,1991-AB92,4-genuine-era-mismatch
46,2009,5115,1625-AB20,4-genuine-era-mismatch
46,2009,3,1651-AA45,4-genuine-era-mismatch
46,2009,91,1651-AA45,4-genuine-era-mismatch
49,2009,44932,1652-AA53,4-genuine-era-mismatch
17,2009,509,1105-AA74,4-genuine-era-mismatch
18,2009,4203,1105-AB21,4-genuine-era-mismatch
18,2009,5006,1120-AB34,4-genuine-era-mismatch
18,2009,4161,1120-AB47,4-genuine-era-mismatch
18,2009,5006,1120-AB47,4-genuine-era-mismatch
18,2009,5006,1120-AB48,4-genuine-era-mismatch
18,2009,5006,1120-AB52,4-genuine-era-mismatch
18,2009,5006,1120-AA33,4-genuine-era-mismatch
18,2009,5006,1120-AA39,4-genuine-era-mismatch
18,2009,4161,1120-AA62,4-genuine-era-mismatch
18,2009,5006,1120-AA62,4-genuine-era-mismatch
18,2009,5006,1120-AA85,4-genuine-era-mismatch
18,2009,4161,1120-AA85,4-genuine-era-mismatch
18,2009,4201,1120-AA85,4-genuine-era-mismatch
18,2009,4251,1120-AA95,4-genuine-era-mismatch
18,2009,5006,1120-AA95,4-genuine-era-mismatch
18,2009,5006,1120-AA98,4-genuine-era-mismatch
18,2009,4161,1120-AB05,4-genuine-era-mismatch
18,2009,5006,1120-AB05,4-genuine-era-mismatch
18,2009,223,1120-AB14,4-genuine-era-mismatch
18,2009,5006,1120-AB14,4-genuine-era-mismatch
18,2009,4161,1120-AB18,4-genuine-era-mismatch
18,2009,5006,1120-AB18,4-genuine-era-mismatch
18,2009,5006,1120-AB20,4-genuine-era-mismatch
18,2009,5006,1120-AB26,4-genuine-era-mismatch
18,2009,5006,1120-AB37,4-genuine-era-mismatch
18,2009,4161,1120-AB42,4-genuine-era-mismatch
18,2009,4161,1120-AB44,4-genuine-era-mismatch
18,2009,5006,1120-AB44,4-genuine-era-mismatch
18,2009,5006,1120-AB46,4-genuine-era-mismatch
18,2009,5006,1120-AB50,4-genuine-era-mismatch
18,2009,4161,1120-AB51,4-genuine-era-mismatch
18,2009,5006,1120-AB51,4-genuine-era-mismatch
18,2009,4161,1120-AB10,4-genuine-era-mismatch
18,2009,4201,1120-AB10,4-genuine-era-mismatch
18,2009,5006,1120-AB10,4-genuine-era-mismatch
18,2009,5006,1120-AB35,4-genuine-era-mismatch
18,2009,5006,1120-AB38,4-genuine-era-mismatch
40,2009,276c,1205-AB59,4-genuine-era-mismatch
40,2009,333,1218-AB47,4-genuine-era-mismatch
40,2009,333,1218-AB67,4-genuine-era-mismatch
40,2009,333,1218-AC01,4-genuine-era-mismatch
40,2009,333,1218-AB89,4-genuine-era-mismatch
5,2009,1008,2105-AD86,4-genuine-era-mismatch
40,2009,322,2105-AD89,4-genuine-era-mismatch
46,2009,1101,2133-AB74,4-genuine-era-mismatch
46,2009,1241,2133-AB74,4-genuine-era-mismatch
46,2009,1114,2133-AB67,4-genuine-era-mismatch
26,2009,5021,1513-AB05,4-genuine-era-mismatch
26,2009,5091,1513-AB05,4-genuine-era-mismatch
26,2009,5093,1513-AB05,4-genuine-era-mismatch
26,2009,5142,1513-AB34,4-genuine-era-mismatch
26,2009,5143,1513-AB34,4-genuine-era-mismatch
26,2009,5146,1513-AB34,4-genuine-era-mismatch
26,2009,925,1545-AI16,4-genuine-era-mismatch
26,2009,927,1545-AI16,4-genuine-era-mismatch
38,2009,5302a,2900-AN14,4-genuine-era-mismatch
38,2009,1822,2900-AL82,4-genuine-era-mismatch
40,2009,486,9000-AL46,4-genuine-era-mismatch
40,2009,486,3090-AI56,4-genuine-era-mismatch
13,2010,4,0607-AA46,1-case-bug-high-confidence
13,2010,181,0607-AA46,1-case-bug-high-confidence
13,2010,141,0607-AA42,1-case-bug-high-confidence
13,2010,301,0607-AA48,1-case-bug-high-confidence
13,2010,307,0607-AA48,1-case-bug-high-confidence
13,2010,4,0607-AA49,1-case-bug-high-confidence
40,2010,484,0596-AB61,4-genuine-era-mismatch
41,2010,414,0605-AA26,4-genuine-era-mismatch
41,2010,701,0605-AA28,4-genuine-era-mismatch
50,2010,2099,0694-AE40,4-genuine-era-mismatch
41,2010,421,0750-AG47,4-genuine-era-mismatch
41,2010,421,0750-AF50,4-genuine-era-mismatch
41,2010,421,0750-AG10,4-genuine-era-mismatch
41,2010,421,0750-AG35,4-genuine-era-mismatch
41,2010,421,0750-AG38,4-genuine-era-mismatch
41,2010,421,0750-AG39,4-genuine-era-mismatch
41,2010,421,0750-AG42,4-genuine-era-mismatch
41,2010,421,0750-AG43,4-genuine-era-mismatch
41,2010,421,0750-AG44,4-genuine-era-mismatch
41,2010,421,0750-AG46,4-genuine-era-mismatch
41,2010,421,0750-AG49,4-genuine-era-mismatch
41,2010,421,0750-AG55,4-genuine-era-mismatch
41,2010,421,0750-AG57,4-genuine-era-mismatch
41,2010,421,0750-AG60,4-genuine-era-mismatch
41,2010,421,0750-AG62,4-genuine-era-mismatch
41,2010,421,0750-AE89,4-genuine-era-mismatch
41,2010,421,0750-AF72,4-genuine-era-mismatch
41,2010,421,0750-AF81,4-genuine-era-mismatch
41,2010,421,0750-AG27,4-genuine-era-mismatch
41,2010,421,0750-AG34,4-genuine-era-mismatch
41,2010,421,0750-AG36,4-genuine-era-mismatch
41,2010,421,0750-AG37,4-genuine-era-mismatch
41,2010,421,0750-AG40,4-genuine-era-mismatch
41,2010,421,0750-AG51,4-genuine-era-mismatch
41,2010,421,0750-AG52,4-genuine-era-mismatch
41,2010,421,0750-AG53,4-genuine-era-mismatch
41,2010,10a,0750-AG53,4-genuine-era-mismatch
41,2010,421,0750-AG56,4-genuine-era-mismatch
41,2010,421,0750-AG58,4-genuine-era-mismatch
41,2010,421,0750-AG59,4-genuine-era-mismatch
41,2010,421,0750-AG61,4-genuine-era-mismatch
41,2010,421,0750-AG63,4-genuine-era-mismatch
41,2010,421,0750-AG11,4-genuine-era-mismatch
41,2010,421,0750-AF22,4-genuine-era-mismatch
41,2010,421,0750-AF26,4-genuine-era-mismatch
41,2010,421,0750-AF85,4-genuine-era-mismatch
41,2010,431,0750-AG12,4-genuine-era-mismatch
41,2010,421,0750-AG33,4-genuine-era-mismatch
10,2010,301,0790-AI25,4-genuine-era-mismatch
14,2010,91,1625-AB32,1-case-bug-high-confidence
14,2010,85,1625-AA00,1-case-bug-high-confidence
10,2010,301,0790-AI19,4-genuine-era-mismatch
40,2010,486,1991-AB92,4-genuine-era-mismatch
41,2010,701,1991-AB93,4-genuine-era-mismatch
41,2010,418b,1601-AA28,4-genuine-era-mismatch
41,2010,418,1601-AA28,4-genuine-era-mismatch
41,2010,418a,1601-AA38,4-genuine-era-mismatch
41,2010,701,1601-AA62,4-genuine-era-mismatch
46,2010,5115,1625-AB20,4-genuine-era-mismatch
46,2010,3,1651-AA45,4-genuine-era-mismatch
46,2010,91,1651-AA45,4-genuine-era-mismatch
46,2010,70117,1652-AA53,4-genuine-era-mismatch
49,2010,44932,1652-AA53,4-genuine-era-mismatch
46,2010,70117,1652-AA49,4-genuine-era-mismatch
12,2010,1707,2501-AD11,1-case-bug-high-confidence
12,2010,1715z-13a,2501-AD11,1-case-bug-high-confidence
12,2010,1715b,2502-AI89,1-case-bug-high-confidence
12,2010,1715z,2502-AI89,1-case-bug-high-confidence
12,2010,2601,2502-AI78,1-case-bug-high-confidence
12,2010,1715z-1,2502-AI75,1-case-bug-high-confidence
12,2010,1735f-19,2502-AI75,1-case-bug-high-confidence
12,2010,1702,2502-AI80,1-case-bug-high-confidence
12,2010,1709,2502-AI58,1-case-bug-high-confidence
12,2010,1710,2502-AI58,1-case-bug-high-confidence
12,2010,1715b,2502-AI58,1-case-bug-high-confidence
12,2010,1715z-16,2502-AI58,1-case-bug-high-confidence
12,2010,1715u,2502-AI58,1-case-bug-high-confidence
12,2010,1709,2502-AI68,1-case-bug-high-confidence
12,2010,1710,2502-AI68,1-case-bug-high-confidence
12,2010,1715b,2502-AI68,1-case-bug-high-confidence
12,2010,1715z-16,2502-AI68,1-case-bug-high-confidence
12,2010,7,2502-AI68,1-case-bug-high-confidence
12,2010,1715b,2502-AI65,1-case-bug-high-confidence
12,2010,1715b,2502-AI66,1-case-bug-high-confidence
12,2010,1715z,2502-AI66,1-case-bug-high-confidence
12,2010,1715b,2502-AI79,1-case-bug-high-confidence
12,2010,1715z,2502-AI79,1-case-bug-high-confidence
12,2010,1701,2502-AI86,1-case-bug-high-confidence
12,2010,1701q,2502-AI67,1-case-bug-high-confidence
12,2010,5101,2502-AI70,1-case-bug-high-confidence
12,2010,1715s,2502-AI73,1-case-bug-high-confidence
12,2010,1709,2502-AI74,1-case-bug-high-confidence
12,2010,1710,2502-AI74,1-case-bug-high-confidence
12,2010,1715b,2502-AI74,1-case-bug-high-confidence
12,2010,1715n,2502-AI74,1-case-bug-high-confidence
12,2010,1715u,2502-AI74,1-case-bug-high-confidence
12,2010,1703,2502-AI81,1-case-bug-high-confidence
12,2010,1709,2502-AI81,1-case-bug-high-confidence
12,2010,1715b,2502-AI81,1-case-bug-high-confidence
12,2010,1703,2502-AI45,1-case-bug-high-confidence
12,2010,1715z-20,2502-AI49,1-case-bug-high-confidence
12,2010,1702,2502-AI37,1-case-bug-high-confidence
12,2010,1709,2502-AI56,1-case-bug-high-confidence
12,2010,1710,2502-AI56,1-case-bug-high-confidence
12,2010,1715b,2502-AI56,1-case-bug-high-confidence
12,2010,1715u,2502-AI56,1-case-bug-high-confidence
12,2010,1710,2502-AH40,1-case-bug-high-confidence
12,2010,1703,2502-AI64,1-case-bug-high-confidence
12,2010,1709,2502-AI64,1-case-bug-high-confidence
12,2010,1715b,2502-AI64,1-case-bug-high-confidence
12,2010,1715b,2502-AI55,1-case-bug-high-confidence
12,2010,1715y,2502-AI55,1-case-bug-high-confidence
12,2010,1710,2502-AI15,1-case-bug-high-confidence
12,2010,1715z,2502-AI15,1-case-bug-high-confidence
12,2010,4568,2506-AC30,1-case-bug-high-confidence
12,2010,4568,2506-AC23,1-case-bug-high-confidence
12,2010,1701u,2529-AA91,1-case-bug-high-confidence
41,2010,701,2502-AI82,4-genuine-era-mismatch
40,2010,471,1004-AE10,4-genuine-era-mismatch
17,2010,509,1105-AA74,4-genuine-era-mismatch
18,2010,4203,1105-AB21,4-genuine-era-mismatch
18,2010,5006,1120-AB34,4-genuine-era-mismatch
18,2010,5006,1120-AB48,4-genuine-era-mismatch
18,2010,5006,1120-AB52,4-genuine-era-mismatch
18,2010,5006,1120-AB53,4-genuine-era-mismatch
18,2010,5006,1120-AB55,4-genuine-era-mismatch
18,2010,5006,1120-AB56,4-genuine-era-mismatch
18,2010,5006,1120-AB57,4-genuine-era-mismatch
18,2010,5006,1120-AA33,4-genuine-era-mismatch
18,2010,5006,1120-AA39,4-genuine-era-mismatch
18,2010,4161,1120-AA62,4-genuine-era-mismatch
18,2010,5006,1120-AA62,4-genuine-era-mismatch
18,2010,5006,1120-AA85,4-genuine-era-mismatch
18,2010,4161,1120-AA85,4-genuine-era-mismatch
18,2010,4201,1120-AA85,4-genuine-era-mismatch
18,2010,4251,1120-AA95,4-genuine-era-mismatch
18,2010,5006,1120-AA95,4-genuine-era-mismatch
18,2010,5006,1120-AA98,4-genuine-era-mismatch
18,2010,4161,1120-AB05,4-genuine-era-mismatch
18,2010,5006,1120-AB05,4-genuine-era-mismatch
18,2010,4161,1120-AB10,4-genuine-era-mismatch
18,2010,4201,1120-AB10,4-genuine-era-mismatch
18,2010,5006,1120-AB10,4-genuine-era-mismatch
18,2010,223,1120-AB14,4-genuine-era-mismatch
18,2010,5006,1120-AB14,4-genuine-era-mismatch
18,2010,4161,1120-AB18,4-genuine-era-mismatch
18,2010,5006,1120-AB18,4-genuine-era-mismatch
18,2010,5006,1120-AB20,4-genuine-era-mismatch
18,2010,5006,1120-AB26,4-genuine-era-mismatch
18,2010,5006,1120-AB37,4-genuine-era-mismatch
18,2010,4161,1120-AB42,4-genuine-era-mismatch
18,2010,4161,1120-AB44,4-genuine-era-mismatch
18,2010,5006,1120-AB44,4-genuine-era-mismatch
18,2010,5006,1120-AB46,4-genuine-era-mismatch
18,2010,5006,1120-AB49,4-genuine-era-mismatch
18,2010,5006,1120-AB50,4-genuine-era-mismatch
18,2010,4161,1120-AB51,4-genuine-era-mismatch
18,2010,5006,1120-AB51,4-genuine-era-mismatch
18,2010,5006,1120-AB59,4-genuine-era-mismatch
18,2010,5006,1120-AB35,4-genuine-era-mismatch
18,2010,4161,1120-AB47,4-genuine-era-mismatch
18,2010,5006,1120-AB47,4-genuine-era-mismatch
40,2010,276c,1205-AB59,4-genuine-era-mismatch
40,2010,333,1218-AB47,4-genuine-era-mismatch
40,2010,333,1218-AB67,4-genuine-era-mismatch
40,2010,333,1218-AC01,4-genuine-era-mismatch
40,2010,333,1218-AB89,4-genuine-era-mismatch
12,2010,24a,1505-AA81,1-case-bug-high-confidence
12,2010,1829,1506-AB01,1-case-bug-high-confidence
12,2010,1951,1506-AB01,1-case-bug-high-confidence
12,2010,1829b,1506-AB07,1-case-bug-high-confidence
12,2010,1951,1506-AB07,1-case-bug-high-confidence
12,2010,1829b,1506-AB08,1-case-bug-high-confidence
12,2010,1951,1506-AB08,1-case-bug-high-confidence
12,2010,1829,1506-AA97,1-case-bug-high-confidence
12,2010,1829,1506-AB04,1-case-bug-high-confidence
12,2010,1951,1506-AB04,1-case-bug-high-confidence
12,2010,1829,1506-AB05,1-case-bug-high-confidence
12,2010,1829b,1506-AB06,1-case-bug-high-confidence
12,2010,1951,1506-AB06,1-case-bug-high-confidence
12,2010,391,1510-AB24,1-case-bug-high-confidence
12,2010,90,1510-AB26,1-case-bug-high-confidence
12,2010,265,1510-AB26,1-case-bug-high-confidence
12,2010,266,1510-AB26,1-case-bug-high-confidence
12,2010,1767,1510-AB26,1-case-bug-high-confidence
12,2010,1789a,1510-AB26,1-case-bug-high-confidence
12,2010,391,1510-AB25,1-case-bug-high-confidence
12,2010,391,1510-AB28,1-case-bug-high-confidence
12,2010,90,1510-AB13,1-case-bug-high-confidence
12,2010,265,1510-AB13,1-case-bug-high-confidence
12,2010,266,1510-AB13,1-case-bug-high-confidence
12,2010,1767,1510-AB13,1-case-bug-high-confidence
12,2010,1789,1510-AB13,1-case-bug-high-confidence
40,2010,322,2105-AD95,4-genuine-era-mismatch
5,2010,1008,2105-AD86,4-genuine-era-mismatch
49,2010,1324,2105-AD94,4-genuine-era-mismatch
49,2010,70101,2120-AJ63,4-genuine-era-mismatch
49,2010,10103,2120-AJ55,4-genuine-era-mismatch
46,2010,1101,2133-AB74,4-genuine-era-mismatch
46,2010,1241,2133-AB74,4-genuine-era-mismatch
46,2010,1114,2133-AB67,4-genuine-era-mismatch
41,2010,418b,1505-AC04,4-genuine-era-mismatch
41,2010,418,1505-AC04,4-genuine-era-mismatch
26,2010,5021,1513-AB05,4-genuine-era-mismatch
26,2010,5091,1513-AB05,4-genuine-era-mismatch
26,2010,5093,1513-AB05,4-genuine-era-mismatch
26,2010,5142,1513-AB34,4-genuine-era-mismatch
26,2010,5143,1513-AB34,4-genuine-era-mismatch
26,2010,5146,1513-AB34,4-genuine-era-mismatch
26,2010,925,1545-AI16,4-genuine-era-mismatch
26,2010,927,1545-AI16,4-genuine-era-mismatch
38,2010,5302a,2900-AN14,4-genuine-era-mismatch
38,2010,1822,2900-AL82,4-genuine-era-mismatch
41,2010,46,3037-AA00,4-genuine-era-mismatch
41,2010,46,3037-AA01,4-genuine-era-mismatch
41,2010,46,3037-AA03,4-genuine-era-mismatch
41,2010,701,3045-AA53,4-genuine-era-mismatch
41,2010,121,9000-AL22,4-genuine-era-mismatch
41,2010,121,9000-AL24,4-genuine-era-mismatch
40,2010,486,9000-AL46,4-genuine-era-mismatch
41,2010,121,9000-AL23,4-genuine-era-mismatch
41,2010,414,3072-AC39,4-genuine-era-mismatch
41,2010,418,3072-AC39,4-genuine-era-mismatch
41,2010,601,3090-AI99,4-genuine-era-mismatch
41,2010,422,0348-AB64,4-genuine-era-mismatch
41,2010,422,0348-AB65,4-genuine-era-mismatch
12,2010,5221,3235-AK31,1-case-bug-high-confidence
13,2010,4,0607-AA46,1-case-bug-high-confidence
13,2010,181,0607-AA46,1-case-bug-high-confidence
13,2010,301,0607-AA50,1-case-bug-high-confidence
13,2010,141,0607-AA42,1-case-bug-high-confidence
41,2010,701,0960-AH14,4-genuine-era-mismatch
40,2010,484,0596-AB61,4-genuine-era-mismatch
41,2010,701,0605-AA28,4-genuine-era-mismatch
41,2010,414,0605-AA26,4-genuine-era-mismatch
46,2010,466c,0694-AF00,4-genuine-era-mismatch
41,2010,421,0750-AG38,4-genuine-era-mismatch
41,2010,421,0750-AG39,4-genuine-era-mismatch
41,2010,421,0750-AG47,4-genuine-era-mismatch
41,2010,421,0750-AG35,4-genuine-era-mismatch
41,2010,421,0750-AG40,4-genuine-era-mismatch
41,2010,421,0750-AG43,4-genuine-era-mismatch
41,2010,421,0750-AG44,4-genuine-era-mismatch
41,2010,421,0750-AG46,4-genuine-era-mismatch
41,2010,421,0750-AG51,4-genuine-era-mismatch
41,2010,421,0750-AG52,4-genuine-era-mismatch
41,2010,421,0750-AG56,4-genuine-era-mismatch
41,2010,421,0750-AG57,4-genuine-era-mismatch
41,2010,421,0750-AG58,4-genuine-era-mismatch
41,2010,421,0750-AG59,4-genuine-era-mismatch
41,2010,421,0750-AG60,4-genuine-era-mismatch
41,2010,421,0750-AG62,4-genuine-era-mismatch
41,2010,421,0750-AG63,4-genuine-era-mismatch
41,2010,421,0750-AG64,4-genuine-era-mismatch
41,2010,421,0750-AG66,4-genuine-era-mismatch
41,2010,421,0750-AG67,4-genuine-era-mismatch
41,2010,421,0750-AG69,4-genuine-era-mismatch
41,2010,401,0750-AG74,4-genuine-era-mismatch
41,2010,421,0750-AG77,4-genuine-era-mismatch
41,2010,42,0750-AG78,4-genuine-era-mismatch
41,2010,421,0750-AG80,4-genuine-era-mismatch
41,2010,421,0750-AE89,4-genuine-era-mismatch
41,2010,421,0750-AF50,4-genuine-era-mismatch
41,2010,421,0750-AF72,4-genuine-era-mismatch
41,2010,421,0750-AF81,4-genuine-era-mismatch
41,2010,421,0750-AG10,4-genuine-era-mismatch
41,2010,421,0750-AG11,4-genuine-era-mismatch
41,2010,421,0750-AG27,4-genuine-era-mismatch
41,2010,421,0750-AG34,4-genuine-era-mismatch
41,2010,421,0750-AG36,4-genuine-era-mismatch
41,2010,421,0750-AG37,4-genuine-era-mismatch
41,2010,421,0750-AG42,4-genuine-era-mismatch
41,2010,421,0750-AG49,4-genuine-era-mismatch
41,2010,421,0750-AG53,4-genuine-era-mismatch
41,2010,10a,0750-AG53,4-genuine-era-mismatch
41,2010,421,0750-AG55,4-genuine-era-mismatch
41,2010,421,0750-AG61,4-genuine-era-mismatch
10,2010,301,0790-AI25,4-genuine-era-mismatch
10,2010,301,0790-AI19,4-genuine-era-mismatch
40,2010,486,1991-AB92,4-genuine-era-mismatch
41,2010,701,1991-AB93,4-genuine-era-mismatch
14,2010,2,1625-AB32,1-case-bug-high-confidence
14,2010,91,1625-AB32,1-case-bug-high-confidence
14,2010,85,1625-AA00,1-case-bug-high-confidence
12,2010,1707,2501-AD11,1-case-bug-high-confidence
12,2010,1715z-13a,2501-AD11,1-case-bug-high-confidence
12,2010,1701x,2502-AI94,1-case-bug-high-confidence
12,2010,1702,2502-AI80,1-case-bug-high-confidence
12,2010,1709,2502-AI58,1-case-bug-high-confidence
12,2010,1710,2502-AI58,1-case-bug-high-confidence
12,2010,1715b,2502-AI58,1-case-bug-high-confidence
12,2010,1715z-16,2502-AI58,1-case-bug-high-confidence
12,2010,1715u,2502-AI58,1-case-bug-high-confidence
12,2010,1709,2502-AI68,1-case-bug-high-confidence
12,2010,1710,2502-AI68,1-case-bug-high-confidence
12,2010,1715b,2502-AI68,1-case-bug-high-confidence
12,2010,1715z-16,2502-AI68,1-case-bug-high-confidence
12,2010,7,2502-AI68,1-case-bug-high-confidence
12,2010,1715b,2502-AI65,1-case-bug-high-confidence
12,2010,1715b,2502-AI66,1-case-bug-high-confidence
12,2010,1715z,2502-AI66,1-case-bug-high-confidence
12,2010,1715b,2502-AI79,1-case-bug-high-confidence
12,2010,1715z,2502-AI79,1-case-bug-high-confidence
12,2010,1701,2502-AI86,1-case-bug-high-confidence
12,2010,1701q,2502-AI67,1-case-bug-high-confidence
12,2010,1703,2502-AI90,1-case-bug-high-confidence
12,2010,1709,2502-AI90,1-case-bug-high-confidence
12,2010,1715,2502-AI90,1-case-bug-high-confidence
12,2010,1703,2502-AI92,1-case-bug-high-confidence
12,2010,1709,2502-AI92,1-case-bug-high-confidence
12,2010,1715b,2502-AI92,1-case-bug-high-confidence
12,2010,1703,2502-AI93,1-case-bug-high-confidence
12,2010,1703,2502-AI91,1-case-bug-high-confidence
12,2010,1709,2502-AI91,1-case-bug-high-confidence
12,2010,1715b,2502-AI91,1-case-bug-high-confidence
12,2010,2601,2502-AI78,1-case-bug-high-confidence
12,2010,5101,2502-AI70,1-case-bug-high-confidence
12,2010,1709,2502-AI74,1-case-bug-high-confidence
12,2010,1710,2502-AI74,1-case-bug-high-confidence
12,2010,1715b,2502-AI74,1-case-bug-high-confidence
12,2010,1715n,2502-AI74,1-case-bug-high-confidence
12,2010,1715u,2502-AI74,1-case-bug-high-confidence
12,2010,1715z-1,2502-AI75,1-case-bug-high-confidence
12,2010,1735f-19,2502-AI75,1-case-bug-high-confidence
12,2010,1703,2502-AI45,1-case-bug-high-confidence
12,2010,1710,2502-AH40,1-case-bug-high-confidence
12,2010,1702,2502-AI37,1-case-bug-high-confidence
12,2010,1715s,2502-AI73,1-case-bug-high-confidence
12,2010,1703,2502-AI81,1-case-bug-high-confidence
12,2010,1709,2502-AI81,1-case-bug-high-confidence
12,2010,1715b,2502-AI81,1-case-bug-high-confidence
12,2010,1709,2502-AI56,1-case-bug-high-confidence
12,2010,1710,2502-AI56,1-case-bug-high-confidence
12,2010,1715b,2502-AI56,1-case-bug-high-confidence
12,2010,1715u,2502-AI56,1-case-bug-high-confidence
12,2010,1715z-20,2502-AI49,1-case-bug-high-confidence
12,2010,1715b,2502-AI89,1-case-bug-high-confidence
12,2010,1715z,2502-AI89,1-case-bug-high-confidence
12,2010,4568,2506-AC30,1-case-bug-high-confidence
12,2010,4568,2506-AC23,1-case-bug-high-confidence
12,2010,1701u,2529-AA91,1-case-bug-high-confidence
41,2010,418a,1601-AA38,4-genuine-era-mismatch
41,2010,701,1601-AA62,4-genuine-era-mismatch
41,2010,418b,1601-AA28,4-genuine-era-mismatch
41,2010,418,1601-AA28,4-genuine-era-mismatch
46,2010,5115,1625-AB20,4-genuine-era-mismatch
46,2010,3,1651-AA45,4-genuine-era-mismatch
46,2010,91,1651-AA45,4-genuine-era-mismatch
46,2010,70117,1652-AA53,4-genuine-era-mismatch
49,2010,44932,1652-AA53,4-genuine-era-mismatch
46,2010,70117,1652-AA49,4-genuine-era-mismatch
41,2010,701,2502-AI82,4-genuine-era-mismatch
40,2010,486,1093-AA11,4-genuine-era-mismatch
17,2010,509,1105-AA74,4-genuine-era-mismatch
18,2010,4203,1105-AB21,4-genuine-era-mismatch
18,2010,5006,1120-AA85,4-genuine-era-mismatch
18,2010,4161,1120-AA85,4-genuine-era-mismatch
18,2010,4201,1120-AA85,4-genuine-era-mismatch
18,2010,5006,1120-AB34,4-genuine-era-mismatch
18,2010,5006,1120-AB53,4-genuine-era-mismatch
18,2010,5006,1120-AB55,4-genuine-era-mismatch
18,2010,5006,1120-AB56,4-genuine-era-mismatch
18,2010,5006,1120-AA33,4-genuine-era-mismatch
18,2010,4161,1120-AA62,4-genuine-era-mismatch
18,2010,5006,1120-AA62,4-genuine-era-mismatch
18,2010,4251,1120-AA95,4-genuine-era-mismatch
18,2010,5006,1120-AA95,4-genuine-era-mismatch
18,2010,5006,1120-AA98,4-genuine-era-mismatch
18,2010,4161,1120-AB05,4-genuine-era-mismatch
18,2010,5006,1120-AB05,4-genuine-era-mismatch
18,2010,4161,1120-AB10,4-genuine-era-mismatch
18,2010,4201,1120-AB10,4-genuine-era-mismatch
18,2010,5006,1120-AB10,4-genuine-era-mismatch
18,2010,223,1120-AB14,4-genuine-era-mismatch
18,2010,5006,1120-AB14,4-genuine-era-mismatch
18,2010,4161,1120-AB18,4-genuine-era-mismatch
18,2010,5006,1120-AB18,4-genuine-era-mismatch
18,2010,5006,1120-AB20,4-genuine-era-mismatch
18,2010,5006,1120-AB26,4-genuine-era-mismatch
18,2010,5006,1120-AB37,4-genuine-era-mismatch
18,2010,4161,1120-AB42,4-genuine-era-mismatch
18,2010,4161,1120-AB44,4-genuine-era-mismatch
18,2010,5006,1120-AB44,4-genuine-era-mismatch
18,2010,5006,1120-AB46,4-genuine-era-mismatch
18,2010,4161,1120-AB47,4-genuine-era-mismatch
18,2010,5006,1120-AB47,4-genuine-era-mismatch
18,2010,5006,1120-AB48,4-genuine-era-mismatch
18,2010,5006,1120-AB49,4-genuine-era-mismatch
18,2010,5006,1120-AB50,4-genuine-era-mismatch
18,2010,4161,1120-AB51,4-genuine-era-mismatch
18,2010,5006,1120-AB51,4-genuine-era-mismatch
18,2010,5006,1120-AB52,4-genuine-era-mismatch
18,2010,5006,1120-AB59,4-genuine-era-mismatch
18,2010,5006,1120-AB57,4-genuine-era-mismatch
18,2010,5006,1120-AB58,4-genuine-era-mismatch
18,2010,5006,1120-AA39,4-genuine-era-mismatch
18,2010,5006,1120-AB35,4-genuine-era-mismatch
40,2010,276c,1205-AB59,4-genuine-era-mismatch
40,2010,333,1218-AB47,4-genuine-era-mismatch
40,2010,333,1218-AB67,4-genuine-era-mismatch
40,2010,333,1218-AC01,4-genuine-era-mismatch
5,2010,1008,2105-AE04,4-genuine-era-mismatch
5,2010,1008,2105-AD86,4-genuine-era-mismatch
40,2010,322,2105-AD95,4-genuine-era-mismatch
49,2010,70101,2120-AJ73,4-genuine-era-mismatch
49,2010,70101,2120-AJ84,4-genuine-era-mismatch
49,2010,70101,2120-AJ63,4-genuine-era-mismatch
46,2010,1101,2133-AB74,4-genuine-era-mismatch
46,2010,1241,2133-AB74,4-genuine-era-mismatch
46,2010,1114,2133-AB67,4-genuine-era-mismatch
41,2010,418b,1505-AC04,4-genuine-era-mismatch
41,2010,418,1505-AC04,4-genuine-era-mismatch
26,2010,5021,1513-AB05,4-genuine-era-mismatch
26,2010,5091,1513-AB05,4-genuine-era-mismatch
26,2010,5093,1513-AB05,4-genuine-era-mismatch
26,2010,5142,1513-AB34,4-genuine-era-mismatch
26,2010,5143,1513-AB34,4-genuine-era-mismatch
26,2010,5146,1513-AB34,4-genuine-era-mismatch
26,2010,925,1545-AI16,4-genuine-era-mismatch
26,2010,927,1545-AI16,4-genuine-era-mismatch
38,2010,1822,2900-AL82,4-genuine-era-mismatch
38,2010,5302a,2900-AN14,4-genuine-era-mismatch
38,2010,3719,2900-AN71,4-genuine-era-mismatch
41,2010,46,3037-AA00,4-genuine-era-mismatch
41,2010,46,3037-AA01,4-genuine-era-mismatch
41,2010,46,3037-AA03,4-genuine-era-mismatch
41,2010,701,3045-AA53,4-genuine-era-mismatch
41,2010,121,9000-AL22,4-genuine-era-mismatch
40,2010,486,9000-AL46,4-genuine-era-mismatch
41,2010,121,9000-AL24,4-genuine-era-mismatch
41,2010,414,3072-AC39,4-genuine-era-mismatch
41,2010,418,3072-AC39,4-genuine-era-mismatch
41,2010,701,3136-AA30,4-genuine-era-mismatch
41,2010,422,0348-AB64,4-genuine-era-mismatch
41,2010,422,0348-AB65,4-genuine-era-mismatch
41,2010,701,0960-AH14,4-genuine-era-mismatch
40,2011,484,0596-AB61,4-genuine-era-mismatch
41,2011,701,0605-AA28,4-genuine-era-mismatch
41,2011,421,0750-AG47,4-genuine-era-mismatch
41,2011,421,0750-AG91,4-genuine-era-mismatch
41,2011,421,0750-AG99,4-genuine-era-mismatch
41,2011,423,0750-AG99,4-genuine-era-mismatch
41,2011,421,0750-AH19,4-genuine-era-mismatch
41,2011,421,0750-AG38,4-genuine-era-mismatch
41,2011,421,0750-AG39,4-genuine-era-mismatch
41,2011,421,0750-AG58,4-genuine-era-mismatch
41,2011,421,0750-AG62,4-genuine-era-mismatch
41,2011,421,0750-AG66,4-genuine-era-mismatch
41,2011,401,0750-AG74,4-genuine-era-mismatch
41,2011,42,0750-AG78,4-genuine-era-mismatch
41,2011,421,0750-AG82,4-genuine-era-mismatch
41,2011,421,0750-AG83,4-genuine-era-mismatch
41,2011,421,0750-AG88,4-genuine-era-mismatch
41,2011,421,0750-AG90,4-genuine-era-mismatch
41,2011,421,0750-AG94,4-genuine-era-mismatch
41,2011,421,0750-AG96,4-genuine-era-mismatch
41,2011,421,0750-AG97,4-genuine-era-mismatch
41,2011,421,0750-AG98,4-genuine-era-mismatch
41,2011,421,0750-AH16,4-genuine-era-mismatch
41,2011,421,0750-AH20,4-genuine-era-mismatch
41,2011,421,0750-AG35,4-genuine-era-mismatch
41,2011,421,0750-AG40,4-genuine-era-mismatch
41,2011,421,0750-AH00,4-genuine-era-mismatch
41,2011,421,0750-AH10,4-genuine-era-mismatch
41,2011,421,0750-AH11,4-genuine-era-mismatch
41,2011,421,0750-AG43,4-genuine-era-mismatch
41,2011,421,0750-AG44,4-genuine-era-mismatch
41,2011,421,0750-AG46,4-genuine-era-mismatch
41,2011,421,0750-AG51,4-genuine-era-mismatch
41,2011,421,0750-AG52,4-genuine-era-mismatch
41,2011,421,0750-AG56,4-genuine-era-mismatch
41,2011,421,0750-AG57,4-genuine-era-mismatch
41,2011,421,0750-AG59,4-genuine-era-mismatch
41,2011,421,0750-AG60,4-genuine-era-mismatch
41,2011,421,0750-AG63,4-genuine-era-mismatch
41,2011,421,0750-AG64,4-genuine-era-mismatch
41,2011,421,0750-AG67,4-genuine-era-mismatch
41,2011,421,0750-AG69,4-genuine-era-mismatch
41,2011,421,0750-AG77,4-genuine-era-mismatch
41,2011,421,0750-AG80,4-genuine-era-mismatch
41,2011,421,0750-AG84,4-genuine-era-mismatch
41,2011,421,0750-AG85,4-genuine-era-mismatch
41,2011,421,0750-AG87,4-genuine-era-mismatch
41,2011,421,0750-AH06,4-genuine-era-mismatch
10,2011,301,0790-AI25,4-genuine-era-mismatch
10,2011,301,0790-AI19,4-genuine-era-mismatch
40,2011,486,1991-AB92,4-genuine-era-mismatch
41,2011,418b,1601-AA28,4-genuine-era-mismatch
41,2011,418,1601-AA28,4-genuine-era-mismatch
41,2011,418a,1601-AA38,4-genuine-era-mismatch
41,2011,701,1601-AA62,4-genuine-era-mismatch
46,2011,5115,1625-AB20,4-genuine-era-mismatch
46,2011,3,1651-AA45,4-genuine-era-mismatch
46,2011,91,1651-AA45,4-genuine-era-mismatch
46,2011,70117,1652-AA53,4-genuine-era-mismatch
49,2011,44932,1652-AA53,4-genuine-era-mismatch
46,2011,70117,1652-AA49,4-genuine-era-mismatch
41,2011,701,2502-AI82,4-genuine-era-mismatch
40,2011,471,1004-AE18,4-genuine-era-mismatch
18,2011,4203,1104-AA00,4-genuine-era-mismatch
18,2011,4203,1104-AA02,4-genuine-era-mismatch
18,2011,4203,1104-AA01,4-genuine-era-mismatch
17,2011,509,1105-AA74,4-genuine-era-mismatch
18,2011,4203,1105-AB21,4-genuine-era-mismatch
18,2011,5006,1120-AB34,4-genuine-era-mismatch
18,2011,5006,1120-AB53,4-genuine-era-mismatch
18,2011,5006,1120-AB55,4-genuine-era-mismatch
18,2011,5006,1120-AB56,4-genuine-era-mismatch
18,2011,5006,1120-AB58,4-genuine-era-mismatch
18,2011,5006,1120-AA33,4-genuine-era-mismatch
18,2011,4161,1120-AA62,4-genuine-era-mismatch
18,2011,5006,1120-AA62,4-genuine-era-mismatch
18,2011,5006,1120-AA85,4-genuine-era-mismatch
18,2011,4161,1120-AA85,4-genuine-era-mismatch
18,2011,4201,1120-AA85,4-genuine-era-mismatch
18,2011,4251,1120-AA95,4-genuine-era-mismatch
18,2011,5006,1120-AA95,4-genuine-era-mismatch
18,2011,4161,1120-AB05,4-genuine-era-mismatch
18,2011,5006,1120-AB05,4-genuine-era-mismatch
18,2011,4161,1120-AB10,4-genuine-era-mismatch
18,2011,4201,1120-AB10,4-genuine-era-mismatch
18,2011,5006,1120-AB10,4-genuine-era-mismatch
18,2011,223,1120-AB14,4-genuine-era-mismatch
18,2011,5006,1120-AB14,4-genuine-era-mismatch
18,2011,5006,1120-AB20,4-genuine-era-mismatch
18,2011,5006,1120-AB26,4-genuine-era-mismatch
18,2011,5006,1120-AB37,4-genuine-era-mismatch
18,2011,4161,1120-AB42,4-genuine-era-mismatch
18,2011,4161,1120-AB47,4-genuine-era-mismatch
18,2011,5006,1120-AB47,4-genuine-era-mismatch
18,2011,5006,1120-AB48,4-genuine-era-mismatch
18,2011,5006,1120-AB49,4-genuine-era-mismatch
18,2011,5006,1120-AB50,4-genuine-era-mismatch
18,2011,4161,1120-AB51,4-genuine-era-mismatch
18,2011,5006,1120-AB51,4-genuine-era-mismatch
18,2011,5006,1120-AB52,4-genuine-era-mismatch
18,2011,5006,1120-AB57,4-genuine-era-mismatch
18,2011,5006,1120-AB59,4-genuine-era-mismatch
18,2011,5006,1120-AA98,4-genuine-era-mismatch
18,2011,4161,1120-AB18,4-genuine-era-mismatch
18,2011,5006,1120-AB18,4-genuine-era-mismatch
18,2011,4161,1120-AB44,4-genuine-era-mismatch
18,2011,5006,1120-AB44,4-genuine-era-mismatch
18,2011,5006,1120-AB46,4-genuine-era-mismatch
40,2011,276c,1205-AB59,4-genuine-era-mismatch
40,2011,333,1218-AB47,4-genuine-era-mismatch
40,2011,333,1218-AB67,4-genuine-era-mismatch
5,2011,1008,2105-AE04,4-genuine-era-mismatch
5,2011,1008,2105-AD86,4-genuine-era-mismatch
49,2011,70101,2120-AJ73,4-genuine-era-mismatch
49,2011,70101,2120-AJ84,4-genuine-era-mismatch
23,2011,307,2125-AF40,4-genuine-era-mismatch
46,2011,1101,2133-AB74,4-genuine-era-mismatch
46,2011,1241,2133-AB74,4-genuine-era-mismatch
46,2011,1114,2133-AB67,4-genuine-era-mismatch
41,2011,418b,1505-AC04,4-genuine-era-mismatch
41,2011,418,1505-AC04,4-genuine-era-mismatch
26,2011,5021,1513-AB05,4-genuine-era-mismatch
26,2011,5091,1513-AB05,4-genuine-era-mismatch
26,2011,5093,1513-AB05,4-genuine-era-mismatch
26,2011,1022,1545-BK09,4-genuine-era-mismatch
26,2011,925,1545-AI16,4-genuine-era-mismatch
26,2011,927,1545-AI16,4-genuine-era-mismatch
38,2011,1822,2900-AL82,4-genuine-era-mismatch
41,2011,46,3037-AA01,4-genuine-era-mismatch
41,2011,46,3037-AA03,4-genuine-era-mismatch
41,2011,46,3037-AA06,4-genuine-era-mismatch
41,2011,46,3037-AA00,4-genuine-era-mismatch
41,2011,701,3045-AA53,4-genuine-era-mismatch
40,2011,486,9000-AL82,4-genuine-era-mismatch
40,2011,486,9000-AL46,4-genuine-era-mismatch
41,2011,121,9000-AL22,4-genuine-era-mismatch
41,2011,414,3072-AC39,4-genuine-era-mismatch
41,2011,418,3072-AC39,4-genuine-era-mismatch
41,2011,422,0348-AB68,4-genuine-era-mismatch
41,2011,422,0348-AB68,4-genuine-era-mismatch
41,2011,431,0348-AB68,4-genuine-era-mismatch
41,2011,422,0348-AB64,4-genuine-era-mismatch
41,2011,422,0348-AB65,4-genuine-era-mismatch
46,2011,3901,0579-AD18,4-genuine-era-mismatch
46,2011,3902,0579-AD18,4-genuine-era-mismatch
46,2011,3901,0579-AD25,4-genuine-era-mismatch
40,2011,484,0596-AB61,4-genuine-era-mismatch
41,2011,701,0605-AA28,4-genuine-era-mismatch
41,2011,421,0750-AG40,4-genuine-era-mismatch
41,2011,421,0750-AG66,4-genuine-era-mismatch
41,2011,423,0750-AG99,4-genuine-era-mismatch
41,2011,401,0750-AG74,4-genuine-era-mismatch
41,2011,42,0750-AG78,4-genuine-era-mismatch
41,2011,421,0750-AH00,4-genuine-era-mismatch
10,2011,301,0790-AI19,4-genuine-era-mismatch
10,2011,301,0790-AI25,4-genuine-era-mismatch
40,2011,486,1991-AB92,4-genuine-era-mismatch
41,2011,418b,1601-AA65,4-genuine-era-mismatch
41,2011,418b,1601-AA65,4-genuine-era-mismatch
41,2011,414,1601-AA65,4-genuine-era-mismatch
41,2011,418b,1601-AA28,4-genuine-era-mismatch
41,2011,418,1601-AA28,4-genuine-era-mismatch
46,2011,70117,1652-AA53,4-genuine-era-mismatch
49,2011,44932,1652-AA53,4-genuine-era-mismatch
46,2011,70117,1652-AA49,4-genuine-era-mismatch
41,2011,701,2501-AD54,4-genuine-era-mismatch
18,2011,4203,1104-AA00,4-genuine-era-mismatch
18,2011,4203,1104-AA02,4-genuine-era-mismatch
18,2011,4203,1104-AA01,4-genuine-era-mismatch
17,2011,509,1105-AA74,4-genuine-era-mismatch
18,2011,4203,1105-AB21,4-genuine-era-mismatch
18,2011,5006,1120-AB34,4-genuine-era-mismatch
18,2011,5006,1120-AB53,4-genuine-era-mismatch
18,2011,5006,1120-AB55,4-genuine-era-mismatch
18,2011,5006,1120-AB56,4-genuine-era-mismatch
18,2011,5006,1120-AB58,4-genuine-era-mismatch
18,2011,4161,1120-AB61,4-genuine-era-mismatch
18,2011,5006,1120-AB61,4-genuine-era-mismatch
18,2011,5006,1120-AB62,4-genuine-era-mismatch
18,2011,5006,1120-AA33,4-genuine-era-mismatch
18,2011,4161,1120-AA62,4-genuine-era-mismatch
18,2011,5006,1120-AA62,4-genuine-era-mismatch
18,2011,5006,1120-AA85,4-genuine-era-mismatch
18,2011,4161,1120-AA85,4-genuine-era-mismatch
18,2011,4201,1120-AA85,4-genuine-era-mismatch
18,2011,4251,1120-AA95,4-genuine-era-mismatch
18,2011,5006,1120-AA95,4-genuine-era-mismatch
18,2011,4161,1120-AB05,4-genuine-era-mismatch
18,2011,5006,1120-AB05,4-genuine-era-mismatch
18,2011,4161,1120-AB10,4-genuine-era-mismatch
18,2011,4201,1120-AB10,4-genuine-era-mismatch
18,2011,5006,1120-AB10,4-genuine-era-mismatch
18,2011,223,1120-AB14,4-genuine-era-mismatch
18,2011,5006,1120-AB14,4-genuine-era-mismatch
18,2011,5006,1120-AB26,4-genuine-era-mismatch
18,2011,5006,1120-AB37,4-genuine-era-mismatch
18,2011,4161,1120-AB47,4-genuine-era-mismatch
18,2011,5006,1120-AB47,4-genuine-era-mismatch
18,2011,5006,1120-AB48,4-genuine-era-mismatch
18,2011,5006,1120-AB49,4-genuine-era-mismatch
18,2011,4161,1120-AB51,4-genuine-era-mismatch
18,2011,5006,1120-AB51,4-genuine-era-mismatch
18,2011,5006,1120-AB52,4-genuine-era-mismatch
18,2011,5006,1120-AB57,4-genuine-era-mismatch
18,2011,5006,1120-AB59,4-genuine-era-mismatch
18,2011,5006,1120-AB63,4-genuine-era-mismatch
18,2011,5006,1120-AB20,4-genuine-era-mismatch
40,2011,276c,1205-AB59,4-genuine-era-mismatch
40,2011,333,1218-AB47,4-genuine-era-mismatch
40,2011,333,1218-AB67,4-genuine-era-mismatch
5,2011,1008,2105-AD86,4-genuine-era-mismatch
5,2011,1008,2105-AE04,4-genuine-era-mismatch
49,2011,70101,2120-AJ73,4-genuine-era-mismatch
49,2011,70101,2120-AJ84,4-genuine-era-mismatch
23,2011,307,2125-AF40,4-genuine-era-mismatch
46,2011,1101,2133-AB74,4-genuine-era-mismatch
46,2011,1241,2133-AB74,4-genuine-era-mismatch
46,2011,1114,2133-AB79,4-genuine-era-mismatch
46,2011,1241,2133-AB79,4-genuine-era-mismatch
46,2011,802,2133-AB81,4-genuine-era-mismatch
46,2011,803,2133-AB81,4-genuine-era-mismatch
46,2011,808,2133-AB81,4-genuine-era-mismatch
46,2011,835,2133-AB81,4-genuine-era-mismatch
46,2011,839,2133-AB81,4-genuine-era-mismatch
46,2011,1114,2133-AB81,4-genuine-era-mismatch
46,2011,1195,2133-AB81,4-genuine-era-mismatch
41,2011,418b,1505-AC39,4-genuine-era-mismatch
41,2011,418b,1505-AC04,4-genuine-era-mismatch
41,2011,418,1505-AC04,4-genuine-era-mismatch
26,2011,5021,1513-AB05,4-genuine-era-mismatch
26,2011,5091,1513-AB05,4-genuine-era-mismatch
26,2011,5093,1513-AB05,4-genuine-era-mismatch
26,2011,1022,1545-BK09,4-genuine-era-mismatch
26,2011,925,1545-AI16,4-genuine-era-mismatch
26,2011,927,1545-AI16,4-genuine-era-mismatch
38,2011,1822,2900-AL82,4-genuine-era-mismatch
41,2011,701,0412-AA66,4-genuine-era-mismatch
41,2011,702,0412-AA66,4-genuine-era-mismatch
41,2011,46,3037-AA01,4-genuine-era-mismatch
41,2011,46,3037-AA06,4-genuine-era-mismatch
41,2011,46,3037-AA03,4-genuine-era-mismatch
41,2011,701,3045-AA53,4-genuine-era-mismatch
40,2011,486,9000-AL82,4-genuine-era-mismatch
40,2011,486,9000-AL46,4-genuine-era-mismatch
41,2011,422,0348-AB64,4-genuine-era-mismatch
41,2011,422,0348-AB68,4-genuine-era-mismatch
41,2011,422,0348-AB68,4-genuine-era-mismatch
41,2011,431,0348-AB68,4-genuine-era-mismatch
41,2011,422,0348-AB65,4-genuine-era-mismatch
33,2012,3601,0648-BC18,1-case-bug-high-confidence
35,2012,2,0651-AC32,1-case-bug-high-confidence
35,2012,41,0651-AC32,1-case-bug-high-confidence
35,2012,2,0651-AC35,1-case-bug-high-confidence
35,2012,2,0651-AC40,1-case-bug-high-confidence
35,2012,2,0651-AC45,1-case-bug-high-confidence
35,2012,2,0651-AC57,1-case-bug-high-confidence
35,2012,2,0651-AC79,1-case-bug-high-confidence
35,2012,2,0651-AC27,1-case-bug-high-confidence
35,2012,119,0651-AC54,1-case-bug-high-confidence
35,2012,120,0651-AC54,1-case-bug-high-confidence
35,2012,132,0651-AC54,1-case-bug-high-confidence
35,2012,376,0651-AC54,1-case-bug-high-confidence
35,2012,41,0651-AC54,1-case-bug-high-confidence
35,2012,2,0651-AC58,1-case-bug-high-confidence
35,2012,102,0651-AC77,1-case-bug-high-confidence
35,2012,103,0651-AC77,1-case-bug-high-confidence
35,2012,2,0651-AC77,1-case-bug-high-confidence
35,2012,123,0651-AC78,1-case-bug-high-confidence
35,2012,2,0651-AC78,1-case-bug-high-confidence
35,2012,2,0651-AB55,1-case-bug-high-confidence
35,2012,2,0651-AC19,1-case-bug-high-confidence
35,2012,2,0651-AC39,1-case-bug-high-confidence
35,2012,376,0651-AC42,1-case-bug-high-confidence
35,2012,132,0651-AC42,1-case-bug-high-confidence
35,2012,120,0651-AC42,1-case-bug-high-confidence
35,2012,119,0651-AC42,1-case-bug-high-confidence
35,2012,41,0651-AC42,1-case-bug-high-confidence
35,2012,119,0651-AC44,1-case-bug-high-confidence
35,2012,376,0651-AC44,1-case-bug-high-confidence
35,2012,120,0651-AC44,1-case-bug-high-confidence
35,2012,41,0651-AC44,1-case-bug-high-confidence
35,2012,132,0651-AC44,1-case-bug-high-confidence
35,2012,2,0651-AC47,1-case-bug-high-confidence
35,2012,2,0651-AC48,1-case-bug-high-confidence
35,2012,2,0651-AC49,1-case-bug-high-confidence
35,2012,2,0651-AC53,1-case-bug-high-confidence
35,2012,41,0651-AC53,1-case-bug-high-confidence
35,2012,119,0651-AC55,1-case-bug-high-confidence
35,2012,120,0651-AC55,1-case-bug-high-confidence
35,2012,132,0651-AC55,1-case-bug-high-confidence
35,2012,376,0651-AC55,1-case-bug-high-confidence
35,2012,41,0651-AC55,1-case-bug-high-confidence
35,2012,2,0651-AC56,1-case-bug-high-confidence
35,2012,154,0651-AC56,1-case-bug-high-confidence
35,2012,2,0651-AC61,1-case-bug-high-confidence
35,2012,2,0651-AC62,1-case-bug-high-confidence
35,2012,154,0651-AC63,1-case-bug-high-confidence
35,2012,2,0651-AC63,1-case-bug-high-confidence
10,2012,301,0790-AI19,4-genuine-era-mismatch
10,2012,654,0790-AI78,4-genuine-era-mismatch
33,2012,1226,1625-AB21,1-case-bug-high-confidence
33,2012,1231,1625-AB21,1-case-bug-high-confidence
33,2012,1226,1625-AB30,1-case-bug-high-confidence
33,2012,1231,1625-AB30,1-case-bug-high-confidence
33,2012,1223,1625-AB32,1-case-bug-high-confidence
33,2012,1231,1625-AB32,1-case-bug-high-confidence
33,2012,1903,1625-AB32,1-case-bug-high-confidence
33,2012,1226,1625-AB38,1-case-bug-high-confidence
33,2012,1231,1625-AB38,1-case-bug-high-confidence
33,2012,1903,1625-AB83,1-case-bug-high-confidence
33,2012,1504,1625-AB92,1-case-bug-high-confidence
33,2012,1223,1625-AA99,1-case-bug-high-confidence
33,2012,1225,1625-AA99,1-case-bug-high-confidence
33,2012,1231,1625-AA99,1-case-bug-high-confidence
33,2012,1223,1625-AB27,1-case-bug-high-confidence
33,2012,1231,1625-AB27,1-case-bug-high-confidence
33,2012,1903,1625-AB27,1-case-bug-high-confidence
33,2012,1908,1625-AB27,1-case-bug-high-confidence
33,2012,1225,1625-AB37,1-case-bug-high-confidence
33,2012,1231,1625-AB84,1-case-bug-high-confidence
33,2012,1903,1625-AB90,1-case-bug-high-confidence
33,2012,1904,1625-AB90,1-case-bug-high-confidence
33,2012,1231,1625-AB95,1-case-bug-high-confidence
33,2012,1226,1625-AA00,1-case-bug-high-confidence
33,2012,1231,1625-AA00,1-case-bug-high-confidence
33,2012,471,1625-AA01,1-case-bug-high-confidence
33,2012,1221,1625-AA01,1-case-bug-high-confidence
33,2012,2030,1625-AA01,1-case-bug-high-confidence
33,2012,2035,1625-AA01,1-case-bug-high-confidence
33,2012,2071,1625-AA01,1-case-bug-high-confidence
33,2012,1321,1625-AA02,1-case-bug-high-confidence
33,2012,1233,1625-AA08,1-case-bug-high-confidence
33,2012,499,1625-AA09,1-case-bug-high-confidence
33,2012,1231,1625-AA11,1-case-bug-high-confidence
33,2012,1226,1625-AA11,1-case-bug-high-confidence
33,2012,1321,1625-AA12,1-case-bug-high-confidence
33,2012,1231,1625-AA13,1-case-bug-high-confidence
33,2012,1321,1625-AA13,1-case-bug-high-confidence
33,2012,1226,1625-AA87,1-case-bug-high-confidence
33,2012,1231,1625-AA87,1-case-bug-high-confidence
33,2012,1902,1625-AB57,1-case-bug-high-confidence
33,2012,1222,1625-AB72,1-case-bug-high-confidence
33,2012,1233,1625-AB72,1-case-bug-high-confidence
33,2012,1231,1625-AB72,1-case-bug-high-confidence
33,2012,1221,1625-AB81,1-case-bug-high-confidence
33,2012,1903,1625-AB94,1-case-bug-high-confidence
33,2012,1903,1625-AB35,1-case-bug-high-confidence
33,2012,494,1625-AB36,1-case-bug-high-confidence
33,2012,502,1625-AB36,1-case-bug-high-confidence
33,2012,1903,1625-AB44,1-case-bug-high-confidence
33,2012,1231,1625-AB67,1-case-bug-high-confidence
40,2012,121,2501-AD56,1-case-bug-high-confidence
33,2012,1322,1018-AW66,1-case-bug-high-confidence
33,2012,1322,1018-AY75,1-case-bug-high-confidence
46,2012,70117,1652-AA53,4-genuine-era-mismatch
49,2012,44932,1652-AA53,4-genuine-era-mismatch
46,2012,70117,1652-AA49,4-genuine-era-mismatch
18,2012,4203,1104-AA03,4-genuine-era-mismatch
18,2012,4203,1104-AA00,4-genuine-era-mismatch
18,2012,4203,1104-AA01,4-genuine-era-mismatch
18,2012,4203,1104-AA02,4-genuine-era-mismatch
17,2012,509,1105-AA74,4-genuine-era-mismatch
18,2012,5006,1120-AA85,4-genuine-era-mismatch
18,2012,4161,1120-AA85,4-genuine-era-mismatch
18,2012,4201,1120-AA85,4-genuine-era-mismatch
18,2012,5006,1120-AB34,4-genuine-era-mismatch
18,2012,5006,1120-AB53,4-genuine-era-mismatch
18,2012,5006,1120-AB56,4-genuine-era-mismatch
18,2012,5006,1120-AB58,4-genuine-era-mismatch
18,2012,5006,1120-AB62,4-genuine-era-mismatch
18,2012,4251,1120-AA95,4-genuine-era-mismatch
18,2012,5006,1120-AA95,4-genuine-era-mismatch
18,2012,4161,1120-AB05,4-genuine-era-mismatch
18,2012,5006,1120-AB05,4-genuine-era-mismatch
18,2012,4161,1120-AB10,4-genuine-era-mismatch
18,2012,4201,1120-AB10,4-genuine-era-mismatch
18,2012,5006,1120-AB10,4-genuine-era-mismatch
18,2012,223,1120-AB14,4-genuine-era-mismatch
18,2012,5006,1120-AB14,4-genuine-era-mismatch
18,2012,5006,1120-AB26,4-genuine-era-mismatch
18,2012,5006,1120-AB37,4-genuine-era-mismatch
18,2012,4161,1120-AB47,4-genuine-era-mismatch
18,2012,5006,1120-AB47,4-genuine-era-mismatch
18,2012,5006,1120-AB48,4-genuine-era-mismatch
18,2012,5006,1120-AB52,4-genuine-era-mismatch
18,2012,5006,1120-AB55,4-genuine-era-mismatch
18,2012,5006,1120-AB57,4-genuine-era-mismatch
18,2012,5006,1120-AB59,4-genuine-era-mismatch
33,2012,941,1218-AC72,1-case-bug-high-confidence
33,2012,939,1240-AA06,1-case-bug-high-confidence
33,2012,939,1240-AA05,1-case-bug-high-confidence
38,2012,4211,1250-AA00,1-case-bug-high-confidence
38,2012,4212,1250-AA00,1-case-bug-high-confidence
38,2012,4102,1293-AA18,1-case-bug-high-confidence
40,2012,102,2105-AE14,1-case-bug-high-confidence
40,2012,301,2105-AE14,1-case-bug-high-confidence
40,2012,1101,2125-AF44,1-case-bug-high-confidence
18,2012,5006,1120-AB63,4-genuine-era-mismatch
18,2012,5006,1120-AA33,4-genuine-era-mismatch
18,2012,5006,1120-AB49,4-genuine-era-mismatch
18,2012,4161,1120-AB61,4-genuine-era-mismatch
18,2012,5006,1120-AB61,4-genuine-era-mismatch
14,2012,106,2120-AK13,4-genuine-era-mismatch
49,2012,70101,2120-AJ73,4-genuine-era-mismatch
49,2012,70101,2120-AJ85,4-genuine-era-mismatch
49,2012,70101,2120-AK05,4-genuine-era-mismatch
49,2012,70103,2120-AK05,4-genuine-era-mismatch
49,2012,70101,2120-AK16,4-genuine-era-mismatch
23,2012,307,2125-AF40,4-genuine-era-mismatch
49,2012,33112,2127-AL26,4-genuine-era-mismatch
49,2012,30168,2127-AK06,4-genuine-era-mismatch
49,2012,33112,2127-AL22,4-genuine-era-mismatch
46,2012,1101,2133-AB74,4-genuine-era-mismatch
46,2012,1241,2133-AB74,4-genuine-era-mismatch
46,2012,1114,2133-AB79,4-genuine-era-mismatch
46,2012,1241,2133-AB79,4-genuine-era-mismatch
26,2012,5021,1513-AB05,4-genuine-era-mismatch
26,2012,5091,1513-AB05,4-genuine-era-mismatch
26,2012,5093,1513-AB05,4-genuine-era-mismatch
17,2012,601,1515-AD87,4-genuine-era-mismatch
26,2012,1022,1545-BK09,4-genuine-era-mismatch
33,2012,1909,2060-AR36,1-case-bug-high-confidence
40,2012,121,9000-AM37,1-case-bug-high-confidence
40,2012,121,9000-AM39,1-case-bug-high-confidence
40,2012,121,9000-AM40,1-case-bug-high-confidence
40,2012,121,9000-AM41,1-case-bug-high-confidence
40,2012,121,9000-AL96,1-case-bug-high-confidence
40,2012,121,9000-AM02,1-case-bug-high-confidence
40,2012,121,9000-AM06,1-case-bug-high-confidence
40,2012,121,9000-AM13,1-case-bug-high-confidence
40,2012,121,9000-AM19,1-case-bug-high-confidence
40,2012,121,9000-AM20,1-case-bug-high-confidence
40,2012,121,9000-AM21,1-case-bug-high-confidence
40,2012,121,9000-AM22,1-case-bug-high-confidence
40,2012,121,9000-AM23,1-case-bug-high-confidence
40,2012,121,9000-AM24,1-case-bug-high-confidence
40,2012,121,9000-AM26,1-case-bug-high-confidence
40,2012,121,9000-AM27,1-case-bug-high-confidence
40,2012,121,9000-AM28,1-case-bug-high-confidence
40,2012,121,9000-AM30,1-case-bug-high-confidence
40,2012,121,9000-AM33,1-case-bug-high-confidence
40,2012,121,9000-AM34,1-case-bug-high-confidence
40,2012,121,9000-AM36,1-case-bug-high-confidence
40,2012,121,9000-AM38,1-case-bug-high-confidence
40,2012,121,9000-AM43,1-case-bug-high-confidence
40,2012,121,9000-AM44,1-case-bug-high-confidence
40,2012,121,9000-AL55,1-case-bug-high-confidence
40,2012,121,9000-AL66,1-case-bug-high-confidence
40,2012,121,9000-AL78,1-case-bug-high-confidence
40,2012,121,9000-AL88,1-case-bug-high-confidence
40,2012,121,9000-AL91,1-case-bug-high-confidence
40,2012,121,9000-AL93,1-case-bug-high-confidence
40,2012,121,9000-AL95,1-case-bug-high-confidence
40,2012,121,9000-AL97,1-case-bug-high-confidence
40,2012,121,9000-AL99,1-case-bug-high-confidence
40,2012,121,9000-AM01,1-case-bug-high-confidence
40,2012,121,9000-AM03,1-case-bug-high-confidence
40,2012,121,9000-AM08,1-case-bug-high-confidence
40,2012,121,9000-AM09,1-case-bug-high-confidence
40,2012,121,9000-AM10,1-case-bug-high-confidence
40,2012,121,9000-AM14,1-case-bug-high-confidence
40,2012,121,9000-AM15,1-case-bug-high-confidence
40,2012,121,9000-AM16,1-case-bug-high-confidence
40,2012,121,9000-AM17,1-case-bug-high-confidence
40,2012,121,9000-AM18,1-case-bug-high-confidence
40,2012,121,9000-AM25,1-case-bug-high-confidence
40,2012,121,9000-AM29,1-case-bug-high-confidence
40,2012,121,9000-AM31,1-case-bug-high-confidence
40,2012,121,9000-AM32,1-case-bug-high-confidence
40,2012,121,9000-AM35,1-case-bug-high-confidence
40,2012,121,3090-AI81,1-case-bug-high-confidence
40,2012,121,3090-AJ32,1-case-bug-high-confidence
40,2012,121,3090-AJ30,1-case-bug-high-confidence
36,2015,6,0651-AD04,4-genuine-era-mismatch
50,2015,2401,0694-AE80,4-genuine-era-mismatch
50,2015,2401,0694-AF68,4-genuine-era-mismatch
50,2015,5,0694-AF68,4-genuine-era-mismatch
50,2015,2401,0694-AF75,4-genuine-era-mismatch
50,2015,5,0694-AF75,4-genuine-era-mismatch
50,2015,2401,0694-AG10,4-genuine-era-mismatch
50,2015,2401,0694-AG30,4-genuine-era-mismatch
50,2015,2099,0694-AG38,4-genuine-era-mismatch
50,2015,2401,0694-AG49,4-genuine-era-mismatch
50,2015,5,0694-AG49,4-genuine-era-mismatch
50,2015,2401,0694-AG51,4-genuine-era-mismatch
50,2015,2401,0694-AE89,4-genuine-era-mismatch
50,2015,5,0694-AE89,4-genuine-era-mismatch
50,2015,2401,0694-AF52,4-genuine-era-mismatch
50,2015,5,0694-AF52,4-genuine-era-mismatch
50,2015,2401,0694-AF67,4-genuine-era-mismatch
50,2015,2401,0694-AG00,4-genuine-era-mismatch
50,2015,5,0694-AG00,4-genuine-era-mismatch
50,2015,2401,0694-AG08,4-genuine-era-mismatch
50,2015,5,0694-AG08,4-genuine-era-mismatch
50,2015,2401,0694-AG18,4-genuine-era-mismatch
50,2015,2401,0694-AG29,4-genuine-era-mismatch
50,2015,2401,0694-AG32,4-genuine-era-mismatch
50,2015,2401,0694-AG44,4-genuine-era-mismatch
50,2015,5,0694-AG44,4-genuine-era-mismatch
50,2015,2401,0694-AG47,4-genuine-era-mismatch
50,2015,2401,0694-AG53,4-genuine-era-mismatch
50,2015,2401,0694-AG57,4-genuine-era-mismatch
50,2015,5,0694-AG57,4-genuine-era-mismatch
50,2015,2401,0694-AG59,4-genuine-era-mismatch
50,2015,5,0694-AG59,4-genuine-era-mismatch
50,2015,2401,0694-AG64,4-genuine-era-mismatch
50,2015,2401,0694-AG70,4-genuine-era-mismatch
50,2015,5,0694-AG70,4-genuine-era-mismatch
50,2015,2401,0694-AF47,4-genuine-era-mismatch
50,2015,5,0694-AF47,4-genuine-era-mismatch
50,2015,2401,0694-AF48,4-genuine-era-mismatch
50,2015,5,0694-AF48,4-genuine-era-mismatch
50,2015,2401,0694-AF49,4-genuine-era-mismatch
50,2015,5,0694-AF49,4-genuine-era-mismatch
50,2015,2401,0694-AF60,4-genuine-era-mismatch
50,2015,5,0694-AF60,4-genuine-era-mismatch
50,2015,2401,0694-AD89,4-genuine-era-mismatch
50,2015,2401,0694-AE43,4-genuine-era-mismatch
50,2015,5,0694-AE43,4-genuine-era-mismatch
50,2015,2401,0694-AG13,4-genuine-era-mismatch
50,2015,2061,0694-AG17,4-genuine-era-mismatch
50,2015,2401,0694-AG45,4-genuine-era-mismatch
50,2015,5,0694-AG45,4-genuine-era-mismatch
50,2015,2401,0694-AG54,4-genuine-era-mismatch
50,2015,5,0694-AG54,4-genuine-era-mismatch
50,2015,2401,0694-AG55,4-genuine-era-mismatch
50,2015,2401,0694-AG60,4-genuine-era-mismatch
50,2015,5,0694-AG60,4-genuine-era-mismatch
50,2015,2401,0694-AG61,4-genuine-era-mismatch
50,2015,2401,0694-AG62,4-genuine-era-mismatch
50,2015,5,0694-AG62,4-genuine-era-mismatch
50,2015,2401,0694-AG63,4-genuine-era-mismatch
50,2015,2401,0694-AG65,4-genuine-era-mismatch
50,2015,2401,0694-AG65,4-genuine-era-mismatch
50,2015,2401,0694-AG66,4-genuine-era-mismatch
50,2015,2401,0694-AG67,4-genuine-era-mismatch
50,2015,2061,0694-AG68,4-genuine-era-mismatch
50,2015,468,0694-AG68,4-genuine-era-mismatch
50,2015,2401,0694-AG69,4-genuine-era-mismatch
50,2015,2401,0694-AG71,4-genuine-era-mismatch
50,2015,5,0694-AG71,4-genuine-era-mismatch
50,2015,2401,0694-AG72,4-genuine-era-mismatch
10,2015,403,0790-AI19,4-genuine-era-mismatch
10,2015,654,0790-AI78,4-genuine-era-mismatch
44,2015,3544,0790-AJ29,4-genuine-era-mismatch
40,2015,486,1991-AB92,4-genuine-era-mismatch
41,2015,418b,1991-AC04,4-genuine-era-mismatch
41,2015,418b,1991-AC00,4-genuine-era-mismatch
41,2015,418b,1991-AB99,4-genuine-era-mismatch
40,2015,486,3206-AN00,4-genuine-era-mismatch
40,2015,486,3206-AN13,4-genuine-era-mismatch
49,2015,721,2140-AA97,4-genuine-era-mismatch
49,2015,721,2140-AB11,4-genuine-era-mismatch
49,2015,721,2140-AB14,4-genuine-era-mismatch
49,2015,721,2140-AB22,4-genuine-era-mismatch
49,2015,701,2140-AB05,4-genuine-era-mismatch
49,2015,721,2140-AB05,4-genuine-era-mismatch
46,2016,3901,0579-AE00,4-genuine-era-mismatch
46,2016,3902,0579-AE00,4-genuine-era-mismatch
41,2016,701,0605-AA43,4-genuine-era-mismatch
36,2016,6,0651-AD04,4-genuine-era-mismatch
50,2016,2401,0694-AE80,4-genuine-era-mismatch
50,2016,2401,0694-AF67,4-genuine-era-mismatch
50,2016,2401,0694-AF68,4-genuine-era-mismatch
50,2016,5,0694-AF68,4-genuine-era-mismatch
50,2016,2401,0694-AG10,4-genuine-era-mismatch
50,2016,2401,0694-AG30,4-genuine-era-mismatch
50,2016,2401,0694-AG51,4-genuine-era-mismatch
50,2016,2401,0694-AG89,4-genuine-era-mismatch
50,2016,2401,0694-AG93,4-genuine-era-mismatch
50,2016,5,0694-AG93,4-genuine-era-mismatch
50,2016,2401,0694-AE89,4-genuine-era-mismatch
50,2016,5,0694-AE89,4-genuine-era-mismatch
50,2016,2401,0694-AF52,4-genuine-era-mismatch
50,2016,5,0694-AF52,4-genuine-era-mismatch
50,2016,2401,0694-AF75,4-genuine-era-mismatch
50,2016,5,0694-AF75,4-genuine-era-mismatch
50,2016,2401,0694-AG00,4-genuine-era-mismatch
50,2016,5,0694-AG00,4-genuine-era-mismatch
50,2016,2401,0694-AG08,4-genuine-era-mismatch
50,2016,5,0694-AG08,4-genuine-era-mismatch
50,2016,2401,0694-AG32,4-genuine-era-mismatch
50,2016,2401,0694-AG47,4-genuine-era-mismatch
50,2016,2401,0694-AG57,4-genuine-era-mismatch
50,2016,5,0694-AG57,4-genuine-era-mismatch
50,2016,2401,0694-AG59,4-genuine-era-mismatch
50,2016,5,0694-AG59,4-genuine-era-mismatch
50,2016,2401,0694-AG70,4-genuine-era-mismatch
50,2016,5,0694-AG70,4-genuine-era-mismatch
50,2016,2401,0694-AG73,4-genuine-era-mismatch
50,2016,5,0694-AG76,4-genuine-era-mismatch
50,2016,2401,0694-AG80,4-genuine-era-mismatch
50,2016,2061,0694-AG83,4-genuine-era-mismatch
50,2016,2401,0694-AG83,4-genuine-era-mismatch
50,2016,468,0694-AG83,4-genuine-era-mismatch
50,2016,5,0694-AG83,4-genuine-era-mismatch
50,2016,2401,0694-AG85,4-genuine-era-mismatch
50,2016,5,0694-AG85,4-genuine-era-mismatch
50,2016,2401,0694-AG88,4-genuine-era-mismatch
50,2016,5,0694-AG88,4-genuine-era-mismatch
50,2016,2401,0694-AG90,4-genuine-era-mismatch
50,2016,5,0694-AG90,4-genuine-era-mismatch
50,2016,2401,0694-AG91,4-genuine-era-mismatch
50,2016,2401,0694-AG92,4-genuine-era-mismatch
50,2016,2401,0694-AF47,4-genuine-era-mismatch
50,2016,5,0694-AF47,4-genuine-era-mismatch
50,2016,2401,0694-AF48,4-genuine-era-mismatch
50,2016,5,0694-AF48,4-genuine-era-mismatch
50,2016,2401,0694-AF49,4-genuine-era-mismatch
50,2016,5,0694-AF49,4-genuine-era-mismatch
50,2016,2401,0694-AF60,4-genuine-era-mismatch
50,2016,5,0694-AF60,4-genuine-era-mismatch
50,2016,2401,0694-AG44,4-genuine-era-mismatch
50,2016,5,0694-AG44,4-genuine-era-mismatch
50,2016,2401,0694-AG49,4-genuine-era-mismatch
50,2016,5,0694-AG49,4-genuine-era-mismatch
50,2016,2401,0694-AG64,4-genuine-era-mismatch
50,2016,2401,0694-AG74,4-genuine-era-mismatch
50,2018,2401,0694-AE80,4-genuine-era-mismatch
50,2018,2401,0694-AF67,4-genuine-era-mismatch
50,2018,2401,0694-AG10,4-genuine-era-mismatch
10,2018,7430,0694-AG57,4-genuine-era-mismatch
50,2018,2401,0694-AG57,4-genuine-era-mismatch
50,2018,5,0694-AG57,4-genuine-era-mismatch
10,2018,7430,0694-AG93,4-genuine-era-mismatch
50,2018,2401,0694-AG93,4-genuine-era-mismatch
50,2018,5,0694-AG93,4-genuine-era-mismatch
10,2018,7430,0694-AH45,4-genuine-era-mismatch
10,2018,7430,0694-AH53,4-genuine-era-mismatch
10,2018,7430,0694-AH56,4-genuine-era-mismatch
10,2018,7430,0694-AH61,4-genuine-era-mismatch
10,2018,7430,0694-AF47,4-genuine-era-mismatch
50,2018,2401,0694-AF47,4-genuine-era-mismatch
50,2018,5,0694-AF47,4-genuine-era-mismatch
10,2018,7430,0694-AG70,4-genuine-era-mismatch
50,2018,2401,0694-AG70,4-genuine-era-mismatch
50,2018,5,0694-AG70,4-genuine-era-mismatch
10,2018,7430,0694-AG95,4-genuine-era-mismatch
10,2018,7430,0694-AH34,4-genuine-era-mismatch
10,2018,7430,0694-AH44,4-genuine-era-mismatch
10,2018,7430,0694-AH58,4-genuine-era-mismatch
10,2018,7430,0694-AH60,4-genuine-era-mismatch
10,2018,7430,0694-AF60,4-genuine-era-mismatch
50,2018,2401,0694-AF60,4-genuine-era-mismatch
50,2018,5,0694-AF60,4-genuine-era-mismatch
10,2018,7430,0694-AG00,4-genuine-era-mismatch
50,2018,2401,0694-AG00,4-genuine-era-mismatch
50,2018,5,0694-AG00,4-genuine-era-mismatch
10,2018,7430,0694-AG08,4-genuine-era-mismatch
50,2018,2401,0694-AG08,4-genuine-era-mismatch
50,2018,5,0694-AG08,4-genuine-era-mismatch
50,2018,2401,0694-AG18,4-genuine-era-mismatch
50,2018,2401,0694-AG53,4-genuine-era-mismatch
10,2018,7430,0694-AG98,4-genuine-era-mismatch
50,2018,2401,0694-AG51,4-genuine-era-mismatch
10,2018,7430,0694-AG90,4-genuine-era-mismatch
50,2018,2401,0694-AG90,4-genuine-era-mismatch
50,2018,5,0694-AG90,4-genuine-era-mismatch
10,2018,7430,0694-AH13,4-genuine-era-mismatch
10,2018,7430,0694-AH37,4-genuine-era-mismatch
10,2018,7430,0694-AH46,4-genuine-era-mismatch
10,2018,7430,0694-AH49,4-genuine-era-mismatch
10,2018,4594,0702-AA70,4-genuine-era-mismatch
10,2018,3013,0702-AA80,4-genuine-era-mismatch
10,2018,4721,0702-AA80,4-genuine-era-mismatch
10,2018,3262,0702-AA78,4-genuine-era-mismatch
10,2018,3013,0702-AA78,4-genuine-era-mismatch
10,2018,3012,0702-AA84,4-genuine-era-mismatch
10,2018,3012,0702-AA92,4-genuine-era-mismatch
10,2018,3012,0702-AA94,4-genuine-era-mismatch
10,2018,3012,0702-AA95,4-genuine-era-mismatch
40,2018,258a,0702-AA95,4-genuine-era-mismatch
41,2018,14,0702-AA95,4-genuine-era-mismatch
10,2018,4308,0702-AA97,4-genuine-era-mismatch
10,2018,4506,0702-AA97,4-genuine-era-mismatch
10,2018,4507,0702-AA97,4-genuine-era-mismatch
10,2018,4627,0702-AA97,4-genuine-era-mismatch
10,2018,3012,0702-AB00,4-genuine-era-mismatch
10,2018,3012,0702-AA83,4-genuine-era-mismatch
10,2018,3012,0702-AA87,4-genuine-era-mismatch
10,2018,6011,0703-AB06,4-genuine-era-mismatch
10,2018,5013,0703-AA96,4-genuine-era-mismatch
50,2018,2210,0703-AA96,4-genuine-era-mismatch
10,2018,2339,0750-AJ34,4-genuine-era-mismatch
10,2018,133,0790-AK11,4-genuine-era-mismatch
10,2018,133,0790-AI73,4-genuine-era-mismatch
10,2018,520a,0790-AK27,4-genuine-era-mismatch
10,2018,673a,0790-AK29,4-genuine-era-mismatch
40,2018,484,0790-AK30,4-genuine-era-mismatch
40,2018,485,0790-AK30,4-genuine-era-mismatch
50,2018,456,0790-AK32,4-genuine-era-mismatch
10,2018,133,0790-AJ44,4-genuine-era-mismatch
20,2018,6511,1894-AA10,4-genuine-era-mismatch
20,2018,1069c,1894-AA10,4-genuine-era-mismatch
41,2018,701,1992-AA53,4-genuine-era-mismatch
40,2012,121,3090-AJ31,1-case-bug-high-confidence
40,2012,121,3090-AI51,1-case-bug-high-confidence
40,2012,121,3090-AI76,1-case-bug-high-confidence
40,2012,121,3090-AI77,1-case-bug-high-confidence
40,2012,549,3090-AJ26,1-case-bug-high-confidence
40,2012,121,3090-AJ26,1-case-bug-high-confidence
40,2012,121,3090-AI72,1-case-bug-high-confidence
40,2012,121,3090-AJ13,1-case-bug-high-confidence
40,2012,121,3090-AJ24,1-case-bug-high-confidence
40,2012,121,3090-AJ11,1-case-bug-high-confidence
40,2012,121,3090-AJ15,1-case-bug-high-confidence
40,2012,121,3090-AJ25,1-case-bug-high-confidence
40,2012,17503,3090-AJ25,1-case-bug-high-confidence
35,2012,200,2700-AE02,1-case-bug-high-confidence
41,2012,8101,3135-AA24,1-case-bug-high-confidence
41,2012,1502,0348-AB64,1-case-bug-high-confidence
41,2012,1502,0348-AB68,1-case-bug-high-confidence
41,2012,1502,0348-AB68,1-case-bug-high-confidence
41,2012,1908,0348-AB68,1-case-bug-high-confidence
38,2012,4331,3206-AL85,1-case-bug-high-confidence
38,2012,5301,3206-AM17,1-case-bug-high-confidence
38,2012,501,3206-AM17,1-case-bug-high-confidence
40,2012,590,3206-AL36,1-case-bug-high-confidence
39,2012,404a,3211-AA01,1-case-bug-high-confidence
39,2012,3633,3211-AA07,1-case-bug-high-confidence
40,2013,484,0596-AB61,4-genuine-era-mismatch
40,2013,486,0599-AA20,4-genuine-era-mismatch
41,2013,701,0605-AA28,4-genuine-era-mismatch
10,2013,301,0790-AI19,4-genuine-era-mismatch
10,2013,654,0790-AI78,4-genuine-era-mismatch
40,2013,486,1991-AB92,4-genuine-era-mismatch
40,2013,486,0991-AB86,4-genuine-era-mismatch
40,2013,486,0991-AB87,4-genuine-era-mismatch
40,2013,486,0991-AB88,4-genuine-era-mismatch
46,2013,70117,1652-AA53,4-genuine-era-mismatch
49,2013,44932,1652-AA53,4-genuine-era-mismatch
46,2013,70117,1652-AA49,4-genuine-era-mismatch
40,2013,471,1004-AE29,4-genuine-era-mismatch
41,2013,253,1090-AB03,4-genuine-era-mismatch
40,2013,486,1090-AB03,4-genuine-era-mismatch
18,2013,4203,1104-AA03,4-genuine-era-mismatch
18,2013,4203,1104-AA00,4-genuine-era-mismatch
18,2013,4203,1104-AA01,4-genuine-era-mismatch
18,2013,4203,1104-AA02,4-genuine-era-mismatch
18,2013,5006,1120-AB34,4-genuine-era-mismatch
18,2013,5006,1120-AB53,4-genuine-era-mismatch
18,2013,5006,1120-AB56,4-genuine-era-mismatch
18,2013,5006,1120-AB58,4-genuine-era-mismatch
18,2013,5006,1120-AB62,4-genuine-era-mismatch
18,2013,5006,1120-AA85,4-genuine-era-mismatch
18,2013,4161,1120-AA85,4-genuine-era-mismatch
18,2013,4201,1120-AA85,4-genuine-era-mismatch
18,2013,4251,1120-AA95,4-genuine-era-mismatch
18,2013,5006,1120-AA95,4-genuine-era-mismatch
18,2013,4161,1120-AB05,4-genuine-era-mismatch
18,2013,5006,1120-AB05,4-genuine-era-mismatch
18,2013,4161,1120-AB10,4-genuine-era-mismatch
18,2013,4201,1120-AB10,4-genuine-era-mismatch
18,2013,5006,1120-AB10,4-genuine-era-mismatch
18,2013,223,1120-AB14,4-genuine-era-mismatch
18,2013,5006,1120-AB14,4-genuine-era-mismatch
18,2013,5006,1120-AB26,4-genuine-era-mismatch
18,2013,5006,1120-AB37,4-genuine-era-mismatch
18,2013,4161,1120-AB47,4-genuine-era-mismatch
18,2013,5006,1120-AB47,4-genuine-era-mismatch
18,2013,5006,1120-AB48,4-genuine-era-mismatch
18,2013,5006,1120-AB52,4-genuine-era-mismatch
18,2013,5006,1120-AB55,4-genuine-era-mismatch
18,2013,5006,1120-AB57,4-genuine-era-mismatch
18,2013,5006,1120-AB63,4-genuine-era-mismatch
18,2013,5006,1120-AB59,4-genuine-era-mismatch
40,2013,276c,1205-AB59,4-genuine-era-mismatch
40,2013,333,1218-AB47,4-genuine-era-mismatch
40,2013,333,1218-AB67,4-genuine-era-mismatch
14,2013,106,2120-AK13,4-genuine-era-mismatch
49,2013,33112,2127-AL26,4-genuine-era-mismatch
46,2013,1101,2133-AB74,4-genuine-era-mismatch
46,2013,1241,2133-AB74,4-genuine-era-mismatch
17,2013,601,1515-AD87,4-genuine-era-mismatch
26,2013,1022,1545-BK09,4-genuine-era-mismatch
40,2013,486,3090-AJ29,4-genuine-era-mismatch
40,2013,486,3090-AJ28,4-genuine-era-mismatch
10,2013,301,0790-AI19,4-genuine-era-mismatch
10,2013,654,0790-AI78,4-genuine-era-mismatch
40,2013,486,1991-AB92,4-genuine-era-mismatch
40,2013,486,0991-AB86,4-genuine-era-mismatch
40,2013,486,0991-AB87,4-genuine-era-mismatch
40,2013,486,0991-AB88,4-genuine-era-mismatch
46,2013,70117,1652-AA53,4-genuine-era-mismatch
49,2013,44932,1652-AA53,4-genuine-era-mismatch
46,2013,70117,1652-AA49,4-genuine-era-mismatch
40,2013,471,1004-AE22,4-genuine-era-mismatch
18,2013,4203,1104-AA03,4-genuine-era-mismatch
18,2013,4203,1104-AA00,4-genuine-era-mismatch
18,2013,4203,1104-AA01,4-genuine-era-mismatch
18,2013,4203,1104-AA02,4-genuine-era-mismatch
18,2013,4203,1104-AA04,4-genuine-era-mismatch
18,2013,5006,1120-AB34,4-genuine-era-mismatch
18,2013,5006,1120-AB53,4-genuine-era-mismatch
18,2013,5006,1120-AB56,4-genuine-era-mismatch
18,2013,5006,1120-AB58,4-genuine-era-mismatch
18,2013,5006,1120-AB62,4-genuine-era-mismatch
18,2013,5006,1120-AA85,4-genuine-era-mismatch
18,2013,4161,1120-AA85,4-genuine-era-mismatch
18,2013,4201,1120-AA85,4-genuine-era-mismatch
18,2013,4251,1120-AA95,4-genuine-era-mismatch
18,2013,5006,1120-AA95,4-genuine-era-mismatch
18,2013,4161,1120-AB05,4-genuine-era-mismatch
18,2013,5006,1120-AB05,4-genuine-era-mismatch
18,2013,4161,1120-AB10,4-genuine-era-mismatch
18,2013,4201,1120-AB10,4-genuine-era-mismatch
18,2013,5006,1120-AB10,4-genuine-era-mismatch
18,2013,223,1120-AB14,4-genuine-era-mismatch
18,2013,5006,1120-AB14,4-genuine-era-mismatch
18,2013,5006,1120-AB26,4-genuine-era-mismatch
18,2013,5006,1120-AB37,4-genuine-era-mismatch
18,2013,4161,1120-AB47,4-genuine-era-mismatch
18,2013,5006,1120-AB47,4-genuine-era-mismatch
18,2013,5006,1120-AB48,4-genuine-era-mismatch
18,2013,5006,1120-AB52,4-genuine-era-mismatch
18,2013,5006,1120-AB55,4-genuine-era-mismatch
18,2013,5006,1120-AB59,4-genuine-era-mismatch
18,2013,5006,1120-AB63,4-genuine-era-mismatch
18,2013,5006,1120-AB57,4-genuine-era-mismatch
40,2013,276c,1205-AB59,4-genuine-era-mismatch
40,2013,333,1218-AB47,4-genuine-era-mismatch
40,2013,333,1218-AB67,4-genuine-era-mismatch
14,2013,106,2120-AK13,4-genuine-era-mismatch
46,2013,1101,2133-AB74,4-genuine-era-mismatch
46,2013,1241,2133-AB74,4-genuine-era-mismatch
17,2013,601,1515-AD87,4-genuine-era-mismatch
26,2013,1022,1545-BK09,4-genuine-era-mismatch
40,2013,486,3090-AJ29,4-genuine-era-mismatch
40,2014,484,0596-AB61,4-genuine-era-mismatch
10,2014,301,0790-AI19,4-genuine-era-mismatch
10,2014,654,0790-AI78,4-genuine-era-mismatch
40,2014,486,1991-AB92,4-genuine-era-mismatch
41,2014,418b,1991-AC04,4-genuine-era-mismatch
40,2014,486,0991-AB86,4-genuine-era-mismatch
40,2014,486,0991-AB87,4-genuine-era-mismatch
40,2014,486,0991-AB88,4-genuine-era-mismatch
46,2014,70117,1652-AA53,4-genuine-era-mismatch
49,2014,44932,1652-AA53,4-genuine-era-mismatch
46,2014,70117,1652-AA49,4-genuine-era-mismatch
18,2014,4203,1104-AA00,4-genuine-era-mismatch
18,2014,4203,1104-AA01,4-genuine-era-mismatch
18,2014,4203,1104-AA02,4-genuine-era-mismatch
18,2014,4203,1104-AA03,4-genuine-era-mismatch
18,2014,4203,1104-AA04,4-genuine-era-mismatch
18,2014,5006,1120-AB34,4-genuine-era-mismatch
18,2014,5006,1120-AB53,4-genuine-era-mismatch
18,2014,5006,1120-AB56,4-genuine-era-mismatch
18,2014,5006,1120-AB58,4-genuine-era-mismatch
18,2014,5006,1120-AB67,4-genuine-era-mismatch
18,2014,5006,1120-AA85,4-genuine-era-mismatch
18,2014,4161,1120-AA85,4-genuine-era-mismatch
18,2014,4201,1120-AA85,4-genuine-era-mismatch
18,2014,4251,1120-AA95,4-genuine-era-mismatch
18,2014,5006,1120-AA95,4-genuine-era-mismatch
18,2014,4161,1120-AB10,4-genuine-era-mismatch
18,2014,4201,1120-AB10,4-genuine-era-mismatch
18,2014,5006,1120-AB10,4-genuine-era-mismatch
18,2014,223,1120-AB14,4-genuine-era-mismatch
18,2014,5006,1120-AB14,4-genuine-era-mismatch
18,2014,5006,1120-AB37,4-genuine-era-mismatch
18,2014,4161,1120-AB47,4-genuine-era-mismatch
18,2014,5006,1120-AB47,4-genuine-era-mismatch
18,2014,5006,1120-AB48,4-genuine-era-mismatch
18,2014,5006,1120-AB52,4-genuine-era-mismatch
18,2014,5006,1120-AB55,4-genuine-era-mismatch
18,2014,5006,1120-AB57,4-genuine-era-mismatch
18,2014,5006,1120-AB62,4-genuine-era-mismatch
18,2014,5006,1120-AB63,4-genuine-era-mismatch
18,2014,4161,1120-AB05,4-genuine-era-mismatch
18,2014,5006,1120-AB05,4-genuine-era-mismatch
18,2014,5006,1120-AB26,4-genuine-era-mismatch
18,2014,5006,1120-AB59,4-genuine-era-mismatch
40,2014,276c,1205-AB59,4-genuine-era-mismatch
40,2014,333,1218-AB47,4-genuine-era-mismatch
40,2014,333,1218-AB67,4-genuine-era-mismatch
5,2014,1008,2105-AD86,4-genuine-era-mismatch
14,2014,106,2120-AK13,4-genuine-era-mismatch
46,2014,1101,2133-AB74,4-genuine-era-mismatch
46,2014,1241,2133-AB74,4-genuine-era-mismatch
17,2014,601,1515-AD87,4-genuine-era-mismatch
26,2014,1022,1545-BK09,4-genuine-era-mismatch
41,2014,501,2900-AP01,4-genuine-era-mismatch
40,2014,486,3090-AJ29,4-genuine-era-mismatch
40,2014,481,3090-AJ39,4-genuine-era-mismatch
5,2014,402,3147-AA13,4-genuine-era-mismatch
40,2014,484,0596-AB61,4-genuine-era-mismatch
10,2014,403,0790-AI19,4-genuine-era-mismatch
10,2014,654,0790-AI78,4-genuine-era-mismatch
44,2014,3544,0790-AJ29,4-genuine-era-mismatch
40,2014,486,1991-AB92,4-genuine-era-mismatch
41,2014,418b,1991-AC00,4-genuine-era-mismatch
41,2014,418b,1991-AC04,4-genuine-era-mismatch
41,2014,418b,1991-AB99,4-genuine-era-mismatch
41,2014,418b,1991-AC07,4-genuine-era-mismatch
40,2014,486,0991-AB86,4-genuine-era-mismatch
40,2014,486,0991-AB87,4-genuine-era-mismatch
46,2014,4104,1625-AC21,4-genuine-era-mismatch
46,2014,70117,1652-AA49,4-genuine-era-mismatch
46,2014,70117,1652-AA53,4-genuine-era-mismatch
49,2014,44932,1652-AA53,4-genuine-era-mismatch
40,2014,471,1004-AE36,4-genuine-era-mismatch
18,2014,4203,1104-AA02,4-genuine-era-mismatch
18,2014,4203,1104-AA00,4-genuine-era-mismatch
18,2014,4203,1104-AA01,4-genuine-era-mismatch
18,2014,4203,1104-AA04,4-genuine-era-mismatch
18,2014,4203,1104-AA03,4-genuine-era-mismatch
18,2014,5006,1120-AB34,4-genuine-era-mismatch
18,2014,5006,1120-AB53,4-genuine-era-mismatch
18,2014,5006,1120-AB56,4-genuine-era-mismatch
18,2014,5006,1120-AB58,4-genuine-era-mismatch
18,2014,5006,1120-AB67,4-genuine-era-mismatch
18,2014,5006,1120-AB68,4-genuine-era-mismatch
18,2014,5006,1120-AA85,4-genuine-era-mismatch
18,2014,4161,1120-AA85,4-genuine-era-mismatch
18,2014,4201,1120-AA85,4-genuine-era-mismatch
18,2014,4251,1120-AA95,4-genuine-era-mismatch
18,2014,5006,1120-AA95,4-genuine-era-mismatch
18,2014,4161,1120-AB05,4-genuine-era-mismatch
18,2014,5006,1120-AB05,4-genuine-era-mismatch
18,2014,4161,1120-AB10,4-genuine-era-mismatch
18,2014,4201,1120-AB10,4-genuine-era-mismatch
18,2014,5006,1120-AB10,4-genuine-era-mismatch
18,2014,223,1120-AB14,4-genuine-era-mismatch
18,2014,5006,1120-AB14,4-genuine-era-mismatch
18,2014,5006,1120-AB26,4-genuine-era-mismatch
18,2014,4161,1120-AB47,4-genuine-era-mismatch
18,2014,5006,1120-AB47,4-genuine-era-mismatch
18,2014,5006,1120-AB48,4-genuine-era-mismatch
18,2014,5006,1120-AB52,4-genuine-era-mismatch
18,2014,5006,1120-AB55,4-genuine-era-mismatch
18,2014,5006,1120-AB57,4-genuine-era-mismatch
18,2014,5006,1120-AB59,4-genuine-era-mismatch
18,2014,5006,1120-AB62,4-genuine-era-mismatch
18,2014,5006,1120-AB63,4-genuine-era-mismatch
18,2014,5024,1120-AB63,4-genuine-era-mismatch
18,2014,5006,1120-AB37,4-genuine-era-mismatch
40,2014,276c,1205-AB59,4-genuine-era-mismatch
40,2014,333,1218-AB47,4-genuine-era-mismatch
5,2014,1008,2105-AD86,4-genuine-era-mismatch
41,2014,418,2105-AE34,4-genuine-era-mismatch
14,2014,106,2120-AK13,4-genuine-era-mismatch
46,2014,1101,2133-AB74,4-genuine-era-mismatch
46,2014,1241,2133-AB74,4-genuine-era-mismatch
17,2014,601,1515-AD87,4-genuine-era-mismatch
26,2014,1022,1545-BK09,4-genuine-era-mismatch
41,2014,501,2900-AP01,4-genuine-era-mismatch
40,2014,486,3090-AJ29,4-genuine-era-mismatch
40,2014,486,3090-AJ49,4-genuine-era-mismatch
40,2014,486,3090-AJ42,4-genuine-era-mismatch
5,2014,402,3147-AA13,4-genuine-era-mismatch
40,2014,486,3206-AN00,4-genuine-era-mismatch
50,2015,2401,0694-AG51,4-genuine-era-mismatch
50,2015,2401,0694-AE80,4-genuine-era-mismatch
50,2015,2401,0694-AF52,4-genuine-era-mismatch
50,2015,2401,0694-AF68,4-genuine-era-mismatch
50,2015,5,0694-AF68,4-genuine-era-mismatch
50,2015,2401,0694-AF75,4-genuine-era-mismatch
50,2015,5,0694-AF75,4-genuine-era-mismatch
50,2015,2401,0694-AG10,4-genuine-era-mismatch
50,2015,2155,0694-AG17,4-genuine-era-mismatch
50,2015,2401,0694-AG30,4-genuine-era-mismatch
50,2015,2401,0694-AG32,4-genuine-era-mismatch
50,2015,2401,0694-AG47,4-genuine-era-mismatch
50,2015,2401,0694-AG49,4-genuine-era-mismatch
50,2015,5,0694-AG49,4-genuine-era-mismatch
50,2015,2401,0694-AG57,4-genuine-era-mismatch
50,2015,5,0694-AG57,4-genuine-era-mismatch
50,2015,2401,0694-AF67,4-genuine-era-mismatch
50,2015,2401,0694-AG00,4-genuine-era-mismatch
50,2015,5,0694-AG00,4-genuine-era-mismatch
50,2015,2401,0694-AG08,4-genuine-era-mismatch
50,2015,5,0694-AG08,4-genuine-era-mismatch
50,2015,2401,0694-AG13,4-genuine-era-mismatch
50,2015,2401,0694-AG18,4-genuine-era-mismatch
50,2015,2401,0694-AG29,4-genuine-era-mismatch
50,2015,2401,0694-AG44,4-genuine-era-mismatch
50,2015,5,0694-AG44,4-genuine-era-mismatch
50,2015,2401,0694-AG45,4-genuine-era-mismatch
50,2015,5,0694-AG45,4-genuine-era-mismatch
50,2015,2401,0694-AG53,4-genuine-era-mismatch
50,2015,2401,0694-AG54,4-genuine-era-mismatch
50,2015,5,0694-AG54,4-genuine-era-mismatch
50,2015,2401,0694-AG55,4-genuine-era-mismatch
50,2015,2401,0694-AG59,4-genuine-era-mismatch
50,2015,5,0694-AG59,4-genuine-era-mismatch
50,2015,2401,0694-AD58,4-genuine-era-mismatch
50,2015,5,0694-AD58,4-genuine-era-mismatch
50,2015,2401,0694-AF72,4-genuine-era-mismatch
50,2015,5,0694-AF72,4-genuine-era-mismatch
50,2015,2401,0694-AF88,4-genuine-era-mismatch
50,2015,5,0694-AF88,4-genuine-era-mismatch
50,2015,2401,0694-AF98,4-genuine-era-mismatch
50,2015,5,0694-AF98,4-genuine-era-mismatch
50,2015,2401,0694-AG11,4-genuine-era-mismatch
50,2015,5,0694-AG11,4-genuine-era-mismatch
50,2015,2401,0694-AG19,4-genuine-era-mismatch
50,2015,2401,0694-AG24,4-genuine-era-mismatch
50,2015,2401,0694-AG27,4-genuine-era-mismatch
50,2015,5,0694-AG27,4-genuine-era-mismatch
50,2015,2401,0694-AG31,4-genuine-era-mismatch
50,2015,2401,0694-AG33,4-genuine-era-mismatch
50,2015,5,0694-AG33,4-genuine-era-mismatch
50,2015,2401,0694-AG34,4-genuine-era-mismatch
50,2015,5,0694-AG34,4-genuine-era-mismatch
50,2015,2401,0694-AG35,4-genuine-era-mismatch
50,2015,2401,0694-AG36,4-genuine-era-mismatch
50,2015,2401,0694-AG39,4-genuine-era-mismatch
50,2015,5,0694-AG39,4-genuine-era-mismatch
50,2015,2401,0694-AG40,4-genuine-era-mismatch
50,2015,5,0694-AG40,4-genuine-era-mismatch
50,2015,2401,0694-AG41,4-genuine-era-mismatch
50,2015,5,0694-AG41,4-genuine-era-mismatch
50,2015,2401,0694-AG42,4-genuine-era-mismatch
50,2015,2401,0694-AG43,4-genuine-era-mismatch
50,2015,5,0694-AG43,4-genuine-era-mismatch
50,2015,2401,0694-AG46,4-genuine-era-mismatch
50,2015,2401,0694-AG48,4-genuine-era-mismatch
50,2015,5,0694-AG48,4-genuine-era-mismatch
50,2015,2401,0694-AG50,4-genuine-era-mismatch
50,2015,2401,0694-AG58,4-genuine-era-mismatch
10,2015,403,0790-AI19,4-genuine-era-mismatch
10,2015,654,0790-AI78,4-genuine-era-mismatch
44,2015,3544,0790-AJ29,4-genuine-era-mismatch
44,2015,3544,0790-AJ14,4-genuine-era-mismatch
40,2015,486,1991-AB92,4-genuine-era-mismatch
41,2015,418b,1991-AC04,4-genuine-era-mismatch
41,2015,418b,1991-AB99,4-genuine-era-mismatch
41,2015,418b,1991-AC00,4-genuine-era-mismatch
41,2015,418b,1991-AC07,4-genuine-era-mismatch
40,2015,486,0991-AB86,4-genuine-era-mismatch
46,2015,4104,1625-AC21,4-genuine-era-mismatch
46,2015,70117,1652-AA49,4-genuine-era-mismatch
46,2015,70117,1652-AA53,4-genuine-era-mismatch
49,2015,44932,1652-AA53,4-genuine-era-mismatch
18,2015,4203,1104-AA00,4-genuine-era-mismatch
18,2015,4203,1104-AA01,4-genuine-era-mismatch
18,2015,4203,1104-AA02,4-genuine-era-mismatch
18,2015,4203,1104-AA04,4-genuine-era-mismatch
18,2015,4161,1120-AB10,4-genuine-era-mismatch
18,2015,4201,1120-AB10,4-genuine-era-mismatch
18,2015,5006,1120-AB10,4-genuine-era-mismatch
18,2015,5006,1120-AB56,4-genuine-era-mismatch
18,2015,5006,1120-AB58,4-genuine-era-mismatch
18,2015,5006,1120-AB67,4-genuine-era-mismatch
18,2015,5006,1120-AB68,4-genuine-era-mismatch
18,2015,5006,1120-AA85,4-genuine-era-mismatch
18,2015,4161,1120-AA85,4-genuine-era-mismatch
18,2015,4201,1120-AA85,4-genuine-era-mismatch
18,2015,4161,1120-AB05,4-genuine-era-mismatch
18,2015,5006,1120-AB05,4-genuine-era-mismatch
18,2015,5006,1120-AB37,4-genuine-era-mismatch
18,2015,4161,1120-AB47,4-genuine-era-mismatch
18,2015,5006,1120-AB47,4-genuine-era-mismatch
18,2015,5006,1120-AB52,4-genuine-era-mismatch
18,2015,5006,1120-AB55,4-genuine-era-mismatch
18,2015,5006,1120-AB57,4-genuine-era-mismatch
18,2015,5006,1120-AB62,4-genuine-era-mismatch
18,2015,5006,1120-AB63,4-genuine-era-mismatch
18,2015,5024,1120-AB63,4-genuine-era-mismatch
18,2015,4161,1120-AB64,4-genuine-era-mismatch
18,2015,5006,1120-AB64,4-genuine-era-mismatch
18,2015,4161,1120-AB66,4-genuine-era-mismatch
18,2015,5006,1120-AB66,4-genuine-era-mismatch
18,2015,5006,1120-AB48,4-genuine-era-mismatch
40,2015,276c,1205-AB59,4-genuine-era-mismatch
40,2015,333,1218-AB47,4-genuine-era-mismatch
5,2015,1008,2105-AD86,4-genuine-era-mismatch
41,2015,418,2105-AE26,4-genuine-era-mismatch
23,2015,215,2125-AF67,4-genuine-era-mismatch
46,2015,1101,2133-AB74,4-genuine-era-mismatch
46,2015,1241,2133-AB74,4-genuine-era-mismatch
50,2015,1744,2133-AB88,4-genuine-era-mismatch
17,2015,601,1515-AD87,4-genuine-era-mismatch
26,2015,1022,1545-BK09,4-genuine-era-mismatch
50,2015,1989c-5,2900-AO73,4-genuine-era-mismatch
40,2015,486,3090-AJ52,4-genuine-era-mismatch
5,2015,402,3147-AA13,4-genuine-era-mismatch
40,2015,486,3206-AN00,4-genuine-era-mismatch
40,2015,486,3206-AN13,4-genuine-era-mismatch
49,2015,721,2140-AB14,4-genuine-era-mismatch
49,2015,701,2140-AB05,4-genuine-era-mismatch
49,2015,721,2140-AB05,4-genuine-era-mismatch
49,2015,721,2140-AA97,4-genuine-era-mismatch
50,2015,2061,0560-AH68,4-genuine-era-mismatch
40,2015,486,0991-AB86,4-genuine-era-mismatch
46,2015,4104,1625-AC21,4-genuine-era-mismatch
46,2015,70117,1652-AA49,4-genuine-era-mismatch
46,2015,70117,1652-AA53,4-genuine-era-mismatch
49,2015,44932,1652-AA53,4-genuine-era-mismatch
18,2015,4203,1104-AA05,4-genuine-era-mismatch
18,2015,4203,1104-AA00,4-genuine-era-mismatch
18,2015,4203,1104-AA04,4-genuine-era-mismatch
18,2015,4203,1104-AA01,4-genuine-era-mismatch
18,2015,4203,1104-AA02,4-genuine-era-mismatch
18,2015,4161,1120-AB10,4-genuine-era-mismatch
18,2015,4201,1120-AB10,4-genuine-era-mismatch
18,2015,5006,1120-AB10,4-genuine-era-mismatch
18,2015,5006,1120-AB58,4-genuine-era-mismatch
18,2015,5006,1120-AB67,4-genuine-era-mismatch
18,2015,5006,1120-AB69,4-genuine-era-mismatch
18,2015,5006,1120-AA85,4-genuine-era-mismatch
18,2015,4161,1120-AA85,4-genuine-era-mismatch
18,2015,4201,1120-AA85,4-genuine-era-mismatch
18,2015,5006,1120-AB37,4-genuine-era-mismatch
18,2015,4161,1120-AB47,4-genuine-era-mismatch
18,2015,5006,1120-AB47,4-genuine-era-mismatch
18,2015,5006,1120-AB52,4-genuine-era-mismatch
18,2015,5006,1120-AB55,4-genuine-era-mismatch
18,2015,5006,1120-AB56,4-genuine-era-mismatch
18,2015,5006,1120-AB57,4-genuine-era-mismatch
18,2015,4161,1120-AB64,4-genuine-era-mismatch
18,2015,5006,1120-AB64,4-genuine-era-mismatch
18,2015,5006,1120-AB68,4-genuine-era-mismatch
18,2015,4161,1120-AB05,4-genuine-era-mismatch
18,2015,5006,1120-AB05,4-genuine-era-mismatch
18,2015,5006,1120-AB63,4-genuine-era-mismatch
18,2015,5024,1120-AB63,4-genuine-era-mismatch
18,2015,4161,1120-AB66,4-genuine-era-mismatch
18,2015,5006,1120-AB66,4-genuine-era-mismatch
18,2015,5006,1120-AB62,4-genuine-era-mismatch
18,2015,4161,1120-AB65,4-genuine-era-mismatch
18,2015,4201,1120-AB65,4-genuine-era-mismatch
18,2015,5006,1120-AB65,4-genuine-era-mismatch
40,2015,276c,1205-AB59,4-genuine-era-mismatch
41,2015,418,2105-AE26,4-genuine-era-mismatch
5,2015,1008,2105-AD86,4-genuine-era-mismatch
23,2015,215,2125-AF67,4-genuine-era-mismatch
49,2015,22501,2130-AC50,4-genuine-era-mismatch
46,2015,1101,2133-AB74,4-genuine-era-mismatch
46,2015,1241,2133-AB74,4-genuine-era-mismatch
50,2015,1744,2133-AB88,4-genuine-era-mismatch
17,2015,601,1515-AD87,4-genuine-era-mismatch
26,2015,1022,1545-BK09,4-genuine-era-mismatch
5,2015,402,3147-AA13,4-genuine-era-mismatch
50,2016,2401,0694-AG75,4-genuine-era-mismatch
50,2016,5,0694-AG75,4-genuine-era-mismatch
50,2016,2401,0694-AG77,4-genuine-era-mismatch
50,2016,5,0694-AG77,4-genuine-era-mismatch
50,2016,2401,0694-AG78,4-genuine-era-mismatch
50,2016,5,0694-AG78,4-genuine-era-mismatch
50,2016,2401,0694-AG79,4-genuine-era-mismatch
50,2016,2401,0694-AG81,4-genuine-era-mismatch
50,2016,2401,0694-AG82,4-genuine-era-mismatch
50,2016,468,0694-AG84,4-genuine-era-mismatch
50,2016,2401,0694-AG86,4-genuine-era-mismatch
50,2016,2401,0694-AG87,4-genuine-era-mismatch
10,2016,2321f,0750-AI91,4-genuine-era-mismatch
10,2016,654,0790-AI78,4-genuine-era-mismatch
44,2016,3544,0790-AJ29,4-genuine-era-mismatch
20,2016,1111,1810-AB27,4-genuine-era-mismatch
40,2016,486,1991-AB92,4-genuine-era-mismatch
41,2016,418b,1991-AC00,4-genuine-era-mismatch
41,2016,418b,1991-AC04,4-genuine-era-mismatch
41,2016,701,1992-AA53,4-genuine-era-mismatch
40,2016,486,0991-AB86,4-genuine-era-mismatch
46,2016,70117,1652-AA53,4-genuine-era-mismatch
49,2016,44932,1652-AA53,4-genuine-era-mismatch
18,2016,437,1076-AF30,4-genuine-era-mismatch
18,2016,4203,1104-AA00,4-genuine-era-mismatch
18,2016,4203,1104-AA04,4-genuine-era-mismatch
18,2016,4203,1104-AA05,4-genuine-era-mismatch
18,2016,4161,1120-AB10,4-genuine-era-mismatch
18,2016,4201,1120-AB10,4-genuine-era-mismatch
18,2016,5006,1120-AB10,4-genuine-era-mismatch
18,2016,5006,1120-AB58,4-genuine-era-mismatch
18,2016,4161,1120-AB47,4-genuine-era-mismatch
18,2016,5006,1120-AB47,4-genuine-era-mismatch
18,2016,5006,1120-AB52,4-genuine-era-mismatch
18,2016,5006,1120-AB55,4-genuine-era-mismatch
18,2016,5006,1120-AB56,4-genuine-era-mismatch
18,2016,5006,1120-AB57,4-genuine-era-mismatch
18,2016,5006,1120-AB63,4-genuine-era-mismatch
18,2016,5024,1120-AB63,4-genuine-era-mismatch
18,2016,4161,1120-AB64,4-genuine-era-mismatch
18,2016,5006,1120-AB64,4-genuine-era-mismatch
18,2016,5006,1120-AB67,4-genuine-era-mismatch
18,2016,5006,1120-AB68,4-genuine-era-mismatch
18,2016,5006,1120-AB69,4-genuine-era-mismatch
18,2016,4161,1120-AB05,4-genuine-era-mismatch
18,2016,5006,1120-AB05,4-genuine-era-mismatch
18,2016,5006,1120-AB37,4-genuine-era-mismatch
18,2016,4161,1120-AB66,4-genuine-era-mismatch
18,2016,5006,1120-AB66,4-genuine-era-mismatch
18,2016,5006,1120-AA85,4-genuine-era-mismatch
18,2016,4161,1120-AA85,4-genuine-era-mismatch
18,2016,4201,1120-AA85,4-genuine-era-mismatch
40,2016,276c,1205-AB59,4-genuine-era-mismatch
5,2016,1008,2105-AD86,4-genuine-era-mismatch
41,2016,418,2105-AE26,4-genuine-era-mismatch
46,2016,1101,2133-AB74,4-genuine-era-mismatch
46,2016,1241,2133-AB74,4-genuine-era-mismatch
50,2016,1744,2133-AB88,4-genuine-era-mismatch
26,2016,6050,1545-BN27,4-genuine-era-mismatch
26,2016,1022,1545-BK09,4-genuine-era-mismatch
40,2016,486,3090-AJ70,4-genuine-era-mismatch
5,2016,402,3147-AA13,4-genuine-era-mismatch
40,2016,486,3206-AN36,4-genuine-era-mismatch
36,2016,6,0651-AD04,4-genuine-era-mismatch
50,2016,2401,0694-AE80,4-genuine-era-mismatch
50,2016,2401,0694-AF67,4-genuine-era-mismatch
50,2016,2401,0694-AF68,4-genuine-era-mismatch
50,2016,5,0694-AF68,4-genuine-era-mismatch
50,2016,2401,0694-AG10,4-genuine-era-mismatch
50,2016,2401,0694-AG30,4-genuine-era-mismatch
50,2016,2401,0694-AG51,4-genuine-era-mismatch
50,2016,2401,0694-AG57,4-genuine-era-mismatch
50,2016,5,0694-AG57,4-genuine-era-mismatch
50,2016,2401,0694-AG93,4-genuine-era-mismatch
50,2016,5,0694-AG93,4-genuine-era-mismatch
50,2016,2401,0694-AG00,4-genuine-era-mismatch
50,2016,5,0694-AG00,4-genuine-era-mismatch
50,2016,2401,0694-AG08,4-genuine-era-mismatch
50,2016,5,0694-AG08,4-genuine-era-mismatch
50,2016,2401,0694-AG59,4-genuine-era-mismatch
50,2016,5,0694-AG59,4-genuine-era-mismatch
50,2016,2401,0694-AG70,4-genuine-era-mismatch
50,2016,5,0694-AG70,4-genuine-era-mismatch
50,2016,5,0694-AG76,4-genuine-era-mismatch
50,2016,2401,0694-AG80,4-genuine-era-mismatch
50,2016,2401,0694-AG89,4-genuine-era-mismatch
50,2016,2401,0694-AG90,4-genuine-era-mismatch
50,2016,5,0694-AG90,4-genuine-era-mismatch
50,2016,2401,0694-AF47,4-genuine-era-mismatch
50,2016,5,0694-AF47,4-genuine-era-mismatch
50,2016,2401,0694-AF48,4-genuine-era-mismatch
50,2016,5,0694-AF48,4-genuine-era-mismatch
50,2016,2401,0694-AF49,4-genuine-era-mismatch
50,2016,5,0694-AF49,4-genuine-era-mismatch
50,2016,2401,0694-AF60,4-genuine-era-mismatch
50,2016,5,0694-AF60,4-genuine-era-mismatch
50,2016,2401,0694-AE89,4-genuine-era-mismatch
50,2016,5,0694-AE89,4-genuine-era-mismatch
50,2016,2401,0694-AF52,4-genuine-era-mismatch
50,2016,5,0694-AF52,4-genuine-era-mismatch
50,2016,5,0694-AF75,4-genuine-era-mismatch
50,2016,2401,0694-AG32,4-genuine-era-mismatch
50,2016,2401,0694-AG47,4-genuine-era-mismatch
50,2016,2401,0694-AG73,4-genuine-era-mismatch
50,2016,2061,0694-AG83,4-genuine-era-mismatch
50,2016,2401,0694-AG83,4-genuine-era-mismatch
50,2016,468,0694-AG83,4-genuine-era-mismatch
50,2016,5,0694-AG83,4-genuine-era-mismatch
50,2016,2401,0694-AG85,4-genuine-era-mismatch
50,2016,5,0694-AG85,4-genuine-era-mismatch
50,2016,2401,0694-AG88,4-genuine-era-mismatch
50,2016,5,0694-AG88,4-genuine-era-mismatch
50,2016,2401,0694-AG91,4-genuine-era-mismatch
50,2016,2401,0694-AG92,4-genuine-era-mismatch
44,2016,3544,0790-AJ29,4-genuine-era-mismatch
20,2016,1111,1810-AB27,4-genuine-era-mismatch
40,2016,486,1991-AB92,4-genuine-era-mismatch
41,2016,418,1991-AC00,4-genuine-era-mismatch
41,2016,701,1992-AA53,4-genuine-era-mismatch
46,2016,70117,1652-AA53,4-genuine-era-mismatch
49,2016,44932,1652-AA53,4-genuine-era-mismatch
18,2016,437,1076-AF30,4-genuine-era-mismatch
18,2016,4203,1104-AA00,4-genuine-era-mismatch
18,2016,4203,1104-AA04,4-genuine-era-mismatch
18,2016,5006,1120-AB58,4-genuine-era-mismatch
18,2016,5006,1120-AB70,4-genuine-era-mismatch
18,2016,4161,1120-AB71,4-genuine-era-mismatch
18,2016,5006,1120-AB71,4-genuine-era-mismatch
18,2016,4161,1120-AB05,4-genuine-era-mismatch
18,2016,5006,1120-AB05,4-genuine-era-mismatch
18,2016,4161,1120-AB10,4-genuine-era-mismatch
18,2016,4201,1120-AB10,4-genuine-era-mismatch
18,2016,5006,1120-AB10,4-genuine-era-mismatch
18,2016,5006,1120-AB37,4-genuine-era-mismatch
18,2016,5006,1120-AB55,4-genuine-era-mismatch
18,2016,5006,1120-AB56,4-genuine-era-mismatch
18,2016,5006,1120-AB57,4-genuine-era-mismatch
18,2016,5006,1120-AB63,4-genuine-era-mismatch
18,2016,5024,1120-AB63,4-genuine-era-mismatch
18,2016,4161,1120-AB64,4-genuine-era-mismatch
18,2016,5006,1120-AB64,4-genuine-era-mismatch
18,2016,5006,1120-AB67,4-genuine-era-mismatch
18,2016,5006,1120-AB69,4-genuine-era-mismatch
18,2016,4161,1120-AB47,4-genuine-era-mismatch
18,2016,5006,1120-AB47,4-genuine-era-mismatch
18,2016,5006,1120-AB52,4-genuine-era-mismatch
18,2016,4161,1120-AB66,4-genuine-era-mismatch
18,2016,5006,1120-AB66,4-genuine-era-mismatch
18,2016,5006,1120-AB68,4-genuine-era-mismatch
40,2016,276c,1205-AB59,4-genuine-era-mismatch
5,2016,1008,2105-AD86,4-genuine-era-mismatch
41,2016,418,2105-AE26,4-genuine-era-mismatch
23,2016,215,2125-AF72,4-genuine-era-mismatch
50,2016,1744,2133-AB88,4-genuine-era-mismatch
46,2016,1101,2133-AB74,4-genuine-era-mismatch
46,2016,1241,2133-AB74,4-genuine-era-mismatch
26,2016,30,1545-BJ76,4-genuine-era-mismatch
26,2016,280,1545-BK78,4-genuine-era-mismatch
26,2016,6050,1545-BL34,4-genuine-era-mismatch
26,2016,280,1545-BM31,4-genuine-era-mismatch
26,2016,1022,1545-BK09,4-genuine-era-mismatch
26,2016,6050,1545-BM01,4-genuine-era-mismatch
26,2016,6050,1545-BN27,4-genuine-era-mismatch
26,2016,30,1545-BJ77,4-genuine-era-mismatch
26,2016,30,1545-BJ77,4-genuine-era-mismatch
26,2016,30,1545-BJ77,4-genuine-era-mismatch
26,2016,30,1545-BJ77,4-genuine-era-mismatch
40,2016,486,3090-AJ74,4-genuine-era-mismatch
40,2016,486,3090-AJ70,4-genuine-era-mismatch
5,2016,402,3147-AA13,4-genuine-era-mismatch
40,2016,486,3206-AN36,4-genuine-era-mismatch
40,2017,486,0599-AA20,4-genuine-era-mismatch
36,2017,6,0651-AD04,4-genuine-era-mismatch
50,2017,2401,0694-AE80,4-genuine-era-mismatch
50,2017,2401,0694-AF67,4-genuine-era-mismatch
50,2017,2401,0694-AG10,4-genuine-era-mismatch
50,2017,2401,0694-AG51,4-genuine-era-mismatch
50,2017,2401,0694-AG57,4-genuine-era-mismatch
50,2017,5,0694-AG57,4-genuine-era-mismatch
50,2017,2401,0694-AG93,4-genuine-era-mismatch
50,2017,5,0694-AG93,4-genuine-era-mismatch
50,2017,2401,0694-AG08,4-genuine-era-mismatch
50,2017,5,0694-AG08,4-genuine-era-mismatch
50,2017,2401,0694-AG70,4-genuine-era-mismatch
50,2017,5,0694-AG70,4-genuine-era-mismatch
50,2017,2401,0694-AG80,4-genuine-era-mismatch
50,2017,2401,0694-AG90,4-genuine-era-mismatch
50,2017,5,0694-AG90,4-genuine-era-mismatch
50,2017,2401,0694-AF47,4-genuine-era-mismatch
50,2017,5,0694-AF47,4-genuine-era-mismatch
50,2017,2401,0694-AF60,4-genuine-era-mismatch
50,2017,5,0694-AF60,4-genuine-era-mismatch
50,2017,2401,0694-AG00,4-genuine-era-mismatch
50,2017,5,0694-AG00,4-genuine-era-mismatch
50,2017,2401,0694-AG30,4-genuine-era-mismatch
50,2017,2401,0694-AF48,4-genuine-era-mismatch
50,2017,5,0694-AF48,4-genuine-era-mismatch
50,2017,2401,0694-AF49,4-genuine-era-mismatch
50,2017,5,0694-AF49,4-genuine-era-mismatch
50,2017,2401,0694-AF68,4-genuine-era-mismatch
50,2017,5,0694-AF68,4-genuine-era-mismatch
50,2017,2401,0694-AG59,4-genuine-era-mismatch
50,2017,5,0694-AG59,4-genuine-era-mismatch
50,2017,5,0694-AG76,4-genuine-era-mismatch
50,2017,2401,0694-AG89,4-genuine-era-mismatch
40,2017,258a,0702-AA77,4-genuine-era-mismatch
41,2017,14,0702-AA77,4-genuine-era-mismatch
10,2017,133,0790-AI73,4-genuine-era-mismatch
10,2017,133,0790-AJ44,4-genuine-era-mismatch
20,2017,1111,1810-AB27,4-genuine-era-mismatch
41,2017,701,1992-AA53,4-genuine-era-mismatch
46,2017,4104,1625-AC21,4-genuine-era-mismatch
46,2017,70117,1652-AA53,4-genuine-era-mismatch
49,2017,44932,1652-AA53,4-genuine-era-mismatch
18,2017,437,1076-AF30,4-genuine-era-mismatch
18,2017,4203,1104-AA00,4-genuine-era-mismatch
18,2017,4203,1104-AA04,4-genuine-era-mismatch
18,2017,5006,1120-AB70,4-genuine-era-mismatch
18,2017,4161,1120-AB71,4-genuine-era-mismatch
18,2017,5006,1120-AB71,4-genuine-era-mismatch
18,2017,4161,1120-AB64,4-genuine-era-mismatch
18,2017,5006,1120-AB64,4-genuine-era-mismatch
18,2017,5006,1120-AB67,4-genuine-era-mismatch
18,2017,5006,1120-AB69,4-genuine-era-mismatch
18,2017,4161,1120-AB10,4-genuine-era-mismatch
18,2017,4201,1120-AB10,4-genuine-era-mismatch
18,2017,5006,1120-AB10,4-genuine-era-mismatch
18,2017,4161,1120-AB47,4-genuine-era-mismatch
18,2017,5006,1120-AB47,4-genuine-era-mismatch
18,2017,5006,1120-AB52,4-genuine-era-mismatch
18,2017,4251,1120-AA95,4-genuine-era-mismatch
18,2017,5006,1120-AA95,4-genuine-era-mismatch
18,2017,223,1120-AB14,4-genuine-era-mismatch
18,2017,5006,1120-AB14,4-genuine-era-mismatch
18,2017,5006,1120-AB26,4-genuine-era-mismatch
18,2017,5006,1120-AB34,4-genuine-era-mismatch
18,2017,5006,1120-AB37,4-genuine-era-mismatch
18,2017,4161,1120-AB42,4-genuine-era-mismatch
18,2017,5006,1120-AB50,4-genuine-era-mismatch
18,2017,5006,1120-AB53,4-genuine-era-mismatch
18,2017,5006,1120-AB55,4-genuine-era-mismatch
18,2017,5006,1120-AB57,4-genuine-era-mismatch
18,2017,5006,1120-AB58,4-genuine-era-mismatch
18,2017,5006,1120-AB63,4-genuine-era-mismatch
18,2017,5024,1120-AB63,4-genuine-era-mismatch
18,2017,4161,1120-AB66,4-genuine-era-mismatch
18,2017,5006,1120-AB66,4-genuine-era-mismatch
40,2017,276c,1205-AB59,4-genuine-era-mismatch
41,2017,418,2105-AE26,4-genuine-era-mismatch
5,2017,1008,2105-AD86,4-genuine-era-mismatch
40,2017,1,2105-AE58,4-genuine-era-mismatch
40,2017,322,2105-AE58,4-genuine-era-mismatch
23,2017,215,2125-AF72,4-genuine-era-mismatch
50,2017,1744,2133-AB88,4-genuine-era-mismatch
46,2017,1101,2133-AB74,4-genuine-era-mismatch
46,2017,1241,2133-AB74,4-genuine-era-mismatch
41,2017,418b,1505-AC39,4-genuine-era-mismatch
26,2017,30,1545-BJ76,4-genuine-era-mismatch
26,2017,280,1545-BK78,4-genuine-era-mismatch
26,2017,6050,1545-BL34,4-genuine-era-mismatch
26,2017,199,1545-BL53,4-genuine-era-mismatch
26,2017,280,1545-BM31,4-genuine-era-mismatch
26,2017,199,1545-BI90,4-genuine-era-mismatch
26,2017,6050,1545-BN27,4-genuine-era-mismatch
26,2017,54,1545-BF11,4-genuine-era-mismatch
26,2017,54,1545-BF12,4-genuine-era-mismatch
26,2017,54,1545-BI75,4-genuine-era-mismatch
26,2017,54,1545-BI76,4-genuine-era-mismatch
26,2017,54,1545-BJ80,4-genuine-era-mismatch
26,2017,6431,1545-BJ80,4-genuine-era-mismatch
26,2017,54,1545-BJ86,4-genuine-era-mismatch
26,2017,6431,1545-BJ86,4-genuine-era-mismatch
26,2017,1022,1545-BK09,4-genuine-era-mismatch
26,2017,6050,1545-BM01,4-genuine-era-mismatch
40,2017,486,3090-AJ70,4-genuine-era-mismatch
5,2017,402,3147-AA13,4-genuine-era-mismatch
40,2017,486,3206-AN55,4-genuine-era-mismatch
40,2017,486,3206-AN36,4-genuine-era-mismatch
36,2017,6,0651-AD04,4-genuine-era-mismatch
36,2017,2,0651-AD27,4-genuine-era-mismatch
50,2017,2401,0694-AE80,4-genuine-era-mismatch
50,2017,2401,0694-AF47,4-genuine-era-mismatch
50,2017,5,0694-AF47,4-genuine-era-mismatch
50,2017,2401,0694-AF67,4-genuine-era-mismatch
50,2017,2401,0694-AG10,4-genuine-era-mismatch
50,2017,2401,0694-AG51,4-genuine-era-mismatch
50,2017,2401,0694-AG57,4-genuine-era-mismatch
50,2017,5,0694-AG57,4-genuine-era-mismatch
50,2017,2401,0694-AG93,4-genuine-era-mismatch
50,2017,5,0694-AG93,4-genuine-era-mismatch
50,2017,2401,0694-AG08,4-genuine-era-mismatch
50,2017,5,0694-AG08,4-genuine-era-mismatch
50,2017,2401,0694-AG29,4-genuine-era-mismatch
50,2017,2401,0694-AG70,4-genuine-era-mismatch
50,2017,5,0694-AG70,4-genuine-era-mismatch
50,2017,2401,0694-AG90,4-genuine-era-mismatch
50,2017,5,0694-AG90,4-genuine-era-mismatch
50,2017,2401,0694-AH34,4-genuine-era-mismatch
50,2017,2401,0694-AF60,4-genuine-era-mismatch
50,2017,5,0694-AF60,4-genuine-era-mismatch
50,2017,2401,0694-AG00,4-genuine-era-mismatch
50,2017,5,0694-AG00,4-genuine-era-mismatch
50,2017,2401,0694-AG30,4-genuine-era-mismatch
50,2017,2401,0694-AG80,4-genuine-era-mismatch
40,2017,258a,0702-AA77,4-genuine-era-mismatch
41,2017,14,0702-AA77,4-genuine-era-mismatch
10,2017,133,0790-AJ44,4-genuine-era-mismatch
10,2017,133,0790-AI73,4-genuine-era-mismatch
10,2017,371,0790-AK04,4-genuine-era-mismatch
10,2017,372,0790-AK05,4-genuine-era-mismatch
10,2017,377,0790-AK05,4-genuine-era-mismatch
10,2017,371,0790-AK06,4-genuine-era-mismatch
20,2017,1111,1810-AB27,4-genuine-era-mismatch
41,2017,701,1992-AA53,4-genuine-era-mismatch
46,2017,70117,1652-AA53,4-genuine-era-mismatch
49,2017,44932,1652-AA53,4-genuine-era-mismatch
18,2017,437,1076-AF30,4-genuine-era-mismatch
18,2017,4203,1104-AA00,4-genuine-era-mismatch
18,2017,4203,1104-AA04,4-genuine-era-mismatch
18,2017,4203,1105-AB21,4-genuine-era-mismatch
18,2017,4161,1120-AB64,4-genuine-era-mismatch
18,2017,5006,1120-AB64,4-genuine-era-mismatch
18,2017,5006,1120-AB67,4-genuine-era-mismatch
18,2017,5006,1120-AB69,4-genuine-era-mismatch
18,2017,5006,1120-AB70,4-genuine-era-mismatch
18,2017,4161,1120-AB71,4-genuine-era-mismatch
18,2017,5006,1120-AB71,4-genuine-era-mismatch
18,2017,4161,1120-AB10,4-genuine-era-mismatch
18,2017,4201,1120-AB10,4-genuine-era-mismatch
18,2017,5006,1120-AB10,4-genuine-era-mismatch
18,2017,4161,1120-AB47,4-genuine-era-mismatch
18,2017,5006,1120-AB47,4-genuine-era-mismatch
18,2017,5006,1120-AB52,4-genuine-era-mismatch
41,2017,418,2105-AE26,4-genuine-era-mismatch
40,2017,1,2105-AE58,4-genuine-era-mismatch
40,2017,322,2105-AE58,4-genuine-era-mismatch
5,2017,1008,2105-AD86,4-genuine-era-mismatch
23,2017,215,2125-AF72,4-genuine-era-mismatch
50,2017,1744,2133-AB88,4-genuine-era-mismatch
26,2017,6050,1545-BL34,4-genuine-era-mismatch
26,2017,199,1545-BL53,4-genuine-era-mismatch
26,2017,199,1545-BI90,4-genuine-era-mismatch
26,2017,6050,1545-BN27,4-genuine-era-mismatch
26,2017,280,1545-BK78,4-genuine-era-mismatch
26,2017,30,1545-BJ76,4-genuine-era-mismatch
40,2017,486,3090-AJ74,4-genuine-era-mismatch
40,2017,486,3090-AJ70,4-genuine-era-mismatch
5,2017,402,3147-AA13,4-genuine-era-mismatch
40,2017,486,3206-AN55,4-genuine-era-mismatch
36,2018,6,0651-AD04,4-genuine-era-mismatch
36,2018,2,0651-AD27,4-genuine-era-mismatch
10,2018,7430,0694-AH13,4-genuine-era-mismatch
50,2018,2401,0694-AE80,4-genuine-era-mismatch
10,2018,7430,0694-AF47,4-genuine-era-mismatch
50,2018,2401,0694-AF47,4-genuine-era-mismatch
50,2018,5,0694-AF47,4-genuine-era-mismatch
50,2018,2401,0694-AF67,4-genuine-era-mismatch
50,2018,2401,0694-AG10,4-genuine-era-mismatch
50,2018,2401,0694-AG51,4-genuine-era-mismatch
10,2018,7430,0694-AG57,4-genuine-era-mismatch
50,2018,2401,0694-AG57,4-genuine-era-mismatch
50,2018,5,0694-AG57,4-genuine-era-mismatch
10,2018,7430,0694-AG93,4-genuine-era-mismatch
50,2018,2401,0694-AG93,4-genuine-era-mismatch
50,2018,5,0694-AG93,4-genuine-era-mismatch
10,2018,7430,0694-AH45,4-genuine-era-mismatch
10,2018,7430,0694-AH53,4-genuine-era-mismatch
10,2018,7430,0694-AH56,4-genuine-era-mismatch
10,2018,7430,0694-AG08,4-genuine-era-mismatch
50,2018,2401,0694-AG08,4-genuine-era-mismatch
50,2018,5,0694-AG08,4-genuine-era-mismatch
10,2018,7430,0694-AG70,4-genuine-era-mismatch
50,2018,2401,0694-AG70,4-genuine-era-mismatch
50,2018,5,0694-AG70,4-genuine-era-mismatch
10,2018,7430,0694-AG90,4-genuine-era-mismatch
50,2018,2401,0694-AG90,4-genuine-era-mismatch
50,2018,5,0694-AG90,4-genuine-era-mismatch
10,2018,7430,0694-AG95,4-genuine-era-mismatch
10,2018,7430,0694-AH34,4-genuine-era-mismatch
10,2018,7430,0694-AH37,4-genuine-era-mismatch
10,2018,7430,0694-AH44,4-genuine-era-mismatch
10,2018,7430,0694-AH46,4-genuine-era-mismatch
10,2018,7430,0694-AH49,4-genuine-era-mismatch
10,2018,7430,0694-AF60,4-genuine-era-mismatch
50,2018,2401,0694-AF60,4-genuine-era-mismatch
50,2018,5,0694-AF60,4-genuine-era-mismatch
10,2018,7430,0694-AG00,4-genuine-era-mismatch
50,2018,2401,0694-AG00,4-genuine-era-mismatch
50,2018,5,0694-AG00,4-genuine-era-mismatch
50,2018,2401,0694-AG18,4-genuine-era-mismatch
50,2018,2401,0694-AG53,4-genuine-era-mismatch
10,2018,7430,0694-AG98,4-genuine-era-mismatch
50,2018,2401,0694-AG29,4-genuine-era-mismatch
10,2018,7430,0694-AH31,4-genuine-era-mismatch
10,2018,7430,0694-AH38,4-genuine-era-mismatch
10,2018,9331,0701-AA82,4-genuine-era-mismatch
10,2018,4594,0702-AA70,4-genuine-era-mismatch
10,2018,3013,0702-AA80,4-genuine-era-mismatch
10,2018,4721,0702-AA80,4-genuine-era-mismatch
10,2018,3262,0702-AA78,4-genuine-era-mismatch
10,2018,3012,0702-AA84,4-genuine-era-mismatch
10,2018,3012,0702-AA92,4-genuine-era-mismatch
10,2018,3012,0702-AA94,4-genuine-era-mismatch
10,2018,3262,0702-AA73,4-genuine-era-mismatch
10,2018,4342,0702-AA73,4-genuine-era-mismatch
10,2018,4346,0702-AA73,4-genuine-era-mismatch
10,2018,4349,0702-AA73,4-genuine-era-mismatch
10,2018,3012,0702-AA77,4-genuine-era-mismatch
40,2018,258a,0702-AA77,4-genuine-era-mismatch
41,2018,14,0702-AA77,4-genuine-era-mismatch
10,2018,3013,0702-AA86,4-genuine-era-mismatch
10,2018,3014,0702-AA86,4-genuine-era-mismatch
10,2018,3016,0702-AA86,4-genuine-era-mismatch
10,2018,2339,0750-AJ34,4-genuine-era-mismatch
10,2018,133,0790-AJ44,4-genuine-era-mismatch
10,2018,133,0790-AK11,4-genuine-era-mismatch
10,2018,133,0790-AI73,4-genuine-era-mismatch
40,2018,318,0790-AK14,4-genuine-era-mismatch
20,2018,6511,1894-AA10,4-genuine-era-mismatch
20,2018,1069c,1894-AA10,4-genuine-era-mismatch
41,2018,701,1992-AA53,4-genuine-era-mismatch
14,2018,85,1625-AA00,4-genuine-era-mismatch
14,2018,2,1625-AB32,4-genuine-era-mismatch
14,2018,91,1625-AB32,4-genuine-era-mismatch
49,2018,40119,1652-AA08,4-genuine-era-mismatch
46,2018,70117,1652-AA53,4-genuine-era-mismatch
41,2018,701,2502-AI82,4-genuine-era-mismatch
18,2018,437,1076-AF30,4-genuine-era-mismatch
18,2018,4203,1104-AA00,4-genuine-era-mismatch
18,2018,4203,1104-AA04,4-genuine-era-mismatch
18,2018,4161,1120-AB64,4-genuine-era-mismatch
18,2018,5006,1120-AB64,4-genuine-era-mismatch
18,2018,5006,1120-AB67,4-genuine-era-mismatch
18,2018,5006,1120-AB69,4-genuine-era-mismatch
18,2018,5006,1120-AB70,4-genuine-era-mismatch
18,2018,4161,1120-AB71,4-genuine-era-mismatch
18,2018,5006,1120-AB71,4-genuine-era-mismatch
5,2018,1008,2105-AD86,4-genuine-era-mismatch
41,2018,418,2105-AE26,4-genuine-era-mismatch
40,2018,322,2105-AE58,4-genuine-era-mismatch
49,2018,40119,2120-AK22,4-genuine-era-mismatch
49,2018,40119,2120-AK31,4-genuine-era-mismatch
49,2018,40119,2120-AK48,4-genuine-era-mismatch
49,2018,40119,2120-AK98,4-genuine-era-mismatch
49,2018,40119,2120-AL14,4-genuine-era-mismatch
49,2018,40119,2120-AL23,4-genuine-era-mismatch
49,2018,40119,2120-AL35,4-genuine-era-mismatch
49,2018,40119,2120-AL03,4-genuine-era-mismatch
49,2018,40119,2120-AL24,4-genuine-era-mismatch
49,2018,40119,2120-AL37,4-genuine-era-mismatch
49,2018,40119,2120-AL05,4-genuine-era-mismatch
23,2018,215,2125-AF72,4-genuine-era-mismatch
49,2018,14504,2126-AC12,4-genuine-era-mismatch
49,2018,24405,2130-AC23,4-genuine-era-mismatch
50,2018,1744,2133-AB88,4-genuine-era-mismatch
26,2018,199,1545-BL53,4-genuine-era-mismatch
26,2018,936,1545-BO57,4-genuine-era-mismatch
26,2018,902,1545-BO62,4-genuine-era-mismatch
26,2018,199,1545-BI90,4-genuine-era-mismatch
26,2018,6050,1545-BN27,4-genuine-era-mismatch
26,2018,280,1545-BK78,4-genuine-era-mismatch
26,2018,6050,1545-BL34,4-genuine-era-mismatch
40,2018,486,3090-AJ74,4-genuine-era-mismatch
5,2018,402,3147-AA13,4-genuine-era-mismatch
8,2018,1806,1615-AB77,4-genuine-era-mismatch
14,2018,85,1625-AA00,4-genuine-era-mismatch
14,2018,2,1625-AB32,4-genuine-era-mismatch
14,2018,91,1625-AB32,4-genuine-era-mismatch
49,2018,40119,1652-AA08,4-genuine-era-mismatch
18,2018,437,1076-AF30,4-genuine-era-mismatch
40,2018,486,1090-AB22,4-genuine-era-mismatch
18,2018,4203,1104-AA00,4-genuine-era-mismatch
18,2018,4203,1104-AA04,4-genuine-era-mismatch
18,2018,4161,1120-AB64,4-genuine-era-mismatch
18,2018,5006,1120-AB64,4-genuine-era-mismatch
18,2018,5006,1120-AB67,4-genuine-era-mismatch
18,2018,5006,1120-AB69,4-genuine-era-mismatch
18,2018,5006,1120-AB70,4-genuine-era-mismatch
18,2018,4161,1120-AB71,4-genuine-era-mismatch
18,2018,5006,1120-AB71,4-genuine-era-mismatch
41,2018,418,2105-AE26,4-genuine-era-mismatch
49,2018,24405,2105-AE79,4-genuine-era-mismatch
5,2018,1008,2105-AD86,4-genuine-era-mismatch
49,2018,40119,2120-AK22,4-genuine-era-mismatch
49,2018,40119,2120-AK31,4-genuine-era-mismatch
49,2018,40119,2120-AK48,4-genuine-era-mismatch
49,2018,40119,2120-AK98,4-genuine-era-mismatch
49,2018,40119,2120-AL14,4-genuine-era-mismatch
49,2018,40119,2120-AL24,4-genuine-era-mismatch
49,2018,40119,2120-AL35,4-genuine-era-mismatch
49,2018,40119,2120-AL03,4-genuine-era-mismatch
49,2018,40119,2120-AL23,4-genuine-era-mismatch
49,2018,40119,2120-AL37,4-genuine-era-mismatch
23,2018,215,2125-AF72,4-genuine-era-mismatch
49,2018,14504,2126-AC12,4-genuine-era-mismatch
49,2018,24405,2130-AC23,4-genuine-era-mismatch
50,2018,1744,2133-AB88,4-genuine-era-mismatch
26,2018,936,1545-BO57,4-genuine-era-mismatch
26,2018,902,1545-BO62,4-genuine-era-mismatch
26,2018,199,1545-BI90,4-genuine-era-mismatch
26,2018,6050,1545-BN27,4-genuine-era-mismatch
26,2018,6050,1545-BL34,4-genuine-era-mismatch
26,2018,280,1545-BK78,4-genuine-era-mismatch
26,2018,199,1545-BL53,4-genuine-era-mismatch
40,2018,486,3090-AJ74,4-genuine-era-mismatch
41,2018,438,3090-AK02,4-genuine-era-mismatch
5,2018,402,3147-AA13,4-genuine-era-mismatch
50,2019,2401,0694-AE80,4-genuine-era-mismatch
10,2019,7430,0694-AF60,4-genuine-era-mismatch
50,2019,2401,0694-AF60,4-genuine-era-mismatch
50,2019,5,0694-AF60,4-genuine-era-mismatch
50,2019,2401,0694-AF67,4-genuine-era-mismatch
50,2019,2401,0694-AG10,4-genuine-era-mismatch
10,2019,7430,0694-AG57,4-genuine-era-mismatch
50,2019,2401,0694-AG57,4-genuine-era-mismatch
50,2019,5,0694-AG57,4-genuine-era-mismatch
10,2019,7430,0694-AG93,4-genuine-era-mismatch
50,2019,2401,0694-AG93,4-genuine-era-mismatch
50,2019,5,0694-AG93,4-genuine-era-mismatch
10,2019,7430,0694-AH45,4-genuine-era-mismatch
10,2019,7430,0694-AH56,4-genuine-era-mismatch
10,2019,7430,0694-AH61,4-genuine-era-mismatch
10,2019,7430,0694-AH66,4-genuine-era-mismatch
10,2019,7430,0694-AH71,4-genuine-era-mismatch
10,2019,7430,0694-AF47,4-genuine-era-mismatch
50,2019,2401,0694-AF47,4-genuine-era-mismatch
50,2019,5,0694-AF47,4-genuine-era-mismatch
10,2019,7430,0694-AG08,4-genuine-era-mismatch
50,2019,2401,0694-AG08,4-genuine-era-mismatch
50,2019,5,0694-AG08,4-genuine-era-mismatch
10,2019,7430,0694-AG70,4-genuine-era-mismatch
50,2019,2401,0694-AG70,4-genuine-era-mismatch
50,2019,5,0694-AG70,4-genuine-era-mismatch
10,2019,7430,0694-AG95,4-genuine-era-mismatch
10,2019,7430,0694-AG98,4-genuine-era-mismatch
10,2019,7430,0694-AH53,4-genuine-era-mismatch
10,2019,7430,0694-AH58,4-genuine-era-mismatch
10,2019,7430,0694-AH60,4-genuine-era-mismatch
10,2019,7430,0694-AH69,4-genuine-era-mismatch
10,2019,7430,0694-AH81,4-genuine-era-mismatch
10,2019,7430,0694-AH84,4-genuine-era-mismatch
10,2019,7430,0694-AG00,4-genuine-era-mismatch
50,2019,2401,0694-AG00,4-genuine-era-mismatch
50,2019,5,0694-AG00,4-genuine-era-mismatch
50,2019,2401,0694-AG18,4-genuine-era-mismatch
50,2019,2401,0694-AG53,4-genuine-era-mismatch
10,2019,7430,0694-AH34,4-genuine-era-mismatch
10,2019,7430,0694-AH44,4-genuine-era-mismatch
10,2019,7430,0694-AH64,4-genuine-era-mismatch
10,2019,4594,0702-AA70,4-genuine-era-mismatch
10,2019,3013,0702-AA80,4-genuine-era-mismatch
10,2019,4721,0702-AA80,4-genuine-era-mismatch
10,2019,3012,0702-AA84,4-genuine-era-mismatch
10,2019,3012,0702-AA94,4-genuine-era-mismatch
10,2019,4308,0702-AA97,4-genuine-era-mismatch
10,2019,4506,0702-AA97,4-genuine-era-mismatch
10,2019,4507,0702-AA97,4-genuine-era-mismatch
10,2019,4627,0702-AA97,4-genuine-era-mismatch
10,2019,3012,0702-AB00,4-genuine-era-mismatch
10,2019,3262,0702-AA78,4-genuine-era-mismatch
10,2019,3013,0702-AA78,4-genuine-era-mismatch
10,2019,3012,0702-AA92,4-genuine-era-mismatch
10,2019,3012,0702-AA95,4-genuine-era-mismatch
40,2019,258a,0702-AA95,4-genuine-era-mismatch
41,2019,14,0702-AA95,4-genuine-era-mismatch
10,2019,5013,0703-AB22,4-genuine-era-mismatch
10,2019,5148,0703-AB22,4-genuine-era-mismatch
10,2019,6011,0703-AB06,4-genuine-era-mismatch
10,2019,2301,0710-AB03,4-genuine-era-mismatch
10,2019,3012,0710-AB03,4-genuine-era-mismatch
10,2019,644,0750-AK43,4-genuine-era-mismatch
10,2019,133,0790-AK11,4-genuine-era-mismatch
10,2019,520a,0790-AK27,4-genuine-era-mismatch
40,2019,484,0790-AK30,4-genuine-era-mismatch
40,2019,485,0790-AK30,4-genuine-era-mismatch
10,2019,673a,0790-AK29,4-genuine-era-mismatch
50,2019,456,0790-AK32,4-genuine-era-mismatch
20,2019,6511,1894-AA10,4-genuine-era-mismatch
20,2019,1069c,1894-AA10,4-genuine-era-mismatch
50,2019,2061,1901-AB48,4-genuine-era-mismatch
41,2019,701,1992-AA53,4-genuine-era-mismatch
8,2019,1806,1615-AB77,4-genuine-era-mismatch
14,2019,85,1625-AA00,4-genuine-era-mismatch
14,2019,2,1625-AB32,4-genuine-era-mismatch
14,2019,91,1625-AB32,4-genuine-era-mismatch
49,2019,40119,1652-AA08,4-genuine-era-mismatch
40,2019,486,1090-AB22,4-genuine-era-mismatch
18,2019,4203,1104-AA00,4-genuine-era-mismatch
18,2019,4203,1104-AA04,4-genuine-era-mismatch
18,2019,4161,1120-AA62,4-genuine-era-mismatch
18,2019,5006,1120-AA62,4-genuine-era-mismatch
18,2019,4161,1120-AB72,4-genuine-era-mismatch
18,2019,5006,1120-AB72,4-genuine-era-mismatch
18,2019,4161,1120-AB05,4-genuine-era-mismatch
18,2019,5006,1120-AB05,4-genuine-era-mismatch
18,2019,5006,1120-AB59,4-genuine-era-mismatch
18,2019,5006,1120-AB69,4-genuine-era-mismatch
18,2019,4161,1120-AB64,4-genuine-era-mismatch
18,2019,5006,1120-AB64,4-genuine-era-mismatch
18,2019,5006,1120-AB67,4-genuine-era-mismatch
18,2019,5006,1120-AB70,4-genuine-era-mismatch
18,2019,4161,1120-AB71,4-genuine-era-mismatch
18,2019,5006,1120-AB71,4-genuine-era-mismatch
40,2019,333,1218-AD23,4-genuine-era-mismatch
41,2019,418,2105-AE26,4-genuine-era-mismatch
49,2019,24405,2105-AE79,4-genuine-era-mismatch
5,2019,1008,2105-AD86,4-genuine-era-mismatch
49,2019,40119,2120-AL37,4-genuine-era-mismatch
49,2019,40119,2120-AK31,4-genuine-era-mismatch
49,2019,40119,2120-AK48,4-genuine-era-mismatch
49,2019,40119,2120-AK98,4-genuine-era-mismatch
49,2019,40119,2120-AL14,4-genuine-era-mismatch
49,2019,40119,2120-AL23,4-genuine-era-mismatch
49,2019,40119,2120-AL24,4-genuine-era-mismatch
49,2019,40119,2120-AL03,4-genuine-era-mismatch
49,2019,40119,2120-AK22,4-genuine-era-mismatch
49,2019,40119,2120-AL35,4-genuine-era-mismatch
23,2019,215,2125-AF72,4-genuine-era-mismatch
49,2019,14504,2126-AC12,4-genuine-era-mismatch
49,2019,24405,2130-AC23,4-genuine-era-mismatch
23,2019,303,2132-AB37,4-genuine-era-mismatch
50,2019,1744,2133-AB88,4-genuine-era-mismatch
26,2019,936,1545-BO57,4-genuine-era-mismatch
26,2019,6050,1545-BN27,4-genuine-era-mismatch
26,2019,902,1545-BO62,4-genuine-era-mismatch
26,2019,902,1545-BP19,4-genuine-era-mismatch
26,2019,6050,1545-BL34,4-genuine-era-mismatch
41,2019,418b,2030-AB00,4-genuine-era-mismatch
40,2019,486,3090-AJ74,4-genuine-era-mismatch
5,2019,402,3147-AA13,4-genuine-era-mismatch
10,2019,7430,0694-AF60,4-genuine-era-mismatch
50,2019,2401,0694-AF60,4-genuine-era-mismatch
50,2019,5,0694-AF60,4-genuine-era-mismatch
50,2019,2401,0694-AF67,4-genuine-era-mismatch
50,2019,2401,0694-AG10,4-genuine-era-mismatch
10,2019,7430,0694-AG57,4-genuine-era-mismatch
50,2019,2401,0694-AG57,4-genuine-era-mismatch
50,2019,5,0694-AG57,4-genuine-era-mismatch
10,2019,7430,0694-AG93,4-genuine-era-mismatch
50,2019,2401,0694-AG93,4-genuine-era-mismatch
50,2019,5,0694-AG93,4-genuine-era-mismatch
10,2019,7430,0694-AH45,4-genuine-era-mismatch
10,2019,7430,0694-AH56,4-genuine-era-mismatch
10,2019,7430,0694-AH61,4-genuine-era-mismatch
10,2019,7430,0694-AH66,4-genuine-era-mismatch
10,2019,7430,0694-AH71,4-genuine-era-mismatch
10,2019,7430,0694-AH88,4-genuine-era-mismatch
10,2019,7430,0694-AF47,4-genuine-era-mismatch
50,2019,2401,0694-AF47,4-genuine-era-mismatch
50,2019,5,0694-AF47,4-genuine-era-mismatch
10,2019,7430,0694-AG08,4-genuine-era-mismatch
50,2019,2401,0694-AG08,4-genuine-era-mismatch
50,2019,5,0694-AG08,4-genuine-era-mismatch
10,2019,7430,0694-AG70,4-genuine-era-mismatch
50,2019,2401,0694-AG70,4-genuine-era-mismatch
50,2019,5,0694-AG70,4-genuine-era-mismatch
10,2019,7430,0694-AG95,4-genuine-era-mismatch
10,2019,7430,0694-AG98,4-genuine-era-mismatch
10,2019,7430,0694-AH53,4-genuine-era-mismatch
10,2019,7430,0694-AH58,4-genuine-era-mismatch
10,2019,7430,0694-AH59,4-genuine-era-mismatch
10,2019,7430,0694-AH60,4-genuine-era-mismatch
10,2019,7430,0694-AH81,4-genuine-era-mismatch
10,2019,7430,0694-AH84,4-genuine-era-mismatch
50,2019,2401,0694-AE80,4-genuine-era-mismatch
10,2019,7430,0694-AG00,4-genuine-era-mismatch
50,2019,2401,0694-AG00,4-genuine-era-mismatch
50,2019,5,0694-AG00,4-genuine-era-mismatch
50,2019,2401,0694-AG18,4-genuine-era-mismatch
50,2019,2401,0694-AG53,4-genuine-era-mismatch
10,2019,7430,0694-AH34,4-genuine-era-mismatch
10,2019,7430,0694-AH69,4-genuine-era-mismatch
10,2019,4594,0702-AA70,4-genuine-era-mismatch
10,2019,3012,0702-AA84,4-genuine-era-mismatch
10,2019,4308,0702-AA97,4-genuine-era-mismatch
10,2019,4506,0702-AA97,4-genuine-era-mismatch
10,2019,4507,0702-AA97,4-genuine-era-mismatch
10,2019,4627,0702-AA97,4-genuine-era-mismatch
10,2019,3013,0702-AA80,4-genuine-era-mismatch
10,2019,4721,0702-AA80,4-genuine-era-mismatch
10,2019,3012,0702-AA94,4-genuine-era-mismatch
10,2019,3012,0702-AB00,4-genuine-era-mismatch
10,2019,5013,0703-AB22,4-genuine-era-mismatch
10,2019,5148,0703-AB22,4-genuine-era-mismatch
10,2019,2301,0710-AB03,4-genuine-era-mismatch
10,2019,3012,0710-AB03,4-genuine-era-mismatch
10,2019,644,0750-AK43,4-genuine-era-mismatch
40,2019,484,0790-AK30,4-genuine-era-mismatch
40,2019,485,0790-AK30,4-genuine-era-mismatch
44,2019,3541,0790-AK86,4-genuine-era-mismatch
20,2019,6511,1875-AA14,4-genuine-era-mismatch
20,2019,1069c,1875-AA14,4-genuine-era-mismatch
20,2019,6511,1894-AA10,4-genuine-era-mismatch
20,2019,1069c,1894-AA10,4-genuine-era-mismatch
50,2019,2061,1901-AB48,4-genuine-era-mismatch
41,2019,701,1992-AA53,4-genuine-era-mismatch
8,2019,1806,1615-AB77,4-genuine-era-mismatch
14,2019,633,1625-AC58,4-genuine-era-mismatch
14,2019,85,1625-AA00,4-genuine-era-mismatch
14,2019,2,1625-AB32,4-genuine-era-mismatch
14,2019,91,1625-AB32,4-genuine-era-mismatch
40,2019,486,1090-AB22,4-genuine-era-mismatch
18,2019,4203,1104-AA00,4-genuine-era-mismatch
18,2019,4203,1104-AA04,4-genuine-era-mismatch
18,2019,4161,1120-AA62,4-genuine-era-mismatch
18,2019,5006,1120-AA62,4-genuine-era-mismatch
18,2019,4161,1120-AB72,4-genuine-era-mismatch
18,2019,5006,1120-AB72,4-genuine-era-mismatch
18,2019,4161,1120-AB05,4-genuine-era-mismatch
18,2019,5006,1120-AB05,4-genuine-era-mismatch
18,2019,5006,1120-AB59,4-genuine-era-mismatch
18,2019,5006,1120-AB69,4-genuine-era-mismatch
18,2019,4161,1120-AB64,4-genuine-era-mismatch
18,2019,5006,1120-AB64,4-genuine-era-mismatch
18,2019,5006,1120-AB67,4-genuine-era-mismatch
18,2019,5006,1120-AB70,4-genuine-era-mismatch
18,2019,4161,1120-AB71,4-genuine-era-mismatch
18,2019,5006,1120-AB71,4-genuine-era-mismatch
40,2019,333,1218-AD23,4-genuine-era-mismatch
41,2019,418,2105-AE26,4-genuine-era-mismatch
49,2019,24405,2105-AE79,4-genuine-era-mismatch
49,2019,40119,2120-AK22,4-genuine-era-mismatch
49,2019,40119,2120-AK31,4-genuine-era-mismatch
49,2019,40119,2120-AK48,4-genuine-era-mismatch
49,2019,40119,2120-AK98,4-genuine-era-mismatch
49,2019,40119,2120-AL14,4-genuine-era-mismatch
49,2019,40119,2120-AL24,4-genuine-era-mismatch
49,2019,40119,2120-AL37,4-genuine-era-mismatch
49,2019,40119,2120-AL03,4-genuine-era-mismatch
49,2019,40119,2120-AL23,4-genuine-era-mismatch
49,2019,24405,2130-AC23,4-genuine-era-mismatch
23,2019,303,2132-AB37,4-genuine-era-mismatch
50,2019,1744,2133-AB88,4-genuine-era-mismatch
26,2019,902,1545-BP19,4-genuine-era-mismatch
26,2019,6050,1545-BN27,4-genuine-era-mismatch
26,2019,936,1545-BO57,4-genuine-era-mismatch
26,2019,199,1545-BI90,4-genuine-era-mismatch
26,2019,902,1545-BO62,4-genuine-era-mismatch
41,2019,418b,2030-AB00,4-genuine-era-mismatch
40,2019,486,3090-AJ74,4-genuine-era-mismatch
5,2019,402,3147-AA13,4-genuine-era-mismatch
40,2020,442,0575-AD19,4-genuine-era-mismatch
50,2020,2401,0694-AF67,4-genuine-era-mismatch
50,2020,2401,0694-AG10,4-genuine-era-mismatch
10,2020,7430,0694-AG57,4-genuine-era-mismatch
50,2020,2401,0694-AG57,4-genuine-era-mismatch
50,2020,5,0694-AG57,4-genuine-era-mismatch
10,2020,7430,0694-AG93,4-genuine-era-mismatch
50,2020,2401,0694-AG93,4-genuine-era-mismatch
50,2020,5,0694-AG93,4-genuine-era-mismatch
10,2020,7430,0694-AH45,4-genuine-era-mismatch
10,2020,7430,0694-AH56,4-genuine-era-mismatch
10,2020,7430,0694-AH61,4-genuine-era-mismatch
10,2020,7430,0694-AF47,4-genuine-era-mismatch
50,2020,2401,0694-AF47,4-genuine-era-mismatch
50,2020,5,0694-AF47,4-genuine-era-mismatch
10,2020,7430,0694-AH59,4-genuine-era-mismatch
10,2020,7430,0694-AH60,4-genuine-era-mismatch
10,2020,7430,0694-AH81,4-genuine-era-mismatch
10,2020,7430,0694-AH84,4-genuine-era-mismatch
50,2020,2401,0694-AE80,4-genuine-era-mismatch
10,2020,7430,0694-AG00,4-genuine-era-mismatch
50,2020,2401,0694-AG00,4-genuine-era-mismatch
50,2020,5,0694-AG00,4-genuine-era-mismatch
10,2020,7430,0694-AG95,4-genuine-era-mismatch
10,2020,7430,0694-AH53,4-genuine-era-mismatch
10,2020,4594,0702-AA70,4-genuine-era-mismatch
10,2020,4308,0702-AA97,4-genuine-era-mismatch
10,2020,4627,0702-AA97,4-genuine-era-mismatch
10,2020,5013,0703-AB22,4-genuine-era-mismatch
10,2020,5148,0703-AB22,4-genuine-era-mismatch
10,2020,2301,0710-AB03,4-genuine-era-mismatch
10,2020,1732,0750-AK99,4-genuine-era-mismatch
10,2020,644,0750-AK43,4-genuine-era-mismatch
44,2020,3541,0790-AK86,4-genuine-era-mismatch
40,2020,484,0790-AK30,4-genuine-era-mismatch
40,2020,485,0790-AK30,4-genuine-era-mismatch
20,2020,6511,1875-AA14,4-genuine-era-mismatch
20,2020,1069c,1875-AA14,4-genuine-era-mismatch
50,2020,2061,1901-AB48,4-genuine-era-mismatch
8,2020,1806,1615-AB77,4-genuine-era-mismatch
14,2020,633,1625-AC58,4-genuine-era-mismatch
40,2020,486,1090-AB22,4-genuine-era-mismatch
18,2020,4203,1104-AA00,4-genuine-era-mismatch
18,2020,4203,1104-AA04,4-genuine-era-mismatch
18,2020,4203,1104-AA06,4-genuine-era-mismatch
18,2020,4203,1104-AA07,4-genuine-era-mismatch
18,2020,5006,1120-AB75,4-genuine-era-mismatch
18,2020,5006,1120-AB76,4-genuine-era-mismatch
18,2020,4161,1120-AA62,4-genuine-era-mismatch
18,2020,5006,1120-AA62,4-genuine-era-mismatch
18,2020,5006,1120-AB69,4-genuine-era-mismatch
18,2020,4161,1120-AB72,4-genuine-era-mismatch
18,2020,5006,1120-AB72,4-genuine-era-mismatch
18,2020,5006,1120-AB77,4-genuine-era-mismatch
18,2020,4161,1120-AB05,4-genuine-era-mismatch
18,2020,5006,1120-AB05,4-genuine-era-mismatch
18,2020,5006,1120-AB59,4-genuine-era-mismatch
18,2020,5006,1120-AB67,4-genuine-era-mismatch
18,2020,5006,1120-AB70,4-genuine-era-mismatch
18,2020,4161,1120-AB71,4-genuine-era-mismatch
18,2020,5006,1120-AB71,4-genuine-era-mismatch
18,2020,4161,1120-AB64,4-genuine-era-mismatch
18,2020,5006,1120-AB64,4-genuine-era-mismatch
40,2020,333,1218-AD23,4-genuine-era-mismatch
41,2020,418,2105-AE26,4-genuine-era-mismatch
49,2020,24405,2105-AE79,4-genuine-era-mismatch
49,2020,40119,2120-AK22,4-genuine-era-mismatch
49,2020,40119,2120-AK31,4-genuine-era-mismatch
49,2020,40119,2120-AK48,4-genuine-era-mismatch
49,2020,40119,2120-AK98,4-genuine-era-mismatch
49,2020,40119,2120-AL14,4-genuine-era-mismatch
49,2020,40119,2120-AL24,4-genuine-era-mismatch
49,2020,40119,2120-AL37,4-genuine-era-mismatch
49,2020,40119,2120-AL03,4-genuine-era-mismatch
49,2020,40119,2120-AL23,4-genuine-era-mismatch
23,2020,215,2125-AF88,4-genuine-era-mismatch
49,2020,24405,2130-AC23,4-genuine-era-mismatch
23,2020,303,2132-AB37,4-genuine-era-mismatch
50,2020,1744,2133-AB88,4-genuine-era-mismatch
26,2020,6050,1545-BN27,4-genuine-era-mismatch
26,2020,936,1545-BO57,4-genuine-era-mismatch
26,2020,902,1545-BP19,4-genuine-era-mismatch
41,2020,418b,2030-AB00,4-genuine-era-mismatch
46,2020,305,3072-AC80,4-genuine-era-mismatch
46,2020,305,3072-AC75,4-genuine-era-mismatch
46,2020,303,3072-AC77,4-genuine-era-mismatch
46,2020,305,3072-AC77,4-genuine-era-mismatch
41,2020,414,3072-AC78,4-genuine-era-mismatch
41,2020,418,3072-AC78,4-genuine-era-mismatch
46,2020,301,3072-AC78,4-genuine-era-mismatch
40,2020,486,3090-AJ74,4-genuine-era-mismatch
40,2020,442,0575-AD19,4-genuine-era-mismatch
50,2020,2401,0694-AF67,4-genuine-era-mismatch
50,2020,2401,0694-AG10,4-genuine-era-mismatch
10,2020,7430,0694-AG57,4-genuine-era-mismatch
50,2020,2401,0694-AG57,4-genuine-era-mismatch
50,2020,5,0694-AG57,4-genuine-era-mismatch
10,2020,7430,0694-AG93,4-genuine-era-mismatch
50,2020,2401,0694-AG93,4-genuine-era-mismatch
50,2020,5,0694-AG93,4-genuine-era-mismatch
10,2020,7430,0694-AH45,4-genuine-era-mismatch
10,2020,7430,0694-AH56,4-genuine-era-mismatch
10,2020,7430,0694-AF47,4-genuine-era-mismatch
50,2020,2401,0694-AF47,4-genuine-era-mismatch
50,2020,5,0694-AF47,4-genuine-era-mismatch
10,2020,7430,0694-AG95,4-genuine-era-mismatch
10,2020,7430,0694-AH59,4-genuine-era-mismatch
50,2020,2401,0694-AE80,4-genuine-era-mismatch
10,2020,7430,0694-AG00,4-genuine-era-mismatch
50,2020,2401,0694-AG00,4-genuine-era-mismatch
50,2020,5,0694-AG00,4-genuine-era-mismatch
10,2020,7430,0694-AH61,4-genuine-era-mismatch
10,2020,7430,0694-AH60,4-genuine-era-mismatch
10,2020,7430,0694-AH81,4-genuine-era-mismatch
10,2020,7430,0694-AH84,4-genuine-era-mismatch
10,2020,4594,0702-AA70,4-genuine-era-mismatch
10,2020,4331,0702-AB09,4-genuine-era-mismatch
10,2020,5013,0703-AB22,4-genuine-era-mismatch
10,2020,5148,0703-AB22,4-genuine-era-mismatch
10,2020,2301,0710-AB03,4-genuine-era-mismatch
10,2020,3036,0710-AB23,4-genuine-era-mismatch
10,2020,1732,0750-AK99,4-genuine-era-mismatch
44,2020,3541,0790-AK86,4-genuine-era-mismatch
20,2020,6511,1875-AA14,4-genuine-era-mismatch
20,2020,1069c,1875-AA14,4-genuine-era-mismatch
50,2020,2061,1901-AB48,4-genuine-era-mismatch
40,2020,318,0925-AA67,4-genuine-era-mismatch
8,2020,1806,1615-AB77,4-genuine-era-mismatch
49,2020,40119,1652-AA03,4-genuine-era-mismatch
18,2020,4203,1104-AA00,4-genuine-era-mismatch
18,2020,4203,1104-AA04,4-genuine-era-mismatch
18,2020,4203,1104-AA06,4-genuine-era-mismatch
18,2020,4203,1104-AA07,4-genuine-era-mismatch
18,2020,5006,1120-AB75,4-genuine-era-mismatch
18,2020,5006,1120-AB76,4-genuine-era-mismatch
18,2020,4161,1120-AA62,4-genuine-era-mismatch
18,2020,5006,1120-AA62,4-genuine-era-mismatch
18,2020,5006,1120-AB69,4-genuine-era-mismatch
18,2020,4161,1120-AB05,4-genuine-era-mismatch
18,2020,5006,1120-AB05,4-genuine-era-mismatch
18,2020,5006,1120-AB59,4-genuine-era-mismatch
18,2020,5006,1120-AB67,4-genuine-era-mismatch
18,2020,5006,1120-AB70,4-genuine-era-mismatch
18,2020,4161,1120-AB71,4-genuine-era-mismatch
18,2020,5006,1120-AB71,4-genuine-era-mismatch
18,2020,4161,1120-AB72,4-genuine-era-mismatch
18,2020,5006,1120-AB72,4-genuine-era-mismatch
18,2020,5006,1120-AB77,4-genuine-era-mismatch
40,2020,333,1218-AD23,4-genuine-era-mismatch
41,2020,418,2105-AE26,4-genuine-era-mismatch
49,2020,24405,2105-AE79,4-genuine-era-mismatch
49,2020,40119,2120-AK22,4-genuine-era-mismatch
49,2020,40119,2120-AK98,4-genuine-era-mismatch
49,2020,40119,2120-AL14,4-genuine-era-mismatch
49,2020,40119,2120-AL24,4-genuine-era-mismatch
49,2020,40119,2120-AL37,4-genuine-era-mismatch
49,2020,40119,2120-AK31,4-genuine-era-mismatch
49,2020,40119,2120-AK48,4-genuine-era-mismatch
49,2020,40119,2120-AL03,4-genuine-era-mismatch
49,2020,40119,2120-AL23,4-genuine-era-mismatch
23,2020,215,2125-AF88,4-genuine-era-mismatch
49,2020,24405,2130-AC23,4-genuine-era-mismatch
50,2020,1744,2133-AB88,4-genuine-era-mismatch
26,2020,6050,1545-BN27,4-genuine-era-mismatch
26,2020,936,1545-BO57,4-genuine-era-mismatch
41,2020,418b,2030-AB00,4-genuine-era-mismatch
46,2020,305,3072-AC80,4-genuine-era-mismatch
46,2020,305,3072-AC81,4-genuine-era-mismatch
5,2020,402,3147-AA13,4-genuine-era-mismatch
40,2021,442,0575-AD19,4-genuine-era-mismatch
40,2021,486,0599-AA28,4-genuine-era-mismatch
50,2021,2401,0694-AF67,4-genuine-era-mismatch
50,2021,2401,0694-AG10,4-genuine-era-mismatch
10,2021,7430,0694-AG57,4-genuine-era-mismatch
50,2021,2401,0694-AG57,4-genuine-era-mismatch
50,2021,5,0694-AG57,4-genuine-era-mismatch
10,2021,7430,0694-AG93,4-genuine-era-mismatch
50,2021,2401,0694-AG93,4-genuine-era-mismatch
50,2021,5,0694-AG93,4-genuine-era-mismatch
10,2021,7430,0694-AH45,4-genuine-era-mismatch
10,2021,7430,0694-AH56,4-genuine-era-mismatch
10,2021,7430,0694-AF47,4-genuine-era-mismatch
50,2021,2401,0694-AF47,4-genuine-era-mismatch
50,2021,5,0694-AF47,4-genuine-era-mismatch
10,2021,7430,0694-AG95,4-genuine-era-mismatch
10,2021,7430,0694-AH59,4-genuine-era-mismatch
50,2021,2401,0694-AE80,4-genuine-era-mismatch
10,2021,7430,0694-AG00,4-genuine-era-mismatch
50,2021,2401,0694-AG00,4-genuine-era-mismatch
50,2021,5,0694-AG00,4-genuine-era-mismatch
10,2021,7430,0694-AH61,4-genuine-era-mismatch
10,2021,4594,0702-AA70,4-genuine-era-mismatch
10,2021,4331,0702-AB09,4-genuine-era-mismatch
10,2021,5013,0703-AB22,4-genuine-era-mismatch
10,2021,5148,0703-AB22,4-genuine-era-mismatch
10,2021,2301,0710-AB39,4-genuine-era-mismatch
10,2021,2301,0710-AB03,4-genuine-era-mismatch
10,2021,3036,0710-AB23,4-genuine-era-mismatch
10,2021,2372,0750-AJ27,4-genuine-era-mismatch
10,2021,2313a,0750-AJ27,4-genuine-era-mismatch
10,2021,2302,0750-AJ30,4-genuine-era-mismatch
10,2021,2533a,0750-AK31,4-genuine-era-mismatch
10,2021,2533b,0750-AK31,4-genuine-era-mismatch
10,2021,2306a,0750-AK95,4-genuine-era-mismatch
10,2021,2380,0750-AL28,4-genuine-era-mismatch
10,2021,2533a,0750-AL29,4-genuine-era-mismatch
10,2021,2533d,0750-AL32,4-genuine-era-mismatch
10,2021,2330a,0750-AK30,4-genuine-era-mismatch
10,2021,2371b,0750-AK67,4-genuine-era-mismatch
10,2021,2533c,0750-AK94,4-genuine-era-mismatch
10,2021,2534,0750-AL03,4-genuine-era-mismatch
44,2021,3541,0790-AK86,4-genuine-era-mismatch
20,2021,1099a-3,1840-AD55,4-genuine-era-mismatch
20,2021,6511,1875-AA14,4-genuine-era-mismatch
20,2021,1069c,1875-AA14,4-genuine-era-mismatch
40,2021,318,0925-AA67,4-genuine-era-mismatch
20,2021,2461,1012-AA31,4-genuine-era-mismatch
18,2021,4203,1104-AA00,4-genuine-era-mismatch
18,2021,4203,1104-AA04,4-genuine-era-mismatch
18,2021,4203,1104-AA06,4-genuine-era-mismatch
18,2021,4203,1104-AA07,4-genuine-era-mismatch
18,2021,5006,1120-AB75,4-genuine-era-mismatch
18,2021,4161,1120-AA62,4-genuine-era-mismatch
18,2021,5006,1120-AA62,4-genuine-era-mismatch
18,2021,5006,1120-AB69,4-genuine-era-mismatch
18,2021,5006,1120-AB76,4-genuine-era-mismatch
18,2021,4161,1120-AB05,4-genuine-era-mismatch
18,2021,5006,1120-AB05,4-genuine-era-mismatch
18,2021,5006,1120-AB59,4-genuine-era-mismatch
18,2021,5006,1120-AB67,4-genuine-era-mismatch
18,2021,5006,1120-AB70,4-genuine-era-mismatch
18,2021,4161,1120-AB71,4-genuine-era-mismatch
18,2021,5006,1120-AB71,4-genuine-era-mismatch
40,2021,333,1218-AD23,4-genuine-era-mismatch
41,2021,418,2105-AE26,4-genuine-era-mismatch
49,2021,24405,2105-AE79,4-genuine-era-mismatch
49,2021,40119,2120-AK22,4-genuine-era-mismatch
49,2021,40119,2120-AL14,4-genuine-era-mismatch
49,2021,40119,2120-AL24,4-genuine-era-mismatch
49,2021,40119,2120-AL37,4-genuine-era-mismatch
49,2021,40119,2120-AK31,4-genuine-era-mismatch
49,2021,40119,2120-AL23,4-genuine-era-mismatch
49,2021,40119,2120-AL03,4-genuine-era-mismatch
49,2021,40119,2120-AK48,4-genuine-era-mismatch
49,2021,40119,2120-AK98,4-genuine-era-mismatch
23,2021,215,2125-AF88,4-genuine-era-mismatch
50,2021,1744,2133-AB88,4-genuine-era-mismatch
26,2021,936,1545-BO57,4-genuine-era-mismatch
46,2021,305,3072-AC84,4-genuine-era-mismatch
46,2021,305,3072-AC83,4-genuine-era-mismatch
5,2021,402,3147-AA13,4-genuine-era-mismatch
40,2021,442,0575-AD19,4-genuine-era-mismatch
40,2021,486,0599-AA28,4-genuine-era-mismatch
50,2021,2401,0694-AF67,4-genuine-era-mismatch
50,2021,2401,0694-AG10,4-genuine-era-mismatch
10,2021,7430,0694-AG57,4-genuine-era-mismatch
50,2021,2401,0694-AG57,4-genuine-era-mismatch
50,2021,5,0694-AG57,4-genuine-era-mismatch
10,2021,7430,0694-AG93,4-genuine-era-mismatch
50,2021,2401,0694-AG93,4-genuine-era-mismatch
50,2021,5,0694-AG93,4-genuine-era-mismatch
10,2021,7430,0694-AH45,4-genuine-era-mismatch
10,2021,7430,0694-AF47,4-genuine-era-mismatch
50,2021,2401,0694-AF47,4-genuine-era-mismatch
50,2021,5,0694-AF47,4-genuine-era-mismatch
10,2021,7430,0694-AG95,4-genuine-era-mismatch
10,2021,7430,0694-AH56,4-genuine-era-mismatch
10,2021,7430,0694-AH59,4-genuine-era-mismatch
50,2021,2401,0694-AE80,4-genuine-era-mismatch
10,2021,7430,0694-AG00,4-genuine-era-mismatch
50,2021,2401,0694-AG00,4-genuine-era-mismatch
50,2021,5,0694-AG00,4-genuine-era-mismatch
10,2021,7430,0694-AH61,4-genuine-era-mismatch
10,2021,4594,0702-AA70,4-genuine-era-mismatch
10,2021,4331,0702-AB09,4-genuine-era-mismatch
10,2021,5031,0703-AB24,4-genuine-era-mismatch
10,2021,6011,0703-AB24,4-genuine-era-mismatch
10,2021,133,0703-AB25,4-genuine-era-mismatch
10,2021,5031,0703-AB25,4-genuine-era-mismatch
10,2021,6011,0703-AB25,4-genuine-era-mismatch
10,2021,7881,0703-AB25,4-genuine-era-mismatch
10,2021,5013,0703-AB22,4-genuine-era-mismatch
10,2021,5148,0703-AB22,4-genuine-era-mismatch
10,2021,5031,0703-AB27,4-genuine-era-mismatch
10,2021,6011,0703-AB27,4-genuine-era-mismatch
10,2021,6011,0703-AB28,4-genuine-era-mismatch
10,2021,3036,0710-AB43,4-genuine-era-mismatch
10,2021,2301,0710-AB39,4-genuine-era-mismatch
10,2021,2372,0750-AJ27,4-genuine-era-mismatch
10,2021,2313a,0750-AJ27,4-genuine-era-mismatch
10,2021,2302,0750-AJ30,4-genuine-era-mismatch
10,2021,2533a,0750-AK31,4-genuine-era-mismatch
10,2021,2533b,0750-AK31,4-genuine-era-mismatch
10,2021,2533a,0750-AL29,4-genuine-era-mismatch
10,2021,2533d,0750-AL32,4-genuine-era-mismatch
10,2021,2302e,0750-AL49,4-genuine-era-mismatch
10,2021,2371b,0750-AK67,4-genuine-era-mismatch
10,2021,2533c,0750-AK94,4-genuine-era-mismatch
10,2021,2306a,0750-AK95,4-genuine-era-mismatch
10,2021,2534,0750-AL03,4-genuine-era-mismatch
10,2021,2330a,0750-AK30,4-genuine-era-mismatch
10,2021,2380,0750-AL28,4-genuine-era-mismatch
44,2021,3541,0790-AK86,4-genuine-era-mismatch
20,2021,1099a-3,1840-AD55,4-genuine-era-mismatch
20,2021,6511,1875-AA14,4-genuine-era-mismatch
20,2021,1069c,1875-AA14,4-genuine-era-mismatch
40,2021,318,0925-AA67,4-genuine-era-mismatch
20,2021,2461,1012-AA31,4-genuine-era-mismatch
18,2021,4203,1104-AA06,4-genuine-era-mismatch
18,2021,4203,1104-AA07,4-genuine-era-mismatch
18,2021,4203,1104-AA08,4-genuine-era-mismatch
18,2021,4203,1104-AA09,4-genuine-era-mismatch
18,2021,4203,1104-AA00,4-genuine-era-mismatch
18,2021,4203,1104-AA04,4-genuine-era-mismatch
18,2021,4203,1104-AA12,4-genuine-era-mismatch
18,2021,4203,1104-AA10,4-genuine-era-mismatch
18,2021,4203,1104-AA11,4-genuine-era-mismatch
18,2021,4161,1120-AB71,4-genuine-era-mismatch
18,2021,5006,1120-AB71,4-genuine-era-mismatch
18,2021,5006,1120-AB75,4-genuine-era-mismatch
18,2021,5006,1120-AB76,4-genuine-era-mismatch
18,2021,4161,1120-AA62,4-genuine-era-mismatch
18,2021,5006,1120-AA62,4-genuine-era-mismatch
18,2021,5006,1120-AB69,4-genuine-era-mismatch
18,2021,4161,1120-AB05,4-genuine-era-mismatch
18,2021,5006,1120-AB05,4-genuine-era-mismatch
18,2021,5006,1120-AB59,4-genuine-era-mismatch
18,2021,5006,1120-AB67,4-genuine-era-mismatch
18,2021,5006,1120-AB70,4-genuine-era-mismatch
40,2021,333,1218-AD23,4-genuine-era-mismatch
41,2021,418,2105-AE26,4-genuine-era-mismatch
49,2021,24405,2105-AE79,4-genuine-era-mismatch
49,2021,40119,2120-AK22,4-genuine-era-mismatch
49,2021,40119,2120-AL14,4-genuine-era-mismatch
49,2021,40119,2120-AL24,4-genuine-era-mismatch
49,2021,40119,2120-AL36,4-genuine-era-mismatch
49,2021,40119,2120-AL37,4-genuine-era-mismatch
49,2021,40119,2120-AL03,4-genuine-era-mismatch
49,2021,40119,2120-AL23,4-genuine-era-mismatch
49,2021,40119,2120-AK31,4-genuine-era-mismatch
23,2021,215,2125-AF88,4-genuine-era-mismatch
50,2021,1744,2133-AB88,4-genuine-era-mismatch
26,2021,936,1545-BO57,4-genuine-era-mismatch
26,2021,6050,1545-BN27,4-genuine-era-mismatch
46,2021,305,3072-AC84,4-genuine-era-mismatch
5,2021,402,3147-AA13,4-genuine-era-mismatch
40,2022,442,0575-AD19,4-genuine-era-mismatch
40,2022,486,0599-AA28,4-genuine-era-mismatch
50,2022,2401,0694-AF67,4-genuine-era-mismatch
50,2022,2401,0694-AG10,4-genuine-era-mismatch
10,2022,7430,0694-AG57,4-genuine-era-mismatch
50,2022,2401,0694-AG57,4-genuine-era-mismatch
50,2022,5,0694-AG57,4-genuine-era-mismatch
10,2022,7430,0694-AG93,4-genuine-era-mismatch
50,2022,2401,0694-AG93,4-genuine-era-mismatch
50,2022,5,0694-AG93,4-genuine-era-mismatch
10,2022,7430,0694-AH45,4-genuine-era-mismatch
10,2022,7430,0694-AF47,4-genuine-era-mismatch
50,2022,2401,0694-AF47,4-genuine-era-mismatch
50,2022,5,0694-AF47,4-genuine-era-mismatch
10,2022,7430,0694-AG95,4-genuine-era-mismatch
10,2022,7430,0694-AH56,4-genuine-era-mismatch
10,2022,7430,0694-AH59,4-genuine-era-mismatch
50,2022,2401,0694-AE80,4-genuine-era-mismatch
10,2022,7430,0694-AG00,4-genuine-era-mismatch
50,2022,2401,0694-AG00,4-genuine-era-mismatch
50,2022,5,0694-AG00,4-genuine-era-mismatch
10,2022,7430,0694-AH61,4-genuine-era-mismatch
10,2022,5031,0703-AB24,4-genuine-era-mismatch
10,2022,6011,0703-AB24,4-genuine-era-mismatch
10,2022,133,0703-AB25,4-genuine-era-mismatch
10,2022,5031,0703-AB25,4-genuine-era-mismatch
10,2022,6011,0703-AB25,4-genuine-era-mismatch
10,2022,7881,0703-AB25,4-genuine-era-mismatch
10,2022,5013,0703-AB22,4-genuine-era-mismatch
10,2022,5148,0703-AB22,4-genuine-era-mismatch
10,2022,6011,0703-AB28,4-genuine-era-mismatch
10,2022,5031,0703-AB27,4-genuine-era-mismatch
10,2022,6011,0703-AB27,4-genuine-era-mismatch
10,2022,3036,0710-AB43,4-genuine-era-mismatch
10,2022,2302,0750-AJ30,4-genuine-era-mismatch
10,2022,2533c,0750-AL33,4-genuine-era-mismatch
10,2022,2380,0750-AL57,4-genuine-era-mismatch
10,2022,2533d,0750-AL62,4-genuine-era-mismatch
10,2022,2374a,0750-AL65,4-genuine-era-mismatch
10,2022,2372,0750-AJ27,4-genuine-era-mismatch
10,2022,2313a,0750-AJ27,4-genuine-era-mismatch
10,2022,2533a,0750-AK31,4-genuine-era-mismatch
10,2022,2533b,0750-AK31,4-genuine-era-mismatch
10,2022,2533c,0750-AK94,4-genuine-era-mismatch
10,2022,2306a,0750-AK95,4-genuine-era-mismatch
10,2022,2534,0750-AL03,4-genuine-era-mismatch
10,2022,2533e,0750-AL60,4-genuine-era-mismatch
10,2022,2371b,0750-AK67,4-genuine-era-mismatch
10,2022,2533a,0750-AL29,4-genuine-era-mismatch
10,2022,2533d,0750-AL32,4-genuine-era-mismatch
10,2022,2302e,0750-AL49,4-genuine-era-mismatch
44,2022,3541,0790-AK86,4-genuine-era-mismatch
20,2022,1099a-3,1840-AD55,4-genuine-era-mismatch
20,2022,6511,1875-AA14,4-genuine-era-mismatch
20,2022,1069c,1875-AA14,4-genuine-era-mismatch
40,2022,318,0925-AA67,4-genuine-era-mismatch
20,2022,2461,1012-AA31,4-genuine-era-mismatch
18,2022,4203,1104-AA07,4-genuine-era-mismatch
18,2022,4203,1104-AA08,4-genuine-era-mismatch
18,2022,4203,1104-AA09,4-genuine-era-mismatch
18,2022,4203,1104-AA00,4-genuine-era-mismatch
18,2022,4203,1104-AA04,4-genuine-era-mismatch
18,2022,4203,1104-AA12,4-genuine-era-mismatch
18,2022,4203,1104-AA06,4-genuine-era-mismatch
18,2022,4161,1120-AB71,4-genuine-era-mismatch
18,2022,5006,1120-AB71,4-genuine-era-mismatch
18,2022,5006,1120-AB75,4-genuine-era-mismatch
18,2022,4161,1120-AB05,4-genuine-era-mismatch
18,2022,5006,1120-AB05,4-genuine-era-mismatch
18,2022,5006,1120-AB67,4-genuine-era-mismatch
18,2022,5006,1120-AB69,4-genuine-era-mismatch
18,2022,5006,1120-AB80,4-genuine-era-mismatch
18,2022,5006,1120-AB59,4-genuine-era-mismatch
18,2022,4161,1120-AA62,4-genuine-era-mismatch
18,2022,5006,1120-AA62,4-genuine-era-mismatch
18,2022,5006,1120-AB70,4-genuine-era-mismatch
18,2022,5006,1120-AB76,4-genuine-era-mismatch
40,2022,333,1218-AD23,4-genuine-era-mismatch
49,2022,24405,2105-AE79,4-genuine-era-mismatch
41,2022,418,2105-AE26,4-genuine-era-mismatch
49,2022,40119,2120-AL14,4-genuine-era-mismatch
49,2022,40119,2120-AL36,4-genuine-era-mismatch
49,2022,40119,2120-AL37,4-genuine-era-mismatch
49,2022,40119,2120-AL03,4-genuine-era-mismatch
49,2022,40119,2120-AK22,4-genuine-era-mismatch
49,2022,40119,2120-AL24,4-genuine-era-mismatch
49,2022,40119,2120-AL23,4-genuine-era-mismatch
23,2022,215,2125-AF88,4-genuine-era-mismatch
50,2022,1744,2133-AB88,4-genuine-era-mismatch
26,2022,936,1545-BO57,4-genuine-era-mismatch
26,2022,6050,1545-BN27,4-genuine-era-mismatch
5,2022,402,3038-AF11,4-genuine-era-mismatch
40,2022,442,0575-AD19,4-genuine-era-mismatch
40,2022,486,0599-AA28,4-genuine-era-mismatch
50,2022,2401,0694-AF67,4-genuine-era-mismatch
50,2022,2401,0694-AG10,4-genuine-era-mismatch
10,2022,7430,0694-AG57,4-genuine-era-mismatch
50,2022,2401,0694-AG57,4-genuine-era-mismatch
50,2022,5,0694-AG57,4-genuine-era-mismatch
10,2022,7430,0694-AG93,4-genuine-era-mismatch
50,2022,2401,0694-AG93,4-genuine-era-mismatch
50,2022,5,0694-AG93,4-genuine-era-mismatch
10,2022,7430,0694-AH45,4-genuine-era-mismatch
10,2022,7430,0694-AG95,4-genuine-era-mismatch
10,2022,7430,0694-AH59,4-genuine-era-mismatch
50,2022,2401,0694-AE80,4-genuine-era-mismatch
10,2022,7430,0694-AG00,4-genuine-era-mismatch
50,2022,2401,0694-AG00,4-genuine-era-mismatch
50,2022,5,0694-AG00,4-genuine-era-mismatch
10,2022,7430,0694-AH61,4-genuine-era-mismatch
10,2022,7430,0694-AF47,4-genuine-era-mismatch
50,2022,2401,0694-AF47,4-genuine-era-mismatch
50,2022,5,0694-AF47,4-genuine-era-mismatch
10,2022,7430,0694-AH56,4-genuine-era-mismatch
10,2022,5031,0703-AB24,4-genuine-era-mismatch
10,2022,6011,0703-AB24,4-genuine-era-mismatch
10,2022,133,0703-AB25,4-genuine-era-mismatch
10,2022,5031,0703-AB25,4-genuine-era-mismatch
10,2022,6011,0703-AB25,4-genuine-era-mismatch
10,2022,7881,0703-AB25,4-genuine-era-mismatch
10,2022,3036,0710-AB43,4-genuine-era-mismatch
10,2022,2302,0750-AJ30,4-genuine-era-mismatch
10,2022,2533c,0750-AL33,4-genuine-era-mismatch
10,2022,2380,0750-AL57,4-genuine-era-mismatch
10,2022,2533d,0750-AL62,4-genuine-era-mismatch
10,2022,2374a,0750-AL65,4-genuine-era-mismatch
10,2022,2372,0750-AJ27,4-genuine-era-mismatch
10,2022,2313a,0750-AJ27,4-genuine-era-mismatch
10,2022,2533a,0750-AK31,4-genuine-era-mismatch
10,2022,2533b,0750-AK31,4-genuine-era-mismatch
10,2022,2534,0750-AL03,4-genuine-era-mismatch
10,2022,2533e,0750-AL60,4-genuine-era-mismatch
10,2022,2533c,0750-AK94,4-genuine-era-mismatch
10,2022,2306a,0750-AK95,4-genuine-era-mismatch
44,2022,3541,0790-AK86,4-genuine-era-mismatch
10,2022,133,0790-AI73,4-genuine-era-mismatch
20,2022,1099a-3,1840-AD55,4-genuine-era-mismatch
20,2022,1099a-3,1840-AD69,4-genuine-era-mismatch
20,2022,6511,1875-AA14,4-genuine-era-mismatch
20,2022,1069c,1875-AA14,4-genuine-era-mismatch
40,2022,318,0925-AA67,4-genuine-era-mismatch
18,2022,4203,1104-AA07,4-genuine-era-mismatch
18,2022,4203,1104-AA08,4-genuine-era-mismatch
18,2022,4203,1104-AA00,4-genuine-era-mismatch
18,2022,4203,1104-AA04,4-genuine-era-mismatch
18,2022,4203,1104-AA12,4-genuine-era-mismatch
18,2022,4203,1104-AA09,4-genuine-era-mismatch
18,2022,4161,1120-AB71,4-genuine-era-mismatch
18,2022,5006,1120-AB71,4-genuine-era-mismatch
18,2022,5006,1120-AB75,4-genuine-era-mismatch
18,2022,4161,1120-AB05,4-genuine-era-mismatch
18,2022,5006,1120-AB05,4-genuine-era-mismatch
18,2022,5006,1120-AB67,4-genuine-era-mismatch
18,2022,5006,1120-AB69,4-genuine-era-mismatch
18,2022,5006,1120-AB59,4-genuine-era-mismatch
18,2022,5006,1120-AB80,4-genuine-era-mismatch
40,2022,333,1218-AD23,4-genuine-era-mismatch
49,2022,24405,2105-AE79,4-genuine-era-mismatch
41,2022,418,2105-AE26,4-genuine-era-mismatch
49,2022,40119,2120-AL36,4-genuine-era-mismatch
49,2022,40119,2120-AK22,4-genuine-era-mismatch
49,2022,40119,2120-AL14,4-genuine-era-mismatch
49,2022,40119,2120-AL24,4-genuine-era-mismatch
49,2022,40119,2120-AL37,4-genuine-era-mismatch
49,2022,40119,2120-AL03,4-genuine-era-mismatch
50,2022,1744,2133-AB88,4-genuine-era-mismatch
26,2022,936,1545-BO57,4-genuine-era-mismatch
26,2022,6050,1545-BN27,4-genuine-era-mismatch
5,2022,402,3038-AF11,4-genuine-era-mismatch
40,2023,442,0575-AD19,4-genuine-era-mismatch
40,2023,486,0599-AA28,4-genuine-era-mismatch
50,2023,2401,0694-AF67,4-genuine-era-mismatch
50,2023,2401,0694-AG10,4-genuine-era-mismatch
10,2023,7430,0694-AG57,4-genuine-era-mismatch
50,2023,2401,0694-AG57,4-genuine-era-mismatch
50,2023,5,0694-AG57,4-genuine-era-mismatch
10,2023,7430,0694-AH45,4-genuine-era-mismatch
10,2023,7430,0694-AG95,4-genuine-era-mismatch
10,2023,7430,0694-AH59,4-genuine-era-mismatch
50,2023,2401,0694-AE80,4-genuine-era-mismatch
10,2023,7430,0694-AG00,4-genuine-era-mismatch
50,2023,2401,0694-AG00,4-genuine-era-mismatch
50,2023,5,0694-AG00,4-genuine-era-mismatch
10,2023,7430,0694-AG93,4-genuine-era-mismatch
50,2023,2401,0694-AG93,4-genuine-era-mismatch
50,2023,5,0694-AG93,4-genuine-era-mismatch
10,2023,7430,0694-AH61,4-genuine-era-mismatch
10,2023,5031,0703-AB24,4-genuine-era-mismatch
10,2023,6011,0703-AB24,4-genuine-era-mismatch
10,2023,3036,0710-AB43,4-genuine-era-mismatch
10,2023,133,0790-AI73,4-genuine-era-mismatch
44,2023,3541,0790-AK86,4-genuine-era-mismatch
20,2023,6511,1875-AA14,4-genuine-era-mismatch
20,2023,1069c,1875-AA14,4-genuine-era-mismatch
40,2023,318,0925-AA67,4-genuine-era-mismatch
18,2023,4203,1104-AA07,4-genuine-era-mismatch
18,2023,4203,1104-AA08,4-genuine-era-mismatch
18,2023,4203,1104-AA00,4-genuine-era-mismatch
18,2023,4203,1104-AA04,4-genuine-era-mismatch
18,2023,4203,1104-AA12,4-genuine-era-mismatch
18,2023,4161,1120-AB71,4-genuine-era-mismatch
18,2023,5006,1120-AB71,4-genuine-era-mismatch
18,2023,5006,1120-AB75,4-genuine-era-mismatch
18,2023,4161,1120-AB05,4-genuine-era-mismatch
18,2023,5006,1120-AB05,4-genuine-era-mismatch
18,2023,5006,1120-AB67,4-genuine-era-mismatch
18,2023,5006,1120-AB69,4-genuine-era-mismatch
18,2023,5006,1120-AB80,4-genuine-era-mismatch
18,2023,5006,1120-AB59,4-genuine-era-mismatch
40,2023,333,1218-AD23,4-genuine-era-mismatch
49,2023,24405,2105-AE79,4-genuine-era-mismatch
41,2023,418,2105-AE26,4-genuine-era-mismatch
49,2023,40119,2120-AL14,4-genuine-era-mismatch
49,2023,40119,2120-AL37,4-genuine-era-mismatch
49,2023,40119,2120-AL36,4-genuine-era-mismatch
49,2023,40119,2120-AK22,4-genuine-era-mismatch
49,2023,40119,2120-AL24,4-genuine-era-mismatch
50,2023,1744,2133-AB88,4-genuine-era-mismatch
26,2023,936,1545-BO57,4-genuine-era-mismatch
26,2023,6050,1545-BN27,4-genuine-era-mismatch
5,2023,402,3038-AF11,4-genuine-era-mismatch
5,2023,8g,3136-AA46,4-genuine-era-mismatch
50,2023,2061,0560-AI62,4-genuine-era-mismatch
50,2023,2171,0560-AI62,4-genuine-era-mismatch
50,2023,2172,0560-AI62,4-genuine-era-mismatch
40,2023,442,0575-AD19,4-genuine-era-mismatch
40,2023,486,0599-AA28,4-genuine-era-mismatch
50,2023,2401,0694-AG10,4-genuine-era-mismatch
10,2023,7430,0694-AG57,4-genuine-era-mismatch
50,2023,2401,0694-AG57,4-genuine-era-mismatch
50,2023,5,0694-AG57,4-genuine-era-mismatch
10,2023,7430,0694-AG93,4-genuine-era-mismatch
50,2023,2401,0694-AG93,4-genuine-era-mismatch
50,2023,5,0694-AG93,4-genuine-era-mismatch
10,2023,7430,0694-AH45,4-genuine-era-mismatch
10,2023,7430,0694-AG95,4-genuine-era-mismatch
10,2023,7430,0694-AH59,4-genuine-era-mismatch
50,2023,2401,0694-AE80,4-genuine-era-mismatch
50,2023,2401,0694-AF67,4-genuine-era-mismatch
10,2023,7430,0694-AG00,4-genuine-era-mismatch
50,2023,2401,0694-AG00,4-genuine-era-mismatch
50,2023,5,0694-AG00,4-genuine-era-mismatch
10,2023,5031,0703-AB24,4-genuine-era-mismatch
10,2023,6011,0703-AB24,4-genuine-era-mismatch
44,2023,3541,0790-AK86,4-genuine-era-mismatch
20,2023,6511,1875-AA14,4-genuine-era-mismatch
20,2023,1069c,1875-AA14,4-genuine-era-mismatch
41,2023,418b,1601-AA65,4-genuine-era-mismatch
41,2023,418b,1601-AA65,4-genuine-era-mismatch
41,2023,414,1601-AA65,4-genuine-era-mismatch
18,2023,4203,1104-AA07,4-genuine-era-mismatch
18,2023,4203,1104-AA08,4-genuine-era-mismatch
18,2023,4203,1104-AA00,4-genuine-era-mismatch
18,2023,4203,1104-AA04,4-genuine-era-mismatch
18,2023,4203,1104-AA12,4-genuine-era-mismatch
18,2023,4161,1120-AB71,4-genuine-era-mismatch
18,2023,5006,1120-AB71,4-genuine-era-mismatch
18,2023,4161,1120-AB05,4-genuine-era-mismatch
18,2023,5006,1120-AB05,4-genuine-era-mismatch
18,2023,5006,1120-AB67,4-genuine-era-mismatch
18,2023,5006,1120-AB69,4-genuine-era-mismatch
18,2023,5006,1120-AB80,4-genuine-era-mismatch
18,2023,5006,1120-AB59,4-genuine-era-mismatch
18,2023,5006,1120-AB75,4-genuine-era-mismatch
40,2023,333,1218-AD23,4-genuine-era-mismatch
49,2023,24405,2105-AE79,4-genuine-era-mismatch
50,2023,468,2105-AF21,4-genuine-era-mismatch
49,2023,40119,2120-AL14,4-genuine-era-mismatch
49,2023,40119,2120-AL37,4-genuine-era-mismatch
49,2023,40119,2120-AK22,4-genuine-era-mismatch
49,2023,40119,2120-AL24,4-genuine-era-mismatch
49,2023,40119,2120-AL36,4-genuine-era-mismatch
50,2023,1744,2133-AB88,4-genuine-era-mismatch
26,2023,936,1545-BO57,4-genuine-era-mismatch
26,2023,6050,1545-BN27,4-genuine-era-mismatch
46,2023,305,3072-AC91,4-genuine-era-mismatch
46,2023,305,3072-AC86,4-genuine-era-mismatch
41,2023,414,3072-AC97,4-genuine-era-mismatch
41,2023,418,3072-AC97,4-genuine-era-mismatch
5,2023,8g,3136-AA46,4-genuine-era-mismatch
50,2024,2061,0560-AI62,4-genuine-era-mismatch
50,2024,2171,0560-AI62,4-genuine-era-mismatch
50,2024,2172,0560-AI62,4-genuine-era-mismatch
40,2024,442,0575-AD19,4-genuine-era-mismatch
40,2024,486,0599-AA28,4-genuine-era-mismatch
41,2024,414,0605-AA68,4-genuine-era-mismatch
41,2024,414,0605-AA67,4-genuine-era-mismatch
50,2024,2401,0694-AF67,4-genuine-era-mismatch
50,2024,2401,0694-AG10,4-genuine-era-mismatch
10,2024,7430,0694-AG57,4-genuine-era-mismatch
50,2024,2401,0694-AG57,4-genuine-era-mismatch
50,2024,5,0694-AG57,4-genuine-era-mismatch
10,2024,7430,0694-AH45,4-genuine-era-mismatch
10,2024,7430,0694-AG95,4-genuine-era-mismatch
10,2024,7430,0694-AH59,4-genuine-era-mismatch
50,2024,2401,0694-AE80,4-genuine-era-mismatch
10,2024,7430,0694-AG00,4-genuine-era-mismatch
50,2024,2401,0694-AG00,4-genuine-era-mismatch
50,2024,5,0694-AG00,4-genuine-era-mismatch
10,2024,7430,0694-AG93,4-genuine-era-mismatch
50,2024,2401,0694-AG93,4-genuine-era-mismatch
50,2024,5,0694-AG93,4-genuine-era-mismatch
10,2024,5031,0703-AB24,4-genuine-era-mismatch
10,2024,6011,0703-AB24,4-genuine-era-mismatch
44,2024,3541,0790-AK86,4-genuine-era-mismatch
20,2024,6511,1875-AA14,4-genuine-era-mismatch
20,2024,1069c,1875-AA14,4-genuine-era-mismatch
18,2024,4203,1104-AA07,4-genuine-era-mismatch
18,2024,4203,1104-AA08,4-genuine-era-mismatch
18,2024,4203,1104-AA00,4-genuine-era-mismatch
18,2024,4203,1104-AA04,4-genuine-era-mismatch
18,2024,4203,1104-AA12,4-genuine-era-mismatch
40,2024,486,1105-AB75,4-genuine-era-mismatch
18,2024,5006,1120-AB69,4-genuine-era-mismatch
18,2024,4161,1120-AB05,4-genuine-era-mismatch
18,2024,5006,1120-AB05,4-genuine-era-mismatch
18,2024,5006,1120-AB67,4-genuine-era-mismatch
18,2024,4161,1120-AB71,4-genuine-era-mismatch
18,2024,5006,1120-AB71,4-genuine-era-mismatch
18,2024,5006,1120-AB75,4-genuine-era-mismatch
18,2024,5006,1120-AB80,4-genuine-era-mismatch
18,2024,5006,1120-AB59,4-genuine-era-mismatch
40,2024,333,1218-AD23,4-genuine-era-mismatch
49,2024,24405,2105-AE79,4-genuine-era-mismatch
50,2024,468,2105-AF21,4-genuine-era-mismatch
49,2024,44514,2120-AA63,4-genuine-era-mismatch
49,2024,44514,2120-AA65,4-genuine-era-mismatch
49,2024,44514,2120-AK39,4-genuine-era-mismatch
50,2024,1744,2133-AB88,4-genuine-era-mismatch
26,2024,936,1545-BO57,4-genuine-era-mismatch
46,2024,305,3072-AC91,4-genuine-era-mismatch
46,2024,305,3072-AC86,4-genuine-era-mismatch
40,2024,486,3090-AJ29,4-genuine-era-mismatch
50,2024,2061,0560-AI62,4-genuine-era-mismatch
50,2024,2171,0560-AI62,4-genuine-era-mismatch
50,2024,2172,0560-AI62,4-genuine-era-mismatch
40,2024,442,0575-AD19,4-genuine-era-mismatch
40,2024,486,0599-AA28,4-genuine-era-mismatch
41,2024,414,0605-AA68,4-genuine-era-mismatch
50,2024,2401,0694-AF67,4-genuine-era-mismatch
50,2024,2401,0694-AG10,4-genuine-era-mismatch
10,2024,7430,0694-AG57,4-genuine-era-mismatch
50,2024,2401,0694-AG57,4-genuine-era-mismatch
50,2024,5,0694-AG57,4-genuine-era-mismatch
10,2024,7430,0694-AG93,4-genuine-era-mismatch
50,2024,2401,0694-AG93,4-genuine-era-mismatch
50,2024,5,0694-AG93,4-genuine-era-mismatch
10,2024,7430,0694-AH45,4-genuine-era-mismatch
10,2024,7430,0694-AG95,4-genuine-era-mismatch
10,2024,7430,0694-AH59,4-genuine-era-mismatch
50,2024,2401,0694-AE80,4-genuine-era-mismatch
10,2024,7430,0694-AG00,4-genuine-era-mismatch
50,2024,2401,0694-AG00,4-genuine-era-mismatch
50,2024,5,0694-AG00,4-genuine-era-mismatch
20,2024,6511,1875-AA14,4-genuine-era-mismatch
20,2024,1069c,1875-AA14,4-genuine-era-mismatch
20,2024,1069c,1894-AA11,4-genuine-era-mismatch
20,2024,6511,1894-AA11,4-genuine-era-mismatch
18,2024,4203,1104-AA07,4-genuine-era-mismatch
18,2024,4203,1104-AA08,4-genuine-era-mismatch
18,2024,4203,1104-AA00,4-genuine-era-mismatch
18,2024,4203,1104-AA04,4-genuine-era-mismatch
18,2024,4203,1104-AA12,4-genuine-era-mismatch
40,2024,486,1105-AB75,4-genuine-era-mismatch
18,2024,5006,1120-AB75,4-genuine-era-mismatch
18,2024,5006,1120-AB80,4-genuine-era-mismatch
18,2024,4161,1120-AB05,4-genuine-era-mismatch
18,2024,5006,1120-AB05,4-genuine-era-mismatch
18,2024,5006,1120-AB59,4-genuine-era-mismatch
18,2024,5006,1120-AB67,4-genuine-era-mismatch
18,2024,5006,1120-AB69,4-genuine-era-mismatch
18,2024,4161,1120-AB71,4-genuine-era-mismatch
18,2024,5006,1120-AB71,4-genuine-era-mismatch
40,2024,333,1218-AD23,4-genuine-era-mismatch
49,2024,24405,2105-AE79,4-genuine-era-mismatch
50,2024,468,2105-AF21,4-genuine-era-mismatch
49,2024,44514,2120-AA63,4-genuine-era-mismatch
49,2024,44514,2120-AA65,4-genuine-era-mismatch
49,2024,44514,2120-AK39,4-genuine-era-mismatch
49,2024,30168,2127-AM67,4-genuine-era-mismatch
50,2024,1744,2133-AB88,4-genuine-era-mismatch
26,2024,936,1545-BO57,4-genuine-era-mismatch
46,2024,305,3072-AC91,4-genuine-era-mismatch
50,2025,2061,0560-AI62,3-future-edition-beyond-2024
50,2025,2171,0560-AI62,3-future-edition-beyond-2024
50,2025,2172,0560-AI62,3-future-edition-beyond-2024
40,2025,442,0575-AD19,3-future-edition-beyond-2024
41,2025,414,0605-AA69,3-future-edition-beyond-2024
50,2025,2401,0694-AF67,3-future-edition-beyond-2024
10,2025,7430,0694-AH45,3-future-edition-beyond-2024
10,2025,7430,0694-AG95,3-future-edition-beyond-2024
10,2025,7430,0694-AH59,3-future-edition-beyond-2024
50,2025,2401,0694-AG10,3-future-edition-beyond-2024
10,2025,7430,0694-AG57,3-future-edition-beyond-2024
50,2025,2401,0694-AG57,3-future-edition-beyond-2024
50,2025,5,0694-AG57,3-future-edition-beyond-2024
10,2025,7430,0694-AG93,3-future-edition-beyond-2024
50,2025,2401,0694-AG93,3-future-edition-beyond-2024
50,2025,5,0694-AG93,3-future-edition-beyond-2024
5,2025,3,1910-AA55,3-future-edition-beyond-2024
5,2025,3,1910-AA56,3-future-edition-beyond-2024
50,2025,468,2105-AF21,3-future-edition-beyond-2024
50,2025,1744,2133-AB88,3-future-edition-beyond-2024
50,2025,2061,0560-AI62,3-future-edition-beyond-2024
50,2025,2171,0560-AI62,3-future-edition-beyond-2024
50,2025,2172,0560-AI62,3-future-edition-beyond-2024
40,2025,442,0575-AD19,3-future-edition-beyond-2024
50,2025,2401,0694-AF67,3-future-edition-beyond-2024
50,2025,2401,0694-AG10,3-future-edition-beyond-2024
10,2025,7430,0694-AG95,3-future-edition-beyond-2024
10,2025,7430,0694-AH45,3-future-edition-beyond-2024
10,2025,7430,0694-AH59,3-future-edition-beyond-2024
5,2025,3,1910-AA55,3-future-edition-beyond-2024
5,2025,3,1910-AA56,3-future-edition-beyond-2024
42,2025,11403,2506-AC64,3-future-edition-beyond-2024
50,2025,468,2105-AF21,3-future-edition-beyond-2024
50,2025,1744,2133-AB88,3-future-edition-beyond-2024
41,2025,438,3090-AL15,3-future-edition-beyond-2024
5,2025,3,3245-AI45,3-future-edition-beyond-2024
41,2012,421,0750-AG66,2-case-bug-uncertain
41,2012,423,0750-AG99,2-case-bug-uncertain
40,2012,486,1991-AB92,2-case-bug-uncertain
41,2012,418b,1505-AC41,2-case-bug-uncertain
40,2012,484,0596-AB61,2-case-bug-uncertain
40,2012,486,0599-AA20,2-case-bug-uncertain
40,2012,486,0599-AA19,2-case-bug-uncertain
41,2012,701,0605-AA28,2-case-bug-uncertain
40,2012,486,0991-AB86,2-case-bug-uncertain
40,2012,486,0991-AB87,2-case-bug-uncertain
40,2012,486,0991-AB88,2-case-bug-uncertain
41,2012,418b,1601-AA65,2-case-bug-uncertain
41,2012,418b,1601-AA65,2-case-bug-uncertain
41,2012,414,1601-AA65,2-case-bug-uncertain
41,2012,253,1090-AB03,2-case-bug-uncertain
40,2012,486,1090-AB03,2-case-bug-uncertain
40,2012,276c,1205-AB59,2-case-bug-uncertain
40,2012,333,1218-AB47,2-case-bug-uncertain
40,2012,333,1218-AB67,2-case-bug-uncertain
40,2012,322,2105-AE14,2-case-bug-uncertain
41,2012,46,3037-AA01,2-case-bug-uncertain
41,2012,46,3037-AA06,2-case-bug-uncertain
40,2012,486,9000-AM42,2-case-bug-uncertain
40,2012,486,9000-AL82,2-case-bug-uncertain
40,2012,486,3090-AJ29,2-case-bug-uncertain
40,2012,486,3090-AJ28,2-case-bug-uncertain
41,2012,422,0348-AB64,2-case-bug-uncertain
41,2012,422,0348-AB68,2-case-bug-uncertain
41,2012,422,0348-AB68,2-case-bug-uncertain
41,2012,431,0348-AB68,2-case-bug-uncertain
