kind	rin	publication_id	ordinal	citation_ordinal	changes	authority_text
ADDED	2020-AA23	199510	2	1	(no row) -> rin='2020-AA23'; publication_id='199510'; ordinal=2; authority_text='42 USC 9609/CERCLA 109'; authority_type='act_relative'; parse_status='corroborated'; usc_title=42; usc_section='9609'; act_key='cercla'; act_section='109'; act_resolution_evidence='table3-classification'; usc_section_verdict='exists'; usc_section_attested_at_edition=True; corroboration_rule='second-authority-behind-a-slash:index-holds-a-bare-name-and-section'; authority_in_own_cfr_note='absent'; cfr_note_part='40 CFR 22'; authority_source='box'	42 USC 9609/CERCLA 109
ADDED	2020-AA23	199510	3	1	(no row) -> rin='2020-AA23'; publication_id='199510'; ordinal=3; authority_text='42 USC 7413/CAA 113'; authority_type='act_relative'; parse_status='corroborated'; usc_title=42; usc_section='7413'; act_key='clean air act'; act_section='113'; act_resolution_evidence='table3-classification'; usc_section_verdict='exists'; usc_section_attested_at_edition=True; corroboration_rule='second-authority-behind-a-slash:agency-roster-initialism'; authority_in_own_cfr_note='absent'; cfr_note_part='40 CFR 22'; authority_source='box'	42 USC 7413/CAA 113
ADDED	2020-AA23	199604	2	1	(no row) -> rin='2020-AA23'; publication_id='199604'; ordinal=2; authority_text='42 USC 9609/CERCLA 109'; authority_type='act_relative'; parse_status='corroborated'; usc_title=42; usc_section='9609'; act_key='cercla'; act_section='109'; act_resolution_evidence='table3-classification'; usc_section_verdict='exists'; usc_section_attested_at_edition=True; corroboration_rule='second-authority-behind-a-slash:index-holds-a-bare-name-and-section'; authority_in_own_cfr_note='absent'; cfr_note_part='40 CFR 22'; authority_source='box'	42 USC 9609/CERCLA 109
ADDED	2020-AA23	199604	3	1	(no row) -> rin='2020-AA23'; publication_id='199604'; ordinal=3; authority_text='42 USC 7413/CAA 113'; authority_type='act_relative'; parse_status='corroborated'; usc_title=42; usc_section='7413'; act_key='clean air act'; act_section='113'; act_resolution_evidence='table3-classification'; usc_section_verdict='exists'; usc_section_attested_at_edition=True; corroboration_rule='second-authority-behind-a-slash:agency-roster-initialism'; authority_in_own_cfr_note='absent'; cfr_note_part='40 CFR 22'; authority_source='box'	42 USC 7413/CAA 113
ADDED	2020-AA23	199604	5	1	(no row) -> rin='2020-AA23'; publication_id='199604'; ordinal=5; authority_text='42 USC 300/SDWA 1423'; authority_type='act_relative'; parse_status='corroborated'; usc_title=42; usc_section='300h-2'; act_key='safe drinking water act'; act_section='1423'; act_resolution_evidence='table3-classification'; usc_section_verdict='exists'; usc_section_attested_at_edition=True; corroboration_rule='second-authority-behind-a-slash:agency-roster-initialism'; authority_in_own_cfr_note='absent'; cfr_note_part='40 CFR 22'; authority_source='box'	42 USC 300/SDWA 1423
ADDED	2020-AA23	199610	2	1	(no row) -> rin='2020-AA23'; publication_id='199610'; ordinal=2; authority_text='42 USC 9609/CERCLA 109'; authority_type='act_relative'; parse_status='corroborated'; usc_title=42; usc_section='9609'; act_key='cercla'; act_section='109'; act_resolution_evidence='table3-classification'; usc_section_verdict='exists'; usc_section_attested_at_edition=True; corroboration_rule='second-authority-behind-a-slash:index-holds-a-bare-name-and-section'; authority_in_own_cfr_note='absent'; cfr_note_part='40 CFR 22'; authority_source='box'	42 USC 9609/CERCLA 109
ADDED	2020-AA23	199610	3	1	(no row) -> rin='2020-AA23'; publication_id='199610'; ordinal=3; authority_text='42 USC 7413/CAA 113'; authority_type='act_relative'; parse_status='corroborated'; usc_title=42; usc_section='7413'; act_key='clean air act'; act_section='113'; act_resolution_evidence='table3-classification'; usc_section_verdict='exists'; usc_section_attested_at_edition=True; corroboration_rule='second-authority-behind-a-slash:agency-roster-initialism'; authority_in_own_cfr_note='absent'; cfr_note_part='40 CFR 22'; authority_source='box'	42 USC 7413/CAA 113
ADDED	2020-AA23	199610	5	1	(no row) -> rin='2020-AA23'; publication_id='199610'; ordinal=5; authority_text='42 USC 300/SDWA 1423'; authority_type='act_relative'; parse_status='corroborated'; usc_title=42; usc_section='300h-2'; act_key='safe drinking water act'; act_section='1423'; act_resolution_evidence='table3-classification'; usc_section_verdict='exists'; usc_section_attested_at_edition=True; corroboration_rule='second-authority-behind-a-slash:agency-roster-initialism'; authority_in_own_cfr_note='absent'; cfr_note_part='40 CFR 22'; authority_source='box'	42 USC 300/SDWA 1423
ADDED	2020-AA23	199704	2	1	(no row) -> rin='2020-AA23'; publication_id='199704'; ordinal=2; authority_text='42 USC 9609/CERCLA 109'; authority_type='act_relative'; parse_status='corroborated'; usc_title=42; usc_section='9609'; act_key='cercla'; act_section='109'; act_resolution_evidence='table3-classification'; usc_section_verdict='exists'; usc_section_attested_at_edition=True; corroboration_rule='second-authority-behind-a-slash:index-holds-a-bare-name-and-section'; authority_in_own_cfr_note='absent'; cfr_note_part='40 CFR 22'; authority_source='box'	42 USC 9609/CERCLA 109
ADDED	2020-AA23	199704	3	1	(no row) -> rin='2020-AA23'; publication_id='199704'; ordinal=3; authority_text='42 USC 7413/CAA 113'; authority_type='act_relative'; parse_status='corroborated'; usc_title=42; usc_section='7413'; act_key='clean air act'; act_section='113'; act_resolution_evidence='table3-classification'; usc_section_verdict='exists'; usc_section_attested_at_edition=True; corroboration_rule='second-authority-behind-a-slash:agency-roster-initialism'; authority_in_own_cfr_note='absent'; cfr_note_part='40 CFR 22'; authority_source='box'	42 USC 7413/CAA 113
ADDED	2020-AA23	199704	5	1	(no row) -> rin='2020-AA23'; publication_id='199704'; ordinal=5; authority_text='42 USC 300/SDWA 1423'; authority_type='act_relative'; parse_status='corroborated'; usc_title=42; usc_section='300h-2'; act_key='safe drinking water act'; act_section='1423'; act_resolution_evidence='table3-classification'; usc_section_verdict='exists'; usc_section_attested_at_edition=True; corroboration_rule='second-authority-behind-a-slash:agency-roster-initialism'; authority_in_own_cfr_note='absent'; cfr_note_part='40 CFR 22'; authority_source='box'	42 USC 300/SDWA 1423
ADDED	2020-AA25	199510	0	1	(no row) -> rin='2020-AA25'; publication_id='199510'; ordinal=0; authority_text='42 USC 9665 to 9857/CERCLA 115'; authority_type='act_relative'; parse_status='corroborated'; usc_title=42; usc_section='9615'; act_key='cercla'; act_section='115'; act_resolution_evidence='table3-classification'; usc_section_verdict='exists'; usc_section_attested_at_edition=True; corroboration_rule='second-authority-behind-a-slash:index-holds-a-bare-name-and-section'; authority_source='box'	42 USC 9665 to 9857/CERCLA 115
ADDED	2020-AA25	199510	1	1	(no row) -> rin='2020-AA25'; publication_id='199510'; ordinal=1; authority_text='33 USC 1321(c)(2)/CERCLA 107'; authority_type='act_relative'; parse_status='corroborated'; usc_title=42; usc_section='9607'; act_key='cercla'; act_section='107'; act_resolution_evidence='table3-classification'; usc_section_verdict='exists'; usc_section_attested_at_edition=True; corroboration_rule='second-authority-behind-a-slash:index-holds-a-bare-name-and-section'; authority_source='box'	33 USC 1321(c)(2)/CERCLA 107
ADDED	2020-AA25	199604	0	1	(no row) -> rin='2020-AA25'; publication_id='199604'; ordinal=0; authority_text='42 USC 9665 to 9857/CERCLA 115'; authority_type='act_relative'; parse_status='corroborated'; usc_title=42; usc_section='9615'; act_key='cercla'; act_section='115'; act_resolution_evidence='table3-classification'; usc_section_verdict='exists'; usc_section_attested_at_edition=True; corroboration_rule='second-authority-behind-a-slash:index-holds-a-bare-name-and-section'; authority_source='box'	42 USC 9665 to 9857/CERCLA 115
ADDED	2020-AA25	199604	1	1	(no row) -> rin='2020-AA25'; publication_id='199604'; ordinal=1; authority_text='33 USC 1321(c)(2)/CERCLA 107'; authority_type='act_relative'; parse_status='corroborated'; usc_title=42; usc_section='9607'; act_key='cercla'; act_section='107'; act_resolution_evidence='table3-classification'; usc_section_verdict='exists'; usc_section_attested_at_edition=True; corroboration_rule='second-authority-behind-a-slash:index-holds-a-bare-name-and-section'; authority_source='box'	33 USC 1321(c)(2)/CERCLA 107
ADDED	2020-AA25	199610	0	1	(no row) -> rin='2020-AA25'; publication_id='199610'; ordinal=0; authority_text='42 USC 9665 to 9857/CERCLA 115'; authority_type='act_relative'; parse_status='corroborated'; usc_title=42; usc_section='9615'; act_key='cercla'; act_section='115'; act_resolution_evidence='table3-classification'; usc_section_verdict='exists'; usc_section_attested_at_edition=True; corroboration_rule='second-authority-behind-a-slash:index-holds-a-bare-name-and-section'; authority_source='box'	42 USC 9665 to 9857/CERCLA 115
ADDED	2020-AA25	199610	1	1	(no row) -> rin='2020-AA25'; publication_id='199610'; ordinal=1; authority_text='33 USC 1321(c)(2)/CERCLA 107'; authority_type='act_relative'; parse_status='corroborated'; usc_title=42; usc_section='9607'; act_key='cercla'; act_section='107'; act_resolution_evidence='table3-classification'; usc_section_verdict='exists'; usc_section_attested_at_edition=True; corroboration_rule='second-authority-behind-a-slash:index-holds-a-bare-name-and-section'; authority_source='box'	33 USC 1321(c)(2)/CERCLA 107
ADDED	2020-AA25	199704	0	1	(no row) -> rin='2020-AA25'; publication_id='199704'; ordinal=0; authority_text='42 USC 9665 to 9857/CERCLA 115'; authority_type='act_relative'; parse_status='corroborated'; usc_title=42; usc_section='9615'; act_key='cercla'; act_section='115'; act_resolution_evidence='table3-classification'; usc_section_verdict='exists'; usc_section_attested_at_edition=True; corroboration_rule='second-authority-behind-a-slash:index-holds-a-bare-name-and-section'; authority_source='box'	42 USC 9665 to 9857/CERCLA 115
ADDED	2020-AA25	199704	1	1	(no row) -> rin='2020-AA25'; publication_id='199704'; ordinal=1; authority_text='33 USC 1321(c)(2)/CERCLA 107'; authority_type='act_relative'; parse_status='corroborated'; usc_title=42; usc_section='9607'; act_key='cercla'; act_section='107'; act_resolution_evidence='table3-classification'; usc_section_verdict='exists'; usc_section_attested_at_edition=True; corroboration_rule='second-authority-behind-a-slash:index-holds-a-bare-name-and-section'; authority_source='box'	33 USC 1321(c)(2)/CERCLA 107
ADDED	2020-AA28	199704	0	1	(no row) -> rin='2020-AA28'; publication_id='199704'; ordinal=0; authority_text='7 USC 136f/FIFRA 8'; authority_type='act_relative'; parse_status='corroborated'; usc_title=7; usc_section='136f'; act_key='federal insecticide, fungicide, and rodenticide act'; act_section='8'; act_resolution_evidence='table3-classification'; usc_section_verdict='exists'; usc_section_attested_at_edition=True; corroboration_rule='second-authority-behind-a-slash:agency-roster-initialism'; authority_in_own_cfr_note='absent'; cfr_note_part='40 CFR 169'; authority_source='box'	7 USC 136f/FIFRA 8
ADDED	2020-AA29	199704	0	1	(no row) -> rin='2020-AA29'; publication_id='199704'; ordinal=0; authority_text='7 USC 136/FIFRA 6'; authority_type='act_relative'; parse_status='corroborated'; usc_title=7; usc_section='136d'; act_key='federal insecticide, fungicide, and rodenticide act'; act_section='6'; act_resolution_evidence='table3-classification'; usc_section_verdict='exists'; usc_section_attested_at_edition=True; corroboration_rule='second-authority-behind-a-slash:agency-roster-initialism'; authority_in_own_cfr_note='absent'; cfr_note_part='40 CFR 168'; authority_source='box'	7 USC 136/FIFRA 6
ADDED	2040-AA13	199510	0	1	(no row) -> rin='2040-AA13'; publication_id='199510'; ordinal=0; authority_text='33 USC 1311/CWA 301'; authority_type='act_relative'; parse_status='corroborated'; usc_title=33; usc_section='1311'; act_key='clean water act'; act_section='301'; act_resolution_evidence='table3-classification'; usc_section_verdict='exists'; usc_section_attested_at_edition=True; corroboration_rule='second-authority-behind-a-slash:agency-roster-initialism'; authority_in_own_cfr_note='absent'; cfr_note_part='40 CFR 439'; authority_source='box'	33 USC 1311/CWA 301
ADDED	2040-AA13	199510	1	1	(no row) -> rin='2040-AA13'; publication_id='199510'; ordinal=1; authority_text='33 USC 1314/CWA 304'; authority_type='act_relative'; parse_status='corroborated'; usc_title=33; usc_section='1314'; act_key='clean water act'; act_section='304'; act_resolution_evidence='table3-classification'; usc_section_verdict='exists'; usc_section_attested_at_edition=True; corroboration_rule='second-authority-behind-a-slash:agency-roster-initialism'; authority_in_own_cfr_note='absent'; cfr_note_part='40 CFR 439'; authority_source='box'	33 USC 1314/CWA 304
ADDED	2040-AA13	199510	2	1	(no row) -> rin='2040-AA13'; publication_id='199510'; ordinal=2; authority_text='33 USC 1316/CWA 306'; authority_type='act_relative'; parse_status='corroborated'; usc_title=33; usc_section='1316'; act_key='clean water act'; act_section='306'; act_resolution_evidence='table3-classification'; usc_section_verdict='exists'; usc_section_attested_at_edition=True; corroboration_rule='second-authority-behind-a-slash:agency-roster-initialism'; authority_in_own_cfr_note='absent'; cfr_note_part='40 CFR 439'; authority_source='box'	33 USC 1316/CWA 306
ADDED	2040-AA13	199510	3	1	(no row) -> rin='2040-AA13'; publication_id='199510'; ordinal=3; authority_text='33 USC 1317/CWA 307'; authority_type='act_relative'; parse_status='corroborated'; usc_title=33; usc_section='1317'; act_key='clean water act'; act_section='307'; act_resolution_evidence='table3-classification'; usc_section_verdict='exists'; usc_section_attested_at_edition=True; corroboration_rule='second-authority-behind-a-slash:agency-roster-initialism'; authority_in_own_cfr_note='absent'; cfr_note_part='40 CFR 439'; authority_source='box'	33 USC 1317/CWA 307
ADDED	2040-AA13	199510	4	1	(no row) -> rin='2040-AA13'; publication_id='199510'; ordinal=4; authority_text='33 USC 1361/CWA 501'; authority_type='act_relative'; parse_status='corroborated'; usc_title=33; usc_section='1361'; act_key='clean water act'; act_section='501'; act_resolution_evidence='table3-classification'; usc_section_verdict='exists'; usc_section_attested_at_edition=True; corroboration_rule='second-authority-behind-a-slash:agency-roster-initialism'; authority_in_own_cfr_note='absent'; cfr_note_part='40 CFR 439'; authority_source='box'	33 USC 1361/CWA 501
ADDED	2040-AA13	199604	0	1	(no row) -> rin='2040-AA13'; publication_id='199604'; ordinal=0; authority_text='33 USC 1311/CWA 301'; authority_type='act_relative'; parse_status='corroborated'; usc_title=33; usc_section='1311'; act_key='clean water act'; act_section='301'; act_resolution_evidence='table3-classification'; usc_section_verdict='exists'; usc_section_attested_at_edition=True; corroboration_rule='second-authority-behind-a-slash:agency-roster-initialism'; authority_in_own_cfr_note='absent'; cfr_note_part='40 CFR 439'; authority_source='box'	33 USC 1311/CWA 301
ADDED	2040-AA13	199604	1	1	(no row) -> rin='2040-AA13'; publication_id='199604'; ordinal=1; authority_text='33 USC 1314/CWA 304'; authority_type='act_relative'; parse_status='corroborated'; usc_title=33; usc_section='1314'; act_key='clean water act'; act_section='304'; act_resolution_evidence='table3-classification'; usc_section_verdict='exists'; usc_section_attested_at_edition=True; corroboration_rule='second-authority-behind-a-slash:agency-roster-initialism'; authority_in_own_cfr_note='absent'; cfr_note_part='40 CFR 439'; authority_source='box'	33 USC 1314/CWA 304
ADDED	2040-AA13	199604	2	1	(no row) -> rin='2040-AA13'; publication_id='199604'; ordinal=2; authority_text='33 USC 1316/CWA 306'; authority_type='act_relative'; parse_status='corroborated'; usc_title=33; usc_section='1316'; act_key='clean water act'; act_section='306'; act_resolution_evidence='table3-classification'; usc_section_verdict='exists'; usc_section_attested_at_edition=True; corroboration_rule='second-authority-behind-a-slash:agency-roster-initialism'; authority_in_own_cfr_note='absent'; cfr_note_part='40 CFR 439'; authority_source='box'	33 USC 1316/CWA 306
ADDED	2040-AA13	199604	3	1	(no row) -> rin='2040-AA13'; publication_id='199604'; ordinal=3; authority_text='33 USC 1317/CWA 307'; authority_type='act_relative'; parse_status='corroborated'; usc_title=33; usc_section='1317'; act_key='clean water act'; act_section='307'; act_resolution_evidence='table3-classification'; usc_section_verdict='exists'; usc_section_attested_at_edition=True; corroboration_rule='second-authority-behind-a-slash:agency-roster-initialism'; authority_in_own_cfr_note='absent'; cfr_note_part='40 CFR 439'; authority_source='box'	33 USC 1317/CWA 307
ADDED	2040-AA13	199604	4	1	(no row) -> rin='2040-AA13'; publication_id='199604'; ordinal=4; authority_text='33 USC 1361/CWA 501'; authority_type='act_relative'; parse_status='corroborated'; usc_title=33; usc_section='1361'; act_key='clean water act'; act_section='501'; act_resolution_evidence='table3-classification'; usc_section_verdict='exists'; usc_section_attested_at_edition=True; corroboration_rule='second-authority-behind-a-slash:agency-roster-initialism'; authority_in_own_cfr_note='absent'; cfr_note_part='40 CFR 439'; authority_source='box'	33 USC 1361/CWA 501
ADDED	2040-AA13	199610	0	1	(no row) -> rin='2040-AA13'; publication_id='199610'; ordinal=0; authority_text='33 USC 1311/CWA 301'; authority_type='act_relative'; parse_status='corroborated'; usc_title=33; usc_section='1311'; act_key='clean water act'; act_section='301'; act_resolution_evidence='table3-classification'; usc_section_verdict='exists'; usc_section_attested_at_edition=True; corroboration_rule='second-authority-behind-a-slash:agency-roster-initialism'; authority_in_own_cfr_note='absent'; cfr_note_part='40 CFR 439'; authority_source='box'	33 USC 1311/CWA 301
ADDED	2040-AA13	199610	1	1	(no row) -> rin='2040-AA13'; publication_id='199610'; ordinal=1; authority_text='33 USC 1314/CWA 304'; authority_type='act_relative'; parse_status='corroborated'; usc_title=33; usc_section='1314'; act_key='clean water act'; act_section='304'; act_resolution_evidence='table3-classification'; usc_section_verdict='exists'; usc_section_attested_at_edition=True; corroboration_rule='second-authority-behind-a-slash:agency-roster-initialism'; authority_in_own_cfr_note='absent'; cfr_note_part='40 CFR 439'; authority_source='box'	33 USC 1314/CWA 304
ADDED	2040-AA13	199610	2	1	(no row) -> rin='2040-AA13'; publication_id='199610'; ordinal=2; authority_text='33 USC 1316/CWA 306'; authority_type='act_relative'; parse_status='corroborated'; usc_title=33; usc_section='1316'; act_key='clean water act'; act_section='306'; act_resolution_evidence='table3-classification'; usc_section_verdict='exists'; usc_section_attested_at_edition=True; corroboration_rule='second-authority-behind-a-slash:agency-roster-initialism'; authority_in_own_cfr_note='absent'; cfr_note_part='40 CFR 439'; authority_source='box'	33 USC 1316/CWA 306
ADDED	2040-AA13	199610	3	1	(no row) -> rin='2040-AA13'; publication_id='199610'; ordinal=3; authority_text='33 USC 1317/CWA 307'; authority_type='act_relative'; parse_status='corroborated'; usc_title=33; usc_section='1317'; act_key='clean water act'; act_section='307'; act_resolution_evidence='table3-classification'; usc_section_verdict='exists'; usc_section_attested_at_edition=True; corroboration_rule='second-authority-behind-a-slash:agency-roster-initialism'; authority_in_own_cfr_note='absent'; cfr_note_part='40 CFR 439'; authority_source='box'	33 USC 1317/CWA 307
ADDED	2040-AA13	199610	4	1	(no row) -> rin='2040-AA13'; publication_id='199610'; ordinal=4; authority_text='33 USC 1361/CWA 501'; authority_type='act_relative'; parse_status='corroborated'; usc_title=33; usc_section='1361'; act_key='clean water act'; act_section='501'; act_resolution_evidence='table3-classification'; usc_section_verdict='exists'; usc_section_attested_at_edition=True; corroboration_rule='second-authority-behind-a-slash:agency-roster-initialism'; authority_in_own_cfr_note='absent'; cfr_note_part='40 CFR 439'; authority_source='box'	33 USC 1361/CWA 501
ADDED	2040-AA13	199704	0	1	(no row) -> rin='2040-AA13'; publication_id='199704'; ordinal=0; authority_text='33 USC 1311/CWA 301'; authority_type='act_relative'; parse_status='corroborated'; usc_title=33; usc_section='1311'; act_key='clean water act'; act_section='301'; act_resolution_evidence='table3-classification'; usc_section_verdict='exists'; usc_section_attested_at_edition=True; corroboration_rule='second-authority-behind-a-slash:agency-roster-initialism'; authority_in_own_cfr_note='absent'; cfr_note_part='40 CFR 439'; authority_source='box'	33 USC 1311/CWA 301
ADDED	2040-AA13	199704	1	1	(no row) -> rin='2040-AA13'; publication_id='199704'; ordinal=1; authority_text='33 USC 1314/CWA 304'; authority_type='act_relative'; parse_status='corroborated'; usc_title=33; usc_section='1314'; act_key='clean water act'; act_section='304'; act_resolution_evidence='table3-classification'; usc_section_verdict='exists'; usc_section_attested_at_edition=True; corroboration_rule='second-authority-behind-a-slash:agency-roster-initialism'; authority_in_own_cfr_note='absent'; cfr_note_part='40 CFR 439'; authority_source='box'	33 USC 1314/CWA 304
ADDED	2040-AA13	199704	2	1	(no row) -> rin='2040-AA13'; publication_id='199704'; ordinal=2; authority_text='33 USC 1316/CWA 306'; authority_type='act_relative'; parse_status='corroborated'; usc_title=33; usc_section='1316'; act_key='clean water act'; act_section='306'; act_resolution_evidence='table3-classification'; usc_section_verdict='exists'; usc_section_attested_at_edition=True; corroboration_rule='second-authority-behind-a-slash:agency-roster-initialism'; authority_in_own_cfr_note='absent'; cfr_note_part='40 CFR 439'; authority_source='box'	33 USC 1316/CWA 306
ADDED	2040-AA13	199704	3	1	(no row) -> rin='2040-AA13'; publication_id='199704'; ordinal=3; authority_text='33 USC 1317/CWA 307'; authority_type='act_relative'; parse_status='corroborated'; usc_title=33; usc_section='1317'; act_key='clean water act'; act_section='307'; act_resolution_evidence='table3-classification'; usc_section_verdict='exists'; usc_section_attested_at_edition=True; corroboration_rule='second-authority-behind-a-slash:agency-roster-initialism'; authority_in_own_cfr_note='absent'; cfr_note_part='40 CFR 439'; authority_source='box'	33 USC 1317/CWA 307
ADDED	2040-AA13	199704	4	1	(no row) -> rin='2040-AA13'; publication_id='199704'; ordinal=4; authority_text='33 USC 1361/CWA 501'; authority_type='act_relative'; parse_status='corroborated'; usc_title=33; usc_section='1361'; act_key='clean water act'; act_section='501'; act_resolution_evidence='table3-classification'; usc_section_verdict='exists'; usc_section_attested_at_edition=True; corroboration_rule='second-authority-behind-a-slash:agency-roster-initialism'; authority_in_own_cfr_note='absent'; cfr_note_part='40 CFR 439'; authority_source='box'	33 USC 1361/CWA 501
ADDED	2040-AA94	199510	0	1	(no row) -> rin='2040-AA94'; publication_id='199510'; ordinal=0; authority_text='42 USC 300/SDWA 1412'; authority_type='act_relative'; parse_status='corroborated'; usc_title=42; usc_section='300g-1'; act_key='safe drinking water act'; act_section='1412'; act_resolution_evidence='table3-classification'; usc_section_verdict='exists'; usc_section_attested_at_edition=True; corroboration_rule='second-authority-behind-a-slash:agency-roster-initialism'; authority_in_own_cfr_note='absent'; cfr_note_part='40 CFR 141'; authority_source='box'	42 USC 300/SDWA 1412
ADDED	2040-AA94	199604	0	1	(no row) -> rin='2040-AA94'; publication_id='199604'; ordinal=0; authority_text='42 USC 300/SDWA 1412'; authority_type='act_relative'; parse_status='corroborated'; usc_title=42; usc_section='300g-1'; act_key='safe drinking water act'; act_section='1412'; act_resolution_evidence='table3-classification'; usc_section_verdict='exists'; usc_section_attested_at_edition=True; corroboration_rule='second-authority-behind-a-slash:agency-roster-initialism'; authority_in_own_cfr_note='absent'; cfr_note_part='40 CFR 141'; authority_source='box'	42 USC 300/SDWA 1412
ADDED	2040-AA94	199610	0	1	(no row) -> rin='2040-AA94'; publication_id='199610'; ordinal=0; authority_text='42 USC 300/SDWA 1412'; authority_type='act_relative'; parse_status='corroborated'; usc_title=42; usc_section='300g-1'; act_key='safe drinking water act'; act_section='1412'; act_resolution_evidence='table3-classification'; usc_section_verdict='exists'; usc_section_attested_at_edition=True; corroboration_rule='second-authority-behind-a-slash:agency-roster-initialism'; authority_in_own_cfr_note='absent'; cfr_note_part='40 CFR 141'; authority_source='box'	42 USC 300/SDWA 1412
ADDED	2040-AA94	199704	0	1	(no row) -> rin='2040-AA94'; publication_id='199704'; ordinal=0; authority_text='42 USC 300/SDWA 1412'; authority_type='act_relative'; parse_status='corroborated'; usc_title=42; usc_section='300g-1'; act_key='safe drinking water act'; act_section='1412'; act_resolution_evidence='table3-classification'; usc_section_verdict='exists'; usc_section_attested_at_edition=True; corroboration_rule='second-authority-behind-a-slash:agency-roster-initialism'; authority_in_own_cfr_note='absent'; cfr_note_part='40 CFR 141'; authority_source='box'	42 USC 300/SDWA 1412
ADDED	2040-AA97	199510	0	1	(no row) -> rin='2040-AA97'; publication_id='199510'; ordinal=0; authority_text='42 USC 300/SDWA 1412'; authority_type='act_relative'; parse_status='corroborated'; usc_title=42; usc_section='300g-1'; act_key='safe drinking water act'; act_section='1412'; act_resolution_evidence='table3-classification'; usc_section_verdict='exists'; usc_section_attested_at_edition=True; corroboration_rule='second-authority-behind-a-slash:agency-roster-initialism'; authority_in_own_cfr_note='absent'; cfr_note_part='40 CFR 141'; authority_source='box'	42 USC 300/SDWA 1412
ADDED	2040-AA97	199604	0	1	(no row) -> rin='2040-AA97'; publication_id='199604'; ordinal=0; authority_text='42 USC 300/SDWA 1412'; authority_type='act_relative'; parse_status='corroborated'; usc_title=42; usc_section='300g-1'; act_key='safe drinking water act'; act_section='1412'; act_resolution_evidence='table3-classification'; usc_section_verdict='exists'; usc_section_attested_at_edition=True; corroboration_rule='second-authority-behind-a-slash:agency-roster-initialism'; authority_in_own_cfr_note='absent'; cfr_note_part='40 CFR 141'; authority_source='box'	42 USC 300/SDWA 1412
ADDED	2040-AA97	199610	0	1	(no row) -> rin='2040-AA97'; publication_id='199610'; ordinal=0; authority_text='42 USC 300/SDWA 1412'; authority_type='act_relative'; parse_status='corroborated'; usc_title=42; usc_section='300g-1'; act_key='safe drinking water act'; act_section='1412'; act_resolution_evidence='table3-classification'; usc_section_verdict='exists'; usc_section_attested_at_edition=True; corroboration_rule='second-authority-behind-a-slash:agency-roster-initialism'; authority_in_own_cfr_note='absent'; cfr_note_part='40 CFR 141'; authority_source='box'	42 USC 300/SDWA 1412
ADDED	2040-AA97	199704	0	1	(no row) -> rin='2040-AA97'; publication_id='199704'; ordinal=0; authority_text='42 USC 300/SDWA 1412'; authority_type='act_relative'; parse_status='corroborated'; usc_title=42; usc_section='300g-1'; act_key='safe drinking water act'; act_section='1412'; act_resolution_evidence='table3-classification'; usc_section_verdict='exists'; usc_section_attested_at_edition=True; corroboration_rule='second-authority-behind-a-slash:agency-roster-initialism'; authority_in_own_cfr_note='absent'; cfr_note_part='40 CFR 141'; authority_source='box'	42 USC 300/SDWA 1412
ADDED	2040-AB39	199510	0	1	(no row) -> rin='2040-AB39'; publication_id='199510'; ordinal=0; authority_text='33 USC 1342/CWA 402'; authority_type='act_relative'; parse_status='corroborated'; usc_title=33; usc_section='1342'; act_key='clean water act'; act_section='402'; act_resolution_evidence='table3-classification'; usc_section_verdict='exists'; usc_section_attested_at_edition=True; corroboration_rule='second-authority-behind-a-slash:agency-roster-initialism'; authority_in_own_cfr_note='present'; cfr_note_part='40 CFR 122'; authority_source='box'	33 USC 1342/CWA 402
ADDED	2040-AB39	199510	1	1	(no row) -> rin='2040-AB39'; publication_id='199510'; ordinal=1; authority_text='33 USC 1311/CWA 301'; authority_type='act_relative'; parse_status='corroborated'; usc_title=33; usc_section='1311'; act_key='clean water act'; act_section='301'; act_resolution_evidence='table3-classification'; usc_section_verdict='exists'; usc_section_attested_at_edition=True; corroboration_rule='second-authority-behind-a-slash:agency-roster-initialism'; authority_in_own_cfr_note='present'; cfr_note_part='40 CFR 122'; authority_source='box'	33 USC 1311/CWA 301
ADDED	2040-AB39	199510	2	1	(no row) -> rin='2040-AB39'; publication_id='199510'; ordinal=2; authority_text='33 USC 1314/CWA 304'; authority_type='act_relative'; parse_status='corroborated'; usc_title=33; usc_section='1314'; act_key='clean water act'; act_section='304'; act_resolution_evidence='table3-classification'; usc_section_verdict='exists'; usc_section_attested_at_edition=True; corroboration_rule='second-authority-behind-a-slash:agency-roster-initialism'; authority_in_own_cfr_note='present'; cfr_note_part='40 CFR 122'; authority_source='box'	33 USC 1314/CWA 304
ADDED	2040-AB39	199510	3	1	(no row) -> rin='2040-AB39'; publication_id='199510'; ordinal=3; authority_text='33 USC 1318/CWA 308'; authority_type='act_relative'; parse_status='corroborated'; usc_title=33; usc_section='1318'; act_key='clean water act'; act_section='308'; act_resolution_evidence='table3-classification'; usc_section_verdict='exists'; usc_section_attested_at_edition=True; corroboration_rule='second-authority-behind-a-slash:agency-roster-initialism'; authority_in_own_cfr_note='present'; cfr_note_part='40 CFR 122'; authority_source='box'	33 USC 1318/CWA 308
ADDED	2040-AB39	199510	4	1	(no row) -> rin='2040-AB39'; publication_id='199510'; ordinal=4; authority_text='33 USC 1345/CWA 405'; authority_type='act_relative'; parse_status='corroborated'; usc_title=33; usc_section='1345'; act_key='clean water act'; act_section='405'; act_resolution_evidence='table3-classification'; usc_section_verdict='exists'; usc_section_attested_at_edition=True; corroboration_rule='second-authority-behind-a-slash:agency-roster-initialism'; authority_in_own_cfr_note='present'; cfr_note_part='40 CFR 122'; authority_source='box'	33 USC 1345/CWA 405
ADDED	2040-AB39	199510	5	1	(no row) -> rin='2040-AB39'; publication_id='199510'; ordinal=5; authority_text='33 USC 1361/CWA 501'; authority_type='act_relative'; parse_status='corroborated'; usc_title=33; usc_section='1361'; act_key='clean water act'; act_section='501'; act_resolution_evidence='table3-classification'; usc_section_verdict='exists'; usc_section_attested_at_edition=True; corroboration_rule='second-authority-behind-a-slash:agency-roster-initialism'; authority_in_own_cfr_note='present'; cfr_note_part='40 CFR 122'; authority_source='box'	33 USC 1361/CWA 501
ADDED	2040-AB39	199604	0	1	(no row) -> rin='2040-AB39'; publication_id='199604'; ordinal=0; authority_text='33 USC 1342/CWA 402'; authority_type='act_relative'; parse_status='corroborated'; usc_title=33; usc_section='1342'; act_key='clean water act'; act_section='402'; act_resolution_evidence='table3-classification'; usc_section_verdict='exists'; usc_section_attested_at_edition=True; corroboration_rule='second-authority-behind-a-slash:agency-roster-initialism'; authority_in_own_cfr_note='present'; cfr_note_part='40 CFR 122'; authority_source='box'	33 USC 1342/CWA 402
ADDED	2040-AB39	199604	1	1	(no row) -> rin='2040-AB39'; publication_id='199604'; ordinal=1; authority_text='33 USC 1311/CWA 301'; authority_type='act_relative'; parse_status='corroborated'; usc_title=33; usc_section='1311'; act_key='clean water act'; act_section='301'; act_resolution_evidence='table3-classification'; usc_section_verdict='exists'; usc_section_attested_at_edition=True; corroboration_rule='second-authority-behind-a-slash:agency-roster-initialism'; authority_in_own_cfr_note='present'; cfr_note_part='40 CFR 122'; authority_source='box'	33 USC 1311/CWA 301
ADDED	2040-AB39	199604	2	1	(no row) -> rin='2040-AB39'; publication_id='199604'; ordinal=2; authority_text='33 USC 1314/CWA 304'; authority_type='act_relative'; parse_status='corroborated'; usc_title=33; usc_section='1314'; act_key='clean water act'; act_section='304'; act_resolution_evidence='table3-classification'; usc_section_verdict='exists'; usc_section_attested_at_edition=True; corroboration_rule='second-authority-behind-a-slash:agency-roster-initialism'; authority_in_own_cfr_note='present'; cfr_note_part='40 CFR 122'; authority_source='box'	33 USC 1314/CWA 304
ADDED	2040-AB39	199604	3	1	(no row) -> rin='2040-AB39'; publication_id='199604'; ordinal=3; authority_text='33 USC 1318/CWA 308'; authority_type='act_relative'; parse_status='corroborated'; usc_title=33; usc_section='1318'; act_key='clean water act'; act_section='308'; act_resolution_evidence='table3-classification'; usc_section_verdict='exists'; usc_section_attested_at_edition=True; corroboration_rule='second-authority-behind-a-slash:agency-roster-initialism'; authority_in_own_cfr_note='present'; cfr_note_part='40 CFR 122'; authority_source='box'	33 USC 1318/CWA 308
ADDED	2040-AB39	199604	4	1	(no row) -> rin='2040-AB39'; publication_id='199604'; ordinal=4; authority_text='33 USC 1345/CWA 405'; authority_type='act_relative'; parse_status='corroborated'; usc_title=33; usc_section='1345'; act_key='clean water act'; act_section='405'; act_resolution_evidence='table3-classification'; usc_section_verdict='exists'; usc_section_attested_at_edition=True; corroboration_rule='second-authority-behind-a-slash:agency-roster-initialism'; authority_in_own_cfr_note='present'; cfr_note_part='40 CFR 122'; authority_source='box'	33 USC 1345/CWA 405
ADDED	2040-AB39	199604	5	1	(no row) -> rin='2040-AB39'; publication_id='199604'; ordinal=5; authority_text='33 USC 1361/CWA 501'; authority_type='act_relative'; parse_status='corroborated'; usc_title=33; usc_section='1361'; act_key='clean water act'; act_section='501'; act_resolution_evidence='table3-classification'; usc_section_verdict='exists'; usc_section_attested_at_edition=True; corroboration_rule='second-authority-behind-a-slash:agency-roster-initialism'; authority_in_own_cfr_note='present'; cfr_note_part='40 CFR 122'; authority_source='box'	33 USC 1361/CWA 501
ADDED	2040-AB39	199610	0	1	(no row) -> rin='2040-AB39'; publication_id='199610'; ordinal=0; authority_text='33 USC 1342/CWA 402'; authority_type='act_relative'; parse_status='corroborated'; usc_title=33; usc_section='1342'; act_key='clean water act'; act_section='402'; act_resolution_evidence='table3-classification'; usc_section_verdict='exists'; usc_section_attested_at_edition=True; corroboration_rule='second-authority-behind-a-slash:agency-roster-initialism'; authority_in_own_cfr_note='present'; cfr_note_part='40 CFR 122'; authority_source='box'	33 USC 1342/CWA 402
ADDED	2040-AB39	199610	1	1	(no row) -> rin='2040-AB39'; publication_id='199610'; ordinal=1; authority_text='33 USC 1311/CWA 301'; authority_type='act_relative'; parse_status='corroborated'; usc_title=33; usc_section='1311'; act_key='clean water act'; act_section='301'; act_resolution_evidence='table3-classification'; usc_section_verdict='exists'; usc_section_attested_at_edition=True; corroboration_rule='second-authority-behind-a-slash:agency-roster-initialism'; authority_in_own_cfr_note='present'; cfr_note_part='40 CFR 122'; authority_source='box'	33 USC 1311/CWA 301
ADDED	2040-AB39	199610	2	1	(no row) -> rin='2040-AB39'; publication_id='199610'; ordinal=2; authority_text='33 USC 1314/CWA 304'; authority_type='act_relative'; parse_status='corroborated'; usc_title=33; usc_section='1314'; act_key='clean water act'; act_section='304'; act_resolution_evidence='table3-classification'; usc_section_verdict='exists'; usc_section_attested_at_edition=True; corroboration_rule='second-authority-behind-a-slash:agency-roster-initialism'; authority_in_own_cfr_note='present'; cfr_note_part='40 CFR 122'; authority_source='box'	33 USC 1314/CWA 304
ADDED	2040-AB39	199610	3	1	(no row) -> rin='2040-AB39'; publication_id='199610'; ordinal=3; authority_text='33 USC 1318/CWA 308'; authority_type='act_relative'; parse_status='corroborated'; usc_title=33; usc_section='1318'; act_key='clean water act'; act_section='308'; act_resolution_evidence='table3-classification'; usc_section_verdict='exists'; usc_section_attested_at_edition=True; corroboration_rule='second-authority-behind-a-slash:agency-roster-initialism'; authority_in_own_cfr_note='present'; cfr_note_part='40 CFR 122'; authority_source='box'	33 USC 1318/CWA 308
ADDED	2040-AB39	199610	4	1	(no row) -> rin='2040-AB39'; publication_id='199610'; ordinal=4; authority_text='33 USC 1345/CWA 405'; authority_type='act_relative'; parse_status='corroborated'; usc_title=33; usc_section='1345'; act_key='clean water act'; act_section='405'; act_resolution_evidence='table3-classification'; usc_section_verdict='exists'; usc_section_attested_at_edition=True; corroboration_rule='second-authority-behind-a-slash:agency-roster-initialism'; authority_in_own_cfr_note='present'; cfr_note_part='40 CFR 122'; authority_source='box'	33 USC 1345/CWA 405
ADDED	2040-AB39	199610	5	1	(no row) -> rin='2040-AB39'; publication_id='199610'; ordinal=5; authority_text='33 USC 1361/CWA 501'; authority_type='act_relative'; parse_status='corroborated'; usc_title=33; usc_section='1361'; act_key='clean water act'; act_section='501'; act_resolution_evidence='table3-classification'; usc_section_verdict='exists'; usc_section_attested_at_edition=True; corroboration_rule='second-authority-behind-a-slash:agency-roster-initialism'; authority_in_own_cfr_note='present'; cfr_note_part='40 CFR 122'; authority_source='box'	33 USC 1361/CWA 501
ADDED	2040-AB39	199704	0	1	(no row) -> rin='2040-AB39'; publication_id='199704'; ordinal=0; authority_text='33 USC 1342/CWA 402'; authority_type='act_relative'; parse_status='corroborated'; usc_title=33; usc_section='1342'; act_key='clean water act'; act_section='402'; act_resolution_evidence='table3-classification'; usc_section_verdict='exists'; usc_section_attested_at_edition=True; corroboration_rule='second-authority-behind-a-slash:agency-roster-initialism'; authority_in_own_cfr_note='present'; cfr_note_part='40 CFR 122'; authority_source='box'	33 USC 1342/CWA 402
ADDED	2040-AB39	199704	1	1	(no row) -> rin='2040-AB39'; publication_id='199704'; ordinal=1; authority_text='33 USC 1311/CWA 301'; authority_type='act_relative'; parse_status='corroborated'; usc_title=33; usc_section='1311'; act_key='clean water act'; act_section='301'; act_resolution_evidence='table3-classification'; usc_section_verdict='exists'; usc_section_attested_at_edition=True; corroboration_rule='second-authority-behind-a-slash:agency-roster-initialism'; authority_in_own_cfr_note='present'; cfr_note_part='40 CFR 122'; authority_source='box'	33 USC 1311/CWA 301
ADDED	2040-AB39	199704	2	1	(no row) -> rin='2040-AB39'; publication_id='199704'; ordinal=2; authority_text='33 USC 1314/CWA 304'; authority_type='act_relative'; parse_status='corroborated'; usc_title=33; usc_section='1314'; act_key='clean water act'; act_section='304'; act_resolution_evidence='table3-classification'; usc_section_verdict='exists'; usc_section_attested_at_edition=True; corroboration_rule='second-authority-behind-a-slash:agency-roster-initialism'; authority_in_own_cfr_note='present'; cfr_note_part='40 CFR 122'; authority_source='box'	33 USC 1314/CWA 304
ADDED	2040-AB39	199704	3	1	(no row) -> rin='2040-AB39'; publication_id='199704'; ordinal=3; authority_text='33 USC 1318/CWA 308'; authority_type='act_relative'; parse_status='corroborated'; usc_title=33; usc_section='1318'; act_key='clean water act'; act_section='308'; act_resolution_evidence='table3-classification'; usc_section_verdict='exists'; usc_section_attested_at_edition=True; corroboration_rule='second-authority-behind-a-slash:agency-roster-initialism'; authority_in_own_cfr_note='present'; cfr_note_part='40 CFR 122'; authority_source='box'	33 USC 1318/CWA 308
ADDED	2040-AB39	199704	4	1	(no row) -> rin='2040-AB39'; publication_id='199704'; ordinal=4; authority_text='33 USC 1345/CWA 405'; authority_type='act_relative'; parse_status='corroborated'; usc_title=33; usc_section='1345'; act_key='clean water act'; act_section='405'; act_resolution_evidence='table3-classification'; usc_section_verdict='exists'; usc_section_attested_at_edition=True; corroboration_rule='second-authority-behind-a-slash:agency-roster-initialism'; authority_in_own_cfr_note='present'; cfr_note_part='40 CFR 122'; authority_source='box'	33 USC 1345/CWA 405
ADDED	2040-AB39	199704	5	1	(no row) -> rin='2040-AB39'; publication_id='199704'; ordinal=5; authority_text='33 USC 1361/CWA 501'; authority_type='act_relative'; parse_status='corroborated'; usc_title=33; usc_section='1361'; act_key='clean water act'; act_section='501'; act_resolution_evidence='table3-classification'; usc_section_verdict='exists'; usc_section_attested_at_edition=True; corroboration_rule='second-authority-behind-a-slash:agency-roster-initialism'; authority_in_own_cfr_note='present'; cfr_note_part='40 CFR 122'; authority_source='box'	33 USC 1361/CWA 501
ADDED	2040-AB53	199510	0	1	(no row) -> rin='2040-AB53'; publication_id='199510'; ordinal=0; authority_text='33 USC 1311/CWA 301'; authority_type='act_relative'; parse_status='corroborated'; usc_title=33; usc_section='1311'; act_key='clean water act'; act_section='301'; act_resolution_evidence='table3-classification'; usc_section_verdict='exists'; usc_section_attested_at_edition=True; corroboration_rule='second-authority-behind-a-slash:agency-roster-initialism'; authority_in_own_cfr_note='present'; cfr_note_part='40 CFR 430'; authority_source='box'	33 USC 1311/CWA 301
ADDED	2040-AB53	199510	1	1	(no row) -> rin='2040-AB53'; publication_id='199510'; ordinal=1; authority_text='33 USC 1314/CWA 304'; authority_type='act_relative'; parse_status='corroborated'; usc_title=33; usc_section='1314'; act_key='clean water act'; act_section='304'; act_resolution_evidence='table3-classification'; usc_section_verdict='exists'; usc_section_attested_at_edition=True; corroboration_rule='second-authority-behind-a-slash:agency-roster-initialism'; authority_in_own_cfr_note='present'; cfr_note_part='40 CFR 430'; authority_source='box'	33 USC 1314/CWA 304
ADDED	2040-AB53	199510	2	1	(no row) -> rin='2040-AB53'; publication_id='199510'; ordinal=2; authority_text='33 USC 1316/CWA 306'; authority_type='act_relative'; parse_status='corroborated'; usc_title=33; usc_section='1316'; act_key='clean water act'; act_section='306'; act_resolution_evidence='table3-classification'; usc_section_verdict='exists'; usc_section_attested_at_edition=True; corroboration_rule='second-authority-behind-a-slash:agency-roster-initialism'; authority_in_own_cfr_note='present'; cfr_note_part='40 CFR 430'; authority_source='box'	33 USC 1316/CWA 306
ADDED	2040-AB53	199510	3	1	(no row) -> rin='2040-AB53'; publication_id='199510'; ordinal=3; authority_text='33 USC 1317/CWA 307'; authority_type='act_relative'; parse_status='corroborated'; usc_title=33; usc_section='1317'; act_key='clean water act'; act_section='307'; act_resolution_evidence='table3-classification'; usc_section_verdict='exists'; usc_section_attested_at_edition=True; corroboration_rule='second-authority-behind-a-slash:agency-roster-initialism'; authority_in_own_cfr_note='present'; cfr_note_part='40 CFR 430'; authority_source='box'	33 USC 1317/CWA 307
ADDED	2040-AB53	199510	4	1	(no row) -> rin='2040-AB53'; publication_id='199510'; ordinal=4; authority_text='33 USC 1361/CWA 501'; authority_type='act_relative'; parse_status='corroborated'; usc_title=33; usc_section='1361'; act_key='clean water act'; act_section='501'; act_resolution_evidence='table3-classification'; usc_section_verdict='exists'; usc_section_attested_at_edition=True; corroboration_rule='second-authority-behind-a-slash:agency-roster-initialism'; authority_in_own_cfr_note='present'; cfr_note_part='40 CFR 430'; authority_source='box'	33 USC 1361/CWA 501
ADDED	2040-AB53	199604	0	1	(no row) -> rin='2040-AB53'; publication_id='199604'; ordinal=0; authority_text='33 USC 1311/CWA 301'; authority_type='act_relative'; parse_status='corroborated'; usc_title=33; usc_section='1311'; act_key='clean water act'; act_section='301'; act_resolution_evidence='table3-classification'; usc_section_verdict='exists'; usc_section_attested_at_edition=True; corroboration_rule='second-authority-behind-a-slash:agency-roster-initialism'; authority_in_own_cfr_note='present'; cfr_note_part='40 CFR 430'; authority_source='box'	33 USC 1311/CWA 301
ADDED	2040-AB53	199604	1	1	(no row) -> rin='2040-AB53'; publication_id='199604'; ordinal=1; authority_text='33 USC 1314/CWA 304'; authority_type='act_relative'; parse_status='corroborated'; usc_title=33; usc_section='1314'; act_key='clean water act'; act_section='304'; act_resolution_evidence='table3-classification'; usc_section_verdict='exists'; usc_section_attested_at_edition=True; corroboration_rule='second-authority-behind-a-slash:agency-roster-initialism'; authority_in_own_cfr_note='present'; cfr_note_part='40 CFR 430'; authority_source='box'	33 USC 1314/CWA 304
ADDED	2040-AB53	199604	2	1	(no row) -> rin='2040-AB53'; publication_id='199604'; ordinal=2; authority_text='33 USC 1316/CWA 306'; authority_type='act_relative'; parse_status='corroborated'; usc_title=33; usc_section='1316'; act_key='clean water act'; act_section='306'; act_resolution_evidence='table3-classification'; usc_section_verdict='exists'; usc_section_attested_at_edition=True; corroboration_rule='second-authority-behind-a-slash:agency-roster-initialism'; authority_in_own_cfr_note='present'; cfr_note_part='40 CFR 430'; authority_source='box'	33 USC 1316/CWA 306
ADDED	2040-AB53	199604	3	1	(no row) -> rin='2040-AB53'; publication_id='199604'; ordinal=3; authority_text='33 USC 1317/CWA 307'; authority_type='act_relative'; parse_status='corroborated'; usc_title=33; usc_section='1317'; act_key='clean water act'; act_section='307'; act_resolution_evidence='table3-classification'; usc_section_verdict='exists'; usc_section_attested_at_edition=True; corroboration_rule='second-authority-behind-a-slash:agency-roster-initialism'; authority_in_own_cfr_note='present'; cfr_note_part='40 CFR 430'; authority_source='box'	33 USC 1317/CWA 307
ADDED	2040-AB53	199604	4	1	(no row) -> rin='2040-AB53'; publication_id='199604'; ordinal=4; authority_text='33 USC 1361/CWA 501'; authority_type='act_relative'; parse_status='corroborated'; usc_title=33; usc_section='1361'; act_key='clean water act'; act_section='501'; act_resolution_evidence='table3-classification'; usc_section_verdict='exists'; usc_section_attested_at_edition=True; corroboration_rule='second-authority-behind-a-slash:agency-roster-initialism'; authority_in_own_cfr_note='present'; cfr_note_part='40 CFR 430'; authority_source='box'	33 USC 1361/CWA 501
ADDED	2040-AB53	199610	0	1	(no row) -> rin='2040-AB53'; publication_id='199610'; ordinal=0; authority_text='33 USC 1311/CWA 301'; authority_type='act_relative'; parse_status='corroborated'; usc_title=33; usc_section='1311'; act_key='clean water act'; act_section='301'; act_resolution_evidence='table3-classification'; usc_section_verdict='exists'; usc_section_attested_at_edition=True; corroboration_rule='second-authority-behind-a-slash:agency-roster-initialism'; authority_in_own_cfr_note='present'; cfr_note_part='40 CFR 430'; authority_source='box'	33 USC 1311/CWA 301
ADDED	2040-AB53	199610	1	1	(no row) -> rin='2040-AB53'; publication_id='199610'; ordinal=1; authority_text='33 USC 1314/CWA 304'; authority_type='act_relative'; parse_status='corroborated'; usc_title=33; usc_section='1314'; act_key='clean water act'; act_section='304'; act_resolution_evidence='table3-classification'; usc_section_verdict='exists'; usc_section_attested_at_edition=True; corroboration_rule='second-authority-behind-a-slash:agency-roster-initialism'; authority_in_own_cfr_note='present'; cfr_note_part='40 CFR 430'; authority_source='box'	33 USC 1314/CWA 304
ADDED	2040-AB53	199610	2	1	(no row) -> rin='2040-AB53'; publication_id='199610'; ordinal=2; authority_text='33 USC 1316/CWA 306'; authority_type='act_relative'; parse_status='corroborated'; usc_title=33; usc_section='1316'; act_key='clean water act'; act_section='306'; act_resolution_evidence='table3-classification'; usc_section_verdict='exists'; usc_section_attested_at_edition=True; corroboration_rule='second-authority-behind-a-slash:agency-roster-initialism'; authority_in_own_cfr_note='present'; cfr_note_part='40 CFR 430'; authority_source='box'	33 USC 1316/CWA 306
ADDED	2040-AB53	199610	3	1	(no row) -> rin='2040-AB53'; publication_id='199610'; ordinal=3; authority_text='33 USC 1317/CWA 307'; authority_type='act_relative'; parse_status='corroborated'; usc_title=33; usc_section='1317'; act_key='clean water act'; act_section='307'; act_resolution_evidence='table3-classification'; usc_section_verdict='exists'; usc_section_attested_at_edition=True; corroboration_rule='second-authority-behind-a-slash:agency-roster-initialism'; authority_in_own_cfr_note='present'; cfr_note_part='40 CFR 430'; authority_source='box'	33 USC 1317/CWA 307
ADDED	2040-AB53	199610	4	1	(no row) -> rin='2040-AB53'; publication_id='199610'; ordinal=4; authority_text='33 USC 1361/CWA 501'; authority_type='act_relative'; parse_status='corroborated'; usc_title=33; usc_section='1361'; act_key='clean water act'; act_section='501'; act_resolution_evidence='table3-classification'; usc_section_verdict='exists'; usc_section_attested_at_edition=True; corroboration_rule='second-authority-behind-a-slash:agency-roster-initialism'; authority_in_own_cfr_note='present'; cfr_note_part='40 CFR 430'; authority_source='box'	33 USC 1361/CWA 501
ADDED	2040-AB53	199704	0	1	(no row) -> rin='2040-AB53'; publication_id='199704'; ordinal=0; authority_text='33 USC 1311/CWA 301'; authority_type='act_relative'; parse_status='corroborated'; usc_title=33; usc_section='1311'; act_key='clean water act'; act_section='301'; act_resolution_evidence='table3-classification'; usc_section_verdict='exists'; usc_section_attested_at_edition=True; corroboration_rule='second-authority-behind-a-slash:agency-roster-initialism'; authority_in_own_cfr_note='present'; cfr_note_part='40 CFR 430'; authority_source='box'	33 USC 1311/CWA 301
ADDED	2040-AB53	199704	1	1	(no row) -> rin='2040-AB53'; publication_id='199704'; ordinal=1; authority_text='33 USC 1314/CWA 304'; authority_type='act_relative'; parse_status='corroborated'; usc_title=33; usc_section='1314'; act_key='clean water act'; act_section='304'; act_resolution_evidence='table3-classification'; usc_section_verdict='exists'; usc_section_attested_at_edition=True; corroboration_rule='second-authority-behind-a-slash:agency-roster-initialism'; authority_in_own_cfr_note='present'; cfr_note_part='40 CFR 430'; authority_source='box'	33 USC 1314/CWA 304
ADDED	2040-AB53	199704	2	1	(no row) -> rin='2040-AB53'; publication_id='199704'; ordinal=2; authority_text='33 USC 1316/CWA 306'; authority_type='act_relative'; parse_status='corroborated'; usc_title=33; usc_section='1316'; act_key='clean water act'; act_section='306'; act_resolution_evidence='table3-classification'; usc_section_verdict='exists'; usc_section_attested_at_edition=True; corroboration_rule='second-authority-behind-a-slash:agency-roster-initialism'; authority_in_own_cfr_note='present'; cfr_note_part='40 CFR 430'; authority_source='box'	33 USC 1316/CWA 306
ADDED	2040-AB53	199704	3	1	(no row) -> rin='2040-AB53'; publication_id='199704'; ordinal=3; authority_text='33 USC 1317/CWA 307'; authority_type='act_relative'; parse_status='corroborated'; usc_title=33; usc_section='1317'; act_key='clean water act'; act_section='307'; act_resolution_evidence='table3-classification'; usc_section_verdict='exists'; usc_section_attested_at_edition=True; corroboration_rule='second-authority-behind-a-slash:agency-roster-initialism'; authority_in_own_cfr_note='present'; cfr_note_part='40 CFR 430'; authority_source='box'	33 USC 1317/CWA 307
ADDED	2040-AB53	199704	4	1	(no row) -> rin='2040-AB53'; publication_id='199704'; ordinal=4; authority_text='33 USC 1361/CWA 501'; authority_type='act_relative'; parse_status='corroborated'; usc_title=33; usc_section='1361'; act_key='clean water act'; act_section='501'; act_resolution_evidence='table3-classification'; usc_section_verdict='exists'; usc_section_attested_at_edition=True; corroboration_rule='second-authority-behind-a-slash:agency-roster-initialism'; authority_in_own_cfr_note='present'; cfr_note_part='40 CFR 430'; authority_source='box'	33 USC 1361/CWA 501
ADDED	2040-AB72	199510	0	1	(no row) -> rin='2040-AB72'; publication_id='199510'; ordinal=0; authority_text='33 USC 1314/CWA 304'; authority_type='act_relative'; parse_status='corroborated'; usc_title=33; usc_section='1314'; act_key='clean water act'; act_section='304'; act_resolution_evidence='table3-classification'; usc_section_verdict='exists'; usc_section_attested_at_edition=True; corroboration_rule='second-authority-behind-a-slash:agency-roster-initialism'; authority_in_own_cfr_note='absent'; cfr_note_part='40 CFR 435'; authority_source='box'	33 USC 1314/CWA 304
ADDED	2040-AB72	199510	1	1	(no row) -> rin='2040-AB72'; publication_id='199510'; ordinal=1; authority_text='33 USC 1316/CWA 306'; authority_type='act_relative'; parse_status='corroborated'; usc_title=33; usc_section='1316'; act_key='clean water act'; act_section='306'; act_resolution_evidence='table3-classification'; usc_section_verdict='exists'; usc_section_attested_at_edition=True; corroboration_rule='second-authority-behind-a-slash:agency-roster-initialism'; authority_in_own_cfr_note='absent'; cfr_note_part='40 CFR 435'; authority_source='box'	33 USC 1316/CWA 306
ADDED	2040-AB72	199510	2	1	(no row) -> rin='2040-AB72'; publication_id='199510'; ordinal=2; authority_text='33 USC 1317/CWA 307'; authority_type='act_relative'; parse_status='corroborated'; usc_title=33; usc_section='1317'; act_key='clean water act'; act_section='307'; act_resolution_evidence='table3-classification'; usc_section_verdict='exists'; usc_section_attested_at_edition=True; corroboration_rule='second-authority-behind-a-slash:agency-roster-initialism'; authority_in_own_cfr_note='absent'; cfr_note_part='40 CFR 435'; authority_source='box'	33 USC 1317/CWA 307
ADDED	2040-AB72	199510	3	1	(no row) -> rin='2040-AB72'; publication_id='199510'; ordinal=3; authority_text='33 USC 1361/CWA 501'; authority_type='act_relative'; parse_status='corroborated'; usc_title=33; usc_section='1361'; act_key='clean water act'; act_section='501'; act_resolution_evidence='table3-classification'; usc_section_verdict='exists'; usc_section_attested_at_edition=True; corroboration_rule='second-authority-behind-a-slash:agency-roster-initialism'; authority_in_own_cfr_note='absent'; cfr_note_part='40 CFR 435'; authority_source='box'	33 USC 1361/CWA 501
ADDED	2040-AB72	199510	4	1	(no row) -> rin='2040-AB72'; publication_id='199510'; ordinal=4; authority_text='33 USC 1311/CWA 301'; authority_type='act_relative'; parse_status='corroborated'; usc_title=33; usc_section='1311'; act_key='clean water act'; act_section='301'; act_resolution_evidence='table3-classification'; usc_section_verdict='exists'; usc_section_attested_at_edition=True; corroboration_rule='second-authority-behind-a-slash:agency-roster-initialism'; authority_in_own_cfr_note='absent'; cfr_note_part='40 CFR 435'; authority_source='box'	33 USC 1311/CWA 301
ADDED	2040-AB72	199604	0	1	(no row) -> rin='2040-AB72'; publication_id='199604'; ordinal=0; authority_text='33 USC 1314/CWA 304'; authority_type='act_relative'; parse_status='corroborated'; usc_title=33; usc_section='1314'; act_key='clean water act'; act_section='304'; act_resolution_evidence='table3-classification'; usc_section_verdict='exists'; usc_section_attested_at_edition=True; corroboration_rule='second-authority-behind-a-slash:agency-roster-initialism'; authority_in_own_cfr_note='absent'; cfr_note_part='40 CFR 435'; authority_source='box'	33 USC 1314/CWA 304
ADDED	2040-AB72	199604	1	1	(no row) -> rin='2040-AB72'; publication_id='199604'; ordinal=1; authority_text='33 USC 1316/CWA 306'; authority_type='act_relative'; parse_status='corroborated'; usc_title=33; usc_section='1316'; act_key='clean water act'; act_section='306'; act_resolution_evidence='table3-classification'; usc_section_verdict='exists'; usc_section_attested_at_edition=True; corroboration_rule='second-authority-behind-a-slash:agency-roster-initialism'; authority_in_own_cfr_note='absent'; cfr_note_part='40 CFR 435'; authority_source='box'	33 USC 1316/CWA 306
ADDED	2040-AB72	199604	2	1	(no row) -> rin='2040-AB72'; publication_id='199604'; ordinal=2; authority_text='33 USC 1317/CWA 307'; authority_type='act_relative'; parse_status='corroborated'; usc_title=33; usc_section='1317'; act_key='clean water act'; act_section='307'; act_resolution_evidence='table3-classification'; usc_section_verdict='exists'; usc_section_attested_at_edition=True; corroboration_rule='second-authority-behind-a-slash:agency-roster-initialism'; authority_in_own_cfr_note='absent'; cfr_note_part='40 CFR 435'; authority_source='box'	33 USC 1317/CWA 307
ADDED	2040-AB72	199604	3	1	(no row) -> rin='2040-AB72'; publication_id='199604'; ordinal=3; authority_text='33 USC 1361/CWA 501'; authority_type='act_relative'; parse_status='corroborated'; usc_title=33; usc_section='1361'; act_key='clean water act'; act_section='501'; act_resolution_evidence='table3-classification'; usc_section_verdict='exists'; usc_section_attested_at_edition=True; corroboration_rule='second-authority-behind-a-slash:agency-roster-initialism'; authority_in_own_cfr_note='absent'; cfr_note_part='40 CFR 435'; authority_source='box'	33 USC 1361/CWA 501
ADDED	2040-AB72	199604	4	1	(no row) -> rin='2040-AB72'; publication_id='199604'; ordinal=4; authority_text='33 USC 1311/CWA 301'; authority_type='act_relative'; parse_status='corroborated'; usc_title=33; usc_section='1311'; act_key='clean water act'; act_section='301'; act_resolution_evidence='table3-classification'; usc_section_verdict='exists'; usc_section_attested_at_edition=True; corroboration_rule='second-authority-behind-a-slash:agency-roster-initialism'; authority_in_own_cfr_note='absent'; cfr_note_part='40 CFR 435'; authority_source='box'	33 USC 1311/CWA 301
ADDED	2040-AB72	199610	0	1	(no row) -> rin='2040-AB72'; publication_id='199610'; ordinal=0; authority_text='33 USC 1314/CWA 304'; authority_type='act_relative'; parse_status='corroborated'; usc_title=33; usc_section='1314'; act_key='clean water act'; act_section='304'; act_resolution_evidence='table3-classification'; usc_section_verdict='exists'; usc_section_attested_at_edition=True; corroboration_rule='second-authority-behind-a-slash:agency-roster-initialism'; authority_in_own_cfr_note='absent'; cfr_note_part='40 CFR 435'; authority_source='box'	33 USC 1314/CWA 304
ADDED	2040-AB72	199610	1	1	(no row) -> rin='2040-AB72'; publication_id='199610'; ordinal=1; authority_text='33 USC 1316/CWA 306'; authority_type='act_relative'; parse_status='corroborated'; usc_title=33; usc_section='1316'; act_key='clean water act'; act_section='306'; act_resolution_evidence='table3-classification'; usc_section_verdict='exists'; usc_section_attested_at_edition=True; corroboration_rule='second-authority-behind-a-slash:agency-roster-initialism'; authority_in_own_cfr_note='absent'; cfr_note_part='40 CFR 435'; authority_source='box'	33 USC 1316/CWA 306
ADDED	2040-AB72	199610	2	1	(no row) -> rin='2040-AB72'; publication_id='199610'; ordinal=2; authority_text='33 USC 1317/CWA 307'; authority_type='act_relative'; parse_status='corroborated'; usc_title=33; usc_section='1317'; act_key='clean water act'; act_section='307'; act_resolution_evidence='table3-classification'; usc_section_verdict='exists'; usc_section_attested_at_edition=True; corroboration_rule='second-authority-behind-a-slash:agency-roster-initialism'; authority_in_own_cfr_note='absent'; cfr_note_part='40 CFR 435'; authority_source='box'	33 USC 1317/CWA 307
ADDED	2040-AB72	199610	3	1	(no row) -> rin='2040-AB72'; publication_id='199610'; ordinal=3; authority_text='33 USC 1361/CWA 501'; authority_type='act_relative'; parse_status='corroborated'; usc_title=33; usc_section='1361'; act_key='clean water act'; act_section='501'; act_resolution_evidence='table3-classification'; usc_section_verdict='exists'; usc_section_attested_at_edition=True; corroboration_rule='second-authority-behind-a-slash:agency-roster-initialism'; authority_in_own_cfr_note='absent'; cfr_note_part='40 CFR 435'; authority_source='box'	33 USC 1361/CWA 501
ADDED	2040-AB72	199610	4	1	(no row) -> rin='2040-AB72'; publication_id='199610'; ordinal=4; authority_text='33 USC 1311/CWA 301'; authority_type='act_relative'; parse_status='corroborated'; usc_title=33; usc_section='1311'; act_key='clean water act'; act_section='301'; act_resolution_evidence='table3-classification'; usc_section_verdict='exists'; usc_section_attested_at_edition=True; corroboration_rule='second-authority-behind-a-slash:agency-roster-initialism'; authority_in_own_cfr_note='absent'; cfr_note_part='40 CFR 435'; authority_source='box'	33 USC 1311/CWA 301
ADDED	2040-AB72	199704	0	1	(no row) -> rin='2040-AB72'; publication_id='199704'; ordinal=0; authority_text='33 USC 1314/CWA 304'; authority_type='act_relative'; parse_status='corroborated'; usc_title=33; usc_section='1314'; act_key='clean water act'; act_section='304'; act_resolution_evidence='table3-classification'; usc_section_verdict='exists'; usc_section_attested_at_edition=True; corroboration_rule='second-authority-behind-a-slash:agency-roster-initialism'; authority_in_own_cfr_note='absent'; cfr_note_part='40 CFR 435'; authority_source='box'	33 USC 1314/CWA 304
ADDED	2040-AB72	199704	1	1	(no row) -> rin='2040-AB72'; publication_id='199704'; ordinal=1; authority_text='33 USC 1316/CWA 306'; authority_type='act_relative'; parse_status='corroborated'; usc_title=33; usc_section='1316'; act_key='clean water act'; act_section='306'; act_resolution_evidence='table3-classification'; usc_section_verdict='exists'; usc_section_attested_at_edition=True; corroboration_rule='second-authority-behind-a-slash:agency-roster-initialism'; authority_in_own_cfr_note='absent'; cfr_note_part='40 CFR 435'; authority_source='box'	33 USC 1316/CWA 306
ADDED	2040-AB72	199704	2	1	(no row) -> rin='2040-AB72'; publication_id='199704'; ordinal=2; authority_text='33 USC 1317/CWA 307'; authority_type='act_relative'; parse_status='corroborated'; usc_title=33; usc_section='1317'; act_key='clean water act'; act_section='307'; act_resolution_evidence='table3-classification'; usc_section_verdict='exists'; usc_section_attested_at_edition=True; corroboration_rule='second-authority-behind-a-slash:agency-roster-initialism'; authority_in_own_cfr_note='absent'; cfr_note_part='40 CFR 435'; authority_source='box'	33 USC 1317/CWA 307
ADDED	2040-AB72	199704	3	1	(no row) -> rin='2040-AB72'; publication_id='199704'; ordinal=3; authority_text='33 USC 1361/CWA 501'; authority_type='act_relative'; parse_status='corroborated'; usc_title=33; usc_section='1361'; act_key='clean water act'; act_section='501'; act_resolution_evidence='table3-classification'; usc_section_verdict='exists'; usc_section_attested_at_edition=True; corroboration_rule='second-authority-behind-a-slash:agency-roster-initialism'; authority_in_own_cfr_note='absent'; cfr_note_part='40 CFR 435'; authority_source='box'	33 USC 1361/CWA 501
ADDED	2040-AB72	199704	4	1	(no row) -> rin='2040-AB72'; publication_id='199704'; ordinal=4; authority_text='33 USC 1311/CWA 301'; authority_type='act_relative'; parse_status='corroborated'; usc_title=33; usc_section='1311'; act_key='clean water act'; act_section='301'; act_resolution_evidence='table3-classification'; usc_section_verdict='exists'; usc_section_attested_at_edition=True; corroboration_rule='second-authority-behind-a-slash:agency-roster-initialism'; authority_in_own_cfr_note='absent'; cfr_note_part='40 CFR 435'; authority_source='box'	33 USC 1311/CWA 301
ADDED	2040-AB74	199510	0	1	(no row) -> rin='2040-AB74'; publication_id='199510'; ordinal=0; authority_text='33 USC 1344/CWA 404'; authority_type='act_relative'; parse_status='corroborated'; usc_title=33; usc_section='1344'; act_key='clean water act'; act_section='404'; act_resolution_evidence='table3-classification'; usc_section_verdict='exists'; usc_section_attested_at_edition=True; corroboration_rule='second-authority-behind-a-slash:agency-roster-initialism'; authority_in_own_cfr_note='absent'; cfr_note_part='40 CFR 232'; authority_source='box'	33 USC 1344/CWA 404
ADDED	2040-AB74	199604	0	1	(no row) -> rin='2040-AB74'; publication_id='199604'; ordinal=0; authority_text='33 USC 1344/CWA 404'; authority_type='act_relative'; parse_status='corroborated'; usc_title=33; usc_section='1344'; act_key='clean water act'; act_section='404'; act_resolution_evidence='table3-classification'; usc_section_verdict='exists'; usc_section_attested_at_edition=True; corroboration_rule='second-authority-behind-a-slash:agency-roster-initialism'; authority_in_own_cfr_note='absent'; cfr_note_part='40 CFR 232'; authority_source='box'	33 USC 1344/CWA 404
ADDED	2040-AB74	199610	0	1	(no row) -> rin='2040-AB74'; publication_id='199610'; ordinal=0; authority_text='33 USC 1344/CWA 404'; authority_type='act_relative'; parse_status='corroborated'; usc_title=33; usc_section='1344'; act_key='clean water act'; act_section='404'; act_resolution_evidence='table3-classification'; usc_section_verdict='exists'; usc_section_attested_at_edition=True; corroboration_rule='second-authority-behind-a-slash:agency-roster-initialism'; authority_in_own_cfr_note='absent'; cfr_note_part='40 CFR 232'; authority_source='box'	33 USC 1344/CWA 404
ADDED	2040-AB74	199704	0	1	(no row) -> rin='2040-AB74'; publication_id='199704'; ordinal=0; authority_text='33 USC 1344/CWA 404'; authority_type='act_relative'; parse_status='corroborated'; usc_title=33; usc_section='1344'; act_key='clean water act'; act_section='404'; act_resolution_evidence='table3-classification'; usc_section_verdict='exists'; usc_section_attested_at_edition=True; corroboration_rule='second-authority-behind-a-slash:agency-roster-initialism'; authority_in_own_cfr_note='absent'; cfr_note_part='40 CFR 232'; authority_source='box'	33 USC 1344/CWA 404
ADDED	2040-AB75	199510	0	1	(no row) -> rin='2040-AB75'; publication_id='199510'; ordinal=0; authority_text='42 USC 300/SDWA 1412'; authority_type='act_relative'; parse_status='corroborated'; usc_title=42; usc_section='300g-1'; act_key='safe drinking water act'; act_section='1412'; act_resolution_evidence='table3-classification'; usc_section_verdict='exists'; usc_section_attested_at_edition=True; corroboration_rule='second-authority-behind-a-slash:agency-roster-initialism'; authority_in_own_cfr_note='absent'; cfr_note_part='40 CFR 141'; authority_source='box'	42 USC 300/SDWA 1412
ADDED	2040-AB75	199604	0	1	(no row) -> rin='2040-AB75'; publication_id='199604'; ordinal=0; authority_text='42 USC 300/SDWA 1412'; authority_type='act_relative'; parse_status='corroborated'; usc_title=42; usc_section='300g-1'; act_key='safe drinking water act'; act_section='1412'; act_resolution_evidence='table3-classification'; usc_section_verdict='exists'; usc_section_attested_at_edition=True; corroboration_rule='second-authority-behind-a-slash:agency-roster-initialism'; authority_in_own_cfr_note='absent'; cfr_note_part='40 CFR 141'; authority_source='box'	42 USC 300/SDWA 1412
ADDED	2040-AB75	199610	0	1	(no row) -> rin='2040-AB75'; publication_id='199610'; ordinal=0; authority_text='42 USC 300/SDWA 1412'; authority_type='act_relative'; parse_status='corroborated'; usc_title=42; usc_section='300g-1'; act_key='safe drinking water act'; act_section='1412'; act_resolution_evidence='table3-classification'; usc_section_verdict='exists'; usc_section_attested_at_edition=True; corroboration_rule='second-authority-behind-a-slash:agency-roster-initialism'; authority_in_own_cfr_note='absent'; cfr_note_part='40 CFR 141'; authority_source='box'	42 USC 300/SDWA 1412
ADDED	2040-AB75	199704	0	1	(no row) -> rin='2040-AB75'; publication_id='199704'; ordinal=0; authority_text='42 USC 300/SDWA 1412'; authority_type='act_relative'; parse_status='corroborated'; usc_title=42; usc_section='300g-1'; act_key='safe drinking water act'; act_section='1412'; act_resolution_evidence='table3-classification'; usc_section_verdict='exists'; usc_section_attested_at_edition=True; corroboration_rule='second-authority-behind-a-slash:agency-roster-initialism'; authority_in_own_cfr_note='absent'; cfr_note_part='40 CFR 141'; authority_source='box'	42 USC 300/SDWA 1412
ADDED	2040-AB77	199510	0	1	(no row) -> rin='2040-AB77'; publication_id='199510'; ordinal=0; authority_text='42 USC 300f/SDWA 1421 to 1425'; authority_type='act_relative'; parse_status='corroborated'; act_key='safe drinking water act'; act_section='1421-1425'; act_resolution_reason='act_section_not_classified'; corroboration_rule='second-authority-behind-a-slash:agency-roster-initialism'; authority_in_own_cfr_note='present'; cfr_note_part='40 CFR 144'; authority_source='box'	42 USC 300f/SDWA 1421 to 1425
ADDED	2040-AB78	199510	0	1	(no row) -> rin='2040-AB78'; publication_id='199510'; ordinal=0; authority_text='33 USC 1311/CWA 301'; authority_type='act_relative'; parse_status='corroborated'; usc_title=33; usc_section='1311'; act_key='clean water act'; act_section='301'; act_resolution_evidence='table3-classification'; usc_section_verdict='exists'; usc_section_attested_at_edition=True; corroboration_rule='second-authority-behind-a-slash:agency-roster-initialism'; authority_in_own_cfr_note='absent'; cfr_note_part='40 CFR 437'; authority_source='box'	33 USC 1311/CWA 301
ADDED	2040-AB78	199510	1	1	(no row) -> rin='2040-AB78'; publication_id='199510'; ordinal=1; authority_text='33 USC 1314/CWA 304'; authority_type='act_relative'; parse_status='corroborated'; usc_title=33; usc_section='1314'; act_key='clean water act'; act_section='304'; act_resolution_evidence='table3-classification'; usc_section_verdict='exists'; usc_section_attested_at_edition=True; corroboration_rule='second-authority-behind-a-slash:agency-roster-initialism'; authority_in_own_cfr_note='absent'; cfr_note_part='40 CFR 437'; authority_source='box'	33 USC 1314/CWA 304
ADDED	2040-AB78	199510	2	1	(no row) -> rin='2040-AB78'; publication_id='199510'; ordinal=2; authority_text='33 USC 1316/CWA 306'; authority_type='act_relative'; parse_status='corroborated'; usc_title=33; usc_section='1316'; act_key='clean water act'; act_section='306'; act_resolution_evidence='table3-classification'; usc_section_verdict='exists'; usc_section_attested_at_edition=True; corroboration_rule='second-authority-behind-a-slash:agency-roster-initialism'; authority_in_own_cfr_note='absent'; cfr_note_part='40 CFR 437'; authority_source='box'	33 USC 1316/CWA 306
ADDED	2040-AB78	199510	3	1	(no row) -> rin='2040-AB78'; publication_id='199510'; ordinal=3; authority_text='33 USC 1317/CWA 307'; authority_type='act_relative'; parse_status='corroborated'; usc_title=33; usc_section='1317'; act_key='clean water act'; act_section='307'; act_resolution_evidence='table3-classification'; usc_section_verdict='exists'; usc_section_attested_at_edition=True; corroboration_rule='second-authority-behind-a-slash:agency-roster-initialism'; authority_in_own_cfr_note='absent'; cfr_note_part='40 CFR 437'; authority_source='box'	33 USC 1317/CWA 307
ADDED	2040-AB78	199510	4	1	(no row) -> rin='2040-AB78'; publication_id='199510'; ordinal=4; authority_text='33 USC 1361/CWA 501'; authority_type='act_relative'; parse_status='corroborated'; usc_title=33; usc_section='1361'; act_key='clean water act'; act_section='501'; act_resolution_evidence='table3-classification'; usc_section_verdict='exists'; usc_section_attested_at_edition=True; corroboration_rule='second-authority-behind-a-slash:agency-roster-initialism'; authority_in_own_cfr_note='absent'; cfr_note_part='40 CFR 437'; authority_source='box'	33 USC 1361/CWA 501
ADDED	2040-AB78	199604	0	1	(no row) -> rin='2040-AB78'; publication_id='199604'; ordinal=0; authority_text='33 USC 1311/CWA 301'; authority_type='act_relative'; parse_status='corroborated'; usc_title=33; usc_section='1311'; act_key='clean water act'; act_section='301'; act_resolution_evidence='table3-classification'; usc_section_verdict='exists'; usc_section_attested_at_edition=True; corroboration_rule='second-authority-behind-a-slash:agency-roster-initialism'; authority_in_own_cfr_note='absent'; cfr_note_part='40 CFR 437'; authority_source='box'	33 USC 1311/CWA 301
ADDED	2040-AB78	199604	1	1	(no row) -> rin='2040-AB78'; publication_id='199604'; ordinal=1; authority_text='33 USC 1314/CWA 304'; authority_type='act_relative'; parse_status='corroborated'; usc_title=33; usc_section='1314'; act_key='clean water act'; act_section='304'; act_resolution_evidence='table3-classification'; usc_section_verdict='exists'; usc_section_attested_at_edition=True; corroboration_rule='second-authority-behind-a-slash:agency-roster-initialism'; authority_in_own_cfr_note='absent'; cfr_note_part='40 CFR 437'; authority_source='box'	33 USC 1314/CWA 304
ADDED	2040-AB78	199604	2	1	(no row) -> rin='2040-AB78'; publication_id='199604'; ordinal=2; authority_text='33 USC 1316/CWA 306'; authority_type='act_relative'; parse_status='corroborated'; usc_title=33; usc_section='1316'; act_key='clean water act'; act_section='306'; act_resolution_evidence='table3-classification'; usc_section_verdict='exists'; usc_section_attested_at_edition=True; corroboration_rule='second-authority-behind-a-slash:agency-roster-initialism'; authority_in_own_cfr_note='absent'; cfr_note_part='40 CFR 437'; authority_source='box'	33 USC 1316/CWA 306
ADDED	2040-AB78	199604	3	1	(no row) -> rin='2040-AB78'; publication_id='199604'; ordinal=3; authority_text='33 USC 1317/CWA 307'; authority_type='act_relative'; parse_status='corroborated'; usc_title=33; usc_section='1317'; act_key='clean water act'; act_section='307'; act_resolution_evidence='table3-classification'; usc_section_verdict='exists'; usc_section_attested_at_edition=True; corroboration_rule='second-authority-behind-a-slash:agency-roster-initialism'; authority_in_own_cfr_note='absent'; cfr_note_part='40 CFR 437'; authority_source='box'	33 USC 1317/CWA 307
ADDED	2040-AB78	199604	4	1	(no row) -> rin='2040-AB78'; publication_id='199604'; ordinal=4; authority_text='33 USC 1361/CWA 501'; authority_type='act_relative'; parse_status='corroborated'; usc_title=33; usc_section='1361'; act_key='clean water act'; act_section='501'; act_resolution_evidence='table3-classification'; usc_section_verdict='exists'; usc_section_attested_at_edition=True; corroboration_rule='second-authority-behind-a-slash:agency-roster-initialism'; authority_in_own_cfr_note='absent'; cfr_note_part='40 CFR 437'; authority_source='box'	33 USC 1361/CWA 501
ADDED	2040-AB78	199610	0	1	(no row) -> rin='2040-AB78'; publication_id='199610'; ordinal=0; authority_text='33 USC 1311/CWA 301'; authority_type='act_relative'; parse_status='corroborated'; usc_title=33; usc_section='1311'; act_key='clean water act'; act_section='301'; act_resolution_evidence='table3-classification'; usc_section_verdict='exists'; usc_section_attested_at_edition=True; corroboration_rule='second-authority-behind-a-slash:agency-roster-initialism'; authority_in_own_cfr_note='absent'; cfr_note_part='40 CFR 437'; authority_source='box'	33 USC 1311/CWA 301
ADDED	2040-AB78	199610	1	1	(no row) -> rin='2040-AB78'; publication_id='199610'; ordinal=1; authority_text='33 USC 1314/CWA 304'; authority_type='act_relative'; parse_status='corroborated'; usc_title=33; usc_section='1314'; act_key='clean water act'; act_section='304'; act_resolution_evidence='table3-classification'; usc_section_verdict='exists'; usc_section_attested_at_edition=True; corroboration_rule='second-authority-behind-a-slash:agency-roster-initialism'; authority_in_own_cfr_note='absent'; cfr_note_part='40 CFR 437'; authority_source='box'	33 USC 1314/CWA 304
ADDED	2040-AB78	199610	2	1	(no row) -> rin='2040-AB78'; publication_id='199610'; ordinal=2; authority_text='33 USC 1316/CWA 306'; authority_type='act_relative'; parse_status='corroborated'; usc_title=33; usc_section='1316'; act_key='clean water act'; act_section='306'; act_resolution_evidence='table3-classification'; usc_section_verdict='exists'; usc_section_attested_at_edition=True; corroboration_rule='second-authority-behind-a-slash:agency-roster-initialism'; authority_in_own_cfr_note='absent'; cfr_note_part='40 CFR 437'; authority_source='box'	33 USC 1316/CWA 306
ADDED	2040-AB78	199610	3	1	(no row) -> rin='2040-AB78'; publication_id='199610'; ordinal=3; authority_text='33 USC 1317/CWA 307'; authority_type='act_relative'; parse_status='corroborated'; usc_title=33; usc_section='1317'; act_key='clean water act'; act_section='307'; act_resolution_evidence='table3-classification'; usc_section_verdict='exists'; usc_section_attested_at_edition=True; corroboration_rule='second-authority-behind-a-slash:agency-roster-initialism'; authority_in_own_cfr_note='absent'; cfr_note_part='40 CFR 437'; authority_source='box'	33 USC 1317/CWA 307
ADDED	2040-AB78	199610	4	1	(no row) -> rin='2040-AB78'; publication_id='199610'; ordinal=4; authority_text='33 USC 1361/CWA 501'; authority_type='act_relative'; parse_status='corroborated'; usc_title=33; usc_section='1361'; act_key='clean water act'; act_section='501'; act_resolution_evidence='table3-classification'; usc_section_verdict='exists'; usc_section_attested_at_edition=True; corroboration_rule='second-authority-behind-a-slash:agency-roster-initialism'; authority_in_own_cfr_note='absent'; cfr_note_part='40 CFR 437'; authority_source='box'	33 USC 1361/CWA 501
ADDED	2040-AB78	199704	0	1	(no row) -> rin='2040-AB78'; publication_id='199704'; ordinal=0; authority_text='33 USC 1311/CWA 301'; authority_type='act_relative'; parse_status='corroborated'; usc_title=33; usc_section='1311'; act_key='clean water act'; act_section='301'; act_resolution_evidence='table3-classification'; usc_section_verdict='exists'; usc_section_attested_at_edition=True; corroboration_rule='second-authority-behind-a-slash:agency-roster-initialism'; authority_in_own_cfr_note='absent'; cfr_note_part='40 CFR 437'; authority_source='box'	33 USC 1311/CWA 301
ADDED	2040-AB78	199704	1	1	(no row) -> rin='2040-AB78'; publication_id='199704'; ordinal=1; authority_text='33 USC 1314/CWA 304'; authority_type='act_relative'; parse_status='corroborated'; usc_title=33; usc_section='1314'; act_key='clean water act'; act_section='304'; act_resolution_evidence='table3-classification'; usc_section_verdict='exists'; usc_section_attested_at_edition=True; corroboration_rule='second-authority-behind-a-slash:agency-roster-initialism'; authority_in_own_cfr_note='absent'; cfr_note_part='40 CFR 437'; authority_source='box'	33 USC 1314/CWA 304
ADDED	2040-AB78	199704	2	1	(no row) -> rin='2040-AB78'; publication_id='199704'; ordinal=2; authority_text='33 USC 1316/CWA 306'; authority_type='act_relative'; parse_status='corroborated'; usc_title=33; usc_section='1316'; act_key='clean water act'; act_section='306'; act_resolution_evidence='table3-classification'; usc_section_verdict='exists'; usc_section_attested_at_edition=True; corroboration_rule='second-authority-behind-a-slash:agency-roster-initialism'; authority_in_own_cfr_note='absent'; cfr_note_part='40 CFR 437'; authority_source='box'	33 USC 1316/CWA 306
ADDED	2040-AB78	199704	3	1	(no row) -> rin='2040-AB78'; publication_id='199704'; ordinal=3; authority_text='33 USC 1317/CWA 307'; authority_type='act_relative'; parse_status='corroborated'; usc_title=33; usc_section='1317'; act_key='clean water act'; act_section='307'; act_resolution_evidence='table3-classification'; usc_section_verdict='exists'; usc_section_attested_at_edition=True; corroboration_rule='second-authority-behind-a-slash:agency-roster-initialism'; authority_in_own_cfr_note='absent'; cfr_note_part='40 CFR 437'; authority_source='box'	33 USC 1317/CWA 307
ADDED	2040-AB78	199704	4	1	(no row) -> rin='2040-AB78'; publication_id='199704'; ordinal=4; authority_text='33 USC 1361/CWA 501'; authority_type='act_relative'; parse_status='corroborated'; usc_title=33; usc_section='1361'; act_key='clean water act'; act_section='501'; act_resolution_evidence='table3-classification'; usc_section_verdict='exists'; usc_section_attested_at_edition=True; corroboration_rule='second-authority-behind-a-slash:agency-roster-initialism'; authority_in_own_cfr_note='absent'; cfr_note_part='40 CFR 437'; authority_source='box'	33 USC 1361/CWA 501
ADDED	2040-AB79	199510	0	1	(no row) -> rin='2040-AB79'; publication_id='199510'; ordinal=0; authority_text='33 USC 1311/CWA 301'; authority_type='act_relative'; parse_status='corroborated'; usc_title=33; usc_section='1311'; act_key='clean water act'; act_section='301'; act_resolution_evidence='table3-classification'; usc_section_verdict='exists'; usc_section_attested_at_edition=True; corroboration_rule='second-authority-behind-a-slash:agency-roster-initialism'; authority_in_own_cfr_note='absent'; cfr_note_part='40 CFR 438'; authority_source='box'	33 USC 1311/CWA 301
ADDED	2040-AB79	199510	1	1	(no row) -> rin='2040-AB79'; publication_id='199510'; ordinal=1; authority_text='33 USC 1314/CWA 304'; authority_type='act_relative'; parse_status='corroborated'; usc_title=33; usc_section='1314'; act_key='clean water act'; act_section='304'; act_resolution_evidence='table3-classification'; usc_section_verdict='exists'; usc_section_attested_at_edition=True; corroboration_rule='second-authority-behind-a-slash:agency-roster-initialism'; authority_in_own_cfr_note='absent'; cfr_note_part='40 CFR 438'; authority_source='box'	33 USC 1314/CWA 304
ADDED	2040-AB79	199510	2	1	(no row) -> rin='2040-AB79'; publication_id='199510'; ordinal=2; authority_text='33 USC 1316/CWA 306'; authority_type='act_relative'; parse_status='corroborated'; usc_title=33; usc_section='1316'; act_key='clean water act'; act_section='306'; act_resolution_evidence='table3-classification'; usc_section_verdict='exists'; usc_section_attested_at_edition=True; corroboration_rule='second-authority-behind-a-slash:agency-roster-initialism'; authority_in_own_cfr_note='absent'; cfr_note_part='40 CFR 438'; authority_source='box'	33 USC 1316/CWA 306
ADDED	2040-AB79	199510	3	1	(no row) -> rin='2040-AB79'; publication_id='199510'; ordinal=3; authority_text='33 USC 1317/CWA 307'; authority_type='act_relative'; parse_status='corroborated'; usc_title=33; usc_section='1317'; act_key='clean water act'; act_section='307'; act_resolution_evidence='table3-classification'; usc_section_verdict='exists'; usc_section_attested_at_edition=True; corroboration_rule='second-authority-behind-a-slash:agency-roster-initialism'; authority_in_own_cfr_note='absent'; cfr_note_part='40 CFR 438'; authority_source='box'	33 USC 1317/CWA 307
ADDED	2040-AB79	199510	4	1	(no row) -> rin='2040-AB79'; publication_id='199510'; ordinal=4; authority_text='33 USC 1361/CWA 501'; authority_type='act_relative'; parse_status='corroborated'; usc_title=33; usc_section='1361'; act_key='clean water act'; act_section='501'; act_resolution_evidence='table3-classification'; usc_section_verdict='exists'; usc_section_attested_at_edition=True; corroboration_rule='second-authority-behind-a-slash:agency-roster-initialism'; authority_in_own_cfr_note='absent'; cfr_note_part='40 CFR 438'; authority_source='box'	33 USC 1361/CWA 501
ADDED	2040-AB79	199604	0	1	(no row) -> rin='2040-AB79'; publication_id='199604'; ordinal=0; authority_text='33 USC 1311/CWA 301'; authority_type='act_relative'; parse_status='corroborated'; usc_title=33; usc_section='1311'; act_key='clean water act'; act_section='301'; act_resolution_evidence='table3-classification'; usc_section_verdict='exists'; usc_section_attested_at_edition=True; corroboration_rule='second-authority-behind-a-slash:agency-roster-initialism'; authority_in_own_cfr_note='absent'; cfr_note_part='40 CFR 438'; authority_source='box'	33 USC 1311/CWA 301
ADDED	2040-AB79	199604	1	1	(no row) -> rin='2040-AB79'; publication_id='199604'; ordinal=1; authority_text='33 USC 1314/CWA 304'; authority_type='act_relative'; parse_status='corroborated'; usc_title=33; usc_section='1314'; act_key='clean water act'; act_section='304'; act_resolution_evidence='table3-classification'; usc_section_verdict='exists'; usc_section_attested_at_edition=True; corroboration_rule='second-authority-behind-a-slash:agency-roster-initialism'; authority_in_own_cfr_note='absent'; cfr_note_part='40 CFR 438'; authority_source='box'	33 USC 1314/CWA 304
ADDED	2040-AB79	199604	2	1	(no row) -> rin='2040-AB79'; publication_id='199604'; ordinal=2; authority_text='33 USC 1316/CWA 306'; authority_type='act_relative'; parse_status='corroborated'; usc_title=33; usc_section='1316'; act_key='clean water act'; act_section='306'; act_resolution_evidence='table3-classification'; usc_section_verdict='exists'; usc_section_attested_at_edition=True; corroboration_rule='second-authority-behind-a-slash:agency-roster-initialism'; authority_in_own_cfr_note='absent'; cfr_note_part='40 CFR 438'; authority_source='box'	33 USC 1316/CWA 306
ADDED	2040-AB79	199604	3	1	(no row) -> rin='2040-AB79'; publication_id='199604'; ordinal=3; authority_text='33 USC 1317/CWA 307'; authority_type='act_relative'; parse_status='corroborated'; usc_title=33; usc_section='1317'; act_key='clean water act'; act_section='307'; act_resolution_evidence='table3-classification'; usc_section_verdict='exists'; usc_section_attested_at_edition=True; corroboration_rule='second-authority-behind-a-slash:agency-roster-initialism'; authority_in_own_cfr_note='absent'; cfr_note_part='40 CFR 438'; authority_source='box'	33 USC 1317/CWA 307
ADDED	2040-AB79	199604	4	1	(no row) -> rin='2040-AB79'; publication_id='199604'; ordinal=4; authority_text='33 USC 1361/CWA 501'; authority_type='act_relative'; parse_status='corroborated'; usc_title=33; usc_section='1361'; act_key='clean water act'; act_section='501'; act_resolution_evidence='table3-classification'; usc_section_verdict='exists'; usc_section_attested_at_edition=True; corroboration_rule='second-authority-behind-a-slash:agency-roster-initialism'; authority_in_own_cfr_note='absent'; cfr_note_part='40 CFR 438'; authority_source='box'	33 USC 1361/CWA 501
ADDED	2040-AB79	199610	0	1	(no row) -> rin='2040-AB79'; publication_id='199610'; ordinal=0; authority_text='33 USC 1311/CWA 301'; authority_type='act_relative'; parse_status='corroborated'; usc_title=33; usc_section='1311'; act_key='clean water act'; act_section='301'; act_resolution_evidence='table3-classification'; usc_section_verdict='exists'; usc_section_attested_at_edition=True; corroboration_rule='second-authority-behind-a-slash:agency-roster-initialism'; authority_in_own_cfr_note='absent'; cfr_note_part='40 CFR 438'; authority_source='box'	33 USC 1311/CWA 301
ADDED	2040-AB79	199610	1	1	(no row) -> rin='2040-AB79'; publication_id='199610'; ordinal=1; authority_text='33 USC 1314/CWA 304'; authority_type='act_relative'; parse_status='corroborated'; usc_title=33; usc_section='1314'; act_key='clean water act'; act_section='304'; act_resolution_evidence='table3-classification'; usc_section_verdict='exists'; usc_section_attested_at_edition=True; corroboration_rule='second-authority-behind-a-slash:agency-roster-initialism'; authority_in_own_cfr_note='absent'; cfr_note_part='40 CFR 438'; authority_source='box'	33 USC 1314/CWA 304
ADDED	2040-AB79	199610	2	1	(no row) -> rin='2040-AB79'; publication_id='199610'; ordinal=2; authority_text='33 USC 1316/CWA 306'; authority_type='act_relative'; parse_status='corroborated'; usc_title=33; usc_section='1316'; act_key='clean water act'; act_section='306'; act_resolution_evidence='table3-classification'; usc_section_verdict='exists'; usc_section_attested_at_edition=True; corroboration_rule='second-authority-behind-a-slash:agency-roster-initialism'; authority_in_own_cfr_note='absent'; cfr_note_part='40 CFR 438'; authority_source='box'	33 USC 1316/CWA 306
ADDED	2040-AB79	199610	3	1	(no row) -> rin='2040-AB79'; publication_id='199610'; ordinal=3; authority_text='33 USC 1317/CWA 307'; authority_type='act_relative'; parse_status='corroborated'; usc_title=33; usc_section='1317'; act_key='clean water act'; act_section='307'; act_resolution_evidence='table3-classification'; usc_section_verdict='exists'; usc_section_attested_at_edition=True; corroboration_rule='second-authority-behind-a-slash:agency-roster-initialism'; authority_in_own_cfr_note='absent'; cfr_note_part='40 CFR 438'; authority_source='box'	33 USC 1317/CWA 307
ADDED	2040-AB79	199610	4	1	(no row) -> rin='2040-AB79'; publication_id='199610'; ordinal=4; authority_text='33 USC 1361/CWA 501'; authority_type='act_relative'; parse_status='corroborated'; usc_title=33; usc_section='1361'; act_key='clean water act'; act_section='501'; act_resolution_evidence='table3-classification'; usc_section_verdict='exists'; usc_section_attested_at_edition=True; corroboration_rule='second-authority-behind-a-slash:agency-roster-initialism'; authority_in_own_cfr_note='absent'; cfr_note_part='40 CFR 438'; authority_source='box'	33 USC 1361/CWA 501
ADDED	2040-AB79	199704	0	1	(no row) -> rin='2040-AB79'; publication_id='199704'; ordinal=0; authority_text='33 USC 1311/CWA 301'; authority_type='act_relative'; parse_status='corroborated'; usc_title=33; usc_section='1311'; act_key='clean water act'; act_section='301'; act_resolution_evidence='table3-classification'; usc_section_verdict='exists'; usc_section_attested_at_edition=True; corroboration_rule='second-authority-behind-a-slash:agency-roster-initialism'; authority_in_own_cfr_note='absent'; cfr_note_part='40 CFR 438'; authority_source='box'	33 USC 1311/CWA 301
ADDED	2040-AB79	199704	1	1	(no row) -> rin='2040-AB79'; publication_id='199704'; ordinal=1; authority_text='33 USC 1314/CWA 304'; authority_type='act_relative'; parse_status='corroborated'; usc_title=33; usc_section='1314'; act_key='clean water act'; act_section='304'; act_resolution_evidence='table3-classification'; usc_section_verdict='exists'; usc_section_attested_at_edition=True; corroboration_rule='second-authority-behind-a-slash:agency-roster-initialism'; authority_in_own_cfr_note='absent'; cfr_note_part='40 CFR 438'; authority_source='box'	33 USC 1314/CWA 304
ADDED	2040-AB79	199704	2	1	(no row) -> rin='2040-AB79'; publication_id='199704'; ordinal=2; authority_text='33 USC 1316/CWA 306'; authority_type='act_relative'; parse_status='corroborated'; usc_title=33; usc_section='1316'; act_key='clean water act'; act_section='306'; act_resolution_evidence='table3-classification'; usc_section_verdict='exists'; usc_section_attested_at_edition=True; corroboration_rule='second-authority-behind-a-slash:agency-roster-initialism'; authority_in_own_cfr_note='absent'; cfr_note_part='40 CFR 438'; authority_source='box'	33 USC 1316/CWA 306
ADDED	2040-AB79	199704	3	1	(no row) -> rin='2040-AB79'; publication_id='199704'; ordinal=3; authority_text='33 USC 1317/CWA 307'; authority_type='act_relative'; parse_status='corroborated'; usc_title=33; usc_section='1317'; act_key='clean water act'; act_section='307'; act_resolution_evidence='table3-classification'; usc_section_verdict='exists'; usc_section_attested_at_edition=True; corroboration_rule='second-authority-behind-a-slash:agency-roster-initialism'; authority_in_own_cfr_note='absent'; cfr_note_part='40 CFR 438'; authority_source='box'	33 USC 1317/CWA 307
ADDED	2040-AB79	199704	4	1	(no row) -> rin='2040-AB79'; publication_id='199704'; ordinal=4; authority_text='33 USC 1361/CWA 501'; authority_type='act_relative'; parse_status='corroborated'; usc_title=33; usc_section='1361'; act_key='clean water act'; act_section='501'; act_resolution_evidence='table3-classification'; usc_section_verdict='exists'; usc_section_attested_at_edition=True; corroboration_rule='second-authority-behind-a-slash:agency-roster-initialism'; authority_in_own_cfr_note='absent'; cfr_note_part='40 CFR 438'; authority_source='box'	33 USC 1361/CWA 501
ADDED	2040-AB82	199510	0	1	(no row) -> rin='2040-AB82'; publication_id='199510'; ordinal=0; authority_text='42 USC 300/SDWA 1412'; authority_type='act_relative'; parse_status='corroborated'; usc_title=42; usc_section='300g-1'; act_key='safe drinking water act'; act_section='1412'; act_resolution_evidence='table3-classification'; usc_section_verdict='exists'; usc_section_attested_at_edition=True; corroboration_rule='second-authority-behind-a-slash:agency-roster-initialism'; authority_in_own_cfr_note='absent'; cfr_note_part='40 CFR 141'; authority_source='box'	42 USC 300/SDWA 1412
ADDED	2040-AB82	199604	0	1	(no row) -> rin='2040-AB82'; publication_id='199604'; ordinal=0; authority_text='42 USC 300/SDWA 1412'; authority_type='act_relative'; parse_status='corroborated'; usc_title=42; usc_section='300g-1'; act_key='safe drinking water act'; act_section='1412'; act_resolution_evidence='table3-classification'; usc_section_verdict='exists'; usc_section_attested_at_edition=True; corroboration_rule='second-authority-behind-a-slash:agency-roster-initialism'; authority_in_own_cfr_note='absent'; cfr_note_part='40 CFR 141'; authority_source='box'	42 USC 300/SDWA 1412
ADDED	2040-AB82	199610	0	1	(no row) -> rin='2040-AB82'; publication_id='199610'; ordinal=0; authority_text='42 USC 300/SDWA 1412'; authority_type='act_relative'; parse_status='corroborated'; usc_title=42; usc_section='300g-1'; act_key='safe drinking water act'; act_section='1412'; act_resolution_evidence='table3-classification'; usc_section_verdict='exists'; usc_section_attested_at_edition=True; corroboration_rule='second-authority-behind-a-slash:agency-roster-initialism'; authority_in_own_cfr_note='absent'; cfr_note_part='40 CFR 141'; authority_source='box'	42 USC 300/SDWA 1412
ADDED	2040-AB82	199704	0	1	(no row) -> rin='2040-AB82'; publication_id='199704'; ordinal=0; authority_text='42 USC 300/SDWA 1412'; authority_type='act_relative'; parse_status='corroborated'; usc_title=42; usc_section='300g-1'; act_key='safe drinking water act'; act_section='1412'; act_resolution_evidence='table3-classification'; usc_section_verdict='exists'; usc_section_attested_at_edition=True; corroboration_rule='second-authority-behind-a-slash:agency-roster-initialism'; authority_in_own_cfr_note='absent'; cfr_note_part='40 CFR 141'; authority_source='box'	42 USC 300/SDWA 1412
ADDED	2040-AB83	199510	0	1	(no row) -> rin='2040-AB83'; publication_id='199510'; ordinal=0; authority_text='42 USC 300f/SDWA 1421 to 1425'; authority_type='act_relative'; parse_status='corroborated'; act_key='safe drinking water act'; act_section='1421-1425'; act_resolution_reason='act_section_not_classified'; corroboration_rule='second-authority-behind-a-slash:agency-roster-initialism'; authority_in_own_cfr_note='present'; cfr_note_part='40 CFR 144'; authority_source='box'	42 USC 300f/SDWA 1421 to 1425
ADDED	2040-AB83	199604	0	1	(no row) -> rin='2040-AB83'; publication_id='199604'; ordinal=0; authority_text='42 USC 300h /SDWA 1421 to 1425'; authority_type='act_relative'; parse_status='corroborated'; act_key='safe drinking water act'; act_section='1421-1425'; act_resolution_reason='act_section_not_classified'; corroboration_rule='second-authority-behind-a-slash:agency-roster-initialism'; authority_in_own_cfr_note='present'; cfr_note_part='40 CFR 144'; authority_source='box'	42 USC 300h /SDWA 1421 to 1425
ADDED	2040-AB83	199610	0	1	(no row) -> rin='2040-AB83'; publication_id='199610'; ordinal=0; authority_text='42 USC 300h /SDWA 1421 to 1425'; authority_type='act_relative'; parse_status='corroborated'; act_key='safe drinking water act'; act_section='1421-1425'; act_resolution_reason='act_section_not_classified'; corroboration_rule='second-authority-behind-a-slash:agency-roster-initialism'; authority_in_own_cfr_note='present'; cfr_note_part='40 CFR 144'; authority_source='box'	42 USC 300h /SDWA 1421 to 1425
ADDED	2040-AB83	199704	0	1	(no row) -> rin='2040-AB83'; publication_id='199704'; ordinal=0; authority_text='42 USC 300h /SDWA 1421 to 1425'; authority_type='act_relative'; parse_status='corroborated'; act_key='safe drinking water act'; act_section='1421-1425'; act_resolution_reason='act_section_not_classified'; corroboration_rule='second-authority-behind-a-slash:agency-roster-initialism'; authority_in_own_cfr_note='present'; cfr_note_part='40 CFR 144'; authority_source='box'	42 USC 300h /SDWA 1421 to 1425
ADDED	2040-AB85	199704	0	1	(no row) -> rin='2040-AB85'; publication_id='199704'; ordinal=0; authority_text='33 USC 2601/Shore Protection Act of 1988'; authority_type='act_relative'; parse_status='corroborated'; act_key='shore protection act of 1988'; act_resolution_reason='no_section_stated'; corroboration_rule='second-authority-behind-a-slash:index-holds-the-stated-name'; authority_source='box'	33 USC 2601/Shore Protection Act of 1988
ADDED	2040-AB97	199510	0	1	(no row) -> rin='2040-AB97'; publication_id='199510'; ordinal=0; authority_text='33 USC 1311/CWA 301'; authority_type='act_relative'; parse_status='corroborated'; usc_title=33; usc_section='1311'; act_key='clean water act'; act_section='301'; act_resolution_evidence='table3-classification'; usc_section_verdict='exists'; usc_section_attested_at_edition=True; corroboration_rule='second-authority-behind-a-slash:agency-roster-initialism'; authority_in_own_cfr_note='absent'; cfr_note_part='40 CFR 441'; authority_source='box'	33 USC 1311/CWA 301
ADDED	2040-AB97	199510	1	1	(no row) -> rin='2040-AB97'; publication_id='199510'; ordinal=1; authority_text='33 USC 1311/CWA 307'; authority_type='act_relative'; parse_status='corroborated'; usc_title=33; usc_section='1317'; act_key='clean water act'; act_section='307'; act_resolution_evidence='table3-classification'; usc_section_verdict='exists'; usc_section_attested_at_edition=True; corroboration_rule='second-authority-behind-a-slash:agency-roster-initialism'; authority_in_own_cfr_note='absent'; cfr_note_part='40 CFR 441'; authority_source='box'	33 USC 1311/CWA 307
ADDED	2040-AB97	199510	2	1	(no row) -> rin='2040-AB97'; publication_id='199510'; ordinal=2; authority_text='33 USC 1314/CWA 304'; authority_type='act_relative'; parse_status='corroborated'; usc_title=33; usc_section='1314'; act_key='clean water act'; act_section='304'; act_resolution_evidence='table3-classification'; usc_section_verdict='exists'; usc_section_attested_at_edition=True; corroboration_rule='second-authority-behind-a-slash:agency-roster-initialism'; authority_in_own_cfr_note='absent'; cfr_note_part='40 CFR 441'; authority_source='box'	33 USC 1314/CWA 304
ADDED	2040-AB97	199510	3	1	(no row) -> rin='2040-AB97'; publication_id='199510'; ordinal=3; authority_text='33 USC 1361/CWA 501'; authority_type='act_relative'; parse_status='corroborated'; usc_title=33; usc_section='1361'; act_key='clean water act'; act_section='501'; act_resolution_evidence='table3-classification'; usc_section_verdict='exists'; usc_section_attested_at_edition=True; corroboration_rule='second-authority-behind-a-slash:agency-roster-initialism'; authority_in_own_cfr_note='absent'; cfr_note_part='40 CFR 441'; authority_source='box'	33 USC 1361/CWA 501
ADDED	2040-AB97	199510	4	1	(no row) -> rin='2040-AB97'; publication_id='199510'; ordinal=4; authority_text='33 USC 1316/CWA 306'; authority_type='act_relative'; parse_status='corroborated'; usc_title=33; usc_section='1316'; act_key='clean water act'; act_section='306'; act_resolution_evidence='table3-classification'; usc_section_verdict='exists'; usc_section_attested_at_edition=True; corroboration_rule='second-authority-behind-a-slash:agency-roster-initialism'; authority_in_own_cfr_note='absent'; cfr_note_part='40 CFR 441'; authority_source='box'	33 USC 1316/CWA 306
ADDED	2040-AB97	199604	0	1	(no row) -> rin='2040-AB97'; publication_id='199604'; ordinal=0; authority_text='33 USC 1311/CWA 301'; authority_type='act_relative'; parse_status='corroborated'; usc_title=33; usc_section='1311'; act_key='clean water act'; act_section='301'; act_resolution_evidence='table3-classification'; usc_section_verdict='exists'; usc_section_attested_at_edition=True; corroboration_rule='second-authority-behind-a-slash:agency-roster-initialism'; authority_in_own_cfr_note='absent'; cfr_note_part='40 CFR 441'; authority_source='box'	33 USC 1311/CWA 301
ADDED	2040-AB97	199604	1	1	(no row) -> rin='2040-AB97'; publication_id='199604'; ordinal=1; authority_text='33 USC 1311/CWA 307'; authority_type='act_relative'; parse_status='corroborated'; usc_title=33; usc_section='1317'; act_key='clean water act'; act_section='307'; act_resolution_evidence='table3-classification'; usc_section_verdict='exists'; usc_section_attested_at_edition=True; corroboration_rule='second-authority-behind-a-slash:agency-roster-initialism'; authority_in_own_cfr_note='absent'; cfr_note_part='40 CFR 441'; authority_source='box'	33 USC 1311/CWA 307
ADDED	2040-AB97	199604	2	1	(no row) -> rin='2040-AB97'; publication_id='199604'; ordinal=2; authority_text='33 USC 1314/CWA 304'; authority_type='act_relative'; parse_status='corroborated'; usc_title=33; usc_section='1314'; act_key='clean water act'; act_section='304'; act_resolution_evidence='table3-classification'; usc_section_verdict='exists'; usc_section_attested_at_edition=True; corroboration_rule='second-authority-behind-a-slash:agency-roster-initialism'; authority_in_own_cfr_note='absent'; cfr_note_part='40 CFR 441'; authority_source='box'	33 USC 1314/CWA 304
ADDED	2040-AB97	199604	3	1	(no row) -> rin='2040-AB97'; publication_id='199604'; ordinal=3; authority_text='33 USC 1361/CWA 501'; authority_type='act_relative'; parse_status='corroborated'; usc_title=33; usc_section='1361'; act_key='clean water act'; act_section='501'; act_resolution_evidence='table3-classification'; usc_section_verdict='exists'; usc_section_attested_at_edition=True; corroboration_rule='second-authority-behind-a-slash:agency-roster-initialism'; authority_in_own_cfr_note='absent'; cfr_note_part='40 CFR 441'; authority_source='box'	33 USC 1361/CWA 501
ADDED	2040-AB97	199604	4	1	(no row) -> rin='2040-AB97'; publication_id='199604'; ordinal=4; authority_text='33 USC 1316/CWA 306'; authority_type='act_relative'; parse_status='corroborated'; usc_title=33; usc_section='1316'; act_key='clean water act'; act_section='306'; act_resolution_evidence='table3-classification'; usc_section_verdict='exists'; usc_section_attested_at_edition=True; corroboration_rule='second-authority-behind-a-slash:agency-roster-initialism'; authority_in_own_cfr_note='absent'; cfr_note_part='40 CFR 441'; authority_source='box'	33 USC 1316/CWA 306
ADDED	2040-AB97	199610	0	1	(no row) -> rin='2040-AB97'; publication_id='199610'; ordinal=0; authority_text='33 USC 1311/CWA 301'; authority_type='act_relative'; parse_status='corroborated'; usc_title=33; usc_section='1311'; act_key='clean water act'; act_section='301'; act_resolution_evidence='table3-classification'; usc_section_verdict='exists'; usc_section_attested_at_edition=True; corroboration_rule='second-authority-behind-a-slash:agency-roster-initialism'; authority_in_own_cfr_note='absent'; cfr_note_part='40 CFR 441'; authority_source='box'	33 USC 1311/CWA 301
ADDED	2040-AB97	199610	1	1	(no row) -> rin='2040-AB97'; publication_id='199610'; ordinal=1; authority_text='33 USC 1317/CWA 307'; authority_type='act_relative'; parse_status='corroborated'; usc_title=33; usc_section='1317'; act_key='clean water act'; act_section='307'; act_resolution_evidence='table3-classification'; usc_section_verdict='exists'; usc_section_attested_at_edition=True; corroboration_rule='second-authority-behind-a-slash:agency-roster-initialism'; authority_in_own_cfr_note='absent'; cfr_note_part='40 CFR 441'; authority_source='box'	33 USC 1317/CWA 307
ADDED	2040-AB97	199610	2	1	(no row) -> rin='2040-AB97'; publication_id='199610'; ordinal=2; authority_text='33 USC 1314/CWA 304'; authority_type='act_relative'; parse_status='corroborated'; usc_title=33; usc_section='1314'; act_key='clean water act'; act_section='304'; act_resolution_evidence='table3-classification'; usc_section_verdict='exists'; usc_section_attested_at_edition=True; corroboration_rule='second-authority-behind-a-slash:agency-roster-initialism'; authority_in_own_cfr_note='absent'; cfr_note_part='40 CFR 441'; authority_source='box'	33 USC 1314/CWA 304
ADDED	2040-AB97	199610	3	1	(no row) -> rin='2040-AB97'; publication_id='199610'; ordinal=3; authority_text='33 USC 1361/CWA 501'; authority_type='act_relative'; parse_status='corroborated'; usc_title=33; usc_section='1361'; act_key='clean water act'; act_section='501'; act_resolution_evidence='table3-classification'; usc_section_verdict='exists'; usc_section_attested_at_edition=True; corroboration_rule='second-authority-behind-a-slash:agency-roster-initialism'; authority_in_own_cfr_note='absent'; cfr_note_part='40 CFR 441'; authority_source='box'	33 USC 1361/CWA 501
ADDED	2040-AB97	199610	4	1	(no row) -> rin='2040-AB97'; publication_id='199610'; ordinal=4; authority_text='33 USC 1316/CWA 306'; authority_type='act_relative'; parse_status='corroborated'; usc_title=33; usc_section='1316'; act_key='clean water act'; act_section='306'; act_resolution_evidence='table3-classification'; usc_section_verdict='exists'; usc_section_attested_at_edition=True; corroboration_rule='second-authority-behind-a-slash:agency-roster-initialism'; authority_in_own_cfr_note='absent'; cfr_note_part='40 CFR 441'; authority_source='box'	33 USC 1316/CWA 306
ADDED	2040-AB97	199704	0	1	(no row) -> rin='2040-AB97'; publication_id='199704'; ordinal=0; authority_text='33 USC 1311/CWA 301'; authority_type='act_relative'; parse_status='corroborated'; usc_title=33; usc_section='1311'; act_key='clean water act'; act_section='301'; act_resolution_evidence='table3-classification'; usc_section_verdict='exists'; usc_section_attested_at_edition=True; corroboration_rule='second-authority-behind-a-slash:agency-roster-initialism'; authority_in_own_cfr_note='absent'; cfr_note_part='40 CFR 441'; authority_source='box'	33 USC 1311/CWA 301
ADDED	2040-AB97	199704	1	1	(no row) -> rin='2040-AB97'; publication_id='199704'; ordinal=1; authority_text='33 USC 1317/CWA 307'; authority_type='act_relative'; parse_status='corroborated'; usc_title=33; usc_section='1317'; act_key='clean water act'; act_section='307'; act_resolution_evidence='table3-classification'; usc_section_verdict='exists'; usc_section_attested_at_edition=True; corroboration_rule='second-authority-behind-a-slash:agency-roster-initialism'; authority_in_own_cfr_note='absent'; cfr_note_part='40 CFR 441'; authority_source='box'	33 USC 1317/CWA 307
ADDED	2040-AB97	199704	2	1	(no row) -> rin='2040-AB97'; publication_id='199704'; ordinal=2; authority_text='33 USC 1314/CWA 304'; authority_type='act_relative'; parse_status='corroborated'; usc_title=33; usc_section='1314'; act_key='clean water act'; act_section='304'; act_resolution_evidence='table3-classification'; usc_section_verdict='exists'; usc_section_attested_at_edition=True; corroboration_rule='second-authority-behind-a-slash:agency-roster-initialism'; authority_in_own_cfr_note='absent'; cfr_note_part='40 CFR 441'; authority_source='box'	33 USC 1314/CWA 304
ADDED	2040-AB97	199704	3	1	(no row) -> rin='2040-AB97'; publication_id='199704'; ordinal=3; authority_text='33 USC 1361/CWA 501'; authority_type='act_relative'; parse_status='corroborated'; usc_title=33; usc_section='1361'; act_key='clean water act'; act_section='501'; act_resolution_evidence='table3-classification'; usc_section_verdict='exists'; usc_section_attested_at_edition=True; corroboration_rule='second-authority-behind-a-slash:agency-roster-initialism'; authority_in_own_cfr_note='absent'; cfr_note_part='40 CFR 441'; authority_source='box'	33 USC 1361/CWA 501
ADDED	2040-AB97	199704	4	1	(no row) -> rin='2040-AB97'; publication_id='199704'; ordinal=4; authority_text='33 USC 1316/CWA 306'; authority_type='act_relative'; parse_status='corroborated'; usc_title=33; usc_section='1316'; act_key='clean water act'; act_section='306'; act_resolution_evidence='table3-classification'; usc_section_verdict='exists'; usc_section_attested_at_edition=True; corroboration_rule='second-authority-behind-a-slash:agency-roster-initialism'; authority_in_own_cfr_note='absent'; cfr_note_part='40 CFR 441'; authority_source='box'	33 USC 1316/CWA 306
ADDED	2040-AB98	199510	0	1	(no row) -> rin='2040-AB98'; publication_id='199510'; ordinal=0; authority_text='33 USC 1311/CWA 301'; authority_type='act_relative'; parse_status='corroborated'; usc_title=33; usc_section='1311'; act_key='clean water act'; act_section='301'; act_resolution_evidence='table3-classification'; usc_section_verdict='exists'; usc_section_attested_at_edition=True; corroboration_rule='second-authority-behind-a-slash:agency-roster-initialism'; authority_in_own_cfr_note='absent'; cfr_note_part='40 CFR 442'; authority_source='box'	33 USC 1311/CWA 301
ADDED	2040-AB98	199510	1	1	(no row) -> rin='2040-AB98'; publication_id='199510'; ordinal=1; authority_text='33 USC 1317/CWA 307'; authority_type='act_relative'; parse_status='corroborated'; usc_title=33; usc_section='1317'; act_key='clean water act'; act_section='307'; act_resolution_evidence='table3-classification'; usc_section_verdict='exists'; usc_section_attested_at_edition=True; corroboration_rule='second-authority-behind-a-slash:agency-roster-initialism'; authority_in_own_cfr_note='absent'; cfr_note_part='40 CFR 442'; authority_source='box'	33 USC 1317/CWA 307
ADDED	2040-AB98	199510	2	1	(no row) -> rin='2040-AB98'; publication_id='199510'; ordinal=2; authority_text='33 USC 1314/CWA 304'; authority_type='act_relative'; parse_status='corroborated'; usc_title=33; usc_section='1314'; act_key='clean water act'; act_section='304'; act_resolution_evidence='table3-classification'; usc_section_verdict='exists'; usc_section_attested_at_edition=True; corroboration_rule='second-authority-behind-a-slash:agency-roster-initialism'; authority_in_own_cfr_note='absent'; cfr_note_part='40 CFR 442'; authority_source='box'	33 USC 1314/CWA 304
ADDED	2040-AB98	199510	3	1	(no row) -> rin='2040-AB98'; publication_id='199510'; ordinal=3; authority_text='33 USC 1361/CWA 501'; authority_type='act_relative'; parse_status='corroborated'; usc_title=33; usc_section='1361'; act_key='clean water act'; act_section='501'; act_resolution_evidence='table3-classification'; usc_section_verdict='exists'; usc_section_attested_at_edition=True; corroboration_rule='second-authority-behind-a-slash:agency-roster-initialism'; authority_in_own_cfr_note='absent'; cfr_note_part='40 CFR 442'; authority_source='box'	33 USC 1361/CWA 501
ADDED	2040-AB98	199510	4	1	(no row) -> rin='2040-AB98'; publication_id='199510'; ordinal=4; authority_text='33 USC 1316/CWA 306'; authority_type='act_relative'; parse_status='corroborated'; usc_title=33; usc_section='1316'; act_key='clean water act'; act_section='306'; act_resolution_evidence='table3-classification'; usc_section_verdict='exists'; usc_section_attested_at_edition=True; corroboration_rule='second-authority-behind-a-slash:agency-roster-initialism'; authority_in_own_cfr_note='absent'; cfr_note_part='40 CFR 442'; authority_source='box'	33 USC 1316/CWA 306
ADDED	2040-AB98	199604	0	1	(no row) -> rin='2040-AB98'; publication_id='199604'; ordinal=0; authority_text='33 USC 1311/CWA 301'; authority_type='act_relative'; parse_status='corroborated'; usc_title=33; usc_section='1311'; act_key='clean water act'; act_section='301'; act_resolution_evidence='table3-classification'; usc_section_verdict='exists'; usc_section_attested_at_edition=True; corroboration_rule='second-authority-behind-a-slash:agency-roster-initialism'; authority_in_own_cfr_note='absent'; cfr_note_part='40 CFR 442'; authority_source='box'	33 USC 1311/CWA 301
ADDED	2040-AB98	199604	1	1	(no row) -> rin='2040-AB98'; publication_id='199604'; ordinal=1; authority_text='33 USC 1317/CWA 307'; authority_type='act_relative'; parse_status='corroborated'; usc_title=33; usc_section='1317'; act_key='clean water act'; act_section='307'; act_resolution_evidence='table3-classification'; usc_section_verdict='exists'; usc_section_attested_at_edition=True; corroboration_rule='second-authority-behind-a-slash:agency-roster-initialism'; authority_in_own_cfr_note='absent'; cfr_note_part='40 CFR 442'; authority_source='box'	33 USC 1317/CWA 307
ADDED	2040-AB98	199604	2	1	(no row) -> rin='2040-AB98'; publication_id='199604'; ordinal=2; authority_text='33 USC 1314/CWA 304'; authority_type='act_relative'; parse_status='corroborated'; usc_title=33; usc_section='1314'; act_key='clean water act'; act_section='304'; act_resolution_evidence='table3-classification'; usc_section_verdict='exists'; usc_section_attested_at_edition=True; corroboration_rule='second-authority-behind-a-slash:agency-roster-initialism'; authority_in_own_cfr_note='absent'; cfr_note_part='40 CFR 442'; authority_source='box'	33 USC 1314/CWA 304
ADDED	2040-AB98	199604	3	1	(no row) -> rin='2040-AB98'; publication_id='199604'; ordinal=3; authority_text='33 USC 1361/CWA 501'; authority_type='act_relative'; parse_status='corroborated'; usc_title=33; usc_section='1361'; act_key='clean water act'; act_section='501'; act_resolution_evidence='table3-classification'; usc_section_verdict='exists'; usc_section_attested_at_edition=True; corroboration_rule='second-authority-behind-a-slash:agency-roster-initialism'; authority_in_own_cfr_note='absent'; cfr_note_part='40 CFR 442'; authority_source='box'	33 USC 1361/CWA 501
ADDED	2040-AB98	199604	4	1	(no row) -> rin='2040-AB98'; publication_id='199604'; ordinal=4; authority_text='33 USC 1316/CWA 306'; authority_type='act_relative'; parse_status='corroborated'; usc_title=33; usc_section='1316'; act_key='clean water act'; act_section='306'; act_resolution_evidence='table3-classification'; usc_section_verdict='exists'; usc_section_attested_at_edition=True; corroboration_rule='second-authority-behind-a-slash:agency-roster-initialism'; authority_in_own_cfr_note='absent'; cfr_note_part='40 CFR 442'; authority_source='box'	33 USC 1316/CWA 306
ADDED	2040-AB98	199610	0	1	(no row) -> rin='2040-AB98'; publication_id='199610'; ordinal=0; authority_text='33 USC 1311/CWA 301'; authority_type='act_relative'; parse_status='corroborated'; usc_title=33; usc_section='1311'; act_key='clean water act'; act_section='301'; act_resolution_evidence='table3-classification'; usc_section_verdict='exists'; usc_section_attested_at_edition=True; corroboration_rule='second-authority-behind-a-slash:agency-roster-initialism'; authority_in_own_cfr_note='absent'; cfr_note_part='40 CFR 442'; authority_source='box'	33 USC 1311/CWA 301
ADDED	2040-AB98	199610	1	1	(no row) -> rin='2040-AB98'; publication_id='199610'; ordinal=1; authority_text='33 USC 1317/CWA 307'; authority_type='act_relative'; parse_status='corroborated'; usc_title=33; usc_section='1317'; act_key='clean water act'; act_section='307'; act_resolution_evidence='table3-classification'; usc_section_verdict='exists'; usc_section_attested_at_edition=True; corroboration_rule='second-authority-behind-a-slash:agency-roster-initialism'; authority_in_own_cfr_note='absent'; cfr_note_part='40 CFR 442'; authority_source='box'	33 USC 1317/CWA 307
ADDED	2040-AB98	199610	2	1	(no row) -> rin='2040-AB98'; publication_id='199610'; ordinal=2; authority_text='33 USC 1314/CWA 304'; authority_type='act_relative'; parse_status='corroborated'; usc_title=33; usc_section='1314'; act_key='clean water act'; act_section='304'; act_resolution_evidence='table3-classification'; usc_section_verdict='exists'; usc_section_attested_at_edition=True; corroboration_rule='second-authority-behind-a-slash:agency-roster-initialism'; authority_in_own_cfr_note='absent'; cfr_note_part='40 CFR 442'; authority_source='box'	33 USC 1314/CWA 304
ADDED	2040-AB98	199610	3	1	(no row) -> rin='2040-AB98'; publication_id='199610'; ordinal=3; authority_text='33 USC 1361/CWA 501'; authority_type='act_relative'; parse_status='corroborated'; usc_title=33; usc_section='1361'; act_key='clean water act'; act_section='501'; act_resolution_evidence='table3-classification'; usc_section_verdict='exists'; usc_section_attested_at_edition=True; corroboration_rule='second-authority-behind-a-slash:agency-roster-initialism'; authority_in_own_cfr_note='absent'; cfr_note_part='40 CFR 442'; authority_source='box'	33 USC 1361/CWA 501
ADDED	2040-AB98	199610	4	1	(no row) -> rin='2040-AB98'; publication_id='199610'; ordinal=4; authority_text='33 USC 1316/CWA 306'; authority_type='act_relative'; parse_status='corroborated'; usc_title=33; usc_section='1316'; act_key='clean water act'; act_section='306'; act_resolution_evidence='table3-classification'; usc_section_verdict='exists'; usc_section_attested_at_edition=True; corroboration_rule='second-authority-behind-a-slash:agency-roster-initialism'; authority_in_own_cfr_note='absent'; cfr_note_part='40 CFR 442'; authority_source='box'	33 USC 1316/CWA 306
ADDED	2040-AB98	199704	0	1	(no row) -> rin='2040-AB98'; publication_id='199704'; ordinal=0; authority_text='33 USC 1311/CWA 301'; authority_type='act_relative'; parse_status='corroborated'; usc_title=33; usc_section='1311'; act_key='clean water act'; act_section='301'; act_resolution_evidence='table3-classification'; usc_section_verdict='exists'; usc_section_attested_at_edition=True; corroboration_rule='second-authority-behind-a-slash:agency-roster-initialism'; authority_in_own_cfr_note='absent'; cfr_note_part='40 CFR 442'; authority_source='box'	33 USC 1311/CWA 301
ADDED	2040-AB98	199704	1	1	(no row) -> rin='2040-AB98'; publication_id='199704'; ordinal=1; authority_text='33 USC 1317/CWA 307'; authority_type='act_relative'; parse_status='corroborated'; usc_title=33; usc_section='1317'; act_key='clean water act'; act_section='307'; act_resolution_evidence='table3-classification'; usc_section_verdict='exists'; usc_section_attested_at_edition=True; corroboration_rule='second-authority-behind-a-slash:agency-roster-initialism'; authority_in_own_cfr_note='absent'; cfr_note_part='40 CFR 442'; authority_source='box'	33 USC 1317/CWA 307
ADDED	2040-AB98	199704	2	1	(no row) -> rin='2040-AB98'; publication_id='199704'; ordinal=2; authority_text='33 USC 1314/CWA 304'; authority_type='act_relative'; parse_status='corroborated'; usc_title=33; usc_section='1314'; act_key='clean water act'; act_section='304'; act_resolution_evidence='table3-classification'; usc_section_verdict='exists'; usc_section_attested_at_edition=True; corroboration_rule='second-authority-behind-a-slash:agency-roster-initialism'; authority_in_own_cfr_note='absent'; cfr_note_part='40 CFR 442'; authority_source='box'	33 USC 1314/CWA 304
ADDED	2040-AB98	199704	3	1	(no row) -> rin='2040-AB98'; publication_id='199704'; ordinal=3; authority_text='33 USC 1361/CWA 501'; authority_type='act_relative'; parse_status='corroborated'; usc_title=33; usc_section='1361'; act_key='clean water act'; act_section='501'; act_resolution_evidence='table3-classification'; usc_section_verdict='exists'; usc_section_attested_at_edition=True; corroboration_rule='second-authority-behind-a-slash:agency-roster-initialism'; authority_in_own_cfr_note='absent'; cfr_note_part='40 CFR 442'; authority_source='box'	33 USC 1361/CWA 501
ADDED	2040-AB98	199704	4	1	(no row) -> rin='2040-AB98'; publication_id='199704'; ordinal=4; authority_text='33 USC 1316/CWA 306'; authority_type='act_relative'; parse_status='corroborated'; usc_title=33; usc_section='1316'; act_key='clean water act'; act_section='306'; act_resolution_evidence='table3-classification'; usc_section_verdict='exists'; usc_section_attested_at_edition=True; corroboration_rule='second-authority-behind-a-slash:agency-roster-initialism'; authority_in_own_cfr_note='absent'; cfr_note_part='40 CFR 442'; authority_source='box'	33 USC 1316/CWA 306
ADDED	2040-AC07	199510	0	1	(no row) -> rin='2040-AC07'; publication_id='199510'; ordinal=0; authority_text='42 USC 300/SDWA 1412'; authority_type='act_relative'; parse_status='corroborated'; usc_title=42; usc_section='300g-1'; act_key='safe drinking water act'; act_section='1412'; act_resolution_evidence='table3-classification'; usc_section_verdict='exists'; usc_section_attested_at_edition=True; corroboration_rule='second-authority-behind-a-slash:agency-roster-initialism'; authority_in_own_cfr_note='absent'; cfr_note_part='40 CFR 141'; authority_source='box'	42 USC 300/SDWA 1412
ADDED	2040-AC07	199604	0	1	(no row) -> rin='2040-AC07'; publication_id='199604'; ordinal=0; authority_text='42 USC 300/SDWA 1412'; authority_type='act_relative'; parse_status='corroborated'; usc_title=42; usc_section='300g-1'; act_key='safe drinking water act'; act_section='1412'; act_resolution_evidence='table3-classification'; usc_section_verdict='exists'; usc_section_attested_at_edition=True; corroboration_rule='second-authority-behind-a-slash:agency-roster-initialism'; authority_in_own_cfr_note='absent'; cfr_note_part='40 CFR 141'; authority_source='box'	42 USC 300/SDWA 1412
ADDED	2040-AC07	199610	0	1	(no row) -> rin='2040-AC07'; publication_id='199610'; ordinal=0; authority_text='42 USC 300/SDWA 1412'; authority_type='act_relative'; parse_status='corroborated'; usc_title=42; usc_section='300g-1'; act_key='safe drinking water act'; act_section='1412'; act_resolution_evidence='table3-classification'; usc_section_verdict='exists'; usc_section_attested_at_edition=True; corroboration_rule='second-authority-behind-a-slash:agency-roster-initialism'; authority_in_own_cfr_note='absent'; cfr_note_part='40 CFR 141'; authority_source='box'	42 USC 300/SDWA 1412
ADDED	2040-AC07	199704	0	1	(no row) -> rin='2040-AC07'; publication_id='199704'; ordinal=0; authority_text='42 USC 300/SDWA 1412'; authority_type='act_relative'; parse_status='corroborated'; usc_title=42; usc_section='300g-1'; act_key='safe drinking water act'; act_section='1412'; act_resolution_evidence='table3-classification'; usc_section_verdict='exists'; usc_section_attested_at_edition=True; corroboration_rule='second-authority-behind-a-slash:agency-roster-initialism'; authority_in_own_cfr_note='absent'; cfr_note_part='40 CFR 141'; authority_source='box'	42 USC 300/SDWA 1412
ADDED	2040-AC13	199510	0	1	(no row) -> rin='2040-AC13'; publication_id='199510'; ordinal=0; authority_text='42 USC 300/SDWA 1412'; authority_type='act_relative'; parse_status='corroborated'; usc_title=42; usc_section='300g-1'; act_key='safe drinking water act'; act_section='1412'; act_resolution_evidence='table3-classification'; usc_section_verdict='exists'; usc_section_attested_at_edition=True; corroboration_rule='second-authority-behind-a-slash:agency-roster-initialism'; authority_in_own_cfr_note='absent'; cfr_note_part='40 CFR 141'; authority_source='box'	42 USC 300/SDWA 1412
ADDED	2040-AC13	199604	0	1	(no row) -> rin='2040-AC13'; publication_id='199604'; ordinal=0; authority_text='42 USC 300/SDWA 1412'; authority_type='act_relative'; parse_status='corroborated'; usc_title=42; usc_section='300g-1'; act_key='safe drinking water act'; act_section='1412'; act_resolution_evidence='table3-classification'; usc_section_verdict='exists'; usc_section_attested_at_edition=True; corroboration_rule='second-authority-behind-a-slash:agency-roster-initialism'; authority_in_own_cfr_note='absent'; cfr_note_part='40 CFR 141'; authority_source='box'	42 USC 300/SDWA 1412
ADDED	2040-AC13	199610	0	1	(no row) -> rin='2040-AC13'; publication_id='199610'; ordinal=0; authority_text='42 USC 300/SDWA 1412'; authority_type='act_relative'; parse_status='corroborated'; usc_title=42; usc_section='300g-1'; act_key='safe drinking water act'; act_section='1412'; act_resolution_evidence='table3-classification'; usc_section_verdict='exists'; usc_section_attested_at_edition=True; corroboration_rule='second-authority-behind-a-slash:agency-roster-initialism'; authority_in_own_cfr_note='absent'; cfr_note_part='40 CFR 141'; authority_source='box'	42 USC 300/SDWA 1412
ADDED	2040-AC13	199704	0	1	(no row) -> rin='2040-AC13'; publication_id='199704'; ordinal=0; authority_text='42 USC 300/SDWA 1412'; authority_type='act_relative'; parse_status='corroborated'; usc_title=42; usc_section='300g-1'; act_key='safe drinking water act'; act_section='1412'; act_resolution_evidence='table3-classification'; usc_section_verdict='exists'; usc_section_attested_at_edition=True; corroboration_rule='second-authority-behind-a-slash:agency-roster-initialism'; authority_in_own_cfr_note='absent'; cfr_note_part='40 CFR 141'; authority_source='box'	42 USC 300/SDWA 1412
ADDED	2040-AC14	199510	0	1	(no row) -> rin='2040-AC14'; publication_id='199510'; ordinal=0; authority_text='33 USC 1344/CWA 404'; authority_type='act_relative'; parse_status='corroborated'; usc_title=33; usc_section='1344'; act_key='clean water act'; act_section='404'; act_resolution_evidence='table3-classification'; usc_section_verdict='exists'; usc_section_attested_at_edition=True; corroboration_rule='second-authority-behind-a-slash:agency-roster-initialism'; authority_in_own_cfr_note='absent'; cfr_note_part='40 CFR 230'; authority_source='box'	33 USC 1344/CWA 404
ADDED	2040-AC14	199604	0	1	(no row) -> rin='2040-AC14'; publication_id='199604'; ordinal=0; authority_text='33 USC 1344/CWA 404'; authority_type='act_relative'; parse_status='corroborated'; usc_title=33; usc_section='1344'; act_key='clean water act'; act_section='404'; act_resolution_evidence='table3-classification'; usc_section_verdict='exists'; usc_section_attested_at_edition=True; corroboration_rule='second-authority-behind-a-slash:agency-roster-initialism'; authority_in_own_cfr_note='absent'; cfr_note_part='40 CFR 230'; authority_source='box'	33 USC 1344/CWA 404
ADDED	2040-AC14	199610	0	1	(no row) -> rin='2040-AC14'; publication_id='199610'; ordinal=0; authority_text='33 USC 1344/CWA 404'; authority_type='act_relative'; parse_status='corroborated'; usc_title=33; usc_section='1344'; act_key='clean water act'; act_section='404'; act_resolution_evidence='table3-classification'; usc_section_verdict='exists'; usc_section_attested_at_edition=True; corroboration_rule='second-authority-behind-a-slash:agency-roster-initialism'; authority_in_own_cfr_note='absent'; cfr_note_part='40 CFR 230'; authority_source='box'	33 USC 1344/CWA 404
ADDED	2040-AC14	199704	0	1	(no row) -> rin='2040-AC14'; publication_id='199704'; ordinal=0; authority_text='33 USC 1344/CWA 404'; authority_type='act_relative'; parse_status='corroborated'; usc_title=33; usc_section='1344'; act_key='clean water act'; act_section='404'; act_resolution_evidence='table3-classification'; usc_section_verdict='exists'; usc_section_attested_at_edition=True; corroboration_rule='second-authority-behind-a-slash:agency-roster-initialism'; authority_in_own_cfr_note='absent'; cfr_note_part='40 CFR 230'; authority_source='box'	33 USC 1344/CWA 404
ADDED	2040-AC19	199510	0	1	(no row) -> rin='2040-AC19'; publication_id='199510'; ordinal=0; authority_text='42 USC 300/SDWA 1413'; authority_type='act_relative'; parse_status='corroborated'; usc_title=42; usc_section='300g-2'; act_key='safe drinking water act'; act_section='1413'; act_resolution_evidence='table3-classification'; usc_section_verdict='exists'; usc_section_attested_at_edition=True; corroboration_rule='second-authority-behind-a-slash:agency-roster-initialism'; authority_in_own_cfr_note='absent'; cfr_note_part='40 CFR 142'; authority_source='box'	42 USC 300/SDWA 1413
ADDED	2040-AC21	199510	0	1	(no row) -> rin='2040-AC21'; publication_id='199510'; ordinal=0; authority_text='33 USC 1311/CWA 301'; authority_type='act_relative'; parse_status='corroborated'; usc_title=33; usc_section='1311'; act_key='clean water act'; act_section='301'; act_resolution_evidence='table3-classification'; usc_section_verdict='exists'; usc_section_attested_at_edition=True; corroboration_rule='second-authority-behind-a-slash:agency-roster-initialism'; authority_in_own_cfr_note='absent'; cfr_note_part='40 CFR 455'; authority_source='box'	33 USC 1311/CWA 301
ADDED	2040-AC21	199510	1	1	(no row) -> rin='2040-AC21'; publication_id='199510'; ordinal=1; authority_text='33 USC 1314/CWA 304'; authority_type='act_relative'; parse_status='corroborated'; usc_title=33; usc_section='1314'; act_key='clean water act'; act_section='304'; act_resolution_evidence='table3-classification'; usc_section_verdict='exists'; usc_section_attested_at_edition=True; corroboration_rule='second-authority-behind-a-slash:agency-roster-initialism'; authority_in_own_cfr_note='absent'; cfr_note_part='40 CFR 455'; authority_source='box'	33 USC 1314/CWA 304
ADDED	2040-AC21	199510	2	1	(no row) -> rin='2040-AC21'; publication_id='199510'; ordinal=2; authority_text='33 USC 1316/CWA 306'; authority_type='act_relative'; parse_status='corroborated'; usc_title=33; usc_section='1316'; act_key='clean water act'; act_section='306'; act_resolution_evidence='table3-classification'; usc_section_verdict='exists'; usc_section_attested_at_edition=True; corroboration_rule='second-authority-behind-a-slash:agency-roster-initialism'; authority_in_own_cfr_note='absent'; cfr_note_part='40 CFR 455'; authority_source='box'	33 USC 1316/CWA 306
ADDED	2040-AC21	199510	3	1	(no row) -> rin='2040-AC21'; publication_id='199510'; ordinal=3; authority_text='33 USC 1317/CWA 307'; authority_type='act_relative'; parse_status='corroborated'; usc_title=33; usc_section='1317'; act_key='clean water act'; act_section='307'; act_resolution_evidence='table3-classification'; usc_section_verdict='exists'; usc_section_attested_at_edition=True; corroboration_rule='second-authority-behind-a-slash:agency-roster-initialism'; authority_in_own_cfr_note='absent'; cfr_note_part='40 CFR 455'; authority_source='box'	33 USC 1317/CWA 307
ADDED	2040-AC21	199510	4	1	(no row) -> rin='2040-AC21'; publication_id='199510'; ordinal=4; authority_text='33 USC 1361/CWA 501'; authority_type='act_relative'; parse_status='corroborated'; usc_title=33; usc_section='1361'; act_key='clean water act'; act_section='501'; act_resolution_evidence='table3-classification'; usc_section_verdict='exists'; usc_section_attested_at_edition=True; corroboration_rule='second-authority-behind-a-slash:agency-roster-initialism'; authority_in_own_cfr_note='absent'; cfr_note_part='40 CFR 455'; authority_source='box'	33 USC 1361/CWA 501
ADDED	2040-AC21	199604	0	1	(no row) -> rin='2040-AC21'; publication_id='199604'; ordinal=0; authority_text='33 USC 1311/CWA 301'; authority_type='act_relative'; parse_status='corroborated'; usc_title=33; usc_section='1311'; act_key='clean water act'; act_section='301'; act_resolution_evidence='table3-classification'; usc_section_verdict='exists'; usc_section_attested_at_edition=True; corroboration_rule='second-authority-behind-a-slash:agency-roster-initialism'; authority_in_own_cfr_note='absent'; cfr_note_part='40 CFR 455'; authority_source='box'	33 USC 1311/CWA 301
ADDED	2040-AC21	199604	1	1	(no row) -> rin='2040-AC21'; publication_id='199604'; ordinal=1; authority_text='33 USC 1314/CWA 304'; authority_type='act_relative'; parse_status='corroborated'; usc_title=33; usc_section='1314'; act_key='clean water act'; act_section='304'; act_resolution_evidence='table3-classification'; usc_section_verdict='exists'; usc_section_attested_at_edition=True; corroboration_rule='second-authority-behind-a-slash:agency-roster-initialism'; authority_in_own_cfr_note='absent'; cfr_note_part='40 CFR 455'; authority_source='box'	33 USC 1314/CWA 304
ADDED	2040-AC21	199604	2	1	(no row) -> rin='2040-AC21'; publication_id='199604'; ordinal=2; authority_text='33 USC 1316/CWA 306'; authority_type='act_relative'; parse_status='corroborated'; usc_title=33; usc_section='1316'; act_key='clean water act'; act_section='306'; act_resolution_evidence='table3-classification'; usc_section_verdict='exists'; usc_section_attested_at_edition=True; corroboration_rule='second-authority-behind-a-slash:agency-roster-initialism'; authority_in_own_cfr_note='absent'; cfr_note_part='40 CFR 455'; authority_source='box'	33 USC 1316/CWA 306
ADDED	2040-AC21	199604	3	1	(no row) -> rin='2040-AC21'; publication_id='199604'; ordinal=3; authority_text='33 USC 1317/CWA 307'; authority_type='act_relative'; parse_status='corroborated'; usc_title=33; usc_section='1317'; act_key='clean water act'; act_section='307'; act_resolution_evidence='table3-classification'; usc_section_verdict='exists'; usc_section_attested_at_edition=True; corroboration_rule='second-authority-behind-a-slash:agency-roster-initialism'; authority_in_own_cfr_note='absent'; cfr_note_part='40 CFR 455'; authority_source='box'	33 USC 1317/CWA 307
ADDED	2040-AC21	199604	4	1	(no row) -> rin='2040-AC21'; publication_id='199604'; ordinal=4; authority_text='33 USC 1361/CWA 501'; authority_type='act_relative'; parse_status='corroborated'; usc_title=33; usc_section='1361'; act_key='clean water act'; act_section='501'; act_resolution_evidence='table3-classification'; usc_section_verdict='exists'; usc_section_attested_at_edition=True; corroboration_rule='second-authority-behind-a-slash:agency-roster-initialism'; authority_in_own_cfr_note='absent'; cfr_note_part='40 CFR 455'; authority_source='box'	33 USC 1361/CWA 501
ADDED	2040-AC21	199610	0	1	(no row) -> rin='2040-AC21'; publication_id='199610'; ordinal=0; authority_text='33 USC 1311/CWA 301'; authority_type='act_relative'; parse_status='corroborated'; usc_title=33; usc_section='1311'; act_key='clean water act'; act_section='301'; act_resolution_evidence='table3-classification'; usc_section_verdict='exists'; usc_section_attested_at_edition=True; corroboration_rule='second-authority-behind-a-slash:agency-roster-initialism'; authority_in_own_cfr_note='absent'; cfr_note_part='40 CFR 455'; authority_source='box'	33 USC 1311/CWA 301
ADDED	2040-AC21	199610	1	1	(no row) -> rin='2040-AC21'; publication_id='199610'; ordinal=1; authority_text='33 USC 1314/CWA 304'; authority_type='act_relative'; parse_status='corroborated'; usc_title=33; usc_section='1314'; act_key='clean water act'; act_section='304'; act_resolution_evidence='table3-classification'; usc_section_verdict='exists'; usc_section_attested_at_edition=True; corroboration_rule='second-authority-behind-a-slash:agency-roster-initialism'; authority_in_own_cfr_note='absent'; cfr_note_part='40 CFR 455'; authority_source='box'	33 USC 1314/CWA 304
ADDED	2040-AC21	199610	2	1	(no row) -> rin='2040-AC21'; publication_id='199610'; ordinal=2; authority_text='33 USC 1316/CWA 306'; authority_type='act_relative'; parse_status='corroborated'; usc_title=33; usc_section='1316'; act_key='clean water act'; act_section='306'; act_resolution_evidence='table3-classification'; usc_section_verdict='exists'; usc_section_attested_at_edition=True; corroboration_rule='second-authority-behind-a-slash:agency-roster-initialism'; authority_in_own_cfr_note='absent'; cfr_note_part='40 CFR 455'; authority_source='box'	33 USC 1316/CWA 306
ADDED	2040-AC21	199610	3	1	(no row) -> rin='2040-AC21'; publication_id='199610'; ordinal=3; authority_text='33 USC 1317/CWA 307'; authority_type='act_relative'; parse_status='corroborated'; usc_title=33; usc_section='1317'; act_key='clean water act'; act_section='307'; act_resolution_evidence='table3-classification'; usc_section_verdict='exists'; usc_section_attested_at_edition=True; corroboration_rule='second-authority-behind-a-slash:agency-roster-initialism'; authority_in_own_cfr_note='absent'; cfr_note_part='40 CFR 455'; authority_source='box'	33 USC 1317/CWA 307
ADDED	2040-AC21	199610	4	1	(no row) -> rin='2040-AC21'; publication_id='199610'; ordinal=4; authority_text='33 USC 1361/CWA 501'; authority_type='act_relative'; parse_status='corroborated'; usc_title=33; usc_section='1361'; act_key='clean water act'; act_section='501'; act_resolution_evidence='table3-classification'; usc_section_verdict='exists'; usc_section_attested_at_edition=True; corroboration_rule='second-authority-behind-a-slash:agency-roster-initialism'; authority_in_own_cfr_note='absent'; cfr_note_part='40 CFR 455'; authority_source='box'	33 USC 1361/CWA 501
ADDED	2040-AC22	199510	0	1	(no row) -> rin='2040-AC22'; publication_id='199510'; ordinal=0; authority_text='42 USC 300/SDWA 1412'; authority_type='act_relative'; parse_status='corroborated'; usc_title=42; usc_section='300g-1'; act_key='safe drinking water act'; act_section='1412'; act_resolution_evidence='table3-classification'; usc_section_verdict='exists'; usc_section_attested_at_edition=True; corroboration_rule='second-authority-behind-a-slash:agency-roster-initialism'; authority_in_own_cfr_note='absent'; cfr_note_part='40 CFR 141'; authority_source='box'	42 USC 300/SDWA 1412
ADDED	2040-AC22	199604	0	1	(no row) -> rin='2040-AC22'; publication_id='199604'; ordinal=0; authority_text='42 USC 300/SDWA 1412'; authority_type='act_relative'; parse_status='corroborated'; usc_title=42; usc_section='300g-1'; act_key='safe drinking water act'; act_section='1412'; act_resolution_evidence='table3-classification'; usc_section_verdict='exists'; usc_section_attested_at_edition=True; corroboration_rule='second-authority-behind-a-slash:agency-roster-initialism'; authority_in_own_cfr_note='absent'; cfr_note_part='40 CFR 141'; authority_source='box'	42 USC 300/SDWA 1412
ADDED	2040-AC22	199610	0	1	(no row) -> rin='2040-AC22'; publication_id='199610'; ordinal=0; authority_text='42 USC 300/SDWA 1412'; authority_type='act_relative'; parse_status='corroborated'; usc_title=42; usc_section='300g-1'; act_key='safe drinking water act'; act_section='1412'; act_resolution_evidence='table3-classification'; usc_section_verdict='exists'; usc_section_attested_at_edition=True; corroboration_rule='second-authority-behind-a-slash:agency-roster-initialism'; authority_in_own_cfr_note='absent'; cfr_note_part='40 CFR 141'; authority_source='box'	42 USC 300/SDWA 1412
ADDED	2040-AC22	199704	0	1	(no row) -> rin='2040-AC22'; publication_id='199704'; ordinal=0; authority_text='42 USC 300/SDWA 1412'; authority_type='act_relative'; parse_status='corroborated'; usc_title=42; usc_section='300g-1'; act_key='safe drinking water act'; act_section='1412'; act_resolution_evidence='table3-classification'; usc_section_verdict='exists'; usc_section_attested_at_edition=True; corroboration_rule='second-authority-behind-a-slash:agency-roster-initialism'; authority_in_own_cfr_note='absent'; cfr_note_part='40 CFR 141'; authority_source='box'	42 USC 300/SDWA 1412
ADDED	2040-AC23	199510	0	1	(no row) -> rin='2040-AC23'; publication_id='199510'; ordinal=0; authority_text='33 USC 1311/CWA 301'; authority_type='act_relative'; parse_status='corroborated'; usc_title=33; usc_section='1311'; act_key='clean water act'; act_section='301'; act_resolution_evidence='table3-classification'; usc_section_verdict='exists'; usc_section_attested_at_edition=True; corroboration_rule='second-authority-behind-a-slash:agency-roster-initialism'; authority_in_own_cfr_note='absent'; cfr_note_part='40 CFR 437'; authority_source='box'	33 USC 1311/CWA 301
ADDED	2040-AC23	199510	1	1	(no row) -> rin='2040-AC23'; publication_id='199510'; ordinal=1; authority_text='33 USC 1314/CWA 304'; authority_type='act_relative'; parse_status='corroborated'; usc_title=33; usc_section='1314'; act_key='clean water act'; act_section='304'; act_resolution_evidence='table3-classification'; usc_section_verdict='exists'; usc_section_attested_at_edition=True; corroboration_rule='second-authority-behind-a-slash:agency-roster-initialism'; authority_in_own_cfr_note='absent'; cfr_note_part='40 CFR 437'; authority_source='box'	33 USC 1314/CWA 304
ADDED	2040-AC23	199510	2	1	(no row) -> rin='2040-AC23'; publication_id='199510'; ordinal=2; authority_text='33 USC 1316/CWA 306'; authority_type='act_relative'; parse_status='corroborated'; usc_title=33; usc_section='1316'; act_key='clean water act'; act_section='306'; act_resolution_evidence='table3-classification'; usc_section_verdict='exists'; usc_section_attested_at_edition=True; corroboration_rule='second-authority-behind-a-slash:agency-roster-initialism'; authority_in_own_cfr_note='absent'; cfr_note_part='40 CFR 437'; authority_source='box'	33 USC 1316/CWA 306
ADDED	2040-AC23	199510	3	1	(no row) -> rin='2040-AC23'; publication_id='199510'; ordinal=3; authority_text='33 USC 1317/CWA 307'; authority_type='act_relative'; parse_status='corroborated'; usc_title=33; usc_section='1317'; act_key='clean water act'; act_section='307'; act_resolution_evidence='table3-classification'; usc_section_verdict='exists'; usc_section_attested_at_edition=True; corroboration_rule='second-authority-behind-a-slash:agency-roster-initialism'; authority_in_own_cfr_note='absent'; cfr_note_part='40 CFR 437'; authority_source='box'	33 USC 1317/CWA 307
ADDED	2040-AC23	199510	4	1	(no row) -> rin='2040-AC23'; publication_id='199510'; ordinal=4; authority_text='33 USC 1361/CWA 501'; authority_type='act_relative'; parse_status='corroborated'; usc_title=33; usc_section='1361'; act_key='clean water act'; act_section='501'; act_resolution_evidence='table3-classification'; usc_section_verdict='exists'; usc_section_attested_at_edition=True; corroboration_rule='second-authority-behind-a-slash:agency-roster-initialism'; authority_in_own_cfr_note='absent'; cfr_note_part='40 CFR 437'; authority_source='box'	33 USC 1361/CWA 501
ADDED	2040-AC23	199604	0	1	(no row) -> rin='2040-AC23'; publication_id='199604'; ordinal=0; authority_text='33 USC 1311/CWA 301'; authority_type='act_relative'; parse_status='corroborated'; usc_title=33; usc_section='1311'; act_key='clean water act'; act_section='301'; act_resolution_evidence='table3-classification'; usc_section_verdict='exists'; usc_section_attested_at_edition=True; corroboration_rule='second-authority-behind-a-slash:agency-roster-initialism'; authority_in_own_cfr_note='absent'; cfr_note_part='40 CFR 437'; authority_source='box'	33 USC 1311/CWA 301
ADDED	2040-AC23	199604	1	1	(no row) -> rin='2040-AC23'; publication_id='199604'; ordinal=1; authority_text='33 USC 1314/CWA 304'; authority_type='act_relative'; parse_status='corroborated'; usc_title=33; usc_section='1314'; act_key='clean water act'; act_section='304'; act_resolution_evidence='table3-classification'; usc_section_verdict='exists'; usc_section_attested_at_edition=True; corroboration_rule='second-authority-behind-a-slash:agency-roster-initialism'; authority_in_own_cfr_note='absent'; cfr_note_part='40 CFR 437'; authority_source='box'	33 USC 1314/CWA 304
ADDED	2040-AC23	199604	2	1	(no row) -> rin='2040-AC23'; publication_id='199604'; ordinal=2; authority_text='33 USC 1316/CWA 306'; authority_type='act_relative'; parse_status='corroborated'; usc_title=33; usc_section='1316'; act_key='clean water act'; act_section='306'; act_resolution_evidence='table3-classification'; usc_section_verdict='exists'; usc_section_attested_at_edition=True; corroboration_rule='second-authority-behind-a-slash:agency-roster-initialism'; authority_in_own_cfr_note='absent'; cfr_note_part='40 CFR 437'; authority_source='box'	33 USC 1316/CWA 306
ADDED	2040-AC23	199604	3	1	(no row) -> rin='2040-AC23'; publication_id='199604'; ordinal=3; authority_text='33 USC 1317/CWA 307'; authority_type='act_relative'; parse_status='corroborated'; usc_title=33; usc_section='1317'; act_key='clean water act'; act_section='307'; act_resolution_evidence='table3-classification'; usc_section_verdict='exists'; usc_section_attested_at_edition=True; corroboration_rule='second-authority-behind-a-slash:agency-roster-initialism'; authority_in_own_cfr_note='absent'; cfr_note_part='40 CFR 437'; authority_source='box'	33 USC 1317/CWA 307
ADDED	2040-AC23	199604	4	1	(no row) -> rin='2040-AC23'; publication_id='199604'; ordinal=4; authority_text='33 USC 1361/CWA 501'; authority_type='act_relative'; parse_status='corroborated'; usc_title=33; usc_section='1361'; act_key='clean water act'; act_section='501'; act_resolution_evidence='table3-classification'; usc_section_verdict='exists'; usc_section_attested_at_edition=True; corroboration_rule='second-authority-behind-a-slash:agency-roster-initialism'; authority_in_own_cfr_note='absent'; cfr_note_part='40 CFR 437'; authority_source='box'	33 USC 1361/CWA 501
ADDED	2040-AC23	199610	0	1	(no row) -> rin='2040-AC23'; publication_id='199610'; ordinal=0; authority_text='33 USC 1311/CWA 301'; authority_type='act_relative'; parse_status='corroborated'; usc_title=33; usc_section='1311'; act_key='clean water act'; act_section='301'; act_resolution_evidence='table3-classification'; usc_section_verdict='exists'; usc_section_attested_at_edition=True; corroboration_rule='second-authority-behind-a-slash:agency-roster-initialism'; authority_in_own_cfr_note='absent'; cfr_note_part='40 CFR 437'; authority_source='box'	33 USC 1311/CWA 301
ADDED	2040-AC23	199610	1	1	(no row) -> rin='2040-AC23'; publication_id='199610'; ordinal=1; authority_text='33 USC 1314/CWA 304'; authority_type='act_relative'; parse_status='corroborated'; usc_title=33; usc_section='1314'; act_key='clean water act'; act_section='304'; act_resolution_evidence='table3-classification'; usc_section_verdict='exists'; usc_section_attested_at_edition=True; corroboration_rule='second-authority-behind-a-slash:agency-roster-initialism'; authority_in_own_cfr_note='absent'; cfr_note_part='40 CFR 437'; authority_source='box'	33 USC 1314/CWA 304
ADDED	2040-AC23	199610	2	1	(no row) -> rin='2040-AC23'; publication_id='199610'; ordinal=2; authority_text='33 USC 1316/CWA 306'; authority_type='act_relative'; parse_status='corroborated'; usc_title=33; usc_section='1316'; act_key='clean water act'; act_section='306'; act_resolution_evidence='table3-classification'; usc_section_verdict='exists'; usc_section_attested_at_edition=True; corroboration_rule='second-authority-behind-a-slash:agency-roster-initialism'; authority_in_own_cfr_note='absent'; cfr_note_part='40 CFR 437'; authority_source='box'	33 USC 1316/CWA 306
ADDED	2040-AC23	199610	3	1	(no row) -> rin='2040-AC23'; publication_id='199610'; ordinal=3; authority_text='33 USC 1317/CWA 307'; authority_type='act_relative'; parse_status='corroborated'; usc_title=33; usc_section='1317'; act_key='clean water act'; act_section='307'; act_resolution_evidence='table3-classification'; usc_section_verdict='exists'; usc_section_attested_at_edition=True; corroboration_rule='second-authority-behind-a-slash:agency-roster-initialism'; authority_in_own_cfr_note='absent'; cfr_note_part='40 CFR 437'; authority_source='box'	33 USC 1317/CWA 307
ADDED	2040-AC23	199610	4	1	(no row) -> rin='2040-AC23'; publication_id='199610'; ordinal=4; authority_text='33 USC 1361/CWA 501'; authority_type='act_relative'; parse_status='corroborated'; usc_title=33; usc_section='1361'; act_key='clean water act'; act_section='501'; act_resolution_evidence='table3-classification'; usc_section_verdict='exists'; usc_section_attested_at_edition=True; corroboration_rule='second-authority-behind-a-slash:agency-roster-initialism'; authority_in_own_cfr_note='absent'; cfr_note_part='40 CFR 437'; authority_source='box'	33 USC 1361/CWA 501
ADDED	2040-AC23	199704	0	1	(no row) -> rin='2040-AC23'; publication_id='199704'; ordinal=0; authority_text='33 USC 1311/CWA 301'; authority_type='act_relative'; parse_status='corroborated'; usc_title=33; usc_section='1311'; act_key='clean water act'; act_section='301'; act_resolution_evidence='table3-classification'; usc_section_verdict='exists'; usc_section_attested_at_edition=True; corroboration_rule='second-authority-behind-a-slash:agency-roster-initialism'; authority_in_own_cfr_note='absent'; cfr_note_part='40 CFR 437'; authority_source='box'	33 USC 1311/CWA 301
ADDED	2040-AC23	199704	1	1	(no row) -> rin='2040-AC23'; publication_id='199704'; ordinal=1; authority_text='33 USC 1314/CWA 304'; authority_type='act_relative'; parse_status='corroborated'; usc_title=33; usc_section='1314'; act_key='clean water act'; act_section='304'; act_resolution_evidence='table3-classification'; usc_section_verdict='exists'; usc_section_attested_at_edition=True; corroboration_rule='second-authority-behind-a-slash:agency-roster-initialism'; authority_in_own_cfr_note='absent'; cfr_note_part='40 CFR 437'; authority_source='box'	33 USC 1314/CWA 304
ADDED	2040-AC23	199704	2	1	(no row) -> rin='2040-AC23'; publication_id='199704'; ordinal=2; authority_text='33 USC 1316/CWA 306'; authority_type='act_relative'; parse_status='corroborated'; usc_title=33; usc_section='1316'; act_key='clean water act'; act_section='306'; act_resolution_evidence='table3-classification'; usc_section_verdict='exists'; usc_section_attested_at_edition=True; corroboration_rule='second-authority-behind-a-slash:agency-roster-initialism'; authority_in_own_cfr_note='absent'; cfr_note_part='40 CFR 437'; authority_source='box'	33 USC 1316/CWA 306
ADDED	2040-AC23	199704	3	1	(no row) -> rin='2040-AC23'; publication_id='199704'; ordinal=3; authority_text='33 USC 1317/CWA 307'; authority_type='act_relative'; parse_status='corroborated'; usc_title=33; usc_section='1317'; act_key='clean water act'; act_section='307'; act_resolution_evidence='table3-classification'; usc_section_verdict='exists'; usc_section_attested_at_edition=True; corroboration_rule='second-authority-behind-a-slash:agency-roster-initialism'; authority_in_own_cfr_note='absent'; cfr_note_part='40 CFR 437'; authority_source='box'	33 USC 1317/CWA 307
ADDED	2040-AC23	199704	4	1	(no row) -> rin='2040-AC23'; publication_id='199704'; ordinal=4; authority_text='33 USC 1361/CWA 501'; authority_type='act_relative'; parse_status='corroborated'; usc_title=33; usc_section='1361'; act_key='clean water act'; act_section='501'; act_resolution_evidence='table3-classification'; usc_section_verdict='exists'; usc_section_attested_at_edition=True; corroboration_rule='second-authority-behind-a-slash:agency-roster-initialism'; authority_in_own_cfr_note='absent'; cfr_note_part='40 CFR 437'; authority_source='box'	33 USC 1361/CWA 501
ADDED	2040-AC24	199510	0	1	(no row) -> rin='2040-AC24'; publication_id='199510'; ordinal=0; authority_text='42 USC 300/SDWA 1412'; authority_type='act_relative'; parse_status='corroborated'; usc_title=42; usc_section='300g-1'; act_key='safe drinking water act'; act_section='1412'; act_resolution_evidence='table3-classification'; usc_section_verdict='exists'; usc_section_attested_at_edition=True; corroboration_rule='second-authority-behind-a-slash:agency-roster-initialism'; authority_in_own_cfr_note='absent'; cfr_note_part='40 CFR 141'; authority_source='box'	42 USC 300/SDWA 1412
ADDED	2040-AC24	199604	0	1	(no row) -> rin='2040-AC24'; publication_id='199604'; ordinal=0; authority_text='42 USC 300g-1 /SDWA 1412'; authority_type='act_relative'; parse_status='corroborated'; usc_title=42; usc_section='300g-1'; act_key='safe drinking water act'; act_section='1412'; act_resolution_evidence='table3-classification'; usc_section_verdict='exists'; usc_section_attested_at_edition=True; corroboration_rule='second-authority-behind-a-slash:agency-roster-initialism'; authority_in_own_cfr_note='absent'; cfr_note_part='40 CFR 141'; authority_source='box'	42 USC 300g-1 /SDWA 1412
ADDED	2040-AC24	199610	0	1	(no row) -> rin='2040-AC24'; publication_id='199610'; ordinal=0; authority_text='42 USC 300g-1 /SDWA 1412'; authority_type='act_relative'; parse_status='corroborated'; usc_title=42; usc_section='300g-1'; act_key='safe drinking water act'; act_section='1412'; act_resolution_evidence='table3-classification'; usc_section_verdict='exists'; usc_section_attested_at_edition=True; corroboration_rule='second-authority-behind-a-slash:agency-roster-initialism'; authority_in_own_cfr_note='absent'; cfr_note_part='40 CFR 141'; authority_source='box'	42 USC 300g-1 /SDWA 1412
ADDED	2040-AC25	199510	0	1	(no row) -> rin='2040-AC25'; publication_id='199510'; ordinal=0; authority_text='33 USC 1251/CWA 101'; authority_type='act_relative'; parse_status='corroborated'; usc_title=33; usc_section='1251'; act_key='clean water act'; act_section='101'; act_resolution_evidence='table3-classification'; usc_section_verdict='exists'; usc_section_attested_at_edition=True; corroboration_rule='second-authority-behind-a-slash:agency-roster-initialism'; authority_in_own_cfr_note='present'; cfr_note_part='40 CFR 503'; authority_source='box'	33 USC 1251/CWA 101
ADDED	2040-AC25	199604	0	1	(no row) -> rin='2040-AC25'; publication_id='199604'; ordinal=0; authority_text='33 USC 1251/CWA 101'; authority_type='act_relative'; parse_status='corroborated'; usc_title=33; usc_section='1251'; act_key='clean water act'; act_section='101'; act_resolution_evidence='table3-classification'; usc_section_verdict='exists'; usc_section_attested_at_edition=True; corroboration_rule='second-authority-behind-a-slash:agency-roster-initialism'; authority_in_own_cfr_note='present'; cfr_note_part='40 CFR 503'; authority_source='box'	33 USC 1251/CWA 101
ADDED	2040-AC25	199610	0	1	(no row) -> rin='2040-AC25'; publication_id='199610'; ordinal=0; authority_text='33 USC 1251/CWA 101'; authority_type='act_relative'; parse_status='corroborated'; usc_title=33; usc_section='1251'; act_key='clean water act'; act_section='101'; act_resolution_evidence='table3-classification'; usc_section_verdict='exists'; usc_section_attested_at_edition=True; corroboration_rule='second-authority-behind-a-slash:agency-roster-initialism'; authority_in_own_cfr_note='present'; cfr_note_part='40 CFR 503'; authority_source='box'	33 USC 1251/CWA 101
ADDED	2040-AC25	199610	1	1	(no row) -> rin='2040-AC25'; publication_id='199610'; ordinal=1; authority_text='33 USC 1345/CWA 405'; authority_type='act_relative'; parse_status='corroborated'; usc_title=33; usc_section='1345'; act_key='clean water act'; act_section='405'; act_resolution_evidence='table3-classification'; usc_section_verdict='exists'; usc_section_attested_at_edition=True; corroboration_rule='second-authority-behind-a-slash:agency-roster-initialism'; authority_in_own_cfr_note='present'; cfr_note_part='40 CFR 503'; authority_source='box'	33 USC 1345/CWA 405
ADDED	2040-AC25	199704	0	1	(no row) -> rin='2040-AC25'; publication_id='199704'; ordinal=0; authority_text='33 USC 1251/CWA 101'; authority_type='act_relative'; parse_status='corroborated'; usc_title=33; usc_section='1251'; act_key='clean water act'; act_section='101'; act_resolution_evidence='table3-classification'; usc_section_verdict='exists'; usc_section_attested_at_edition=True; corroboration_rule='second-authority-behind-a-slash:agency-roster-initialism'; authority_in_own_cfr_note='present'; cfr_note_part='40 CFR 503'; authority_source='box'	33 USC 1251/CWA 101
ADDED	2040-AC25	199704	1	1	(no row) -> rin='2040-AC25'; publication_id='199704'; ordinal=1; authority_text='33 USC 1345/CWA 405'; authority_type='act_relative'; parse_status='corroborated'; usc_title=33; usc_section='1345'; act_key='clean water act'; act_section='405'; act_resolution_evidence='table3-classification'; usc_section_verdict='exists'; usc_section_attested_at_edition=True; corroboration_rule='second-authority-behind-a-slash:agency-roster-initialism'; authority_in_own_cfr_note='present'; cfr_note_part='40 CFR 503'; authority_source='box'	33 USC 1345/CWA 405
ADDED	2040-AC26	199510	0	1	(no row) -> rin='2040-AC26'; publication_id='199510'; ordinal=0; authority_text='33 USC 1342/CWA 402'; authority_type='act_relative'; parse_status='corroborated'; usc_title=33; usc_section='1342'; act_key='clean water act'; act_section='402'; act_resolution_evidence='table3-classification'; usc_section_verdict='exists'; usc_section_attested_at_edition=True; corroboration_rule='second-authority-behind-a-slash:agency-roster-initialism'; authority_in_own_cfr_note='present'; cfr_note_part='40 CFR 122'; authority_source='box'	33 USC 1342/CWA 402
ADDED	2040-AC26	199604	0	1	(no row) -> rin='2040-AC26'; publication_id='199604'; ordinal=0; authority_text='33 USC 1342/CWA 402'; authority_type='act_relative'; parse_status='corroborated'; usc_title=33; usc_section='1342'; act_key='clean water act'; act_section='402'; act_resolution_evidence='table3-classification'; usc_section_verdict='exists'; usc_section_attested_at_edition=True; corroboration_rule='second-authority-behind-a-slash:agency-roster-initialism'; authority_in_own_cfr_note='present'; cfr_note_part='40 CFR 122'; authority_source='box'	33 USC 1342/CWA 402
ADDED	2040-AC26	199610	0	1	(no row) -> rin='2040-AC26'; publication_id='199610'; ordinal=0; authority_text='33 USC 1342/CWA 402'; authority_type='act_relative'; parse_status='corroborated'; usc_title=33; usc_section='1342'; act_key='clean water act'; act_section='402'; act_resolution_evidence='table3-classification'; usc_section_verdict='exists'; usc_section_attested_at_edition=True; corroboration_rule='second-authority-behind-a-slash:agency-roster-initialism'; authority_in_own_cfr_note='present'; cfr_note_part='40 CFR 122'; authority_source='box'	33 USC 1342/CWA 402
ADDED	2040-AC26	199704	0	1	(no row) -> rin='2040-AC26'; publication_id='199704'; ordinal=0; authority_text='33 USC 1342/CWA 402'; authority_type='act_relative'; parse_status='corroborated'; usc_title=33; usc_section='1342'; act_key='clean water act'; act_section='402'; act_resolution_evidence='table3-classification'; usc_section_verdict='exists'; usc_section_attested_at_edition=True; corroboration_rule='second-authority-behind-a-slash:agency-roster-initialism'; authority_in_own_cfr_note='present'; cfr_note_part='40 CFR 122'; authority_source='box'	33 USC 1342/CWA 402
ADDED	2040-AC27	199510	0	1	(no row) -> rin='2040-AC27'; publication_id='199510'; ordinal=0; authority_text='42 USC 300/SDWA 1401'; authority_type='act_relative'; parse_status='corroborated'; usc_title=42; usc_section='300f'; act_key='safe drinking water act'; act_section='1401'; act_resolution_evidence='table3-classification'; usc_section_verdict='exists'; usc_section_attested_at_edition=True; corroboration_rule='second-authority-behind-a-slash:agency-roster-initialism'; authority_in_own_cfr_note='absent'; cfr_note_part='40 CFR 141'; authority_source='box'	42 USC 300/SDWA 1401
ADDED	2040-AC27	199604	0	1	(no row) -> rin='2040-AC27'; publication_id='199604'; ordinal=0; authority_text='42 USC 300g-1 /SDWA 1412'; authority_type='act_relative'; parse_status='corroborated'; usc_title=42; usc_section='300g-1'; act_key='safe drinking water act'; act_section='1412'; act_resolution_evidence='table3-classification'; usc_section_verdict='exists'; usc_section_attested_at_edition=True; corroboration_rule='second-authority-behind-a-slash:agency-roster-initialism'; authority_in_own_cfr_note='absent'; cfr_note_part='40 CFR 141'; authority_source='box'	42 USC 300g-1 /SDWA 1412
ADDED	2040-AC27	199610	0	1	(no row) -> rin='2040-AC27'; publication_id='199610'; ordinal=0; authority_text='42 USC 300g-1 /SDWA 1412'; authority_type='act_relative'; parse_status='corroborated'; usc_title=42; usc_section='300g-1'; act_key='safe drinking water act'; act_section='1412'; act_resolution_evidence='table3-classification'; usc_section_verdict='exists'; usc_section_attested_at_edition=True; corroboration_rule='second-authority-behind-a-slash:agency-roster-initialism'; authority_in_own_cfr_note='absent'; cfr_note_part='40 CFR 141'; authority_source='box'	42 USC 300g-1 /SDWA 1412
ADDED	2040-AC27	199704	0	1	(no row) -> rin='2040-AC27'; publication_id='199704'; ordinal=0; authority_text='42 USC 300g-1 /SDWA 1412'; authority_type='act_relative'; parse_status='corroborated'; usc_title=42; usc_section='300g-1'; act_key='safe drinking water act'; act_section='1412'; act_resolution_evidence='table3-classification'; usc_section_verdict='exists'; usc_section_attested_at_edition=True; corroboration_rule='second-authority-behind-a-slash:agency-roster-initialism'; authority_in_own_cfr_note='absent'; cfr_note_part='40 CFR 141'; authority_source='box'	42 USC 300g-1 /SDWA 1412
ADDED	2040-AC29	199604	0	1	(no row) -> rin='2040-AC29'; publication_id='199604'; ordinal=0; authority_text='33 USC 1251/CWA 101'; authority_type='act_relative'; parse_status='corroborated'; usc_title=33; usc_section='1251'; act_key='clean water act'; act_section='101'; act_resolution_evidence='table3-classification'; usc_section_verdict='exists'; usc_section_attested_at_edition=True; corroboration_rule='second-authority-behind-a-slash:agency-roster-initialism'; authority_in_own_cfr_note='present'; cfr_note_part='40 CFR 503'; authority_source='box'	33 USC 1251/CWA 101
ADDED	2040-AC29	199604	1	1	(no row) -> rin='2040-AC29'; publication_id='199604'; ordinal=1; authority_text='33 USC 1345/CWA 405'; authority_type='act_relative'; parse_status='corroborated'; usc_title=33; usc_section='1345'; act_key='clean water act'; act_section='405'; act_resolution_evidence='table3-classification'; usc_section_verdict='exists'; usc_section_attested_at_edition=True; corroboration_rule='second-authority-behind-a-slash:agency-roster-initialism'; authority_in_own_cfr_note='present'; cfr_note_part='40 CFR 503'; authority_source='box'	33 USC 1345/CWA 405
ADDED	2040-AC29	199610	0	1	(no row) -> rin='2040-AC29'; publication_id='199610'; ordinal=0; authority_text='33 USC 1251/CWA 101'; authority_type='act_relative'; parse_status='corroborated'; usc_title=33; usc_section='1251'; act_key='clean water act'; act_section='101'; act_resolution_evidence='table3-classification'; usc_section_verdict='exists'; usc_section_attested_at_edition=True; corroboration_rule='second-authority-behind-a-slash:agency-roster-initialism'; authority_in_own_cfr_note='present'; cfr_note_part='40 CFR 503'; authority_source='box'	33 USC 1251/CWA 101
ADDED	2040-AC29	199610	1	1	(no row) -> rin='2040-AC29'; publication_id='199610'; ordinal=1; authority_text='33 USC 1345/CWA 405'; authority_type='act_relative'; parse_status='corroborated'; usc_title=33; usc_section='1345'; act_key='clean water act'; act_section='405'; act_resolution_evidence='table3-classification'; usc_section_verdict='exists'; usc_section_attested_at_edition=True; corroboration_rule='second-authority-behind-a-slash:agency-roster-initialism'; authority_in_own_cfr_note='present'; cfr_note_part='40 CFR 503'; authority_source='box'	33 USC 1345/CWA 405
ADDED	2040-AC29	199704	0	1	(no row) -> rin='2040-AC29'; publication_id='199704'; ordinal=0; authority_text='33 USC 1251/CWA 101'; authority_type='act_relative'; parse_status='corroborated'; usc_title=33; usc_section='1251'; act_key='clean water act'; act_section='101'; act_resolution_evidence='table3-classification'; usc_section_verdict='exists'; usc_section_attested_at_edition=True; corroboration_rule='second-authority-behind-a-slash:agency-roster-initialism'; authority_in_own_cfr_note='present'; cfr_note_part='40 CFR 503'; authority_source='box'	33 USC 1251/CWA 101
ADDED	2040-AC29	199704	1	1	(no row) -> rin='2040-AC29'; publication_id='199704'; ordinal=1; authority_text='33 USC 1345/CWA 405'; authority_type='act_relative'; parse_status='corroborated'; usc_title=33; usc_section='1345'; act_key='clean water act'; act_section='405'; act_resolution_evidence='table3-classification'; usc_section_verdict='exists'; usc_section_attested_at_edition=True; corroboration_rule='second-authority-behind-a-slash:agency-roster-initialism'; authority_in_own_cfr_note='present'; cfr_note_part='40 CFR 503'; authority_source='box'	33 USC 1345/CWA 405
ADDED	2040-AC30	199510	0	1	(no row) -> rin='2040-AC30'; publication_id='199510'; ordinal=0; authority_text='33 USC 1311/CWA 301'; authority_type='act_relative'; parse_status='corroborated'; usc_title=33; usc_section='1311'; act_key='clean water act'; act_section='301'; act_resolution_evidence='table3-classification'; usc_section_verdict='exists'; usc_section_attested_at_edition=True; corroboration_rule='second-authority-behind-a-slash:agency-roster-initialism'; authority_in_own_cfr_note='absent'; cfr_note_part='40 CFR 438'; authority_source='box'	33 USC 1311/CWA 301
ADDED	2040-AC30	199510	1	1	(no row) -> rin='2040-AC30'; publication_id='199510'; ordinal=1; authority_text='33 USC 1314/CWA 304'; authority_type='act_relative'; parse_status='corroborated'; usc_title=33; usc_section='1314'; act_key='clean water act'; act_section='304'; act_resolution_evidence='table3-classification'; usc_section_verdict='exists'; usc_section_attested_at_edition=True; corroboration_rule='second-authority-behind-a-slash:agency-roster-initialism'; authority_in_own_cfr_note='absent'; cfr_note_part='40 CFR 438'; authority_source='box'	33 USC 1314/CWA 304
ADDED	2040-AC30	199510	2	1	(no row) -> rin='2040-AC30'; publication_id='199510'; ordinal=2; authority_text='33 USC 1316/CWA 306'; authority_type='act_relative'; parse_status='corroborated'; usc_title=33; usc_section='1316'; act_key='clean water act'; act_section='306'; act_resolution_evidence='table3-classification'; usc_section_verdict='exists'; usc_section_attested_at_edition=True; corroboration_rule='second-authority-behind-a-slash:agency-roster-initialism'; authority_in_own_cfr_note='absent'; cfr_note_part='40 CFR 438'; authority_source='box'	33 USC 1316/CWA 306
ADDED	2040-AC30	199510	3	1	(no row) -> rin='2040-AC30'; publication_id='199510'; ordinal=3; authority_text='33 USC 1317/CWA 307'; authority_type='act_relative'; parse_status='corroborated'; usc_title=33; usc_section='1317'; act_key='clean water act'; act_section='307'; act_resolution_evidence='table3-classification'; usc_section_verdict='exists'; usc_section_attested_at_edition=True; corroboration_rule='second-authority-behind-a-slash:agency-roster-initialism'; authority_in_own_cfr_note='absent'; cfr_note_part='40 CFR 438'; authority_source='box'	33 USC 1317/CWA 307
ADDED	2040-AC30	199510	4	1	(no row) -> rin='2040-AC30'; publication_id='199510'; ordinal=4; authority_text='33 USC 1361/CWA 501'; authority_type='act_relative'; parse_status='corroborated'; usc_title=33; usc_section='1361'; act_key='clean water act'; act_section='501'; act_resolution_evidence='table3-classification'; usc_section_verdict='exists'; usc_section_attested_at_edition=True; corroboration_rule='second-authority-behind-a-slash:agency-roster-initialism'; authority_in_own_cfr_note='absent'; cfr_note_part='40 CFR 438'; authority_source='box'	33 USC 1361/CWA 501
ADDED	2040-AC30	199604	0	1	(no row) -> rin='2040-AC30'; publication_id='199604'; ordinal=0; authority_text='33 USC 1311/CWA 301'; authority_type='act_relative'; parse_status='corroborated'; usc_title=33; usc_section='1311'; act_key='clean water act'; act_section='301'; act_resolution_evidence='table3-classification'; usc_section_verdict='exists'; usc_section_attested_at_edition=True; corroboration_rule='second-authority-behind-a-slash:agency-roster-initialism'; authority_in_own_cfr_note='absent'; cfr_note_part='40 CFR 438'; authority_source='box'	33 USC 1311/CWA 301
ADDED	2040-AC30	199604	1	1	(no row) -> rin='2040-AC30'; publication_id='199604'; ordinal=1; authority_text='33 USC 1314/CWA 304'; authority_type='act_relative'; parse_status='corroborated'; usc_title=33; usc_section='1314'; act_key='clean water act'; act_section='304'; act_resolution_evidence='table3-classification'; usc_section_verdict='exists'; usc_section_attested_at_edition=True; corroboration_rule='second-authority-behind-a-slash:agency-roster-initialism'; authority_in_own_cfr_note='absent'; cfr_note_part='40 CFR 438'; authority_source='box'	33 USC 1314/CWA 304
ADDED	2040-AC30	199604	2	1	(no row) -> rin='2040-AC30'; publication_id='199604'; ordinal=2; authority_text='33 USC 1316/CWA 306'; authority_type='act_relative'; parse_status='corroborated'; usc_title=33; usc_section='1316'; act_key='clean water act'; act_section='306'; act_resolution_evidence='table3-classification'; usc_section_verdict='exists'; usc_section_attested_at_edition=True; corroboration_rule='second-authority-behind-a-slash:agency-roster-initialism'; authority_in_own_cfr_note='absent'; cfr_note_part='40 CFR 438'; authority_source='box'	33 USC 1316/CWA 306
ADDED	2040-AC30	199604	3	1	(no row) -> rin='2040-AC30'; publication_id='199604'; ordinal=3; authority_text='33 USC 1317/CWA 307'; authority_type='act_relative'; parse_status='corroborated'; usc_title=33; usc_section='1317'; act_key='clean water act'; act_section='307'; act_resolution_evidence='table3-classification'; usc_section_verdict='exists'; usc_section_attested_at_edition=True; corroboration_rule='second-authority-behind-a-slash:agency-roster-initialism'; authority_in_own_cfr_note='absent'; cfr_note_part='40 CFR 438'; authority_source='box'	33 USC 1317/CWA 307
ADDED	2040-AC30	199604	4	1	(no row) -> rin='2040-AC30'; publication_id='199604'; ordinal=4; authority_text='33 USC 1361/CWA 501'; authority_type='act_relative'; parse_status='corroborated'; usc_title=33; usc_section='1361'; act_key='clean water act'; act_section='501'; act_resolution_evidence='table3-classification'; usc_section_verdict='exists'; usc_section_attested_at_edition=True; corroboration_rule='second-authority-behind-a-slash:agency-roster-initialism'; authority_in_own_cfr_note='absent'; cfr_note_part='40 CFR 438'; authority_source='box'	33 USC 1361/CWA 501
ADDED	2040-AC30	199610	0	1	(no row) -> rin='2040-AC30'; publication_id='199610'; ordinal=0; authority_text='33 USC 1311/CWA 301'; authority_type='act_relative'; parse_status='corroborated'; usc_title=33; usc_section='1311'; act_key='clean water act'; act_section='301'; act_resolution_evidence='table3-classification'; usc_section_verdict='exists'; usc_section_attested_at_edition=True; corroboration_rule='second-authority-behind-a-slash:agency-roster-initialism'; authority_in_own_cfr_note='absent'; cfr_note_part='40 CFR 438'; authority_source='box'	33 USC 1311/CWA 301
ADDED	2040-AC30	199610	1	1	(no row) -> rin='2040-AC30'; publication_id='199610'; ordinal=1; authority_text='33 USC 1314/CWA 304'; authority_type='act_relative'; parse_status='corroborated'; usc_title=33; usc_section='1314'; act_key='clean water act'; act_section='304'; act_resolution_evidence='table3-classification'; usc_section_verdict='exists'; usc_section_attested_at_edition=True; corroboration_rule='second-authority-behind-a-slash:agency-roster-initialism'; authority_in_own_cfr_note='absent'; cfr_note_part='40 CFR 438'; authority_source='box'	33 USC 1314/CWA 304
ADDED	2040-AC30	199610	2	1	(no row) -> rin='2040-AC30'; publication_id='199610'; ordinal=2; authority_text='33 USC 1316/CWA 306'; authority_type='act_relative'; parse_status='corroborated'; usc_title=33; usc_section='1316'; act_key='clean water act'; act_section='306'; act_resolution_evidence='table3-classification'; usc_section_verdict='exists'; usc_section_attested_at_edition=True; corroboration_rule='second-authority-behind-a-slash:agency-roster-initialism'; authority_in_own_cfr_note='absent'; cfr_note_part='40 CFR 438'; authority_source='box'	33 USC 1316/CWA 306
ADDED	2040-AC30	199610	3	1	(no row) -> rin='2040-AC30'; publication_id='199610'; ordinal=3; authority_text='33 USC 1317/CWA 307'; authority_type='act_relative'; parse_status='corroborated'; usc_title=33; usc_section='1317'; act_key='clean water act'; act_section='307'; act_resolution_evidence='table3-classification'; usc_section_verdict='exists'; usc_section_attested_at_edition=True; corroboration_rule='second-authority-behind-a-slash:agency-roster-initialism'; authority_in_own_cfr_note='absent'; cfr_note_part='40 CFR 438'; authority_source='box'	33 USC 1317/CWA 307
ADDED	2040-AC30	199610	4	1	(no row) -> rin='2040-AC30'; publication_id='199610'; ordinal=4; authority_text='33 USC 1361/CWA 501'; authority_type='act_relative'; parse_status='corroborated'; usc_title=33; usc_section='1361'; act_key='clean water act'; act_section='501'; act_resolution_evidence='table3-classification'; usc_section_verdict='exists'; usc_section_attested_at_edition=True; corroboration_rule='second-authority-behind-a-slash:agency-roster-initialism'; authority_in_own_cfr_note='absent'; cfr_note_part='40 CFR 438'; authority_source='box'	33 USC 1361/CWA 501
ADDED	2040-AC30	199704	0	1	(no row) -> rin='2040-AC30'; publication_id='199704'; ordinal=0; authority_text='33 USC 1311/CWA 301'; authority_type='act_relative'; parse_status='corroborated'; usc_title=33; usc_section='1311'; act_key='clean water act'; act_section='301'; act_resolution_evidence='table3-classification'; usc_section_verdict='exists'; usc_section_attested_at_edition=True; corroboration_rule='second-authority-behind-a-slash:agency-roster-initialism'; authority_in_own_cfr_note='absent'; cfr_note_part='40 CFR 438'; authority_source='box'	33 USC 1311/CWA 301
ADDED	2040-AC30	199704	1	1	(no row) -> rin='2040-AC30'; publication_id='199704'; ordinal=1; authority_text='33 USC 1314/CWA 304'; authority_type='act_relative'; parse_status='corroborated'; usc_title=33; usc_section='1314'; act_key='clean water act'; act_section='304'; act_resolution_evidence='table3-classification'; usc_section_verdict='exists'; usc_section_attested_at_edition=True; corroboration_rule='second-authority-behind-a-slash:agency-roster-initialism'; authority_in_own_cfr_note='absent'; cfr_note_part='40 CFR 438'; authority_source='box'	33 USC 1314/CWA 304
ADDED	2040-AC30	199704	2	1	(no row) -> rin='2040-AC30'; publication_id='199704'; ordinal=2; authority_text='33 USC 1316/CWA 306'; authority_type='act_relative'; parse_status='corroborated'; usc_title=33; usc_section='1316'; act_key='clean water act'; act_section='306'; act_resolution_evidence='table3-classification'; usc_section_verdict='exists'; usc_section_attested_at_edition=True; corroboration_rule='second-authority-behind-a-slash:agency-roster-initialism'; authority_in_own_cfr_note='absent'; cfr_note_part='40 CFR 438'; authority_source='box'	33 USC 1316/CWA 306
ADDED	2040-AC30	199704	3	1	(no row) -> rin='2040-AC30'; publication_id='199704'; ordinal=3; authority_text='33 USC 1317/CWA 307'; authority_type='act_relative'; parse_status='corroborated'; usc_title=33; usc_section='1317'; act_key='clean water act'; act_section='307'; act_resolution_evidence='table3-classification'; usc_section_verdict='exists'; usc_section_attested_at_edition=True; corroboration_rule='second-authority-behind-a-slash:agency-roster-initialism'; authority_in_own_cfr_note='absent'; cfr_note_part='40 CFR 438'; authority_source='box'	33 USC 1317/CWA 307
ADDED	2040-AC30	199704	4	1	(no row) -> rin='2040-AC30'; publication_id='199704'; ordinal=4; authority_text='33 USC 1361/CWA 501'; authority_type='act_relative'; parse_status='corroborated'; usc_title=33; usc_section='1361'; act_key='clean water act'; act_section='501'; act_resolution_evidence='table3-classification'; usc_section_verdict='exists'; usc_section_attested_at_edition=True; corroboration_rule='second-authority-behind-a-slash:agency-roster-initialism'; authority_in_own_cfr_note='absent'; cfr_note_part='40 CFR 438'; authority_source='box'	33 USC 1361/CWA 501
ADDED	2040-AC34	199510	0	1	(no row) -> rin='2040-AC34'; publication_id='199510'; ordinal=0; authority_text='33 USC 1251 to 1387/CWA 101 to 607'; authority_type='act_relative'; parse_status='corroborated'; act_key='clean water act'; act_section='101-607'; act_resolution_reason='act_section_not_classified'; corroboration_rule='second-authority-behind-a-slash:agency-roster-initialism'; authority_in_own_cfr_note='present'; cfr_note_part='40 CFR 125'; authority_source='box'	33 USC 1251 to 1387/CWA 101 to 607
ADDED	2040-AC34	199604	0	1	(no row) -> rin='2040-AC34'; publication_id='199604'; ordinal=0; authority_text='33 USC 1251 to 1387/CWA 101 to 607'; authority_type='act_relative'; parse_status='corroborated'; act_key='clean water act'; act_section='101-607'; act_resolution_reason='act_section_not_classified'; corroboration_rule='second-authority-behind-a-slash:agency-roster-initialism'; authority_in_own_cfr_note='present'; cfr_note_part='40 CFR 125'; authority_source='box'	33 USC 1251 to 1387/CWA 101 to 607
ADDED	2040-AC34	199610	0	1	(no row) -> rin='2040-AC34'; publication_id='199610'; ordinal=0; authority_text='33 USC 1251 to 1387/CWA 101 to 607'; authority_type='act_relative'; parse_status='corroborated'; act_key='clean water act'; act_section='101-607'; act_resolution_reason='act_section_not_classified'; corroboration_rule='second-authority-behind-a-slash:agency-roster-initialism'; authority_in_own_cfr_note='present'; cfr_note_part='40 CFR 125'; authority_source='box'	33 USC 1251 to 1387/CWA 101 to 607
ADDED	2040-AC34	199704	0	1	(no row) -> rin='2040-AC34'; publication_id='199704'; ordinal=0; authority_text='33 USC 1251 to 1387/CWA 101 to 607'; authority_type='act_relative'; parse_status='corroborated'; act_key='clean water act'; act_section='101-607'; act_resolution_reason='act_section_not_classified'; corroboration_rule='second-authority-behind-a-slash:agency-roster-initialism'; authority_in_own_cfr_note='present'; cfr_note_part='40 CFR 125'; authority_source='box'	33 USC 1251 to 1387/CWA 101 to 607
ADDED	2040-AC37	199510	0	1	(no row) -> rin='2040-AC37'; publication_id='199510'; ordinal=0; authority_text='33 USC 1251/CWA 303'; authority_type='act_relative'; parse_status='corroborated'; usc_title=33; usc_section='1313'; act_key='clean water act'; act_section='303'; act_resolution_evidence='table3-classification'; usc_section_verdict='exists'; usc_section_attested_at_edition=True; corroboration_rule='second-authority-behind-a-slash:agency-roster-initialism'; authority_in_own_cfr_note='absent'; cfr_note_part='40 CFR 131'; authority_source='box'	33 USC 1251/CWA 303
ADDED	2040-AC41	199510	0	1	(no row) -> rin='2040-AC41'; publication_id='199510'; ordinal=0; authority_text='42 USC 300/SDWA 1412'; authority_type='act_relative'; parse_status='corroborated'; usc_title=42; usc_section='300g-1'; act_key='safe drinking water act'; act_section='1412'; act_resolution_evidence='table3-classification'; usc_section_verdict='exists'; usc_section_attested_at_edition=True; corroboration_rule='second-authority-behind-a-slash:agency-roster-initialism'; authority_in_own_cfr_note='absent'; cfr_note_part='40 CFR 141'; authority_source='box'	42 USC 300/SDWA 1412
ADDED	2040-AC41	199604	0	1	(no row) -> rin='2040-AC41'; publication_id='199604'; ordinal=0; authority_text='42 USC 300g-1 /SDWA 1412'; authority_type='act_relative'; parse_status='corroborated'; usc_title=42; usc_section='300g-1'; act_key='safe drinking water act'; act_section='1412'; act_resolution_evidence='table3-classification'; usc_section_verdict='exists'; usc_section_attested_at_edition=True; corroboration_rule='second-authority-behind-a-slash:agency-roster-initialism'; authority_in_own_cfr_note='absent'; cfr_note_part='40 CFR 141'; authority_source='box'	42 USC 300g-1 /SDWA 1412
ADDED	2040-AC41	199610	0	1	(no row) -> rin='2040-AC41'; publication_id='199610'; ordinal=0; authority_text='42 USC 300g-1 /SDWA 1412'; authority_type='act_relative'; parse_status='corroborated'; usc_title=42; usc_section='300g-1'; act_key='safe drinking water act'; act_section='1412'; act_resolution_evidence='table3-classification'; usc_section_verdict='exists'; usc_section_attested_at_edition=True; corroboration_rule='second-authority-behind-a-slash:agency-roster-initialism'; authority_in_own_cfr_note='absent'; cfr_note_part='40 CFR 141'; authority_source='box'	42 USC 300g-1 /SDWA 1412
ADDED	2040-AC41	199704	0	1	(no row) -> rin='2040-AC41'; publication_id='199704'; ordinal=0; authority_text='42 USC 300g-1 /SDWA 1412'; authority_type='act_relative'; parse_status='corroborated'; usc_title=42; usc_section='300g-1'; act_key='safe drinking water act'; act_section='1412'; act_resolution_evidence='table3-classification'; usc_section_verdict='exists'; usc_section_attested_at_edition=True; corroboration_rule='second-authority-behind-a-slash:agency-roster-initialism'; authority_in_own_cfr_note='absent'; cfr_note_part='40 CFR 141'; authority_source='box'	42 USC 300g-1 /SDWA 1412
ADDED	2040-AC43	199510	0	1	(no row) -> rin='2040-AC43'; publication_id='199510'; ordinal=0; authority_text='33 USC 1251/CWA 303'; authority_type='act_relative'; parse_status='corroborated'; usc_title=33; usc_section='1313'; act_key='clean water act'; act_section='303'; act_resolution_evidence='table3-classification'; usc_section_verdict='exists'; usc_section_attested_at_edition=True; corroboration_rule='second-authority-behind-a-slash:agency-roster-initialism'; authority_in_own_cfr_note='present'; cfr_note_part='40 CFR 123'; authority_source='box'	33 USC 1251/CWA 303
ADDED	2040-AC43	199604	0	1	(no row) -> rin='2040-AC43'; publication_id='199604'; ordinal=0; authority_text='33 USC 1251/CWA 101'; authority_type='act_relative'; parse_status='corroborated'; usc_title=33; usc_section='1251'; act_key='clean water act'; act_section='101'; act_resolution_evidence='table3-classification'; usc_section_verdict='exists'; usc_section_attested_at_edition=True; corroboration_rule='second-authority-behind-a-slash:agency-roster-initialism'; authority_in_own_cfr_note='present'; cfr_note_part='40 CFR 123'; authority_source='box'	33 USC 1251/CWA 101
ADDED	2040-AC43	199604	1	1	(no row) -> rin='2040-AC43'; publication_id='199604'; ordinal=1; authority_text='33 USC 1341/CWA 402'; authority_type='act_relative'; parse_status='corroborated'; usc_title=33; usc_section='1342'; act_key='clean water act'; act_section='402'; act_resolution_evidence='table3-classification'; usc_section_verdict='exists'; usc_section_attested_at_edition=True; corroboration_rule='second-authority-behind-a-slash:agency-roster-initialism'; authority_in_own_cfr_note='present'; cfr_note_part='40 CFR 123'; authority_source='box'	33 USC 1341/CWA 402
ADDED	2040-AC43	199610	0	1	(no row) -> rin='2040-AC43'; publication_id='199610'; ordinal=0; authority_text='33 USC 1251/CWA 101'; authority_type='act_relative'; parse_status='corroborated'; usc_title=33; usc_section='1251'; act_key='clean water act'; act_section='101'; act_resolution_evidence='table3-classification'; usc_section_verdict='exists'; usc_section_attested_at_edition=True; corroboration_rule='second-authority-behind-a-slash:agency-roster-initialism'; authority_in_own_cfr_note='present'; cfr_note_part='40 CFR 123'; authority_source='box'	33 USC 1251/CWA 101
ADDED	2040-AC43	199610	1	1	(no row) -> rin='2040-AC43'; publication_id='199610'; ordinal=1; authority_text='33 USC 1341/CWA 402'; authority_type='act_relative'; parse_status='corroborated'; usc_title=33; usc_section='1342'; act_key='clean water act'; act_section='402'; act_resolution_evidence='table3-classification'; usc_section_verdict='exists'; usc_section_attested_at_edition=True; corroboration_rule='second-authority-behind-a-slash:agency-roster-initialism'; authority_in_own_cfr_note='present'; cfr_note_part='40 CFR 123'; authority_source='box'	33 USC 1341/CWA 402
ADDED	2040-AC44	199604	0	1	(no row) -> rin='2040-AC44'; publication_id='199604'; ordinal=0; authority_text='33 USC 1251/CWA 101'; authority_type='act_relative'; parse_status='corroborated'; usc_title=33; usc_section='1251'; act_key='clean water act'; act_section='101'; act_resolution_evidence='table3-classification'; usc_section_verdict='exists'; usc_section_attested_at_edition=True; corroboration_rule='second-authority-behind-a-slash:agency-roster-initialism'; authority_in_own_cfr_note='absent'; cfr_note_part='40 CFR 131'; authority_source='box'	33 USC 1251/CWA 101
ADDED	2040-AC44	199604	1	1	(no row) -> rin='2040-AC44'; publication_id='199604'; ordinal=1; authority_text='33 USC 1313/CWA 303'; authority_type='act_relative'; parse_status='corroborated'; usc_title=33; usc_section='1313'; act_key='clean water act'; act_section='303'; act_resolution_evidence='table3-classification'; usc_section_verdict='exists'; usc_section_attested_at_edition=True; corroboration_rule='second-authority-behind-a-slash:agency-roster-initialism'; authority_in_own_cfr_note='absent'; cfr_note_part='40 CFR 131'; authority_source='box'	33 USC 1313/CWA 303
ADDED	2040-AC44	199610	0	1	(no row) -> rin='2040-AC44'; publication_id='199610'; ordinal=0; authority_text='33 USC 1251/CWA 101'; authority_type='act_relative'; parse_status='corroborated'; usc_title=33; usc_section='1251'; act_key='clean water act'; act_section='101'; act_resolution_evidence='table3-classification'; usc_section_verdict='exists'; usc_section_attested_at_edition=True; corroboration_rule='second-authority-behind-a-slash:agency-roster-initialism'; authority_in_own_cfr_note='absent'; cfr_note_part='40 CFR 131'; authority_source='box'	33 USC 1251/CWA 101
ADDED	2040-AC44	199610	1	1	(no row) -> rin='2040-AC44'; publication_id='199610'; ordinal=1; authority_text='33 USC 1313/CWA 303'; authority_type='act_relative'; parse_status='corroborated'; usc_title=33; usc_section='1313'; act_key='clean water act'; act_section='303'; act_resolution_evidence='table3-classification'; usc_section_verdict='exists'; usc_section_attested_at_edition=True; corroboration_rule='second-authority-behind-a-slash:agency-roster-initialism'; authority_in_own_cfr_note='absent'; cfr_note_part='40 CFR 131'; authority_source='box'	33 USC 1313/CWA 303
ADDED	2040-AC44	199704	0	1	(no row) -> rin='2040-AC44'; publication_id='199704'; ordinal=0; authority_text='33 USC 1313/CWA 303'; authority_type='act_relative'; parse_status='corroborated'; usc_title=33; usc_section='1313'; act_key='clean water act'; act_section='303'; act_resolution_evidence='table3-classification'; usc_section_verdict='exists'; usc_section_attested_at_edition=True; corroboration_rule='second-authority-behind-a-slash:agency-roster-initialism'; authority_in_own_cfr_note='absent'; cfr_note_part='40 CFR 131'; authority_source='box'	33 USC 1313/CWA 303
ADDED	2040-AC44	199710	0	1	(no row) -> rin='2040-AC44'; publication_id='199710'; ordinal=0; authority_text='33 USC 1313/CWA 303'; authority_type='act_relative'; parse_status='corroborated'; usc_title=33; usc_section='1313'; act_key='clean water act'; act_section='303'; act_resolution_evidence='table3-classification'; usc_section_verdict='exists'; usc_section_attested_at_edition=True; corroboration_rule='second-authority-behind-a-slash:agency-roster-initialism'; authority_in_own_cfr_note='absent'; cfr_note_part='40 CFR 131'; authority_source='box'	33 USC 1313/CWA 303
ADDED	2040-AC46	199510	0	1	(no row) -> rin='2040-AC46'; publication_id='199510'; ordinal=0; authority_text='33 USC 1345/CWA 405'; authority_type='act_relative'; parse_status='corroborated'; usc_title=33; usc_section='1345'; act_key='clean water act'; act_section='405'; act_resolution_evidence='table3-classification'; usc_section_verdict='exists'; usc_section_attested_at_edition=True; corroboration_rule='second-authority-behind-a-slash:agency-roster-initialism'; authority_in_own_cfr_note='present'; cfr_note_part='40 CFR 503'; authority_source='box'	33 USC 1345/CWA 405
ADDED	2040-AC48	199510	0	1	(no row) -> rin='2040-AC48'; publication_id='199510'; ordinal=0; authority_text='33 USC 1311/CWA 301'; authority_type='act_relative'; parse_status='corroborated'; usc_title=33; usc_section='1311'; act_key='clean water act'; act_section='301'; act_resolution_evidence='table3-classification'; usc_section_verdict='exists'; usc_section_attested_at_edition=True; corroboration_rule='second-authority-behind-a-slash:agency-roster-initialism'; authority_in_own_cfr_note='absent'; cfr_note_part='40 CFR 425'; authority_source='box'	33 USC 1311/CWA 301
ADDED	2040-AC48	199510	1	1	(no row) -> rin='2040-AC48'; publication_id='199510'; ordinal=1; authority_text='33 USC 1314/CWA 304'; authority_type='act_relative'; parse_status='corroborated'; usc_title=33; usc_section='1314'; act_key='clean water act'; act_section='304'; act_resolution_evidence='table3-classification'; usc_section_verdict='exists'; usc_section_attested_at_edition=True; corroboration_rule='second-authority-behind-a-slash:agency-roster-initialism'; authority_in_own_cfr_note='absent'; cfr_note_part='40 CFR 425'; authority_source='box'	33 USC 1314/CWA 304
ADDED	2040-AC48	199510	2	1	(no row) -> rin='2040-AC48'; publication_id='199510'; ordinal=2; authority_text='33 USC 1316/CWA 306'; authority_type='act_relative'; parse_status='corroborated'; usc_title=33; usc_section='1316'; act_key='clean water act'; act_section='306'; act_resolution_evidence='table3-classification'; usc_section_verdict='exists'; usc_section_attested_at_edition=True; corroboration_rule='second-authority-behind-a-slash:agency-roster-initialism'; authority_in_own_cfr_note='absent'; cfr_note_part='40 CFR 425'; authority_source='box'	33 USC 1316/CWA 306
ADDED	2040-AC48	199510	3	1	(no row) -> rin='2040-AC48'; publication_id='199510'; ordinal=3; authority_text='33 USC 1317/CWA 307'; authority_type='act_relative'; parse_status='corroborated'; usc_title=33; usc_section='1317'; act_key='clean water act'; act_section='307'; act_resolution_evidence='table3-classification'; usc_section_verdict='exists'; usc_section_attested_at_edition=True; corroboration_rule='second-authority-behind-a-slash:agency-roster-initialism'; authority_in_own_cfr_note='absent'; cfr_note_part='40 CFR 425'; authority_source='box'	33 USC 1317/CWA 307
ADDED	2040-AC48	199510	4	1	(no row) -> rin='2040-AC48'; publication_id='199510'; ordinal=4; authority_text='33 USC 1361/CWA 501'; authority_type='act_relative'; parse_status='corroborated'; usc_title=33; usc_section='1361'; act_key='clean water act'; act_section='501'; act_resolution_evidence='table3-classification'; usc_section_verdict='exists'; usc_section_attested_at_edition=True; corroboration_rule='second-authority-behind-a-slash:agency-roster-initialism'; authority_in_own_cfr_note='absent'; cfr_note_part='40 CFR 425'; authority_source='box'	33 USC 1361/CWA 501
ADDED	2040-AC48	199604	0	1	(no row) -> rin='2040-AC48'; publication_id='199604'; ordinal=0; authority_text='33 USC 1311/CWA 301'; authority_type='act_relative'; parse_status='corroborated'; usc_title=33; usc_section='1311'; act_key='clean water act'; act_section='301'; act_resolution_evidence='table3-classification'; usc_section_verdict='exists'; usc_section_attested_at_edition=True; corroboration_rule='second-authority-behind-a-slash:agency-roster-initialism'; authority_in_own_cfr_note='absent'; cfr_note_part='40 CFR 425'; authority_source='box'	33 USC 1311/CWA 301
ADDED	2040-AC48	199604	1	1	(no row) -> rin='2040-AC48'; publication_id='199604'; ordinal=1; authority_text='33 USC 1314/CWA 304'; authority_type='act_relative'; parse_status='corroborated'; usc_title=33; usc_section='1314'; act_key='clean water act'; act_section='304'; act_resolution_evidence='table3-classification'; usc_section_verdict='exists'; usc_section_attested_at_edition=True; corroboration_rule='second-authority-behind-a-slash:agency-roster-initialism'; authority_in_own_cfr_note='absent'; cfr_note_part='40 CFR 425'; authority_source='box'	33 USC 1314/CWA 304
ADDED	2040-AC48	199604	2	1	(no row) -> rin='2040-AC48'; publication_id='199604'; ordinal=2; authority_text='33 USC 1316/CWA 306'; authority_type='act_relative'; parse_status='corroborated'; usc_title=33; usc_section='1316'; act_key='clean water act'; act_section='306'; act_resolution_evidence='table3-classification'; usc_section_verdict='exists'; usc_section_attested_at_edition=True; corroboration_rule='second-authority-behind-a-slash:agency-roster-initialism'; authority_in_own_cfr_note='absent'; cfr_note_part='40 CFR 425'; authority_source='box'	33 USC 1316/CWA 306
ADDED	2040-AC48	199604	3	1	(no row) -> rin='2040-AC48'; publication_id='199604'; ordinal=3; authority_text='33 USC 1317/CWA 307'; authority_type='act_relative'; parse_status='corroborated'; usc_title=33; usc_section='1317'; act_key='clean water act'; act_section='307'; act_resolution_evidence='table3-classification'; usc_section_verdict='exists'; usc_section_attested_at_edition=True; corroboration_rule='second-authority-behind-a-slash:agency-roster-initialism'; authority_in_own_cfr_note='absent'; cfr_note_part='40 CFR 425'; authority_source='box'	33 USC 1317/CWA 307
ADDED	2040-AC48	199604	4	1	(no row) -> rin='2040-AC48'; publication_id='199604'; ordinal=4; authority_text='33 USC 1361/CWA 501'; authority_type='act_relative'; parse_status='corroborated'; usc_title=33; usc_section='1361'; act_key='clean water act'; act_section='501'; act_resolution_evidence='table3-classification'; usc_section_verdict='exists'; usc_section_attested_at_edition=True; corroboration_rule='second-authority-behind-a-slash:agency-roster-initialism'; authority_in_own_cfr_note='absent'; cfr_note_part='40 CFR 425'; authority_source='box'	33 USC 1361/CWA 501
ADDED	2040-AC48	199610	0	1	(no row) -> rin='2040-AC48'; publication_id='199610'; ordinal=0; authority_text='33 USC 1311/CWA 301'; authority_type='act_relative'; parse_status='corroborated'; usc_title=33; usc_section='1311'; act_key='clean water act'; act_section='301'; act_resolution_evidence='table3-classification'; usc_section_verdict='exists'; usc_section_attested_at_edition=True; corroboration_rule='second-authority-behind-a-slash:agency-roster-initialism'; authority_in_own_cfr_note='absent'; cfr_note_part='40 CFR 425'; authority_source='box'	33 USC 1311/CWA 301
ADDED	2040-AC48	199610	1	1	(no row) -> rin='2040-AC48'; publication_id='199610'; ordinal=1; authority_text='33 USC 1314/CWA 304'; authority_type='act_relative'; parse_status='corroborated'; usc_title=33; usc_section='1314'; act_key='clean water act'; act_section='304'; act_resolution_evidence='table3-classification'; usc_section_verdict='exists'; usc_section_attested_at_edition=True; corroboration_rule='second-authority-behind-a-slash:agency-roster-initialism'; authority_in_own_cfr_note='absent'; cfr_note_part='40 CFR 425'; authority_source='box'	33 USC 1314/CWA 304
ADDED	2040-AC48	199610	2	1	(no row) -> rin='2040-AC48'; publication_id='199610'; ordinal=2; authority_text='33 USC 1316/CWA 306'; authority_type='act_relative'; parse_status='corroborated'; usc_title=33; usc_section='1316'; act_key='clean water act'; act_section='306'; act_resolution_evidence='table3-classification'; usc_section_verdict='exists'; usc_section_attested_at_edition=True; corroboration_rule='second-authority-behind-a-slash:agency-roster-initialism'; authority_in_own_cfr_note='absent'; cfr_note_part='40 CFR 425'; authority_source='box'	33 USC 1316/CWA 306
ADDED	2040-AC48	199610	3	1	(no row) -> rin='2040-AC48'; publication_id='199610'; ordinal=3; authority_text='33 USC 1317/CWA 307'; authority_type='act_relative'; parse_status='corroborated'; usc_title=33; usc_section='1317'; act_key='clean water act'; act_section='307'; act_resolution_evidence='table3-classification'; usc_section_verdict='exists'; usc_section_attested_at_edition=True; corroboration_rule='second-authority-behind-a-slash:agency-roster-initialism'; authority_in_own_cfr_note='absent'; cfr_note_part='40 CFR 425'; authority_source='box'	33 USC 1317/CWA 307
ADDED	2040-AC48	199610	4	1	(no row) -> rin='2040-AC48'; publication_id='199610'; ordinal=4; authority_text='33 USC 1361/CWA 501'; authority_type='act_relative'; parse_status='corroborated'; usc_title=33; usc_section='1361'; act_key='clean water act'; act_section='501'; act_resolution_evidence='table3-classification'; usc_section_verdict='exists'; usc_section_attested_at_edition=True; corroboration_rule='second-authority-behind-a-slash:agency-roster-initialism'; authority_in_own_cfr_note='absent'; cfr_note_part='40 CFR 425'; authority_source='box'	33 USC 1361/CWA 501
ADDED	2040-AC51	199604	0	1	(no row) -> rin='2040-AC51'; publication_id='199604'; ordinal=0; authority_text='33 USC 1322/CWA 312'; authority_type='act_relative'; parse_status='corroborated'; usc_title=33; usc_section='1322'; act_key='clean water act'; act_section='312'; act_resolution_evidence='table3-classification'; usc_section_verdict='exists'; usc_section_attested_at_edition=True; corroboration_rule='second-authority-behind-a-slash:agency-roster-initialism'; authority_in_own_cfr_note='absent'; cfr_note_part='40 CFR 140'; authority_source='box'	33 USC 1322/CWA 312
ADDED	2040-AC52	199510	0	1	(no row) -> rin='2040-AC52'; publication_id='199510'; ordinal=0; authority_text='42 USC 300/SDWA 1412'; authority_type='act_relative'; parse_status='corroborated'; usc_title=42; usc_section='300g-1'; act_key='safe drinking water act'; act_section='1412'; act_resolution_evidence='table3-classification'; usc_section_verdict='exists'; usc_section_attested_at_edition=True; corroboration_rule='second-authority-behind-a-slash:agency-roster-initialism'; authority_in_own_cfr_note='absent'; cfr_note_part='40 CFR 141'; authority_source='box'	42 USC 300/SDWA 1412
ADDED	2040-AC52	199604	0	1	(no row) -> rin='2040-AC52'; publication_id='199604'; ordinal=0; authority_text='42 USC 300/SDWA 1412'; authority_type='act_relative'; parse_status='corroborated'; usc_title=42; usc_section='300g-1'; act_key='safe drinking water act'; act_section='1412'; act_resolution_evidence='table3-classification'; usc_section_verdict='exists'; usc_section_attested_at_edition=True; corroboration_rule='second-authority-behind-a-slash:agency-roster-initialism'; authority_in_own_cfr_note='absent'; cfr_note_part='40 CFR 141'; authority_source='box'	42 USC 300/SDWA 1412
ADDED	2040-AC53	199510	0	1	(no row) -> rin='2040-AC53'; publication_id='199510'; ordinal=0; authority_text='33 USC 1251/CWA 101'; authority_type='act_relative'; parse_status='corroborated'; usc_title=33; usc_section='1251'; act_key='clean water act'; act_section='101'; act_resolution_evidence='table3-classification'; usc_section_verdict='exists'; usc_section_attested_at_edition=True; corroboration_rule='second-authority-behind-a-slash:agency-roster-initialism'; authority_in_own_cfr_note='present'; cfr_note_part='40 CFR 503'; authority_source='box'	33 USC 1251/CWA 101
ADDED	2040-AC53	199610	0	1	(no row) -> rin='2040-AC53'; publication_id='199610'; ordinal=0; authority_text='33 USC 1251/CWA 101'; authority_type='act_relative'; parse_status='corroborated'; usc_title=33; usc_section='1251'; act_key='clean water act'; act_section='101'; act_resolution_evidence='table3-classification'; usc_section_verdict='exists'; usc_section_attested_at_edition=True; corroboration_rule='second-authority-behind-a-slash:agency-roster-initialism'; authority_in_own_cfr_note='present'; cfr_note_part='40 CFR 503'; authority_source='box'	33 USC 1251/CWA 101
ADDED	2040-AC53	199610	1	1	(no row) -> rin='2040-AC53'; publication_id='199610'; ordinal=1; authority_text='33 USC 1345/CWA 405'; authority_type='act_relative'; parse_status='corroborated'; usc_title=33; usc_section='1345'; act_key='clean water act'; act_section='405'; act_resolution_evidence='table3-classification'; usc_section_verdict='exists'; usc_section_attested_at_edition=True; corroboration_rule='second-authority-behind-a-slash:agency-roster-initialism'; authority_in_own_cfr_note='present'; cfr_note_part='40 CFR 503'; authority_source='box'	33 USC 1345/CWA 405
ADDED	2040-AC53	199704	0	1	(no row) -> rin='2040-AC53'; publication_id='199704'; ordinal=0; authority_text='33 USC 1251/CWA 101'; authority_type='act_relative'; parse_status='corroborated'; usc_title=33; usc_section='1251'; act_key='clean water act'; act_section='101'; act_resolution_evidence='table3-classification'; usc_section_verdict='exists'; usc_section_attested_at_edition=True; corroboration_rule='second-authority-behind-a-slash:agency-roster-initialism'; authority_in_own_cfr_note='present'; cfr_note_part='40 CFR 503'; authority_source='box'	33 USC 1251/CWA 101
ADDED	2040-AC53	199704	1	1	(no row) -> rin='2040-AC53'; publication_id='199704'; ordinal=1; authority_text='33 USC 1345/CWA 405'; authority_type='act_relative'; parse_status='corroborated'; usc_title=33; usc_section='1345'; act_key='clean water act'; act_section='405'; act_resolution_evidence='table3-classification'; usc_section_verdict='exists'; usc_section_attested_at_edition=True; corroboration_rule='second-authority-behind-a-slash:agency-roster-initialism'; authority_in_own_cfr_note='present'; cfr_note_part='40 CFR 503'; authority_source='box'	33 USC 1345/CWA 405
ADDED	2040-AC54	199604	0	1	(no row) -> rin='2040-AC54'; publication_id='199604'; ordinal=0; authority_text='33 USC 1316/CWA 306'; authority_type='act_relative'; parse_status='corroborated'; usc_title=33; usc_section='1316'; act_key='clean water act'; act_section='306'; act_resolution_evidence='table3-classification'; usc_section_verdict='exists'; usc_section_attested_at_edition=True; corroboration_rule='second-authority-behind-a-slash:agency-roster-initialism'; authority_in_own_cfr_note='absent'; cfr_note_part='40 CFR 136'; authority_source='box'	33 USC 1316/CWA 306
ADDED	2040-AC54	199610	0	1	(no row) -> rin='2040-AC54'; publication_id='199610'; ordinal=0; authority_text='33 USC 1313/CWA 301'; authority_type='act_relative'; parse_status='corroborated'; usc_title=33; usc_section='1311'; act_key='clean water act'; act_section='301'; act_resolution_evidence='table3-classification'; usc_section_verdict='exists'; usc_section_attested_at_edition=True; corroboration_rule='second-authority-behind-a-slash:agency-roster-initialism'; authority_in_own_cfr_note='absent'; cfr_note_part='40 CFR 136'; authority_source='box'	33 USC 1313/CWA 301
ADDED	2040-AC54	199610	1	1	(no row) -> rin='2040-AC54'; publication_id='199610'; ordinal=1; authority_text='33 USC 1314h/CWA 304(h)'; authority_type='act_relative'; parse_status='corroborated'; usc_title=33; usc_section='1314'; act_key='clean water act'; act_section='304'; act_resolution_evidence='table3-classification'; usc_section_verdict='exists'; usc_section_attested_at_edition=True; corroboration_rule='second-authority-behind-a-slash:agency-roster-initialism'; authority_in_own_cfr_note='absent'; cfr_note_part='40 CFR 136'; authority_source='box'	33 USC 1314h/CWA 304(h)
ADDED	2040-AC54	199610	2	1	(no row) -> rin='2040-AC54'; publication_id='199610'; ordinal=2; authority_text='33 USC 1361/CWA 501'; authority_type='act_relative'; parse_status='corroborated'; usc_title=33; usc_section='1361'; act_key='clean water act'; act_section='501'; act_resolution_evidence='table3-classification'; usc_section_verdict='exists'; usc_section_attested_at_edition=True; corroboration_rule='second-authority-behind-a-slash:agency-roster-initialism'; authority_in_own_cfr_note='absent'; cfr_note_part='40 CFR 136'; authority_source='box'	33 USC 1361/CWA 501
ADDED	2040-AC54	199704	0	1	(no row) -> rin='2040-AC54'; publication_id='199704'; ordinal=0; authority_text='33 USC 1313/CWA 301'; authority_type='act_relative'; parse_status='corroborated'; usc_title=33; usc_section='1311'; act_key='clean water act'; act_section='301'; act_resolution_evidence='table3-classification'; usc_section_verdict='exists'; usc_section_attested_at_edition=True; corroboration_rule='second-authority-behind-a-slash:agency-roster-initialism'; authority_in_own_cfr_note='absent'; cfr_note_part='40 CFR 136'; authority_source='box'	33 USC 1313/CWA 301
ADDED	2040-AC54	199704	1	1	(no row) -> rin='2040-AC54'; publication_id='199704'; ordinal=1; authority_text='33 USC 1314h/CWA 304(h)'; authority_type='act_relative'; parse_status='corroborated'; usc_title=33; usc_section='1314'; act_key='clean water act'; act_section='304'; act_resolution_evidence='table3-classification'; usc_section_verdict='exists'; usc_section_attested_at_edition=True; corroboration_rule='second-authority-behind-a-slash:agency-roster-initialism'; authority_in_own_cfr_note='absent'; cfr_note_part='40 CFR 136'; authority_source='box'	33 USC 1314h/CWA 304(h)
ADDED	2040-AC54	199704	2	1	(no row) -> rin='2040-AC54'; publication_id='199704'; ordinal=2; authority_text='33 USC 1361/CWA 501'; authority_type='act_relative'; parse_status='corroborated'; usc_title=33; usc_section='1361'; act_key='clean water act'; act_section='501'; act_resolution_evidence='table3-classification'; usc_section_verdict='exists'; usc_section_attested_at_edition=True; corroboration_rule='second-authority-behind-a-slash:agency-roster-initialism'; authority_in_own_cfr_note='absent'; cfr_note_part='40 CFR 136'; authority_source='box'	33 USC 1361/CWA 501
ADDED	2040-AC55	199510	0	1	(no row) -> rin='2040-AC55'; publication_id='199510'; ordinal=0; authority_text='33 USC 1313/CWA 303(c)'; authority_type='act_relative'; parse_status='corroborated'; usc_title=33; usc_section='1313'; act_key='clean water act'; act_section='303'; act_resolution_evidence='table3-classification'; usc_section_verdict='exists'; usc_section_attested_at_edition=True; corroboration_rule='second-authority-behind-a-slash:agency-roster-initialism'; authority_in_own_cfr_note='absent'; cfr_note_part='40 CFR 131'; authority_source='box'	33 USC 1313/CWA 303(c)
ADDED	2040-AC55	199604	0	1	(no row) -> rin='2040-AC55'; publication_id='199604'; ordinal=0; authority_text='33 USC 1313/CWA 303'; authority_type='act_relative'; parse_status='corroborated'; usc_title=33; usc_section='1313'; act_key='clean water act'; act_section='303'; act_resolution_evidence='table3-classification'; usc_section_verdict='exists'; usc_section_attested_at_edition=True; corroboration_rule='second-authority-behind-a-slash:agency-roster-initialism'; authority_in_own_cfr_note='absent'; cfr_note_part='40 CFR 131'; authority_source='box'	33 USC 1313/CWA 303
ADDED	2040-AC55	199610	0	1	(no row) -> rin='2040-AC55'; publication_id='199610'; ordinal=0; authority_text='33 USC 1313/CWA 303'; authority_type='act_relative'; parse_status='corroborated'; usc_title=33; usc_section='1313'; act_key='clean water act'; act_section='303'; act_resolution_evidence='table3-classification'; usc_section_verdict='exists'; usc_section_attested_at_edition=True; corroboration_rule='second-authority-behind-a-slash:agency-roster-initialism'; authority_in_own_cfr_note='absent'; cfr_note_part='40 CFR 131'; authority_source='box'	33 USC 1313/CWA 303
ADDED	2040-AC55	199704	0	1	(no row) -> rin='2040-AC55'; publication_id='199704'; ordinal=0; authority_text='33 USC 1313/CWA 303'; authority_type='act_relative'; parse_status='corroborated'; usc_title=33; usc_section='1313'; act_key='clean water act'; act_section='303'; act_resolution_evidence='table3-classification'; usc_section_verdict='exists'; usc_section_attested_at_edition=True; corroboration_rule='second-authority-behind-a-slash:agency-roster-initialism'; authority_in_own_cfr_note='absent'; cfr_note_part='40 CFR 131'; authority_source='box'	33 USC 1313/CWA 303
ADDED	2040-AC56	199510	0	1	(no row) -> rin='2040-AC56'; publication_id='199510'; ordinal=0; authority_text='33 USC 1313/CWA 303(c)'; authority_type='act_relative'; parse_status='corroborated'; usc_title=33; usc_section='1313'; act_key='clean water act'; act_section='303'; act_resolution_evidence='table3-classification'; usc_section_verdict='exists'; usc_section_attested_at_edition=True; corroboration_rule='second-authority-behind-a-slash:agency-roster-initialism'; authority_in_own_cfr_note='absent'; cfr_note_part='40 CFR 131'; authority_source='box'	33 USC 1313/CWA 303(c)
ADDED	2040-AC56	199604	0	1	(no row) -> rin='2040-AC56'; publication_id='199604'; ordinal=0; authority_text='33 USC 1313/CWA 303(c)'; authority_type='act_relative'; parse_status='corroborated'; usc_title=33; usc_section='1313'; act_key='clean water act'; act_section='303'; act_resolution_evidence='table3-classification'; usc_section_verdict='exists'; usc_section_attested_at_edition=True; corroboration_rule='second-authority-behind-a-slash:agency-roster-initialism'; authority_in_own_cfr_note='absent'; cfr_note_part='40 CFR 131'; authority_source='box'	33 USC 1313/CWA 303(c)
ADDED	2040-AC56	199610	0	1	(no row) -> rin='2040-AC56'; publication_id='199610'; ordinal=0; authority_text='33 USC 1313/CWA 303(c)'; authority_type='act_relative'; parse_status='corroborated'; usc_title=33; usc_section='1313'; act_key='clean water act'; act_section='303'; act_resolution_evidence='table3-classification'; usc_section_verdict='exists'; usc_section_attested_at_edition=True; corroboration_rule='second-authority-behind-a-slash:agency-roster-initialism'; authority_in_own_cfr_note='absent'; cfr_note_part='40 CFR 131'; authority_source='box'	33 USC 1313/CWA 303(c)
ADDED	2040-AC56	199704	0	1	(no row) -> rin='2040-AC56'; publication_id='199704'; ordinal=0; authority_text='33 USC 1313/CWA 303(c)'; authority_type='act_relative'; parse_status='corroborated'; usc_title=33; usc_section='1313'; act_key='clean water act'; act_section='303'; act_resolution_evidence='table3-classification'; usc_section_verdict='exists'; usc_section_attested_at_edition=True; corroboration_rule='second-authority-behind-a-slash:agency-roster-initialism'; authority_in_own_cfr_note='absent'; cfr_note_part='40 CFR 131'; authority_source='box'	33 USC 1313/CWA 303(c)
ADDED	2040-AC57	199510	0	1	(no row) -> rin='2040-AC57'; publication_id='199510'; ordinal=0; authority_text='33 USC 1314/CWA 304'; authority_type='act_relative'; parse_status='corroborated'; usc_title=33; usc_section='1314'; act_key='clean water act'; act_section='304'; act_resolution_evidence='table3-classification'; usc_section_verdict='exists'; usc_section_attested_at_edition=True; corroboration_rule='second-authority-behind-a-slash:agency-roster-initialism'; authority_in_own_cfr_note='absent'; cfr_note_part='40 CFR 403'; authority_source='box'	33 USC 1314/CWA 304
ADDED	2040-AC57	199604	0	1	(no row) -> rin='2040-AC57'; publication_id='199604'; ordinal=0; authority_text='33 USC 1314/CWA 304'; authority_type='act_relative'; parse_status='corroborated'; usc_title=33; usc_section='1314'; act_key='clean water act'; act_section='304'; act_resolution_evidence='table3-classification'; usc_section_verdict='exists'; usc_section_attested_at_edition=True; corroboration_rule='second-authority-behind-a-slash:agency-roster-initialism'; authority_in_own_cfr_note='absent'; cfr_note_part='40 CFR 403'; authority_source='box'	33 USC 1314/CWA 304
ADDED	2040-AC57	199610	0	1	(no row) -> rin='2040-AC57'; publication_id='199610'; ordinal=0; authority_text='33 USC 1314/CWA 304'; authority_type='act_relative'; parse_status='corroborated'; usc_title=33; usc_section='1314'; act_key='clean water act'; act_section='304'; act_resolution_evidence='table3-classification'; usc_section_verdict='exists'; usc_section_attested_at_edition=True; corroboration_rule='second-authority-behind-a-slash:agency-roster-initialism'; authority_in_own_cfr_note='absent'; cfr_note_part='40 CFR 403'; authority_source='box'	33 USC 1314/CWA 304
ADDED	2040-AC57	199610	1	1	(no row) -> rin='2040-AC57'; publication_id='199610'; ordinal=1; authority_text='33 USC 1317/CWA 307'; authority_type='act_relative'; parse_status='corroborated'; usc_title=33; usc_section='1317'; act_key='clean water act'; act_section='307'; act_resolution_evidence='table3-classification'; usc_section_verdict='exists'; usc_section_attested_at_edition=True; corroboration_rule='second-authority-behind-a-slash:agency-roster-initialism'; authority_in_own_cfr_note='absent'; cfr_note_part='40 CFR 403'; authority_source='box'	33 USC 1317/CWA 307
ADDED	2040-AC57	199610	2	1	(no row) -> rin='2040-AC57'; publication_id='199610'; ordinal=2; authority_text='33 USC 1342(b)(8)/CWA402(b)(8)'; authority_type='act_relative'; parse_status='corroborated'; usc_title=33; usc_section='1342'; act_key='clean water act'; act_section='402'; act_resolution_evidence='table3-classification'; usc_section_verdict='exists'; usc_section_attested_at_edition=True; corroboration_rule='second-authority-behind-a-slash:agency-roster-initialism'; authority_in_own_cfr_note='absent'; cfr_note_part='40 CFR 403'; authority_source='box'	33 USC 1342(b)(8)/CWA402(b)(8)
ADDED	2040-AC57	199610	3	1	(no row) -> rin='2040-AC57'; publication_id='199610'; ordinal=3; authority_text='33 USC 1361/CWA 501'; authority_type='act_relative'; parse_status='corroborated'; usc_title=33; usc_section='1361'; act_key='clean water act'; act_section='501'; act_resolution_evidence='table3-classification'; usc_section_verdict='exists'; usc_section_attested_at_edition=True; corroboration_rule='second-authority-behind-a-slash:agency-roster-initialism'; authority_in_own_cfr_note='absent'; cfr_note_part='40 CFR 403'; authority_source='box'	33 USC 1361/CWA 501
ADDED	2040-AC57	199704	0	1	(no row) -> rin='2040-AC57'; publication_id='199704'; ordinal=0; authority_text='33 USC 1314/CWA 304'; authority_type='act_relative'; parse_status='corroborated'; usc_title=33; usc_section='1314'; act_key='clean water act'; act_section='304'; act_resolution_evidence='table3-classification'; usc_section_verdict='exists'; usc_section_attested_at_edition=True; corroboration_rule='second-authority-behind-a-slash:agency-roster-initialism'; authority_in_own_cfr_note='absent'; cfr_note_part='40 CFR 403'; authority_source='box'	33 USC 1314/CWA 304
ADDED	2040-AC57	199704	1	1	(no row) -> rin='2040-AC57'; publication_id='199704'; ordinal=1; authority_text='33 USC 1317/CWA 307'; authority_type='act_relative'; parse_status='corroborated'; usc_title=33; usc_section='1317'; act_key='clean water act'; act_section='307'; act_resolution_evidence='table3-classification'; usc_section_verdict='exists'; usc_section_attested_at_edition=True; corroboration_rule='second-authority-behind-a-slash:agency-roster-initialism'; authority_in_own_cfr_note='absent'; cfr_note_part='40 CFR 403'; authority_source='box'	33 USC 1317/CWA 307
ADDED	2040-AC57	199704	2	1	(no row) -> rin='2040-AC57'; publication_id='199704'; ordinal=2; authority_text='33 USC 1342(b)(8)/CWA 402(b)(8)'; authority_type='act_relative'; parse_status='corroborated'; usc_title=33; usc_section='1342'; act_key='clean water act'; act_section='402'; act_resolution_evidence='table3-classification'; usc_section_verdict='exists'; usc_section_attested_at_edition=True; corroboration_rule='second-authority-behind-a-slash:agency-roster-initialism'; authority_in_own_cfr_note='absent'; cfr_note_part='40 CFR 403'; authority_source='box'	33 USC 1342(b)(8)/CWA 402(b)(8)
ADDED	2040-AC57	199704	3	1	(no row) -> rin='2040-AC57'; publication_id='199704'; ordinal=3; authority_text='33 USC 1361/CWA 501'; authority_type='act_relative'; parse_status='corroborated'; usc_title=33; usc_section='1361'; act_key='clean water act'; act_section='501'; act_resolution_evidence='table3-classification'; usc_section_verdict='exists'; usc_section_attested_at_edition=True; corroboration_rule='second-authority-behind-a-slash:agency-roster-initialism'; authority_in_own_cfr_note='absent'; cfr_note_part='40 CFR 403'; authority_source='box'	33 USC 1361/CWA 501
ADDED	2040-AC58	199510	0	1	(no row) -> rin='2040-AC58'; publication_id='199510'; ordinal=0; authority_text='33 USC 1314/CWA 304'; authority_type='act_relative'; parse_status='corroborated'; usc_title=33; usc_section='1314'; act_key='clean water act'; act_section='304'; act_resolution_evidence='table3-classification'; usc_section_verdict='exists'; usc_section_attested_at_edition=True; corroboration_rule='second-authority-behind-a-slash:agency-roster-initialism'; authority_in_own_cfr_note='absent'; cfr_note_part='40 CFR 403'; authority_source='box'	33 USC 1314/CWA 304
ADDED	2040-AC58	199604	0	1	(no row) -> rin='2040-AC58'; publication_id='199604'; ordinal=0; authority_text='33 USC 1314/CWA 304'; authority_type='act_relative'; parse_status='corroborated'; usc_title=33; usc_section='1314'; act_key='clean water act'; act_section='304'; act_resolution_evidence='table3-classification'; usc_section_verdict='exists'; usc_section_attested_at_edition=True; corroboration_rule='second-authority-behind-a-slash:agency-roster-initialism'; authority_in_own_cfr_note='absent'; cfr_note_part='40 CFR 403'; authority_source='box'	33 USC 1314/CWA 304
ADDED	2040-AC58	199610	0	1	(no row) -> rin='2040-AC58'; publication_id='199610'; ordinal=0; authority_text='33 USC 1314/CWA 304'; authority_type='act_relative'; parse_status='corroborated'; usc_title=33; usc_section='1314'; act_key='clean water act'; act_section='304'; act_resolution_evidence='table3-classification'; usc_section_verdict='exists'; usc_section_attested_at_edition=True; corroboration_rule='second-authority-behind-a-slash:agency-roster-initialism'; authority_in_own_cfr_note='absent'; cfr_note_part='40 CFR 403'; authority_source='box'	33 USC 1314/CWA 304
ADDED	2040-AC58	199610	1	1	(no row) -> rin='2040-AC58'; publication_id='199610'; ordinal=1; authority_text='33 USC 1317/CWA 307'; authority_type='act_relative'; parse_status='corroborated'; usc_title=33; usc_section='1317'; act_key='clean water act'; act_section='307'; act_resolution_evidence='table3-classification'; usc_section_verdict='exists'; usc_section_attested_at_edition=True; corroboration_rule='second-authority-behind-a-slash:agency-roster-initialism'; authority_in_own_cfr_note='absent'; cfr_note_part='40 CFR 403'; authority_source='box'	33 USC 1317/CWA 307
ADDED	2040-AC58	199610	2	1	(no row) -> rin='2040-AC58'; publication_id='199610'; ordinal=2; authority_text='33 USC 402(b)(8)/CWA 402(b)(8)'; authority_type='act_relative'; parse_status='corroborated'; usc_title=33; usc_section='1342'; act_key='clean water act'; act_section='402'; act_resolution_evidence='table3-classification'; usc_section_verdict='exists'; usc_section_attested_at_edition=True; corroboration_rule='second-authority-behind-a-slash:agency-roster-initialism'; authority_in_own_cfr_note='absent'; cfr_note_part='40 CFR 403'; authority_source='box'	33 USC 402(b)(8)/CWA 402(b)(8)
ADDED	2040-AC58	199610	3	1	(no row) -> rin='2040-AC58'; publication_id='199610'; ordinal=3; authority_text='33 USC 1361/CWA 501'; authority_type='act_relative'; parse_status='corroborated'; usc_title=33; usc_section='1361'; act_key='clean water act'; act_section='501'; act_resolution_evidence='table3-classification'; usc_section_verdict='exists'; usc_section_attested_at_edition=True; corroboration_rule='second-authority-behind-a-slash:agency-roster-initialism'; authority_in_own_cfr_note='absent'; cfr_note_part='40 CFR 403'; authority_source='box'	33 USC 1361/CWA 501
ADDED	2040-AC58	199704	0	1	(no row) -> rin='2040-AC58'; publication_id='199704'; ordinal=0; authority_text='33 USC 1314/CWA 304'; authority_type='act_relative'; parse_status='corroborated'; usc_title=33; usc_section='1314'; act_key='clean water act'; act_section='304'; act_resolution_evidence='table3-classification'; usc_section_verdict='exists'; usc_section_attested_at_edition=True; corroboration_rule='second-authority-behind-a-slash:agency-roster-initialism'; authority_in_own_cfr_note='absent'; cfr_note_part='40 CFR 403'; authority_source='box'	33 USC 1314/CWA 304
ADDED	2040-AC58	199704	1	1	(no row) -> rin='2040-AC58'; publication_id='199704'; ordinal=1; authority_text='33 USC 1317/CWA 307'; authority_type='act_relative'; parse_status='corroborated'; usc_title=33; usc_section='1317'; act_key='clean water act'; act_section='307'; act_resolution_evidence='table3-classification'; usc_section_verdict='exists'; usc_section_attested_at_edition=True; corroboration_rule='second-authority-behind-a-slash:agency-roster-initialism'; authority_in_own_cfr_note='absent'; cfr_note_part='40 CFR 403'; authority_source='box'	33 USC 1317/CWA 307
ADDED	2040-AC58	199704	2	1	(no row) -> rin='2040-AC58'; publication_id='199704'; ordinal=2; authority_text='33 USC 402(b)(8)/CWA 402(b)(8)'; authority_type='act_relative'; parse_status='corroborated'; usc_title=33; usc_section='1342'; act_key='clean water act'; act_section='402'; act_resolution_evidence='table3-classification'; usc_section_verdict='exists'; usc_section_attested_at_edition=True; corroboration_rule='second-authority-behind-a-slash:agency-roster-initialism'; authority_in_own_cfr_note='absent'; cfr_note_part='40 CFR 403'; authority_source='box'	33 USC 402(b)(8)/CWA 402(b)(8)
ADDED	2040-AC58	199704	3	1	(no row) -> rin='2040-AC58'; publication_id='199704'; ordinal=3; authority_text='33 USC 1361/CWA 501'; authority_type='act_relative'; parse_status='corroborated'; usc_title=33; usc_section='1361'; act_key='clean water act'; act_section='501'; act_resolution_evidence='table3-classification'; usc_section_verdict='exists'; usc_section_attested_at_edition=True; corroboration_rule='second-authority-behind-a-slash:agency-roster-initialism'; authority_in_own_cfr_note='absent'; cfr_note_part='40 CFR 403'; authority_source='box'	33 USC 1361/CWA 501
ADDED	2040-AC59	199510	0	1	(no row) -> rin='2040-AC59'; publication_id='199510'; ordinal=0; authority_text='33 USC 1342/CWA 402(p)'; authority_type='act_relative'; parse_status='corroborated'; usc_title=33; usc_section='1342'; act_key='clean water act'; act_section='402'; act_resolution_evidence='table3-classification'; usc_section_verdict='exists'; usc_section_attested_at_edition=True; corroboration_rule='second-authority-behind-a-slash:agency-roster-initialism'; authority_in_own_cfr_note='present'; cfr_note_part='40 CFR 122'; authority_source='box'	33 USC 1342/CWA 402(p)
ADDED	2040-AC59	199604	0	1	(no row) -> rin='2040-AC59'; publication_id='199604'; ordinal=0; authority_text='33 USC 1342/CWA 402(p)'; authority_type='act_relative'; parse_status='corroborated'; usc_title=33; usc_section='1342'; act_key='clean water act'; act_section='402'; act_resolution_evidence='table3-classification'; usc_section_verdict='exists'; usc_section_attested_at_edition=True; corroboration_rule='second-authority-behind-a-slash:agency-roster-initialism'; authority_in_own_cfr_note='present'; cfr_note_part='40 CFR 122'; authority_source='box'	33 USC 1342/CWA 402(p)
ADDED	2040-AC61	199510	0	1	(no row) -> rin='2040-AC61'; publication_id='199510'; ordinal=0; authority_text='33 USC 1322/CWA 312'; authority_type='act_relative'; parse_status='corroborated'; usc_title=33; usc_section='1322'; act_key='clean water act'; act_section='312'; act_resolution_evidence='table3-classification'; usc_section_verdict='exists'; usc_section_attested_at_edition=True; corroboration_rule='second-authority-behind-a-slash:agency-roster-initialism'; authority_in_own_cfr_note='absent'; cfr_note_part='40 CFR 140'; authority_source='box'	33 USC 1322/CWA 312
ADDED	2040-AC61	199604	0	1	(no row) -> rin='2040-AC61'; publication_id='199604'; ordinal=0; authority_text='33 USC 1322/CWA 312'; authority_type='act_relative'; parse_status='corroborated'; usc_title=33; usc_section='1322'; act_key='clean water act'; act_section='312'; act_resolution_evidence='table3-classification'; usc_section_verdict='exists'; usc_section_attested_at_edition=True; corroboration_rule='second-authority-behind-a-slash:agency-roster-initialism'; authority_in_own_cfr_note='absent'; cfr_note_part='40 CFR 140'; authority_source='box'	33 USC 1322/CWA 312
ADDED	2040-AC61	199610	0	1	(no row) -> rin='2040-AC61'; publication_id='199610'; ordinal=0; authority_text='33 USC 1322/CWA 312'; authority_type='act_relative'; parse_status='corroborated'; usc_title=33; usc_section='1322'; act_key='clean water act'; act_section='312'; act_resolution_evidence='table3-classification'; usc_section_verdict='exists'; usc_section_attested_at_edition=True; corroboration_rule='second-authority-behind-a-slash:agency-roster-initialism'; authority_in_own_cfr_note='absent'; cfr_note_part='40 CFR 140'; authority_source='box'	33 USC 1322/CWA 312
ADDED	2040-AC61	199704	0	1	(no row) -> rin='2040-AC61'; publication_id='199704'; ordinal=0; authority_text='33 USC 1322/CWA 312'; authority_type='act_relative'; parse_status='corroborated'; usc_title=33; usc_section='1322'; act_key='clean water act'; act_section='312'; act_resolution_evidence='table3-classification'; usc_section_verdict='exists'; usc_section_attested_at_edition=True; corroboration_rule='second-authority-behind-a-slash:agency-roster-initialism'; authority_in_own_cfr_note='absent'; cfr_note_part='40 CFR 140'; authority_source='box'	33 USC 1322/CWA 312
ADDED	2040-AC63	199510	0	1	(no row) -> rin='2040-AC63'; publication_id='199510'; ordinal=0; authority_text='33 USC 1316/CWA 304(h)'; authority_type='act_relative'; parse_status='corroborated'; usc_title=33; usc_section='1314'; act_key='clean water act'; act_section='304'; act_resolution_evidence='table3-classification'; usc_section_verdict='exists'; usc_section_attested_at_edition=True; corroboration_rule='second-authority-behind-a-slash:agency-roster-initialism'; authority_in_own_cfr_note='absent'; cfr_note_part='40 CFR 136'; authority_source='box'	33 USC 1316/CWA 304(h)
ADDED	2040-AC63	199604	0	1	(no row) -> rin='2040-AC63'; publication_id='199604'; ordinal=0; authority_text='33 USC 1316(h)/CWA 304(h)'; authority_type='act_relative'; parse_status='corroborated'; usc_title=33; usc_section='1314'; act_key='clean water act'; act_section='304'; act_resolution_evidence='table3-classification'; usc_section_verdict='exists'; usc_section_attested_at_edition=True; corroboration_rule='second-authority-behind-a-slash:agency-roster-initialism'; authority_in_own_cfr_note='present'; cfr_note_part='40 CFR 122'; authority_source='box'	33 USC 1316(h)/CWA 304(h)
ADDED	2040-AC63	199604	1	1	(no row) -> rin='2040-AC63'; publication_id='199604'; ordinal=1; authority_text='33 USC 1361(a)/CWA 501(a)'; authority_type='act_relative'; parse_status='corroborated'; usc_title=33; usc_section='1361'; act_key='clean water act'; act_section='501'; act_resolution_evidence='table3-classification'; usc_section_verdict='exists'; usc_section_attested_at_edition=True; corroboration_rule='second-authority-behind-a-slash:agency-roster-initialism'; authority_in_own_cfr_note='present'; cfr_note_part='40 CFR 122'; authority_source='box'	33 USC 1361(a)/CWA 501(a)
ADDED	2040-AC63	199610	0	1	(no row) -> rin='2040-AC63'; publication_id='199610'; ordinal=0; authority_text='33 USC 1316(h)/CWA 304(h)'; authority_type='act_relative'; parse_status='corroborated'; usc_title=33; usc_section='1314'; act_key='clean water act'; act_section='304'; act_resolution_evidence='table3-classification'; usc_section_verdict='exists'; usc_section_attested_at_edition=True; corroboration_rule='second-authority-behind-a-slash:agency-roster-initialism'; authority_in_own_cfr_note='present'; cfr_note_part='40 CFR 122'; authority_source='box'	33 USC 1316(h)/CWA 304(h)
ADDED	2040-AC63	199610	1	1	(no row) -> rin='2040-AC63'; publication_id='199610'; ordinal=1; authority_text='33 USC 1361(a)/CWA 501(a)'; authority_type='act_relative'; parse_status='corroborated'; usc_title=33; usc_section='1361'; act_key='clean water act'; act_section='501'; act_resolution_evidence='table3-classification'; usc_section_verdict='exists'; usc_section_attested_at_edition=True; corroboration_rule='second-authority-behind-a-slash:agency-roster-initialism'; authority_in_own_cfr_note='present'; cfr_note_part='40 CFR 122'; authority_source='box'	33 USC 1361(a)/CWA 501(a)
ADDED	2040-AC63	199704	0	1	(no row) -> rin='2040-AC63'; publication_id='199704'; ordinal=0; authority_text='33 USC 1316(h)/CWA 304(h)'; authority_type='act_relative'; parse_status='corroborated'; usc_title=33; usc_section='1314'; act_key='clean water act'; act_section='304'; act_resolution_evidence='table3-classification'; usc_section_verdict='exists'; usc_section_attested_at_edition=True; corroboration_rule='second-authority-behind-a-slash:agency-roster-initialism'; authority_in_own_cfr_note='present'; cfr_note_part='40 CFR 122'; authority_source='box'	33 USC 1316(h)/CWA 304(h)
ADDED	2040-AC63	199704	1	1	(no row) -> rin='2040-AC63'; publication_id='199704'; ordinal=1; authority_text='33 USC 1361(a)/CWA 501(a)'; authority_type='act_relative'; parse_status='corroborated'; usc_title=33; usc_section='1361'; act_key='clean water act'; act_section='501'; act_resolution_evidence='table3-classification'; usc_section_verdict='exists'; usc_section_attested_at_edition=True; corroboration_rule='second-authority-behind-a-slash:agency-roster-initialism'; authority_in_own_cfr_note='present'; cfr_note_part='40 CFR 122'; authority_source='box'	33 USC 1361(a)/CWA 501(a)
ADDED	2040-AC64	199510	1	1	(no row) -> rin='2040-AC64'; publication_id='199510'; ordinal=1; authority_text='33 USC 1314(h)/CWA 304'; authority_type='act_relative'; parse_status='corroborated'; usc_title=33; usc_section='1314'; act_key='clean water act'; act_section='304'; act_resolution_evidence='table3-classification'; usc_section_verdict='exists'; usc_section_attested_at_edition=True; corroboration_rule='second-authority-behind-a-slash:agency-roster-initialism'; authority_in_own_cfr_note='present'; cfr_note_part='40 CFR 122'; authority_source='box'	33 USC 1314(h)/CWA 304
ADDED	2040-AC64	199510	2	1	(no row) -> rin='2040-AC64'; publication_id='199510'; ordinal=2; authority_text='33 USC 1361(a)/CWA 501'; authority_type='act_relative'; parse_status='corroborated'; usc_title=33; usc_section='1361'; act_key='clean water act'; act_section='501'; act_resolution_evidence='table3-classification'; usc_section_verdict='exists'; usc_section_attested_at_edition=True; corroboration_rule='second-authority-behind-a-slash:agency-roster-initialism'; authority_in_own_cfr_note='present'; cfr_note_part='40 CFR 122'; authority_source='box'	33 USC 1361(a)/CWA 501
ADDED	2040-AC64	199604	0	1	(no row) -> rin='2040-AC64'; publication_id='199604'; ordinal=0; authority_text='33 USC 1314(h)/CWA 304(h)'; authority_type='act_relative'; parse_status='corroborated'; usc_title=33; usc_section='1314'; act_key='clean water act'; act_section='304'; act_resolution_evidence='table3-classification'; usc_section_verdict='exists'; usc_section_attested_at_edition=True; corroboration_rule='second-authority-behind-a-slash:agency-roster-initialism'; authority_in_own_cfr_note='present'; cfr_note_part='40 CFR 122'; authority_source='box'	33 USC 1314(h)/CWA 304(h)
ADDED	2040-AC64	199604	1	1	(no row) -> rin='2040-AC64'; publication_id='199604'; ordinal=1; authority_text='33 USC 1361(a)/CWA 501'; authority_type='act_relative'; parse_status='corroborated'; usc_title=33; usc_section='1361'; act_key='clean water act'; act_section='501'; act_resolution_evidence='table3-classification'; usc_section_verdict='exists'; usc_section_attested_at_edition=True; corroboration_rule='second-authority-behind-a-slash:agency-roster-initialism'; authority_in_own_cfr_note='present'; cfr_note_part='40 CFR 122'; authority_source='box'	33 USC 1361(a)/CWA 501
ADDED	2040-AC64	199610	0	1	(no row) -> rin='2040-AC64'; publication_id='199610'; ordinal=0; authority_text='33 USC 1314(h)/CWA 304(h)'; authority_type='act_relative'; parse_status='corroborated'; usc_title=33; usc_section='1314'; act_key='clean water act'; act_section='304'; act_resolution_evidence='table3-classification'; usc_section_verdict='exists'; usc_section_attested_at_edition=True; corroboration_rule='second-authority-behind-a-slash:agency-roster-initialism'; authority_in_own_cfr_note='present'; cfr_note_part='40 CFR 122'; authority_source='box'	33 USC 1314(h)/CWA 304(h)
ADDED	2040-AC64	199610	1	1	(no row) -> rin='2040-AC64'; publication_id='199610'; ordinal=1; authority_text='33 USC 1361(a)/CWA 501'; authority_type='act_relative'; parse_status='corroborated'; usc_title=33; usc_section='1361'; act_key='clean water act'; act_section='501'; act_resolution_evidence='table3-classification'; usc_section_verdict='exists'; usc_section_attested_at_edition=True; corroboration_rule='second-authority-behind-a-slash:agency-roster-initialism'; authority_in_own_cfr_note='present'; cfr_note_part='40 CFR 122'; authority_source='box'	33 USC 1361(a)/CWA 501
ADDED	2040-AC64	199704	0	1	(no row) -> rin='2040-AC64'; publication_id='199704'; ordinal=0; authority_text='33 USC 1314(h)/CWA 304(h)'; authority_type='act_relative'; parse_status='corroborated'; usc_title=33; usc_section='1314'; act_key='clean water act'; act_section='304'; act_resolution_evidence='table3-classification'; usc_section_verdict='exists'; usc_section_attested_at_edition=True; corroboration_rule='second-authority-behind-a-slash:agency-roster-initialism'; authority_in_own_cfr_note='present'; cfr_note_part='40 CFR 122'; authority_source='box'	33 USC 1314(h)/CWA 304(h)
ADDED	2040-AC64	199704	1	1	(no row) -> rin='2040-AC64'; publication_id='199704'; ordinal=1; authority_text='33 USC 1361(a)/CWA 501'; authority_type='act_relative'; parse_status='corroborated'; usc_title=33; usc_section='1361'; act_key='clean water act'; act_section='501'; act_resolution_evidence='table3-classification'; usc_section_verdict='exists'; usc_section_attested_at_edition=True; corroboration_rule='second-authority-behind-a-slash:agency-roster-initialism'; authority_in_own_cfr_note='present'; cfr_note_part='40 CFR 122'; authority_source='box'	33 USC 1361(a)/CWA 501
ADDED	2040-AC65	199510	0	1	(no row) -> rin='2040-AC65'; publication_id='199510'; ordinal=0; authority_text='33 USC 1313/CWA 303'; authority_type='act_relative'; parse_status='corroborated'; usc_title=33; usc_section='1313'; act_key='clean water act'; act_section='303'; act_resolution_evidence='table3-classification'; usc_section_verdict='exists'; usc_section_attested_at_edition=True; corroboration_rule='second-authority-behind-a-slash:agency-roster-initialism'; authority_in_own_cfr_note='absent'; cfr_note_part='40 CFR 130'; authority_source='box'	33 USC 1313/CWA 303
ADDED	2040-AC65	199604	0	1	(no row) -> rin='2040-AC65'; publication_id='199604'; ordinal=0; authority_text='33 USC 1313/CWA 303'; authority_type='act_relative'; parse_status='corroborated'; usc_title=33; usc_section='1313'; act_key='clean water act'; act_section='303'; act_resolution_evidence='table3-classification'; usc_section_verdict='exists'; usc_section_attested_at_edition=True; corroboration_rule='second-authority-behind-a-slash:agency-roster-initialism'; authority_in_own_cfr_note='absent'; cfr_note_part='40 CFR 130'; authority_source='box'	33 USC 1313/CWA 303
ADDED	2040-AC65	199610	0	1	(no row) -> rin='2040-AC65'; publication_id='199610'; ordinal=0; authority_text='33 USC 1313/CWA 303'; authority_type='act_relative'; parse_status='corroborated'; usc_title=33; usc_section='1313'; act_key='clean water act'; act_section='303'; act_resolution_evidence='table3-classification'; usc_section_verdict='exists'; usc_section_attested_at_edition=True; corroboration_rule='second-authority-behind-a-slash:agency-roster-initialism'; authority_in_own_cfr_note='absent'; cfr_note_part='40 CFR 130'; authority_source='box'	33 USC 1313/CWA 303
ADDED	2040-AC65	199704	0	1	(no row) -> rin='2040-AC65'; publication_id='199704'; ordinal=0; authority_text='33 USC 1313/CWA 303'; authority_type='act_relative'; parse_status='corroborated'; usc_title=33; usc_section='1313'; act_key='clean water act'; act_section='303'; act_resolution_evidence='table3-classification'; usc_section_verdict='exists'; usc_section_attested_at_edition=True; corroboration_rule='second-authority-behind-a-slash:agency-roster-initialism'; authority_in_own_cfr_note='absent'; cfr_note_part='40 CFR 130'; authority_source='box'	33 USC 1313/CWA 303
ADDED	2040-AC66	199510	0	1	(no row) -> rin='2040-AC66'; publication_id='199510'; ordinal=0; authority_text='42 USC 300/SDWA 1412'; authority_type='act_relative'; parse_status='corroborated'; usc_title=42; usc_section='300g-1'; act_key='safe drinking water act'; act_section='1412'; act_resolution_evidence='table3-classification'; usc_section_verdict='exists'; usc_section_attested_at_edition=True; corroboration_rule='second-authority-behind-a-slash:agency-roster-initialism'; authority_in_own_cfr_note='absent'; cfr_note_part='40 CFR 141'; authority_source='box'	42 USC 300/SDWA 1412
ADDED	2040-AC66	199604	0	1	(no row) -> rin='2040-AC66'; publication_id='199604'; ordinal=0; authority_text='42 USC 300/SDWA 1412'; authority_type='act_relative'; parse_status='corroborated'; usc_title=42; usc_section='300g-1'; act_key='safe drinking water act'; act_section='1412'; act_resolution_evidence='table3-classification'; usc_section_verdict='exists'; usc_section_attested_at_edition=True; corroboration_rule='second-authority-behind-a-slash:agency-roster-initialism'; authority_in_own_cfr_note='absent'; cfr_note_part='40 CFR 141'; authority_source='box'	42 USC 300/SDWA 1412
ADDED	2040-AC66	199610	0	1	(no row) -> rin='2040-AC66'; publication_id='199610'; ordinal=0; authority_text='42 USC 300/SDWA 1412'; authority_type='act_relative'; parse_status='corroborated'; usc_title=42; usc_section='300g-1'; act_key='safe drinking water act'; act_section='1412'; act_resolution_evidence='table3-classification'; usc_section_verdict='exists'; usc_section_attested_at_edition=True; corroboration_rule='second-authority-behind-a-slash:agency-roster-initialism'; authority_in_own_cfr_note='absent'; cfr_note_part='40 CFR 141'; authority_source='box'	42 USC 300/SDWA 1412
ADDED	2040-AC66	199704	0	1	(no row) -> rin='2040-AC66'; publication_id='199704'; ordinal=0; authority_text='42 USC 300/SDWA 1412'; authority_type='act_relative'; parse_status='corroborated'; usc_title=42; usc_section='300g-1'; act_key='safe drinking water act'; act_section='1412'; act_resolution_evidence='table3-classification'; usc_section_verdict='exists'; usc_section_attested_at_edition=True; corroboration_rule='second-authority-behind-a-slash:agency-roster-initialism'; authority_in_own_cfr_note='absent'; cfr_note_part='40 CFR 141'; authority_source='box'	42 USC 300/SDWA 1412
ADDED	2040-AC69	199510	0	1	(no row) -> rin='2040-AC69'; publication_id='199510'; ordinal=0; authority_text='33 USC 1251/CWA 101'; authority_type='act_relative'; parse_status='corroborated'; usc_title=33; usc_section='1251'; act_key='clean water act'; act_section='101'; act_resolution_evidence='table3-classification'; usc_section_verdict='exists'; usc_section_attested_at_edition=True; corroboration_rule='second-authority-behind-a-slash:agency-roster-initialism'; authority_in_own_cfr_note='present'; cfr_note_part='40 CFR 122'; authority_source='box'	33 USC 1251/CWA 101
ADDED	2040-AC69	199510	1	1	(no row) -> rin='2040-AC69'; publication_id='199510'; ordinal=1; authority_text='33 USC 1311/CWA 301'; authority_type='act_relative'; parse_status='corroborated'; usc_title=33; usc_section='1311'; act_key='clean water act'; act_section='301'; act_resolution_evidence='table3-classification'; usc_section_verdict='exists'; usc_section_attested_at_edition=True; corroboration_rule='second-authority-behind-a-slash:agency-roster-initialism'; authority_in_own_cfr_note='present'; cfr_note_part='40 CFR 122'; authority_source='box'	33 USC 1311/CWA 301
ADDED	2040-AC69	199510	2	1	(no row) -> rin='2040-AC69'; publication_id='199510'; ordinal=2; authority_text='33 USC 1314/CWA 304'; authority_type='act_relative'; parse_status='corroborated'; usc_title=33; usc_section='1314'; act_key='clean water act'; act_section='304'; act_resolution_evidence='table3-classification'; usc_section_verdict='exists'; usc_section_attested_at_edition=True; corroboration_rule='second-authority-behind-a-slash:agency-roster-initialism'; authority_in_own_cfr_note='present'; cfr_note_part='40 CFR 122'; authority_source='box'	33 USC 1314/CWA 304
ADDED	2040-AC69	199510	3	1	(no row) -> rin='2040-AC69'; publication_id='199510'; ordinal=3; authority_text='33 USC 1317/CWA 307'; authority_type='act_relative'; parse_status='corroborated'; usc_title=33; usc_section='1317'; act_key='clean water act'; act_section='307'; act_resolution_evidence='table3-classification'; usc_section_verdict='exists'; usc_section_attested_at_edition=True; corroboration_rule='second-authority-behind-a-slash:agency-roster-initialism'; authority_in_own_cfr_note='present'; cfr_note_part='40 CFR 122'; authority_source='box'	33 USC 1317/CWA 307
ADDED	2040-AC69	199510	4	1	(no row) -> rin='2040-AC69'; publication_id='199510'; ordinal=4; authority_text='33 USC 1328/CWA 318'; authority_type='act_relative'; parse_status='corroborated'; usc_title=33; usc_section='1328'; act_key='clean water act'; act_section='318'; act_resolution_evidence='table3-classification'; usc_section_verdict='exists'; usc_section_attested_at_edition=True; corroboration_rule='second-authority-behind-a-slash:agency-roster-initialism'; authority_in_own_cfr_note='present'; cfr_note_part='40 CFR 122'; authority_source='box'	33 USC 1328/CWA 318
ADDED	2040-AC69	199510	5	1	(no row) -> rin='2040-AC69'; publication_id='199510'; ordinal=5; authority_text='33 USC 1342/CWA 402'; authority_type='act_relative'; parse_status='corroborated'; usc_title=33; usc_section='1342'; act_key='clean water act'; act_section='402'; act_resolution_evidence='table3-classification'; usc_section_verdict='exists'; usc_section_attested_at_edition=True; corroboration_rule='second-authority-behind-a-slash:agency-roster-initialism'; authority_in_own_cfr_note='present'; cfr_note_part='40 CFR 122'; authority_source='box'	33 USC 1342/CWA 402
ADDED	2040-AC69	199510	6	1	(no row) -> rin='2040-AC69'; publication_id='199510'; ordinal=6; authority_text='33 USC 1345/CWA 405'; authority_type='act_relative'; parse_status='corroborated'; usc_title=33; usc_section='1345'; act_key='clean water act'; act_section='405'; act_resolution_evidence='table3-classification'; usc_section_verdict='exists'; usc_section_attested_at_edition=True; corroboration_rule='second-authority-behind-a-slash:agency-roster-initialism'; authority_in_own_cfr_note='present'; cfr_note_part='40 CFR 122'; authority_source='box'	33 USC 1345/CWA 405
ADDED	2040-AC69	199604	0	1	(no row) -> rin='2040-AC69'; publication_id='199604'; ordinal=0; authority_text='33 USC 1251/CWA 101'; authority_type='act_relative'; parse_status='corroborated'; usc_title=33; usc_section='1251'; act_key='clean water act'; act_section='101'; act_resolution_evidence='table3-classification'; usc_section_verdict='exists'; usc_section_attested_at_edition=True; corroboration_rule='second-authority-behind-a-slash:agency-roster-initialism'; authority_in_own_cfr_note='present'; cfr_note_part='40 CFR 122'; authority_source='box'	33 USC 1251/CWA 101
ADDED	2040-AC69	199604	1	1	(no row) -> rin='2040-AC69'; publication_id='199604'; ordinal=1; authority_text='33 USC 1311/CWA 301'; authority_type='act_relative'; parse_status='corroborated'; usc_title=33; usc_section='1311'; act_key='clean water act'; act_section='301'; act_resolution_evidence='table3-classification'; usc_section_verdict='exists'; usc_section_attested_at_edition=True; corroboration_rule='second-authority-behind-a-slash:agency-roster-initialism'; authority_in_own_cfr_note='present'; cfr_note_part='40 CFR 122'; authority_source='box'	33 USC 1311/CWA 301
ADDED	2040-AC69	199604	2	1	(no row) -> rin='2040-AC69'; publication_id='199604'; ordinal=2; authority_text='33 USC 1314/CWA 304'; authority_type='act_relative'; parse_status='corroborated'; usc_title=33; usc_section='1314'; act_key='clean water act'; act_section='304'; act_resolution_evidence='table3-classification'; usc_section_verdict='exists'; usc_section_attested_at_edition=True; corroboration_rule='second-authority-behind-a-slash:agency-roster-initialism'; authority_in_own_cfr_note='present'; cfr_note_part='40 CFR 122'; authority_source='box'	33 USC 1314/CWA 304
ADDED	2040-AC69	199604	3	1	(no row) -> rin='2040-AC69'; publication_id='199604'; ordinal=3; authority_text='33 USC 1317/CWA 307'; authority_type='act_relative'; parse_status='corroborated'; usc_title=33; usc_section='1317'; act_key='clean water act'; act_section='307'; act_resolution_evidence='table3-classification'; usc_section_verdict='exists'; usc_section_attested_at_edition=True; corroboration_rule='second-authority-behind-a-slash:agency-roster-initialism'; authority_in_own_cfr_note='present'; cfr_note_part='40 CFR 122'; authority_source='box'	33 USC 1317/CWA 307
ADDED	2040-AC69	199604	4	1	(no row) -> rin='2040-AC69'; publication_id='199604'; ordinal=4; authority_text='33 USC 1328/CWA 318'; authority_type='act_relative'; parse_status='corroborated'; usc_title=33; usc_section='1328'; act_key='clean water act'; act_section='318'; act_resolution_evidence='table3-classification'; usc_section_verdict='exists'; usc_section_attested_at_edition=True; corroboration_rule='second-authority-behind-a-slash:agency-roster-initialism'; authority_in_own_cfr_note='present'; cfr_note_part='40 CFR 122'; authority_source='box'	33 USC 1328/CWA 318
ADDED	2040-AC69	199604	5	1	(no row) -> rin='2040-AC69'; publication_id='199604'; ordinal=5; authority_text='33 USC 1342/CWA 402'; authority_type='act_relative'; parse_status='corroborated'; usc_title=33; usc_section='1342'; act_key='clean water act'; act_section='402'; act_resolution_evidence='table3-classification'; usc_section_verdict='exists'; usc_section_attested_at_edition=True; corroboration_rule='second-authority-behind-a-slash:agency-roster-initialism'; authority_in_own_cfr_note='present'; cfr_note_part='40 CFR 122'; authority_source='box'	33 USC 1342/CWA 402
ADDED	2040-AC69	199604	6	1	(no row) -> rin='2040-AC69'; publication_id='199604'; ordinal=6; authority_text='33 USC 1345/CWA 405'; authority_type='act_relative'; parse_status='corroborated'; usc_title=33; usc_section='1345'; act_key='clean water act'; act_section='405'; act_resolution_evidence='table3-classification'; usc_section_verdict='exists'; usc_section_attested_at_edition=True; corroboration_rule='second-authority-behind-a-slash:agency-roster-initialism'; authority_in_own_cfr_note='present'; cfr_note_part='40 CFR 122'; authority_source='box'	33 USC 1345/CWA 405
ADDED	2040-AC69	199610	0	1	(no row) -> rin='2040-AC69'; publication_id='199610'; ordinal=0; authority_text='33 USC 1251/CWA 101'; authority_type='act_relative'; parse_status='corroborated'; usc_title=33; usc_section='1251'; act_key='clean water act'; act_section='101'; act_resolution_evidence='table3-classification'; usc_section_verdict='exists'; usc_section_attested_at_edition=True; corroboration_rule='second-authority-behind-a-slash:agency-roster-initialism'; authority_in_own_cfr_note='present'; cfr_note_part='40 CFR 122'; authority_source='box'	33 USC 1251/CWA 101
ADDED	2040-AC69	199610	1	1	(no row) -> rin='2040-AC69'; publication_id='199610'; ordinal=1; authority_text='33 USC 1311/CWA 301'; authority_type='act_relative'; parse_status='corroborated'; usc_title=33; usc_section='1311'; act_key='clean water act'; act_section='301'; act_resolution_evidence='table3-classification'; usc_section_verdict='exists'; usc_section_attested_at_edition=True; corroboration_rule='second-authority-behind-a-slash:agency-roster-initialism'; authority_in_own_cfr_note='present'; cfr_note_part='40 CFR 122'; authority_source='box'	33 USC 1311/CWA 301
ADDED	2040-AC69	199610	2	1	(no row) -> rin='2040-AC69'; publication_id='199610'; ordinal=2; authority_text='33 USC 1314/CWA 304'; authority_type='act_relative'; parse_status='corroborated'; usc_title=33; usc_section='1314'; act_key='clean water act'; act_section='304'; act_resolution_evidence='table3-classification'; usc_section_verdict='exists'; usc_section_attested_at_edition=True; corroboration_rule='second-authority-behind-a-slash:agency-roster-initialism'; authority_in_own_cfr_note='present'; cfr_note_part='40 CFR 122'; authority_source='box'	33 USC 1314/CWA 304
ADDED	2040-AC69	199610	3	1	(no row) -> rin='2040-AC69'; publication_id='199610'; ordinal=3; authority_text='33 USC 1317/CWA 307'; authority_type='act_relative'; parse_status='corroborated'; usc_title=33; usc_section='1317'; act_key='clean water act'; act_section='307'; act_resolution_evidence='table3-classification'; usc_section_verdict='exists'; usc_section_attested_at_edition=True; corroboration_rule='second-authority-behind-a-slash:agency-roster-initialism'; authority_in_own_cfr_note='present'; cfr_note_part='40 CFR 122'; authority_source='box'	33 USC 1317/CWA 307
ADDED	2040-AC69	199610	4	1	(no row) -> rin='2040-AC69'; publication_id='199610'; ordinal=4; authority_text='33 USC 1328/CWA 318'; authority_type='act_relative'; parse_status='corroborated'; usc_title=33; usc_section='1328'; act_key='clean water act'; act_section='318'; act_resolution_evidence='table3-classification'; usc_section_verdict='exists'; usc_section_attested_at_edition=True; corroboration_rule='second-authority-behind-a-slash:agency-roster-initialism'; authority_in_own_cfr_note='present'; cfr_note_part='40 CFR 122'; authority_source='box'	33 USC 1328/CWA 318
ADDED	2040-AC69	199610	5	1	(no row) -> rin='2040-AC69'; publication_id='199610'; ordinal=5; authority_text='33 USC 1342/CWA 402'; authority_type='act_relative'; parse_status='corroborated'; usc_title=33; usc_section='1342'; act_key='clean water act'; act_section='402'; act_resolution_evidence='table3-classification'; usc_section_verdict='exists'; usc_section_attested_at_edition=True; corroboration_rule='second-authority-behind-a-slash:agency-roster-initialism'; authority_in_own_cfr_note='present'; cfr_note_part='40 CFR 122'; authority_source='box'	33 USC 1342/CWA 402
ADDED	2040-AC69	199610	6	1	(no row) -> rin='2040-AC69'; publication_id='199610'; ordinal=6; authority_text='33 USC 1345/CWA 405'; authority_type='act_relative'; parse_status='corroborated'; usc_title=33; usc_section='1345'; act_key='clean water act'; act_section='405'; act_resolution_evidence='table3-classification'; usc_section_verdict='exists'; usc_section_attested_at_edition=True; corroboration_rule='second-authority-behind-a-slash:agency-roster-initialism'; authority_in_own_cfr_note='present'; cfr_note_part='40 CFR 122'; authority_source='box'	33 USC 1345/CWA 405
ADDED	2040-AC69	199704	0	1	(no row) -> rin='2040-AC69'; publication_id='199704'; ordinal=0; authority_text='33 USC 1251/CWA 101'; authority_type='act_relative'; parse_status='corroborated'; usc_title=33; usc_section='1251'; act_key='clean water act'; act_section='101'; act_resolution_evidence='table3-classification'; usc_section_verdict='exists'; usc_section_attested_at_edition=True; corroboration_rule='second-authority-behind-a-slash:agency-roster-initialism'; authority_in_own_cfr_note='present'; cfr_note_part='40 CFR 122'; authority_source='box'	33 USC 1251/CWA 101
ADDED	2040-AC69	199704	1	1	(no row) -> rin='2040-AC69'; publication_id='199704'; ordinal=1; authority_text='33 USC 1311/CWA 301'; authority_type='act_relative'; parse_status='corroborated'; usc_title=33; usc_section='1311'; act_key='clean water act'; act_section='301'; act_resolution_evidence='table3-classification'; usc_section_verdict='exists'; usc_section_attested_at_edition=True; corroboration_rule='second-authority-behind-a-slash:agency-roster-initialism'; authority_in_own_cfr_note='present'; cfr_note_part='40 CFR 122'; authority_source='box'	33 USC 1311/CWA 301
ADDED	2040-AC69	199704	2	1	(no row) -> rin='2040-AC69'; publication_id='199704'; ordinal=2; authority_text='33 USC 1314/CWA 304'; authority_type='act_relative'; parse_status='corroborated'; usc_title=33; usc_section='1314'; act_key='clean water act'; act_section='304'; act_resolution_evidence='table3-classification'; usc_section_verdict='exists'; usc_section_attested_at_edition=True; corroboration_rule='second-authority-behind-a-slash:agency-roster-initialism'; authority_in_own_cfr_note='present'; cfr_note_part='40 CFR 122'; authority_source='box'	33 USC 1314/CWA 304
ADDED	2040-AC69	199704	3	1	(no row) -> rin='2040-AC69'; publication_id='199704'; ordinal=3; authority_text='33 USC 1317/CWA 307'; authority_type='act_relative'; parse_status='corroborated'; usc_title=33; usc_section='1317'; act_key='clean water act'; act_section='307'; act_resolution_evidence='table3-classification'; usc_section_verdict='exists'; usc_section_attested_at_edition=True; corroboration_rule='second-authority-behind-a-slash:agency-roster-initialism'; authority_in_own_cfr_note='present'; cfr_note_part='40 CFR 122'; authority_source='box'	33 USC 1317/CWA 307
ADDED	2040-AC69	199704	4	1	(no row) -> rin='2040-AC69'; publication_id='199704'; ordinal=4; authority_text='33 USC 1328/CWA 318'; authority_type='act_relative'; parse_status='corroborated'; usc_title=33; usc_section='1328'; act_key='clean water act'; act_section='318'; act_resolution_evidence='table3-classification'; usc_section_verdict='exists'; usc_section_attested_at_edition=True; corroboration_rule='second-authority-behind-a-slash:agency-roster-initialism'; authority_in_own_cfr_note='present'; cfr_note_part='40 CFR 122'; authority_source='box'	33 USC 1328/CWA 318
ADDED	2040-AC69	199704	5	1	(no row) -> rin='2040-AC69'; publication_id='199704'; ordinal=5; authority_text='33 USC 1342/CWA 402'; authority_type='act_relative'; parse_status='corroborated'; usc_title=33; usc_section='1342'; act_key='clean water act'; act_section='402'; act_resolution_evidence='table3-classification'; usc_section_verdict='exists'; usc_section_attested_at_edition=True; corroboration_rule='second-authority-behind-a-slash:agency-roster-initialism'; authority_in_own_cfr_note='present'; cfr_note_part='40 CFR 122'; authority_source='box'	33 USC 1342/CWA 402
ADDED	2040-AC69	199704	6	1	(no row) -> rin='2040-AC69'; publication_id='199704'; ordinal=6; authority_text='33 USC 1345/CWA 405'; authority_type='act_relative'; parse_status='corroborated'; usc_title=33; usc_section='1345'; act_key='clean water act'; act_section='405'; act_resolution_evidence='table3-classification'; usc_section_verdict='exists'; usc_section_attested_at_edition=True; corroboration_rule='second-authority-behind-a-slash:agency-roster-initialism'; authority_in_own_cfr_note='present'; cfr_note_part='40 CFR 122'; authority_source='box'	33 USC 1345/CWA 405
ADDED	2040-AC70	199510	0	1	(no row) -> rin='2040-AC70'; publication_id='199510'; ordinal=0; authority_text='33 USC 1311/CWA 301'; authority_type='act_relative'; parse_status='corroborated'; usc_title=33; usc_section='1311'; act_key='clean water act'; act_section='301'; act_resolution_evidence='table3-classification'; usc_section_verdict='exists'; usc_section_attested_at_edition=True; corroboration_rule='second-authority-behind-a-slash:agency-roster-initialism'; authority_in_own_cfr_note='present'; cfr_note_part='40 CFR 122'; authority_source='box'	33 USC 1311/CWA 301
ADDED	2040-AC70	199510	1	1	(no row) -> rin='2040-AC70'; publication_id='199510'; ordinal=1; authority_text='33 USC 1314/CWA 304'; authority_type='act_relative'; parse_status='corroborated'; usc_title=33; usc_section='1314'; act_key='clean water act'; act_section='304'; act_resolution_evidence='table3-classification'; usc_section_verdict='exists'; usc_section_attested_at_edition=True; corroboration_rule='second-authority-behind-a-slash:agency-roster-initialism'; authority_in_own_cfr_note='present'; cfr_note_part='40 CFR 122'; authority_source='box'	33 USC 1314/CWA 304
ADDED	2040-AC70	199510	2	1	(no row) -> rin='2040-AC70'; publication_id='199510'; ordinal=2; authority_text='33 USC 1312/CWA 302'; authority_type='act_relative'; parse_status='corroborated'; usc_title=33; usc_section='1312'; act_key='clean water act'; act_section='302'; act_resolution_evidence='table3-classification'; usc_section_verdict='exists'; usc_section_attested_at_edition=True; corroboration_rule='second-authority-behind-a-slash:agency-roster-initialism'; authority_in_own_cfr_note='present'; cfr_note_part='40 CFR 122'; authority_source='box'	33 USC 1312/CWA 302
ADDED	2040-AC70	199510	3	1	(no row) -> rin='2040-AC70'; publication_id='199510'; ordinal=3; authority_text='33 USC 1316/CWA 306'; authority_type='act_relative'; parse_status='corroborated'; usc_title=33; usc_section='1316'; act_key='clean water act'; act_section='306'; act_resolution_evidence='table3-classification'; usc_section_verdict='exists'; usc_section_attested_at_edition=True; corroboration_rule='second-authority-behind-a-slash:agency-roster-initialism'; authority_in_own_cfr_note='present'; cfr_note_part='40 CFR 122'; authority_source='box'	33 USC 1316/CWA 306
ADDED	2040-AC70	199510	4	1	(no row) -> rin='2040-AC70'; publication_id='199510'; ordinal=4; authority_text='33 USC 1318/CWA 308'; authority_type='act_relative'; parse_status='corroborated'; usc_title=33; usc_section='1318'; act_key='clean water act'; act_section='308'; act_resolution_evidence='table3-classification'; usc_section_verdict='exists'; usc_section_attested_at_edition=True; corroboration_rule='second-authority-behind-a-slash:agency-roster-initialism'; authority_in_own_cfr_note='present'; cfr_note_part='40 CFR 122'; authority_source='box'	33 USC 1318/CWA 308
ADDED	2040-AC70	199510	5	1	(no row) -> rin='2040-AC70'; publication_id='199510'; ordinal=5; authority_text='33 USC 1342/CWA 402'; authority_type='act_relative'; parse_status='corroborated'; usc_title=33; usc_section='1342'; act_key='clean water act'; act_section='402'; act_resolution_evidence='table3-classification'; usc_section_verdict='exists'; usc_section_attested_at_edition=True; corroboration_rule='second-authority-behind-a-slash:agency-roster-initialism'; authority_in_own_cfr_note='present'; cfr_note_part='40 CFR 122'; authority_source='box'	33 USC 1342/CWA 402
ADDED	2040-AC70	199510	6	1	(no row) -> rin='2040-AC70'; publication_id='199510'; ordinal=6; authority_text='33 USC 1361/CWA 501'; authority_type='act_relative'; parse_status='corroborated'; usc_title=33; usc_section='1361'; act_key='clean water act'; act_section='501'; act_resolution_evidence='table3-classification'; usc_section_verdict='exists'; usc_section_attested_at_edition=True; corroboration_rule='second-authority-behind-a-slash:agency-roster-initialism'; authority_in_own_cfr_note='present'; cfr_note_part='40 CFR 122'; authority_source='box'	33 USC 1361/CWA 501
ADDED	2040-AC70	199604	0	1	(no row) -> rin='2040-AC70'; publication_id='199604'; ordinal=0; authority_text='33 USC 1311/CWA 301'; authority_type='act_relative'; parse_status='corroborated'; usc_title=33; usc_section='1311'; act_key='clean water act'; act_section='301'; act_resolution_evidence='table3-classification'; usc_section_verdict='exists'; usc_section_attested_at_edition=True; corroboration_rule='second-authority-behind-a-slash:agency-roster-initialism'; authority_in_own_cfr_note='present'; cfr_note_part='40 CFR 122'; authority_source='box'	33 USC 1311/CWA 301
ADDED	2040-AC70	199604	1	1	(no row) -> rin='2040-AC70'; publication_id='199604'; ordinal=1; authority_text='33 USC 1314/CWA 304'; authority_type='act_relative'; parse_status='corroborated'; usc_title=33; usc_section='1314'; act_key='clean water act'; act_section='304'; act_resolution_evidence='table3-classification'; usc_section_verdict='exists'; usc_section_attested_at_edition=True; corroboration_rule='second-authority-behind-a-slash:agency-roster-initialism'; authority_in_own_cfr_note='present'; cfr_note_part='40 CFR 122'; authority_source='box'	33 USC 1314/CWA 304
ADDED	2040-AC70	199604	2	1	(no row) -> rin='2040-AC70'; publication_id='199604'; ordinal=2; authority_text='33 USC 1312/CWA 302'; authority_type='act_relative'; parse_status='corroborated'; usc_title=33; usc_section='1312'; act_key='clean water act'; act_section='302'; act_resolution_evidence='table3-classification'; usc_section_verdict='exists'; usc_section_attested_at_edition=True; corroboration_rule='second-authority-behind-a-slash:agency-roster-initialism'; authority_in_own_cfr_note='present'; cfr_note_part='40 CFR 122'; authority_source='box'	33 USC 1312/CWA 302
ADDED	2040-AC70	199604	3	1	(no row) -> rin='2040-AC70'; publication_id='199604'; ordinal=3; authority_text='33 USC 1316/CWA 306'; authority_type='act_relative'; parse_status='corroborated'; usc_title=33; usc_section='1316'; act_key='clean water act'; act_section='306'; act_resolution_evidence='table3-classification'; usc_section_verdict='exists'; usc_section_attested_at_edition=True; corroboration_rule='second-authority-behind-a-slash:agency-roster-initialism'; authority_in_own_cfr_note='present'; cfr_note_part='40 CFR 122'; authority_source='box'	33 USC 1316/CWA 306
ADDED	2040-AC70	199604	4	1	(no row) -> rin='2040-AC70'; publication_id='199604'; ordinal=4; authority_text='33 USC 1318/CWA 308'; authority_type='act_relative'; parse_status='corroborated'; usc_title=33; usc_section='1318'; act_key='clean water act'; act_section='308'; act_resolution_evidence='table3-classification'; usc_section_verdict='exists'; usc_section_attested_at_edition=True; corroboration_rule='second-authority-behind-a-slash:agency-roster-initialism'; authority_in_own_cfr_note='present'; cfr_note_part='40 CFR 122'; authority_source='box'	33 USC 1318/CWA 308
ADDED	2040-AC70	199604	5	1	(no row) -> rin='2040-AC70'; publication_id='199604'; ordinal=5; authority_text='33 USC 1342/CWA 402'; authority_type='act_relative'; parse_status='corroborated'; usc_title=33; usc_section='1342'; act_key='clean water act'; act_section='402'; act_resolution_evidence='table3-classification'; usc_section_verdict='exists'; usc_section_attested_at_edition=True; corroboration_rule='second-authority-behind-a-slash:agency-roster-initialism'; authority_in_own_cfr_note='present'; cfr_note_part='40 CFR 122'; authority_source='box'	33 USC 1342/CWA 402
ADDED	2040-AC70	199604	6	1	(no row) -> rin='2040-AC70'; publication_id='199604'; ordinal=6; authority_text='33 USC 1361/CWA 501'; authority_type='act_relative'; parse_status='corroborated'; usc_title=33; usc_section='1361'; act_key='clean water act'; act_section='501'; act_resolution_evidence='table3-classification'; usc_section_verdict='exists'; usc_section_attested_at_edition=True; corroboration_rule='second-authority-behind-a-slash:agency-roster-initialism'; authority_in_own_cfr_note='present'; cfr_note_part='40 CFR 122'; authority_source='box'	33 USC 1361/CWA 501
ADDED	2040-AC70	199610	0	1	(no row) -> rin='2040-AC70'; publication_id='199610'; ordinal=0; authority_text='33 USC 1311/CWA 301'; authority_type='act_relative'; parse_status='corroborated'; usc_title=33; usc_section='1311'; act_key='clean water act'; act_section='301'; act_resolution_evidence='table3-classification'; usc_section_verdict='exists'; usc_section_attested_at_edition=True; corroboration_rule='second-authority-behind-a-slash:agency-roster-initialism'; authority_in_own_cfr_note='present'; cfr_note_part='40 CFR 122'; authority_source='box'	33 USC 1311/CWA 301
ADDED	2040-AC70	199610	1	1	(no row) -> rin='2040-AC70'; publication_id='199610'; ordinal=1; authority_text='33 USC 1314/CWA 304'; authority_type='act_relative'; parse_status='corroborated'; usc_title=33; usc_section='1314'; act_key='clean water act'; act_section='304'; act_resolution_evidence='table3-classification'; usc_section_verdict='exists'; usc_section_attested_at_edition=True; corroboration_rule='second-authority-behind-a-slash:agency-roster-initialism'; authority_in_own_cfr_note='present'; cfr_note_part='40 CFR 122'; authority_source='box'	33 USC 1314/CWA 304
ADDED	2040-AC70	199610	2	1	(no row) -> rin='2040-AC70'; publication_id='199610'; ordinal=2; authority_text='33 USC 1312/CWA 302'; authority_type='act_relative'; parse_status='corroborated'; usc_title=33; usc_section='1312'; act_key='clean water act'; act_section='302'; act_resolution_evidence='table3-classification'; usc_section_verdict='exists'; usc_section_attested_at_edition=True; corroboration_rule='second-authority-behind-a-slash:agency-roster-initialism'; authority_in_own_cfr_note='present'; cfr_note_part='40 CFR 122'; authority_source='box'	33 USC 1312/CWA 302
ADDED	2040-AC70	199610	3	1	(no row) -> rin='2040-AC70'; publication_id='199610'; ordinal=3; authority_text='33 USC 1316/CWA 306'; authority_type='act_relative'; parse_status='corroborated'; usc_title=33; usc_section='1316'; act_key='clean water act'; act_section='306'; act_resolution_evidence='table3-classification'; usc_section_verdict='exists'; usc_section_attested_at_edition=True; corroboration_rule='second-authority-behind-a-slash:agency-roster-initialism'; authority_in_own_cfr_note='present'; cfr_note_part='40 CFR 122'; authority_source='box'	33 USC 1316/CWA 306
ADDED	2040-AC70	199610	4	1	(no row) -> rin='2040-AC70'; publication_id='199610'; ordinal=4; authority_text='33 USC 1318/CWA 308'; authority_type='act_relative'; parse_status='corroborated'; usc_title=33; usc_section='1318'; act_key='clean water act'; act_section='308'; act_resolution_evidence='table3-classification'; usc_section_verdict='exists'; usc_section_attested_at_edition=True; corroboration_rule='second-authority-behind-a-slash:agency-roster-initialism'; authority_in_own_cfr_note='present'; cfr_note_part='40 CFR 122'; authority_source='box'	33 USC 1318/CWA 308
ADDED	2040-AC70	199610	5	1	(no row) -> rin='2040-AC70'; publication_id='199610'; ordinal=5; authority_text='33 USC 1342/CWA 402'; authority_type='act_relative'; parse_status='corroborated'; usc_title=33; usc_section='1342'; act_key='clean water act'; act_section='402'; act_resolution_evidence='table3-classification'; usc_section_verdict='exists'; usc_section_attested_at_edition=True; corroboration_rule='second-authority-behind-a-slash:agency-roster-initialism'; authority_in_own_cfr_note='present'; cfr_note_part='40 CFR 122'; authority_source='box'	33 USC 1342/CWA 402
ADDED	2040-AC70	199610	6	1	(no row) -> rin='2040-AC70'; publication_id='199610'; ordinal=6; authority_text='33 USC 1361/CWA 501'; authority_type='act_relative'; parse_status='corroborated'; usc_title=33; usc_section='1361'; act_key='clean water act'; act_section='501'; act_resolution_evidence='table3-classification'; usc_section_verdict='exists'; usc_section_attested_at_edition=True; corroboration_rule='second-authority-behind-a-slash:agency-roster-initialism'; authority_in_own_cfr_note='present'; cfr_note_part='40 CFR 122'; authority_source='box'	33 USC 1361/CWA 501
ADDED	2040-AC70	199704	0	1	(no row) -> rin='2040-AC70'; publication_id='199704'; ordinal=0; authority_text='33 USC 1311/CWA 301'; authority_type='act_relative'; parse_status='corroborated'; usc_title=33; usc_section='1311'; act_key='clean water act'; act_section='301'; act_resolution_evidence='table3-classification'; usc_section_verdict='exists'; usc_section_attested_at_edition=True; corroboration_rule='second-authority-behind-a-slash:agency-roster-initialism'; authority_in_own_cfr_note='present'; cfr_note_part='40 CFR 122'; authority_source='box'	33 USC 1311/CWA 301
ADDED	2040-AC70	199704	1	1	(no row) -> rin='2040-AC70'; publication_id='199704'; ordinal=1; authority_text='33 USC 1314/CWA 304'; authority_type='act_relative'; parse_status='corroborated'; usc_title=33; usc_section='1314'; act_key='clean water act'; act_section='304'; act_resolution_evidence='table3-classification'; usc_section_verdict='exists'; usc_section_attested_at_edition=True; corroboration_rule='second-authority-behind-a-slash:agency-roster-initialism'; authority_in_own_cfr_note='present'; cfr_note_part='40 CFR 122'; authority_source='box'	33 USC 1314/CWA 304
ADDED	2040-AC70	199704	2	1	(no row) -> rin='2040-AC70'; publication_id='199704'; ordinal=2; authority_text='33 USC 1312/CWA 302'; authority_type='act_relative'; parse_status='corroborated'; usc_title=33; usc_section='1312'; act_key='clean water act'; act_section='302'; act_resolution_evidence='table3-classification'; usc_section_verdict='exists'; usc_section_attested_at_edition=True; corroboration_rule='second-authority-behind-a-slash:agency-roster-initialism'; authority_in_own_cfr_note='present'; cfr_note_part='40 CFR 122'; authority_source='box'	33 USC 1312/CWA 302
ADDED	2040-AC70	199704	3	1	(no row) -> rin='2040-AC70'; publication_id='199704'; ordinal=3; authority_text='33 USC 1316/CWA 306'; authority_type='act_relative'; parse_status='corroborated'; usc_title=33; usc_section='1316'; act_key='clean water act'; act_section='306'; act_resolution_evidence='table3-classification'; usc_section_verdict='exists'; usc_section_attested_at_edition=True; corroboration_rule='second-authority-behind-a-slash:agency-roster-initialism'; authority_in_own_cfr_note='present'; cfr_note_part='40 CFR 122'; authority_source='box'	33 USC 1316/CWA 306
ADDED	2040-AC70	199704	4	1	(no row) -> rin='2040-AC70'; publication_id='199704'; ordinal=4; authority_text='33 USC 1318/CWA 308'; authority_type='act_relative'; parse_status='corroborated'; usc_title=33; usc_section='1318'; act_key='clean water act'; act_section='308'; act_resolution_evidence='table3-classification'; usc_section_verdict='exists'; usc_section_attested_at_edition=True; corroboration_rule='second-authority-behind-a-slash:agency-roster-initialism'; authority_in_own_cfr_note='present'; cfr_note_part='40 CFR 122'; authority_source='box'	33 USC 1318/CWA 308
ADDED	2040-AC70	199704	5	1	(no row) -> rin='2040-AC70'; publication_id='199704'; ordinal=5; authority_text='33 USC 1342/CWA 402'; authority_type='act_relative'; parse_status='corroborated'; usc_title=33; usc_section='1342'; act_key='clean water act'; act_section='402'; act_resolution_evidence='table3-classification'; usc_section_verdict='exists'; usc_section_attested_at_edition=True; corroboration_rule='second-authority-behind-a-slash:agency-roster-initialism'; authority_in_own_cfr_note='present'; cfr_note_part='40 CFR 122'; authority_source='box'	33 USC 1342/CWA 402
ADDED	2040-AC70	199704	6	1	(no row) -> rin='2040-AC70'; publication_id='199704'; ordinal=6; authority_text='33 USC 1361/CWA 501'; authority_type='act_relative'; parse_status='corroborated'; usc_title=33; usc_section='1361'; act_key='clean water act'; act_section='501'; act_resolution_evidence='table3-classification'; usc_section_verdict='exists'; usc_section_attested_at_edition=True; corroboration_rule='second-authority-behind-a-slash:agency-roster-initialism'; authority_in_own_cfr_note='present'; cfr_note_part='40 CFR 122'; authority_source='box'	33 USC 1361/CWA 501
ADDED	2040-AC72	199510	0	1	(no row) -> rin='2040-AC72'; publication_id='199510'; ordinal=0; authority_text='33 USC 1251/CWA 303'; authority_type='act_relative'; parse_status='corroborated'; usc_title=33; usc_section='1313'; act_key='clean water act'; act_section='303'; act_resolution_evidence='table3-classification'; usc_section_verdict='exists'; usc_section_attested_at_edition=True; corroboration_rule='second-authority-behind-a-slash:agency-roster-initialism'; authority_in_own_cfr_note='present'; cfr_note_part='40 CFR 125'; authority_source='box'	33 USC 1251/CWA 303
ADDED	2040-AC72	199604	0	1	(no row) -> rin='2040-AC72'; publication_id='199604'; ordinal=0; authority_text='33 USC 1251/CWA 303'; authority_type='act_relative'; parse_status='corroborated'; usc_title=33; usc_section='1313'; act_key='clean water act'; act_section='303'; act_resolution_evidence='table3-classification'; usc_section_verdict='exists'; usc_section_attested_at_edition=True; corroboration_rule='second-authority-behind-a-slash:agency-roster-initialism'; authority_in_own_cfr_note='present'; cfr_note_part='40 CFR 125'; authority_source='box'	33 USC 1251/CWA 303
ADDED	2040-AC72	199610	0	1	(no row) -> rin='2040-AC72'; publication_id='199610'; ordinal=0; authority_text='33 USC 1251/CWA 303'; authority_type='act_relative'; parse_status='corroborated'; usc_title=33; usc_section='1313'; act_key='clean water act'; act_section='303'; act_resolution_evidence='table3-classification'; usc_section_verdict='exists'; usc_section_attested_at_edition=True; corroboration_rule='second-authority-behind-a-slash:agency-roster-initialism'; authority_in_own_cfr_note='present'; cfr_note_part='40 CFR 125'; authority_source='box'	33 USC 1251/CWA 303
ADDED	2040-AC73	199510	0	1	(no row) -> rin='2040-AC73'; publication_id='199510'; ordinal=0; authority_text='42 USC 300/SDWA 1445'; authority_type='act_relative'; parse_status='corroborated'; usc_title=42; usc_section='300j-4'; act_key='safe drinking water act'; act_section='1445'; act_resolution_evidence='table3-classification'; usc_section_verdict='exists'; usc_section_attested_at_edition=True; corroboration_rule='second-authority-behind-a-slash:agency-roster-initialism'; authority_in_own_cfr_note='absent'; cfr_note_part='40 CFR 141'; authority_source='box'	42 USC 300/SDWA 1445
ADDED	2040-AC73	199604	0	1	(no row) -> rin='2040-AC73'; publication_id='199604'; ordinal=0; authority_text='42 USC 300j-4 /SDWA 1445'; authority_type='act_relative'; parse_status='corroborated'; usc_title=42; usc_section='300j-4'; act_key='safe drinking water act'; act_section='1445'; act_resolution_evidence='table3-classification'; usc_section_verdict='exists'; usc_section_attested_at_edition=True; corroboration_rule='second-authority-behind-a-slash:agency-roster-initialism'; authority_in_own_cfr_note='absent'; cfr_note_part='40 CFR 141'; authority_source='box'	42 USC 300j-4 /SDWA 1445
ADDED	2040-AC73	199610	0	1	(no row) -> rin='2040-AC73'; publication_id='199610'; ordinal=0; authority_text='42 USC 300j-4 /SDWA 1445'; authority_type='act_relative'; parse_status='corroborated'; usc_title=42; usc_section='300j-4'; act_key='safe drinking water act'; act_section='1445'; act_resolution_evidence='table3-classification'; usc_section_verdict='exists'; usc_section_attested_at_edition=True; corroboration_rule='second-authority-behind-a-slash:agency-roster-initialism'; authority_in_own_cfr_note='absent'; cfr_note_part='40 CFR 141'; authority_source='box'	42 USC 300j-4 /SDWA 1445
ADDED	2040-AC73	199704	0	1	(no row) -> rin='2040-AC73'; publication_id='199704'; ordinal=0; authority_text='42 USC 300j-4 /SDWA 1445'; authority_type='act_relative'; parse_status='corroborated'; usc_title=42; usc_section='300j-4'; act_key='safe drinking water act'; act_section='1445'; act_resolution_evidence='table3-classification'; usc_section_verdict='exists'; usc_section_attested_at_edition=True; corroboration_rule='second-authority-behind-a-slash:agency-roster-initialism'; authority_in_own_cfr_note='absent'; cfr_note_part='40 CFR 141'; authority_source='box'	42 USC 300j-4 /SDWA 1445
ADDED	2040-AC74	199510	0	1	(no row) -> rin='2040-AC74'; publication_id='199510'; ordinal=0; authority_text='33 USC 1316/CWA 306'; authority_type='act_relative'; parse_status='corroborated'; usc_title=33; usc_section='1316'; act_key='clean water act'; act_section='306'; act_resolution_evidence='table3-classification'; usc_section_verdict='exists'; usc_section_attested_at_edition=True; corroboration_rule='second-authority-behind-a-slash:agency-roster-initialism'; authority_in_own_cfr_note='absent'; cfr_note_part='40 CFR 440'; authority_source='box'	33 USC 1316/CWA 306
ADDED	2040-AC74	199604	0	1	(no row) -> rin='2040-AC74'; publication_id='199604'; ordinal=0; authority_text='33 USC 1316/CWA 306'; authority_type='act_relative'; parse_status='corroborated'; usc_title=33; usc_section='1316'; act_key='clean water act'; act_section='306'; act_resolution_evidence='table3-classification'; usc_section_verdict='exists'; usc_section_attested_at_edition=True; corroboration_rule='second-authority-behind-a-slash:agency-roster-initialism'; authority_in_own_cfr_note='absent'; cfr_note_part='40 CFR 440'; authority_source='box'	33 USC 1316/CWA 306
ADDED	2040-AC74	199610	0	1	(no row) -> rin='2040-AC74'; publication_id='199610'; ordinal=0; authority_text='33 USC 1311/CWA 301'; authority_type='act_relative'; parse_status='corroborated'; usc_title=33; usc_section='1311'; act_key='clean water act'; act_section='301'; act_resolution_evidence='table3-classification'; usc_section_verdict='exists'; usc_section_attested_at_edition=True; corroboration_rule='second-authority-behind-a-slash:agency-roster-initialism'; authority_in_own_cfr_note='absent'; cfr_note_part='40 CFR 440'; authority_source='box'	33 USC 1311/CWA 301
ADDED	2040-AC74	199610	1	1	(no row) -> rin='2040-AC74'; publication_id='199610'; ordinal=1; authority_text='33 USC 1314/CWA 304'; authority_type='act_relative'; parse_status='corroborated'; usc_title=33; usc_section='1314'; act_key='clean water act'; act_section='304'; act_resolution_evidence='table3-classification'; usc_section_verdict='exists'; usc_section_attested_at_edition=True; corroboration_rule='second-authority-behind-a-slash:agency-roster-initialism'; authority_in_own_cfr_note='absent'; cfr_note_part='40 CFR 440'; authority_source='box'	33 USC 1314/CWA 304
ADDED	2040-AC74	199610	2	1	(no row) -> rin='2040-AC74'; publication_id='199610'; ordinal=2; authority_text='33 USC 1316/CWA 306'; authority_type='act_relative'; parse_status='corroborated'; usc_title=33; usc_section='1316'; act_key='clean water act'; act_section='306'; act_resolution_evidence='table3-classification'; usc_section_verdict='exists'; usc_section_attested_at_edition=True; corroboration_rule='second-authority-behind-a-slash:agency-roster-initialism'; authority_in_own_cfr_note='absent'; cfr_note_part='40 CFR 440'; authority_source='box'	33 USC 1316/CWA 306
ADDED	2040-AC74	199704	0	1	(no row) -> rin='2040-AC74'; publication_id='199704'; ordinal=0; authority_text='33 USC 1311/CWA 301'; authority_type='act_relative'; parse_status='corroborated'; usc_title=33; usc_section='1311'; act_key='clean water act'; act_section='301'; act_resolution_evidence='table3-classification'; usc_section_verdict='exists'; usc_section_attested_at_edition=True; corroboration_rule='second-authority-behind-a-slash:agency-roster-initialism'; authority_in_own_cfr_note='absent'; cfr_note_part='40 CFR 440'; authority_source='box'	33 USC 1311/CWA 301
ADDED	2040-AC74	199704	1	1	(no row) -> rin='2040-AC74'; publication_id='199704'; ordinal=1; authority_text='33 USC 1314/CWA 304'; authority_type='act_relative'; parse_status='corroborated'; usc_title=33; usc_section='1314'; act_key='clean water act'; act_section='304'; act_resolution_evidence='table3-classification'; usc_section_verdict='exists'; usc_section_attested_at_edition=True; corroboration_rule='second-authority-behind-a-slash:agency-roster-initialism'; authority_in_own_cfr_note='absent'; cfr_note_part='40 CFR 440'; authority_source='box'	33 USC 1314/CWA 304
ADDED	2040-AC74	199704	2	1	(no row) -> rin='2040-AC74'; publication_id='199704'; ordinal=2; authority_text='33 USC 1316/CWA 306'; authority_type='act_relative'; parse_status='corroborated'; usc_title=33; usc_section='1316'; act_key='clean water act'; act_section='306'; act_resolution_evidence='table3-classification'; usc_section_verdict='exists'; usc_section_attested_at_edition=True; corroboration_rule='second-authority-behind-a-slash:agency-roster-initialism'; authority_in_own_cfr_note='absent'; cfr_note_part='40 CFR 440'; authority_source='box'	33 USC 1316/CWA 306
ADDED	2040-AC75	199510	0	1	(no row) -> rin='2040-AC75'; publication_id='199510'; ordinal=0; authority_text='33 USC 1251/CWA 303'; authority_type='act_relative'; parse_status='corroborated'; usc_title=33; usc_section='1313'; act_key='clean water act'; act_section='303'; act_resolution_evidence='table3-classification'; usc_section_verdict='exists'; usc_section_attested_at_edition=True; corroboration_rule='second-authority-behind-a-slash:agency-roster-initialism'; authority_in_own_cfr_note='present'; cfr_note_part='40 CFR 122'; authority_source='box'	33 USC 1251/CWA 303
ADDED	2040-AC75	199510	1	1	(no row) -> rin='2040-AC75'; publication_id='199510'; ordinal=1; authority_text='33 USC 1314(h)/CWA 304'; authority_type='act_relative'; parse_status='corroborated'; usc_title=33; usc_section='1314'; act_key='clean water act'; act_section='304'; act_resolution_evidence='table3-classification'; usc_section_verdict='exists'; usc_section_attested_at_edition=True; corroboration_rule='second-authority-behind-a-slash:agency-roster-initialism'; authority_in_own_cfr_note='present'; cfr_note_part='40 CFR 122'; authority_source='box'	33 USC 1314(h)/CWA 304
ADDED	2040-AC75	199510	2	1	(no row) -> rin='2040-AC75'; publication_id='199510'; ordinal=2; authority_text='33 USC 1361(a)/CWA 501'; authority_type='act_relative'; parse_status='corroborated'; usc_title=33; usc_section='1361'; act_key='clean water act'; act_section='501'; act_resolution_evidence='table3-classification'; usc_section_verdict='exists'; usc_section_attested_at_edition=True; corroboration_rule='second-authority-behind-a-slash:agency-roster-initialism'; authority_in_own_cfr_note='present'; cfr_note_part='40 CFR 122'; authority_source='box'	33 USC 1361(a)/CWA 501
ADDED	2040-AC75	199604	0	1	(no row) -> rin='2040-AC75'; publication_id='199604'; ordinal=0; authority_text='33 USC 1314(h)/CWA 304(h)'; authority_type='act_relative'; parse_status='corroborated'; usc_title=33; usc_section='1314'; act_key='clean water act'; act_section='304'; act_resolution_evidence='table3-classification'; usc_section_verdict='exists'; usc_section_attested_at_edition=True; corroboration_rule='second-authority-behind-a-slash:agency-roster-initialism'; authority_in_own_cfr_note='present'; cfr_note_part='40 CFR 122'; authority_source='box'	33 USC 1314(h)/CWA 304(h)
ADDED	2040-AC75	199604	1	1	(no row) -> rin='2040-AC75'; publication_id='199604'; ordinal=1; authority_text='33 USC 1361(a)/CWA 501'; authority_type='act_relative'; parse_status='corroborated'; usc_title=33; usc_section='1361'; act_key='clean water act'; act_section='501'; act_resolution_evidence='table3-classification'; usc_section_verdict='exists'; usc_section_attested_at_edition=True; corroboration_rule='second-authority-behind-a-slash:agency-roster-initialism'; authority_in_own_cfr_note='present'; cfr_note_part='40 CFR 122'; authority_source='box'	33 USC 1361(a)/CWA 501
ADDED	2040-AC75	199610	0	1	(no row) -> rin='2040-AC75'; publication_id='199610'; ordinal=0; authority_text='33 USC 1314(h)/CWA 304(h)'; authority_type='act_relative'; parse_status='corroborated'; usc_title=33; usc_section='1314'; act_key='clean water act'; act_section='304'; act_resolution_evidence='table3-classification'; usc_section_verdict='exists'; usc_section_attested_at_edition=True; corroboration_rule='second-authority-behind-a-slash:agency-roster-initialism'; authority_in_own_cfr_note='present'; cfr_note_part='40 CFR 122'; authority_source='box'	33 USC 1314(h)/CWA 304(h)
ADDED	2040-AC75	199610	1	1	(no row) -> rin='2040-AC75'; publication_id='199610'; ordinal=1; authority_text='33 USC 1361(a)/CWA 501'; authority_type='act_relative'; parse_status='corroborated'; usc_title=33; usc_section='1361'; act_key='clean water act'; act_section='501'; act_resolution_evidence='table3-classification'; usc_section_verdict='exists'; usc_section_attested_at_edition=True; corroboration_rule='second-authority-behind-a-slash:agency-roster-initialism'; authority_in_own_cfr_note='present'; cfr_note_part='40 CFR 122'; authority_source='box'	33 USC 1361(a)/CWA 501
ADDED	2040-AC75	199704	0	1	(no row) -> rin='2040-AC75'; publication_id='199704'; ordinal=0; authority_text='33 USC 1314(h)/CWA 304(h)'; authority_type='act_relative'; parse_status='corroborated'; usc_title=33; usc_section='1314'; act_key='clean water act'; act_section='304'; act_resolution_evidence='table3-classification'; usc_section_verdict='exists'; usc_section_attested_at_edition=True; corroboration_rule='second-authority-behind-a-slash:agency-roster-initialism'; authority_in_own_cfr_note='present'; cfr_note_part='40 CFR 122'; authority_source='box'	33 USC 1314(h)/CWA 304(h)
ADDED	2040-AC75	199704	1	1	(no row) -> rin='2040-AC75'; publication_id='199704'; ordinal=1; authority_text='33 USC 1361(a)/CWA 501'; authority_type='act_relative'; parse_status='corroborated'; usc_title=33; usc_section='1361'; act_key='clean water act'; act_section='501'; act_resolution_evidence='table3-classification'; usc_section_verdict='exists'; usc_section_attested_at_edition=True; corroboration_rule='second-authority-behind-a-slash:agency-roster-initialism'; authority_in_own_cfr_note='present'; cfr_note_part='40 CFR 122'; authority_source='box'	33 USC 1361(a)/CWA 501
ADDED	2040-AC76	199510	0	1	(no row) -> rin='2040-AC76'; publication_id='199510'; ordinal=0; authority_text='33 USC 1251/CWA 303'; authority_type='act_relative'; parse_status='corroborated'; usc_title=33; usc_section='1313'; act_key='clean water act'; act_section='303'; act_resolution_evidence='table3-classification'; usc_section_verdict='exists'; usc_section_attested_at_edition=True; corroboration_rule='second-authority-behind-a-slash:agency-roster-initialism'; authority_in_own_cfr_note='present'; cfr_note_part='40 CFR 122'; authority_source='box'	33 USC 1251/CWA 303
ADDED	2040-AC76	199510	1	1	(no row) -> rin='2040-AC76'; publication_id='199510'; ordinal=1; authority_text='33 USC 1314(h)/CWA 304'; authority_type='act_relative'; parse_status='corroborated'; usc_title=33; usc_section='1314'; act_key='clean water act'; act_section='304'; act_resolution_evidence='table3-classification'; usc_section_verdict='exists'; usc_section_attested_at_edition=True; corroboration_rule='second-authority-behind-a-slash:agency-roster-initialism'; authority_in_own_cfr_note='present'; cfr_note_part='40 CFR 122'; authority_source='box'	33 USC 1314(h)/CWA 304
ADDED	2040-AC76	199510	2	1	(no row) -> rin='2040-AC76'; publication_id='199510'; ordinal=2; authority_text='33 USC 1361(a)/CWA 501'; authority_type='act_relative'; parse_status='corroborated'; usc_title=33; usc_section='1361'; act_key='clean water act'; act_section='501'; act_resolution_evidence='table3-classification'; usc_section_verdict='exists'; usc_section_attested_at_edition=True; corroboration_rule='second-authority-behind-a-slash:agency-roster-initialism'; authority_in_own_cfr_note='present'; cfr_note_part='40 CFR 122'; authority_source='box'	33 USC 1361(a)/CWA 501
ADDED	2040-AC76	199604	0	1	(no row) -> rin='2040-AC76'; publication_id='199604'; ordinal=0; authority_text='33 USC 1314(h)/CWA 304(h)'; authority_type='act_relative'; parse_status='corroborated'; usc_title=33; usc_section='1314'; act_key='clean water act'; act_section='304'; act_resolution_evidence='table3-classification'; usc_section_verdict='exists'; usc_section_attested_at_edition=True; corroboration_rule='second-authority-behind-a-slash:agency-roster-initialism'; authority_in_own_cfr_note='present'; cfr_note_part='40 CFR 122'; authority_source='box'	33 USC 1314(h)/CWA 304(h)
ADDED	2040-AC76	199604	1	1	(no row) -> rin='2040-AC76'; publication_id='199604'; ordinal=1; authority_text='33 USC 1361(a)/CWA 501(a)'; authority_type='act_relative'; parse_status='corroborated'; usc_title=33; usc_section='1361'; act_key='clean water act'; act_section='501'; act_resolution_evidence='table3-classification'; usc_section_verdict='exists'; usc_section_attested_at_edition=True; corroboration_rule='second-authority-behind-a-slash:agency-roster-initialism'; authority_in_own_cfr_note='present'; cfr_note_part='40 CFR 122'; authority_source='box'	33 USC 1361(a)/CWA 501(a)
ADDED	2040-AC76	199610	0	1	(no row) -> rin='2040-AC76'; publication_id='199610'; ordinal=0; authority_text='33 USC 1314(h)/CWA 304(h)'; authority_type='act_relative'; parse_status='corroborated'; usc_title=33; usc_section='1314'; act_key='clean water act'; act_section='304'; act_resolution_evidence='table3-classification'; usc_section_verdict='exists'; usc_section_attested_at_edition=True; corroboration_rule='second-authority-behind-a-slash:agency-roster-initialism'; authority_in_own_cfr_note='present'; cfr_note_part='40 CFR 122'; authority_source='box'	33 USC 1314(h)/CWA 304(h)
ADDED	2040-AC76	199610	1	1	(no row) -> rin='2040-AC76'; publication_id='199610'; ordinal=1; authority_text='33 USC 1361(a)/CWA 501(a)'; authority_type='act_relative'; parse_status='corroborated'; usc_title=33; usc_section='1361'; act_key='clean water act'; act_section='501'; act_resolution_evidence='table3-classification'; usc_section_verdict='exists'; usc_section_attested_at_edition=True; corroboration_rule='second-authority-behind-a-slash:agency-roster-initialism'; authority_in_own_cfr_note='present'; cfr_note_part='40 CFR 122'; authority_source='box'	33 USC 1361(a)/CWA 501(a)
ADDED	2040-AC76	199704	0	1	(no row) -> rin='2040-AC76'; publication_id='199704'; ordinal=0; authority_text='33 USC 1314(h)/CWA 304(h)'; authority_type='act_relative'; parse_status='corroborated'; usc_title=33; usc_section='1314'; act_key='clean water act'; act_section='304'; act_resolution_evidence='table3-classification'; usc_section_verdict='exists'; usc_section_attested_at_edition=True; corroboration_rule='second-authority-behind-a-slash:agency-roster-initialism'; authority_in_own_cfr_note='present'; cfr_note_part='40 CFR 122'; authority_source='box'	33 USC 1314(h)/CWA 304(h)
ADDED	2040-AC76	199704	1	1	(no row) -> rin='2040-AC76'; publication_id='199704'; ordinal=1; authority_text='33 USC 1361(a)/CWA 501(a)'; authority_type='act_relative'; parse_status='corroborated'; usc_title=33; usc_section='1361'; act_key='clean water act'; act_section='501'; act_resolution_evidence='table3-classification'; usc_section_verdict='exists'; usc_section_attested_at_edition=True; corroboration_rule='second-authority-behind-a-slash:agency-roster-initialism'; authority_in_own_cfr_note='present'; cfr_note_part='40 CFR 122'; authority_source='box'	33 USC 1361(a)/CWA 501(a)
ADDED	2040-AC77	199510	0	1	(no row) -> rin='2040-AC77'; publication_id='199510'; ordinal=0; authority_text='42 USC 300/SDWA 1412'; authority_type='act_relative'; parse_status='corroborated'; usc_title=42; usc_section='300g-1'; act_key='safe drinking water act'; act_section='1412'; act_resolution_evidence='table3-classification'; usc_section_verdict='exists'; usc_section_attested_at_edition=True; corroboration_rule='second-authority-behind-a-slash:agency-roster-initialism'; authority_in_own_cfr_note='absent'; cfr_note_part='40 CFR 141'; authority_source='box'	42 USC 300/SDWA 1412
ADDED	2040-AC77	199604	0	1	(no row) -> rin='2040-AC77'; publication_id='199604'; ordinal=0; authority_text='42 USC 300f/SDWA 1401'; authority_type='act_relative'; parse_status='corroborated'; usc_title=42; usc_section='300f'; act_key='safe drinking water act'; act_section='1401'; act_resolution_evidence='table3-classification'; usc_section_verdict='exists'; usc_section_attested_at_edition=True; corroboration_rule='second-authority-behind-a-slash:agency-roster-initialism'; authority_in_own_cfr_note='absent'; cfr_note_part='40 CFR 141'; authority_source='box'	42 USC 300f/SDWA 1401
ADDED	2040-AC77	199604	1	1	(no row) -> rin='2040-AC77'; publication_id='199604'; ordinal=1; authority_text='42 USC 300g-1/SDWA 1412'; authority_type='act_relative'; parse_status='corroborated'; usc_title=42; usc_section='300g-1'; act_key='safe drinking water act'; act_section='1412'; act_resolution_evidence='table3-classification'; usc_section_verdict='exists'; usc_section_attested_at_edition=True; corroboration_rule='second-authority-behind-a-slash:agency-roster-initialism'; authority_in_own_cfr_note='absent'; cfr_note_part='40 CFR 141'; authority_source='box'	42 USC 300g-1/SDWA 1412
ADDED	2040-AC77	199604	2	1	(no row) -> rin='2040-AC77'; publication_id='199604'; ordinal=2; authority_text='42 USC 300j-9/SDWA 1450'; authority_type='act_relative'; parse_status='corroborated'; usc_title=42; usc_section='300j-9'; act_key='safe drinking water act'; act_section='1450'; act_resolution_evidence='table3-classification'; usc_section_verdict='exists'; usc_section_attested_at_edition=True; corroboration_rule='second-authority-behind-a-slash:agency-roster-initialism'; authority_in_own_cfr_note='absent'; cfr_note_part='40 CFR 141'; authority_source='box'	42 USC 300j-9/SDWA 1450
ADDED	2040-AC77	199610	0	1	(no row) -> rin='2040-AC77'; publication_id='199610'; ordinal=0; authority_text='42 USC 300f/SDWA 1401'; authority_type='act_relative'; parse_status='corroborated'; usc_title=42; usc_section='300f'; act_key='safe drinking water act'; act_section='1401'; act_resolution_evidence='table3-classification'; usc_section_verdict='exists'; usc_section_attested_at_edition=True; corroboration_rule='second-authority-behind-a-slash:agency-roster-initialism'; authority_in_own_cfr_note='absent'; cfr_note_part='40 CFR 141'; authority_source='box'	42 USC 300f/SDWA 1401
ADDED	2040-AC77	199610	1	1	(no row) -> rin='2040-AC77'; publication_id='199610'; ordinal=1; authority_text='42 USC 300g-1/SDWA 1412'; authority_type='act_relative'; parse_status='corroborated'; usc_title=42; usc_section='300g-1'; act_key='safe drinking water act'; act_section='1412'; act_resolution_evidence='table3-classification'; usc_section_verdict='exists'; usc_section_attested_at_edition=True; corroboration_rule='second-authority-behind-a-slash:agency-roster-initialism'; authority_in_own_cfr_note='absent'; cfr_note_part='40 CFR 141'; authority_source='box'	42 USC 300g-1/SDWA 1412
ADDED	2040-AC77	199610	2	1	(no row) -> rin='2040-AC77'; publication_id='199610'; ordinal=2; authority_text='42 USC 300j-9/SDWA 1450'; authority_type='act_relative'; parse_status='corroborated'; usc_title=42; usc_section='300j-9'; act_key='safe drinking water act'; act_section='1450'; act_resolution_evidence='table3-classification'; usc_section_verdict='exists'; usc_section_attested_at_edition=True; corroboration_rule='second-authority-behind-a-slash:agency-roster-initialism'; authority_in_own_cfr_note='absent'; cfr_note_part='40 CFR 141'; authority_source='box'	42 USC 300j-9/SDWA 1450
ADDED	2040-AC77	199704	0	1	(no row) -> rin='2040-AC77'; publication_id='199704'; ordinal=0; authority_text='42 USC 300f/SDWA 1401'; authority_type='act_relative'; parse_status='corroborated'; usc_title=42; usc_section='300f'; act_key='safe drinking water act'; act_section='1401'; act_resolution_evidence='table3-classification'; usc_section_verdict='exists'; usc_section_attested_at_edition=True; corroboration_rule='second-authority-behind-a-slash:agency-roster-initialism'; authority_in_own_cfr_note='absent'; cfr_note_part='40 CFR 141'; authority_source='box'	42 USC 300f/SDWA 1401
ADDED	2040-AC77	199704	1	1	(no row) -> rin='2040-AC77'; publication_id='199704'; ordinal=1; authority_text='42 USC 300g-1/SDWA 1412'; authority_type='act_relative'; parse_status='corroborated'; usc_title=42; usc_section='300g-1'; act_key='safe drinking water act'; act_section='1412'; act_resolution_evidence='table3-classification'; usc_section_verdict='exists'; usc_section_attested_at_edition=True; corroboration_rule='second-authority-behind-a-slash:agency-roster-initialism'; authority_in_own_cfr_note='absent'; cfr_note_part='40 CFR 141'; authority_source='box'	42 USC 300g-1/SDWA 1412
ADDED	2040-AC77	199704	2	1	(no row) -> rin='2040-AC77'; publication_id='199704'; ordinal=2; authority_text='42 USC 300j-9/SDWA 1450'; authority_type='act_relative'; parse_status='corroborated'; usc_title=42; usc_section='300j-9'; act_key='safe drinking water act'; act_section='1450'; act_resolution_evidence='table3-classification'; usc_section_verdict='exists'; usc_section_attested_at_edition=True; corroboration_rule='second-authority-behind-a-slash:agency-roster-initialism'; authority_in_own_cfr_note='absent'; cfr_note_part='40 CFR 141'; authority_source='box'	42 USC 300j-9/SDWA 1450
ADDED	2040-AC78	199510	0	1	(no row) -> rin='2040-AC78'; publication_id='199510'; ordinal=0; authority_text='33 USC 1251/CWA 303'; authority_type='act_relative'; parse_status='corroborated'; usc_title=33; usc_section='1313'; act_key='clean water act'; act_section='303'; act_resolution_evidence='table3-classification'; usc_section_verdict='exists'; usc_section_attested_at_edition=True; corroboration_rule='second-authority-behind-a-slash:agency-roster-initialism'; authority_in_own_cfr_note='absent'; cfr_note_part='40 CFR 131'; authority_source='box'	33 USC 1251/CWA 303
ADDED	2040-AC78	199604	0	1	(no row) -> rin='2040-AC78'; publication_id='199604'; ordinal=0; authority_text='33 USC 1251/CWA 303'; authority_type='act_relative'; parse_status='corroborated'; usc_title=33; usc_section='1313'; act_key='clean water act'; act_section='303'; act_resolution_evidence='table3-classification'; usc_section_verdict='exists'; usc_section_attested_at_edition=True; corroboration_rule='second-authority-behind-a-slash:agency-roster-initialism'; authority_in_own_cfr_note='absent'; cfr_note_part='40 CFR 131'; authority_source='box'	33 USC 1251/CWA 303
ADDED	2040-AC78	199610	0	1	(no row) -> rin='2040-AC78'; publication_id='199610'; ordinal=0; authority_text='33 USC 1251/CWA 303'; authority_type='act_relative'; parse_status='corroborated'; usc_title=33; usc_section='1313'; act_key='clean water act'; act_section='303'; act_resolution_evidence='table3-classification'; usc_section_verdict='exists'; usc_section_attested_at_edition=True; corroboration_rule='second-authority-behind-a-slash:agency-roster-initialism'; authority_in_own_cfr_note='absent'; cfr_note_part='40 CFR 131'; authority_source='box'	33 USC 1251/CWA 303
ADDED	2040-AC78	199704	0	1	(no row) -> rin='2040-AC78'; publication_id='199704'; ordinal=0; authority_text='33 USC 1251/CWA 303'; authority_type='act_relative'; parse_status='corroborated'; usc_title=33; usc_section='1313'; act_key='clean water act'; act_section='303'; act_resolution_evidence='table3-classification'; usc_section_verdict='exists'; usc_section_attested_at_edition=True; corroboration_rule='second-authority-behind-a-slash:agency-roster-initialism'; authority_in_own_cfr_note='absent'; cfr_note_part='40 CFR 131'; authority_source='box'	33 USC 1251/CWA 303
ADDED	2040-AC79	199510	0	1	(no row) -> rin='2040-AC79'; publication_id='199510'; ordinal=0; authority_text='33 USC 1251/CWA 303'; authority_type='act_relative'; parse_status='corroborated'; usc_title=33; usc_section='1313'; act_key='clean water act'; act_section='303'; act_resolution_evidence='table3-classification'; usc_section_verdict='exists'; usc_section_attested_at_edition=True; corroboration_rule='second-authority-behind-a-slash:agency-roster-initialism'; authority_in_own_cfr_note='absent'; cfr_note_part='40 CFR 405'; authority_source='box'	33 USC 1251/CWA 303
ADDED	2040-AC79	199510	1	1	(no row) -> rin='2040-AC79'; publication_id='199510'; ordinal=1; authority_text='33 USC 1311/CWA 301'; authority_type='act_relative'; parse_status='corroborated'; usc_title=33; usc_section='1311'; act_key='clean water act'; act_section='301'; act_resolution_evidence='table3-classification'; usc_section_verdict='exists'; usc_section_attested_at_edition=True; corroboration_rule='second-authority-behind-a-slash:agency-roster-initialism'; authority_in_own_cfr_note='absent'; cfr_note_part='40 CFR 405'; authority_source='box'	33 USC 1311/CWA 301
ADDED	2040-AC79	199510	2	1	(no row) -> rin='2040-AC79'; publication_id='199510'; ordinal=2; authority_text='33 USC 1314(b), (c), (e), and (g)/CWA 304'; authority_type='act_relative'; parse_status='corroborated'; usc_title=33; usc_section='1314'; act_key='clean water act'; act_section='304'; act_resolution_evidence='table3-classification'; usc_section_verdict='exists'; usc_section_attested_at_edition=True; corroboration_rule='second-authority-behind-a-slash:agency-roster-initialism'; authority_in_own_cfr_note='absent'; cfr_note_part='40 CFR 405'; authority_source='box'	33 USC 1314(b), (c), (e), and (g)/CWA 304
ADDED	2040-AC79	199510	3	1	(no row) -> rin='2040-AC79'; publication_id='199510'; ordinal=3; authority_text='33 USC 1316(b) and (c)/CWA 306'; authority_type='act_relative'; parse_status='corroborated'; usc_title=33; usc_section='1316'; act_key='clean water act'; act_section='306'; act_resolution_evidence='table3-classification'; usc_section_verdict='exists'; usc_section_attested_at_edition=True; corroboration_rule='second-authority-behind-a-slash:agency-roster-initialism'; authority_in_own_cfr_note='absent'; cfr_note_part='40 CFR 405'; authority_source='box'	33 USC 1316(b) and (c)/CWA 306
ADDED	2040-AC79	199510	4	1	(no row) -> rin='2040-AC79'; publication_id='199510'; ordinal=4; authority_text='33 USC 1317(c)/CWA 307'; authority_type='act_relative'; parse_status='corroborated'; usc_title=33; usc_section='1317'; act_key='clean water act'; act_section='307'; act_resolution_evidence='table3-classification'; usc_section_verdict='exists'; usc_section_attested_at_edition=True; corroboration_rule='second-authority-behind-a-slash:agency-roster-initialism'; authority_in_own_cfr_note='absent'; cfr_note_part='40 CFR 405'; authority_source='box'	33 USC 1317(c)/CWA 307
ADDED	2040-AC79	199604	0	1	(no row) -> rin='2040-AC79'; publication_id='199604'; ordinal=0; authority_text='33 USC 1251/CWA 303'; authority_type='act_relative'; parse_status='corroborated'; usc_title=33; usc_section='1313'; act_key='clean water act'; act_section='303'; act_resolution_evidence='table3-classification'; usc_section_verdict='exists'; usc_section_attested_at_edition=True; corroboration_rule='second-authority-behind-a-slash:agency-roster-initialism'; authority_in_own_cfr_note='absent'; cfr_note_part='40 CFR 405'; authority_source='box'	33 USC 1251/CWA 303
ADDED	2040-AC79	199604	1	1	(no row) -> rin='2040-AC79'; publication_id='199604'; ordinal=1; authority_text='33 USC 1311/CWA 301'; authority_type='act_relative'; parse_status='corroborated'; usc_title=33; usc_section='1311'; act_key='clean water act'; act_section='301'; act_resolution_evidence='table3-classification'; usc_section_verdict='exists'; usc_section_attested_at_edition=True; corroboration_rule='second-authority-behind-a-slash:agency-roster-initialism'; authority_in_own_cfr_note='absent'; cfr_note_part='40 CFR 405'; authority_source='box'	33 USC 1311/CWA 301
ADDED	2040-AC79	199604	2	1	(no row) -> rin='2040-AC79'; publication_id='199604'; ordinal=2; authority_text='33 USC 1314/CWA 304'; authority_type='act_relative'; parse_status='corroborated'; usc_title=33; usc_section='1314'; act_key='clean water act'; act_section='304'; act_resolution_evidence='table3-classification'; usc_section_verdict='exists'; usc_section_attested_at_edition=True; corroboration_rule='second-authority-behind-a-slash:agency-roster-initialism'; authority_in_own_cfr_note='absent'; cfr_note_part='40 CFR 405'; authority_source='box'	33 USC 1314/CWA 304
ADDED	2040-AC79	199604	3	1	(no row) -> rin='2040-AC79'; publication_id='199604'; ordinal=3; authority_text='33 USC 1316/CWA 306'; authority_type='act_relative'; parse_status='corroborated'; usc_title=33; usc_section='1316'; act_key='clean water act'; act_section='306'; act_resolution_evidence='table3-classification'; usc_section_verdict='exists'; usc_section_attested_at_edition=True; corroboration_rule='second-authority-behind-a-slash:agency-roster-initialism'; authority_in_own_cfr_note='absent'; cfr_note_part='40 CFR 405'; authority_source='box'	33 USC 1316/CWA 306
ADDED	2040-AC79	199604	4	1	(no row) -> rin='2040-AC79'; publication_id='199604'; ordinal=4; authority_text='33 USC 1317/CWA 307'; authority_type='act_relative'; parse_status='corroborated'; usc_title=33; usc_section='1317'; act_key='clean water act'; act_section='307'; act_resolution_evidence='table3-classification'; usc_section_verdict='exists'; usc_section_attested_at_edition=True; corroboration_rule='second-authority-behind-a-slash:agency-roster-initialism'; authority_in_own_cfr_note='absent'; cfr_note_part='40 CFR 405'; authority_source='box'	33 USC 1317/CWA 307
ADDED	2040-AC79	199610	0	1	(no row) -> rin='2040-AC79'; publication_id='199610'; ordinal=0; authority_text='33 USC 1251/CWA 303'; authority_type='act_relative'; parse_status='corroborated'; usc_title=33; usc_section='1313'; act_key='clean water act'; act_section='303'; act_resolution_evidence='table3-classification'; usc_section_verdict='exists'; usc_section_attested_at_edition=True; corroboration_rule='second-authority-behind-a-slash:agency-roster-initialism'; authority_in_own_cfr_note='absent'; cfr_note_part='40 CFR 405'; authority_source='box'	33 USC 1251/CWA 303
ADDED	2040-AC79	199610	1	1	(no row) -> rin='2040-AC79'; publication_id='199610'; ordinal=1; authority_text='33 USC 1311/CWA 301'; authority_type='act_relative'; parse_status='corroborated'; usc_title=33; usc_section='1311'; act_key='clean water act'; act_section='301'; act_resolution_evidence='table3-classification'; usc_section_verdict='exists'; usc_section_attested_at_edition=True; corroboration_rule='second-authority-behind-a-slash:agency-roster-initialism'; authority_in_own_cfr_note='absent'; cfr_note_part='40 CFR 405'; authority_source='box'	33 USC 1311/CWA 301
ADDED	2040-AC79	199610	2	1	(no row) -> rin='2040-AC79'; publication_id='199610'; ordinal=2; authority_text='33 USC 1314/CWA 304'; authority_type='act_relative'; parse_status='corroborated'; usc_title=33; usc_section='1314'; act_key='clean water act'; act_section='304'; act_resolution_evidence='table3-classification'; usc_section_verdict='exists'; usc_section_attested_at_edition=True; corroboration_rule='second-authority-behind-a-slash:agency-roster-initialism'; authority_in_own_cfr_note='absent'; cfr_note_part='40 CFR 405'; authority_source='box'	33 USC 1314/CWA 304
ADDED	2040-AC79	199610	3	1	(no row) -> rin='2040-AC79'; publication_id='199610'; ordinal=3; authority_text='33 USC 1316/CWA 306'; authority_type='act_relative'; parse_status='corroborated'; usc_title=33; usc_section='1316'; act_key='clean water act'; act_section='306'; act_resolution_evidence='table3-classification'; usc_section_verdict='exists'; usc_section_attested_at_edition=True; corroboration_rule='second-authority-behind-a-slash:agency-roster-initialism'; authority_in_own_cfr_note='absent'; cfr_note_part='40 CFR 405'; authority_source='box'	33 USC 1316/CWA 306
ADDED	2040-AC79	199610	4	1	(no row) -> rin='2040-AC79'; publication_id='199610'; ordinal=4; authority_text='33 USC 1317/CWA 307'; authority_type='act_relative'; parse_status='corroborated'; usc_title=33; usc_section='1317'; act_key='clean water act'; act_section='307'; act_resolution_evidence='table3-classification'; usc_section_verdict='exists'; usc_section_attested_at_edition=True; corroboration_rule='second-authority-behind-a-slash:agency-roster-initialism'; authority_in_own_cfr_note='absent'; cfr_note_part='40 CFR 405'; authority_source='box'	33 USC 1317/CWA 307
ADDED	2040-AC79	199704	0	1	(no row) -> rin='2040-AC79'; publication_id='199704'; ordinal=0; authority_text='33 USC 1251/CWA 303'; authority_type='act_relative'; parse_status='corroborated'; usc_title=33; usc_section='1313'; act_key='clean water act'; act_section='303'; act_resolution_evidence='table3-classification'; usc_section_verdict='exists'; usc_section_attested_at_edition=True; corroboration_rule='second-authority-behind-a-slash:agency-roster-initialism'; authority_in_own_cfr_note='absent'; cfr_note_part='40 CFR 405'; authority_source='box'	33 USC 1251/CWA 303
ADDED	2040-AC79	199704	1	1	(no row) -> rin='2040-AC79'; publication_id='199704'; ordinal=1; authority_text='33 USC 1311/CWA 301'; authority_type='act_relative'; parse_status='corroborated'; usc_title=33; usc_section='1311'; act_key='clean water act'; act_section='301'; act_resolution_evidence='table3-classification'; usc_section_verdict='exists'; usc_section_attested_at_edition=True; corroboration_rule='second-authority-behind-a-slash:agency-roster-initialism'; authority_in_own_cfr_note='absent'; cfr_note_part='40 CFR 405'; authority_source='box'	33 USC 1311/CWA 301
ADDED	2040-AC79	199704	2	1	(no row) -> rin='2040-AC79'; publication_id='199704'; ordinal=2; authority_text='33 USC 1314/CWA 304'; authority_type='act_relative'; parse_status='corroborated'; usc_title=33; usc_section='1314'; act_key='clean water act'; act_section='304'; act_resolution_evidence='table3-classification'; usc_section_verdict='exists'; usc_section_attested_at_edition=True; corroboration_rule='second-authority-behind-a-slash:agency-roster-initialism'; authority_in_own_cfr_note='absent'; cfr_note_part='40 CFR 405'; authority_source='box'	33 USC 1314/CWA 304
ADDED	2040-AC79	199704	3	1	(no row) -> rin='2040-AC79'; publication_id='199704'; ordinal=3; authority_text='33 USC 1316/CWA 306'; authority_type='act_relative'; parse_status='corroborated'; usc_title=33; usc_section='1316'; act_key='clean water act'; act_section='306'; act_resolution_evidence='table3-classification'; usc_section_verdict='exists'; usc_section_attested_at_edition=True; corroboration_rule='second-authority-behind-a-slash:agency-roster-initialism'; authority_in_own_cfr_note='absent'; cfr_note_part='40 CFR 405'; authority_source='box'	33 USC 1316/CWA 306
ADDED	2040-AC79	199704	4	1	(no row) -> rin='2040-AC79'; publication_id='199704'; ordinal=4; authority_text='33 USC 1317/CWA 307'; authority_type='act_relative'; parse_status='corroborated'; usc_title=33; usc_section='1317'; act_key='clean water act'; act_section='307'; act_resolution_evidence='table3-classification'; usc_section_verdict='exists'; usc_section_attested_at_edition=True; corroboration_rule='second-authority-behind-a-slash:agency-roster-initialism'; authority_in_own_cfr_note='absent'; cfr_note_part='40 CFR 405'; authority_source='box'	33 USC 1317/CWA 307
ADDED	2040-AC80	199510	0	1	(no row) -> rin='2040-AC80'; publication_id='199510'; ordinal=0; authority_text='33 USC 1251/CWA 101'; authority_type='act_relative'; parse_status='corroborated'; usc_title=33; usc_section='1251'; act_key='clean water act'; act_section='101'; act_resolution_evidence='table3-classification'; usc_section_verdict='exists'; usc_section_attested_at_edition=True; corroboration_rule='second-authority-behind-a-slash:agency-roster-initialism'; authority_in_own_cfr_note='present'; cfr_note_part='40 CFR 122'; authority_source='box'	33 USC 1251/CWA 101
ADDED	2040-AC80	199510	1	1	(no row) -> rin='2040-AC80'; publication_id='199510'; ordinal=1; authority_text='33 USC 1361/CWA 501'; authority_type='act_relative'; parse_status='corroborated'; usc_title=33; usc_section='1361'; act_key='clean water act'; act_section='501'; act_resolution_evidence='table3-classification'; usc_section_verdict='exists'; usc_section_attested_at_edition=True; corroboration_rule='second-authority-behind-a-slash:agency-roster-initialism'; authority_in_own_cfr_note='present'; cfr_note_part='40 CFR 122'; authority_source='box'	33 USC 1361/CWA 501
ADDED	2040-AC80	199604	0	1	(no row) -> rin='2040-AC80'; publication_id='199604'; ordinal=0; authority_text='33 USC 1251/CWA 101'; authority_type='act_relative'; parse_status='corroborated'; usc_title=33; usc_section='1251'; act_key='clean water act'; act_section='101'; act_resolution_evidence='table3-classification'; usc_section_verdict='exists'; usc_section_attested_at_edition=True; corroboration_rule='second-authority-behind-a-slash:agency-roster-initialism'; authority_in_own_cfr_note='present'; cfr_note_part='40 CFR 122'; authority_source='box'	33 USC 1251/CWA 101
ADDED	2040-AC80	199604	1	1	(no row) -> rin='2040-AC80'; publication_id='199604'; ordinal=1; authority_text='33 USC 1361/CWA 501'; authority_type='act_relative'; parse_status='corroborated'; usc_title=33; usc_section='1361'; act_key='clean water act'; act_section='501'; act_resolution_evidence='table3-classification'; usc_section_verdict='exists'; usc_section_attested_at_edition=True; corroboration_rule='second-authority-behind-a-slash:agency-roster-initialism'; authority_in_own_cfr_note='present'; cfr_note_part='40 CFR 122'; authority_source='box'	33 USC 1361/CWA 501
ADDED	2040-AC82	199604	0	1	(no row) -> rin='2040-AC82'; publication_id='199604'; ordinal=0; authority_text='33 USC 1342/CWA 402'; authority_type='act_relative'; parse_status='corroborated'; usc_title=33; usc_section='1342'; act_key='clean water act'; act_section='402'; act_resolution_evidence='table3-classification'; usc_section_verdict='exists'; usc_section_attested_at_edition=True; corroboration_rule='second-authority-behind-a-slash:agency-roster-initialism'; authority_in_own_cfr_note='present'; cfr_note_part='40 CFR 122'; authority_source='box'	33 USC 1342/CWA 402
ADDED	2040-AC82	199610	0	1	(no row) -> rin='2040-AC82'; publication_id='199610'; ordinal=0; authority_text='33 USC 1311/CWA 301'; authority_type='act_relative'; parse_status='corroborated'; usc_title=33; usc_section='1311'; act_key='clean water act'; act_section='301'; act_resolution_evidence='table3-classification'; usc_section_verdict='exists'; usc_section_attested_at_edition=True; corroboration_rule='second-authority-behind-a-slash:agency-roster-initialism'; authority_in_own_cfr_note='present'; cfr_note_part='40 CFR 122'; authority_source='box'	33 USC 1311/CWA 301
ADDED	2040-AC82	199610	1	1	(no row) -> rin='2040-AC82'; publication_id='199610'; ordinal=1; authority_text='33 USC 1342/CWA 402'; authority_type='act_relative'; parse_status='corroborated'; usc_title=33; usc_section='1342'; act_key='clean water act'; act_section='402'; act_resolution_evidence='table3-classification'; usc_section_verdict='exists'; usc_section_attested_at_edition=True; corroboration_rule='second-authority-behind-a-slash:agency-roster-initialism'; authority_in_own_cfr_note='present'; cfr_note_part='40 CFR 122'; authority_source='box'	33 USC 1342/CWA 402
ADDED	2040-AC82	199610	2	1	(no row) -> rin='2040-AC82'; publication_id='199610'; ordinal=2; authority_text='33 USC 1361/CWA 501'; authority_type='act_relative'; parse_status='corroborated'; usc_title=33; usc_section='1361'; act_key='clean water act'; act_section='501'; act_resolution_evidence='table3-classification'; usc_section_verdict='exists'; usc_section_attested_at_edition=True; corroboration_rule='second-authority-behind-a-slash:agency-roster-initialism'; authority_in_own_cfr_note='present'; cfr_note_part='40 CFR 122'; authority_source='box'	33 USC 1361/CWA 501
ADDED	2040-AC82	199704	0	1	(no row) -> rin='2040-AC82'; publication_id='199704'; ordinal=0; authority_text='33 USC 1311/CWA 301'; authority_type='act_relative'; parse_status='corroborated'; usc_title=33; usc_section='1311'; act_key='clean water act'; act_section='301'; act_resolution_evidence='table3-classification'; usc_section_verdict='exists'; usc_section_attested_at_edition=True; corroboration_rule='second-authority-behind-a-slash:agency-roster-initialism'; authority_in_own_cfr_note='present'; cfr_note_part='40 CFR 122'; authority_source='box'	33 USC 1311/CWA 301
ADDED	2040-AC82	199704	1	1	(no row) -> rin='2040-AC82'; publication_id='199704'; ordinal=1; authority_text='33 USC 1342/CWA 402'; authority_type='act_relative'; parse_status='corroborated'; usc_title=33; usc_section='1342'; act_key='clean water act'; act_section='402'; act_resolution_evidence='table3-classification'; usc_section_verdict='exists'; usc_section_attested_at_edition=True; corroboration_rule='second-authority-behind-a-slash:agency-roster-initialism'; authority_in_own_cfr_note='present'; cfr_note_part='40 CFR 122'; authority_source='box'	33 USC 1342/CWA 402
ADDED	2040-AC82	199704	2	1	(no row) -> rin='2040-AC82'; publication_id='199704'; ordinal=2; authority_text='33 USC 1361/CWA 501'; authority_type='act_relative'; parse_status='corroborated'; usc_title=33; usc_section='1361'; act_key='clean water act'; act_section='501'; act_resolution_evidence='table3-classification'; usc_section_verdict='exists'; usc_section_attested_at_edition=True; corroboration_rule='second-authority-behind-a-slash:agency-roster-initialism'; authority_in_own_cfr_note='present'; cfr_note_part='40 CFR 122'; authority_source='box'	33 USC 1361/CWA 501
ADDED	2040-AC83	199510	0	1	(no row) -> rin='2040-AC83'; publication_id='199510'; ordinal=0; authority_text='42 USC 300/SDWA 1412'; authority_type='act_relative'; parse_status='corroborated'; usc_title=42; usc_section='300g-1'; act_key='safe drinking water act'; act_section='1412'; act_resolution_evidence='table3-classification'; usc_section_verdict='exists'; usc_section_attested_at_edition=True; corroboration_rule='second-authority-behind-a-slash:agency-roster-initialism'; authority_in_own_cfr_note='present'; cfr_note_part='40 CFR 144'; authority_source='box'	42 USC 300/SDWA 1412
ADDED	2040-AC83	199604	0	1	(no row) -> rin='2040-AC83'; publication_id='199604'; ordinal=0; authority_text='42 USC 300h /SDWA 1421'; authority_type='act_relative'; parse_status='corroborated'; usc_title=42; usc_section='300h'; act_key='safe drinking water act'; act_section='1421'; act_resolution_evidence='table3-classification'; usc_section_verdict='exists'; usc_section_attested_at_edition=True; corroboration_rule='second-authority-behind-a-slash:agency-roster-initialism'; authority_in_own_cfr_note='present'; cfr_note_part='40 CFR 144'; authority_source='box'	42 USC 300h /SDWA 1421
ADDED	2040-AC83	199610	0	1	(no row) -> rin='2040-AC83'; publication_id='199610'; ordinal=0; authority_text='42 USC 300h /SDWA 1421'; authority_type='act_relative'; parse_status='corroborated'; usc_title=42; usc_section='300h'; act_key='safe drinking water act'; act_section='1421'; act_resolution_evidence='table3-classification'; usc_section_verdict='exists'; usc_section_attested_at_edition=True; corroboration_rule='second-authority-behind-a-slash:agency-roster-initialism'; authority_in_own_cfr_note='present'; cfr_note_part='40 CFR 144'; authority_source='box'	42 USC 300h /SDWA 1421
ADDED	2040-AC83	199704	0	1	(no row) -> rin='2040-AC83'; publication_id='199704'; ordinal=0; authority_text='42 USC 300h /SDWA 1421'; authority_type='act_relative'; parse_status='corroborated'; usc_title=42; usc_section='300h'; act_key='safe drinking water act'; act_section='1421'; act_resolution_evidence='table3-classification'; usc_section_verdict='exists'; usc_section_attested_at_edition=True; corroboration_rule='second-authority-behind-a-slash:agency-roster-initialism'; authority_in_own_cfr_note='present'; cfr_note_part='40 CFR 144'; authority_source='box'	42 USC 300h /SDWA 1421
ADDED	2040-AC84	199510	0	1	(no row) -> rin='2040-AC84'; publication_id='199510'; ordinal=0; authority_text='33 USC 1311/CWA 301'; authority_type='act_relative'; parse_status='corroborated'; usc_title=33; usc_section='1311'; act_key='clean water act'; act_section='301'; act_resolution_evidence='table3-classification'; usc_section_verdict='exists'; usc_section_attested_at_edition=True; corroboration_rule='second-authority-behind-a-slash:agency-roster-initialism'; authority_in_own_cfr_note='present'; cfr_note_part='40 CFR 122'; authority_source='box'	33 USC 1311/CWA 301
ADDED	2040-AC84	199510	1	1	(no row) -> rin='2040-AC84'; publication_id='199510'; ordinal=1; authority_text='33 USC 1312/CWA 302'; authority_type='act_relative'; parse_status='corroborated'; usc_title=33; usc_section='1312'; act_key='clean water act'; act_section='302'; act_resolution_evidence='table3-classification'; usc_section_verdict='exists'; usc_section_attested_at_edition=True; corroboration_rule='second-authority-behind-a-slash:agency-roster-initialism'; authority_in_own_cfr_note='present'; cfr_note_part='40 CFR 122'; authority_source='box'	33 USC 1312/CWA 302
ADDED	2040-AC84	199510	2	1	(no row) -> rin='2040-AC84'; publication_id='199510'; ordinal=2; authority_text='33 USC 1314/CWA 304'; authority_type='act_relative'; parse_status='corroborated'; usc_title=33; usc_section='1314'; act_key='clean water act'; act_section='304'; act_resolution_evidence='table3-classification'; usc_section_verdict='exists'; usc_section_attested_at_edition=True; corroboration_rule='second-authority-behind-a-slash:agency-roster-initialism'; authority_in_own_cfr_note='present'; cfr_note_part='40 CFR 122'; authority_source='box'	33 USC 1314/CWA 304
ADDED	2040-AC84	199510	3	1	(no row) -> rin='2040-AC84'; publication_id='199510'; ordinal=3; authority_text='33 USC 1316/CWA 306'; authority_type='act_relative'; parse_status='corroborated'; usc_title=33; usc_section='1316'; act_key='clean water act'; act_section='306'; act_resolution_evidence='table3-classification'; usc_section_verdict='exists'; usc_section_attested_at_edition=True; corroboration_rule='second-authority-behind-a-slash:agency-roster-initialism'; authority_in_own_cfr_note='present'; cfr_note_part='40 CFR 122'; authority_source='box'	33 USC 1316/CWA 306
ADDED	2040-AC84	199510	4	1	(no row) -> rin='2040-AC84'; publication_id='199510'; ordinal=4; authority_text='33 USC 1318/CWA 308'; authority_type='act_relative'; parse_status='corroborated'; usc_title=33; usc_section='1318'; act_key='clean water act'; act_section='308'; act_resolution_evidence='table3-classification'; usc_section_verdict='exists'; usc_section_attested_at_edition=True; corroboration_rule='second-authority-behind-a-slash:agency-roster-initialism'; authority_in_own_cfr_note='present'; cfr_note_part='40 CFR 122'; authority_source='box'	33 USC 1318/CWA 308
ADDED	2040-AC84	199510	5	1	(no row) -> rin='2040-AC84'; publication_id='199510'; ordinal=5; authority_text='33 USC 1342/CWA 402'; authority_type='act_relative'; parse_status='corroborated'; usc_title=33; usc_section='1342'; act_key='clean water act'; act_section='402'; act_resolution_evidence='table3-classification'; usc_section_verdict='exists'; usc_section_attested_at_edition=True; corroboration_rule='second-authority-behind-a-slash:agency-roster-initialism'; authority_in_own_cfr_note='present'; cfr_note_part='40 CFR 122'; authority_source='box'	33 USC 1342/CWA 402
ADDED	2040-AC84	199510	6	1	(no row) -> rin='2040-AC84'; publication_id='199510'; ordinal=6; authority_text='33 USC 1361/CWA 501'; authority_type='act_relative'; parse_status='corroborated'; usc_title=33; usc_section='1361'; act_key='clean water act'; act_section='501'; act_resolution_evidence='table3-classification'; usc_section_verdict='exists'; usc_section_attested_at_edition=True; corroboration_rule='second-authority-behind-a-slash:agency-roster-initialism'; authority_in_own_cfr_note='present'; cfr_note_part='40 CFR 122'; authority_source='box'	33 USC 1361/CWA 501
ADDED	2040-AC84	199604	0	1	(no row) -> rin='2040-AC84'; publication_id='199604'; ordinal=0; authority_text='33 USC 1311/CWA 301'; authority_type='act_relative'; parse_status='corroborated'; usc_title=33; usc_section='1311'; act_key='clean water act'; act_section='301'; act_resolution_evidence='table3-classification'; usc_section_verdict='exists'; usc_section_attested_at_edition=True; corroboration_rule='second-authority-behind-a-slash:agency-roster-initialism'; authority_in_own_cfr_note='present'; cfr_note_part='40 CFR 122'; authority_source='box'	33 USC 1311/CWA 301
ADDED	2040-AC84	199604	1	1	(no row) -> rin='2040-AC84'; publication_id='199604'; ordinal=1; authority_text='33 USC 1312/CWA 302'; authority_type='act_relative'; parse_status='corroborated'; usc_title=33; usc_section='1312'; act_key='clean water act'; act_section='302'; act_resolution_evidence='table3-classification'; usc_section_verdict='exists'; usc_section_attested_at_edition=True; corroboration_rule='second-authority-behind-a-slash:agency-roster-initialism'; authority_in_own_cfr_note='present'; cfr_note_part='40 CFR 122'; authority_source='box'	33 USC 1312/CWA 302
ADDED	2040-AC84	199604	2	1	(no row) -> rin='2040-AC84'; publication_id='199604'; ordinal=2; authority_text='33 USC 1314/CWA 304'; authority_type='act_relative'; parse_status='corroborated'; usc_title=33; usc_section='1314'; act_key='clean water act'; act_section='304'; act_resolution_evidence='table3-classification'; usc_section_verdict='exists'; usc_section_attested_at_edition=True; corroboration_rule='second-authority-behind-a-slash:agency-roster-initialism'; authority_in_own_cfr_note='present'; cfr_note_part='40 CFR 122'; authority_source='box'	33 USC 1314/CWA 304
ADDED	2040-AC84	199604	3	1	(no row) -> rin='2040-AC84'; publication_id='199604'; ordinal=3; authority_text='33 USC 1316/CWA 306'; authority_type='act_relative'; parse_status='corroborated'; usc_title=33; usc_section='1316'; act_key='clean water act'; act_section='306'; act_resolution_evidence='table3-classification'; usc_section_verdict='exists'; usc_section_attested_at_edition=True; corroboration_rule='second-authority-behind-a-slash:agency-roster-initialism'; authority_in_own_cfr_note='present'; cfr_note_part='40 CFR 122'; authority_source='box'	33 USC 1316/CWA 306
ADDED	2040-AC84	199604	4	1	(no row) -> rin='2040-AC84'; publication_id='199604'; ordinal=4; authority_text='33 USC 1318/CWA 308'; authority_type='act_relative'; parse_status='corroborated'; usc_title=33; usc_section='1318'; act_key='clean water act'; act_section='308'; act_resolution_evidence='table3-classification'; usc_section_verdict='exists'; usc_section_attested_at_edition=True; corroboration_rule='second-authority-behind-a-slash:agency-roster-initialism'; authority_in_own_cfr_note='present'; cfr_note_part='40 CFR 122'; authority_source='box'	33 USC 1318/CWA 308
ADDED	2040-AC84	199604	5	1	(no row) -> rin='2040-AC84'; publication_id='199604'; ordinal=5; authority_text='33 USC 1342/CWA 402'; authority_type='act_relative'; parse_status='corroborated'; usc_title=33; usc_section='1342'; act_key='clean water act'; act_section='402'; act_resolution_evidence='table3-classification'; usc_section_verdict='exists'; usc_section_attested_at_edition=True; corroboration_rule='second-authority-behind-a-slash:agency-roster-initialism'; authority_in_own_cfr_note='present'; cfr_note_part='40 CFR 122'; authority_source='box'	33 USC 1342/CWA 402
ADDED	2040-AC84	199604	6	1	(no row) -> rin='2040-AC84'; publication_id='199604'; ordinal=6; authority_text='33 USC 1361/CWA 501'; authority_type='act_relative'; parse_status='corroborated'; usc_title=33; usc_section='1361'; act_key='clean water act'; act_section='501'; act_resolution_evidence='table3-classification'; usc_section_verdict='exists'; usc_section_attested_at_edition=True; corroboration_rule='second-authority-behind-a-slash:agency-roster-initialism'; authority_in_own_cfr_note='present'; cfr_note_part='40 CFR 122'; authority_source='box'	33 USC 1361/CWA 501
ADDED	2040-AC84	199610	0	1	(no row) -> rin='2040-AC84'; publication_id='199610'; ordinal=0; authority_text='33 USC 1311/CWA 301'; authority_type='act_relative'; parse_status='corroborated'; usc_title=33; usc_section='1311'; act_key='clean water act'; act_section='301'; act_resolution_evidence='table3-classification'; usc_section_verdict='exists'; usc_section_attested_at_edition=True; corroboration_rule='second-authority-behind-a-slash:agency-roster-initialism'; authority_in_own_cfr_note='present'; cfr_note_part='40 CFR 122'; authority_source='box'	33 USC 1311/CWA 301
ADDED	2040-AC84	199610	1	1	(no row) -> rin='2040-AC84'; publication_id='199610'; ordinal=1; authority_text='33 USC 1312/CWA 302'; authority_type='act_relative'; parse_status='corroborated'; usc_title=33; usc_section='1312'; act_key='clean water act'; act_section='302'; act_resolution_evidence='table3-classification'; usc_section_verdict='exists'; usc_section_attested_at_edition=True; corroboration_rule='second-authority-behind-a-slash:agency-roster-initialism'; authority_in_own_cfr_note='present'; cfr_note_part='40 CFR 122'; authority_source='box'	33 USC 1312/CWA 302
ADDED	2040-AC84	199610	2	1	(no row) -> rin='2040-AC84'; publication_id='199610'; ordinal=2; authority_text='33 USC 1314/CWA 304'; authority_type='act_relative'; parse_status='corroborated'; usc_title=33; usc_section='1314'; act_key='clean water act'; act_section='304'; act_resolution_evidence='table3-classification'; usc_section_verdict='exists'; usc_section_attested_at_edition=True; corroboration_rule='second-authority-behind-a-slash:agency-roster-initialism'; authority_in_own_cfr_note='present'; cfr_note_part='40 CFR 122'; authority_source='box'	33 USC 1314/CWA 304
ADDED	2040-AC84	199610	3	1	(no row) -> rin='2040-AC84'; publication_id='199610'; ordinal=3; authority_text='33 USC 1316/CWA 306'; authority_type='act_relative'; parse_status='corroborated'; usc_title=33; usc_section='1316'; act_key='clean water act'; act_section='306'; act_resolution_evidence='table3-classification'; usc_section_verdict='exists'; usc_section_attested_at_edition=True; corroboration_rule='second-authority-behind-a-slash:agency-roster-initialism'; authority_in_own_cfr_note='present'; cfr_note_part='40 CFR 122'; authority_source='box'	33 USC 1316/CWA 306
ADDED	2040-AC84	199610	4	1	(no row) -> rin='2040-AC84'; publication_id='199610'; ordinal=4; authority_text='33 USC 1318/CWA 308'; authority_type='act_relative'; parse_status='corroborated'; usc_title=33; usc_section='1318'; act_key='clean water act'; act_section='308'; act_resolution_evidence='table3-classification'; usc_section_verdict='exists'; usc_section_attested_at_edition=True; corroboration_rule='second-authority-behind-a-slash:agency-roster-initialism'; authority_in_own_cfr_note='present'; cfr_note_part='40 CFR 122'; authority_source='box'	33 USC 1318/CWA 308
ADDED	2040-AC84	199610	5	1	(no row) -> rin='2040-AC84'; publication_id='199610'; ordinal=5; authority_text='33 USC 1342/CWA 402'; authority_type='act_relative'; parse_status='corroborated'; usc_title=33; usc_section='1342'; act_key='clean water act'; act_section='402'; act_resolution_evidence='table3-classification'; usc_section_verdict='exists'; usc_section_attested_at_edition=True; corroboration_rule='second-authority-behind-a-slash:agency-roster-initialism'; authority_in_own_cfr_note='present'; cfr_note_part='40 CFR 122'; authority_source='box'	33 USC 1342/CWA 402
ADDED	2040-AC84	199610	6	1	(no row) -> rin='2040-AC84'; publication_id='199610'; ordinal=6; authority_text='33 USC 1361/CWA 501'; authority_type='act_relative'; parse_status='corroborated'; usc_title=33; usc_section='1361'; act_key='clean water act'; act_section='501'; act_resolution_evidence='table3-classification'; usc_section_verdict='exists'; usc_section_attested_at_edition=True; corroboration_rule='second-authority-behind-a-slash:agency-roster-initialism'; authority_in_own_cfr_note='present'; cfr_note_part='40 CFR 122'; authority_source='box'	33 USC 1361/CWA 501
ADDED	2040-AC84	199704	0	1	(no row) -> rin='2040-AC84'; publication_id='199704'; ordinal=0; authority_text='33 USC 1311/CWA 301'; authority_type='act_relative'; parse_status='corroborated'; usc_title=33; usc_section='1311'; act_key='clean water act'; act_section='301'; act_resolution_evidence='table3-classification'; usc_section_verdict='exists'; usc_section_attested_at_edition=True; corroboration_rule='second-authority-behind-a-slash:agency-roster-initialism'; authority_in_own_cfr_note='present'; cfr_note_part='40 CFR 122'; authority_source='box'	33 USC 1311/CWA 301
ADDED	2040-AC84	199704	1	1	(no row) -> rin='2040-AC84'; publication_id='199704'; ordinal=1; authority_text='33 USC 1312/CWA 302'; authority_type='act_relative'; parse_status='corroborated'; usc_title=33; usc_section='1312'; act_key='clean water act'; act_section='302'; act_resolution_evidence='table3-classification'; usc_section_verdict='exists'; usc_section_attested_at_edition=True; corroboration_rule='second-authority-behind-a-slash:agency-roster-initialism'; authority_in_own_cfr_note='present'; cfr_note_part='40 CFR 122'; authority_source='box'	33 USC 1312/CWA 302
ADDED	2040-AC84	199704	2	1	(no row) -> rin='2040-AC84'; publication_id='199704'; ordinal=2; authority_text='33 USC 1314/CWA 304'; authority_type='act_relative'; parse_status='corroborated'; usc_title=33; usc_section='1314'; act_key='clean water act'; act_section='304'; act_resolution_evidence='table3-classification'; usc_section_verdict='exists'; usc_section_attested_at_edition=True; corroboration_rule='second-authority-behind-a-slash:agency-roster-initialism'; authority_in_own_cfr_note='present'; cfr_note_part='40 CFR 122'; authority_source='box'	33 USC 1314/CWA 304
ADDED	2040-AC84	199704	3	1	(no row) -> rin='2040-AC84'; publication_id='199704'; ordinal=3; authority_text='33 USC 1316/CWA 306'; authority_type='act_relative'; parse_status='corroborated'; usc_title=33; usc_section='1316'; act_key='clean water act'; act_section='306'; act_resolution_evidence='table3-classification'; usc_section_verdict='exists'; usc_section_attested_at_edition=True; corroboration_rule='second-authority-behind-a-slash:agency-roster-initialism'; authority_in_own_cfr_note='present'; cfr_note_part='40 CFR 122'; authority_source='box'	33 USC 1316/CWA 306
ADDED	2040-AC84	199704	4	1	(no row) -> rin='2040-AC84'; publication_id='199704'; ordinal=4; authority_text='33 USC 1318/CWA 308'; authority_type='act_relative'; parse_status='corroborated'; usc_title=33; usc_section='1318'; act_key='clean water act'; act_section='308'; act_resolution_evidence='table3-classification'; usc_section_verdict='exists'; usc_section_attested_at_edition=True; corroboration_rule='second-authority-behind-a-slash:agency-roster-initialism'; authority_in_own_cfr_note='present'; cfr_note_part='40 CFR 122'; authority_source='box'	33 USC 1318/CWA 308
ADDED	2040-AC84	199704	5	1	(no row) -> rin='2040-AC84'; publication_id='199704'; ordinal=5; authority_text='33 USC 1342/CWA 402'; authority_type='act_relative'; parse_status='corroborated'; usc_title=33; usc_section='1342'; act_key='clean water act'; act_section='402'; act_resolution_evidence='table3-classification'; usc_section_verdict='exists'; usc_section_attested_at_edition=True; corroboration_rule='second-authority-behind-a-slash:agency-roster-initialism'; authority_in_own_cfr_note='present'; cfr_note_part='40 CFR 122'; authority_source='box'	33 USC 1342/CWA 402
ADDED	2040-AC84	199704	6	1	(no row) -> rin='2040-AC84'; publication_id='199704'; ordinal=6; authority_text='33 USC 1361/CWA 501'; authority_type='act_relative'; parse_status='corroborated'; usc_title=33; usc_section='1361'; act_key='clean water act'; act_section='501'; act_resolution_evidence='table3-classification'; usc_section_verdict='exists'; usc_section_attested_at_edition=True; corroboration_rule='second-authority-behind-a-slash:agency-roster-initialism'; authority_in_own_cfr_note='present'; cfr_note_part='40 CFR 122'; authority_source='box'	33 USC 1361/CWA 501
ADDED	2040-AC86	199604	0	1	(no row) -> rin='2040-AC86'; publication_id='199604'; ordinal=0; authority_text='33 USC 1314/CWA 304(m)'; authority_type='act_relative'; parse_status='corroborated'; usc_title=33; usc_section='1314'; act_key='clean water act'; act_section='304'; act_resolution_evidence='table3-classification'; usc_section_verdict='exists'; usc_section_attested_at_edition=True; corroboration_rule='second-authority-behind-a-slash:agency-roster-initialism'; authority_source='box'	33 USC 1314/CWA 304(m)
ADDED	2040-AC86	199610	0	1	(no row) -> rin='2040-AC86'; publication_id='199610'; ordinal=0; authority_text='33 USC 1314/CWA 304(m)'; authority_type='act_relative'; parse_status='corroborated'; usc_title=33; usc_section='1314'; act_key='clean water act'; act_section='304'; act_resolution_evidence='table3-classification'; usc_section_verdict='exists'; usc_section_attested_at_edition=True; corroboration_rule='second-authority-behind-a-slash:agency-roster-initialism'; authority_source='box'	33 USC 1314/CWA 304(m)
ADDED	2040-AC87	199604	0	1	(no row) -> rin='2040-AC87'; publication_id='199604'; ordinal=0; authority_text='33 USC 1251/CWA 101'; authority_type='act_relative'; parse_status='corroborated'; usc_title=33; usc_section='1251'; act_key='clean water act'; act_section='101'; act_resolution_evidence='table3-classification'; usc_section_verdict='exists'; usc_section_attested_at_edition=True; corroboration_rule='second-authority-behind-a-slash:agency-roster-initialism'; authority_in_own_cfr_note='present'; cfr_note_part='40 CFR 123'; authority_source='box'	33 USC 1251/CWA 101
ADDED	2040-AC87	199610	0	1	(no row) -> rin='2040-AC87'; publication_id='199610'; ordinal=0; authority_text='33 USC 1251/CWA 101'; authority_type='act_relative'; parse_status='corroborated'; usc_title=33; usc_section='1251'; act_key='clean water act'; act_section='101'; act_resolution_evidence='table3-classification'; usc_section_verdict='exists'; usc_section_attested_at_edition=True; corroboration_rule='second-authority-behind-a-slash:agency-roster-initialism'; authority_in_own_cfr_note='present'; cfr_note_part='40 CFR 123'; authority_source='box'	33 USC 1251/CWA 101
ADDED	2040-AC87	199704	0	1	(no row) -> rin='2040-AC87'; publication_id='199704'; ordinal=0; authority_text='33 USC 1251/CWA 101'; authority_type='act_relative'; parse_status='corroborated'; usc_title=33; usc_section='1251'; act_key='clean water act'; act_section='101'; act_resolution_evidence='table3-classification'; usc_section_verdict='exists'; usc_section_attested_at_edition=True; corroboration_rule='second-authority-behind-a-slash:agency-roster-initialism'; authority_in_own_cfr_note='present'; cfr_note_part='40 CFR 123'; authority_source='box'	33 USC 1251/CWA 101
ADDED	2040-AC88	199604	0	1	(no row) -> rin='2040-AC88'; publication_id='199604'; ordinal=0; authority_text='42 USC 300/SDWA 1412'; authority_type='act_relative'; parse_status='corroborated'; usc_title=42; usc_section='300g-1'; act_key='safe drinking water act'; act_section='1412'; act_resolution_evidence='table3-classification'; usc_section_verdict='exists'; usc_section_attested_at_edition=True; corroboration_rule='second-authority-behind-a-slash:agency-roster-initialism'; authority_in_own_cfr_note='absent'; cfr_note_part='40 CFR 141'; authority_source='box'	42 USC 300/SDWA 1412
ADDED	2040-AC88	199610	0	1	(no row) -> rin='2040-AC88'; publication_id='199610'; ordinal=0; authority_text='42 USC 300/SDWA 1412'; authority_type='act_relative'; parse_status='corroborated'; usc_title=42; usc_section='300g-1'; act_key='safe drinking water act'; act_section='1412'; act_resolution_evidence='table3-classification'; usc_section_verdict='exists'; usc_section_attested_at_edition=True; corroboration_rule='second-authority-behind-a-slash:agency-roster-initialism'; authority_in_own_cfr_note='absent'; cfr_note_part='40 CFR 141'; authority_source='box'	42 USC 300/SDWA 1412
ADDED	2040-AC88	199704	0	1	(no row) -> rin='2040-AC88'; publication_id='199704'; ordinal=0; authority_text='42 USC 300/SDWA 1412'; authority_type='act_relative'; parse_status='corroborated'; usc_title=42; usc_section='300g-1'; act_key='safe drinking water act'; act_section='1412'; act_resolution_evidence='table3-classification'; usc_section_verdict='exists'; usc_section_attested_at_edition=True; corroboration_rule='second-authority-behind-a-slash:agency-roster-initialism'; authority_in_own_cfr_note='absent'; cfr_note_part='40 CFR 141'; authority_source='box'	42 USC 300/SDWA 1412
ADDED	2040-AC89	199604	0	1	(no row) -> rin='2040-AC89'; publication_id='199604'; ordinal=0; authority_text='33 USC 1311/CWA 301'; authority_type='act_relative'; parse_status='corroborated'; usc_title=33; usc_section='1311'; act_key='clean water act'; act_section='301'; act_resolution_evidence='table3-classification'; usc_section_verdict='exists'; usc_section_attested_at_edition=True; corroboration_rule='second-authority-behind-a-slash:agency-roster-initialism'; authority_in_own_cfr_note='present'; cfr_note_part='40 CFR 125'; authority_source='box'	33 USC 1311/CWA 301
ADDED	2040-AC89	199610	0	1	(no row) -> rin='2040-AC89'; publication_id='199610'; ordinal=0; authority_text='33 USC 1311/CWA 301'; authority_type='act_relative'; parse_status='corroborated'; usc_title=33; usc_section='1311'; act_key='clean water act'; act_section='301'; act_resolution_evidence='table3-classification'; usc_section_verdict='exists'; usc_section_attested_at_edition=True; corroboration_rule='second-authority-behind-a-slash:agency-roster-initialism'; authority_in_own_cfr_note='present'; cfr_note_part='40 CFR 125'; authority_source='box'	33 USC 1311/CWA 301
ADDED	2040-AC89	199704	0	1	(no row) -> rin='2040-AC89'; publication_id='199704'; ordinal=0; authority_text='33 USC 1311/CWA 301'; authority_type='act_relative'; parse_status='corroborated'; usc_title=33; usc_section='1311'; act_key='clean water act'; act_section='301'; act_resolution_evidence='table3-classification'; usc_section_verdict='exists'; usc_section_attested_at_edition=True; corroboration_rule='second-authority-behind-a-slash:agency-roster-initialism'; authority_in_own_cfr_note='present'; cfr_note_part='40 CFR 125'; authority_source='box'	33 USC 1311/CWA 301
ADDED	2040-AC90	199604	0	1	(no row) -> rin='2040-AC90'; publication_id='199604'; ordinal=0; authority_text='33 USC 1311/CWA 301'; authority_type='act_relative'; parse_status='corroborated'; usc_title=33; usc_section='1311'; act_key='clean water act'; act_section='301'; act_resolution_evidence='table3-classification'; usc_section_verdict='exists'; usc_section_attested_at_edition=True; corroboration_rule='second-authority-behind-a-slash:agency-roster-initialism'; authority_in_own_cfr_note='absent'; cfr_note_part='40 CFR 420'; authority_source='box'	33 USC 1311/CWA 301
ADDED	2040-AC90	199604	1	1	(no row) -> rin='2040-AC90'; publication_id='199604'; ordinal=1; authority_text='33 USC 1314/CWA 304'; authority_type='act_relative'; parse_status='corroborated'; usc_title=33; usc_section='1314'; act_key='clean water act'; act_section='304'; act_resolution_evidence='table3-classification'; usc_section_verdict='exists'; usc_section_attested_at_edition=True; corroboration_rule='second-authority-behind-a-slash:agency-roster-initialism'; authority_in_own_cfr_note='absent'; cfr_note_part='40 CFR 420'; authority_source='box'	33 USC 1314/CWA 304
ADDED	2040-AC90	199604	2	1	(no row) -> rin='2040-AC90'; publication_id='199604'; ordinal=2; authority_text='33 USC 1316/CWA 306'; authority_type='act_relative'; parse_status='corroborated'; usc_title=33; usc_section='1316'; act_key='clean water act'; act_section='306'; act_resolution_evidence='table3-classification'; usc_section_verdict='exists'; usc_section_attested_at_edition=True; corroboration_rule='second-authority-behind-a-slash:agency-roster-initialism'; authority_in_own_cfr_note='absent'; cfr_note_part='40 CFR 420'; authority_source='box'	33 USC 1316/CWA 306
ADDED	2040-AC90	199604	3	1	(no row) -> rin='2040-AC90'; publication_id='199604'; ordinal=3; authority_text='33 USC 1317/CWA 307'; authority_type='act_relative'; parse_status='corroborated'; usc_title=33; usc_section='1317'; act_key='clean water act'; act_section='307'; act_resolution_evidence='table3-classification'; usc_section_verdict='exists'; usc_section_attested_at_edition=True; corroboration_rule='second-authority-behind-a-slash:agency-roster-initialism'; authority_in_own_cfr_note='absent'; cfr_note_part='40 CFR 420'; authority_source='box'	33 USC 1317/CWA 307
ADDED	2040-AC90	199604	4	1	(no row) -> rin='2040-AC90'; publication_id='199604'; ordinal=4; authority_text='33 USC 1362/CWA 502'; authority_type='act_relative'; parse_status='corroborated'; usc_title=33; usc_section='1362'; act_key='clean water act'; act_section='502'; act_resolution_evidence='table3-classification'; usc_section_verdict='exists'; usc_section_attested_at_edition=True; corroboration_rule='second-authority-behind-a-slash:agency-roster-initialism'; authority_in_own_cfr_note='absent'; cfr_note_part='40 CFR 420'; authority_source='box'	33 USC 1362/CWA 502
ADDED	2040-AC90	199610	0	1	(no row) -> rin='2040-AC90'; publication_id='199610'; ordinal=0; authority_text='33 USC 1311/CWA 301'; authority_type='act_relative'; parse_status='corroborated'; usc_title=33; usc_section='1311'; act_key='clean water act'; act_section='301'; act_resolution_evidence='table3-classification'; usc_section_verdict='exists'; usc_section_attested_at_edition=True; corroboration_rule='second-authority-behind-a-slash:agency-roster-initialism'; authority_in_own_cfr_note='absent'; cfr_note_part='40 CFR 420'; authority_source='box'	33 USC 1311/CWA 301
ADDED	2040-AC90	199610	1	1	(no row) -> rin='2040-AC90'; publication_id='199610'; ordinal=1; authority_text='33 USC 1314/CWA 304'; authority_type='act_relative'; parse_status='corroborated'; usc_title=33; usc_section='1314'; act_key='clean water act'; act_section='304'; act_resolution_evidence='table3-classification'; usc_section_verdict='exists'; usc_section_attested_at_edition=True; corroboration_rule='second-authority-behind-a-slash:agency-roster-initialism'; authority_in_own_cfr_note='absent'; cfr_note_part='40 CFR 420'; authority_source='box'	33 USC 1314/CWA 304
ADDED	2040-AC90	199610	2	1	(no row) -> rin='2040-AC90'; publication_id='199610'; ordinal=2; authority_text='33 USC 1316/CWA 306'; authority_type='act_relative'; parse_status='corroborated'; usc_title=33; usc_section='1316'; act_key='clean water act'; act_section='306'; act_resolution_evidence='table3-classification'; usc_section_verdict='exists'; usc_section_attested_at_edition=True; corroboration_rule='second-authority-behind-a-slash:agency-roster-initialism'; authority_in_own_cfr_note='absent'; cfr_note_part='40 CFR 420'; authority_source='box'	33 USC 1316/CWA 306
ADDED	2040-AC90	199610	3	1	(no row) -> rin='2040-AC90'; publication_id='199610'; ordinal=3; authority_text='33 USC 1317/CWA 307'; authority_type='act_relative'; parse_status='corroborated'; usc_title=33; usc_section='1317'; act_key='clean water act'; act_section='307'; act_resolution_evidence='table3-classification'; usc_section_verdict='exists'; usc_section_attested_at_edition=True; corroboration_rule='second-authority-behind-a-slash:agency-roster-initialism'; authority_in_own_cfr_note='absent'; cfr_note_part='40 CFR 420'; authority_source='box'	33 USC 1317/CWA 307
ADDED	2040-AC90	199610	4	1	(no row) -> rin='2040-AC90'; publication_id='199610'; ordinal=4; authority_text='33 USC 1362/CWA 502'; authority_type='act_relative'; parse_status='corroborated'; usc_title=33; usc_section='1362'; act_key='clean water act'; act_section='502'; act_resolution_evidence='table3-classification'; usc_section_verdict='exists'; usc_section_attested_at_edition=True; corroboration_rule='second-authority-behind-a-slash:agency-roster-initialism'; authority_in_own_cfr_note='absent'; cfr_note_part='40 CFR 420'; authority_source='box'	33 USC 1362/CWA 502
ADDED	2040-AC90	199704	0	1	(no row) -> rin='2040-AC90'; publication_id='199704'; ordinal=0; authority_text='33 USC 1311/CWA 301'; authority_type='act_relative'; parse_status='corroborated'; usc_title=33; usc_section='1311'; act_key='clean water act'; act_section='301'; act_resolution_evidence='table3-classification'; usc_section_verdict='exists'; usc_section_attested_at_edition=True; corroboration_rule='second-authority-behind-a-slash:agency-roster-initialism'; authority_in_own_cfr_note='absent'; cfr_note_part='40 CFR 420'; authority_source='box'	33 USC 1311/CWA 301
ADDED	2040-AC90	199704	1	1	(no row) -> rin='2040-AC90'; publication_id='199704'; ordinal=1; authority_text='33 USC 1314/CWA 304'; authority_type='act_relative'; parse_status='corroborated'; usc_title=33; usc_section='1314'; act_key='clean water act'; act_section='304'; act_resolution_evidence='table3-classification'; usc_section_verdict='exists'; usc_section_attested_at_edition=True; corroboration_rule='second-authority-behind-a-slash:agency-roster-initialism'; authority_in_own_cfr_note='absent'; cfr_note_part='40 CFR 420'; authority_source='box'	33 USC 1314/CWA 304
ADDED	2040-AC90	199704	2	1	(no row) -> rin='2040-AC90'; publication_id='199704'; ordinal=2; authority_text='33 USC 1316/CWA 306'; authority_type='act_relative'; parse_status='corroborated'; usc_title=33; usc_section='1316'; act_key='clean water act'; act_section='306'; act_resolution_evidence='table3-classification'; usc_section_verdict='exists'; usc_section_attested_at_edition=True; corroboration_rule='second-authority-behind-a-slash:agency-roster-initialism'; authority_in_own_cfr_note='absent'; cfr_note_part='40 CFR 420'; authority_source='box'	33 USC 1316/CWA 306
ADDED	2040-AC90	199704	3	1	(no row) -> rin='2040-AC90'; publication_id='199704'; ordinal=3; authority_text='33 USC 1317/CWA 307'; authority_type='act_relative'; parse_status='corroborated'; usc_title=33; usc_section='1317'; act_key='clean water act'; act_section='307'; act_resolution_evidence='table3-classification'; usc_section_verdict='exists'; usc_section_attested_at_edition=True; corroboration_rule='second-authority-behind-a-slash:agency-roster-initialism'; authority_in_own_cfr_note='absent'; cfr_note_part='40 CFR 420'; authority_source='box'	33 USC 1317/CWA 307
ADDED	2040-AC90	199704	4	1	(no row) -> rin='2040-AC90'; publication_id='199704'; ordinal=4; authority_text='33 USC 1362/CWA 502'; authority_type='act_relative'; parse_status='corroborated'; usc_title=33; usc_section='1362'; act_key='clean water act'; act_section='502'; act_resolution_evidence='table3-classification'; usc_section_verdict='exists'; usc_section_attested_at_edition=True; corroboration_rule='second-authority-behind-a-slash:agency-roster-initialism'; authority_in_own_cfr_note='absent'; cfr_note_part='40 CFR 420'; authority_source='box'	33 USC 1362/CWA 502
ADDED	2040-AC91	199610	0	1	(no row) -> rin='2040-AC91'; publication_id='199610'; ordinal=0; authority_text='42 USC 300/SDWA 1412'; authority_type='act_relative'; parse_status='corroborated'; usc_title=42; usc_section='300g-1'; act_key='safe drinking water act'; act_section='1412'; act_resolution_evidence='table3-classification'; usc_section_verdict='exists'; usc_section_attested_at_edition=True; corroboration_rule='second-authority-behind-a-slash:agency-roster-initialism'; authority_in_own_cfr_note='absent'; cfr_note_part='40 CFR 141'; authority_source='box'	42 USC 300/SDWA 1412
ADDED	2040-AC91	199704	0	1	(no row) -> rin='2040-AC91'; publication_id='199704'; ordinal=0; authority_text='42 USC 300/SDWA 1412'; authority_type='act_relative'; parse_status='corroborated'; usc_title=42; usc_section='300g-1'; act_key='safe drinking water act'; act_section='1412'; act_resolution_evidence='table3-classification'; usc_section_verdict='exists'; usc_section_attested_at_edition=True; corroboration_rule='second-authority-behind-a-slash:agency-roster-initialism'; authority_in_own_cfr_note='absent'; cfr_note_part='40 CFR 141'; authority_source='box'	42 USC 300/SDWA 1412
ADDED	2040-AC92	199610	1	1	(no row) -> rin='2040-AC92'; publication_id='199610'; ordinal=1; authority_text='33 USC 1314(h)/CWA 304'; authority_type='act_relative'; parse_status='corroborated'; usc_title=33; usc_section='1314'; act_key='clean water act'; act_section='304'; act_resolution_evidence='table3-classification'; usc_section_verdict='exists'; usc_section_attested_at_edition=True; corroboration_rule='second-authority-behind-a-slash:agency-roster-initialism'; authority_in_own_cfr_note='present'; cfr_note_part='40 CFR 122'; authority_source='box'	33 USC 1314(h)/CWA 304
ADDED	2040-AC92	199704	1	1	(no row) -> rin='2040-AC92'; publication_id='199704'; ordinal=1; authority_text='33 USC 1314(h)/CWA 304'; authority_type='act_relative'; parse_status='corroborated'; usc_title=33; usc_section='1314'; act_key='clean water act'; act_section='304'; act_resolution_evidence='table3-classification'; usc_section_verdict='exists'; usc_section_attested_at_edition=True; corroboration_rule='second-authority-behind-a-slash:agency-roster-initialism'; authority_in_own_cfr_note='present'; cfr_note_part='40 CFR 122'; authority_source='box'	33 USC 1314(h)/CWA 304
ADDED	2040-AC94	199610	0	1	(no row) -> rin='2040-AC94'; publication_id='199610'; ordinal=0; authority_text='33 USC 1268/CWA 118'; authority_type='act_relative'; parse_status='corroborated'; usc_title=33; usc_section='1268'; act_key='clean water act'; act_section='118'; act_resolution_evidence='table3-classification'; usc_section_verdict='exists'; usc_section_attested_at_edition=True; corroboration_rule='second-authority-behind-a-slash:agency-roster-initialism'; authority_in_own_cfr_note='absent'; cfr_note_part='40 CFR 132'; authority_source='box'	33 USC 1268/CWA 118
ADDED	2040-AC94	199704	0	1	(no row) -> rin='2040-AC94'; publication_id='199704'; ordinal=0; authority_text='33 USC 1268/CWA 118'; authority_type='act_relative'; parse_status='corroborated'; usc_title=33; usc_section='1268'; act_key='clean water act'; act_section='118'; act_resolution_evidence='table3-classification'; usc_section_verdict='exists'; usc_section_attested_at_edition=True; corroboration_rule='second-authority-behind-a-slash:agency-roster-initialism'; authority_in_own_cfr_note='absent'; cfr_note_part='40 CFR 132'; authority_source='box'	33 USC 1268/CWA 118
ADDED	2040-AC95	199610	0	1	(no row) -> rin='2040-AC95'; publication_id='199610'; ordinal=0; authority_text='33 USC 1314(h)/CWA 304(h)'; authority_type='act_relative'; parse_status='corroborated'; usc_title=33; usc_section='1314'; act_key='clean water act'; act_section='304'; act_resolution_evidence='table3-classification'; usc_section_verdict='exists'; usc_section_attested_at_edition=True; corroboration_rule='second-authority-behind-a-slash:agency-roster-initialism'; authority_in_own_cfr_note='absent'; cfr_note_part='40 CFR 136'; authority_source='box'	33 USC 1314(h)/CWA 304(h)
ADDED	2040-AC95	199610	1	1	(no row) -> rin='2040-AC95'; publication_id='199610'; ordinal=1; authority_text='33 USC 1361(a)/CWA 501(a)'; authority_type='act_relative'; parse_status='corroborated'; usc_title=33; usc_section='1361'; act_key='clean water act'; act_section='501'; act_resolution_evidence='table3-classification'; usc_section_verdict='exists'; usc_section_attested_at_edition=True; corroboration_rule='second-authority-behind-a-slash:agency-roster-initialism'; authority_in_own_cfr_note='absent'; cfr_note_part='40 CFR 136'; authority_source='box'	33 USC 1361(a)/CWA 501(a)
ADDED	2040-AC95	199704	0	1	(no row) -> rin='2040-AC95'; publication_id='199704'; ordinal=0; authority_text='33 USC 1314(h)/CWA 304(h)'; authority_type='act_relative'; parse_status='corroborated'; usc_title=33; usc_section='1314'; act_key='clean water act'; act_section='304'; act_resolution_evidence='table3-classification'; usc_section_verdict='exists'; usc_section_attested_at_edition=True; corroboration_rule='second-authority-behind-a-slash:agency-roster-initialism'; authority_in_own_cfr_note='absent'; cfr_note_part='40 CFR 136'; authority_source='box'	33 USC 1314(h)/CWA 304(h)
ADDED	2040-AC95	199704	1	1	(no row) -> rin='2040-AC95'; publication_id='199704'; ordinal=1; authority_text='33 USC 1361(a)/CWA 501(a)'; authority_type='act_relative'; parse_status='corroborated'; usc_title=33; usc_section='1361'; act_key='clean water act'; act_section='501'; act_resolution_evidence='table3-classification'; usc_section_verdict='exists'; usc_section_attested_at_edition=True; corroboration_rule='second-authority-behind-a-slash:agency-roster-initialism'; authority_in_own_cfr_note='absent'; cfr_note_part='40 CFR 136'; authority_source='box'	33 USC 1361(a)/CWA 501(a)
ADDED	2040-AC97	199610	0	1	(no row) -> rin='2040-AC97'; publication_id='199610'; ordinal=0; authority_text='33 USC 1268/CWA 118'; authority_type='act_relative'; parse_status='corroborated'; usc_title=33; usc_section='1268'; act_key='clean water act'; act_section='118'; act_resolution_evidence='table3-classification'; usc_section_verdict='exists'; usc_section_attested_at_edition=True; corroboration_rule='second-authority-behind-a-slash:agency-roster-initialism'; authority_in_own_cfr_note='absent'; cfr_note_part='40 CFR 132'; authority_source='box'	33 USC 1268/CWA 118
ADDED	2040-AC97	199704	0	1	(no row) -> rin='2040-AC97'; publication_id='199704'; ordinal=0; authority_text='33 USC 1268/CWA 118'; authority_type='act_relative'; parse_status='corroborated'; usc_title=33; usc_section='1268'; act_key='clean water act'; act_section='118'; act_resolution_evidence='table3-classification'; usc_section_verdict='exists'; usc_section_attested_at_edition=True; corroboration_rule='second-authority-behind-a-slash:agency-roster-initialism'; authority_in_own_cfr_note='absent'; cfr_note_part='40 CFR 132'; authority_source='box'	33 USC 1268/CWA 118
ADDED	2040-AC98	199704	0	1	(no row) -> rin='2040-AC98'; publication_id='199704'; ordinal=0; authority_text='42 USC 300/SDWA 1412'; authority_type='act_relative'; parse_status='corroborated'; usc_title=42; usc_section='300g-1'; act_key='safe drinking water act'; act_section='1412'; act_resolution_evidence='table3-classification'; usc_section_verdict='exists'; usc_section_attested_at_edition=True; corroboration_rule='second-authority-behind-a-slash:agency-roster-initialism'; authority_in_own_cfr_note='absent'; cfr_note_part='40 CFR 141'; authority_source='box'	42 USC 300/SDWA 1412
ADDED	2040-AC98	199710	0	1	(no row) -> rin='2040-AC98'; publication_id='199710'; ordinal=0; authority_text='42 USC 300/SDWA 1412'; authority_type='act_relative'; parse_status='corroborated'; usc_title=42; usc_section='300g-1'; act_key='safe drinking water act'; act_section='1412'; act_resolution_evidence='table3-classification'; usc_section_verdict='exists'; usc_section_attested_at_edition=True; corroboration_rule='second-authority-behind-a-slash:agency-roster-initialism'; authority_in_own_cfr_note='absent'; cfr_note_part='40 CFR 141'; authority_source='box'	42 USC 300/SDWA 1412
ADDED	2040-AD10	199710	0	1	(no row) -> rin='2040-AD10'; publication_id='199710'; ordinal=0; authority_text='33 USC 1311/CWA 301'; authority_type='act_relative'; parse_status='corroborated'; usc_title=33; usc_section='1311'; act_key='clean water act'; act_section='301'; act_resolution_evidence='table3-classification'; usc_section_verdict='exists'; usc_section_attested_at_edition=True; corroboration_rule='second-authority-behind-a-slash:agency-roster-initialism'; authority_in_own_cfr_note='present'; cfr_note_part='40 CFR 430'; authority_source='box'	33 USC 1311/CWA 301
ADDED	2040-AD10	199710	1	1	(no row) -> rin='2040-AD10'; publication_id='199710'; ordinal=1; authority_text='33 USC 1314/CWA 304'; authority_type='act_relative'; parse_status='corroborated'; usc_title=33; usc_section='1314'; act_key='clean water act'; act_section='304'; act_resolution_evidence='table3-classification'; usc_section_verdict='exists'; usc_section_attested_at_edition=True; corroboration_rule='second-authority-behind-a-slash:agency-roster-initialism'; authority_in_own_cfr_note='present'; cfr_note_part='40 CFR 430'; authority_source='box'	33 USC 1314/CWA 304
ADDED	2040-AD10	199710	2	1	(no row) -> rin='2040-AD10'; publication_id='199710'; ordinal=2; authority_text='33 USC 1316/CWA 306'; authority_type='act_relative'; parse_status='corroborated'; usc_title=33; usc_section='1316'; act_key='clean water act'; act_section='306'; act_resolution_evidence='table3-classification'; usc_section_verdict='exists'; usc_section_attested_at_edition=True; corroboration_rule='second-authority-behind-a-slash:agency-roster-initialism'; authority_in_own_cfr_note='present'; cfr_note_part='40 CFR 430'; authority_source='box'	33 USC 1316/CWA 306
ADDED	2040-AD10	199710	3	1	(no row) -> rin='2040-AD10'; publication_id='199710'; ordinal=3; authority_text='33 USC 1317/CWA 307'; authority_type='act_relative'; parse_status='corroborated'; usc_title=33; usc_section='1317'; act_key='clean water act'; act_section='307'; act_resolution_evidence='table3-classification'; usc_section_verdict='exists'; usc_section_attested_at_edition=True; corroboration_rule='second-authority-behind-a-slash:agency-roster-initialism'; authority_in_own_cfr_note='present'; cfr_note_part='40 CFR 430'; authority_source='box'	33 USC 1317/CWA 307
ADDED	2040-AD10	199710	4	1	(no row) -> rin='2040-AD10'; publication_id='199710'; ordinal=4; authority_text='33 USC 1361/CWA 501'; authority_type='act_relative'; parse_status='corroborated'; usc_title=33; usc_section='1361'; act_key='clean water act'; act_section='501'; act_resolution_evidence='table3-classification'; usc_section_verdict='exists'; usc_section_attested_at_edition=True; corroboration_rule='second-authority-behind-a-slash:agency-roster-initialism'; authority_in_own_cfr_note='present'; cfr_note_part='40 CFR 430'; authority_source='box'	33 USC 1361/CWA 501
ADDED	2050-AB80	199510	0	2	(no row) -> rin='2050-AB80'; publication_id='199510'; ordinal=0; authority_text='42 USC 6924/RCRA 3004(u), 3004(v)'; authority_type='act_relative'; parse_status='corroborated'; act_key='resource conservation and recovery act of 1976'; act_section='3004'; act_resolution_reason='act_section_not_classified'; corroboration_rule='second-authority-behind-a-slash:agency-roster-initialism'; authority_in_own_cfr_note='absent'; cfr_note_part='40 CFR 264'; authority_source='box'	42 USC 6924/RCRA 3004(u), 3004(v)
ADDED	2050-AB80	199510	0	2	(no row) -> rin='2050-AB80'; publication_id='199510'; ordinal=0; authority_text='42 USC 6924/RCRA 3004(u), 3004(v)'; authority_type='act_relative'; parse_status='corroborated'; act_key='resource conservation and recovery act of 1976'; act_section='3004'; act_resolution_reason='act_section_not_classified'; corroboration_rule='second-authority-behind-a-slash:agency-roster-initialism'; authority_in_own_cfr_note='absent'; cfr_note_part='40 CFR 264'; authority_source='box'	42 USC 6924/RCRA 3004(u), 3004(v)
ADDED	2050-AB80	199604	0	2	(no row) -> rin='2050-AB80'; publication_id='199604'; ordinal=0; authority_text='42 USC 6924/RCRA 3004(u), 3004(v)'; authority_type='act_relative'; parse_status='corroborated'; act_key='resource conservation and recovery act of 1976'; act_section='3004'; act_resolution_reason='act_section_not_classified'; corroboration_rule='second-authority-behind-a-slash:agency-roster-initialism'; authority_in_own_cfr_note='absent'; cfr_note_part='40 CFR 264'; authority_source='box'	42 USC 6924/RCRA 3004(u), 3004(v)
ADDED	2050-AB80	199604	0	2	(no row) -> rin='2050-AB80'; publication_id='199604'; ordinal=0; authority_text='42 USC 6924/RCRA 3004(u), 3004(v)'; authority_type='act_relative'; parse_status='corroborated'; act_key='resource conservation and recovery act of 1976'; act_section='3004'; act_resolution_reason='act_section_not_classified'; corroboration_rule='second-authority-behind-a-slash:agency-roster-initialism'; authority_in_own_cfr_note='absent'; cfr_note_part='40 CFR 264'; authority_source='box'	42 USC 6924/RCRA 3004(u), 3004(v)
ADDED	2050-AB80	199610	0	2	(no row) -> rin='2050-AB80'; publication_id='199610'; ordinal=0; authority_text='42 USC 6924/RCRA 3004(u), 3004(v)'; authority_type='act_relative'; parse_status='corroborated'; act_key='resource conservation and recovery act of 1976'; act_section='3004'; act_resolution_reason='act_section_not_classified'; corroboration_rule='second-authority-behind-a-slash:agency-roster-initialism'; authority_in_own_cfr_note='absent'; cfr_note_part='40 CFR 264'; authority_source='box'	42 USC 6924/RCRA 3004(u), 3004(v)
ADDED	2050-AB80	199610	0	2	(no row) -> rin='2050-AB80'; publication_id='199610'; ordinal=0; authority_text='42 USC 6924/RCRA 3004(u), 3004(v)'; authority_type='act_relative'; parse_status='corroborated'; act_key='resource conservation and recovery act of 1976'; act_section='3004'; act_resolution_reason='act_section_not_classified'; corroboration_rule='second-authority-behind-a-slash:agency-roster-initialism'; authority_in_own_cfr_note='absent'; cfr_note_part='40 CFR 264'; authority_source='box'	42 USC 6924/RCRA 3004(u), 3004(v)
ADDED	2050-AB80	199704	0	2	(no row) -> rin='2050-AB80'; publication_id='199704'; ordinal=0; authority_text='42 USC 6924/RCRA 3004(u), 3004(v)'; authority_type='act_relative'; parse_status='corroborated'; act_key='resource conservation and recovery act of 1976'; act_section='3004'; act_resolution_reason='act_section_not_classified'; corroboration_rule='second-authority-behind-a-slash:agency-roster-initialism'; authority_in_own_cfr_note='absent'; cfr_note_part='40 CFR 264'; authority_source='box'	42 USC 6924/RCRA 3004(u), 3004(v)
ADDED	2050-AB80	199704	0	2	(no row) -> rin='2050-AB80'; publication_id='199704'; ordinal=0; authority_text='42 USC 6924/RCRA 3004(u), 3004(v)'; authority_type='act_relative'; parse_status='corroborated'; act_key='resource conservation and recovery act of 1976'; act_section='3004'; act_resolution_reason='act_section_not_classified'; corroboration_rule='second-authority-behind-a-slash:agency-roster-initialism'; authority_in_own_cfr_note='absent'; cfr_note_part='40 CFR 264'; authority_source='box'	42 USC 6924/RCRA 3004(u), 3004(v)
ADDED	2050-AB82	199510	0	1	(no row) -> rin='2050-AB82'; publication_id='199510'; ordinal=0; authority_text='42 USC 9602/CERCLA 102'; authority_type='act_relative'; parse_status='corroborated'; usc_title=42; usc_section='9602'; act_key='cercla'; act_section='102'; act_resolution_evidence='table3-classification'; usc_section_verdict='exists'; usc_section_attested_at_edition=True; corroboration_rule='second-authority-behind-a-slash:index-holds-a-bare-name-and-section'; authority_in_own_cfr_note='absent'; cfr_note_part='40 CFR 117'; authority_source='box'	42 USC 9602/CERCLA 102
ADDED	2050-AB82	199604	0	1	(no row) -> rin='2050-AB82'; publication_id='199604'; ordinal=0; authority_text='42 USC 9602/CERCLA 102'; authority_type='act_relative'; parse_status='corroborated'; usc_title=42; usc_section='9602'; act_key='cercla'; act_section='102'; act_resolution_evidence='table3-classification'; usc_section_verdict='exists'; usc_section_attested_at_edition=True; corroboration_rule='second-authority-behind-a-slash:index-holds-a-bare-name-and-section'; authority_in_own_cfr_note='absent'; cfr_note_part='40 CFR 117'; authority_source='box'	42 USC 9602/CERCLA 102
ADDED	2050-AB82	199610	0	1	(no row) -> rin='2050-AB82'; publication_id='199610'; ordinal=0; authority_text='42 USC 9602/CERCLA 102'; authority_type='act_relative'; parse_status='corroborated'; usc_title=42; usc_section='9602'; act_key='cercla'; act_section='102'; act_resolution_evidence='table3-classification'; usc_section_verdict='exists'; usc_section_attested_at_edition=True; corroboration_rule='second-authority-behind-a-slash:index-holds-a-bare-name-and-section'; authority_in_own_cfr_note='absent'; cfr_note_part='40 CFR 117'; authority_source='box'	42 USC 9602/CERCLA 102
ADDED	2050-AB82	199704	0	1	(no row) -> rin='2050-AB82'; publication_id='199704'; ordinal=0; authority_text='42 USC 9602/CERCLA 102'; authority_type='act_relative'; parse_status='corroborated'; usc_title=42; usc_section='9602'; act_key='cercla'; act_section='102'; act_resolution_evidence='table3-classification'; usc_section_verdict='exists'; usc_section_attested_at_edition=True; corroboration_rule='second-authority-behind-a-slash:index-holds-a-bare-name-and-section'; authority_in_own_cfr_note='absent'; cfr_note_part='40 CFR 117'; authority_source='box'	42 USC 9602/CERCLA 102
ADDED	2050-AC15	199510	0	1	(no row) -> rin='2050-AC15'; publication_id='199510'; ordinal=0; authority_text='42 USC 6991b/RCRA 9003'; authority_type='act_relative'; parse_status='corroborated'; act_key='resource conservation and recovery act of 1976'; act_section='9003'; act_resolution_reason='act_section_not_classified'; corroboration_rule='second-authority-behind-a-slash:agency-roster-initialism'; authority_in_own_cfr_note='absent'; cfr_note_part='40 CFR 280'; authority_source='box'	42 USC 6991b/RCRA 9003
ADDED	2050-AC15	199604	0	1	(no row) -> rin='2050-AC15'; publication_id='199604'; ordinal=0; authority_text='42 USC 6991b/RCRA 9003'; authority_type='act_relative'; parse_status='corroborated'; act_key='resource conservation and recovery act of 1976'; act_section='9003'; act_resolution_reason='act_section_not_classified'; corroboration_rule='second-authority-behind-a-slash:agency-roster-initialism'; authority_in_own_cfr_note='absent'; cfr_note_part='40 CFR 280'; authority_source='box'	42 USC 6991b/RCRA 9003
ADDED	2050-AC15	199610	0	1	(no row) -> rin='2050-AC15'; publication_id='199610'; ordinal=0; authority_text='42 USC 6991b/RCRA 9003'; authority_type='act_relative'; parse_status='corroborated'; act_key='resource conservation and recovery act of 1976'; act_section='9003'; act_resolution_reason='act_section_not_classified'; corroboration_rule='second-authority-behind-a-slash:agency-roster-initialism'; authority_in_own_cfr_note='absent'; cfr_note_part='40 CFR 280'; authority_source='box'	42 USC 6991b/RCRA 9003
ADDED	2050-AC15	199704	0	1	(no row) -> rin='2050-AC15'; publication_id='199704'; ordinal=0; authority_text='42 USC 6991b/RCRA 9003'; authority_type='act_relative'; parse_status='corroborated'; act_key='resource conservation and recovery act of 1976'; act_section='9003'; act_resolution_reason='act_section_not_classified'; corroboration_rule='second-authority-behind-a-slash:agency-roster-initialism'; authority_in_own_cfr_note='absent'; cfr_note_part='40 CFR 280'; authority_source='box'	42 USC 6991b/RCRA 9003
ADDED	2050-AC44	199510	0	1	(no row) -> rin='2050-AC44'; publication_id='199510'; ordinal=0; authority_text='42 USC 6905/RCRA 1006'; authority_type='act_relative'; parse_status='corroborated'; act_key='resource conservation and recovery act of 1976'; act_section='1006'; act_resolution_reason='act_section_not_classified'; corroboration_rule='second-authority-behind-a-slash:agency-roster-initialism'; authority_in_own_cfr_note='absent'; cfr_note_part='40 CFR 268'; authority_source='box'	42 USC 6905/RCRA 1006
ADDED	2050-AC44	199510	1	1	(no row) -> rin='2050-AC44'; publication_id='199510'; ordinal=1; authority_text='42 USC 6905/RCRA 1006'; authority_type='act_relative'; parse_status='corroborated'; act_key='resource conservation and recovery act of 1976'; act_section='1006'; act_resolution_reason='act_section_not_classified'; corroboration_rule='second-authority-behind-a-slash:agency-roster-initialism'; authority_in_own_cfr_note='absent'; cfr_note_part='40 CFR 268'; authority_source='box'	42 USC 6905/RCRA 1006
ADDED	2050-AC44	199510	2	1	(no row) -> rin='2050-AC44'; publication_id='199510'; ordinal=2; authority_text='42 USC 6912(a)/RCRA 2002(a)'; authority_type='act_relative'; parse_status='corroborated'; act_key='resource conservation and recovery act of 1976'; act_section='2002'; act_resolution_reason='act_section_not_classified'; corroboration_rule='second-authority-behind-a-slash:agency-roster-initialism'; authority_in_own_cfr_note='absent'; cfr_note_part='40 CFR 268'; authority_source='box'	42 USC 6912(a)/RCRA 2002(a)
ADDED	2050-AC44	199510	3	1	(no row) -> rin='2050-AC44'; publication_id='199510'; ordinal=3; authority_text='42 USC 6912(a)/RCRA 2002(a)'; authority_type='act_relative'; parse_status='corroborated'; act_key='resource conservation and recovery act of 1976'; act_section='2002'; act_resolution_reason='act_section_not_classified'; corroboration_rule='second-authority-behind-a-slash:agency-roster-initialism'; authority_in_own_cfr_note='absent'; cfr_note_part='40 CFR 268'; authority_source='box'	42 USC 6912(a)/RCRA 2002(a)
ADDED	2050-AC44	199510	4	1	(no row) -> rin='2050-AC44'; publication_id='199510'; ordinal=4; authority_text='42 USC 6921/RCRA 3001'; authority_type='act_relative'; parse_status='corroborated'; act_key='resource conservation and recovery act of 1976'; act_section='3001'; act_resolution_reason='act_section_not_classified'; corroboration_rule='second-authority-behind-a-slash:agency-roster-initialism'; authority_in_own_cfr_note='absent'; cfr_note_part='40 CFR 268'; authority_source='box'	42 USC 6921/RCRA 3001
ADDED	2050-AC44	199510	5	1	(no row) -> rin='2050-AC44'; publication_id='199510'; ordinal=5; authority_text='42 USC 6921/RCRA 3001'; authority_type='act_relative'; parse_status='corroborated'; act_key='resource conservation and recovery act of 1976'; act_section='3001'; act_resolution_reason='act_section_not_classified'; corroboration_rule='second-authority-behind-a-slash:agency-roster-initialism'; authority_in_own_cfr_note='absent'; cfr_note_part='40 CFR 268'; authority_source='box'	42 USC 6921/RCRA 3001
ADDED	2050-AC44	199510	6	1	(no row) -> rin='2050-AC44'; publication_id='199510'; ordinal=6; authority_text='42 USC 6924/RCRA 3004'; authority_type='act_relative'; parse_status='corroborated'; act_key='resource conservation and recovery act of 1976'; act_section='3004'; act_resolution_reason='act_section_not_classified'; corroboration_rule='second-authority-behind-a-slash:agency-roster-initialism'; authority_in_own_cfr_note='absent'; cfr_note_part='40 CFR 268'; authority_source='box'	42 USC 6924/RCRA 3004
ADDED	2050-AC44	199510	7	1	(no row) -> rin='2050-AC44'; publication_id='199510'; ordinal=7; authority_text='42 USC 6924/RCRA 3004'; authority_type='act_relative'; parse_status='corroborated'; act_key='resource conservation and recovery act of 1976'; act_section='3004'; act_resolution_reason='act_section_not_classified'; corroboration_rule='second-authority-behind-a-slash:agency-roster-initialism'; authority_in_own_cfr_note='absent'; cfr_note_part='40 CFR 268'; authority_source='box'	42 USC 6924/RCRA 3004
ADDED	2050-AC44	199604	0	1	(no row) -> rin='2050-AC44'; publication_id='199604'; ordinal=0; authority_text='42 USC 6905/RCRA 1006'; authority_type='act_relative'; parse_status='corroborated'; act_key='resource conservation and recovery act of 1976'; act_section='1006'; act_resolution_reason='act_section_not_classified'; corroboration_rule='second-authority-behind-a-slash:agency-roster-initialism'; authority_in_own_cfr_note='absent'; cfr_note_part='40 CFR 268'; authority_source='box'	42 USC 6905/RCRA 1006
ADDED	2050-AC44	199604	1	1	(no row) -> rin='2050-AC44'; publication_id='199604'; ordinal=1; authority_text='42 USC 6905/RCRA 1006'; authority_type='act_relative'; parse_status='corroborated'; act_key='resource conservation and recovery act of 1976'; act_section='1006'; act_resolution_reason='act_section_not_classified'; corroboration_rule='second-authority-behind-a-slash:agency-roster-initialism'; authority_in_own_cfr_note='absent'; cfr_note_part='40 CFR 268'; authority_source='box'	42 USC 6905/RCRA 1006
ADDED	2050-AC44	199604	2	1	(no row) -> rin='2050-AC44'; publication_id='199604'; ordinal=2; authority_text='42 USC 6912(a)/RCRA 2002(a)'; authority_type='act_relative'; parse_status='corroborated'; act_key='resource conservation and recovery act of 1976'; act_section='2002'; act_resolution_reason='act_section_not_classified'; corroboration_rule='second-authority-behind-a-slash:agency-roster-initialism'; authority_in_own_cfr_note='absent'; cfr_note_part='40 CFR 268'; authority_source='box'	42 USC 6912(a)/RCRA 2002(a)
ADDED	2050-AC44	199604	3	1	(no row) -> rin='2050-AC44'; publication_id='199604'; ordinal=3; authority_text='42 USC 6912(a)/RCRA 2002(a)'; authority_type='act_relative'; parse_status='corroborated'; act_key='resource conservation and recovery act of 1976'; act_section='2002'; act_resolution_reason='act_section_not_classified'; corroboration_rule='second-authority-behind-a-slash:agency-roster-initialism'; authority_in_own_cfr_note='absent'; cfr_note_part='40 CFR 268'; authority_source='box'	42 USC 6912(a)/RCRA 2002(a)
ADDED	2050-AC44	199604	4	1	(no row) -> rin='2050-AC44'; publication_id='199604'; ordinal=4; authority_text='42 USC 6921/RCRA 3001'; authority_type='act_relative'; parse_status='corroborated'; act_key='resource conservation and recovery act of 1976'; act_section='3001'; act_resolution_reason='act_section_not_classified'; corroboration_rule='second-authority-behind-a-slash:agency-roster-initialism'; authority_in_own_cfr_note='absent'; cfr_note_part='40 CFR 268'; authority_source='box'	42 USC 6921/RCRA 3001
ADDED	2050-AC44	199604	5	1	(no row) -> rin='2050-AC44'; publication_id='199604'; ordinal=5; authority_text='42 USC 6921/RCRA 3001'; authority_type='act_relative'; parse_status='corroborated'; act_key='resource conservation and recovery act of 1976'; act_section='3001'; act_resolution_reason='act_section_not_classified'; corroboration_rule='second-authority-behind-a-slash:agency-roster-initialism'; authority_in_own_cfr_note='absent'; cfr_note_part='40 CFR 268'; authority_source='box'	42 USC 6921/RCRA 3001
ADDED	2050-AC44	199604	6	1	(no row) -> rin='2050-AC44'; publication_id='199604'; ordinal=6; authority_text='42 USC 6924/RCRA 3004'; authority_type='act_relative'; parse_status='corroborated'; act_key='resource conservation and recovery act of 1976'; act_section='3004'; act_resolution_reason='act_section_not_classified'; corroboration_rule='second-authority-behind-a-slash:agency-roster-initialism'; authority_in_own_cfr_note='absent'; cfr_note_part='40 CFR 268'; authority_source='box'	42 USC 6924/RCRA 3004
ADDED	2050-AC44	199604	7	1	(no row) -> rin='2050-AC44'; publication_id='199604'; ordinal=7; authority_text='42 USC 6924/RCRA 3004'; authority_type='act_relative'; parse_status='corroborated'; act_key='resource conservation and recovery act of 1976'; act_section='3004'; act_resolution_reason='act_section_not_classified'; corroboration_rule='second-authority-behind-a-slash:agency-roster-initialism'; authority_in_own_cfr_note='absent'; cfr_note_part='40 CFR 268'; authority_source='box'	42 USC 6924/RCRA 3004
ADDED	2050-AC62	199510	0	1	(no row) -> rin='2050-AC62'; publication_id='199510'; ordinal=0; authority_text='33 USC 1321/CWA 311(j)(l)(C)'; authority_type='act_relative'; parse_status='corroborated'; usc_title=33; usc_section='1321'; act_key='clean water act'; act_section='311'; act_resolution_evidence='table3-classification'; usc_section_verdict='exists'; usc_section_attested_at_edition=True; corroboration_rule='second-authority-behind-a-slash:agency-roster-initialism'; authority_in_own_cfr_note='absent'; cfr_note_part='40 CFR 112'; authority_source='box'	33 USC 1321/CWA 311(j)(l)(C)
ADDED	2050-AC62	199604	0	1	(no row) -> rin='2050-AC62'; publication_id='199604'; ordinal=0; authority_text='33 USC 1321/CWA 311(j)(l)(C)'; authority_type='act_relative'; parse_status='corroborated'; usc_title=33; usc_section='1321'; act_key='clean water act'; act_section='311'; act_resolution_evidence='table3-classification'; usc_section_verdict='exists'; usc_section_attested_at_edition=True; corroboration_rule='second-authority-behind-a-slash:agency-roster-initialism'; authority_in_own_cfr_note='absent'; cfr_note_part='40 CFR 112'; authority_source='box'	33 USC 1321/CWA 311(j)(l)(C)
ADDED	2050-AC62	199610	0	1	(no row) -> rin='2050-AC62'; publication_id='199610'; ordinal=0; authority_text='33 USC 1321/CWA 311(j)(l)(C)'; authority_type='act_relative'; parse_status='corroborated'; usc_title=33; usc_section='1321'; act_key='clean water act'; act_section='311'; act_resolution_evidence='table3-classification'; usc_section_verdict='exists'; usc_section_attested_at_edition=True; corroboration_rule='second-authority-behind-a-slash:agency-roster-initialism'; authority_in_own_cfr_note='absent'; cfr_note_part='40 CFR 112'; authority_source='box'	33 USC 1321/CWA 311(j)(l)(C)
ADDED	2050-AC62	199704	0	1	(no row) -> rin='2050-AC62'; publication_id='199704'; ordinal=0; authority_text='33 USC 1321/CWA 311(j)(l)(C)'; authority_type='act_relative'; parse_status='corroborated'; usc_title=33; usc_section='1321'; act_key='clean water act'; act_section='311'; act_resolution_evidence='table3-classification'; usc_section_verdict='exists'; usc_section_attested_at_edition=True; corroboration_rule='second-authority-behind-a-slash:agency-roster-initialism'; authority_in_own_cfr_note='absent'; cfr_note_part='40 CFR 112'; authority_source='box'	33 USC 1321/CWA 311(j)(l)(C)
ADDED	2050-AC65	199510	0	1	(no row) -> rin='2050-AC65'; publication_id='199510'; ordinal=0; authority_text='42 USC 6903/RCRA 1004'; authority_type='act_relative'; parse_status='corroborated'; act_key='resource conservation and recovery act of 1976'; act_section='1004'; act_resolution_reason='act_section_not_classified'; corroboration_rule='second-authority-behind-a-slash:agency-roster-initialism'; authority_in_own_cfr_note='absent'; cfr_note_part='40 CFR 260'; authority_source='box'	42 USC 6903/RCRA 1004
ADDED	2050-AC65	199510	1	1	(no row) -> rin='2050-AC65'; publication_id='199510'; ordinal=1; authority_text='42 USC 6921/RCRA 3001'; authority_type='act_relative'; parse_status='corroborated'; act_key='resource conservation and recovery act of 1976'; act_section='3001'; act_resolution_reason='act_section_not_classified'; corroboration_rule='second-authority-behind-a-slash:agency-roster-initialism'; authority_in_own_cfr_note='absent'; cfr_note_part='40 CFR 260'; authority_source='box'	42 USC 6921/RCRA 3001
ADDED	2050-AC71	199510	0	1	(no row) -> rin='2050-AC71'; publication_id='199510'; ordinal=0; authority_text='42 USC 6905/RCRA 1006'; authority_type='act_relative'; parse_status='corroborated'; act_key='resource conservation and recovery act of 1976'; act_section='1006'; act_resolution_reason='act_section_not_classified'; corroboration_rule='second-authority-behind-a-slash:agency-roster-initialism'; authority_in_own_cfr_note='absent'; cfr_note_part='40 CFR 264'; authority_source='box'	42 USC 6905/RCRA 1006
ADDED	2050-AC71	199510	1	1	(no row) -> rin='2050-AC71'; publication_id='199510'; ordinal=1; authority_text='42 USC 6912(a)/RCRA 2002(a)'; authority_type='act_relative'; parse_status='corroborated'; act_key='resource conservation and recovery act of 1976'; act_section='2002'; act_resolution_reason='act_section_not_classified'; corroboration_rule='second-authority-behind-a-slash:agency-roster-initialism'; authority_in_own_cfr_note='absent'; cfr_note_part='40 CFR 264'; authority_source='box'	42 USC 6912(a)/RCRA 2002(a)
ADDED	2050-AC71	199510	2	1	(no row) -> rin='2050-AC71'; publication_id='199510'; ordinal=2; authority_text='42 USC 6924/RCRA 3004'; authority_type='act_relative'; parse_status='corroborated'; act_key='resource conservation and recovery act of 1976'; act_section='3004'; act_resolution_reason='act_section_not_classified'; corroboration_rule='second-authority-behind-a-slash:agency-roster-initialism'; authority_in_own_cfr_note='absent'; cfr_note_part='40 CFR 264'; authority_source='box'	42 USC 6924/RCRA 3004
ADDED	2050-AC71	199510	3	1	(no row) -> rin='2050-AC71'; publication_id='199510'; ordinal=3; authority_text='42 USC 6925/RCRA 3005'; authority_type='act_relative'; parse_status='corroborated'; act_key='resource conservation and recovery act of 1976'; act_section='3005'; act_resolution_reason='act_section_not_classified'; corroboration_rule='second-authority-behind-a-slash:agency-roster-initialism'; authority_in_own_cfr_note='absent'; cfr_note_part='40 CFR 264'; authority_source='box'	42 USC 6925/RCRA 3005
ADDED	2050-AC71	199604	0	1	(no row) -> rin='2050-AC71'; publication_id='199604'; ordinal=0; authority_text='42 USC 6905/RCRA 1006'; authority_type='act_relative'; parse_status='corroborated'; act_key='resource conservation and recovery act of 1976'; act_section='1006'; act_resolution_reason='act_section_not_classified'; corroboration_rule='second-authority-behind-a-slash:agency-roster-initialism'; authority_in_own_cfr_note='absent'; cfr_note_part='40 CFR 264'; authority_source='box'	42 USC 6905/RCRA 1006
ADDED	2050-AC71	199604	1	1	(no row) -> rin='2050-AC71'; publication_id='199604'; ordinal=1; authority_text='42 USC 6912(a)/RCRA 2002(a)'; authority_type='act_relative'; parse_status='corroborated'; act_key='resource conservation and recovery act of 1976'; act_section='2002'; act_resolution_reason='act_section_not_classified'; corroboration_rule='second-authority-behind-a-slash:agency-roster-initialism'; authority_in_own_cfr_note='absent'; cfr_note_part='40 CFR 264'; authority_source='box'	42 USC 6912(a)/RCRA 2002(a)
ADDED	2050-AC71	199604	2	1	(no row) -> rin='2050-AC71'; publication_id='199604'; ordinal=2; authority_text='42 USC 6924/RCRA 3004'; authority_type='act_relative'; parse_status='corroborated'; act_key='resource conservation and recovery act of 1976'; act_section='3004'; act_resolution_reason='act_section_not_classified'; corroboration_rule='second-authority-behind-a-slash:agency-roster-initialism'; authority_in_own_cfr_note='absent'; cfr_note_part='40 CFR 264'; authority_source='box'	42 USC 6924/RCRA 3004
ADDED	2050-AC71	199604	3	1	(no row) -> rin='2050-AC71'; publication_id='199604'; ordinal=3; authority_text='42 USC 6925/RCRA 3005'; authority_type='act_relative'; parse_status='corroborated'; act_key='resource conservation and recovery act of 1976'; act_section='3005'; act_resolution_reason='act_section_not_classified'; corroboration_rule='second-authority-behind-a-slash:agency-roster-initialism'; authority_in_own_cfr_note='absent'; cfr_note_part='40 CFR 264'; authority_source='box'	42 USC 6925/RCRA 3005
ADDED	2050-AC71	199610	0	1	(no row) -> rin='2050-AC71'; publication_id='199610'; ordinal=0; authority_text='42 USC 6905/RCRA 1006'; authority_type='act_relative'; parse_status='corroborated'; act_key='resource conservation and recovery act of 1976'; act_section='1006'; act_resolution_reason='act_section_not_classified'; corroboration_rule='second-authority-behind-a-slash:agency-roster-initialism'; authority_in_own_cfr_note='absent'; cfr_note_part='40 CFR 264'; authority_source='box'	42 USC 6905/RCRA 1006
ADDED	2050-AC71	199610	1	1	(no row) -> rin='2050-AC71'; publication_id='199610'; ordinal=1; authority_text='42 USC 6912(a)/RCRA 2002(a)'; authority_type='act_relative'; parse_status='corroborated'; act_key='resource conservation and recovery act of 1976'; act_section='2002'; act_resolution_reason='act_section_not_classified'; corroboration_rule='second-authority-behind-a-slash:agency-roster-initialism'; authority_in_own_cfr_note='absent'; cfr_note_part='40 CFR 264'; authority_source='box'	42 USC 6912(a)/RCRA 2002(a)
ADDED	2050-AC71	199610	2	1	(no row) -> rin='2050-AC71'; publication_id='199610'; ordinal=2; authority_text='42 USC 6924/RCRA 3004'; authority_type='act_relative'; parse_status='corroborated'; act_key='resource conservation and recovery act of 1976'; act_section='3004'; act_resolution_reason='act_section_not_classified'; corroboration_rule='second-authority-behind-a-slash:agency-roster-initialism'; authority_in_own_cfr_note='absent'; cfr_note_part='40 CFR 264'; authority_source='box'	42 USC 6924/RCRA 3004
ADDED	2050-AC71	199610	3	1	(no row) -> rin='2050-AC71'; publication_id='199610'; ordinal=3; authority_text='42 USC 6925/RCRA 3005'; authority_type='act_relative'; parse_status='corroborated'; act_key='resource conservation and recovery act of 1976'; act_section='3005'; act_resolution_reason='act_section_not_classified'; corroboration_rule='second-authority-behind-a-slash:agency-roster-initialism'; authority_in_own_cfr_note='absent'; cfr_note_part='40 CFR 264'; authority_source='box'	42 USC 6925/RCRA 3005
ADDED	2050-AC71	199704	0	1	(no row) -> rin='2050-AC71'; publication_id='199704'; ordinal=0; authority_text='42 USC 6905/RCRA 1006'; authority_type='act_relative'; parse_status='corroborated'; act_key='resource conservation and recovery act of 1976'; act_section='1006'; act_resolution_reason='act_section_not_classified'; corroboration_rule='second-authority-behind-a-slash:agency-roster-initialism'; authority_in_own_cfr_note='absent'; cfr_note_part='40 CFR 264'; authority_source='box'	42 USC 6905/RCRA 1006
ADDED	2050-AC71	199704	1	1	(no row) -> rin='2050-AC71'; publication_id='199704'; ordinal=1; authority_text='42 USC 6912(a)/RCRA 2002(a)'; authority_type='act_relative'; parse_status='corroborated'; act_key='resource conservation and recovery act of 1976'; act_section='2002'; act_resolution_reason='act_section_not_classified'; corroboration_rule='second-authority-behind-a-slash:agency-roster-initialism'; authority_in_own_cfr_note='absent'; cfr_note_part='40 CFR 264'; authority_source='box'	42 USC 6912(a)/RCRA 2002(a)
ADDED	2050-AC71	199704	2	1	(no row) -> rin='2050-AC71'; publication_id='199704'; ordinal=2; authority_text='42 USC 6924/RCRA 3004'; authority_type='act_relative'; parse_status='corroborated'; act_key='resource conservation and recovery act of 1976'; act_section='3004'; act_resolution_reason='act_section_not_classified'; corroboration_rule='second-authority-behind-a-slash:agency-roster-initialism'; authority_in_own_cfr_note='absent'; cfr_note_part='40 CFR 264'; authority_source='box'	42 USC 6924/RCRA 3004
ADDED	2050-AC71	199704	3	1	(no row) -> rin='2050-AC71'; publication_id='199704'; ordinal=3; authority_text='42 USC 6925/RCRA 3005'; authority_type='act_relative'; parse_status='corroborated'; act_key='resource conservation and recovery act of 1976'; act_section='3005'; act_resolution_reason='act_section_not_classified'; corroboration_rule='second-authority-behind-a-slash:agency-roster-initialism'; authority_in_own_cfr_note='absent'; cfr_note_part='40 CFR 264'; authority_source='box'	42 USC 6925/RCRA 3005
ADDED	2050-AC98	199604	0	1	(no row) -> rin='2050-AC98'; publication_id='199604'; ordinal=0; authority_text='42 USC 9605/CERCLA 105'; authority_type='act_relative'; parse_status='corroborated'; usc_title=42; usc_section='9605'; act_key='cercla'; act_section='105'; act_resolution_evidence='table3-classification'; usc_section_verdict='exists'; usc_section_attested_at_edition=True; corroboration_rule='second-authority-behind-a-slash:index-holds-a-bare-name-and-section'; authority_in_own_cfr_note='absent'; cfr_note_part='40 CFR 300'; authority_source='box'	42 USC 9605/CERCLA 105
ADDED	2050-AC98	199604	1	1	(no row) -> rin='2050-AC98'; publication_id='199604'; ordinal=1; authority_text='42 USC 9615/CERCLA 115'; authority_type='act_relative'; parse_status='corroborated'; usc_title=42; usc_section='9615'; act_key='cercla'; act_section='115'; act_resolution_evidence='table3-classification'; usc_section_verdict='exists'; usc_section_attested_at_edition=True; corroboration_rule='second-authority-behind-a-slash:index-holds-a-bare-name-and-section'; authority_in_own_cfr_note='absent'; cfr_note_part='40 CFR 300'; authority_source='box'	42 USC 9615/CERCLA 115
ADDED	2050-AC98	199610	0	1	(no row) -> rin='2050-AC98'; publication_id='199610'; ordinal=0; authority_text='42 USC 9605/CERCLA 105'; authority_type='act_relative'; parse_status='corroborated'; usc_title=42; usc_section='9605'; act_key='cercla'; act_section='105'; act_resolution_evidence='table3-classification'; usc_section_verdict='exists'; usc_section_attested_at_edition=True; corroboration_rule='second-authority-behind-a-slash:index-holds-a-bare-name-and-section'; authority_in_own_cfr_note='absent'; cfr_note_part='40 CFR 300'; authority_source='box'	42 USC 9605/CERCLA 105
ADDED	2050-AC98	199610	1	1	(no row) -> rin='2050-AC98'; publication_id='199610'; ordinal=1; authority_text='42 USC 9615/CERCLA 115'; authority_type='act_relative'; parse_status='corroborated'; usc_title=42; usc_section='9615'; act_key='cercla'; act_section='115'; act_resolution_evidence='table3-classification'; usc_section_verdict='exists'; usc_section_attested_at_edition=True; corroboration_rule='second-authority-behind-a-slash:index-holds-a-bare-name-and-section'; authority_in_own_cfr_note='absent'; cfr_note_part='40 CFR 300'; authority_source='box'	42 USC 9615/CERCLA 115
ADDED	2050-AD03	199510	0	1	(no row) -> rin='2050-AD03'; publication_id='199510'; ordinal=0; authority_text='42 USC 6945/RCRA 4005'; authority_type='act_relative'; parse_status='corroborated'; act_key='resource conservation and recovery act of 1976'; act_section='4005'; act_resolution_reason='act_section_not_classified'; corroboration_rule='second-authority-behind-a-slash:agency-roster-initialism'; authority_in_own_cfr_note='absent'; cfr_note_part='40 CFR 239'; authority_source='box'	42 USC 6945/RCRA 4005
ADDED	2050-AD03	199604	0	1	(no row) -> rin='2050-AD03'; publication_id='199604'; ordinal=0; authority_text='42 USC 6945/RCRA 4005'; authority_type='act_relative'; parse_status='corroborated'; act_key='resource conservation and recovery act of 1976'; act_section='4005'; act_resolution_reason='act_section_not_classified'; corroboration_rule='second-authority-behind-a-slash:agency-roster-initialism'; authority_in_own_cfr_note='absent'; cfr_note_part='40 CFR 239'; authority_source='box'	42 USC 6945/RCRA 4005
ADDED	2050-AD03	199610	0	1	(no row) -> rin='2050-AD03'; publication_id='199610'; ordinal=0; authority_text='42 USC 6945/RCRA 4005'; authority_type='act_relative'; parse_status='corroborated'; act_key='resource conservation and recovery act of 1976'; act_section='4005'; act_resolution_reason='act_section_not_classified'; corroboration_rule='second-authority-behind-a-slash:agency-roster-initialism'; authority_in_own_cfr_note='absent'; cfr_note_part='40 CFR 239'; authority_source='box'	42 USC 6945/RCRA 4005
ADDED	2050-AD03	199704	0	1	(no row) -> rin='2050-AD03'; publication_id='199704'; ordinal=0; authority_text='42 USC 6945/RCRA 4005'; authority_type='act_relative'; parse_status='corroborated'; act_key='resource conservation and recovery act of 1976'; act_section='4005'; act_resolution_reason='act_section_not_classified'; corroboration_rule='second-authority-behind-a-slash:agency-roster-initialism'; authority_in_own_cfr_note='absent'; cfr_note_part='40 CFR 239'; authority_source='box'	42 USC 6945/RCRA 4005
ADDED	2050-AD04	199510	0	5	(no row) -> rin='2050-AD04'; publication_id='199510'; ordinal=0; authority_text='42 USC 6907, 6944 and 6949a/RCRA 1008, 4004, and 4010'; authority_type='act_relative'; parse_status='corroborated'; act_key='resource conservation and recovery act of 1976'; act_section='1008'; act_resolution_reason='act_section_not_classified'; corroboration_rule='second-authority-behind-a-slash:agency-roster-initialism'; authority_in_own_cfr_note='absent'; cfr_note_part='40 CFR 258'; authority_source='box'	42 USC 6907, 6944 and 6949a/RCRA 1008, 4004, and 4010
ADDED	2050-AD04	199510	0	5	(no row) -> rin='2050-AD04'; publication_id='199510'; ordinal=0; authority_text='42 USC 6907, 6944 and 6949a/RCRA 1008, 4004, and 4010'; authority_type='act_relative'; parse_status='corroborated'; act_key='resource conservation and recovery act of 1976'; act_section='4004'; act_resolution_reason='act_section_not_classified'; corroboration_rule='second-authority-behind-a-slash:agency-roster-initialism'; authority_in_own_cfr_note='absent'; cfr_note_part='40 CFR 258'; authority_source='box'	42 USC 6907, 6944 and 6949a/RCRA 1008, 4004, and 4010
ADDED	2050-AD04	199510	0	5	(no row) -> rin='2050-AD04'; publication_id='199510'; ordinal=0; authority_text='42 USC 6907, 6944 and 6949a/RCRA 1008, 4004, and 4010'; authority_type='act_relative'; parse_status='corroborated'; act_key='resource conservation and recovery act of 1976'; act_section='4010'; act_resolution_reason='act_section_not_classified'; corroboration_rule='second-authority-behind-a-slash:agency-roster-initialism'; authority_in_own_cfr_note='absent'; cfr_note_part='40 CFR 258'; authority_source='box'	42 USC 6907, 6944 and 6949a/RCRA 1008, 4004, and 4010
ADDED	2050-AD04	199604	0	1	(no row) -> rin='2050-AD04'; publication_id='199604'; ordinal=0; authority_text='42 USC 6907/RCRA 1008'; authority_type='act_relative'; parse_status='corroborated'; act_key='resource conservation and recovery act of 1976'; act_section='1008'; act_resolution_reason='act_section_not_classified'; corroboration_rule='second-authority-behind-a-slash:agency-roster-initialism'; authority_in_own_cfr_note='absent'; cfr_note_part='40 CFR 258'; authority_source='box'	42 USC 6907/RCRA 1008
ADDED	2050-AD04	199604	1	1	(no row) -> rin='2050-AD04'; publication_id='199604'; ordinal=1; authority_text='42 USC 6944/RCRA 4004'; authority_type='act_relative'; parse_status='corroborated'; act_key='resource conservation and recovery act of 1976'; act_section='4004'; act_resolution_reason='act_section_not_classified'; corroboration_rule='second-authority-behind-a-slash:agency-roster-initialism'; authority_in_own_cfr_note='absent'; cfr_note_part='40 CFR 258'; authority_source='box'	42 USC 6944/RCRA 4004
ADDED	2050-AD04	199604	2	1	(no row) -> rin='2050-AD04'; publication_id='199604'; ordinal=2; authority_text='42 USC 6949(a)/RCRA 4010(a)'; authority_type='act_relative'; parse_status='corroborated'; act_key='resource conservation and recovery act of 1976'; act_section='4010'; act_resolution_reason='act_section_not_classified'; corroboration_rule='second-authority-behind-a-slash:agency-roster-initialism'; authority_in_own_cfr_note='absent'; cfr_note_part='40 CFR 258'; authority_source='box'	42 USC 6949(a)/RCRA 4010(a)
ADDED	2050-AD04	199610	0	1	(no row) -> rin='2050-AD04'; publication_id='199610'; ordinal=0; authority_text='42 USC 6907/RCRA 1008'; authority_type='act_relative'; parse_status='corroborated'; act_key='resource conservation and recovery act of 1976'; act_section='1008'; act_resolution_reason='act_section_not_classified'; corroboration_rule='second-authority-behind-a-slash:agency-roster-initialism'; authority_in_own_cfr_note='absent'; cfr_note_part='40 CFR 258'; authority_source='box'	42 USC 6907/RCRA 1008
ADDED	2050-AD04	199610	1	1	(no row) -> rin='2050-AD04'; publication_id='199610'; ordinal=1; authority_text='42 USC 6944/RCRA 4004'; authority_type='act_relative'; parse_status='corroborated'; act_key='resource conservation and recovery act of 1976'; act_section='4004'; act_resolution_reason='act_section_not_classified'; corroboration_rule='second-authority-behind-a-slash:agency-roster-initialism'; authority_in_own_cfr_note='absent'; cfr_note_part='40 CFR 258'; authority_source='box'	42 USC 6944/RCRA 4004
ADDED	2050-AD04	199610	2	1	(no row) -> rin='2050-AD04'; publication_id='199610'; ordinal=2; authority_text='42 USC 6949(a)/RCRA 4010(a)'; authority_type='act_relative'; parse_status='corroborated'; act_key='resource conservation and recovery act of 1976'; act_section='4010'; act_resolution_reason='act_section_not_classified'; corroboration_rule='second-authority-behind-a-slash:agency-roster-initialism'; authority_in_own_cfr_note='absent'; cfr_note_part='40 CFR 258'; authority_source='box'	42 USC 6949(a)/RCRA 4010(a)
ADDED	2050-AD04	199704	0	1	(no row) -> rin='2050-AD04'; publication_id='199704'; ordinal=0; authority_text='42 USC 6907/RCRA 1008'; authority_type='act_relative'; parse_status='corroborated'; act_key='resource conservation and recovery act of 1976'; act_section='1008'; act_resolution_reason='act_section_not_classified'; corroboration_rule='second-authority-behind-a-slash:agency-roster-initialism'; authority_in_own_cfr_note='absent'; cfr_note_part='40 CFR 258'; authority_source='box'	42 USC 6907/RCRA 1008
ADDED	2050-AD04	199704	1	1	(no row) -> rin='2050-AD04'; publication_id='199704'; ordinal=1; authority_text='42 USC 6944/RCRA 4004'; authority_type='act_relative'; parse_status='corroborated'; act_key='resource conservation and recovery act of 1976'; act_section='4004'; act_resolution_reason='act_section_not_classified'; corroboration_rule='second-authority-behind-a-slash:agency-roster-initialism'; authority_in_own_cfr_note='absent'; cfr_note_part='40 CFR 258'; authority_source='box'	42 USC 6944/RCRA 4004
ADDED	2050-AD04	199704	2	1	(no row) -> rin='2050-AD04'; publication_id='199704'; ordinal=2; authority_text='42 USC 6949(a)/RCRA 4010(a)'; authority_type='act_relative'; parse_status='corroborated'; act_key='resource conservation and recovery act of 1976'; act_section='4010'; act_resolution_reason='act_section_not_classified'; corroboration_rule='second-authority-behind-a-slash:agency-roster-initialism'; authority_in_own_cfr_note='absent'; cfr_note_part='40 CFR 258'; authority_source='box'	42 USC 6949(a)/RCRA 4010(a)
ADDED	2050-AD05	199510	0	1	(no row) -> rin='2050-AD05'; publication_id='199510'; ordinal=0; authority_text='42 USC 6905/RCRA 1006'; authority_type='act_relative'; parse_status='corroborated'; act_key='resource conservation and recovery act of 1976'; act_section='1006'; act_resolution_reason='act_section_not_classified'; corroboration_rule='second-authority-behind-a-slash:agency-roster-initialism'; authority_in_own_cfr_note='absent'; cfr_note_part='40 CFR 270'; authority_source='box'	42 USC 6905/RCRA 1006
ADDED	2050-AD05	199510	2	1	(no row) -> rin='2050-AD05'; publication_id='199510'; ordinal=2; authority_text='42 USC 6924/RCRA 3004'; authority_type='act_relative'; parse_status='corroborated'; act_key='resource conservation and recovery act of 1976'; act_section='3004'; act_resolution_reason='act_section_not_classified'; corroboration_rule='second-authority-behind-a-slash:agency-roster-initialism'; authority_in_own_cfr_note='absent'; cfr_note_part='40 CFR 270'; authority_source='box'	42 USC 6924/RCRA 3004
ADDED	2050-AD05	199510	3	1	(no row) -> rin='2050-AD05'; publication_id='199510'; ordinal=3; authority_text='42 USC 6925/RCRA 3005'; authority_type='act_relative'; parse_status='corroborated'; act_key='resource conservation and recovery act of 1976'; act_section='3005'; act_resolution_reason='act_section_not_classified'; corroboration_rule='second-authority-behind-a-slash:agency-roster-initialism'; authority_in_own_cfr_note='absent'; cfr_note_part='40 CFR 270'; authority_source='box'	42 USC 6925/RCRA 3005
ADDED	2050-AD05	199510	4	1	(no row) -> rin='2050-AD05'; publication_id='199510'; ordinal=4; authority_text='42 USC 6927/RCRA 3007'; authority_type='act_relative'; parse_status='corroborated'; act_key='resource conservation and recovery act of 1976'; act_section='3007'; act_resolution_reason='act_section_not_classified'; corroboration_rule='second-authority-behind-a-slash:agency-roster-initialism'; authority_in_own_cfr_note='absent'; cfr_note_part='40 CFR 270'; authority_source='box'	42 USC 6927/RCRA 3007
ADDED	2050-AD05	199604	0	1	(no row) -> rin='2050-AD05'; publication_id='199604'; ordinal=0; authority_text='42 USC 6905/RCRA 1006'; authority_type='act_relative'; parse_status='corroborated'; act_key='resource conservation and recovery act of 1976'; act_section='1006'; act_resolution_reason='act_section_not_classified'; corroboration_rule='second-authority-behind-a-slash:agency-roster-initialism'; authority_in_own_cfr_note='absent'; cfr_note_part='40 CFR 270'; authority_source='box'	42 USC 6905/RCRA 1006
ADDED	2050-AD05	199604	2	1	(no row) -> rin='2050-AD05'; publication_id='199604'; ordinal=2; authority_text='42 USC 6924/RCRA 3004'; authority_type='act_relative'; parse_status='corroborated'; act_key='resource conservation and recovery act of 1976'; act_section='3004'; act_resolution_reason='act_section_not_classified'; corroboration_rule='second-authority-behind-a-slash:agency-roster-initialism'; authority_in_own_cfr_note='absent'; cfr_note_part='40 CFR 270'; authority_source='box'	42 USC 6924/RCRA 3004
ADDED	2050-AD05	199604	3	1	(no row) -> rin='2050-AD05'; publication_id='199604'; ordinal=3; authority_text='42 USC 6925/RCRA 3005'; authority_type='act_relative'; parse_status='corroborated'; act_key='resource conservation and recovery act of 1976'; act_section='3005'; act_resolution_reason='act_section_not_classified'; corroboration_rule='second-authority-behind-a-slash:agency-roster-initialism'; authority_in_own_cfr_note='absent'; cfr_note_part='40 CFR 270'; authority_source='box'	42 USC 6925/RCRA 3005
ADDED	2050-AD05	199604	4	1	(no row) -> rin='2050-AD05'; publication_id='199604'; ordinal=4; authority_text='42 USC 6927/RCRA 3007'; authority_type='act_relative'; parse_status='corroborated'; act_key='resource conservation and recovery act of 1976'; act_section='3007'; act_resolution_reason='act_section_not_classified'; corroboration_rule='second-authority-behind-a-slash:agency-roster-initialism'; authority_in_own_cfr_note='absent'; cfr_note_part='40 CFR 270'; authority_source='box'	42 USC 6927/RCRA 3007
ADDED	2050-AD06	199510	1	1	(no row) -> rin='2050-AD06'; publication_id='199510'; ordinal=1; authority_text='42 USC 6921/RCRA 3001'; authority_type='act_relative'; parse_status='corroborated'; act_key='resource conservation and recovery act of 1976'; act_section='3001'; act_resolution_reason='act_section_not_classified'; corroboration_rule='second-authority-behind-a-slash:agency-roster-initialism'; authority_in_own_cfr_note='absent'; cfr_note_part='40 CFR 260'; authority_source='box'	42 USC 6921/RCRA 3001
ADDED	2050-AD06	199510	2	1	(no row) -> rin='2050-AD06'; publication_id='199510'; ordinal=2; authority_text='42 USC 6924/RCRA 3004'; authority_type='act_relative'; parse_status='corroborated'; act_key='resource conservation and recovery act of 1976'; act_section='3004'; act_resolution_reason='act_section_not_classified'; corroboration_rule='second-authority-behind-a-slash:agency-roster-initialism'; authority_in_own_cfr_note='absent'; cfr_note_part='40 CFR 260'; authority_source='box'	42 USC 6924/RCRA 3004
ADDED	2050-AD06	199510	3	1	(no row) -> rin='2050-AD06'; publication_id='199510'; ordinal=3; authority_text='42 USC 6925/RCRA 3005'; authority_type='act_relative'; parse_status='corroborated'; act_key='resource conservation and recovery act of 1976'; act_section='3005'; act_resolution_reason='act_section_not_classified'; corroboration_rule='second-authority-behind-a-slash:agency-roster-initialism'; authority_in_own_cfr_note='absent'; cfr_note_part='40 CFR 260'; authority_source='box'	42 USC 6925/RCRA 3005
ADDED	2050-AD06	199510	4	1	(no row) -> rin='2050-AD06'; publication_id='199510'; ordinal=4; authority_text='42 USC 6926/RCRA 3006'; authority_type='act_relative'; parse_status='corroborated'; act_key='resource conservation and recovery act of 1976'; act_section='3006'; act_resolution_reason='act_section_not_classified'; corroboration_rule='second-authority-behind-a-slash:agency-roster-initialism'; authority_in_own_cfr_note='absent'; cfr_note_part='40 CFR 260'; authority_source='box'	42 USC 6926/RCRA 3006
ADDED	2050-AD18	199510	0	1	(no row) -> rin='2050-AD18'; publication_id='199510'; ordinal=0; authority_text='42 USC 6905/RCRA 1004'; authority_type='act_relative'; parse_status='corroborated'; act_key='resource conservation and recovery act of 1976'; act_section='1004'; act_resolution_reason='act_section_not_classified'; corroboration_rule='second-authority-behind-a-slash:agency-roster-initialism'; authority_in_own_cfr_note='absent'; cfr_note_part='40 CFR 261'; authority_source='box'	42 USC 6905/RCRA 1004
ADDED	2050-AD18	199510	1	1	(no row) -> rin='2050-AD18'; publication_id='199510'; ordinal=1; authority_text='42 USC 6921 to 6928/RCRA 3001 to 3008'; authority_type='act_relative'; parse_status='corroborated'; act_key='resource conservation and recovery act of 1976'; act_section='3001-3008'; act_resolution_reason='act_section_not_classified'; corroboration_rule='second-authority-behind-a-slash:agency-roster-initialism'; authority_in_own_cfr_note='absent'; cfr_note_part='40 CFR 261'; authority_source='box'	42 USC 6921 to 6928/RCRA 3001 to 3008
ADDED	2050-AD18	199604	0	1	(no row) -> rin='2050-AD18'; publication_id='199604'; ordinal=0; authority_text='42 USC 6905/RCRA 1004'; authority_type='act_relative'; parse_status='corroborated'; act_key='resource conservation and recovery act of 1976'; act_section='1004'; act_resolution_reason='act_section_not_classified'; corroboration_rule='second-authority-behind-a-slash:agency-roster-initialism'; authority_in_own_cfr_note='absent'; cfr_note_part='40 CFR 261'; authority_source='box'	42 USC 6905/RCRA 1004
ADDED	2050-AD18	199604	1	1	(no row) -> rin='2050-AD18'; publication_id='199604'; ordinal=1; authority_text='42 USC 6921 to 6928/RCRA 3001 to 3008'; authority_type='act_relative'; parse_status='corroborated'; act_key='resource conservation and recovery act of 1976'; act_section='3001-3008'; act_resolution_reason='act_section_not_classified'; corroboration_rule='second-authority-behind-a-slash:agency-roster-initialism'; authority_in_own_cfr_note='absent'; cfr_note_part='40 CFR 261'; authority_source='box'	42 USC 6921 to 6928/RCRA 3001 to 3008
ADDED	2050-AD18	199610	0	1	(no row) -> rin='2050-AD18'; publication_id='199610'; ordinal=0; authority_text='42 USC 6905/RCRA 1004'; authority_type='act_relative'; parse_status='corroborated'; act_key='resource conservation and recovery act of 1976'; act_section='1004'; act_resolution_reason='act_section_not_classified'; corroboration_rule='second-authority-behind-a-slash:agency-roster-initialism'; authority_in_own_cfr_note='absent'; cfr_note_part='40 CFR 261'; authority_source='box'	42 USC 6905/RCRA 1004
ADDED	2050-AD18	199610	1	1	(no row) -> rin='2050-AD18'; publication_id='199610'; ordinal=1; authority_text='42 USC 6921 to 6928/RCRA 3001 to 3008'; authority_type='act_relative'; parse_status='corroborated'; act_key='resource conservation and recovery act of 1976'; act_section='3001-3008'; act_resolution_reason='act_section_not_classified'; corroboration_rule='second-authority-behind-a-slash:agency-roster-initialism'; authority_in_own_cfr_note='absent'; cfr_note_part='40 CFR 261'; authority_source='box'	42 USC 6921 to 6928/RCRA 3001 to 3008
ADDED	2050-AD18	199704	0	1	(no row) -> rin='2050-AD18'; publication_id='199704'; ordinal=0; authority_text='42 USC 6905/RCRA 1004'; authority_type='act_relative'; parse_status='corroborated'; act_key='resource conservation and recovery act of 1976'; act_section='1004'; act_resolution_reason='act_section_not_classified'; corroboration_rule='second-authority-behind-a-slash:agency-roster-initialism'; authority_in_own_cfr_note='absent'; cfr_note_part='40 CFR 261'; authority_source='box'	42 USC 6905/RCRA 1004
ADDED	2050-AD18	199704	1	1	(no row) -> rin='2050-AD18'; publication_id='199704'; ordinal=1; authority_text='42 USC 6921 to 6928/RCRA 3001 to 3008'; authority_type='act_relative'; parse_status='corroborated'; act_key='resource conservation and recovery act of 1976'; act_section='3001-3008'; act_resolution_reason='act_section_not_classified'; corroboration_rule='second-authority-behind-a-slash:agency-roster-initialism'; authority_in_own_cfr_note='absent'; cfr_note_part='40 CFR 261'; authority_source='box'	42 USC 6921 to 6928/RCRA 3001 to 3008
ADDED	2050-AD19	199510	0	1	(no row) -> rin='2050-AD19'; publication_id='199510'; ordinal=0; authority_text='42 USC 6905/RCRA 1004'; authority_type='act_relative'; parse_status='corroborated'; act_key='resource conservation and recovery act of 1976'; act_section='1004'; act_resolution_reason='act_section_not_classified'; corroboration_rule='second-authority-behind-a-slash:agency-roster-initialism'; authority_in_own_cfr_note='absent'; cfr_note_part='40 CFR 261'; authority_source='box'	42 USC 6905/RCRA 1004
ADDED	2050-AD19	199510	1	1	(no row) -> rin='2050-AD19'; publication_id='199510'; ordinal=1; authority_text='42 USC 6921 to 6928/RCRA 3001 to 3008'; authority_type='act_relative'; parse_status='corroborated'; act_key='resource conservation and recovery act of 1976'; act_section='3001-3008'; act_resolution_reason='act_section_not_classified'; corroboration_rule='second-authority-behind-a-slash:agency-roster-initialism'; authority_in_own_cfr_note='absent'; cfr_note_part='40 CFR 261'; authority_source='box'	42 USC 6921 to 6928/RCRA 3001 to 3008
ADDED	2050-AD33	199510	0	1	(no row) -> rin='2050-AD33'; publication_id='199510'; ordinal=0; authority_text='42 USC 9602/CERCLA 102(a)'; authority_type='act_relative'; parse_status='corroborated'; usc_title=42; usc_section='9602'; act_key='cercla'; act_section='102'; act_resolution_evidence='table3-classification'; usc_section_verdict='exists'; usc_section_attested_at_edition=True; corroboration_rule='second-authority-behind-a-slash:index-holds-a-bare-name-and-section'; authority_in_own_cfr_note='absent'; cfr_note_part='40 CFR 117'; authority_source='box'	42 USC 9602/CERCLA 102(a)
ADDED	2050-AD34	199510	0	1	(no row) -> rin='2050-AD34'; publication_id='199510'; ordinal=0; authority_text='42 USC 9601-9675/CERCLA 105'; authority_type='act_relative'; parse_status='corroborated'; usc_title=42; usc_section='9605'; act_key='cercla'; act_section='105'; act_resolution_evidence='table3-classification'; usc_section_verdict='exists'; usc_section_attested_at_edition=True; corroboration_rule='second-authority-behind-a-slash:index-holds-a-bare-name-and-section'; authority_in_own_cfr_note='absent'; cfr_note_part='40 CFR 300'; authority_source='box'	42 USC 9601-9675/CERCLA 105
ADDED	2050-AD41	199510	0	1	(no row) -> rin='2050-AD41'; publication_id='199510'; ordinal=0; authority_text='42 USC 6912(a)/RCRA 6002'; authority_type='act_relative'; parse_status='corroborated'; act_key='resource conservation and recovery act of 1976'; act_section='6002'; act_resolution_reason='act_section_not_classified'; corroboration_rule='second-authority-behind-a-slash:agency-roster-initialism'; authority_in_own_cfr_note='absent'; cfr_note_part='40 CFR 247'; authority_source='box'	42 USC 6912(a)/RCRA 6002
ADDED	2050-AD41	199604	0	1	(no row) -> rin='2050-AD41'; publication_id='199604'; ordinal=0; authority_text='42 USC 6912(a)/RCRA 6002'; authority_type='act_relative'; parse_status='corroborated'; act_key='resource conservation and recovery act of 1976'; act_section='6002'; act_resolution_reason='act_section_not_classified'; corroboration_rule='second-authority-behind-a-slash:agency-roster-initialism'; authority_in_own_cfr_note='absent'; cfr_note_part='40 CFR 247'; authority_source='box'	42 USC 6912(a)/RCRA 6002
ADDED	2050-AD45	199510	2	1	(no row) -> rin='2050-AD45'; publication_id='199510'; ordinal=2; authority_text='42 USC 6921/RCRA 3001'; authority_type='act_relative'; parse_status='corroborated'; act_key='resource conservation and recovery act of 1976'; act_section='3001'; act_resolution_reason='act_section_not_classified'; corroboration_rule='second-authority-behind-a-slash:agency-roster-initialism'; authority_in_own_cfr_note='absent'; cfr_note_part='40 CFR 261'; authority_source='box'	42 USC 6921/RCRA 3001
ADDED	2050-AD45	199604	2	1	(no row) -> rin='2050-AD45'; publication_id='199604'; ordinal=2; authority_text='42 USC 6921/RCRA 3001'; authority_type='act_relative'; parse_status='corroborated'; act_key='resource conservation and recovery act of 1976'; act_section='3001'; act_resolution_reason='act_section_not_classified'; corroboration_rule='second-authority-behind-a-slash:agency-roster-initialism'; authority_in_own_cfr_note='absent'; cfr_note_part='40 CFR 261'; authority_source='box'	42 USC 6921/RCRA 3001
ADDED	2050-AD45	199610	2	1	(no row) -> rin='2050-AD45'; publication_id='199610'; ordinal=2; authority_text='42 USC 6921/RCRA 3001'; authority_type='act_relative'; parse_status='corroborated'; act_key='resource conservation and recovery act of 1976'; act_section='3001'; act_resolution_reason='act_section_not_classified'; corroboration_rule='second-authority-behind-a-slash:agency-roster-initialism'; authority_in_own_cfr_note='absent'; cfr_note_part='40 CFR 261'; authority_source='box'	42 USC 6921/RCRA 3001
ADDED	2050-AD45	199704	2	1	(no row) -> rin='2050-AD45'; publication_id='199704'; ordinal=2; authority_text='42 USC 6921/RCRA 3001'; authority_type='act_relative'; parse_status='corroborated'; act_key='resource conservation and recovery act of 1976'; act_section='3001'; act_resolution_reason='act_section_not_classified'; corroboration_rule='second-authority-behind-a-slash:agency-roster-initialism'; authority_in_own_cfr_note='absent'; cfr_note_part='40 CFR 261'; authority_source='box'	42 USC 6921/RCRA 3001
ADDED	2050-AD55	199510	0	1	(no row) -> rin='2050-AD55'; publication_id='199510'; ordinal=0; authority_text='42 USC 6926/RCRA 3006'; authority_type='act_relative'; parse_status='corroborated'; act_key='resource conservation and recovery act of 1976'; act_section='3006'; act_resolution_reason='act_section_not_classified'; corroboration_rule='second-authority-behind-a-slash:agency-roster-initialism'; authority_in_own_cfr_note='absent'; cfr_note_part='40 CFR 124'; authority_source='box'	42 USC 6926/RCRA 3006
ADDED	2050-AD55	199510	1	1	(no row) -> rin='2050-AD55'; publication_id='199510'; ordinal=1; authority_text='42 USC 6912(a)/RCRA 2002(a)'; authority_type='act_relative'; parse_status='corroborated'; act_key='resource conservation and recovery act of 1976'; act_section='2002'; act_resolution_reason='act_section_not_classified'; corroboration_rule='second-authority-behind-a-slash:agency-roster-initialism'; authority_in_own_cfr_note='absent'; cfr_note_part='40 CFR 124'; authority_source='box'	42 USC 6912(a)/RCRA 2002(a)
ADDED	2050-AD55	199510	2	1	(no row) -> rin='2050-AD55'; publication_id='199510'; ordinal=2; authority_text='42 USC 6924/RCRA 3004'; authority_type='act_relative'; parse_status='corroborated'; act_key='resource conservation and recovery act of 1976'; act_section='3004'; act_resolution_reason='act_section_not_classified'; corroboration_rule='second-authority-behind-a-slash:agency-roster-initialism'; authority_in_own_cfr_note='absent'; cfr_note_part='40 CFR 124'; authority_source='box'	42 USC 6924/RCRA 3004
ADDED	2050-AD55	199510	3	1	(no row) -> rin='2050-AD55'; publication_id='199510'; ordinal=3; authority_text='42 USC 6925/RCRA 3005'; authority_type='act_relative'; parse_status='corroborated'; act_key='resource conservation and recovery act of 1976'; act_section='3005'; act_resolution_reason='act_section_not_classified'; corroboration_rule='second-authority-behind-a-slash:agency-roster-initialism'; authority_in_own_cfr_note='absent'; cfr_note_part='40 CFR 124'; authority_source='box'	42 USC 6925/RCRA 3005
ADDED	2050-AD55	199604	0	1	(no row) -> rin='2050-AD55'; publication_id='199604'; ordinal=0; authority_text='42 USC 6926/RCRA 3006'; authority_type='act_relative'; parse_status='corroborated'; act_key='resource conservation and recovery act of 1976'; act_section='3006'; act_resolution_reason='act_section_not_classified'; corroboration_rule='second-authority-behind-a-slash:agency-roster-initialism'; authority_in_own_cfr_note='absent'; cfr_note_part='40 CFR 124'; authority_source='box'	42 USC 6926/RCRA 3006
ADDED	2050-AD55	199604	1	1	(no row) -> rin='2050-AD55'; publication_id='199604'; ordinal=1; authority_text='42 USC 6912(a)/RCRA 2002(a)'; authority_type='act_relative'; parse_status='corroborated'; act_key='resource conservation and recovery act of 1976'; act_section='2002'; act_resolution_reason='act_section_not_classified'; corroboration_rule='second-authority-behind-a-slash:agency-roster-initialism'; authority_in_own_cfr_note='absent'; cfr_note_part='40 CFR 124'; authority_source='box'	42 USC 6912(a)/RCRA 2002(a)
ADDED	2050-AD55	199604	2	1	(no row) -> rin='2050-AD55'; publication_id='199604'; ordinal=2; authority_text='42 USC 6924/RCRA 3004'; authority_type='act_relative'; parse_status='corroborated'; act_key='resource conservation and recovery act of 1976'; act_section='3004'; act_resolution_reason='act_section_not_classified'; corroboration_rule='second-authority-behind-a-slash:agency-roster-initialism'; authority_in_own_cfr_note='absent'; cfr_note_part='40 CFR 124'; authority_source='box'	42 USC 6924/RCRA 3004
ADDED	2050-AD55	199604	3	1	(no row) -> rin='2050-AD55'; publication_id='199604'; ordinal=3; authority_text='42 USC 6925/RCRA 3005'; authority_type='act_relative'; parse_status='corroborated'; act_key='resource conservation and recovery act of 1976'; act_section='3005'; act_resolution_reason='act_section_not_classified'; corroboration_rule='second-authority-behind-a-slash:agency-roster-initialism'; authority_in_own_cfr_note='absent'; cfr_note_part='40 CFR 124'; authority_source='box'	42 USC 6925/RCRA 3005
ADDED	2050-AD55	199610	0	1	(no row) -> rin='2050-AD55'; publication_id='199610'; ordinal=0; authority_text='42 USC 6926/RCRA 3006'; authority_type='act_relative'; parse_status='corroborated'; act_key='resource conservation and recovery act of 1976'; act_section='3006'; act_resolution_reason='act_section_not_classified'; corroboration_rule='second-authority-behind-a-slash:agency-roster-initialism'; authority_in_own_cfr_note='absent'; cfr_note_part='40 CFR 124'; authority_source='box'	42 USC 6926/RCRA 3006
ADDED	2050-AD55	199610	1	1	(no row) -> rin='2050-AD55'; publication_id='199610'; ordinal=1; authority_text='42 USC 6912(a)/RCRA 2002(a)'; authority_type='act_relative'; parse_status='corroborated'; act_key='resource conservation and recovery act of 1976'; act_section='2002'; act_resolution_reason='act_section_not_classified'; corroboration_rule='second-authority-behind-a-slash:agency-roster-initialism'; authority_in_own_cfr_note='absent'; cfr_note_part='40 CFR 124'; authority_source='box'	42 USC 6912(a)/RCRA 2002(a)
ADDED	2050-AD55	199610	2	1	(no row) -> rin='2050-AD55'; publication_id='199610'; ordinal=2; authority_text='42 USC 6924/RCRA 3004'; authority_type='act_relative'; parse_status='corroborated'; act_key='resource conservation and recovery act of 1976'; act_section='3004'; act_resolution_reason='act_section_not_classified'; corroboration_rule='second-authority-behind-a-slash:agency-roster-initialism'; authority_in_own_cfr_note='absent'; cfr_note_part='40 CFR 124'; authority_source='box'	42 USC 6924/RCRA 3004
ADDED	2050-AD55	199610	3	1	(no row) -> rin='2050-AD55'; publication_id='199610'; ordinal=3; authority_text='42 USC 6925/RCRA 3005'; authority_type='act_relative'; parse_status='corroborated'; act_key='resource conservation and recovery act of 1976'; act_section='3005'; act_resolution_reason='act_section_not_classified'; corroboration_rule='second-authority-behind-a-slash:agency-roster-initialism'; authority_in_own_cfr_note='absent'; cfr_note_part='40 CFR 124'; authority_source='box'	42 USC 6925/RCRA 3005
ADDED	2050-AD55	199704	0	1	(no row) -> rin='2050-AD55'; publication_id='199704'; ordinal=0; authority_text='42 USC 6926/RCRA 3006'; authority_type='act_relative'; parse_status='corroborated'; act_key='resource conservation and recovery act of 1976'; act_section='3006'; act_resolution_reason='act_section_not_classified'; corroboration_rule='second-authority-behind-a-slash:agency-roster-initialism'; authority_in_own_cfr_note='absent'; cfr_note_part='40 CFR 124'; authority_source='box'	42 USC 6926/RCRA 3006
ADDED	2050-AD55	199704	1	1	(no row) -> rin='2050-AD55'; publication_id='199704'; ordinal=1; authority_text='42 USC 6912(a)/RCRA 2002(a)'; authority_type='act_relative'; parse_status='corroborated'; act_key='resource conservation and recovery act of 1976'; act_section='2002'; act_resolution_reason='act_section_not_classified'; corroboration_rule='second-authority-behind-a-slash:agency-roster-initialism'; authority_in_own_cfr_note='absent'; cfr_note_part='40 CFR 124'; authority_source='box'	42 USC 6912(a)/RCRA 2002(a)
ADDED	2050-AD55	199704	2	1	(no row) -> rin='2050-AD55'; publication_id='199704'; ordinal=2; authority_text='42 USC 6924/RCRA 3004'; authority_type='act_relative'; parse_status='corroborated'; act_key='resource conservation and recovery act of 1976'; act_section='3004'; act_resolution_reason='act_section_not_classified'; corroboration_rule='second-authority-behind-a-slash:agency-roster-initialism'; authority_in_own_cfr_note='absent'; cfr_note_part='40 CFR 124'; authority_source='box'	42 USC 6924/RCRA 3004
ADDED	2050-AD55	199704	3	1	(no row) -> rin='2050-AD55'; publication_id='199704'; ordinal=3; authority_text='42 USC 6925/RCRA 3005'; authority_type='act_relative'; parse_status='corroborated'; act_key='resource conservation and recovery act of 1976'; act_section='3005'; act_resolution_reason='act_section_not_classified'; corroboration_rule='second-authority-behind-a-slash:agency-roster-initialism'; authority_in_own_cfr_note='absent'; cfr_note_part='40 CFR 124'; authority_source='box'	42 USC 6925/RCRA 3005
ADDED	2050-AD57	199510	0	1	(no row) -> rin='2050-AD57'; publication_id='199510'; ordinal=0; authority_text='42 USC 6926/RCRA 3006(g)'; authority_type='act_relative'; parse_status='corroborated'; act_key='resource conservation and recovery act of 1976'; act_section='3006'; act_resolution_reason='act_section_not_classified'; corroboration_rule='second-authority-behind-a-slash:agency-roster-initialism'; authority_in_own_cfr_note='absent'; cfr_note_part='40 CFR 271'; authority_source='box'	42 USC 6926/RCRA 3006(g)
ADDED	2050-AD57	199604	0	1	(no row) -> rin='2050-AD57'; publication_id='199604'; ordinal=0; authority_text='42 USC 6926/RCRA 3006(g)'; authority_type='act_relative'; parse_status='corroborated'; act_key='resource conservation and recovery act of 1976'; act_section='3006'; act_resolution_reason='act_section_not_classified'; corroboration_rule='second-authority-behind-a-slash:agency-roster-initialism'; authority_in_own_cfr_note='absent'; cfr_note_part='40 CFR 271'; authority_source='box'	42 USC 6926/RCRA 3006(g)
ADDED	2050-AD67	199510	0	1	(no row) -> rin='2050-AD67'; publication_id='199510'; ordinal=0; authority_text='42 USC 6991/RCRA 9001'; authority_type='act_relative'; parse_status='corroborated'; act_key='resource conservation and recovery act of 1976'; act_section='9001'; act_resolution_reason='act_section_not_classified'; corroboration_rule='second-authority-behind-a-slash:agency-roster-initialism'; authority_in_own_cfr_note='absent'; cfr_note_part='40 CFR 280'; authority_source='box'	42 USC 6991/RCRA 9001
ADDED	2050-AD67	199510	1	1	(no row) -> rin='2050-AD67'; publication_id='199510'; ordinal=1; authority_text='42 USC 6991/RCRA 9003'; authority_type='act_relative'; parse_status='corroborated'; act_key='resource conservation and recovery act of 1976'; act_section='9003'; act_resolution_reason='act_section_not_classified'; corroboration_rule='second-authority-behind-a-slash:agency-roster-initialism'; authority_in_own_cfr_note='absent'; cfr_note_part='40 CFR 280'; authority_source='box'	42 USC 6991/RCRA 9003
ADDED	2050-AD69	199510	0	1	(no row) -> rin='2050-AD69'; publication_id='199510'; ordinal=0; authority_text='42 USC 6921/RCRA 3001'; authority_type='act_relative'; parse_status='corroborated'; act_key='resource conservation and recovery act of 1976'; act_section='3001'; act_resolution_reason='act_section_not_classified'; corroboration_rule='second-authority-behind-a-slash:agency-roster-initialism'; authority_in_own_cfr_note='absent'; cfr_note_part='40 CFR 261'; authority_source='box'	42 USC 6921/RCRA 3001
ADDED	2050-AD69	199604	0	1	(no row) -> rin='2050-AD69'; publication_id='199604'; ordinal=0; authority_text='42 USC 6921/RCRA 3001'; authority_type='act_relative'; parse_status='corroborated'; act_key='resource conservation and recovery act of 1976'; act_section='3001'; act_resolution_reason='act_section_not_classified'; corroboration_rule='second-authority-behind-a-slash:agency-roster-initialism'; authority_in_own_cfr_note='absent'; cfr_note_part='40 CFR 261'; authority_source='box'	42 USC 6921/RCRA 3001
ADDED	2050-AD69	199610	0	1	(no row) -> rin='2050-AD69'; publication_id='199610'; ordinal=0; authority_text='42 USC 6921/RCRA 3001'; authority_type='act_relative'; parse_status='corroborated'; act_key='resource conservation and recovery act of 1976'; act_section='3001'; act_resolution_reason='act_section_not_classified'; corroboration_rule='second-authority-behind-a-slash:agency-roster-initialism'; authority_in_own_cfr_note='absent'; cfr_note_part='40 CFR 261'; authority_source='box'	42 USC 6921/RCRA 3001
ADDED	2050-AD69	199704	0	1	(no row) -> rin='2050-AD69'; publication_id='199704'; ordinal=0; authority_text='42 USC 6921/RCRA 3001'; authority_type='act_relative'; parse_status='corroborated'; act_key='resource conservation and recovery act of 1976'; act_section='3001'; act_resolution_reason='act_section_not_classified'; corroboration_rule='second-authority-behind-a-slash:agency-roster-initialism'; authority_in_own_cfr_note='absent'; cfr_note_part='40 CFR 261'; authority_source='box'	42 USC 6921/RCRA 3001
ADDED	2050-AD75	199510	0	1	(no row) -> rin='2050-AD75'; publication_id='199510'; ordinal=0; authority_text='42 USC 9605/CERCLA 105'; authority_type='act_relative'; parse_status='corroborated'; usc_title=42; usc_section='9605'; act_key='cercla'; act_section='105'; act_resolution_evidence='table3-classification'; usc_section_verdict='exists'; usc_section_attested_at_edition=True; corroboration_rule='second-authority-behind-a-slash:index-holds-a-bare-name-and-section'; authority_in_own_cfr_note='absent'; cfr_note_part='40 CFR 300'; authority_source='box'	42 USC 9605/CERCLA 105
ADDED	2050-AD75	199604	0	1	(no row) -> rin='2050-AD75'; publication_id='199604'; ordinal=0; authority_text='42 USC 9605/CERCLA 105'; authority_type='act_relative'; parse_status='corroborated'; usc_title=42; usc_section='9605'; act_key='cercla'; act_section='105'; act_resolution_evidence='table3-classification'; usc_section_verdict='exists'; usc_section_attested_at_edition=True; corroboration_rule='second-authority-behind-a-slash:index-holds-a-bare-name-and-section'; authority_in_own_cfr_note='absent'; cfr_note_part='40 CFR 300'; authority_source='box'	42 USC 9605/CERCLA 105
ADDED	2050-AD75	199610	0	1	(no row) -> rin='2050-AD75'; publication_id='199610'; ordinal=0; authority_text='42 USC 9605/CERCLA 105'; authority_type='act_relative'; parse_status='corroborated'; usc_title=42; usc_section='9605'; act_key='cercla'; act_section='105'; act_resolution_evidence='table3-classification'; usc_section_verdict='exists'; usc_section_attested_at_edition=True; corroboration_rule='second-authority-behind-a-slash:index-holds-a-bare-name-and-section'; authority_in_own_cfr_note='absent'; cfr_note_part='40 CFR 300'; authority_source='box'	42 USC 9605/CERCLA 105
ADDED	2050-AD75	199704	0	1	(no row) -> rin='2050-AD75'; publication_id='199704'; ordinal=0; authority_text='42 USC 9605/CERCLA 105'; authority_type='act_relative'; parse_status='corroborated'; usc_title=42; usc_section='9605'; act_key='cercla'; act_section='105'; act_resolution_evidence='table3-classification'; usc_section_verdict='exists'; usc_section_attested_at_edition=True; corroboration_rule='second-authority-behind-a-slash:index-holds-a-bare-name-and-section'; authority_in_own_cfr_note='absent'; cfr_note_part='40 CFR 300'; authority_source='box'	42 USC 9605/CERCLA 105
ADDED	2050-AD77	199510	0	1	(no row) -> rin='2050-AD77'; publication_id='199510'; ordinal=0; authority_text='42 USC 6907/RCRA 1008'; authority_type='act_relative'; parse_status='corroborated'; act_key='resource conservation and recovery act of 1976'; act_section='1008'; act_resolution_reason='act_section_not_classified'; corroboration_rule='second-authority-behind-a-slash:agency-roster-initialism'; authority_in_own_cfr_note='absent'; cfr_note_part='40 CFR 258'; authority_source='box'	42 USC 6907/RCRA 1008
ADDED	2050-AD77	199510	1	1	(no row) -> rin='2050-AD77'; publication_id='199510'; ordinal=1; authority_text='42 USC 6944/RCRA 4004'; authority_type='act_relative'; parse_status='corroborated'; act_key='resource conservation and recovery act of 1976'; act_section='4004'; act_resolution_reason='act_section_not_classified'; corroboration_rule='second-authority-behind-a-slash:agency-roster-initialism'; authority_in_own_cfr_note='absent'; cfr_note_part='40 CFR 258'; authority_source='box'	42 USC 6944/RCRA 4004
ADDED	2050-AD77	199510	2	1	(no row) -> rin='2050-AD77'; publication_id='199510'; ordinal=2; authority_text='42 USC 6949a/RCRA 4010'; authority_type='act_relative'; parse_status='corroborated'; act_key='resource conservation and recovery act of 1976'; act_section='4010'; act_resolution_reason='act_section_not_classified'; corroboration_rule='second-authority-behind-a-slash:agency-roster-initialism'; authority_in_own_cfr_note='absent'; cfr_note_part='40 CFR 258'; authority_source='box'	42 USC 6949a/RCRA 4010
ADDED	2050-AD77	199604	0	1	(no row) -> rin='2050-AD77'; publication_id='199604'; ordinal=0; authority_text='42 USC 6907/RCRA 1008'; authority_type='act_relative'; parse_status='corroborated'; act_key='resource conservation and recovery act of 1976'; act_section='1008'; act_resolution_reason='act_section_not_classified'; corroboration_rule='second-authority-behind-a-slash:agency-roster-initialism'; authority_in_own_cfr_note='absent'; cfr_note_part='40 CFR 258'; authority_source='box'	42 USC 6907/RCRA 1008
ADDED	2050-AD77	199604	1	1	(no row) -> rin='2050-AD77'; publication_id='199604'; ordinal=1; authority_text='42 USC 6944/RCRA 4004'; authority_type='act_relative'; parse_status='corroborated'; act_key='resource conservation and recovery act of 1976'; act_section='4004'; act_resolution_reason='act_section_not_classified'; corroboration_rule='second-authority-behind-a-slash:agency-roster-initialism'; authority_in_own_cfr_note='absent'; cfr_note_part='40 CFR 258'; authority_source='box'	42 USC 6944/RCRA 4004
ADDED	2050-AD77	199604	2	1	(no row) -> rin='2050-AD77'; publication_id='199604'; ordinal=2; authority_text='42 USC 6949a/RCRA 4010'; authority_type='act_relative'; parse_status='corroborated'; act_key='resource conservation and recovery act of 1976'; act_section='4010'; act_resolution_reason='act_section_not_classified'; corroboration_rule='second-authority-behind-a-slash:agency-roster-initialism'; authority_in_own_cfr_note='absent'; cfr_note_part='40 CFR 258'; authority_source='box'	42 USC 6949a/RCRA 4010
ADDED	2050-AD77	199610	0	1	(no row) -> rin='2050-AD77'; publication_id='199610'; ordinal=0; authority_text='42 USC 6907/RCRA 1008'; authority_type='act_relative'; parse_status='corroborated'; act_key='resource conservation and recovery act of 1976'; act_section='1008'; act_resolution_reason='act_section_not_classified'; corroboration_rule='second-authority-behind-a-slash:agency-roster-initialism'; authority_in_own_cfr_note='absent'; cfr_note_part='40 CFR 258'; authority_source='box'	42 USC 6907/RCRA 1008
ADDED	2050-AD77	199610	1	1	(no row) -> rin='2050-AD77'; publication_id='199610'; ordinal=1; authority_text='42 USC 6944/RCRA 4004'; authority_type='act_relative'; parse_status='corroborated'; act_key='resource conservation and recovery act of 1976'; act_section='4004'; act_resolution_reason='act_section_not_classified'; corroboration_rule='second-authority-behind-a-slash:agency-roster-initialism'; authority_in_own_cfr_note='absent'; cfr_note_part='40 CFR 258'; authority_source='box'	42 USC 6944/RCRA 4004
ADDED	2050-AD77	199610	2	1	(no row) -> rin='2050-AD77'; publication_id='199610'; ordinal=2; authority_text='42 USC 6949a/RCRA 4010'; authority_type='act_relative'; parse_status='corroborated'; act_key='resource conservation and recovery act of 1976'; act_section='4010'; act_resolution_reason='act_section_not_classified'; corroboration_rule='second-authority-behind-a-slash:agency-roster-initialism'; authority_in_own_cfr_note='absent'; cfr_note_part='40 CFR 258'; authority_source='box'	42 USC 6949a/RCRA 4010
ADDED	2050-AD77	199704	0	1	(no row) -> rin='2050-AD77'; publication_id='199704'; ordinal=0; authority_text='42 USC 6907/RCRA 1008'; authority_type='act_relative'; parse_status='corroborated'; act_key='resource conservation and recovery act of 1976'; act_section='1008'; act_resolution_reason='act_section_not_classified'; corroboration_rule='second-authority-behind-a-slash:agency-roster-initialism'; authority_in_own_cfr_note='absent'; cfr_note_part='40 CFR 258'; authority_source='box'	42 USC 6907/RCRA 1008
ADDED	2050-AD77	199704	1	1	(no row) -> rin='2050-AD77'; publication_id='199704'; ordinal=1; authority_text='42 USC 6944/RCRA 4004'; authority_type='act_relative'; parse_status='corroborated'; act_key='resource conservation and recovery act of 1976'; act_section='4004'; act_resolution_reason='act_section_not_classified'; corroboration_rule='second-authority-behind-a-slash:agency-roster-initialism'; authority_in_own_cfr_note='absent'; cfr_note_part='40 CFR 258'; authority_source='box'	42 USC 6944/RCRA 4004
ADDED	2050-AD77	199704	2	1	(no row) -> rin='2050-AD77'; publication_id='199704'; ordinal=2; authority_text='42 USC 6949a/RCRA 4010'; authority_type='act_relative'; parse_status='corroborated'; act_key='resource conservation and recovery act of 1976'; act_section='4010'; act_resolution_reason='act_section_not_classified'; corroboration_rule='second-authority-behind-a-slash:agency-roster-initialism'; authority_in_own_cfr_note='absent'; cfr_note_part='40 CFR 258'; authority_source='box'	42 USC 6949a/RCRA 4010
ADDED	2050-AD79	199510	0	1	(no row) -> rin='2050-AD79'; publication_id='199510'; ordinal=0; authority_text='42 USC 6905/RCRA 1006'; authority_type='act_relative'; parse_status='corroborated'; act_key='resource conservation and recovery act of 1976'; act_section='1006'; act_resolution_reason='act_section_not_classified'; corroboration_rule='second-authority-behind-a-slash:agency-roster-initialism'; authority_in_own_cfr_note='absent'; cfr_note_part='40 CFR 261'; authority_source='box'	42 USC 6905/RCRA 1006
ADDED	2050-AD79	199510	1	1	(no row) -> rin='2050-AD79'; publication_id='199510'; ordinal=1; authority_text='42 USC 6912(a)/RCRA 2002(a)'; authority_type='act_relative'; parse_status='corroborated'; act_key='resource conservation and recovery act of 1976'; act_section='2002'; act_resolution_reason='act_section_not_classified'; corroboration_rule='second-authority-behind-a-slash:agency-roster-initialism'; authority_in_own_cfr_note='absent'; cfr_note_part='40 CFR 261'; authority_source='box'	42 USC 6912(a)/RCRA 2002(a)
ADDED	2050-AD79	199510	2	1	(no row) -> rin='2050-AD79'; publication_id='199510'; ordinal=2; authority_text='42 USC 6922/RCRA 3001'; authority_type='act_relative'; parse_status='corroborated'; act_key='resource conservation and recovery act of 1976'; act_section='3001'; act_resolution_reason='act_section_not_classified'; corroboration_rule='second-authority-behind-a-slash:agency-roster-initialism'; authority_in_own_cfr_note='absent'; cfr_note_part='40 CFR 261'; authority_source='box'	42 USC 6922/RCRA 3001
ADDED	2050-AD79	199510	3	1	(no row) -> rin='2050-AD79'; publication_id='199510'; ordinal=3; authority_text='42 USC 9602/CERCLA 102'; authority_type='act_relative'; parse_status='corroborated'; usc_title=42; usc_section='9602'; act_key='cercla'; act_section='102'; act_resolution_evidence='table3-classification'; usc_section_verdict='exists'; usc_section_attested_at_edition=True; corroboration_rule='second-authority-behind-a-slash:index-holds-a-bare-name-and-section'; authority_in_own_cfr_note='absent'; cfr_note_part='40 CFR 261'; authority_source='box'	42 USC 9602/CERCLA 102
ADDED	2050-AD79	199510	4	1	(no row) -> rin='2050-AD79'; publication_id='199510'; ordinal=4; authority_text='33 USC 1361/CERCLA 311'; authority_type='act_relative'; parse_status='corroborated'; usc_title=42; usc_section='9660'; act_key='cercla'; act_section='311'; act_resolution_evidence='table3-classification'; usc_section_verdict='exists'; usc_section_attested_at_edition=True; corroboration_rule='second-authority-behind-a-slash:index-holds-a-bare-name-and-section'; authority_in_own_cfr_note='absent'; cfr_note_part='40 CFR 261'; authority_source='box'	33 USC 1361/CERCLA 311
ADDED	2050-AD79	199510	5	1	(no row) -> rin='2050-AD79'; publication_id='199510'; ordinal=5; authority_text='33 USC 1321/CERCLA 501'; authority_type='act_relative'; parse_status='corroborated'; act_key='cercla'; act_section='501'; act_resolution_reason='act_section_not_classified'; corroboration_rule='second-authority-behind-a-slash:index-holds-a-bare-name-and-section'; authority_in_own_cfr_note='absent'; cfr_note_part='40 CFR 261'; authority_source='box'	33 USC 1321/CERCLA 501
ADDED	2050-AD79	199604	0	1	(no row) -> rin='2050-AD79'; publication_id='199604'; ordinal=0; authority_text='42 USC 6922/RCRA 3001'; authority_type='act_relative'; parse_status='corroborated'; act_key='resource conservation and recovery act of 1976'; act_section='3001'; act_resolution_reason='act_section_not_classified'; corroboration_rule='second-authority-behind-a-slash:agency-roster-initialism'; authority_in_own_cfr_note='absent'; cfr_note_part='40 CFR 261'; authority_source='box'	42 USC 6922/RCRA 3001
ADDED	2050-AD79	199604	1	1	(no row) -> rin='2050-AD79'; publication_id='199604'; ordinal=1; authority_text='42 USC 9602/CERCLA 102'; authority_type='act_relative'; parse_status='corroborated'; usc_title=42; usc_section='9602'; act_key='cercla'; act_section='102'; act_resolution_evidence='table3-classification'; usc_section_verdict='exists'; usc_section_attested_at_edition=True; corroboration_rule='second-authority-behind-a-slash:index-holds-a-bare-name-and-section'; authority_in_own_cfr_note='absent'; cfr_note_part='40 CFR 261'; authority_source='box'	42 USC 9602/CERCLA 102
ADDED	2050-AD79	199604	2	1	(no row) -> rin='2050-AD79'; publication_id='199604'; ordinal=2; authority_text='33 USC 1361/CERCLA 311'; authority_type='act_relative'; parse_status='corroborated'; usc_title=42; usc_section='9660'; act_key='cercla'; act_section='311'; act_resolution_evidence='table3-classification'; usc_section_verdict='exists'; usc_section_attested_at_edition=True; corroboration_rule='second-authority-behind-a-slash:index-holds-a-bare-name-and-section'; authority_in_own_cfr_note='absent'; cfr_note_part='40 CFR 261'; authority_source='box'	33 USC 1361/CERCLA 311
ADDED	2050-AD79	199610	0	1	(no row) -> rin='2050-AD79'; publication_id='199610'; ordinal=0; authority_text='42 USC 6922/RCRA 3001'; authority_type='act_relative'; parse_status='corroborated'; act_key='resource conservation and recovery act of 1976'; act_section='3001'; act_resolution_reason='act_section_not_classified'; corroboration_rule='second-authority-behind-a-slash:agency-roster-initialism'; authority_in_own_cfr_note='absent'; cfr_note_part='40 CFR 261'; authority_source='box'	42 USC 6922/RCRA 3001
ADDED	2050-AD79	199610	1	1	(no row) -> rin='2050-AD79'; publication_id='199610'; ordinal=1; authority_text='42 USC 9602/CERCLA 102'; authority_type='act_relative'; parse_status='corroborated'; usc_title=42; usc_section='9602'; act_key='cercla'; act_section='102'; act_resolution_evidence='table3-classification'; usc_section_verdict='exists'; usc_section_attested_at_edition=True; corroboration_rule='second-authority-behind-a-slash:index-holds-a-bare-name-and-section'; authority_in_own_cfr_note='absent'; cfr_note_part='40 CFR 261'; authority_source='box'	42 USC 9602/CERCLA 102
ADDED	2050-AD79	199610	2	1	(no row) -> rin='2050-AD79'; publication_id='199610'; ordinal=2; authority_text='33 USC 1361/CERCLA 311'; authority_type='act_relative'; parse_status='corroborated'; usc_title=42; usc_section='9660'; act_key='cercla'; act_section='311'; act_resolution_evidence='table3-classification'; usc_section_verdict='exists'; usc_section_attested_at_edition=True; corroboration_rule='second-authority-behind-a-slash:index-holds-a-bare-name-and-section'; authority_in_own_cfr_note='absent'; cfr_note_part='40 CFR 261'; authority_source='box'	33 USC 1361/CERCLA 311
ADDED	2050-AD79	199704	0	1	(no row) -> rin='2050-AD79'; publication_id='199704'; ordinal=0; authority_text='42 USC 6922/RCRA 3001'; authority_type='act_relative'; parse_status='corroborated'; act_key='resource conservation and recovery act of 1976'; act_section='3001'; act_resolution_reason='act_section_not_classified'; corroboration_rule='second-authority-behind-a-slash:agency-roster-initialism'; authority_in_own_cfr_note='absent'; cfr_note_part='40 CFR 261'; authority_source='box'	42 USC 6922/RCRA 3001
ADDED	2050-AD79	199704	1	1	(no row) -> rin='2050-AD79'; publication_id='199704'; ordinal=1; authority_text='42 USC 9602/CERCLA 102'; authority_type='act_relative'; parse_status='corroborated'; usc_title=42; usc_section='9602'; act_key='cercla'; act_section='102'; act_resolution_evidence='table3-classification'; usc_section_verdict='exists'; usc_section_attested_at_edition=True; corroboration_rule='second-authority-behind-a-slash:index-holds-a-bare-name-and-section'; authority_in_own_cfr_note='absent'; cfr_note_part='40 CFR 261'; authority_source='box'	42 USC 9602/CERCLA 102
ADDED	2050-AD79	199704	2	1	(no row) -> rin='2050-AD79'; publication_id='199704'; ordinal=2; authority_text='33 USC 1361/CERCLA 311'; authority_type='act_relative'; parse_status='corroborated'; usc_title=42; usc_section='9660'; act_key='cercla'; act_section='311'; act_resolution_evidence='table3-classification'; usc_section_verdict='exists'; usc_section_attested_at_edition=True; corroboration_rule='second-authority-behind-a-slash:index-holds-a-bare-name-and-section'; authority_in_own_cfr_note='absent'; cfr_note_part='40 CFR 261'; authority_source='box'	33 USC 1361/CERCLA 311
ADDED	2050-AD80	199510	0	1	(no row) -> rin='2050-AD80'; publication_id='199510'; ordinal=0; authority_text='42 USC 6921/RCRA 3001'; authority_type='act_relative'; parse_status='corroborated'; act_key='resource conservation and recovery act of 1976'; act_section='3001'; act_resolution_reason='act_section_not_classified'; corroboration_rule='second-authority-behind-a-slash:agency-roster-initialism'; authority_in_own_cfr_note='absent'; cfr_note_part='40 CFR 261'; authority_source='box'	42 USC 6921/RCRA 3001
ADDED	2050-AD80	199604	0	1	(no row) -> rin='2050-AD80'; publication_id='199604'; ordinal=0; authority_text='42 USC 6921/RCRA 3001'; authority_type='act_relative'; parse_status='corroborated'; act_key='resource conservation and recovery act of 1976'; act_section='3001'; act_resolution_reason='act_section_not_classified'; corroboration_rule='second-authority-behind-a-slash:agency-roster-initialism'; authority_in_own_cfr_note='absent'; cfr_note_part='40 CFR 261'; authority_source='box'	42 USC 6921/RCRA 3001
ADDED	2050-AD80	199604	1	1	(no row) -> rin='2050-AD80'; publication_id='199604'; ordinal=1; authority_text='42 USC 9602/CERCLA 102'; authority_type='act_relative'; parse_status='corroborated'; usc_title=42; usc_section='9602'; act_key='cercla'; act_section='102'; act_resolution_evidence='table3-classification'; usc_section_verdict='exists'; usc_section_attested_at_edition=True; corroboration_rule='second-authority-behind-a-slash:index-holds-a-bare-name-and-section'; authority_in_own_cfr_note='absent'; cfr_note_part='40 CFR 261'; authority_source='box'	42 USC 9602/CERCLA 102
ADDED	2050-AD80	199610	0	1	(no row) -> rin='2050-AD80'; publication_id='199610'; ordinal=0; authority_text='42 USC 6921/RCRA 3001'; authority_type='act_relative'; parse_status='corroborated'; act_key='resource conservation and recovery act of 1976'; act_section='3001'; act_resolution_reason='act_section_not_classified'; corroboration_rule='second-authority-behind-a-slash:agency-roster-initialism'; authority_in_own_cfr_note='absent'; cfr_note_part='40 CFR 261'; authority_source='box'	42 USC 6921/RCRA 3001
ADDED	2050-AD80	199610	1	1	(no row) -> rin='2050-AD80'; publication_id='199610'; ordinal=1; authority_text='42 USC 9602/CERCLA 102'; authority_type='act_relative'; parse_status='corroborated'; usc_title=42; usc_section='9602'; act_key='cercla'; act_section='102'; act_resolution_evidence='table3-classification'; usc_section_verdict='exists'; usc_section_attested_at_edition=True; corroboration_rule='second-authority-behind-a-slash:index-holds-a-bare-name-and-section'; authority_in_own_cfr_note='absent'; cfr_note_part='40 CFR 261'; authority_source='box'	42 USC 9602/CERCLA 102
ADDED	2050-AD80	199704	0	1	(no row) -> rin='2050-AD80'; publication_id='199704'; ordinal=0; authority_text='42 USC 6921/RCRA 3001'; authority_type='act_relative'; parse_status='corroborated'; act_key='resource conservation and recovery act of 1976'; act_section='3001'; act_resolution_reason='act_section_not_classified'; corroboration_rule='second-authority-behind-a-slash:agency-roster-initialism'; authority_in_own_cfr_note='absent'; cfr_note_part='40 CFR 261'; authority_source='box'	42 USC 6921/RCRA 3001
ADDED	2050-AD80	199704	1	1	(no row) -> rin='2050-AD80'; publication_id='199704'; ordinal=1; authority_text='42 USC 9602/CERCLA 102'; authority_type='act_relative'; parse_status='corroborated'; usc_title=42; usc_section='9602'; act_key='cercla'; act_section='102'; act_resolution_evidence='table3-classification'; usc_section_verdict='exists'; usc_section_attested_at_edition=True; corroboration_rule='second-authority-behind-a-slash:index-holds-a-bare-name-and-section'; authority_in_own_cfr_note='absent'; cfr_note_part='40 CFR 261'; authority_source='box'	42 USC 9602/CERCLA 102
ADDED	2050-AD84	199510	0	1	(no row) -> rin='2050-AD84'; publication_id='199510'; ordinal=0; authority_text='42 USC 6905/RCRA 1005'; authority_type='act_relative'; parse_status='corroborated'; act_key='resource conservation and recovery act of 1976'; act_section='1005'; act_resolution_reason='act_section_not_classified'; corroboration_rule='second-authority-behind-a-slash:agency-roster-initialism'; authority_in_own_cfr_note='absent'; cfr_note_part='40 CFR 261'; authority_source='box'	42 USC 6905/RCRA 1005
ADDED	2050-AD84	199510	2	1	(no row) -> rin='2050-AD84'; publication_id='199510'; ordinal=2; authority_text='42 USC 6921/RCRA 3001'; authority_type='act_relative'; parse_status='corroborated'; act_key='resource conservation and recovery act of 1976'; act_section='3001'; act_resolution_reason='act_section_not_classified'; corroboration_rule='second-authority-behind-a-slash:agency-roster-initialism'; authority_in_own_cfr_note='absent'; cfr_note_part='40 CFR 261'; authority_source='box'	42 USC 6921/RCRA 3001
ADDED	2050-AD84	199510	3	1	(no row) -> rin='2050-AD84'; publication_id='199510'; ordinal=3; authority_text='42 USC 6922/RCRA 3002'; authority_type='act_relative'; parse_status='corroborated'; act_key='resource conservation and recovery act of 1976'; act_section='3002'; act_resolution_reason='act_section_not_classified'; corroboration_rule='second-authority-behind-a-slash:agency-roster-initialism'; authority_in_own_cfr_note='absent'; cfr_note_part='40 CFR 261'; authority_source='box'	42 USC 6922/RCRA 3002
ADDED	2050-AD84	199510	4	1	(no row) -> rin='2050-AD84'; publication_id='199510'; ordinal=4; authority_text='42 USC 6926/RCRA 3006'; authority_type='act_relative'; parse_status='corroborated'; act_key='resource conservation and recovery act of 1976'; act_section='3006'; act_resolution_reason='act_section_not_classified'; corroboration_rule='second-authority-behind-a-slash:agency-roster-initialism'; authority_in_own_cfr_note='absent'; cfr_note_part='40 CFR 261'; authority_source='box'	42 USC 6926/RCRA 3006
ADDED	2050-AD84	199510	5	1	(no row) -> rin='2050-AD84'; publication_id='199510'; ordinal=5; authority_text='42 USC 9602/RCRA 6002'; authority_type='act_relative'; parse_status='corroborated'; act_key='resource conservation and recovery act of 1976'; act_section='6002'; act_resolution_reason='act_section_not_classified'; corroboration_rule='second-authority-behind-a-slash:agency-roster-initialism'; authority_in_own_cfr_note='absent'; cfr_note_part='40 CFR 261'; authority_source='box'	42 USC 9602/RCRA 6002
ADDED	2050-AD84	199604	0	1	(no row) -> rin='2050-AD84'; publication_id='199604'; ordinal=0; authority_text='42 USC 6921/RCRA 3001'; authority_type='act_relative'; parse_status='corroborated'; act_key='resource conservation and recovery act of 1976'; act_section='3001'; act_resolution_reason='act_section_not_classified'; corroboration_rule='second-authority-behind-a-slash:agency-roster-initialism'; authority_in_own_cfr_note='absent'; cfr_note_part='40 CFR 261'; authority_source='box'	42 USC 6921/RCRA 3001
ADDED	2050-AD84	199604	1	1	(no row) -> rin='2050-AD84'; publication_id='199604'; ordinal=1; authority_text='42 USC 9602/CERCLA 102'; authority_type='act_relative'; parse_status='corroborated'; usc_title=42; usc_section='9602'; act_key='cercla'; act_section='102'; act_resolution_evidence='table3-classification'; usc_section_verdict='exists'; usc_section_attested_at_edition=True; corroboration_rule='second-authority-behind-a-slash:index-holds-a-bare-name-and-section'; authority_in_own_cfr_note='absent'; cfr_note_part='40 CFR 261'; authority_source='box'	42 USC 9602/CERCLA 102
ADDED	2050-AD84	199610	0	1	(no row) -> rin='2050-AD84'; publication_id='199610'; ordinal=0; authority_text='42 USC 6921/RCRA 3001'; authority_type='act_relative'; parse_status='corroborated'; act_key='resource conservation and recovery act of 1976'; act_section='3001'; act_resolution_reason='act_section_not_classified'; corroboration_rule='second-authority-behind-a-slash:agency-roster-initialism'; authority_in_own_cfr_note='absent'; cfr_note_part='40 CFR 261'; authority_source='box'	42 USC 6921/RCRA 3001
ADDED	2050-AD84	199610	1	1	(no row) -> rin='2050-AD84'; publication_id='199610'; ordinal=1; authority_text='42 USC 9602/CERCLA 102'; authority_type='act_relative'; parse_status='corroborated'; usc_title=42; usc_section='9602'; act_key='cercla'; act_section='102'; act_resolution_evidence='table3-classification'; usc_section_verdict='exists'; usc_section_attested_at_edition=True; corroboration_rule='second-authority-behind-a-slash:index-holds-a-bare-name-and-section'; authority_in_own_cfr_note='absent'; cfr_note_part='40 CFR 261'; authority_source='box'	42 USC 9602/CERCLA 102
ADDED	2050-AD84	199704	0	1	(no row) -> rin='2050-AD84'; publication_id='199704'; ordinal=0; authority_text='42 USC 6921/RCRA 3001'; authority_type='act_relative'; parse_status='corroborated'; act_key='resource conservation and recovery act of 1976'; act_section='3001'; act_resolution_reason='act_section_not_classified'; corroboration_rule='second-authority-behind-a-slash:agency-roster-initialism'; authority_in_own_cfr_note='absent'; cfr_note_part='40 CFR 261'; authority_source='box'	42 USC 6921/RCRA 3001
ADDED	2050-AD84	199704	1	1	(no row) -> rin='2050-AD84'; publication_id='199704'; ordinal=1; authority_text='42 USC 9602/CERCLA 102'; authority_type='act_relative'; parse_status='corroborated'; usc_title=42; usc_section='9602'; act_key='cercla'; act_section='102'; act_resolution_evidence='table3-classification'; usc_section_verdict='exists'; usc_section_attested_at_edition=True; corroboration_rule='second-authority-behind-a-slash:index-holds-a-bare-name-and-section'; authority_in_own_cfr_note='absent'; cfr_note_part='40 CFR 261'; authority_source='box'	42 USC 9602/CERCLA 102
ADDED	2050-AD85	199510	0	1	(no row) -> rin='2050-AD85'; publication_id='199510'; ordinal=0; authority_text='42 USC 6905/RCRA 1006'; authority_type='act_relative'; parse_status='corroborated'; act_key='resource conservation and recovery act of 1976'; act_section='1006'; act_resolution_reason='act_section_not_classified'; corroboration_rule='second-authority-behind-a-slash:agency-roster-initialism'; authority_in_own_cfr_note='absent'; cfr_note_part='40 CFR 261'; authority_source='box'	42 USC 6905/RCRA 1006
ADDED	2050-AD85	199510	1	1	(no row) -> rin='2050-AD85'; publication_id='199510'; ordinal=1; authority_text='42 USC 6912(a)/RCRA 2002(a)'; authority_type='act_relative'; parse_status='corroborated'; act_key='resource conservation and recovery act of 1976'; act_section='2002'; act_resolution_reason='act_section_not_classified'; corroboration_rule='second-authority-behind-a-slash:agency-roster-initialism'; authority_in_own_cfr_note='absent'; cfr_note_part='40 CFR 261'; authority_source='box'	42 USC 6912(a)/RCRA 2002(a)
ADDED	2050-AD85	199510	2	1	(no row) -> rin='2050-AD85'; publication_id='199510'; ordinal=2; authority_text='42 USC 6922/RCRA 3001'; authority_type='act_relative'; parse_status='corroborated'; act_key='resource conservation and recovery act of 1976'; act_section='3001'; act_resolution_reason='act_section_not_classified'; corroboration_rule='second-authority-behind-a-slash:agency-roster-initialism'; authority_in_own_cfr_note='absent'; cfr_note_part='40 CFR 261'; authority_source='box'	42 USC 6922/RCRA 3001
ADDED	2050-AD85	199510	3	1	(no row) -> rin='2050-AD85'; publication_id='199510'; ordinal=3; authority_text='42 USC 9602/CERCLA 102'; authority_type='act_relative'; parse_status='corroborated'; usc_title=42; usc_section='9602'; act_key='cercla'; act_section='102'; act_resolution_evidence='table3-classification'; usc_section_verdict='exists'; usc_section_attested_at_edition=True; corroboration_rule='second-authority-behind-a-slash:index-holds-a-bare-name-and-section'; authority_in_own_cfr_note='absent'; cfr_note_part='40 CFR 261'; authority_source='box'	42 USC 9602/CERCLA 102
ADDED	2050-AD85	199604	0	1	(no row) -> rin='2050-AD85'; publication_id='199604'; ordinal=0; authority_text='42 USC 6921/RCRA 3001'; authority_type='act_relative'; parse_status='corroborated'; act_key='resource conservation and recovery act of 1976'; act_section='3001'; act_resolution_reason='act_section_not_classified'; corroboration_rule='second-authority-behind-a-slash:agency-roster-initialism'; authority_in_own_cfr_note='absent'; cfr_note_part='40 CFR 261'; authority_source='box'	42 USC 6921/RCRA 3001
ADDED	2050-AD85	199604	1	1	(no row) -> rin='2050-AD85'; publication_id='199604'; ordinal=1; authority_text='42 USC 9602/CERCLA 102'; authority_type='act_relative'; parse_status='corroborated'; usc_title=42; usc_section='9602'; act_key='cercla'; act_section='102'; act_resolution_evidence='table3-classification'; usc_section_verdict='exists'; usc_section_attested_at_edition=True; corroboration_rule='second-authority-behind-a-slash:index-holds-a-bare-name-and-section'; authority_in_own_cfr_note='absent'; cfr_note_part='40 CFR 261'; authority_source='box'	42 USC 9602/CERCLA 102
ADDED	2050-AD85	199610	0	1	(no row) -> rin='2050-AD85'; publication_id='199610'; ordinal=0; authority_text='42 USC 6921/RCRA 3001'; authority_type='act_relative'; parse_status='corroborated'; act_key='resource conservation and recovery act of 1976'; act_section='3001'; act_resolution_reason='act_section_not_classified'; corroboration_rule='second-authority-behind-a-slash:agency-roster-initialism'; authority_in_own_cfr_note='absent'; cfr_note_part='40 CFR 261'; authority_source='box'	42 USC 6921/RCRA 3001
ADDED	2050-AD85	199610	1	1	(no row) -> rin='2050-AD85'; publication_id='199610'; ordinal=1; authority_text='42 USC 9602/CERCLA 102'; authority_type='act_relative'; parse_status='corroborated'; usc_title=42; usc_section='9602'; act_key='cercla'; act_section='102'; act_resolution_evidence='table3-classification'; usc_section_verdict='exists'; usc_section_attested_at_edition=True; corroboration_rule='second-authority-behind-a-slash:index-holds-a-bare-name-and-section'; authority_in_own_cfr_note='absent'; cfr_note_part='40 CFR 261'; authority_source='box'	42 USC 9602/CERCLA 102
ADDED	2050-AD85	199704	0	1	(no row) -> rin='2050-AD85'; publication_id='199704'; ordinal=0; authority_text='42 USC 6921/RCRA 3001'; authority_type='act_relative'; parse_status='corroborated'; act_key='resource conservation and recovery act of 1976'; act_section='3001'; act_resolution_reason='act_section_not_classified'; corroboration_rule='second-authority-behind-a-slash:agency-roster-initialism'; authority_in_own_cfr_note='absent'; cfr_note_part='40 CFR 261'; authority_source='box'	42 USC 6921/RCRA 3001
ADDED	2050-AD85	199704	1	1	(no row) -> rin='2050-AD85'; publication_id='199704'; ordinal=1; authority_text='42 USC 9602/CERCLA 102'; authority_type='act_relative'; parse_status='corroborated'; usc_title=42; usc_section='9602'; act_key='cercla'; act_section='102'; act_resolution_evidence='table3-classification'; usc_section_verdict='exists'; usc_section_attested_at_edition=True; corroboration_rule='second-authority-behind-a-slash:index-holds-a-bare-name-and-section'; authority_in_own_cfr_note='absent'; cfr_note_part='40 CFR 261'; authority_source='box'	42 USC 9602/CERCLA 102
ADDED	2050-AD87	199510	1	1	(no row) -> rin='2050-AD87'; publication_id='199510'; ordinal=1; authority_text='42 USC 6901/RCRA 3001'; authority_type='act_relative'; parse_status='corroborated'; act_key='resource conservation and recovery act of 1976'; act_section='3001'; act_resolution_reason='act_section_not_classified'; corroboration_rule='second-authority-behind-a-slash:agency-roster-initialism'; authority_in_own_cfr_note='absent'; cfr_note_part='40 CFR 260'; authority_source='box'	42 USC 6901/RCRA 3001
ADDED	2050-AD87	199604	1	1	(no row) -> rin='2050-AD87'; publication_id='199604'; ordinal=1; authority_text='42 USC 6901/RCRA 3001'; authority_type='act_relative'; parse_status='corroborated'; act_key='resource conservation and recovery act of 1976'; act_section='3001'; act_resolution_reason='act_section_not_classified'; corroboration_rule='second-authority-behind-a-slash:agency-roster-initialism'; authority_in_own_cfr_note='absent'; cfr_note_part='40 CFR 260'; authority_source='box'	42 USC 6901/RCRA 3001
ADDED	2050-AD88	199510	0	1	(no row) -> rin='2050-AD88'; publication_id='199510'; ordinal=0; authority_text='42 USC 6921/RCRA 3001'; authority_type='act_relative'; parse_status='corroborated'; act_key='resource conservation and recovery act of 1976'; act_section='3001'; act_resolution_reason='act_section_not_classified'; corroboration_rule='second-authority-behind-a-slash:agency-roster-initialism'; authority_in_own_cfr_note='absent'; cfr_note_part='40 CFR 261'; authority_source='box'	42 USC 6921/RCRA 3001
ADDED	2050-AD88	199604	0	1	(no row) -> rin='2050-AD88'; publication_id='199604'; ordinal=0; authority_text='42 USC 6921/RCRA 3001'; authority_type='act_relative'; parse_status='corroborated'; act_key='resource conservation and recovery act of 1976'; act_section='3001'; act_resolution_reason='act_section_not_classified'; corroboration_rule='second-authority-behind-a-slash:agency-roster-initialism'; authority_in_own_cfr_note='absent'; cfr_note_part='40 CFR 261'; authority_source='box'	42 USC 6921/RCRA 3001
ADDED	2050-AD88	199604	1	1	(no row) -> rin='2050-AD88'; publication_id='199604'; ordinal=1; authority_text='42 USC 9602/CERCLA 102'; authority_type='act_relative'; parse_status='corroborated'; usc_title=42; usc_section='9602'; act_key='cercla'; act_section='102'; act_resolution_evidence='table3-classification'; usc_section_verdict='exists'; usc_section_attested_at_edition=True; corroboration_rule='second-authority-behind-a-slash:index-holds-a-bare-name-and-section'; authority_in_own_cfr_note='absent'; cfr_note_part='40 CFR 261'; authority_source='box'	42 USC 9602/CERCLA 102
ADDED	2050-AD88	199610	0	1	(no row) -> rin='2050-AD88'; publication_id='199610'; ordinal=0; authority_text='42 USC 6921/RCRA 3001'; authority_type='act_relative'; parse_status='corroborated'; act_key='resource conservation and recovery act of 1976'; act_section='3001'; act_resolution_reason='act_section_not_classified'; corroboration_rule='second-authority-behind-a-slash:agency-roster-initialism'; authority_in_own_cfr_note='absent'; cfr_note_part='40 CFR 261'; authority_source='box'	42 USC 6921/RCRA 3001
ADDED	2050-AD88	199610	1	1	(no row) -> rin='2050-AD88'; publication_id='199610'; ordinal=1; authority_text='42 USC 9602/CERCLA 102'; authority_type='act_relative'; parse_status='corroborated'; usc_title=42; usc_section='9602'; act_key='cercla'; act_section='102'; act_resolution_evidence='table3-classification'; usc_section_verdict='exists'; usc_section_attested_at_edition=True; corroboration_rule='second-authority-behind-a-slash:index-holds-a-bare-name-and-section'; authority_in_own_cfr_note='absent'; cfr_note_part='40 CFR 261'; authority_source='box'	42 USC 9602/CERCLA 102
ADDED	2050-AD88	199704	0	1	(no row) -> rin='2050-AD88'; publication_id='199704'; ordinal=0; authority_text='42 USC 6921/RCRA 3001'; authority_type='act_relative'; parse_status='corroborated'; act_key='resource conservation and recovery act of 1976'; act_section='3001'; act_resolution_reason='act_section_not_classified'; corroboration_rule='second-authority-behind-a-slash:agency-roster-initialism'; authority_in_own_cfr_note='absent'; cfr_note_part='40 CFR 261'; authority_source='box'	42 USC 6921/RCRA 3001
ADDED	2050-AD88	199704	1	1	(no row) -> rin='2050-AD88'; publication_id='199704'; ordinal=1; authority_text='42 USC 9602/CERCLA 102'; authority_type='act_relative'; parse_status='corroborated'; usc_title=42; usc_section='9602'; act_key='cercla'; act_section='102'; act_resolution_evidence='table3-classification'; usc_section_verdict='exists'; usc_section_attested_at_edition=True; corroboration_rule='second-authority-behind-a-slash:index-holds-a-bare-name-and-section'; authority_in_own_cfr_note='absent'; cfr_note_part='40 CFR 261'; authority_source='box'	42 USC 9602/CERCLA 102
ADDED	2050-AD90	199510	0	1	(no row) -> rin='2050-AD90'; publication_id='199510'; ordinal=0; authority_text='42 USC 6924(y)/RCRA 3004(y)'; authority_type='act_relative'; parse_status='corroborated'; act_key='resource conservation and recovery act of 1976'; act_section='3004'; act_resolution_reason='act_section_not_classified'; corroboration_rule='second-authority-behind-a-slash:agency-roster-initialism'; authority_in_own_cfr_note='absent'; cfr_note_part='40 CFR 260'; authority_source='box'	42 USC 6924(y)/RCRA 3004(y)
ADDED	2050-AD90	199604	0	1	(no row) -> rin='2050-AD90'; publication_id='199604'; ordinal=0; authority_text='42 USC 6924(y)/RCRA 3004(y)'; authority_type='act_relative'; parse_status='corroborated'; act_key='resource conservation and recovery act of 1976'; act_section='3004'; act_resolution_reason='act_section_not_classified'; corroboration_rule='second-authority-behind-a-slash:agency-roster-initialism'; authority_in_own_cfr_note='absent'; cfr_note_part='40 CFR 260'; authority_source='box'	42 USC 6924(y)/RCRA 3004(y)
ADDED	2050-AD90	199610	0	1	(no row) -> rin='2050-AD90'; publication_id='199610'; ordinal=0; authority_text='42 USC 6924(y)/RCRA 3004(y)'; authority_type='act_relative'; parse_status='corroborated'; act_key='resource conservation and recovery act of 1976'; act_section='3004'; act_resolution_reason='act_section_not_classified'; corroboration_rule='second-authority-behind-a-slash:agency-roster-initialism'; authority_in_own_cfr_note='absent'; cfr_note_part='40 CFR 260'; authority_source='box'	42 USC 6924(y)/RCRA 3004(y)
ADDED	2050-AD90	199704	0	1	(no row) -> rin='2050-AD90'; publication_id='199704'; ordinal=0; authority_text='42 USC 6924(y)/RCRA 3004(y)'; authority_type='act_relative'; parse_status='corroborated'; act_key='resource conservation and recovery act of 1976'; act_section='3004'; act_resolution_reason='act_section_not_classified'; corroboration_rule='second-authority-behind-a-slash:agency-roster-initialism'; authority_in_own_cfr_note='absent'; cfr_note_part='40 CFR 260'; authority_source='box'	42 USC 6924(y)/RCRA 3004(y)
ADDED	2050-AD91	199510	0	1	(no row) -> rin='2050-AD91'; publication_id='199510'; ordinal=0; authority_text='42 USC 6921(b)(3)(C)/RCRA 3001(b)(3)(C)'; authority_type='act_relative'; parse_status='corroborated'; act_key='resource conservation and recovery act of 1976'; act_section='3001'; act_resolution_reason='act_section_not_classified'; corroboration_rule='second-authority-behind-a-slash:agency-roster-initialism'; authority_source='box'	42 USC 6921(b)(3)(C)/RCRA 3001(b)(3)(C)
ADDED	2050-AD91	199604	0	1	(no row) -> rin='2050-AD91'; publication_id='199604'; ordinal=0; authority_text='42 USC 6921(b)(3)(C)/RCRA 3001(b)(3)(C)'; authority_type='act_relative'; parse_status='corroborated'; act_key='resource conservation and recovery act of 1976'; act_section='3001'; act_resolution_reason='act_section_not_classified'; corroboration_rule='second-authority-behind-a-slash:agency-roster-initialism'; authority_source='box'	42 USC 6921(b)(3)(C)/RCRA 3001(b)(3)(C)
ADDED	2050-AD91	199610	0	1	(no row) -> rin='2050-AD91'; publication_id='199610'; ordinal=0; authority_text='42 USC 6921(b)(3)(C)/RCRA 3001(b)(3)(C)'; authority_type='act_relative'; parse_status='corroborated'; act_key='resource conservation and recovery act of 1976'; act_section='3001'; act_resolution_reason='act_section_not_classified'; corroboration_rule='second-authority-behind-a-slash:agency-roster-initialism'; authority_source='box'	42 USC 6921(b)(3)(C)/RCRA 3001(b)(3)(C)
ADDED	2050-AD91	199704	0	1	(no row) -> rin='2050-AD91'; publication_id='199704'; ordinal=0; authority_text='42 USC 6921(b)(3)(C)/RCRA 3001(b)(3)(C)'; authority_type='act_relative'; parse_status='corroborated'; act_key='resource conservation and recovery act of 1976'; act_section='3001'; act_resolution_reason='act_section_not_classified'; corroboration_rule='second-authority-behind-a-slash:agency-roster-initialism'; authority_source='box'	42 USC 6921(b)(3)(C)/RCRA 3001(b)(3)(C)
ADDED	2050-AD97	199510	0	1	(no row) -> rin='2050-AD97'; publication_id='199510'; ordinal=0; authority_text='42 USC 6905/RCRA 1006'; authority_type='act_relative'; parse_status='corroborated'; act_key='resource conservation and recovery act of 1976'; act_section='1006'; act_resolution_reason='act_section_not_classified'; corroboration_rule='second-authority-behind-a-slash:agency-roster-initialism'; authority_in_own_cfr_note='absent'; cfr_note_part='40 CFR 270'; authority_source='box'	42 USC 6905/RCRA 1006
ADDED	2050-AD97	199510	2	1	(no row) -> rin='2050-AD97'; publication_id='199510'; ordinal=2; authority_text='42 USC 6924/RCRA 3004'; authority_type='act_relative'; parse_status='corroborated'; act_key='resource conservation and recovery act of 1976'; act_section='3004'; act_resolution_reason='act_section_not_classified'; corroboration_rule='second-authority-behind-a-slash:agency-roster-initialism'; authority_in_own_cfr_note='absent'; cfr_note_part='40 CFR 270'; authority_source='box'	42 USC 6924/RCRA 3004
ADDED	2050-AD97	199510	3	1	(no row) -> rin='2050-AD97'; publication_id='199510'; ordinal=3; authority_text='42 USC 6925/RCRA 3005'; authority_type='act_relative'; parse_status='corroborated'; act_key='resource conservation and recovery act of 1976'; act_section='3005'; act_resolution_reason='act_section_not_classified'; corroboration_rule='second-authority-behind-a-slash:agency-roster-initialism'; authority_in_own_cfr_note='absent'; cfr_note_part='40 CFR 270'; authority_source='box'	42 USC 6925/RCRA 3005
ADDED	2050-AD97	199510	4	1	(no row) -> rin='2050-AD97'; publication_id='199510'; ordinal=4; authority_text='42 USC 6927/RCRA 3007'; authority_type='act_relative'; parse_status='corroborated'; act_key='resource conservation and recovery act of 1976'; act_section='3007'; act_resolution_reason='act_section_not_classified'; corroboration_rule='second-authority-behind-a-slash:agency-roster-initialism'; authority_in_own_cfr_note='absent'; cfr_note_part='40 CFR 270'; authority_source='box'	42 USC 6927/RCRA 3007
ADDED	2050-AD97	199604	0	1	(no row) -> rin='2050-AD97'; publication_id='199604'; ordinal=0; authority_text='42 USC 6905/RCRA 1006'; authority_type='act_relative'; parse_status='corroborated'; act_key='resource conservation and recovery act of 1976'; act_section='1006'; act_resolution_reason='act_section_not_classified'; corroboration_rule='second-authority-behind-a-slash:agency-roster-initialism'; authority_in_own_cfr_note='absent'; cfr_note_part='40 CFR 270'; authority_source='box'	42 USC 6905/RCRA 1006
ADDED	2050-AD97	199604	2	1	(no row) -> rin='2050-AD97'; publication_id='199604'; ordinal=2; authority_text='42 USC 6924/RCRA 3004'; authority_type='act_relative'; parse_status='corroborated'; act_key='resource conservation and recovery act of 1976'; act_section='3004'; act_resolution_reason='act_section_not_classified'; corroboration_rule='second-authority-behind-a-slash:agency-roster-initialism'; authority_in_own_cfr_note='absent'; cfr_note_part='40 CFR 270'; authority_source='box'	42 USC 6924/RCRA 3004
ADDED	2050-AD97	199604	3	1	(no row) -> rin='2050-AD97'; publication_id='199604'; ordinal=3; authority_text='42 USC 6925/RCRA 3005'; authority_type='act_relative'; parse_status='corroborated'; act_key='resource conservation and recovery act of 1976'; act_section='3005'; act_resolution_reason='act_section_not_classified'; corroboration_rule='second-authority-behind-a-slash:agency-roster-initialism'; authority_in_own_cfr_note='absent'; cfr_note_part='40 CFR 270'; authority_source='box'	42 USC 6925/RCRA 3005
ADDED	2050-AD97	199604	4	1	(no row) -> rin='2050-AD97'; publication_id='199604'; ordinal=4; authority_text='42 USC 6927/RCRA 3007'; authority_type='act_relative'; parse_status='corroborated'; act_key='resource conservation and recovery act of 1976'; act_section='3007'; act_resolution_reason='act_section_not_classified'; corroboration_rule='second-authority-behind-a-slash:agency-roster-initialism'; authority_in_own_cfr_note='absent'; cfr_note_part='40 CFR 270'; authority_source='box'	42 USC 6927/RCRA 3007
ADDED	2050-AE01	199604	0	1	(no row) -> rin='2050-AE01'; publication_id='199604'; ordinal=0; authority_text='42 USC 6924/RCRA 3004'; authority_type='act_relative'; parse_status='corroborated'; act_key='resource conservation and recovery act of 1976'; act_section='3004'; act_resolution_reason='act_section_not_classified'; corroboration_rule='second-authority-behind-a-slash:agency-roster-initialism'; authority_in_own_cfr_note='absent'; cfr_note_part='40 CFR 60'; authority_source='box'	42 USC 6924/RCRA 3004
ADDED	2050-AE01	199604	1	1	(no row) -> rin='2050-AE01'; publication_id='199604'; ordinal=1; authority_text='42 USC 6925/RCRA 3005'; authority_type='act_relative'; parse_status='corroborated'; act_key='resource conservation and recovery act of 1976'; act_section='3005'; act_resolution_reason='act_section_not_classified'; corroboration_rule='second-authority-behind-a-slash:agency-roster-initialism'; authority_in_own_cfr_note='absent'; cfr_note_part='40 CFR 60'; authority_source='box'	42 USC 6925/RCRA 3005
ADDED	2050-AE01	199610	0	1	(no row) -> rin='2050-AE01'; publication_id='199610'; ordinal=0; authority_text='42 USC 6924/RCRA 3004'; authority_type='act_relative'; parse_status='corroborated'; act_key='resource conservation and recovery act of 1976'; act_section='3004'; act_resolution_reason='act_section_not_classified'; corroboration_rule='second-authority-behind-a-slash:agency-roster-initialism'; authority_in_own_cfr_note='absent'; cfr_note_part='40 CFR 60'; authority_source='box'	42 USC 6924/RCRA 3004
ADDED	2050-AE01	199610	1	1	(no row) -> rin='2050-AE01'; publication_id='199610'; ordinal=1; authority_text='42 USC 6925/RCRA 3005'; authority_type='act_relative'; parse_status='corroborated'; act_key='resource conservation and recovery act of 1976'; act_section='3005'; act_resolution_reason='act_section_not_classified'; corroboration_rule='second-authority-behind-a-slash:agency-roster-initialism'; authority_in_own_cfr_note='absent'; cfr_note_part='40 CFR 60'; authority_source='box'	42 USC 6925/RCRA 3005
ADDED	2050-AE01	199704	0	1	(no row) -> rin='2050-AE01'; publication_id='199704'; ordinal=0; authority_text='42 USC 6924/RCRA 3004'; authority_type='act_relative'; parse_status='corroborated'; act_key='resource conservation and recovery act of 1976'; act_section='3004'; act_resolution_reason='act_section_not_classified'; corroboration_rule='second-authority-behind-a-slash:agency-roster-initialism'; authority_in_own_cfr_note='absent'; cfr_note_part='40 CFR 60'; authority_source='box'	42 USC 6924/RCRA 3004
ADDED	2050-AE01	199704	1	1	(no row) -> rin='2050-AE01'; publication_id='199704'; ordinal=1; authority_text='42 USC 6925/RCRA 3005'; authority_type='act_relative'; parse_status='corroborated'; act_key='resource conservation and recovery act of 1976'; act_section='3005'; act_resolution_reason='act_section_not_classified'; corroboration_rule='second-authority-behind-a-slash:agency-roster-initialism'; authority_in_own_cfr_note='absent'; cfr_note_part='40 CFR 60'; authority_source='box'	42 USC 6925/RCRA 3005
ADDED	2050-AE02	199510	0	1	(no row) -> rin='2050-AE02'; publication_id='199510'; ordinal=0; authority_text='42 USC 6921/RCRA 3001(b)(3)(A)(iii)'; authority_type='act_relative'; parse_status='corroborated'; act_key='resource conservation and recovery act of 1976'; act_section='3001'; act_resolution_reason='act_section_not_classified'; corroboration_rule='second-authority-behind-a-slash:agency-roster-initialism'; authority_source='box'	42 USC 6921/RCRA 3001(b)(3)(A)(iii)
ADDED	2050-AE02	199604	0	1	(no row) -> rin='2050-AE02'; publication_id='199604'; ordinal=0; authority_text='42 USC 6921/RCRA 3001(b)(3)(A)(iii)'; authority_type='act_relative'; parse_status='corroborated'; act_key='resource conservation and recovery act of 1976'; act_section='3001'; act_resolution_reason='act_section_not_classified'; corroboration_rule='second-authority-behind-a-slash:agency-roster-initialism'; authority_source='box'	42 USC 6921/RCRA 3001(b)(3)(A)(iii)
ADDED	2050-AE05	199604	0	1	(no row) -> rin='2050-AE05'; publication_id='199604'; ordinal=0; authority_text='42 USC 6905/RCRA 1006'; authority_type='act_relative'; parse_status='corroborated'; act_key='resource conservation and recovery act of 1976'; act_section='1006'; act_resolution_reason='act_section_not_classified'; corroboration_rule='second-authority-behind-a-slash:agency-roster-initialism'; authority_in_own_cfr_note='absent'; cfr_note_part='40 CFR 268'; authority_source='box'	42 USC 6905/RCRA 1006
ADDED	2050-AE05	199604	1	1	(no row) -> rin='2050-AE05'; publication_id='199604'; ordinal=1; authority_text='42 USC 6912(a)/RCRA 2002(a)'; authority_type='act_relative'; parse_status='corroborated'; act_key='resource conservation and recovery act of 1976'; act_section='2002'; act_resolution_reason='act_section_not_classified'; corroboration_rule='second-authority-behind-a-slash:agency-roster-initialism'; authority_in_own_cfr_note='absent'; cfr_note_part='40 CFR 268'; authority_source='box'	42 USC 6912(a)/RCRA 2002(a)
ADDED	2050-AE05	199604	2	1	(no row) -> rin='2050-AE05'; publication_id='199604'; ordinal=2; authority_text='42 USC 6921/RCRA 3001'; authority_type='act_relative'; parse_status='corroborated'; act_key='resource conservation and recovery act of 1976'; act_section='3001'; act_resolution_reason='act_section_not_classified'; corroboration_rule='second-authority-behind-a-slash:agency-roster-initialism'; authority_in_own_cfr_note='absent'; cfr_note_part='40 CFR 268'; authority_source='box'	42 USC 6921/RCRA 3001
ADDED	2050-AE05	199604	3	1	(no row) -> rin='2050-AE05'; publication_id='199604'; ordinal=3; authority_text='42 USC 6924/RCRA 3004'; authority_type='act_relative'; parse_status='corroborated'; act_key='resource conservation and recovery act of 1976'; act_section='3004'; act_resolution_reason='act_section_not_classified'; corroboration_rule='second-authority-behind-a-slash:agency-roster-initialism'; authority_in_own_cfr_note='absent'; cfr_note_part='40 CFR 268'; authority_source='box'	42 USC 6924/RCRA 3004
ADDED	2050-AE05	199610	0	1	(no row) -> rin='2050-AE05'; publication_id='199610'; ordinal=0; authority_text='42 USC 6905/RCRA 1006'; authority_type='act_relative'; parse_status='corroborated'; act_key='resource conservation and recovery act of 1976'; act_section='1006'; act_resolution_reason='act_section_not_classified'; corroboration_rule='second-authority-behind-a-slash:agency-roster-initialism'; authority_in_own_cfr_note='absent'; cfr_note_part='40 CFR 148'; authority_source='box'	42 USC 6905/RCRA 1006
ADDED	2050-AE05	199610	1	1	(no row) -> rin='2050-AE05'; publication_id='199610'; ordinal=1; authority_text='42 USC 6912(a)/RCRA 2002(a)'; authority_type='act_relative'; parse_status='corroborated'; act_key='resource conservation and recovery act of 1976'; act_section='2002'; act_resolution_reason='act_section_not_classified'; corroboration_rule='second-authority-behind-a-slash:agency-roster-initialism'; authority_in_own_cfr_note='absent'; cfr_note_part='40 CFR 148'; authority_source='box'	42 USC 6912(a)/RCRA 2002(a)
ADDED	2050-AE05	199610	2	1	(no row) -> rin='2050-AE05'; publication_id='199610'; ordinal=2; authority_text='42 USC 6921/RCRA 3001'; authority_type='act_relative'; parse_status='corroborated'; act_key='resource conservation and recovery act of 1976'; act_section='3001'; act_resolution_reason='act_section_not_classified'; corroboration_rule='second-authority-behind-a-slash:agency-roster-initialism'; authority_in_own_cfr_note='absent'; cfr_note_part='40 CFR 148'; authority_source='box'	42 USC 6921/RCRA 3001
ADDED	2050-AE05	199610	3	1	(no row) -> rin='2050-AE05'; publication_id='199610'; ordinal=3; authority_text='42 USC 6924/RCRA 3004'; authority_type='act_relative'; parse_status='corroborated'; act_key='resource conservation and recovery act of 1976'; act_section='3004'; act_resolution_reason='act_section_not_classified'; corroboration_rule='second-authority-behind-a-slash:agency-roster-initialism'; authority_in_own_cfr_note='absent'; cfr_note_part='40 CFR 148'; authority_source='box'	42 USC 6924/RCRA 3004
ADDED	2050-AE05	199704	0	1	(no row) -> rin='2050-AE05'; publication_id='199704'; ordinal=0; authority_text='42 USC 6905/RCRA 1006'; authority_type='act_relative'; parse_status='corroborated'; act_key='resource conservation and recovery act of 1976'; act_section='1006'; act_resolution_reason='act_section_not_classified'; corroboration_rule='second-authority-behind-a-slash:agency-roster-initialism'; authority_in_own_cfr_note='absent'; cfr_note_part='40 CFR 148'; authority_source='box'	42 USC 6905/RCRA 1006
ADDED	2050-AE05	199704	1	1	(no row) -> rin='2050-AE05'; publication_id='199704'; ordinal=1; authority_text='42 USC 6912(a)/RCRA 2002(a)'; authority_type='act_relative'; parse_status='corroborated'; act_key='resource conservation and recovery act of 1976'; act_section='2002'; act_resolution_reason='act_section_not_classified'; corroboration_rule='second-authority-behind-a-slash:agency-roster-initialism'; authority_in_own_cfr_note='absent'; cfr_note_part='40 CFR 148'; authority_source='box'	42 USC 6912(a)/RCRA 2002(a)
ADDED	2050-AE05	199704	2	1	(no row) -> rin='2050-AE05'; publication_id='199704'; ordinal=2; authority_text='42 USC 6921/RCRA 3001'; authority_type='act_relative'; parse_status='corroborated'; act_key='resource conservation and recovery act of 1976'; act_section='3001'; act_resolution_reason='act_section_not_classified'; corroboration_rule='second-authority-behind-a-slash:agency-roster-initialism'; authority_in_own_cfr_note='absent'; cfr_note_part='40 CFR 148'; authority_source='box'	42 USC 6921/RCRA 3001
ADDED	2050-AE05	199704	3	1	(no row) -> rin='2050-AE05'; publication_id='199704'; ordinal=3; authority_text='42 USC 6924/RCRA 3004'; authority_type='act_relative'; parse_status='corroborated'; act_key='resource conservation and recovery act of 1976'; act_section='3004'; act_resolution_reason='act_section_not_classified'; corroboration_rule='second-authority-behind-a-slash:agency-roster-initialism'; authority_in_own_cfr_note='absent'; cfr_note_part='40 CFR 148'; authority_source='box'	42 USC 6924/RCRA 3004
ADDED	2050-AE07	199604	1	1	(no row) -> rin='2050-AE07'; publication_id='199604'; ordinal=1; authority_text='42 USC 6912(a)/RCRA 2002(a)'; authority_type='act_relative'; parse_status='corroborated'; act_key='resource conservation and recovery act of 1976'; act_section='2002'; act_resolution_reason='act_section_not_classified'; corroboration_rule='second-authority-behind-a-slash:agency-roster-initialism'; authority_in_own_cfr_note='absent'; cfr_note_part='40 CFR 260'; authority_source='box'	42 USC 6912(a)/RCRA 2002(a)
ADDED	2050-AE07	199604	2	1	(no row) -> rin='2050-AE07'; publication_id='199604'; ordinal=2; authority_text='42 USC 6921/RCRA 3001'; authority_type='act_relative'; parse_status='corroborated'; act_key='resource conservation and recovery act of 1976'; act_section='3001'; act_resolution_reason='act_section_not_classified'; corroboration_rule='second-authority-behind-a-slash:agency-roster-initialism'; authority_in_own_cfr_note='absent'; cfr_note_part='40 CFR 260'; authority_source='box'	42 USC 6921/RCRA 3001
ADDED	2050-AE07	199604	3	1	(no row) -> rin='2050-AE07'; publication_id='199604'; ordinal=3; authority_text='42 USC 6922/RCRA 3002'; authority_type='act_relative'; parse_status='corroborated'; act_key='resource conservation and recovery act of 1976'; act_section='3002'; act_resolution_reason='act_section_not_classified'; corroboration_rule='second-authority-behind-a-slash:agency-roster-initialism'; authority_in_own_cfr_note='absent'; cfr_note_part='40 CFR 260'; authority_source='box'	42 USC 6922/RCRA 3002
ADDED	2050-AE07	199604	4	1	(no row) -> rin='2050-AE07'; publication_id='199604'; ordinal=4; authority_text='42 USC 6926/RCRA 3006'; authority_type='act_relative'; parse_status='corroborated'; act_key='resource conservation and recovery act of 1976'; act_section='3006'; act_resolution_reason='act_section_not_classified'; corroboration_rule='second-authority-behind-a-slash:agency-roster-initialism'; authority_in_own_cfr_note='absent'; cfr_note_part='40 CFR 260'; authority_source='box'	42 USC 6926/RCRA 3006
ADDED	2050-AE07	199610	1	1	(no row) -> rin='2050-AE07'; publication_id='199610'; ordinal=1; authority_text='42 USC 6912(a)/RCRA 2002(a)'; authority_type='act_relative'; parse_status='corroborated'; act_key='resource conservation and recovery act of 1976'; act_section='2002'; act_resolution_reason='act_section_not_classified'; corroboration_rule='second-authority-behind-a-slash:agency-roster-initialism'; authority_in_own_cfr_note='absent'; cfr_note_part='40 CFR 260'; authority_source='box'	42 USC 6912(a)/RCRA 2002(a)
ADDED	2050-AE07	199610	2	1	(no row) -> rin='2050-AE07'; publication_id='199610'; ordinal=2; authority_text='42 USC 6921/RCRA 3001'; authority_type='act_relative'; parse_status='corroborated'; act_key='resource conservation and recovery act of 1976'; act_section='3001'; act_resolution_reason='act_section_not_classified'; corroboration_rule='second-authority-behind-a-slash:agency-roster-initialism'; authority_in_own_cfr_note='absent'; cfr_note_part='40 CFR 260'; authority_source='box'	42 USC 6921/RCRA 3001
ADDED	2050-AE07	199610	3	1	(no row) -> rin='2050-AE07'; publication_id='199610'; ordinal=3; authority_text='42 USC 6922/RCRA 3002'; authority_type='act_relative'; parse_status='corroborated'; act_key='resource conservation and recovery act of 1976'; act_section='3002'; act_resolution_reason='act_section_not_classified'; corroboration_rule='second-authority-behind-a-slash:agency-roster-initialism'; authority_in_own_cfr_note='absent'; cfr_note_part='40 CFR 260'; authority_source='box'	42 USC 6922/RCRA 3002
ADDED	2050-AE07	199610	4	1	(no row) -> rin='2050-AE07'; publication_id='199610'; ordinal=4; authority_text='42 USC 6926/RCRA 3006'; authority_type='act_relative'; parse_status='corroborated'; act_key='resource conservation and recovery act of 1976'; act_section='3006'; act_resolution_reason='act_section_not_classified'; corroboration_rule='second-authority-behind-a-slash:agency-roster-initialism'; authority_in_own_cfr_note='absent'; cfr_note_part='40 CFR 260'; authority_source='box'	42 USC 6926/RCRA 3006
ADDED	2050-AE07	199704	1	1	(no row) -> rin='2050-AE07'; publication_id='199704'; ordinal=1; authority_text='42 USC 6912(a)/RCRA 2002(a)'; authority_type='act_relative'; parse_status='corroborated'; act_key='resource conservation and recovery act of 1976'; act_section='2002'; act_resolution_reason='act_section_not_classified'; corroboration_rule='second-authority-behind-a-slash:agency-roster-initialism'; authority_in_own_cfr_note='absent'; cfr_note_part='40 CFR 260'; authority_source='box'	42 USC 6912(a)/RCRA 2002(a)
ADDED	2050-AE07	199704	2	1	(no row) -> rin='2050-AE07'; publication_id='199704'; ordinal=2; authority_text='42 USC 6921/RCRA 3001'; authority_type='act_relative'; parse_status='corroborated'; act_key='resource conservation and recovery act of 1976'; act_section='3001'; act_resolution_reason='act_section_not_classified'; corroboration_rule='second-authority-behind-a-slash:agency-roster-initialism'; authority_in_own_cfr_note='absent'; cfr_note_part='40 CFR 260'; authority_source='box'	42 USC 6921/RCRA 3001
ADDED	2050-AE07	199704	3	1	(no row) -> rin='2050-AE07'; publication_id='199704'; ordinal=3; authority_text='42 USC 6922/RCRA 3002'; authority_type='act_relative'; parse_status='corroborated'; act_key='resource conservation and recovery act of 1976'; act_section='3002'; act_resolution_reason='act_section_not_classified'; corroboration_rule='second-authority-behind-a-slash:agency-roster-initialism'; authority_in_own_cfr_note='absent'; cfr_note_part='40 CFR 260'; authority_source='box'	42 USC 6922/RCRA 3002
ADDED	2050-AE07	199704	4	1	(no row) -> rin='2050-AE07'; publication_id='199704'; ordinal=4; authority_text='42 USC 6926/RCRA 3006'; authority_type='act_relative'; parse_status='corroborated'; act_key='resource conservation and recovery act of 1976'; act_section='3006'; act_resolution_reason='act_section_not_classified'; corroboration_rule='second-authority-behind-a-slash:agency-roster-initialism'; authority_in_own_cfr_note='absent'; cfr_note_part='40 CFR 260'; authority_source='box'	42 USC 6926/RCRA 3006
ADDED	2050-AE11	199604	0	1	(no row) -> rin='2050-AE11'; publication_id='199604'; ordinal=0; authority_text='42 USC 6907/RCRA 1008'; authority_type='act_relative'; parse_status='corroborated'; act_key='resource conservation and recovery act of 1976'; act_section='1008'; act_resolution_reason='act_section_not_classified'; corroboration_rule='second-authority-behind-a-slash:agency-roster-initialism'; authority_in_own_cfr_note='absent'; cfr_note_part='40 CFR 257'; authority_source='box'	42 USC 6907/RCRA 1008
ADDED	2050-AE11	199604	1	1	(no row) -> rin='2050-AE11'; publication_id='199604'; ordinal=1; authority_text='33 USC 1345/RCRA 4010'; authority_type='act_relative'; parse_status='corroborated'; act_key='resource conservation and recovery act of 1976'; act_section='4010'; act_resolution_reason='act_section_not_classified'; corroboration_rule='second-authority-behind-a-slash:agency-roster-initialism'; authority_in_own_cfr_note='absent'; cfr_note_part='40 CFR 257'; authority_source='box'	33 USC 1345/RCRA 4010
ADDED	2050-AE11	199604	2	1	(no row) -> rin='2050-AE11'; publication_id='199604'; ordinal=2; authority_text='42 USC 6944/RCRA 4004'; authority_type='act_relative'; parse_status='corroborated'; act_key='resource conservation and recovery act of 1976'; act_section='4004'; act_resolution_reason='act_section_not_classified'; corroboration_rule='second-authority-behind-a-slash:agency-roster-initialism'; authority_in_own_cfr_note='absent'; cfr_note_part='40 CFR 257'; authority_source='box'	42 USC 6944/RCRA 4004
ADDED	2050-AE11	199610	0	1	(no row) -> rin='2050-AE11'; publication_id='199610'; ordinal=0; authority_text='42 USC 6907/RCRA 1008'; authority_type='act_relative'; parse_status='corroborated'; act_key='resource conservation and recovery act of 1976'; act_section='1008'; act_resolution_reason='act_section_not_classified'; corroboration_rule='second-authority-behind-a-slash:agency-roster-initialism'; authority_in_own_cfr_note='absent'; cfr_note_part='40 CFR 257'; authority_source='box'	42 USC 6907/RCRA 1008
ADDED	2050-AE11	199610	1	1	(no row) -> rin='2050-AE11'; publication_id='199610'; ordinal=1; authority_text='33 USC 1345/RCRA 4010'; authority_type='act_relative'; parse_status='corroborated'; act_key='resource conservation and recovery act of 1976'; act_section='4010'; act_resolution_reason='act_section_not_classified'; corroboration_rule='second-authority-behind-a-slash:agency-roster-initialism'; authority_in_own_cfr_note='absent'; cfr_note_part='40 CFR 257'; authority_source='box'	33 USC 1345/RCRA 4010
ADDED	2050-AE11	199610	2	1	(no row) -> rin='2050-AE11'; publication_id='199610'; ordinal=2; authority_text='42 USC 6944/RCRA 4004'; authority_type='act_relative'; parse_status='corroborated'; act_key='resource conservation and recovery act of 1976'; act_section='4004'; act_resolution_reason='act_section_not_classified'; corroboration_rule='second-authority-behind-a-slash:agency-roster-initialism'; authority_in_own_cfr_note='absent'; cfr_note_part='40 CFR 257'; authority_source='box'	42 USC 6944/RCRA 4004
ADDED	2050-AE14	199510	1	1	(no row) -> rin='2050-AE14'; publication_id='199510'; ordinal=1; authority_text='42 USC 6921/RCRA 3001'; authority_type='act_relative'; parse_status='corroborated'; act_key='resource conservation and recovery act of 1976'; act_section='3001'; act_resolution_reason='act_section_not_classified'; corroboration_rule='second-authority-behind-a-slash:agency-roster-initialism'; authority_in_own_cfr_note='absent'; cfr_note_part='40 CFR 260'; authority_source='box'	42 USC 6921/RCRA 3001
ADDED	2050-AE14	199510	2	1	(no row) -> rin='2050-AE14'; publication_id='199510'; ordinal=2; authority_text='42 USC 6924/RCRA 3004'; authority_type='act_relative'; parse_status='corroborated'; act_key='resource conservation and recovery act of 1976'; act_section='3004'; act_resolution_reason='act_section_not_classified'; corroboration_rule='second-authority-behind-a-slash:agency-roster-initialism'; authority_in_own_cfr_note='absent'; cfr_note_part='40 CFR 260'; authority_source='box'	42 USC 6924/RCRA 3004
ADDED	2050-AE14	199510	3	1	(no row) -> rin='2050-AE14'; publication_id='199510'; ordinal=3; authority_text='42 USC 6925/RCRA 3005'; authority_type='act_relative'; parse_status='corroborated'; act_key='resource conservation and recovery act of 1976'; act_section='3005'; act_resolution_reason='act_section_not_classified'; corroboration_rule='second-authority-behind-a-slash:agency-roster-initialism'; authority_in_own_cfr_note='absent'; cfr_note_part='40 CFR 260'; authority_source='box'	42 USC 6925/RCRA 3005
ADDED	2050-AE14	199510	4	1	(no row) -> rin='2050-AE14'; publication_id='199510'; ordinal=4; authority_text='42 USC 6926/RCRA 3006'; authority_type='act_relative'; parse_status='corroborated'; act_key='resource conservation and recovery act of 1976'; act_section='3006'; act_resolution_reason='act_section_not_classified'; corroboration_rule='second-authority-behind-a-slash:agency-roster-initialism'; authority_in_own_cfr_note='absent'; cfr_note_part='40 CFR 260'; authority_source='box'	42 USC 6926/RCRA 3006
ADDED	2050-AE14	199604	1	1	(no row) -> rin='2050-AE14'; publication_id='199604'; ordinal=1; authority_text='42 USC 6921/RCRA 3001'; authority_type='act_relative'; parse_status='corroborated'; act_key='resource conservation and recovery act of 1976'; act_section='3001'; act_resolution_reason='act_section_not_classified'; corroboration_rule='second-authority-behind-a-slash:agency-roster-initialism'; authority_in_own_cfr_note='absent'; cfr_note_part='40 CFR 260'; authority_source='box'	42 USC 6921/RCRA 3001
ADDED	2050-AE14	199604	2	1	(no row) -> rin='2050-AE14'; publication_id='199604'; ordinal=2; authority_text='42 USC 6924/RCRA 3004'; authority_type='act_relative'; parse_status='corroborated'; act_key='resource conservation and recovery act of 1976'; act_section='3004'; act_resolution_reason='act_section_not_classified'; corroboration_rule='second-authority-behind-a-slash:agency-roster-initialism'; authority_in_own_cfr_note='absent'; cfr_note_part='40 CFR 260'; authority_source='box'	42 USC 6924/RCRA 3004
ADDED	2050-AE14	199604	3	1	(no row) -> rin='2050-AE14'; publication_id='199604'; ordinal=3; authority_text='42 USC 6925/RCRA 3005'; authority_type='act_relative'; parse_status='corroborated'; act_key='resource conservation and recovery act of 1976'; act_section='3005'; act_resolution_reason='act_section_not_classified'; corroboration_rule='second-authority-behind-a-slash:agency-roster-initialism'; authority_in_own_cfr_note='absent'; cfr_note_part='40 CFR 260'; authority_source='box'	42 USC 6925/RCRA 3005
ADDED	2050-AE14	199604	4	1	(no row) -> rin='2050-AE14'; publication_id='199604'; ordinal=4; authority_text='42 USC 6926/RCRA 3006'; authority_type='act_relative'; parse_status='corroborated'; act_key='resource conservation and recovery act of 1976'; act_section='3006'; act_resolution_reason='act_section_not_classified'; corroboration_rule='second-authority-behind-a-slash:agency-roster-initialism'; authority_in_own_cfr_note='absent'; cfr_note_part='40 CFR 260'; authority_source='box'	42 USC 6926/RCRA 3006
ADDED	2050-AE14	199610	1	1	(no row) -> rin='2050-AE14'; publication_id='199610'; ordinal=1; authority_text='42 USC 6921/RCRA 3001'; authority_type='act_relative'; parse_status='corroborated'; act_key='resource conservation and recovery act of 1976'; act_section='3001'; act_resolution_reason='act_section_not_classified'; corroboration_rule='second-authority-behind-a-slash:agency-roster-initialism'; authority_in_own_cfr_note='absent'; cfr_note_part='40 CFR 260'; authority_source='box'	42 USC 6921/RCRA 3001
ADDED	2050-AE14	199610	2	1	(no row) -> rin='2050-AE14'; publication_id='199610'; ordinal=2; authority_text='42 USC 6924/RCRA 3004'; authority_type='act_relative'; parse_status='corroborated'; act_key='resource conservation and recovery act of 1976'; act_section='3004'; act_resolution_reason='act_section_not_classified'; corroboration_rule='second-authority-behind-a-slash:agency-roster-initialism'; authority_in_own_cfr_note='absent'; cfr_note_part='40 CFR 260'; authority_source='box'	42 USC 6924/RCRA 3004
ADDED	2050-AE14	199610	3	1	(no row) -> rin='2050-AE14'; publication_id='199610'; ordinal=3; authority_text='42 USC 6925/RCRA 3005'; authority_type='act_relative'; parse_status='corroborated'; act_key='resource conservation and recovery act of 1976'; act_section='3005'; act_resolution_reason='act_section_not_classified'; corroboration_rule='second-authority-behind-a-slash:agency-roster-initialism'; authority_in_own_cfr_note='absent'; cfr_note_part='40 CFR 260'; authority_source='box'	42 USC 6925/RCRA 3005
ADDED	2050-AE14	199610	4	1	(no row) -> rin='2050-AE14'; publication_id='199610'; ordinal=4; authority_text='42 USC 6926/RCRA 3006'; authority_type='act_relative'; parse_status='corroborated'; act_key='resource conservation and recovery act of 1976'; act_section='3006'; act_resolution_reason='act_section_not_classified'; corroboration_rule='second-authority-behind-a-slash:agency-roster-initialism'; authority_in_own_cfr_note='absent'; cfr_note_part='40 CFR 260'; authority_source='box'	42 USC 6926/RCRA 3006
ADDED	2050-AE14	199704	1	1	(no row) -> rin='2050-AE14'; publication_id='199704'; ordinal=1; authority_text='42 USC 6921/RCRA 3001'; authority_type='act_relative'; parse_status='corroborated'; act_key='resource conservation and recovery act of 1976'; act_section='3001'; act_resolution_reason='act_section_not_classified'; corroboration_rule='second-authority-behind-a-slash:agency-roster-initialism'; authority_in_own_cfr_note='absent'; cfr_note_part='40 CFR 260'; authority_source='box'	42 USC 6921/RCRA 3001
ADDED	2050-AE14	199704	2	1	(no row) -> rin='2050-AE14'; publication_id='199704'; ordinal=2; authority_text='42 USC 6924/RCRA 3004'; authority_type='act_relative'; parse_status='corroborated'; act_key='resource conservation and recovery act of 1976'; act_section='3004'; act_resolution_reason='act_section_not_classified'; corroboration_rule='second-authority-behind-a-slash:agency-roster-initialism'; authority_in_own_cfr_note='absent'; cfr_note_part='40 CFR 260'; authority_source='box'	42 USC 6924/RCRA 3004
ADDED	2050-AE14	199704	3	1	(no row) -> rin='2050-AE14'; publication_id='199704'; ordinal=3; authority_text='42 USC 6925/RCRA 3005'; authority_type='act_relative'; parse_status='corroborated'; act_key='resource conservation and recovery act of 1976'; act_section='3005'; act_resolution_reason='act_section_not_classified'; corroboration_rule='second-authority-behind-a-slash:agency-roster-initialism'; authority_in_own_cfr_note='absent'; cfr_note_part='40 CFR 260'; authority_source='box'	42 USC 6925/RCRA 3005
ADDED	2050-AE14	199704	4	1	(no row) -> rin='2050-AE14'; publication_id='199704'; ordinal=4; authority_text='42 USC 6926/RCRA 3006'; authority_type='act_relative'; parse_status='corroborated'; act_key='resource conservation and recovery act of 1976'; act_section='3006'; act_resolution_reason='act_section_not_classified'; corroboration_rule='second-authority-behind-a-slash:agency-roster-initialism'; authority_in_own_cfr_note='absent'; cfr_note_part='40 CFR 260'; authority_source='box'	42 USC 6926/RCRA 3006
ADDED	2050-AE15	199604	1	1	(no row) -> rin='2050-AE15'; publication_id='199604'; ordinal=1; authority_text='42 USC 6912(a)/RCRA 2002(a)'; authority_type='act_relative'; parse_status='corroborated'; act_key='resource conservation and recovery act of 1976'; act_section='2002'; act_resolution_reason='act_section_not_classified'; corroboration_rule='second-authority-behind-a-slash:agency-roster-initialism'; authority_in_own_cfr_note='absent'; cfr_note_part='40 CFR 261'; authority_source='box'	42 USC 6912(a)/RCRA 2002(a)
ADDED	2050-AE15	199604	3	1	(no row) -> rin='2050-AE15'; publication_id='199604'; ordinal=3; authority_text='42 USC 6924/RCA 3004'; authority_type='act_relative'; parse_status='corroborated'; act_key='resource conservation and recovery act of 1976'; act_section='3004'; act_resolution_reason='act_section_not_classified'; corroboration_rule='second-authority-behind-a-slash:agency-roster-initialism'; authority_in_own_cfr_note='absent'; cfr_note_part='40 CFR 261'; authority_source='box'	42 USC 6924/RCA 3004
ADDED	2050-AE15	199610	1	1	(no row) -> rin='2050-AE15'; publication_id='199610'; ordinal=1; authority_text='42 USC 6912(a)/RCRA 2002(a)'; authority_type='act_relative'; parse_status='corroborated'; act_key='resource conservation and recovery act of 1976'; act_section='2002'; act_resolution_reason='act_section_not_classified'; corroboration_rule='second-authority-behind-a-slash:agency-roster-initialism'; authority_in_own_cfr_note='absent'; cfr_note_part='40 CFR 261'; authority_source='box'	42 USC 6912(a)/RCRA 2002(a)
ADDED	2050-AE15	199610	3	1	(no row) -> rin='2050-AE15'; publication_id='199610'; ordinal=3; authority_text='42 USC 6924/RCA 3004'; authority_type='act_relative'; parse_status='corroborated'; act_key='resource conservation and recovery act of 1976'; act_section='3004'; act_resolution_reason='act_section_not_classified'; corroboration_rule='second-authority-behind-a-slash:agency-roster-initialism'; authority_in_own_cfr_note='absent'; cfr_note_part='40 CFR 261'; authority_source='box'	42 USC 6924/RCA 3004
ADDED	2050-AE15	199704	6	1	(no row) -> rin='2050-AE15'; publication_id='199704'; ordinal=6; authority_text='42 USC 6912(a)/RCRA 2002(a)'; authority_type='act_relative'; parse_status='corroborated'; act_key='resource conservation and recovery act of 1976'; act_section='2002'; act_resolution_reason='act_section_not_classified'; corroboration_rule='second-authority-behind-a-slash:agency-roster-initialism'; authority_in_own_cfr_note='absent'; cfr_note_part='40 CFR 261'; authority_source='box'	42 USC 6912(a)/RCRA 2002(a)
ADDED	2050-AE15	199704	8	1	(no row) -> rin='2050-AE15'; publication_id='199704'; ordinal=8; authority_text='42 USC 6924/RCA 3004'; authority_type='act_relative'; parse_status='corroborated'; act_key='resource conservation and recovery act of 1976'; act_section='3004'; act_resolution_reason='act_section_not_classified'; corroboration_rule='second-authority-behind-a-slash:agency-roster-initialism'; authority_in_own_cfr_note='absent'; cfr_note_part='40 CFR 261'; authority_source='box'	42 USC 6924/RCA 3004
ADDED	2050-AE16	199510	0	1	(no row) -> rin='2050-AE16'; publication_id='199510'; ordinal=0; authority_text='42 USC 6912(a)/RCRA 6002(a)'; authority_type='act_relative'; parse_status='corroborated'; act_key='resource conservation and recovery act of 1976'; act_section='6002'; act_resolution_reason='act_section_not_classified'; corroboration_rule='second-authority-behind-a-slash:agency-roster-initialism'; authority_in_own_cfr_note='absent'; cfr_note_part='40 CFR 247'; authority_source='box'	42 USC 6912(a)/RCRA 6002(a)
ADDED	2050-AE18	199510	0	1	(no row) -> rin='2050-AE18'; publication_id='199510'; ordinal=0; authority_text='33 USC 1321/Clean Water Act'; authority_type='act_relative'; parse_status='corroborated'; act_key='clean water act'; act_resolution_reason='no_section_stated'; corroboration_rule='second-authority-behind-a-slash:index-holds-the-stated-name'; authority_in_own_cfr_note='absent'; cfr_note_part='40 CFR 112'; authority_source='box'	33 USC 1321/Clean Water Act
ADDED	2050-AE18	199604	0	1	(no row) -> rin='2050-AE18'; publication_id='199604'; ordinal=0; authority_text='33 USC 1321/Clean Water Act'; authority_type='act_relative'; parse_status='corroborated'; act_key='clean water act'; act_resolution_reason='no_section_stated'; corroboration_rule='second-authority-behind-a-slash:index-holds-the-stated-name'; authority_in_own_cfr_note='absent'; cfr_note_part='40 CFR 112'; authority_source='box'	33 USC 1321/Clean Water Act
ADDED	2050-AE18	199610	0	1	(no row) -> rin='2050-AE18'; publication_id='199610'; ordinal=0; authority_text='33 USC 1321/Clean Water Act'; authority_type='act_relative'; parse_status='corroborated'; act_key='clean water act'; act_resolution_reason='no_section_stated'; corroboration_rule='second-authority-behind-a-slash:index-holds-the-stated-name'; authority_in_own_cfr_note='absent'; cfr_note_part='40 CFR 112'; authority_source='box'	33 USC 1321/Clean Water Act
ADDED	2050-AE18	199704	0	1	(no row) -> rin='2050-AE18'; publication_id='199704'; ordinal=0; authority_text='33 USC 1321/Clean Water Act'; authority_type='act_relative'; parse_status='corroborated'; act_key='clean water act'; act_resolution_reason='no_section_stated'; corroboration_rule='second-authority-behind-a-slash:index-holds-the-stated-name'; authority_in_own_cfr_note='absent'; cfr_note_part='40 CFR 112'; authority_source='box'	33 USC 1321/Clean Water Act
ADDED	2050-AE19	199510	0	1	(no row) -> rin='2050-AE19'; publication_id='199510'; ordinal=0; authority_text='42 USC 9611(c)/CERCLA 119'; authority_type='act_relative'; parse_status='corroborated'; usc_title=42; usc_section='9619'; act_key='cercla'; act_section='119'; act_resolution_evidence='table3-classification'; usc_section_verdict='exists'; usc_section_attested_at_edition=True; corroboration_rule='second-authority-behind-a-slash:index-holds-a-bare-name-and-section'; authority_source='box'	42 USC 9611(c)/CERCLA 119
ADDED	2050-AE19	199604	0	1	(no row) -> rin='2050-AE19'; publication_id='199604'; ordinal=0; authority_text='42 USC 9611(c)/CERCLA 119'; authority_type='act_relative'; parse_status='corroborated'; usc_title=42; usc_section='9619'; act_key='cercla'; act_section='119'; act_resolution_evidence='table3-classification'; usc_section_verdict='exists'; usc_section_attested_at_edition=True; corroboration_rule='second-authority-behind-a-slash:index-holds-a-bare-name-and-section'; authority_source='box'	42 USC 9611(c)/CERCLA 119
ADDED	2050-AE21	199510	0	1	(no row) -> rin='2050-AE21'; publication_id='199510'; ordinal=0; authority_text='42 USC 6922/RCRA 3002(a)(5)'; authority_type='act_relative'; parse_status='corroborated'; act_key='resource conservation and recovery act of 1976'; act_section='3002'; act_resolution_reason='act_section_not_classified'; corroboration_rule='second-authority-behind-a-slash:agency-roster-initialism'; authority_in_own_cfr_note='absent'; cfr_note_part='40 CFR 260'; authority_source='box'	42 USC 6922/RCRA 3002(a)(5)
ADDED	2050-AE21	199510	1	1	(no row) -> rin='2050-AE21'; publication_id='199510'; ordinal=1; authority_text='42 USC 6974/RCRA 7004(a)'; authority_type='act_relative'; parse_status='corroborated'; act_key='resource conservation and recovery act of 1976'; act_section='7004'; act_resolution_reason='act_section_not_classified'; corroboration_rule='second-authority-behind-a-slash:agency-roster-initialism'; authority_in_own_cfr_note='absent'; cfr_note_part='40 CFR 260'; authority_source='box'	42 USC 6974/RCRA 7004(a)
ADDED	2050-AE21	199604	0	1	(no row) -> rin='2050-AE21'; publication_id='199604'; ordinal=0; authority_text='42 USC 6922/RCRA 3002(a)(5)'; authority_type='act_relative'; parse_status='corroborated'; act_key='resource conservation and recovery act of 1976'; act_section='3002'; act_resolution_reason='act_section_not_classified'; corroboration_rule='second-authority-behind-a-slash:agency-roster-initialism'; authority_in_own_cfr_note='absent'; cfr_note_part='40 CFR 260'; authority_source='box'	42 USC 6922/RCRA 3002(a)(5)
ADDED	2050-AE21	199604	1	1	(no row) -> rin='2050-AE21'; publication_id='199604'; ordinal=1; authority_text='42 USC 6974/RCRA 7004(a)'; authority_type='act_relative'; parse_status='corroborated'; act_key='resource conservation and recovery act of 1976'; act_section='7004'; act_resolution_reason='act_section_not_classified'; corroboration_rule='second-authority-behind-a-slash:agency-roster-initialism'; authority_in_own_cfr_note='absent'; cfr_note_part='40 CFR 260'; authority_source='box'	42 USC 6974/RCRA 7004(a)
ADDED	2050-AE21	199610	0	1	(no row) -> rin='2050-AE21'; publication_id='199610'; ordinal=0; authority_text='42 USC 6922/RCRA 3002(a)(5)'; authority_type='act_relative'; parse_status='corroborated'; act_key='resource conservation and recovery act of 1976'; act_section='3002'; act_resolution_reason='act_section_not_classified'; corroboration_rule='second-authority-behind-a-slash:agency-roster-initialism'; authority_in_own_cfr_note='absent'; cfr_note_part='40 CFR 260'; authority_source='box'	42 USC 6922/RCRA 3002(a)(5)
ADDED	2050-AE21	199610	1	1	(no row) -> rin='2050-AE21'; publication_id='199610'; ordinal=1; authority_text='42 USC 6923/RCRA 3003(a)(3)'; authority_type='act_relative'; parse_status='corroborated'; act_key='resource conservation and recovery act of 1976'; act_section='3003'; act_resolution_reason='act_section_not_classified'; corroboration_rule='second-authority-behind-a-slash:agency-roster-initialism'; authority_in_own_cfr_note='absent'; cfr_note_part='40 CFR 260'; authority_source='box'	42 USC 6923/RCRA 3003(a)(3)
ADDED	2050-AE21	199610	2	1	(no row) -> rin='2050-AE21'; publication_id='199610'; ordinal=2; authority_text='42 USC 6924/RCRA 3004(a)(2)'; authority_type='act_relative'; parse_status='corroborated'; act_key='resource conservation and recovery act of 1976'; act_section='3004'; act_resolution_reason='act_section_not_classified'; corroboration_rule='second-authority-behind-a-slash:agency-roster-initialism'; authority_in_own_cfr_note='absent'; cfr_note_part='40 CFR 260'; authority_source='box'	42 USC 6924/RCRA 3004(a)(2)
ADDED	2050-AE21	199610	3	1	(no row) -> rin='2050-AE21'; publication_id='199610'; ordinal=3; authority_text='42 USC 6974/RCRA 7004(a)'; authority_type='act_relative'; parse_status='corroborated'; act_key='resource conservation and recovery act of 1976'; act_section='7004'; act_resolution_reason='act_section_not_classified'; corroboration_rule='second-authority-behind-a-slash:agency-roster-initialism'; authority_in_own_cfr_note='absent'; cfr_note_part='40 CFR 260'; authority_source='box'	42 USC 6974/RCRA 7004(a)
ADDED	2050-AE21	199704	0	1	(no row) -> rin='2050-AE21'; publication_id='199704'; ordinal=0; authority_text='42 USC 6922/RCRA 3002(a)(5)'; authority_type='act_relative'; parse_status='corroborated'; act_key='resource conservation and recovery act of 1976'; act_section='3002'; act_resolution_reason='act_section_not_classified'; corroboration_rule='second-authority-behind-a-slash:agency-roster-initialism'; authority_in_own_cfr_note='absent'; cfr_note_part='40 CFR 260'; authority_source='box'	42 USC 6922/RCRA 3002(a)(5)
ADDED	2050-AE21	199704	1	1	(no row) -> rin='2050-AE21'; publication_id='199704'; ordinal=1; authority_text='42 USC 6923/RCRA 3003(a)(3)'; authority_type='act_relative'; parse_status='corroborated'; act_key='resource conservation and recovery act of 1976'; act_section='3003'; act_resolution_reason='act_section_not_classified'; corroboration_rule='second-authority-behind-a-slash:agency-roster-initialism'; authority_in_own_cfr_note='absent'; cfr_note_part='40 CFR 260'; authority_source='box'	42 USC 6923/RCRA 3003(a)(3)
ADDED	2050-AE21	199704	2	1	(no row) -> rin='2050-AE21'; publication_id='199704'; ordinal=2; authority_text='42 USC 6924/RCRA 3004(a)(2)'; authority_type='act_relative'; parse_status='corroborated'; act_key='resource conservation and recovery act of 1976'; act_section='3004'; act_resolution_reason='act_section_not_classified'; corroboration_rule='second-authority-behind-a-slash:agency-roster-initialism'; authority_in_own_cfr_note='absent'; cfr_note_part='40 CFR 260'; authority_source='box'	42 USC 6924/RCRA 3004(a)(2)
ADDED	2050-AE21	199704	3	1	(no row) -> rin='2050-AE21'; publication_id='199704'; ordinal=3; authority_text='42 USC 6974/RCRA 7004(a)'; authority_type='act_relative'; parse_status='corroborated'; act_key='resource conservation and recovery act of 1976'; act_section='7004'; act_resolution_reason='act_section_not_classified'; corroboration_rule='second-authority-behind-a-slash:agency-roster-initialism'; authority_in_own_cfr_note='absent'; cfr_note_part='40 CFR 260'; authority_source='box'	42 USC 6974/RCRA 7004(a)
ADDED	2050-AE22	199510	0	1	(no row) -> rin='2050-AE22'; publication_id='199510'; ordinal=0; authority_text='42 USC 6912(a)/RCRA 3001'; authority_type='act_relative'; parse_status='corroborated'; act_key='resource conservation and recovery act of 1976'; act_section='3001'; act_resolution_reason='act_section_not_classified'; corroboration_rule='second-authority-behind-a-slash:agency-roster-initialism'; authority_in_own_cfr_note='absent'; cfr_note_part='40 CFR 260'; authority_source='box'	42 USC 6912(a)/RCRA 3001
ADDED	2050-AE22	199604	0	1	(no row) -> rin='2050-AE22'; publication_id='199604'; ordinal=0; authority_text='42 USC 6912(a)/RCRA 3001'; authority_type='act_relative'; parse_status='corroborated'; act_key='resource conservation and recovery act of 1976'; act_section='3001'; act_resolution_reason='act_section_not_classified'; corroboration_rule='second-authority-behind-a-slash:agency-roster-initialism'; authority_in_own_cfr_note='absent'; cfr_note_part='40 CFR 260'; authority_source='box'	42 USC 6912(a)/RCRA 3001
ADDED	2050-AE22	199610	0	1	(no row) -> rin='2050-AE22'; publication_id='199610'; ordinal=0; authority_text='42 USC 6912(a)/RCRA 2002(a)'; authority_type='act_relative'; parse_status='corroborated'; act_key='resource conservation and recovery act of 1976'; act_section='2002'; act_resolution_reason='act_section_not_classified'; corroboration_rule='second-authority-behind-a-slash:agency-roster-initialism'; authority_in_own_cfr_note='absent'; cfr_note_part='40 CFR 260'; authority_source='box'	42 USC 6912(a)/RCRA 2002(a)
ADDED	2050-AE22	199610	1	1	(no row) -> rin='2050-AE22'; publication_id='199610'; ordinal=1; authority_text='42 USC 6921/RCRA 3001'; authority_type='act_relative'; parse_status='corroborated'; act_key='resource conservation and recovery act of 1976'; act_section='3001'; act_resolution_reason='act_section_not_classified'; corroboration_rule='second-authority-behind-a-slash:agency-roster-initialism'; authority_in_own_cfr_note='absent'; cfr_note_part='40 CFR 260'; authority_source='box'	42 USC 6921/RCRA 3001
ADDED	2050-AE22	199610	2	1	(no row) -> rin='2050-AE22'; publication_id='199610'; ordinal=2; authority_text='42 USC 6924/RCRA 3004'; authority_type='act_relative'; parse_status='corroborated'; act_key='resource conservation and recovery act of 1976'; act_section='3004'; act_resolution_reason='act_section_not_classified'; corroboration_rule='second-authority-behind-a-slash:agency-roster-initialism'; authority_in_own_cfr_note='absent'; cfr_note_part='40 CFR 260'; authority_source='box'	42 USC 6924/RCRA 3004
ADDED	2050-AE22	199610	3	1	(no row) -> rin='2050-AE22'; publication_id='199610'; ordinal=3; authority_text='42 USC 6926/RCRA 3006'; authority_type='act_relative'; parse_status='corroborated'; act_key='resource conservation and recovery act of 1976'; act_section='3006'; act_resolution_reason='act_section_not_classified'; corroboration_rule='second-authority-behind-a-slash:agency-roster-initialism'; authority_in_own_cfr_note='absent'; cfr_note_part='40 CFR 260'; authority_source='box'	42 USC 6926/RCRA 3006
ADDED	2050-AE22	199610	4	1	(no row) -> rin='2050-AE22'; publication_id='199610'; ordinal=4; authority_text='42 USC 6927/RCRA 3007'; authority_type='act_relative'; parse_status='corroborated'; act_key='resource conservation and recovery act of 1976'; act_section='3007'; act_resolution_reason='act_section_not_classified'; corroboration_rule='second-authority-behind-a-slash:agency-roster-initialism'; authority_in_own_cfr_note='absent'; cfr_note_part='40 CFR 260'; authority_source='box'	42 USC 6927/RCRA 3007
ADDED	2050-AE22	199704	0	1	(no row) -> rin='2050-AE22'; publication_id='199704'; ordinal=0; authority_text='42 USC 6912(a)/RCRA 2002(a)'; authority_type='act_relative'; parse_status='corroborated'; act_key='resource conservation and recovery act of 1976'; act_section='2002'; act_resolution_reason='act_section_not_classified'; corroboration_rule='second-authority-behind-a-slash:agency-roster-initialism'; authority_in_own_cfr_note='absent'; cfr_note_part='40 CFR 260'; authority_source='box'	42 USC 6912(a)/RCRA 2002(a)
ADDED	2050-AE22	199704	1	1	(no row) -> rin='2050-AE22'; publication_id='199704'; ordinal=1; authority_text='42 USC 6921/RCRA 3001'; authority_type='act_relative'; parse_status='corroborated'; act_key='resource conservation and recovery act of 1976'; act_section='3001'; act_resolution_reason='act_section_not_classified'; corroboration_rule='second-authority-behind-a-slash:agency-roster-initialism'; authority_in_own_cfr_note='absent'; cfr_note_part='40 CFR 260'; authority_source='box'	42 USC 6921/RCRA 3001
ADDED	2050-AE22	199704	2	1	(no row) -> rin='2050-AE22'; publication_id='199704'; ordinal=2; authority_text='42 USC 6924/RCRA 3004'; authority_type='act_relative'; parse_status='corroborated'; act_key='resource conservation and recovery act of 1976'; act_section='3004'; act_resolution_reason='act_section_not_classified'; corroboration_rule='second-authority-behind-a-slash:agency-roster-initialism'; authority_in_own_cfr_note='absent'; cfr_note_part='40 CFR 260'; authority_source='box'	42 USC 6924/RCRA 3004
ADDED	2050-AE22	199704	3	1	(no row) -> rin='2050-AE22'; publication_id='199704'; ordinal=3; authority_text='42 USC 6926/RCRA 3006'; authority_type='act_relative'; parse_status='corroborated'; act_key='resource conservation and recovery act of 1976'; act_section='3006'; act_resolution_reason='act_section_not_classified'; corroboration_rule='second-authority-behind-a-slash:agency-roster-initialism'; authority_in_own_cfr_note='absent'; cfr_note_part='40 CFR 260'; authority_source='box'	42 USC 6926/RCRA 3006
ADDED	2050-AE22	199704	4	1	(no row) -> rin='2050-AE22'; publication_id='199704'; ordinal=4; authority_text='42 USC 6927/RCRA 3007'; authority_type='act_relative'; parse_status='corroborated'; act_key='resource conservation and recovery act of 1976'; act_section='3007'; act_resolution_reason='act_section_not_classified'; corroboration_rule='second-authority-behind-a-slash:agency-roster-initialism'; authority_in_own_cfr_note='absent'; cfr_note_part='40 CFR 260'; authority_source='box'	42 USC 6927/RCRA 3007
ADDED	2050-AE23	199510	0	1	(no row) -> rin='2050-AE23'; publication_id='199510'; ordinal=0; authority_text='42 USC 6912(a)/RCRA 6002(e)'; authority_type='act_relative'; parse_status='corroborated'; act_key='resource conservation and recovery act of 1976'; act_section='6002'; act_resolution_reason='act_section_not_classified'; corroboration_rule='second-authority-behind-a-slash:agency-roster-initialism'; authority_in_own_cfr_note='absent'; cfr_note_part='40 CFR 247'; authority_source='box'	42 USC 6912(a)/RCRA 6002(e)
ADDED	2050-AE23	199604	0	1	(no row) -> rin='2050-AE23'; publication_id='199604'; ordinal=0; authority_text='42 USC 6912(a)/RCRA 6002(e)'; authority_type='act_relative'; parse_status='corroborated'; act_key='resource conservation and recovery act of 1976'; act_section='6002'; act_resolution_reason='act_section_not_classified'; corroboration_rule='second-authority-behind-a-slash:agency-roster-initialism'; authority_in_own_cfr_note='absent'; cfr_note_part='40 CFR 247'; authority_source='box'	42 USC 6912(a)/RCRA 6002(e)
ADDED	2050-AE23	199610	0	1	(no row) -> rin='2050-AE23'; publication_id='199610'; ordinal=0; authority_text='42 USC 6912(a)/RCRA 6002(e)'; authority_type='act_relative'; parse_status='corroborated'; act_key='resource conservation and recovery act of 1976'; act_section='6002'; act_resolution_reason='act_section_not_classified'; corroboration_rule='second-authority-behind-a-slash:agency-roster-initialism'; authority_in_own_cfr_note='absent'; cfr_note_part='40 CFR 247'; authority_source='box'	42 USC 6912(a)/RCRA 6002(e)
ADDED	2050-AE23	199704	0	1	(no row) -> rin='2050-AE23'; publication_id='199704'; ordinal=0; authority_text='42 USC 6912(a)/RCRA 6002(e)'; authority_type='act_relative'; parse_status='corroborated'; act_key='resource conservation and recovery act of 1976'; act_section='6002'; act_resolution_reason='act_section_not_classified'; corroboration_rule='second-authority-behind-a-slash:agency-roster-initialism'; authority_in_own_cfr_note='absent'; cfr_note_part='40 CFR 247'; authority_source='box'	42 USC 6912(a)/RCRA 6002(e)
ADDED	2050-AE24	199604	0	1	(no row) -> rin='2050-AE24'; publication_id='199604'; ordinal=0; authority_text='42 USC 6944/RCRA 4010'; authority_type='act_relative'; parse_status='corroborated'; act_key='resource conservation and recovery act of 1976'; act_section='4010'; act_resolution_reason='act_section_not_classified'; corroboration_rule='second-authority-behind-a-slash:agency-roster-initialism'; authority_in_own_cfr_note='absent'; cfr_note_part='40 CFR 258'; authority_source='box'	42 USC 6944/RCRA 4010
ADDED	2050-AE24	199610	0	1	(no row) -> rin='2050-AE24'; publication_id='199610'; ordinal=0; authority_text='42 USC 6949a/RCRA 4010'; authority_type='act_relative'; parse_status='corroborated'; act_key='resource conservation and recovery act of 1976'; act_section='4010'; act_resolution_reason='act_section_not_classified'; corroboration_rule='second-authority-behind-a-slash:agency-roster-initialism'; authority_in_own_cfr_note='absent'; cfr_note_part='40 CFR 258'; authority_source='box'	42 USC 6949a/RCRA 4010
ADDED	2050-AE24	199704	0	1	(no row) -> rin='2050-AE24'; publication_id='199704'; ordinal=0; authority_text='42 USC 6949a/RCRA 4010'; authority_type='act_relative'; parse_status='corroborated'; act_key='resource conservation and recovery act of 1976'; act_section='4010'; act_resolution_reason='act_section_not_classified'; corroboration_rule='second-authority-behind-a-slash:agency-roster-initialism'; authority_in_own_cfr_note='absent'; cfr_note_part='40 CFR 258'; authority_source='box'	42 USC 6949a/RCRA 4010
ADDED	2050-AE25	199510	1	1	(no row) -> rin='2050-AE25'; publication_id='199510'; ordinal=1; authority_text='42 USC 6921/RCRA 3001'; authority_type='act_relative'; parse_status='corroborated'; act_key='resource conservation and recovery act of 1976'; act_section='3001'; act_resolution_reason='act_section_not_classified'; corroboration_rule='second-authority-behind-a-slash:agency-roster-initialism'; authority_in_own_cfr_note='absent'; cfr_note_part='40 CFR 260'; authority_source='box'	42 USC 6921/RCRA 3001
ADDED	2050-AE25	199510	2	1	(no row) -> rin='2050-AE25'; publication_id='199510'; ordinal=2; authority_text='42 USC 6924/RCRA 3004'; authority_type='act_relative'; parse_status='corroborated'; act_key='resource conservation and recovery act of 1976'; act_section='3004'; act_resolution_reason='act_section_not_classified'; corroboration_rule='second-authority-behind-a-slash:agency-roster-initialism'; authority_in_own_cfr_note='absent'; cfr_note_part='40 CFR 260'; authority_source='box'	42 USC 6924/RCRA 3004
ADDED	2050-AE25	199510	3	1	(no row) -> rin='2050-AE25'; publication_id='199510'; ordinal=3; authority_text='42 USC 6925/RCRA 3005'; authority_type='act_relative'; parse_status='corroborated'; act_key='resource conservation and recovery act of 1976'; act_section='3005'; act_resolution_reason='act_section_not_classified'; corroboration_rule='second-authority-behind-a-slash:agency-roster-initialism'; authority_in_own_cfr_note='absent'; cfr_note_part='40 CFR 260'; authority_source='box'	42 USC 6925/RCRA 3005
ADDED	2050-AE25	199510	4	1	(no row) -> rin='2050-AE25'; publication_id='199510'; ordinal=4; authority_text='42 USC 6926/RCRA 3006'; authority_type='act_relative'; parse_status='corroborated'; act_key='resource conservation and recovery act of 1976'; act_section='3006'; act_resolution_reason='act_section_not_classified'; corroboration_rule='second-authority-behind-a-slash:agency-roster-initialism'; authority_in_own_cfr_note='absent'; cfr_note_part='40 CFR 260'; authority_source='box'	42 USC 6926/RCRA 3006
ADDED	2050-AE25	199604	1	1	(no row) -> rin='2050-AE25'; publication_id='199604'; ordinal=1; authority_text='42 USC 6921/RCRA 3001'; authority_type='act_relative'; parse_status='corroborated'; act_key='resource conservation and recovery act of 1976'; act_section='3001'; act_resolution_reason='act_section_not_classified'; corroboration_rule='second-authority-behind-a-slash:agency-roster-initialism'; authority_in_own_cfr_note='absent'; cfr_note_part='40 CFR 260'; authority_source='box'	42 USC 6921/RCRA 3001
ADDED	2050-AE25	199604	2	1	(no row) -> rin='2050-AE25'; publication_id='199604'; ordinal=2; authority_text='42 USC 6924/RCRA 3004'; authority_type='act_relative'; parse_status='corroborated'; act_key='resource conservation and recovery act of 1976'; act_section='3004'; act_resolution_reason='act_section_not_classified'; corroboration_rule='second-authority-behind-a-slash:agency-roster-initialism'; authority_in_own_cfr_note='absent'; cfr_note_part='40 CFR 260'; authority_source='box'	42 USC 6924/RCRA 3004
ADDED	2050-AE25	199604	3	1	(no row) -> rin='2050-AE25'; publication_id='199604'; ordinal=3; authority_text='42 USC 6925/RCRA 3005'; authority_type='act_relative'; parse_status='corroborated'; act_key='resource conservation and recovery act of 1976'; act_section='3005'; act_resolution_reason='act_section_not_classified'; corroboration_rule='second-authority-behind-a-slash:agency-roster-initialism'; authority_in_own_cfr_note='absent'; cfr_note_part='40 CFR 260'; authority_source='box'	42 USC 6925/RCRA 3005
ADDED	2050-AE25	199604	4	1	(no row) -> rin='2050-AE25'; publication_id='199604'; ordinal=4; authority_text='42 USC 6926/RCRA 3006'; authority_type='act_relative'; parse_status='corroborated'; act_key='resource conservation and recovery act of 1976'; act_section='3006'; act_resolution_reason='act_section_not_classified'; corroboration_rule='second-authority-behind-a-slash:agency-roster-initialism'; authority_in_own_cfr_note='absent'; cfr_note_part='40 CFR 260'; authority_source='box'	42 USC 6926/RCRA 3006
ADDED	2050-AE25	199610	1	1	(no row) -> rin='2050-AE25'; publication_id='199610'; ordinal=1; authority_text='42 USC 6921/RCRA 3001'; authority_type='act_relative'; parse_status='corroborated'; act_key='resource conservation and recovery act of 1976'; act_section='3001'; act_resolution_reason='act_section_not_classified'; corroboration_rule='second-authority-behind-a-slash:agency-roster-initialism'; authority_in_own_cfr_note='absent'; cfr_note_part='40 CFR 260'; authority_source='box'	42 USC 6921/RCRA 3001
ADDED	2050-AE25	199610	2	1	(no row) -> rin='2050-AE25'; publication_id='199610'; ordinal=2; authority_text='42 USC 6924/RCRA 3004'; authority_type='act_relative'; parse_status='corroborated'; act_key='resource conservation and recovery act of 1976'; act_section='3004'; act_resolution_reason='act_section_not_classified'; corroboration_rule='second-authority-behind-a-slash:agency-roster-initialism'; authority_in_own_cfr_note='absent'; cfr_note_part='40 CFR 260'; authority_source='box'	42 USC 6924/RCRA 3004
ADDED	2050-AE25	199610	3	1	(no row) -> rin='2050-AE25'; publication_id='199610'; ordinal=3; authority_text='42 USC 6925/RCRA 3005'; authority_type='act_relative'; parse_status='corroborated'; act_key='resource conservation and recovery act of 1976'; act_section='3005'; act_resolution_reason='act_section_not_classified'; corroboration_rule='second-authority-behind-a-slash:agency-roster-initialism'; authority_in_own_cfr_note='absent'; cfr_note_part='40 CFR 260'; authority_source='box'	42 USC 6925/RCRA 3005
ADDED	2050-AE25	199610	4	1	(no row) -> rin='2050-AE25'; publication_id='199610'; ordinal=4; authority_text='42 USC 6926/RCRA 3006'; authority_type='act_relative'; parse_status='corroborated'; act_key='resource conservation and recovery act of 1976'; act_section='3006'; act_resolution_reason='act_section_not_classified'; corroboration_rule='second-authority-behind-a-slash:agency-roster-initialism'; authority_in_own_cfr_note='absent'; cfr_note_part='40 CFR 260'; authority_source='box'	42 USC 6926/RCRA 3006
ADDED	2050-AE25	199704	1	1	(no row) -> rin='2050-AE25'; publication_id='199704'; ordinal=1; authority_text='42 USC 6921/RCRA 3001'; authority_type='act_relative'; parse_status='corroborated'; act_key='resource conservation and recovery act of 1976'; act_section='3001'; act_resolution_reason='act_section_not_classified'; corroboration_rule='second-authority-behind-a-slash:agency-roster-initialism'; authority_in_own_cfr_note='absent'; cfr_note_part='40 CFR 260'; authority_source='box'	42 USC 6921/RCRA 3001
ADDED	2050-AE25	199704	2	1	(no row) -> rin='2050-AE25'; publication_id='199704'; ordinal=2; authority_text='42 USC 6924/RCRA 3004'; authority_type='act_relative'; parse_status='corroborated'; act_key='resource conservation and recovery act of 1976'; act_section='3004'; act_resolution_reason='act_section_not_classified'; corroboration_rule='second-authority-behind-a-slash:agency-roster-initialism'; authority_in_own_cfr_note='absent'; cfr_note_part='40 CFR 260'; authority_source='box'	42 USC 6924/RCRA 3004
ADDED	2050-AE25	199704	3	1	(no row) -> rin='2050-AE25'; publication_id='199704'; ordinal=3; authority_text='42 USC 6925/RCRA 3005'; authority_type='act_relative'; parse_status='corroborated'; act_key='resource conservation and recovery act of 1976'; act_section='3005'; act_resolution_reason='act_section_not_classified'; corroboration_rule='second-authority-behind-a-slash:agency-roster-initialism'; authority_in_own_cfr_note='absent'; cfr_note_part='40 CFR 260'; authority_source='box'	42 USC 6925/RCRA 3005
ADDED	2050-AE25	199704	4	1	(no row) -> rin='2050-AE25'; publication_id='199704'; ordinal=4; authority_text='42 USC 6926/RCRA 3006'; authority_type='act_relative'; parse_status='corroborated'; act_key='resource conservation and recovery act of 1976'; act_section='3006'; act_resolution_reason='act_section_not_classified'; corroboration_rule='second-authority-behind-a-slash:agency-roster-initialism'; authority_in_own_cfr_note='absent'; cfr_note_part='40 CFR 260'; authority_source='box'	42 USC 6926/RCRA 3006
ADDED	2050-AE30	199510	0	1	(no row) -> rin='2050-AE30'; publication_id='199510'; ordinal=0; authority_text='42 USC 6921/RCRA 3001'; authority_type='act_relative'; parse_status='corroborated'; act_key='resource conservation and recovery act of 1976'; act_section='3001'; act_resolution_reason='act_section_not_classified'; corroboration_rule='second-authority-behind-a-slash:agency-roster-initialism'; authority_in_own_cfr_note='absent'; cfr_note_part='40 CFR 264'; authority_source='box'	42 USC 6921/RCRA 3001
ADDED	2050-AE33	199604	0	1	(no row) -> rin='2050-AE33'; publication_id='199604'; ordinal=0; authority_text='42 USC 9617(e)/CERCLA 117'; authority_type='act_relative'; parse_status='corroborated'; usc_title=42; usc_section='9617'; act_key='cercla'; act_section='117'; act_resolution_evidence='table3-classification'; usc_section_verdict='exists'; usc_section_attested_at_edition=True; corroboration_rule='second-authority-behind-a-slash:index-holds-a-bare-name-and-section'; authority_in_own_cfr_note='absent'; cfr_note_part='40 CFR 35'; authority_source='box'	42 USC 9617(e)/CERCLA 117
ADDED	2050-AE33	199610	0	1	(no row) -> rin='2050-AE33'; publication_id='199610'; ordinal=0; authority_text='42 USC 9617(e)/CERCLA 117'; authority_type='act_relative'; parse_status='corroborated'; usc_title=42; usc_section='9617'; act_key='cercla'; act_section='117'; act_resolution_evidence='table3-classification'; usc_section_verdict='exists'; usc_section_attested_at_edition=True; corroboration_rule='second-authority-behind-a-slash:index-holds-a-bare-name-and-section'; authority_in_own_cfr_note='absent'; cfr_note_part='40 CFR 35'; authority_source='box'	42 USC 9617(e)/CERCLA 117
ADDED	2050-AE33	199704	0	1	(no row) -> rin='2050-AE33'; publication_id='199704'; ordinal=0; authority_text='42 USC 9617(e)/CERCLA 117'; authority_type='act_relative'; parse_status='corroborated'; usc_title=42; usc_section='9617'; act_key='cercla'; act_section='117'; act_resolution_evidence='table3-classification'; usc_section_verdict='exists'; usc_section_attested_at_edition=True; corroboration_rule='second-authority-behind-a-slash:index-holds-a-bare-name-and-section'; authority_in_own_cfr_note='absent'; cfr_note_part='40 CFR 35'; authority_source='box'	42 USC 9617(e)/CERCLA 117
ADDED	2050-AE34	199604	0	1	(no row) -> rin='2050-AE34'; publication_id='199604'; ordinal=0; authority_text='42 USC 6921/RCRA 3001(b)(3)(A)(iii)'; authority_type='act_relative'; parse_status='corroborated'; act_key='resource conservation and recovery act of 1976'; act_section='3001'; act_resolution_reason='act_section_not_classified'; corroboration_rule='second-authority-behind-a-slash:agency-roster-initialism'; authority_source='box'	42 USC 6921/RCRA 3001(b)(3)(A)(iii)
ADDED	2050-AE34	199610	0	1	(no row) -> rin='2050-AE34'; publication_id='199610'; ordinal=0; authority_text='42 USC 6903(5)(b)/RCRA 1004(5)(B)'; authority_type='act_relative'; parse_status='corroborated'; act_key='resource conservation and recovery act of 1976'; act_section='1004'; act_resolution_reason='act_section_not_classified'; corroboration_rule='second-authority-behind-a-slash:agency-roster-initialism'; authority_source='box'	42 USC 6903(5)(b)/RCRA 1004(5)(B)
ADDED	2050-AE34	199610	1	1	(no row) -> rin='2050-AE34'; publication_id='199610'; ordinal=1; authority_text='42 USC 6912(a)/RCRA 2002(a)'; authority_type='act_relative'; parse_status='corroborated'; act_key='resource conservation and recovery act of 1976'; act_section='2002'; act_resolution_reason='act_section_not_classified'; corroboration_rule='second-authority-behind-a-slash:agency-roster-initialism'; authority_source='box'	42 USC 6912(a)/RCRA 2002(a)
ADDED	2050-AE34	199610	2	1	(no row) -> rin='2050-AE34'; publication_id='199610'; ordinal=2; authority_text='42 USC 6921(b)(3)/RCRA 3001(b)(3)'; authority_type='act_relative'; parse_status='corroborated'; act_key='resource conservation and recovery act of 1976'; act_section='3001'; act_resolution_reason='act_section_not_classified'; corroboration_rule='second-authority-behind-a-slash:agency-roster-initialism'; authority_source='box'	42 USC 6921(b)(3)/RCRA 3001(b)(3)
ADDED	2050-AE34	199610	3	1	(no row) -> rin='2050-AE34'; publication_id='199610'; ordinal=3; authority_text='42 USC 6924(x)/RCRA 3004(x)'; authority_type='act_relative'; parse_status='corroborated'; act_key='resource conservation and recovery act of 1976'; act_section='3004'; act_resolution_reason='act_section_not_classified'; corroboration_rule='second-authority-behind-a-slash:agency-roster-initialism'; authority_source='box'	42 USC 6924(x)/RCRA 3004(x)
ADDED	2050-AE34	199704	0	1	(no row) -> rin='2050-AE34'; publication_id='199704'; ordinal=0; authority_text='42 USC 6903(5)(b)/RCRA 1004(5)(B)'; authority_type='act_relative'; parse_status='corroborated'; act_key='resource conservation and recovery act of 1976'; act_section='1004'; act_resolution_reason='act_section_not_classified'; corroboration_rule='second-authority-behind-a-slash:agency-roster-initialism'; authority_source='box'	42 USC 6903(5)(b)/RCRA 1004(5)(B)
ADDED	2050-AE34	199704	1	1	(no row) -> rin='2050-AE34'; publication_id='199704'; ordinal=1; authority_text='42 USC 6912(a)/RCRA 2002(a)'; authority_type='act_relative'; parse_status='corroborated'; act_key='resource conservation and recovery act of 1976'; act_section='2002'; act_resolution_reason='act_section_not_classified'; corroboration_rule='second-authority-behind-a-slash:agency-roster-initialism'; authority_source='box'	42 USC 6912(a)/RCRA 2002(a)
ADDED	2050-AE34	199704	2	1	(no row) -> rin='2050-AE34'; publication_id='199704'; ordinal=2; authority_text='42 USC 6921(a) and (b)(3)/RCRA 3001(a) and (b)(3)'; authority_type='act_relative'; parse_status='corroborated'; act_key='resource conservation and recovery act of 1976'; act_section='3001'; act_resolution_reason='act_section_not_classified'; corroboration_rule='second-authority-behind-a-slash:agency-roster-initialism'; authority_source='box'	42 USC 6921(a) and (b)(3)/RCRA 3001(a) and (b)(3)
ADDED	2050-AE34	199704	3	1	(no row) -> rin='2050-AE34'; publication_id='199704'; ordinal=3; authority_text='42 USC 6924(x)/RCRA 3004(x)'; authority_type='act_relative'; parse_status='corroborated'; act_key='resource conservation and recovery act of 1976'; act_section='3004'; act_resolution_reason='act_section_not_classified'; corroboration_rule='second-authority-behind-a-slash:agency-roster-initialism'; authority_source='box'	42 USC 6924(x)/RCRA 3004(x)
ADDED	2060-AA04	199510	0	1	(no row) -> rin='2060-AA04'; publication_id='199510'; ordinal=0; authority_text='42 USC 2201/AEA 274'; authority_type='act_relative'; parse_status='corroborated'; usc_title=42; usc_section='2021'; act_key='atomic energy act of 1954'; act_section='274'; act_resolution_evidence='table3-classification'; usc_section_verdict='exists'; usc_section_attested_at_edition=True; corroboration_rule='second-authority-behind-a-slash:agency-roster-initialism'; authority_source='box'	42 USC 2201/AEA 274
ADDED	2060-AA04	199604	0	1	(no row) -> rin='2060-AA04'; publication_id='199604'; ordinal=0; authority_text='42 USC 2201/AEA 274'; authority_type='act_relative'; parse_status='corroborated'; usc_title=42; usc_section='2021'; act_key='atomic energy act of 1954'; act_section='274'; act_resolution_evidence='table3-classification'; usc_section_verdict='exists'; usc_section_attested_at_edition=True; corroboration_rule='second-authority-behind-a-slash:agency-roster-initialism'; authority_source='box'	42 USC 2201/AEA 274
ADDED	2060-AA04	199610	0	1	(no row) -> rin='2060-AA04'; publication_id='199610'; ordinal=0; authority_text='42 USC 2201/AEA 274'; authority_type='act_relative'; parse_status='corroborated'; usc_title=42; usc_section='2021'; act_key='atomic energy act of 1954'; act_section='274'; act_resolution_evidence='table3-classification'; usc_section_verdict='exists'; usc_section_attested_at_edition=True; corroboration_rule='second-authority-behind-a-slash:agency-roster-initialism'; authority_source='box'	42 USC 2201/AEA 274
ADDED	2060-AA04	199704	0	1	(no row) -> rin='2060-AA04'; publication_id='199704'; ordinal=0; authority_text='42 USC 2201/AEA 274'; authority_type='act_relative'; parse_status='corroborated'; usc_title=42; usc_section='2021'; act_key='atomic energy act of 1954'; act_section='274'; act_resolution_evidence='table3-classification'; usc_section_verdict='exists'; usc_section_attested_at_edition=True; corroboration_rule='second-authority-behind-a-slash:agency-roster-initialism'; authority_source='box'	42 USC 2201/AEA 274
ADDED	2060-AA61	199510	0	1	(no row) -> rin='2060-AA61'; publication_id='199510'; ordinal=0; authority_text='42 USC 7409/CAA 109'; authority_type='act_relative'; parse_status='corroborated'; usc_title=42; usc_section='7409'; act_key='clean air act'; act_section='109'; act_resolution_evidence='table3-classification'; usc_section_verdict='exists'; usc_section_attested_at_edition=True; corroboration_rule='second-authority-behind-a-slash:agency-roster-initialism'; authority_in_own_cfr_note='absent'; cfr_note_part='40 CFR 50'; authority_source='box'	42 USC 7409/CAA 109
ADDED	2060-AA61	199604	0	1	(no row) -> rin='2060-AA61'; publication_id='199604'; ordinal=0; authority_text='42 USC 7409/CAA 109'; authority_type='act_relative'; parse_status='corroborated'; usc_title=42; usc_section='7409'; act_key='clean air act'; act_section='109'; act_resolution_evidence='table3-classification'; usc_section_verdict='exists'; usc_section_attested_at_edition=True; corroboration_rule='second-authority-behind-a-slash:agency-roster-initialism'; authority_in_own_cfr_note='absent'; cfr_note_part='40 CFR 50'; authority_source='box'	42 USC 7409/CAA 109
ADDED	2060-AA61	199610	0	1	(no row) -> rin='2060-AA61'; publication_id='199610'; ordinal=0; authority_text='42 USC 7409/CAA 109'; authority_type='act_relative'; parse_status='corroborated'; usc_title=42; usc_section='7409'; act_key='clean air act'; act_section='109'; act_resolution_evidence='table3-classification'; usc_section_verdict='exists'; usc_section_attested_at_edition=True; corroboration_rule='second-authority-behind-a-slash:agency-roster-initialism'; authority_in_own_cfr_note='absent'; cfr_note_part='40 CFR 50'; authority_source='box'	42 USC 7409/CAA 109
ADDED	2060-AA61	199704	0	1	(no row) -> rin='2060-AA61'; publication_id='199704'; ordinal=0; authority_text='42 USC 7409/CAA 109'; authority_type='act_relative'; parse_status='corroborated'; usc_title=42; usc_section='7409'; act_key='clean air act'; act_section='109'; act_resolution_evidence='table3-classification'; usc_section_verdict='exists'; usc_section_attested_at_edition=True; corroboration_rule='second-authority-behind-a-slash:agency-roster-initialism'; authority_in_own_cfr_note='absent'; cfr_note_part='40 CFR 50'; authority_source='box'	42 USC 7409/CAA 109
ADDED	2060-AB31	199510	0	1	(no row) -> rin='2060-AB31'; publication_id='199510'; ordinal=0; authority_text='42 USC 2201/AEA 161'; authority_type='act_relative'; parse_status='corroborated'; usc_title=42; usc_section='2201'; act_key='atomic energy act of 1954'; act_section='161'; act_resolution_evidence='table3-classification'; usc_section_verdict='exists'; usc_section_attested_at_edition=True; corroboration_rule='second-authority-behind-a-slash:agency-roster-initialism'; authority_source='box'	42 USC 2201/AEA 161
ADDED	2060-AB31	199510	1	1	(no row) -> rin='2060-AB31'; publication_id='199510'; ordinal=1; authority_text='42 USC 2021/AEA 274'; authority_type='act_relative'; parse_status='corroborated'; usc_title=42; usc_section='2021'; act_key='atomic energy act of 1954'; act_section='274'; act_resolution_evidence='table3-classification'; usc_section_verdict='exists'; usc_section_attested_at_edition=True; corroboration_rule='second-authority-behind-a-slash:agency-roster-initialism'; authority_source='box'	42 USC 2021/AEA 274
ADDED	2060-AB31	199604	0	1	(no row) -> rin='2060-AB31'; publication_id='199604'; ordinal=0; authority_text='42 USC 2201/AEA 161'; authority_type='act_relative'; parse_status='corroborated'; usc_title=42; usc_section='2201'; act_key='atomic energy act of 1954'; act_section='161'; act_resolution_evidence='table3-classification'; usc_section_verdict='exists'; usc_section_attested_at_edition=True; corroboration_rule='second-authority-behind-a-slash:agency-roster-initialism'; authority_source='box'	42 USC 2201/AEA 161
ADDED	2060-AB31	199604	1	1	(no row) -> rin='2060-AB31'; publication_id='199604'; ordinal=1; authority_text='42 USC 2021/AEA 274'; authority_type='act_relative'; parse_status='corroborated'; usc_title=42; usc_section='2021'; act_key='atomic energy act of 1954'; act_section='274'; act_resolution_evidence='table3-classification'; usc_section_verdict='exists'; usc_section_attested_at_edition=True; corroboration_rule='second-authority-behind-a-slash:agency-roster-initialism'; authority_source='box'	42 USC 2021/AEA 274
ADDED	2060-AB31	199610	0	1	(no row) -> rin='2060-AB31'; publication_id='199610'; ordinal=0; authority_text='42 USC 2201/AEA 161'; authority_type='act_relative'; parse_status='corroborated'; usc_title=42; usc_section='2201'; act_key='atomic energy act of 1954'; act_section='161'; act_resolution_evidence='table3-classification'; usc_section_verdict='exists'; usc_section_attested_at_edition=True; corroboration_rule='second-authority-behind-a-slash:agency-roster-initialism'; authority_source='box'	42 USC 2201/AEA 161
ADDED	2060-AB31	199610	1	1	(no row) -> rin='2060-AB31'; publication_id='199610'; ordinal=1; authority_text='42 USC 2021/AEA 274'; authority_type='act_relative'; parse_status='corroborated'; usc_title=42; usc_section='2021'; act_key='atomic energy act of 1954'; act_section='274'; act_resolution_evidence='table3-classification'; usc_section_verdict='exists'; usc_section_attested_at_edition=True; corroboration_rule='second-authority-behind-a-slash:agency-roster-initialism'; authority_source='box'	42 USC 2021/AEA 274
ADDED	2060-AB31	199704	0	1	(no row) -> rin='2060-AB31'; publication_id='199704'; ordinal=0; authority_text='42 USC 2201/AEA 161'; authority_type='act_relative'; parse_status='corroborated'; usc_title=42; usc_section='2201'; act_key='atomic energy act of 1954'; act_section='161'; act_resolution_evidence='table3-classification'; usc_section_verdict='exists'; usc_section_attested_at_edition=True; corroboration_rule='second-authority-behind-a-slash:agency-roster-initialism'; authority_source='box'	42 USC 2201/AEA 161
ADDED	2060-AB31	199704	1	1	(no row) -> rin='2060-AB31'; publication_id='199704'; ordinal=1; authority_text='42 USC 2021/AEA 274'; authority_type='act_relative'; parse_status='corroborated'; usc_title=42; usc_section='2021'; act_key='atomic energy act of 1954'; act_section='274'; act_resolution_evidence='table3-classification'; usc_section_verdict='exists'; usc_section_attested_at_edition=True; corroboration_rule='second-authority-behind-a-slash:agency-roster-initialism'; authority_source='box'	42 USC 2021/AEA 274
ADDED	2060-AB31	199710	0	1	(no row) -> rin='2060-AB31'; publication_id='199710'; ordinal=0; authority_text='42 USC 2201/AEA 161'; authority_type='act_relative'; parse_status='corroborated'; usc_title=42; usc_section='2201'; act_key='atomic energy act of 1954'; act_section='161'; act_resolution_evidence='table3-classification'; usc_section_verdict='exists'; usc_section_attested_at_edition=True; corroboration_rule='second-authority-behind-a-slash:agency-roster-initialism'; authority_source='box'	42 USC 2201/AEA 161
ADDED	2060-AB31	199710	1	1	(no row) -> rin='2060-AB31'; publication_id='199710'; ordinal=1; authority_text='42 USC 2021/AEA 274'; authority_type='act_relative'; parse_status='corroborated'; usc_title=42; usc_section='2021'; act_key='atomic energy act of 1954'; act_section='274'; act_resolution_evidence='table3-classification'; usc_section_verdict='exists'; usc_section_attested_at_edition=True; corroboration_rule='second-authority-behind-a-slash:agency-roster-initialism'; authority_source='box'	42 USC 2021/AEA 274
ADDED	2060-AB51	199510	0	1	(no row) -> rin='2060-AB51'; publication_id='199510'; ordinal=0; authority_text='42 USC 7412/CAA 112'; authority_type='act_relative'; parse_status='corroborated'; usc_title=42; usc_section='7412'; act_key='clean air act'; act_section='112'; act_resolution_evidence='table3-classification'; usc_section_verdict='exists'; usc_section_attested_at_edition=True; corroboration_rule='second-authority-behind-a-slash:agency-roster-initialism'; authority_in_own_cfr_note='absent'; cfr_note_part='40 CFR 63'; authority_source='box'	42 USC 7412/CAA 112
ADDED	2060-AB51	199604	0	1	(no row) -> rin='2060-AB51'; publication_id='199604'; ordinal=0; authority_text='42 USC 7412/CAA 112'; authority_type='act_relative'; parse_status='corroborated'; usc_title=42; usc_section='7412'; act_key='clean air act'; act_section='112'; act_resolution_evidence='table3-classification'; usc_section_verdict='exists'; usc_section_attested_at_edition=True; corroboration_rule='second-authority-behind-a-slash:agency-roster-initialism'; authority_in_own_cfr_note='absent'; cfr_note_part='40 CFR 63'; authority_source='box'	42 USC 7412/CAA 112
ADDED	2060-AC06	199510	0	1	(no row) -> rin='2060-AC06'; publication_id='199510'; ordinal=0; authority_text='42 USC 7408/CAA 108'; authority_type='act_relative'; parse_status='corroborated'; usc_title=42; usc_section='7408'; act_key='clean air act'; act_section='108'; act_resolution_evidence='table3-classification'; usc_section_verdict='exists'; usc_section_attested_at_edition=True; corroboration_rule='second-authority-behind-a-slash:agency-roster-initialism'; authority_in_own_cfr_note='absent'; cfr_note_part='40 CFR 50'; authority_source='box'	42 USC 7408/CAA 108
ADDED	2060-AC06	199510	1	1	(no row) -> rin='2060-AC06'; publication_id='199510'; ordinal=1; authority_text='42 USC 7409/CAA 109'; authority_type='act_relative'; parse_status='corroborated'; usc_title=42; usc_section='7409'; act_key='clean air act'; act_section='109'; act_resolution_evidence='table3-classification'; usc_section_verdict='exists'; usc_section_attested_at_edition=True; corroboration_rule='second-authority-behind-a-slash:agency-roster-initialism'; authority_in_own_cfr_note='absent'; cfr_note_part='40 CFR 50'; authority_source='box'	42 USC 7409/CAA 109
ADDED	2060-AC06	199604	0	1	(no row) -> rin='2060-AC06'; publication_id='199604'; ordinal=0; authority_text='42 USC 7408/CAA 108'; authority_type='act_relative'; parse_status='corroborated'; usc_title=42; usc_section='7408'; act_key='clean air act'; act_section='108'; act_resolution_evidence='table3-classification'; usc_section_verdict='exists'; usc_section_attested_at_edition=True; corroboration_rule='second-authority-behind-a-slash:agency-roster-initialism'; authority_in_own_cfr_note='absent'; cfr_note_part='40 CFR 50'; authority_source='box'	42 USC 7408/CAA 108
ADDED	2060-AC06	199604	1	1	(no row) -> rin='2060-AC06'; publication_id='199604'; ordinal=1; authority_text='42 USC 7409/CAA 109'; authority_type='act_relative'; parse_status='corroborated'; usc_title=42; usc_section='7409'; act_key='clean air act'; act_section='109'; act_resolution_evidence='table3-classification'; usc_section_verdict='exists'; usc_section_attested_at_edition=True; corroboration_rule='second-authority-behind-a-slash:agency-roster-initialism'; authority_in_own_cfr_note='absent'; cfr_note_part='40 CFR 50'; authority_source='box'	42 USC 7409/CAA 109
ADDED	2060-AC06	199610	0	1	(no row) -> rin='2060-AC06'; publication_id='199610'; ordinal=0; authority_text='42 USC 7408/CAA 108'; authority_type='act_relative'; parse_status='corroborated'; usc_title=42; usc_section='7408'; act_key='clean air act'; act_section='108'; act_resolution_evidence='table3-classification'; usc_section_verdict='exists'; usc_section_attested_at_edition=True; corroboration_rule='second-authority-behind-a-slash:agency-roster-initialism'; authority_in_own_cfr_note='absent'; cfr_note_part='40 CFR 50'; authority_source='box'	42 USC 7408/CAA 108
ADDED	2060-AC06	199610	1	1	(no row) -> rin='2060-AC06'; publication_id='199610'; ordinal=1; authority_text='42 USC 7409/CAA 109'; authority_type='act_relative'; parse_status='corroborated'; usc_title=42; usc_section='7409'; act_key='clean air act'; act_section='109'; act_resolution_evidence='table3-classification'; usc_section_verdict='exists'; usc_section_attested_at_edition=True; corroboration_rule='second-authority-behind-a-slash:agency-roster-initialism'; authority_in_own_cfr_note='absent'; cfr_note_part='40 CFR 50'; authority_source='box'	42 USC 7409/CAA 109
ADDED	2060-AC06	199704	0	1	(no row) -> rin='2060-AC06'; publication_id='199704'; ordinal=0; authority_text='42 USC 7408/CAA 108'; authority_type='act_relative'; parse_status='corroborated'; usc_title=42; usc_section='7408'; act_key='clean air act'; act_section='108'; act_resolution_evidence='table3-classification'; usc_section_verdict='exists'; usc_section_attested_at_edition=True; corroboration_rule='second-authority-behind-a-slash:agency-roster-initialism'; authority_in_own_cfr_note='absent'; cfr_note_part='40 CFR 50'; authority_source='box'	42 USC 7408/CAA 108
ADDED	2060-AC06	199704	1	1	(no row) -> rin='2060-AC06'; publication_id='199704'; ordinal=1; authority_text='42 USC 7409/CAA 109'; authority_type='act_relative'; parse_status='corroborated'; usc_title=42; usc_section='7409'; act_key='clean air act'; act_section='109'; act_resolution_evidence='table3-classification'; usc_section_verdict='exists'; usc_section_attested_at_edition=True; corroboration_rule='second-authority-behind-a-slash:agency-roster-initialism'; authority_in_own_cfr_note='absent'; cfr_note_part='40 CFR 50'; authority_source='box'	42 USC 7409/CAA 109
ADDED	2060-AC42	199510	0	1	(no row) -> rin='2060-AC42'; publication_id='199510'; ordinal=0; authority_text='42 USC 7411/CAA 111'; authority_type='act_relative'; parse_status='corroborated'; usc_title=42; usc_section='7411'; act_key='clean air act'; act_section='111'; act_resolution_evidence='table3-classification'; usc_section_verdict='exists'; usc_section_attested_at_edition=True; corroboration_rule='second-authority-behind-a-slash:agency-roster-initialism'; authority_in_own_cfr_note='absent'; cfr_note_part='40 CFR 60'; authority_source='box'	42 USC 7411/CAA 111
ADDED	2060-AC42	199604	0	1	(no row) -> rin='2060-AC42'; publication_id='199604'; ordinal=0; authority_text='42 USC 7411/CAA 111'; authority_type='act_relative'; parse_status='corroborated'; usc_title=42; usc_section='7411'; act_key='clean air act'; act_section='111'; act_resolution_evidence='table3-classification'; usc_section_verdict='exists'; usc_section_attested_at_edition=True; corroboration_rule='second-authority-behind-a-slash:agency-roster-initialism'; authority_in_own_cfr_note='absent'; cfr_note_part='40 CFR 60'; authority_source='box'	42 USC 7411/CAA 111
ADDED	2060-AC42	199610	0	1	(no row) -> rin='2060-AC42'; publication_id='199610'; ordinal=0; authority_text='42 USC 7411/CAA 111'; authority_type='act_relative'; parse_status='corroborated'; usc_title=42; usc_section='7411'; act_key='clean air act'; act_section='111'; act_resolution_evidence='table3-classification'; usc_section_verdict='exists'; usc_section_attested_at_edition=True; corroboration_rule='second-authority-behind-a-slash:agency-roster-initialism'; authority_in_own_cfr_note='absent'; cfr_note_part='40 CFR 60'; authority_source='box'	42 USC 7411/CAA 111
ADDED	2060-AC50	199510	0	1	(no row) -> rin='2060-AC50'; publication_id='199510'; ordinal=0; authority_text='42 USC 7541(b)/CAA 207(b)'; authority_type='act_relative'; parse_status='corroborated'; usc_title=42; usc_section='7541'; act_key='clean air act'; act_section='207'; act_resolution_evidence='table3-classification'; usc_section_verdict='exists'; usc_section_attested_at_edition=True; corroboration_rule='second-authority-behind-a-slash:agency-roster-initialism'; authority_in_own_cfr_note='absent'; cfr_note_part='40 CFR 85'; authority_source='box'	42 USC 7541(b)/CAA 207(b)
ADDED	2060-AC50	199604	0	1	(no row) -> rin='2060-AC50'; publication_id='199604'; ordinal=0; authority_text='42 USC 7541(b)/CAA 207(b)'; authority_type='act_relative'; parse_status='corroborated'; usc_title=42; usc_section='7541'; act_key='clean air act'; act_section='207'; act_resolution_evidence='table3-classification'; usc_section_verdict='exists'; usc_section_attested_at_edition=True; corroboration_rule='second-authority-behind-a-slash:agency-roster-initialism'; authority_in_own_cfr_note='absent'; cfr_note_part='40 CFR 85'; authority_source='box'	42 USC 7541(b)/CAA 207(b)
ADDED	2060-AC50	199610	0	1	(no row) -> rin='2060-AC50'; publication_id='199610'; ordinal=0; authority_text='42 USC 7541(b)/CAA 207(b)'; authority_type='act_relative'; parse_status='corroborated'; usc_title=42; usc_section='7541'; act_key='clean air act'; act_section='207'; act_resolution_evidence='table3-classification'; usc_section_verdict='exists'; usc_section_attested_at_edition=True; corroboration_rule='second-authority-behind-a-slash:agency-roster-initialism'; authority_in_own_cfr_note='absent'; cfr_note_part='40 CFR 85'; authority_source='box'	42 USC 7541(b)/CAA 207(b)
ADDED	2060-AC58	199510	0	1	(no row) -> rin='2060-AC58'; publication_id='199510'; ordinal=0; authority_text='42 USC 7522/CAA 203'; authority_type='act_relative'; parse_status='corroborated'; usc_title=42; usc_section='7522'; act_key='clean air act'; act_section='203'; act_resolution_evidence='table3-classification'; usc_section_verdict='exists'; usc_section_attested_at_edition=True; corroboration_rule='second-authority-behind-a-slash:agency-roster-initialism'; authority_in_own_cfr_note='absent'; cfr_note_part='40 CFR 85'; authority_source='box'	42 USC 7522/CAA 203
ADDED	2060-AC58	199510	1	1	(no row) -> rin='2060-AC58'; publication_id='199510'; ordinal=1; authority_text='42 USC 7525/CAA 206'; authority_type='act_relative'; parse_status='corroborated'; usc_title=42; usc_section='7525'; act_key='clean air act'; act_section='206'; act_resolution_evidence='table3-classification'; usc_section_verdict='exists'; usc_section_attested_at_edition=True; corroboration_rule='second-authority-behind-a-slash:agency-roster-initialism'; authority_in_own_cfr_note='absent'; cfr_note_part='40 CFR 85'; authority_source='box'	42 USC 7525/CAA 206
ADDED	2060-AC58	199510	2	1	(no row) -> rin='2060-AC58'; publication_id='199510'; ordinal=2; authority_text='42 USC 7541/CAA 207'; authority_type='act_relative'; parse_status='corroborated'; usc_title=42; usc_section='7541'; act_key='clean air act'; act_section='207'; act_resolution_evidence='table3-classification'; usc_section_verdict='exists'; usc_section_attested_at_edition=True; corroboration_rule='second-authority-behind-a-slash:agency-roster-initialism'; authority_in_own_cfr_note='absent'; cfr_note_part='40 CFR 85'; authority_source='box'	42 USC 7541/CAA 207
ADDED	2060-AC58	199510	3	1	(no row) -> rin='2060-AC58'; publication_id='199510'; ordinal=3; authority_text='42 USC 7542/CAA 208'; authority_type='act_relative'; parse_status='corroborated'; usc_title=42; usc_section='7542'; act_key='clean air act'; act_section='208'; act_resolution_evidence='table3-classification'; usc_section_verdict='exists'; usc_section_attested_at_edition=True; corroboration_rule='second-authority-behind-a-slash:agency-roster-initialism'; authority_in_own_cfr_note='absent'; cfr_note_part='40 CFR 85'; authority_source='box'	42 USC 7542/CAA 208
ADDED	2060-AC58	199510	4	1	(no row) -> rin='2060-AC58'; publication_id='199510'; ordinal=4; authority_text='42 USC 7601/CAA 301'; authority_type='act_relative'; parse_status='corroborated'; usc_title=42; usc_section='7601'; act_key='clean air act'; act_section='301'; act_resolution_evidence='table3-classification'; usc_section_verdict='exists'; usc_section_attested_at_edition=True; corroboration_rule='second-authority-behind-a-slash:agency-roster-initialism'; authority_in_own_cfr_note='absent'; cfr_note_part='40 CFR 85'; authority_source='box'	42 USC 7601/CAA 301
ADDED	2060-AC58	199510	5	1	(no row) -> rin='2060-AC58'; publication_id='199510'; ordinal=5; authority_text='42 USC 7522/CAA 203'; authority_type='act_relative'; parse_status='corroborated'; usc_title=42; usc_section='7522'; act_key='clean air act'; act_section='203'; act_resolution_evidence='table3-classification'; usc_section_verdict='exists'; usc_section_attested_at_edition=True; corroboration_rule='second-authority-behind-a-slash:agency-roster-initialism'; authority_in_own_cfr_note='absent'; cfr_note_part='40 CFR 85'; authority_source='box'	42 USC 7522/CAA 203
ADDED	2060-AC58	199510	6	1	(no row) -> rin='2060-AC58'; publication_id='199510'; ordinal=6; authority_text='42 USC 7550/CAA 216'; authority_type='act_relative'; parse_status='corroborated'; usc_title=42; usc_section='7550'; act_key='clean air act'; act_section='216'; act_resolution_evidence='table3-classification'; usc_section_verdict='exists'; usc_section_attested_at_edition=True; corroboration_rule='second-authority-behind-a-slash:agency-roster-initialism'; authority_in_own_cfr_note='absent'; cfr_note_part='40 CFR 85'; authority_source='box'	42 USC 7550/CAA 216
ADDED	2060-AC58	199510	7	1	(no row) -> rin='2060-AC58'; publication_id='199510'; ordinal=7; authority_text='42 USC 7601/CAA 301'; authority_type='act_relative'; parse_status='corroborated'; usc_title=42; usc_section='7601'; act_key='clean air act'; act_section='301'; act_resolution_evidence='table3-classification'; usc_section_verdict='exists'; usc_section_attested_at_edition=True; corroboration_rule='second-authority-behind-a-slash:agency-roster-initialism'; authority_in_own_cfr_note='absent'; cfr_note_part='40 CFR 85'; authority_source='box'	42 USC 7601/CAA 301
ADDED	2060-AC58	199604	0	1	(no row) -> rin='2060-AC58'; publication_id='199604'; ordinal=0; authority_text='42 USC 7522/CAA 203'; authority_type='act_relative'; parse_status='corroborated'; usc_title=42; usc_section='7522'; act_key='clean air act'; act_section='203'; act_resolution_evidence='table3-classification'; usc_section_verdict='exists'; usc_section_attested_at_edition=True; corroboration_rule='second-authority-behind-a-slash:agency-roster-initialism'; authority_in_own_cfr_note='absent'; cfr_note_part='40 CFR 85'; authority_source='box'	42 USC 7522/CAA 203
ADDED	2060-AC58	199604	1	1	(no row) -> rin='2060-AC58'; publication_id='199604'; ordinal=1; authority_text='42 USC 7525/CAA 206'; authority_type='act_relative'; parse_status='corroborated'; usc_title=42; usc_section='7525'; act_key='clean air act'; act_section='206'; act_resolution_evidence='table3-classification'; usc_section_verdict='exists'; usc_section_attested_at_edition=True; corroboration_rule='second-authority-behind-a-slash:agency-roster-initialism'; authority_in_own_cfr_note='absent'; cfr_note_part='40 CFR 85'; authority_source='box'	42 USC 7525/CAA 206
ADDED	2060-AC58	199604	2	1	(no row) -> rin='2060-AC58'; publication_id='199604'; ordinal=2; authority_text='42 USC 7541/CAA 207'; authority_type='act_relative'; parse_status='corroborated'; usc_title=42; usc_section='7541'; act_key='clean air act'; act_section='207'; act_resolution_evidence='table3-classification'; usc_section_verdict='exists'; usc_section_attested_at_edition=True; corroboration_rule='second-authority-behind-a-slash:agency-roster-initialism'; authority_in_own_cfr_note='absent'; cfr_note_part='40 CFR 85'; authority_source='box'	42 USC 7541/CAA 207
ADDED	2060-AC58	199604	3	1	(no row) -> rin='2060-AC58'; publication_id='199604'; ordinal=3; authority_text='42 USC 7542/CAA 208'; authority_type='act_relative'; parse_status='corroborated'; usc_title=42; usc_section='7542'; act_key='clean air act'; act_section='208'; act_resolution_evidence='table3-classification'; usc_section_verdict='exists'; usc_section_attested_at_edition=True; corroboration_rule='second-authority-behind-a-slash:agency-roster-initialism'; authority_in_own_cfr_note='absent'; cfr_note_part='40 CFR 85'; authority_source='box'	42 USC 7542/CAA 208
ADDED	2060-AC58	199604	4	1	(no row) -> rin='2060-AC58'; publication_id='199604'; ordinal=4; authority_text='42 USC 7601/CAA 301'; authority_type='act_relative'; parse_status='corroborated'; usc_title=42; usc_section='7601'; act_key='clean air act'; act_section='301'; act_resolution_evidence='table3-classification'; usc_section_verdict='exists'; usc_section_attested_at_edition=True; corroboration_rule='second-authority-behind-a-slash:agency-roster-initialism'; authority_in_own_cfr_note='absent'; cfr_note_part='40 CFR 85'; authority_source='box'	42 USC 7601/CAA 301
ADDED	2060-AC58	199604	5	1	(no row) -> rin='2060-AC58'; publication_id='199604'; ordinal=5; authority_text='42 USC 7522/CAA 203'; authority_type='act_relative'; parse_status='corroborated'; usc_title=42; usc_section='7522'; act_key='clean air act'; act_section='203'; act_resolution_evidence='table3-classification'; usc_section_verdict='exists'; usc_section_attested_at_edition=True; corroboration_rule='second-authority-behind-a-slash:agency-roster-initialism'; authority_in_own_cfr_note='absent'; cfr_note_part='40 CFR 85'; authority_source='box'	42 USC 7522/CAA 203
ADDED	2060-AC58	199604	6	1	(no row) -> rin='2060-AC58'; publication_id='199604'; ordinal=6; authority_text='42 USC 7550/CAA 216'; authority_type='act_relative'; parse_status='corroborated'; usc_title=42; usc_section='7550'; act_key='clean air act'; act_section='216'; act_resolution_evidence='table3-classification'; usc_section_verdict='exists'; usc_section_attested_at_edition=True; corroboration_rule='second-authority-behind-a-slash:agency-roster-initialism'; authority_in_own_cfr_note='absent'; cfr_note_part='40 CFR 85'; authority_source='box'	42 USC 7550/CAA 216
ADDED	2060-AC58	199604	7	1	(no row) -> rin='2060-AC58'; publication_id='199604'; ordinal=7; authority_text='42 USC 7601/CAA 301'; authority_type='act_relative'; parse_status='corroborated'; usc_title=42; usc_section='7601'; act_key='clean air act'; act_section='301'; act_resolution_evidence='table3-classification'; usc_section_verdict='exists'; usc_section_attested_at_edition=True; corroboration_rule='second-authority-behind-a-slash:agency-roster-initialism'; authority_in_own_cfr_note='absent'; cfr_note_part='40 CFR 85'; authority_source='box'	42 USC 7601/CAA 301
ADDED	2060-AD04	199510	0	1	(no row) -> rin='2060-AD04'; publication_id='199510'; ordinal=0; authority_text='42 USC 7411/CAA 111'; authority_type='act_relative'; parse_status='corroborated'; usc_title=42; usc_section='7408'; act_key='clean air act amendments of 1990'; act_section='111'; act_resolution_evidence='table3-classification'; usc_section_verdict='exists'; usc_section_attested_at_edition=True; corroboration_rule='second-authority-behind-a-slash:agency-roster-initialism'; authority_in_own_cfr_note='absent'; cfr_note_part='40 CFR 60'; authority_source='box'	42 USC 7411/CAA 111
ADDED	2060-AD04	199604	0	1	(no row) -> rin='2060-AD04'; publication_id='199604'; ordinal=0; authority_text='42 USC 7411/CAA 111'; authority_type='act_relative'; parse_status='corroborated'; usc_title=42; usc_section='7408'; act_key='clean air act amendments of 1990'; act_section='111'; act_resolution_evidence='table3-classification'; usc_section_verdict='exists'; usc_section_attested_at_edition=True; corroboration_rule='second-authority-behind-a-slash:agency-roster-initialism'; authority_in_own_cfr_note='absent'; cfr_note_part='40 CFR 60'; authority_source='box'	42 USC 7411/CAA 111
ADDED	2060-AD04	199610	0	1	(no row) -> rin='2060-AD04'; publication_id='199610'; ordinal=0; authority_text='42 USC 7411/CAA 111'; authority_type='act_relative'; parse_status='corroborated'; usc_title=42; usc_section='7408'; act_key='clean air act amendments of 1990'; act_section='111'; act_resolution_evidence='table3-classification'; usc_section_verdict='exists'; usc_section_attested_at_edition=True; corroboration_rule='second-authority-behind-a-slash:agency-roster-initialism'; authority_in_own_cfr_note='absent'; cfr_note_part='40 CFR 60'; authority_source='box'	42 USC 7411/CAA 111
ADDED	2060-AD04	199704	0	1	(no row) -> rin='2060-AD04'; publication_id='199704'; ordinal=0; authority_text='42 USC 7411/CAA 111'; authority_type='act_relative'; parse_status='corroborated'; usc_title=42; usc_section='7408'; act_key='clean air act amendments of 1990'; act_section='111'; act_resolution_evidence='table3-classification'; usc_section_verdict='exists'; usc_section_attested_at_edition=True; corroboration_rule='second-authority-behind-a-slash:agency-roster-initialism'; authority_in_own_cfr_note='absent'; cfr_note_part='40 CFR 60'; authority_source='box'	42 USC 7411/CAA 111
ADDED	2060-AD60	199510	0	1	(no row) -> rin='2060-AD60'; publication_id='199510'; ordinal=0; authority_text='42 USC 7607/CAA 112'; authority_type='act_relative'; parse_status='corroborated'; usc_title=42; usc_section='7412'; act_key='clean air act'; act_section='112'; act_resolution_evidence='table3-classification'; usc_section_verdict='exists'; usc_section_attested_at_edition=True; corroboration_rule='second-authority-behind-a-slash:agency-roster-initialism'; authority_in_own_cfr_note='absent'; cfr_note_part='40 CFR 63'; authority_source='box'	42 USC 7607/CAA 112
ADDED	2060-AD60	199604	0	1	(no row) -> rin='2060-AD60'; publication_id='199604'; ordinal=0; authority_text='42 USC 7607/CAA 112'; authority_type='act_relative'; parse_status='corroborated'; usc_title=42; usc_section='7412'; act_key='clean air act'; act_section='112'; act_resolution_evidence='table3-classification'; usc_section_verdict='exists'; usc_section_attested_at_edition=True; corroboration_rule='second-authority-behind-a-slash:agency-roster-initialism'; authority_in_own_cfr_note='absent'; cfr_note_part='40 CFR 63'; authority_source='box'	42 USC 7607/CAA 112
ADDED	2060-AD60	199610	0	1	(no row) -> rin='2060-AD60'; publication_id='199610'; ordinal=0; authority_text='42 USC 7607/CAA 112'; authority_type='act_relative'; parse_status='corroborated'; usc_title=42; usc_section='7412'; act_key='clean air act'; act_section='112'; act_resolution_evidence='table3-classification'; usc_section_verdict='exists'; usc_section_attested_at_edition=True; corroboration_rule='second-authority-behind-a-slash:agency-roster-initialism'; authority_in_own_cfr_note='absent'; cfr_note_part='40 CFR 63'; authority_source='box'	42 USC 7607/CAA 112
ADDED	2060-AD77	199510	0	1	(no row) -> rin='2060-AD77'; publication_id='199510'; ordinal=0; authority_text='42 USC 7545/CAAA 211(f)'; authority_type='act_relative'; parse_status='corroborated'; usc_title=42; usc_section='7542'; act_key='clean air act amendments of 1990'; act_section='211'; act_resolution_evidence='table3-classification'; usc_section_verdict='exists'; usc_section_attested_at_edition=True; corroboration_rule='second-authority-behind-a-slash:agency-roster-initialism'; authority_in_own_cfr_note='absent'; cfr_note_part='40 CFR 80'; authority_source='box'	42 USC 7545/CAAA 211(f)
ADDED	2060-AD77	199604	0	1	(no row) -> rin='2060-AD77'; publication_id='199604'; ordinal=0; authority_text='42 USC 7545/CAAA 211(f)'; authority_type='act_relative'; parse_status='corroborated'; usc_title=42; usc_section='7542'; act_key='clean air act amendments of 1990'; act_section='211'; act_resolution_evidence='table3-classification'; usc_section_verdict='exists'; usc_section_attested_at_edition=True; corroboration_rule='second-authority-behind-a-slash:agency-roster-initialism'; authority_in_own_cfr_note='absent'; cfr_note_part='40 CFR 80'; authority_source='box'	42 USC 7545/CAAA 211(f)
ADDED	2060-AD77	199610	0	1	(no row) -> rin='2060-AD77'; publication_id='199610'; ordinal=0; authority_text='42 USC 7545/CAAA 211(f)'; authority_type='act_relative'; parse_status='corroborated'; usc_title=42; usc_section='7542'; act_key='clean air act amendments of 1990'; act_section='211'; act_resolution_evidence='table3-classification'; usc_section_verdict='exists'; usc_section_attested_at_edition=True; corroboration_rule='second-authority-behind-a-slash:agency-roster-initialism'; authority_in_own_cfr_note='absent'; cfr_note_part='40 CFR 80'; authority_source='box'	42 USC 7545/CAAA 211(f)
ADDED	2060-AD77	199704	0	1	(no row) -> rin='2060-AD77'; publication_id='199704'; ordinal=0; authority_text='42 USC 7545/CAAA 211(f)'; authority_type='act_relative'; parse_status='corroborated'; usc_title=42; usc_section='7542'; act_key='clean air act amendments of 1990'; act_section='211'; act_resolution_evidence='table3-classification'; usc_section_verdict='exists'; usc_section_attested_at_edition=True; corroboration_rule='second-authority-behind-a-slash:agency-roster-initialism'; authority_in_own_cfr_note='absent'; cfr_note_part='40 CFR 80'; authority_source='box'	42 USC 7545/CAAA 211(f)
ADDED	2060-AD82	199510	0	1	(no row) -> rin='2060-AD82'; publication_id='199510'; ordinal=0; authority_text='42 USC 7413(d)/CAAA 113(d)'; authority_type='act_relative'; parse_status='corroborated'; act_key='clean air act amendments of 1990'; act_section='113'; act_resolution_reason='act_section_not_classified'; corroboration_rule='second-authority-behind-a-slash:agency-roster-initialism'; authority_in_own_cfr_note='absent'; cfr_note_part='40 CFR 59'; authority_source='box'	42 USC 7413(d)/CAAA 113(d)
ADDED	2060-AD82	199604	0	1	(no row) -> rin='2060-AD82'; publication_id='199604'; ordinal=0; authority_text='42 USC 7413(d)/CAAA 113(d)'; authority_type='act_relative'; parse_status='corroborated'; act_key='clean air act amendments of 1990'; act_section='113'; act_resolution_reason='act_section_not_classified'; corroboration_rule='second-authority-behind-a-slash:agency-roster-initialism'; authority_in_own_cfr_note='absent'; cfr_note_part='40 CFR 59'; authority_source='box'	42 USC 7413(d)/CAAA 113(d)
ADDED	2060-AD82	199610	0	1	(no row) -> rin='2060-AD82'; publication_id='199610'; ordinal=0; authority_text='42 USC 7413(d)/CAAA 113(d)'; authority_type='act_relative'; parse_status='corroborated'; act_key='clean air act amendments of 1990'; act_section='113'; act_resolution_reason='act_section_not_classified'; corroboration_rule='second-authority-behind-a-slash:agency-roster-initialism'; authority_in_own_cfr_note='absent'; cfr_note_part='40 CFR 59'; authority_source='box'	42 USC 7413(d)/CAAA 113(d)
ADDED	2060-AD82	199704	0	1	(no row) -> rin='2060-AD82'; publication_id='199704'; ordinal=0; authority_text='42 USC 7413(d)/CAAA 113(d)'; authority_type='act_relative'; parse_status='corroborated'; act_key='clean air act amendments of 1990'; act_section='113'; act_resolution_reason='act_section_not_classified'; corroboration_rule='second-authority-behind-a-slash:agency-roster-initialism'; authority_in_own_cfr_note='absent'; cfr_note_part='40 CFR 59'; authority_source='box'	42 USC 7413(d)/CAAA 113(d)
ADDED	2060-AD84	199510	0	1	(no row) -> rin='2060-AD84'; publication_id='199510'; ordinal=0; authority_text='42 USC 7410/CAA 110'; authority_type='act_relative'; parse_status='corroborated'; usc_title=42; usc_section='7410'; act_key='clean air act'; act_section='110'; act_resolution_evidence='table3-classification'; usc_section_verdict='exists'; usc_section_attested_at_edition=True; corroboration_rule='second-authority-behind-a-slash:agency-roster-initialism'; authority_source='box'	42 USC 7410/CAA 110
ADDED	2060-AD90	199510	0	1	(no row) -> rin='2060-AD90'; publication_id='199510'; ordinal=0; authority_text='42 USC 7525/CAA 206(b)'; authority_type='act_relative'; parse_status='corroborated'; usc_title=42; usc_section='7525'; act_key='clean air act'; act_section='206'; act_resolution_evidence='table3-classification'; usc_section_verdict='exists'; usc_section_attested_at_edition=True; corroboration_rule='second-authority-behind-a-slash:agency-roster-initialism'; authority_in_own_cfr_note='absent'; cfr_note_part='40 CFR 86'; authority_source='box'	42 USC 7525/CAA 206(b)
ADDED	2060-AD90	199604	0	1	(no row) -> rin='2060-AD90'; publication_id='199604'; ordinal=0; authority_text='42 USC 7525/CAA 206(b)'; authority_type='act_relative'; parse_status='corroborated'; usc_title=42; usc_section='7525'; act_key='clean air act'; act_section='206'; act_resolution_evidence='table3-classification'; usc_section_verdict='exists'; usc_section_attested_at_edition=True; corroboration_rule='second-authority-behind-a-slash:agency-roster-initialism'; authority_in_own_cfr_note='absent'; cfr_note_part='40 CFR 86'; authority_source='box'	42 USC 7525/CAA 206(b)
ADDED	2060-AD90	199610	0	1	(no row) -> rin='2060-AD90'; publication_id='199610'; ordinal=0; authority_text='42 USC 7525/CAA 206(b)'; authority_type='act_relative'; parse_status='corroborated'; usc_title=42; usc_section='7525'; act_key='clean air act'; act_section='206'; act_resolution_evidence='table3-classification'; usc_section_verdict='exists'; usc_section_attested_at_edition=True; corroboration_rule='second-authority-behind-a-slash:agency-roster-initialism'; authority_in_own_cfr_note='absent'; cfr_note_part='40 CFR 86'; authority_source='box'	42 USC 7525/CAA 206(b)
ADDED	2060-AD90	199704	0	1	(no row) -> rin='2060-AD90'; publication_id='199704'; ordinal=0; authority_text='42 USC 7525/CAA 206(b)'; authority_type='act_relative'; parse_status='corroborated'; usc_title=42; usc_section='7525'; act_key='clean air act'; act_section='206'; act_resolution_evidence='table3-classification'; usc_section_verdict='exists'; usc_section_attested_at_edition=True; corroboration_rule='second-authority-behind-a-slash:agency-roster-initialism'; authority_in_own_cfr_note='absent'; cfr_note_part='40 CFR 86'; authority_source='box'	42 USC 7525/CAA 206(b)
ADDED	2060-AD90	199710	0	1	(no row) -> rin='2060-AD90'; publication_id='199710'; ordinal=0; authority_text='42 USC 7525/CAA 206(b)'; authority_type='act_relative'; parse_status='corroborated'; usc_title=42; usc_section='7525'; act_key='clean air act'; act_section='206'; act_resolution_evidence='table3-classification'; usc_section_verdict='exists'; usc_section_attested_at_edition=True; corroboration_rule='second-authority-behind-a-slash:agency-roster-initialism'; authority_in_own_cfr_note='absent'; cfr_note_part='40 CFR 86'; authority_source='box'	42 USC 7525/CAA 206(b)
ADDED	2060-AE06	199510	0	1	(no row) -> rin='2060-AE06'; publication_id='199510'; ordinal=0; authority_text='42 USC 7521/CAA 202'; authority_type='act_relative'; parse_status='corroborated'; usc_title=42; usc_section='7521'; act_key='clean air act'; act_section='202'; act_resolution_evidence='table3-classification'; usc_section_verdict='exists'; usc_section_attested_at_edition=True; corroboration_rule='second-authority-behind-a-slash:agency-roster-initialism'; authority_in_own_cfr_note='absent'; cfr_note_part='40 CFR 86'; authority_source='box'	42 USC 7521/CAA 202
ADDED	2060-AE06	199604	0	1	(no row) -> rin='2060-AE06'; publication_id='199604'; ordinal=0; authority_text='42 USC 7521/CAA 202'; authority_type='act_relative'; parse_status='corroborated'; usc_title=42; usc_section='7521'; act_key='clean air act'; act_section='202'; act_resolution_evidence='table3-classification'; usc_section_verdict='exists'; usc_section_attested_at_edition=True; corroboration_rule='second-authority-behind-a-slash:agency-roster-initialism'; authority_in_own_cfr_note='absent'; cfr_note_part='40 CFR 86'; authority_source='box'	42 USC 7521/CAA 202
ADDED	2060-AE06	199610	0	1	(no row) -> rin='2060-AE06'; publication_id='199610'; ordinal=0; authority_text='42 USC 7521/CAA 202'; authority_type='act_relative'; parse_status='corroborated'; usc_title=42; usc_section='7521'; act_key='clean air act'; act_section='202'; act_resolution_evidence='table3-classification'; usc_section_verdict='exists'; usc_section_attested_at_edition=True; corroboration_rule='second-authority-behind-a-slash:agency-roster-initialism'; authority_in_own_cfr_note='absent'; cfr_note_part='40 CFR 86'; authority_source='box'	42 USC 7521/CAA 202
ADDED	2060-AE07	199510	0	1	(no row) -> rin='2060-AE07'; publication_id='199510'; ordinal=0; authority_text='42 USC 7525/CAA 206'; authority_type='act_relative'; parse_status='corroborated'; usc_title=42; usc_section='7525'; act_key='clean air act'; act_section='206'; act_resolution_evidence='table3-classification'; usc_section_verdict='exists'; usc_section_attested_at_edition=True; corroboration_rule='second-authority-behind-a-slash:agency-roster-initialism'; authority_in_own_cfr_note='absent'; cfr_note_part='40 CFR 86'; authority_source='box'	42 USC 7525/CAA 206
ADDED	2060-AE07	199604	0	1	(no row) -> rin='2060-AE07'; publication_id='199604'; ordinal=0; authority_text='42 USC 7525/CAA 206'; authority_type='act_relative'; parse_status='corroborated'; usc_title=42; usc_section='7525'; act_key='clean air act'; act_section='206'; act_resolution_evidence='table3-classification'; usc_section_verdict='exists'; usc_section_attested_at_edition=True; corroboration_rule='second-authority-behind-a-slash:agency-roster-initialism'; authority_in_own_cfr_note='absent'; cfr_note_part='40 CFR 86'; authority_source='box'	42 USC 7525/CAA 206
ADDED	2060-AE29	199510	0	1	(no row) -> rin='2060-AE29'; publication_id='199510'; ordinal=0; authority_text='42 USC 7547/CAA 213'; authority_type='act_relative'; parse_status='corroborated'; usc_title=42; usc_section='7547'; act_key='clean air act'; act_section='213'; act_resolution_evidence='table3-classification'; usc_section_verdict='exists'; usc_section_attested_at_edition=True; corroboration_rule='second-authority-behind-a-slash:agency-roster-initialism'; authority_in_own_cfr_note='absent'; cfr_note_part='40 CFR 90'; authority_source='box'	42 USC 7547/CAA 213
ADDED	2060-AE29	199604	0	1	(no row) -> rin='2060-AE29'; publication_id='199604'; ordinal=0; authority_text='42 USC 7547/CAA 213'; authority_type='act_relative'; parse_status='corroborated'; usc_title=42; usc_section='7547'; act_key='clean air act'; act_section='213'; act_resolution_evidence='table3-classification'; usc_section_verdict='exists'; usc_section_attested_at_edition=True; corroboration_rule='second-authority-behind-a-slash:agency-roster-initialism'; authority_in_own_cfr_note='absent'; cfr_note_part='40 CFR 90'; authority_source='box'	42 USC 7547/CAA 213
ADDED	2060-AE29	199610	0	1	(no row) -> rin='2060-AE29'; publication_id='199610'; ordinal=0; authority_text='42 USC 7547/CAA 213'; authority_type='act_relative'; parse_status='corroborated'; usc_title=42; usc_section='7547'; act_key='clean air act'; act_section='213'; act_resolution_evidence='table3-classification'; usc_section_verdict='exists'; usc_section_attested_at_edition=True; corroboration_rule='second-authority-behind-a-slash:agency-roster-initialism'; authority_in_own_cfr_note='absent'; cfr_note_part='40 CFR 90'; authority_source='box'	42 USC 7547/CAA 213
ADDED	2060-AE29	199704	0	1	(no row) -> rin='2060-AE29'; publication_id='199704'; ordinal=0; authority_text='42 USC 7547/CAA 213'; authority_type='act_relative'; parse_status='corroborated'; usc_title=42; usc_section='7547'; act_key='clean air act'; act_section='213'; act_resolution_evidence='table3-classification'; usc_section_verdict='exists'; usc_section_attested_at_edition=True; corroboration_rule='second-authority-behind-a-slash:agency-roster-initialism'; authority_in_own_cfr_note='absent'; cfr_note_part='40 CFR 90'; authority_source='box'	42 USC 7547/CAA 213
ADDED	2060-AE29	199710	0	1	(no row) -> rin='2060-AE29'; publication_id='199710'; ordinal=0; authority_text='42 USC 7547/CAA 213'; authority_type='act_relative'; parse_status='corroborated'; usc_title=42; usc_section='7547'; act_key='clean air act'; act_section='213'; act_resolution_evidence='table3-classification'; usc_section_verdict='exists'; usc_section_attested_at_edition=True; corroboration_rule='second-authority-behind-a-slash:agency-roster-initialism'; authority_in_own_cfr_note='absent'; cfr_note_part='40 CFR 90'; authority_source='box'	42 USC 7547/CAA 213
ADDED	2060-AE55	199604	0	1	(no row) -> rin='2060-AE55'; publication_id='199604'; ordinal=0; authority_text='42 USC 7511/CAA 183'; authority_type='act_relative'; parse_status='corroborated'; usc_title=42; usc_section='7511b'; act_key='clean air act'; act_section='183'; act_resolution_evidence='table3-classification'; usc_section_verdict='exists'; usc_section_attested_at_edition=True; corroboration_rule='second-authority-behind-a-slash:agency-roster-initialism'; authority_in_own_cfr_note='absent'; cfr_note_part='40 CFR 59'; authority_source='box'	42 USC 7511/CAA 183
ADDED	2060-AE61	199510	0	2	(no row) -> rin='2060-AE61'; publication_id='199510'; ordinal=0; authority_text='42 USC 2021(h)/AEA 274(h)/Reorganization Plan No. 3 of 1970'; authority_type='act_relative'; parse_status='corroborated'; usc_title=42; usc_section='2021'; act_key='atomic energy act of 1954'; act_section='274'; act_resolution_evidence='table3-classification'; usc_section_verdict='exists'; usc_section_attested_at_edition=True; corroboration_rule='second-authority-behind-a-slash:agency-roster-initialism'; authority_source='box'	42 USC 2021(h)/AEA 274(h)/Reorganization Plan No. 3 of 1970
ADDED	2060-AE61	199604	0	2	(no row) -> rin='2060-AE61'; publication_id='199604'; ordinal=0; authority_text='42 USC 2021(h)/AEA 274(h)/Reorganization Plan No. 3 of 1970'; authority_type='act_relative'; parse_status='corroborated'; usc_title=42; usc_section='2021'; act_key='atomic energy act of 1954'; act_section='274'; act_resolution_evidence='table3-classification'; usc_section_verdict='exists'; usc_section_attested_at_edition=True; corroboration_rule='second-authority-behind-a-slash:agency-roster-initialism'; authority_source='box'	42 USC 2021(h)/AEA 274(h)/Reorganization Plan No. 3 of 1970
ADDED	2060-AE61	199610	0	2	(no row) -> rin='2060-AE61'; publication_id='199610'; ordinal=0; authority_text='42 USC 2021(h)/AEA 274(h)/Reorganization Plan No. 3 of 1970'; authority_type='act_relative'; parse_status='corroborated'; usc_title=42; usc_section='2021'; act_key='atomic energy act of 1954'; act_section='274'; act_resolution_evidence='table3-classification'; usc_section_verdict='exists'; usc_section_attested_at_edition=True; corroboration_rule='second-authority-behind-a-slash:agency-roster-initialism'; authority_source='box'	42 USC 2021(h)/AEA 274(h)/Reorganization Plan No. 3 of 1970
ADDED	2060-AE61	199704	0	2	(no row) -> rin='2060-AE61'; publication_id='199704'; ordinal=0; authority_text='42 USC 2021(h)/AEA 274(h)/Reorganization Plan No. 3 of 1970'; authority_type='act_relative'; parse_status='corroborated'; usc_title=42; usc_section='2021'; act_key='atomic energy act of 1954'; act_section='274'; act_resolution_evidence='table3-classification'; usc_section_verdict='exists'; usc_section_attested_at_edition=True; corroboration_rule='second-authority-behind-a-slash:agency-roster-initialism'; authority_source='box'	42 USC 2021(h)/AEA 274(h)/Reorganization Plan No. 3 of 1970
ADDED	2060-AE68	199510	0	1	(no row) -> rin='2060-AE68'; publication_id='199510'; ordinal=0; authority_text='42 USC 7545/CAA 211'; authority_type='act_relative'; parse_status='corroborated'; usc_title=42; usc_section='7545'; act_key='clean air act'; act_section='211'; act_resolution_evidence='table3-classification'; usc_section_verdict='exists'; usc_section_attested_at_edition=True; corroboration_rule='second-authority-behind-a-slash:agency-roster-initialism'; authority_in_own_cfr_note='absent'; cfr_note_part='40 CFR 86'; authority_source='box'	42 USC 7545/CAA 211
ADDED	2060-AE68	199604	0	1	(no row) -> rin='2060-AE68'; publication_id='199604'; ordinal=0; authority_text='42 USC 7545/CAA 211'; authority_type='act_relative'; parse_status='corroborated'; usc_title=42; usc_section='7545'; act_key='clean air act'; act_section='211'; act_resolution_evidence='table3-classification'; usc_section_verdict='exists'; usc_section_attested_at_edition=True; corroboration_rule='second-authority-behind-a-slash:agency-roster-initialism'; authority_in_own_cfr_note='absent'; cfr_note_part='40 CFR 86'; authority_source='box'	42 USC 7545/CAA 211
ADDED	2060-AE68	199610	0	1	(no row) -> rin='2060-AE68'; publication_id='199610'; ordinal=0; authority_text='42 USC 7545/CAA 211'; authority_type='act_relative'; parse_status='corroborated'; usc_title=42; usc_section='7545'; act_key='clean air act'; act_section='211'; act_resolution_evidence='table3-classification'; usc_section_verdict='exists'; usc_section_attested_at_edition=True; corroboration_rule='second-authority-behind-a-slash:agency-roster-initialism'; authority_in_own_cfr_note='absent'; cfr_note_part='40 CFR 86'; authority_source='box'	42 USC 7545/CAA 211
ADDED	2060-AE68	199704	0	1	(no row) -> rin='2060-AE68'; publication_id='199704'; ordinal=0; authority_text='42 USC 7545/CAA 211'; authority_type='act_relative'; parse_status='corroborated'; usc_title=42; usc_section='7545'; act_key='clean air act'; act_section='211'; act_resolution_evidence='table3-classification'; usc_section_verdict='exists'; usc_section_attested_at_edition=True; corroboration_rule='second-authority-behind-a-slash:agency-roster-initialism'; authority_in_own_cfr_note='absent'; cfr_note_part='40 CFR 86'; authority_source='box'	42 USC 7545/CAA 211
ADDED	2060-AF04	199510	0	1	(no row) -> rin='2060-AF04'; publication_id='199510'; ordinal=0; authority_text='42 USC 7401/CAA 112'; authority_type='act_relative'; parse_status='corroborated'; usc_title=42; usc_section='7412'; act_key='clean air act'; act_section='112'; act_resolution_evidence='table3-classification'; usc_section_verdict='exists'; usc_section_attested_at_edition=True; corroboration_rule='second-authority-behind-a-slash:agency-roster-initialism'; authority_in_own_cfr_note='absent'; cfr_note_part='40 CFR 61'; authority_source='box'	42 USC 7401/CAA 112
ADDED	2060-AF04	199604	0	1	(no row) -> rin='2060-AF04'; publication_id='199604'; ordinal=0; authority_text='42 USC 7401/CAA 112'; authority_type='act_relative'; parse_status='corroborated'; usc_title=42; usc_section='7412'; act_key='clean air act'; act_section='112'; act_resolution_evidence='table3-classification'; usc_section_verdict='exists'; usc_section_attested_at_edition=True; corroboration_rule='second-authority-behind-a-slash:agency-roster-initialism'; authority_in_own_cfr_note='absent'; cfr_note_part='40 CFR 61'; authority_source='box'	42 USC 7401/CAA 112
ADDED	2060-AF04	199610	0	1	(no row) -> rin='2060-AF04'; publication_id='199610'; ordinal=0; authority_text='42 USC 7401/CAA 112'; authority_type='act_relative'; parse_status='corroborated'; usc_title=42; usc_section='7412'; act_key='clean air act'; act_section='112'; act_resolution_evidence='table3-classification'; usc_section_verdict='exists'; usc_section_attested_at_edition=True; corroboration_rule='second-authority-behind-a-slash:agency-roster-initialism'; authority_in_own_cfr_note='absent'; cfr_note_part='40 CFR 61'; authority_source='box'	42 USC 7401/CAA 112
ADDED	2060-AF04	199704	0	1	(no row) -> rin='2060-AF04'; publication_id='199704'; ordinal=0; authority_text='42 USC 7401/CAA 112'; authority_type='act_relative'; parse_status='corroborated'; usc_title=42; usc_section='7412'; act_key='clean air act'; act_section='112'; act_resolution_evidence='table3-classification'; usc_section_verdict='exists'; usc_section_attested_at_edition=True; corroboration_rule='second-authority-behind-a-slash:agency-roster-initialism'; authority_in_own_cfr_note='absent'; cfr_note_part='40 CFR 61'; authority_source='box'	42 USC 7401/CAA 112
ADDED	2060-AF09	199510	0	1	(no row) -> rin='2060-AF09'; publication_id='199510'; ordinal=0; authority_text='42 USC 7401/CAA 112'; authority_type='act_relative'; parse_status='corroborated'; usc_title=42; usc_section='7412'; act_key='clean air act'; act_section='112'; act_resolution_evidence='table3-classification'; usc_section_verdict='exists'; usc_section_attested_at_edition=True; corroboration_rule='second-authority-behind-a-slash:agency-roster-initialism'; authority_in_own_cfr_note='absent'; cfr_note_part='40 CFR 63'; authority_source='box'	42 USC 7401/CAA 112
ADDED	2060-AF09	199604	0	1	(no row) -> rin='2060-AF09'; publication_id='199604'; ordinal=0; authority_text='42 USC 7401/CAA 112'; authority_type='act_relative'; parse_status='corroborated'; usc_title=42; usc_section='7412'; act_key='clean air act'; act_section='112'; act_resolution_evidence='table3-classification'; usc_section_verdict='exists'; usc_section_attested_at_edition=True; corroboration_rule='second-authority-behind-a-slash:agency-roster-initialism'; authority_in_own_cfr_note='absent'; cfr_note_part='40 CFR 63'; authority_source='box'	42 USC 7401/CAA 112
ADDED	2060-AF09	199610	0	1	(no row) -> rin='2060-AF09'; publication_id='199610'; ordinal=0; authority_text='42 USC 7401/CAA 112'; authority_type='act_relative'; parse_status='corroborated'; usc_title=42; usc_section='7412'; act_key='clean air act'; act_section='112'; act_resolution_evidence='table3-classification'; usc_section_verdict='exists'; usc_section_attested_at_edition=True; corroboration_rule='second-authority-behind-a-slash:agency-roster-initialism'; authority_in_own_cfr_note='absent'; cfr_note_part='40 CFR 63'; authority_source='box'	42 USC 7401/CAA 112
ADDED	2060-AF09	199704	0	1	(no row) -> rin='2060-AF09'; publication_id='199704'; ordinal=0; authority_text='42 USC 7401/CAA 112'; authority_type='act_relative'; parse_status='corroborated'; usc_title=42; usc_section='7412'; act_key='clean air act'; act_section='112'; act_resolution_evidence='table3-classification'; usc_section_verdict='exists'; usc_section_attested_at_edition=True; corroboration_rule='second-authority-behind-a-slash:agency-roster-initialism'; authority_in_own_cfr_note='absent'; cfr_note_part='40 CFR 63'; authority_source='box'	42 USC 7401/CAA 112
ADDED	2060-AF11	199510	0	1	(no row) -> rin='2060-AF11'; publication_id='199510'; ordinal=0; authority_text='42 USC 7401/CAA 112'; authority_type='act_relative'; parse_status='corroborated'; usc_title=42; usc_section='7412'; act_key='clean air act'; act_section='112'; act_resolution_evidence='table3-classification'; usc_section_verdict='exists'; usc_section_attested_at_edition=True; corroboration_rule='second-authority-behind-a-slash:agency-roster-initialism'; authority_source='box'	42 USC 7401/CAA 112
ADDED	2060-AF11	199604	0	1	(no row) -> rin='2060-AF11'; publication_id='199604'; ordinal=0; authority_text='42 USC 7401/CAA 112'; authority_type='act_relative'; parse_status='corroborated'; usc_title=42; usc_section='7412'; act_key='clean air act'; act_section='112'; act_resolution_evidence='table3-classification'; usc_section_verdict='exists'; usc_section_attested_at_edition=True; corroboration_rule='second-authority-behind-a-slash:agency-roster-initialism'; authority_source='box'	42 USC 7401/CAA 112
ADDED	2060-AF11	199610	0	1	(no row) -> rin='2060-AF11'; publication_id='199610'; ordinal=0; authority_text='42 USC 7401/CAA 112'; authority_type='act_relative'; parse_status='corroborated'; usc_title=42; usc_section='7412'; act_key='clean air act'; act_section='112'; act_resolution_evidence='table3-classification'; usc_section_verdict='exists'; usc_section_attested_at_edition=True; corroboration_rule='second-authority-behind-a-slash:agency-roster-initialism'; authority_source='box'	42 USC 7401/CAA 112
ADDED	2060-AF20	199510	0	1	(no row) -> rin='2060-AF20'; publication_id='199510'; ordinal=0; authority_text='42 USC 7521/CAA 202(m)'; authority_type='act_relative'; parse_status='corroborated'; usc_title=42; usc_section='7521'; act_key='clean air act'; act_section='202'; act_resolution_evidence='table3-classification'; usc_section_verdict='exists'; usc_section_attested_at_edition=True; corroboration_rule='second-authority-behind-a-slash:agency-roster-initialism'; authority_source='box'	42 USC 7521/CAA 202(m)
ADDED	2060-AF20	199604	0	1	(no row) -> rin='2060-AF20'; publication_id='199604'; ordinal=0; authority_text='42 USC 7521/CAA 202(m)'; authority_type='act_relative'; parse_status='corroborated'; usc_title=42; usc_section='7521'; act_key='clean air act'; act_section='202'; act_resolution_evidence='table3-classification'; usc_section_verdict='exists'; usc_section_attested_at_edition=True; corroboration_rule='second-authority-behind-a-slash:agency-roster-initialism'; authority_source='box'	42 USC 7521/CAA 202(m)
ADDED	2060-AF20	199610	0	1	(no row) -> rin='2060-AF20'; publication_id='199610'; ordinal=0; authority_text='42 USC 7521/CAA 202(m)'; authority_type='act_relative'; parse_status='corroborated'; usc_title=42; usc_section='7521'; act_key='clean air act'; act_section='202'; act_resolution_evidence='table3-classification'; usc_section_verdict='exists'; usc_section_attested_at_edition=True; corroboration_rule='second-authority-behind-a-slash:agency-roster-initialism'; authority_in_own_cfr_note='absent'; cfr_note_part='40 CFR 86'; authority_source='box'	42 USC 7521/CAA 202(m)
ADDED	2060-AF25	199510	0	1	(no row) -> rin='2060-AF25'; publication_id='199510'; ordinal=0; authority_text='42 USC 7521(a)/CAA 176(c)'; authority_type='act_relative'; parse_status='corroborated'; usc_title=42; usc_section='7506'; act_key='clean air act'; act_section='176'; act_resolution_evidence='table3-classification'; usc_section_verdict='exists'; usc_section_attested_at_edition=True; corroboration_rule='second-authority-behind-a-slash:agency-roster-initialism'; authority_in_own_cfr_note='absent'; cfr_note_part='40 CFR 51'; authority_source='box'	42 USC 7521(a)/CAA 176(c)
ADDED	2060-AF29	199904	0	1	(no row) -> rin='2060-AF29'; publication_id='199904'; ordinal=0; authority_text='42 USC 7412/CAA 112'; authority_type='act_relative'; parse_status='corroborated'; usc_title=42; usc_section='7412'; act_key='clean air act'; act_section='112'; act_resolution_evidence='table3-classification'; usc_section_verdict='exists'; usc_section_attested_at_edition=True; corroboration_rule='second-authority-behind-a-slash:agency-roster-initialism'; authority_in_own_cfr_note='absent'; cfr_note_part='40 CFR 63'; authority_source='box'	42 USC 7412/CAA 112
ADDED	2060-AF78	199510	0	1	(no row) -> rin='2060-AF78'; publication_id='199510'; ordinal=0; authority_text='42 USC 7547/CAA 213'; authority_type='act_relative'; parse_status='corroborated'; usc_title=42; usc_section='7547'; act_key='clean air act'; act_section='213'; act_resolution_evidence='table3-classification'; usc_section_verdict='exists'; usc_section_attested_at_edition=True; corroboration_rule='second-authority-behind-a-slash:agency-roster-initialism'; authority_in_own_cfr_note='absent'; cfr_note_part='40 CFR 90'; authority_source='box'	42 USC 7547/CAA 213
ADDED	2060-AF79	199510	0	1	(no row) -> rin='2060-AF79'; publication_id='199510'; ordinal=0; authority_text='42 USC 7405/CAA 105'; authority_type='act_relative'; parse_status='corroborated'; usc_title=42; usc_section='7405'; act_key='clean air act'; act_section='105'; act_resolution_evidence='table3-classification'; usc_section_verdict='exists'; usc_section_attested_at_edition=True; corroboration_rule='second-authority-behind-a-slash:agency-roster-initialism'; authority_in_own_cfr_note='absent'; cfr_note_part='40 CFR 35'; authority_source='box'	42 USC 7405/CAA 105
ADDED	2060-AF79	199604	0	1	(no row) -> rin='2060-AF79'; publication_id='199604'; ordinal=0; authority_text='42 USC 7405/CAA 105'; authority_type='act_relative'; parse_status='corroborated'; usc_title=42; usc_section='7405'; act_key='clean air act'; act_section='105'; act_resolution_evidence='table3-classification'; usc_section_verdict='exists'; usc_section_attested_at_edition=True; corroboration_rule='second-authority-behind-a-slash:agency-roster-initialism'; authority_in_own_cfr_note='absent'; cfr_note_part='40 CFR 35'; authority_source='box'	42 USC 7405/CAA 105
ADDED	2060-AF79	199610	0	1	(no row) -> rin='2060-AF79'; publication_id='199610'; ordinal=0; authority_text='42 USC 7405/CAA 105'; authority_type='act_relative'; parse_status='corroborated'; usc_title=42; usc_section='7405'; act_key='clean air act'; act_section='105'; act_resolution_evidence='table3-classification'; usc_section_verdict='exists'; usc_section_attested_at_edition=True; corroboration_rule='second-authority-behind-a-slash:agency-roster-initialism'; authority_in_own_cfr_note='absent'; cfr_note_part='40 CFR 35'; authority_source='box'	42 USC 7405/CAA 105
ADDED	2060-AF79	199704	0	1	(no row) -> rin='2060-AF79'; publication_id='199704'; ordinal=0; authority_text='42 USC 7405/CAA 105'; authority_type='act_relative'; parse_status='corroborated'; usc_title=42; usc_section='7405'; act_key='clean air act'; act_section='105'; act_resolution_evidence='table3-classification'; usc_section_verdict='exists'; usc_section_attested_at_edition=True; corroboration_rule='second-authority-behind-a-slash:agency-roster-initialism'; authority_in_own_cfr_note='absent'; cfr_note_part='40 CFR 35'; authority_source='box'	42 USC 7405/CAA 105
ADDED	2060-AF88	199510	0	1	(no row) -> rin='2060-AF88'; publication_id='199510'; ordinal=0; authority_text='42 USC 7410/CAA'; authority_type='act_relative'; parse_status='corroborated'; act_key='clean air act'; act_resolution_reason='no_section_stated'; corroboration_rule='second-authority-behind-a-slash:agency-roster-initialism'; authority_in_own_cfr_note='absent'; cfr_note_part='40 CFR 58'; authority_source='box'	42 USC 7410/CAA
ADDED	2060-AF88	199510	1	1	(no row) -> rin='2060-AF88'; publication_id='199510'; ordinal=1; authority_text='42 USC 7601(a)/CAA'; authority_type='act_relative'; parse_status='corroborated'; act_key='clean air act'; act_resolution_reason='no_section_stated'; corroboration_rule='second-authority-behind-a-slash:agency-roster-initialism'; authority_in_own_cfr_note='absent'; cfr_note_part='40 CFR 58'; authority_source='box'	42 USC 7601(a)/CAA
ADDED	2060-AF88	199510	2	1	(no row) -> rin='2060-AF88'; publication_id='199510'; ordinal=2; authority_text='42 USC 7613/CAA'; authority_type='act_relative'; parse_status='corroborated'; act_key='clean air act'; act_resolution_reason='no_section_stated'; corroboration_rule='second-authority-behind-a-slash:agency-roster-initialism'; authority_in_own_cfr_note='absent'; cfr_note_part='40 CFR 58'; authority_source='box'	42 USC 7613/CAA
ADDED	2060-AF88	199510	3	1	(no row) -> rin='2060-AF88'; publication_id='199510'; ordinal=3; authority_text='42 USC 7619/CAA'; authority_type='act_relative'; parse_status='corroborated'; act_key='clean air act'; act_resolution_reason='no_section_stated'; corroboration_rule='second-authority-behind-a-slash:agency-roster-initialism'; authority_in_own_cfr_note='absent'; cfr_note_part='40 CFR 58'; authority_source='box'	42 USC 7619/CAA
ADDED	2060-AF95	199510	0	1	(no row) -> rin='2060-AF95'; publication_id='199510'; ordinal=0; authority_text='42 USC 7521(a)/CAA 176(c)'; authority_type='act_relative'; parse_status='corroborated'; usc_title=42; usc_section='7506'; act_key='clean air act'; act_section='176'; act_resolution_evidence='table3-classification'; usc_section_verdict='exists'; usc_section_attested_at_edition=True; corroboration_rule='second-authority-behind-a-slash:agency-roster-initialism'; authority_in_own_cfr_note='absent'; cfr_note_part='40 CFR 51'; authority_source='box'	42 USC 7521(a)/CAA 176(c)
ADDED	2060-AG11	199510	0	1	(no row) -> rin='2060-AG11'; publication_id='199510'; ordinal=0; authority_text='42 USC 7401 to 7671q/CAA 182'; authority_type='act_relative'; parse_status='corroborated'; usc_title=42; usc_section='7511a'; act_key='clean air act'; act_section='182'; act_resolution_evidence='table3-classification'; usc_section_verdict='exists'; usc_section_attested_at_edition=True; corroboration_rule='second-authority-behind-a-slash:agency-roster-initialism'; authority_in_own_cfr_note='absent'; cfr_note_part='40 CFR 51'; authority_source='box'	42 USC 7401 to 7671q/CAA 182
ADDED	2060-AG12	199510	0	3	(no row) -> rin='2060-AG12'; publication_id='199510'; ordinal=0; authority_text='42 USC 7414, 7601, 7671 / Clean Air Act section 612'; authority_type='act_relative'; parse_status='corroborated'; usc_title=42; usc_section='7671k'; act_key='clean air act'; act_section='612'; act_resolution_evidence='table3-classification'; usc_section_verdict='exists'; usc_section_attested_at_edition=True; corroboration_rule='second-authority-behind-a-slash:index-holds-the-stated-name'; authority_in_own_cfr_note='absent'; cfr_note_part='40 CFR 9'; authority_source='box'	42 USC 7414, 7601, 7671 / Clean Air Act section 612
ADDED	2060-AG12	199604	0	3	(no row) -> rin='2060-AG12'; publication_id='199604'; ordinal=0; authority_text='42 USC 7414, 7601, 7671 / Clean Air Act section 612'; authority_type='act_relative'; parse_status='corroborated'; usc_title=42; usc_section='7671k'; act_key='clean air act'; act_section='612'; act_resolution_evidence='table3-classification'; usc_section_verdict='exists'; usc_section_attested_at_edition=True; corroboration_rule='second-authority-behind-a-slash:index-holds-the-stated-name'; authority_in_own_cfr_note='absent'; cfr_note_part='40 CFR 9'; authority_source='box'	42 USC 7414, 7601, 7671 / Clean Air Act section 612
ADDED	2060-AG12	199610	0	3	(no row) -> rin='2060-AG12'; publication_id='199610'; ordinal=0; authority_text='42 USC 7414, 7601, 7671 / Clean Air Act section 612'; authority_type='act_relative'; parse_status='corroborated'; usc_title=42; usc_section='7671k'; act_key='clean air act'; act_section='612'; act_resolution_evidence='table3-classification'; usc_section_verdict='exists'; usc_section_attested_at_edition=True; corroboration_rule='second-authority-behind-a-slash:index-holds-the-stated-name'; authority_in_own_cfr_note='absent'; cfr_note_part='40 CFR 9'; authority_source='box'	42 USC 7414, 7601, 7671 / Clean Air Act section 612
ADDED	2060-AG12	199704	0	3	(no row) -> rin='2060-AG12'; publication_id='199704'; ordinal=0; authority_text='42 USC 7414, 7601, 7671 / Clean Air Act section 612'; authority_type='act_relative'; parse_status='corroborated'; usc_title=42; usc_section='7671k'; act_key='clean air act'; act_section='612'; act_resolution_evidence='table3-classification'; usc_section_verdict='exists'; usc_section_attested_at_edition=True; corroboration_rule='second-authority-behind-a-slash:index-holds-the-stated-name'; authority_in_own_cfr_note='absent'; cfr_note_part='40 CFR 9'; authority_source='box'	42 USC 7414, 7601, 7671 / Clean Air Act section 612
ADDED	2060-AG16	199510	0	1	(no row) -> rin='2060-AG16'; publication_id='199510'; ordinal=0; authority_text='42 USC 7521(a)/CAA 176(c)'; authority_type='act_relative'; parse_status='corroborated'; usc_title=42; usc_section='7506'; act_key='clean air act'; act_section='176'; act_resolution_evidence='table3-classification'; usc_section_verdict='exists'; usc_section_attested_at_edition=True; corroboration_rule='second-authority-behind-a-slash:agency-roster-initialism'; authority_in_own_cfr_note='absent'; cfr_note_part='40 CFR 51'; authority_source='box'	42 USC 7521(a)/CAA 176(c)
ADDED	2060-AG16	199604	0	1	(no row) -> rin='2060-AG16'; publication_id='199604'; ordinal=0; authority_text='42 USC 7521(a)/CAA 176(c)'; authority_type='act_relative'; parse_status='corroborated'; usc_title=42; usc_section='7506'; act_key='clean air act'; act_section='176'; act_resolution_evidence='table3-classification'; usc_section_verdict='exists'; usc_section_attested_at_edition=True; corroboration_rule='second-authority-behind-a-slash:agency-roster-initialism'; authority_in_own_cfr_note='absent'; cfr_note_part='40 CFR 51'; authority_source='box'	42 USC 7521(a)/CAA 176(c)
ADDED	2060-AG16	199610	0	1	(no row) -> rin='2060-AG16'; publication_id='199610'; ordinal=0; authority_text='42 USC 7521(a)/CAA 176(c)'; authority_type='act_relative'; parse_status='corroborated'; usc_title=42; usc_section='7506'; act_key='clean air act'; act_section='176'; act_resolution_evidence='table3-classification'; usc_section_verdict='exists'; usc_section_attested_at_edition=True; corroboration_rule='second-authority-behind-a-slash:agency-roster-initialism'; authority_in_own_cfr_note='absent'; cfr_note_part='40 CFR 51'; authority_source='box'	42 USC 7521(a)/CAA 176(c)
ADDED	2060-AG16	199704	0	1	(no row) -> rin='2060-AG16'; publication_id='199704'; ordinal=0; authority_text='42 USC 7521(a)/CAA 176(c)'; authority_type='act_relative'; parse_status='corroborated'; usc_title=42; usc_section='7506'; act_key='clean air act'; act_section='176'; act_resolution_evidence='table3-classification'; usc_section_verdict='exists'; usc_section_attested_at_edition=True; corroboration_rule='second-authority-behind-a-slash:agency-roster-initialism'; authority_in_own_cfr_note='absent'; cfr_note_part='40 CFR 51'; authority_source='box'	42 USC 7521(a)/CAA 176(c)
ADDED	2060-AG27	199510	0	1	(no row) -> rin='2060-AG27'; publication_id='199510'; ordinal=0; authority_text='PL 101-549/CAA 112'; authority_type='act_relative'; parse_status='corroborated'; usc_title=42; usc_section='7412'; act_key='clean air act'; act_section='112'; act_resolution_evidence='table3-classification'; usc_section_verdict='exists'; usc_section_attested_at_edition=True; corroboration_rule='second-authority-behind-a-slash:agency-roster-initialism'; authority_in_own_cfr_note='absent'; cfr_note_part='40 CFR 63'; authority_source='box'	PL 101-549/CAA 112
ADDED	2060-AG27	199604	0	1	(no row) -> rin='2060-AG27'; publication_id='199604'; ordinal=0; authority_text='PL 101-549/CAA 112'; authority_type='act_relative'; parse_status='corroborated'; usc_title=42; usc_section='7412'; act_key='clean air act'; act_section='112'; act_resolution_evidence='table3-classification'; usc_section_verdict='exists'; usc_section_attested_at_edition=True; corroboration_rule='second-authority-behind-a-slash:agency-roster-initialism'; authority_in_own_cfr_note='absent'; cfr_note_part='40 CFR 63'; authority_source='box'	PL 101-549/CAA 112
ADDED	2060-AG31	199604	0	1	(no row) -> rin='2060-AG31'; publication_id='199604'; ordinal=0; authority_text='42 USC 7509/CAA 129'; authority_type='act_relative'; parse_status='corroborated'; usc_title=42; usc_section='7429'; act_key='clean air act'; act_section='129'; act_resolution_evidence='table3-classification'; usc_section_verdict='exists'; usc_section_attested_at_edition=True; corroboration_rule='second-authority-behind-a-slash:agency-roster-initialism'; authority_in_own_cfr_note='absent'; cfr_note_part='40 CFR 60'; authority_source='box'	42 USC 7509/CAA 129
ADDED	2060-AG31	199610	0	1	(no row) -> rin='2060-AG31'; publication_id='199610'; ordinal=0; authority_text='42 USC 7509/CAA 129'; authority_type='act_relative'; parse_status='corroborated'; usc_title=42; usc_section='7429'; act_key='clean air act'; act_section='129'; act_resolution_evidence='table3-classification'; usc_section_verdict='exists'; usc_section_attested_at_edition=True; corroboration_rule='second-authority-behind-a-slash:agency-roster-initialism'; authority_in_own_cfr_note='absent'; cfr_note_part='40 CFR 60'; authority_source='box'	42 USC 7509/CAA 129
ADDED	2060-AG31	199704	0	1	(no row) -> rin='2060-AG31'; publication_id='199704'; ordinal=0; authority_text='42 USC 7509/CAA 129'; authority_type='act_relative'; parse_status='corroborated'; usc_title=42; usc_section='7429'; act_key='clean air act'; act_section='129'; act_resolution_evidence='table3-classification'; usc_section_verdict='exists'; usc_section_attested_at_edition=True; corroboration_rule='second-authority-behind-a-slash:agency-roster-initialism'; authority_in_own_cfr_note='absent'; cfr_note_part='40 CFR 60'; authority_source='box'	42 USC 7509/CAA 129
ADDED	2060-AG32	199604	0	1	(no row) -> rin='2060-AG32'; publication_id='199604'; ordinal=0; authority_text='42 USC 7412/CAA 112'; authority_type='act_relative'; parse_status='corroborated'; usc_title=42; usc_section='7412'; act_key='clean air act'; act_section='112'; act_resolution_evidence='table3-classification'; usc_section_verdict='exists'; usc_section_attested_at_edition=True; corroboration_rule='second-authority-behind-a-slash:agency-roster-initialism'; authority_in_own_cfr_note='absent'; cfr_note_part='40 CFR 63'; authority_source='box'	42 USC 7412/CAA 112
ADDED	2060-AG32	199610	0	1	(no row) -> rin='2060-AG32'; publication_id='199610'; ordinal=0; authority_text='42 USC 7412/CAA 112'; authority_type='act_relative'; parse_status='corroborated'; usc_title=42; usc_section='7412'; act_key='clean air act'; act_section='112'; act_resolution_evidence='table3-classification'; usc_section_verdict='exists'; usc_section_attested_at_edition=True; corroboration_rule='second-authority-behind-a-slash:agency-roster-initialism'; authority_in_own_cfr_note='absent'; cfr_note_part='40 CFR 63'; authority_source='box'	42 USC 7412/CAA 112
ADDED	2060-AG32	199704	0	1	(no row) -> rin='2060-AG32'; publication_id='199704'; ordinal=0; authority_text='42 USC 7412/CAA 112'; authority_type='act_relative'; parse_status='corroborated'; usc_title=42; usc_section='7412'; act_key='clean air act'; act_section='112'; act_resolution_evidence='table3-classification'; usc_section_verdict='exists'; usc_section_attested_at_edition=True; corroboration_rule='second-authority-behind-a-slash:agency-roster-initialism'; authority_in_own_cfr_note='absent'; cfr_note_part='40 CFR 63'; authority_source='box'	42 USC 7412/CAA 112
ADDED	2060-AG34	199604	0	1	(no row) -> rin='2060-AG34'; publication_id='199604'; ordinal=0; authority_text='42 USC 7412/CAA 112'; authority_type='act_relative'; parse_status='corroborated'; usc_title=42; usc_section='7412'; act_key='clean air act'; act_section='112'; act_resolution_evidence='table3-classification'; usc_section_verdict='exists'; usc_section_attested_at_edition=True; corroboration_rule='second-authority-behind-a-slash:agency-roster-initialism'; authority_in_own_cfr_note='absent'; cfr_note_part='40 CFR 63'; authority_source='box'	42 USC 7412/CAA 112
ADDED	2060-AG34	199610	0	1	(no row) -> rin='2060-AG34'; publication_id='199610'; ordinal=0; authority_text='42 USC 7412/CAA 112'; authority_type='act_relative'; parse_status='corroborated'; usc_title=42; usc_section='7412'; act_key='clean air act'; act_section='112'; act_resolution_evidence='table3-classification'; usc_section_verdict='exists'; usc_section_attested_at_edition=True; corroboration_rule='second-authority-behind-a-slash:agency-roster-initialism'; authority_in_own_cfr_note='absent'; cfr_note_part='40 CFR 63'; authority_source='box'	42 USC 7412/CAA 112
ADDED	2060-AG34	199704	0	1	(no row) -> rin='2060-AG34'; publication_id='199704'; ordinal=0; authority_text='42 USC 7412/CAA 112'; authority_type='act_relative'; parse_status='corroborated'; usc_title=42; usc_section='7412'; act_key='clean air act'; act_section='112'; act_resolution_evidence='table3-classification'; usc_section_verdict='exists'; usc_section_attested_at_edition=True; corroboration_rule='second-authority-behind-a-slash:agency-roster-initialism'; authority_in_own_cfr_note='absent'; cfr_note_part='40 CFR 63'; authority_source='box'	42 USC 7412/CAA 112
ADDED	2060-AG58	199604	0	1	(no row) -> rin='2060-AG58'; publication_id='199604'; ordinal=0; authority_text='PL 101-549 /Clean Air Act sections 112 and 183'; authority_type='act_relative'; parse_status='corroborated'; usc_title=42; usc_section='7412'; act_key='clean air act'; act_section='112'; act_resolution_evidence='table3-classification'; usc_section_verdict='exists'; usc_section_attested_at_edition=True; corroboration_rule='second-authority-behind-a-slash:index-holds-the-stated-name'; authority_in_own_cfr_note='absent'; cfr_note_part='40 CFR 59'; authority_source='box'	PL 101-549 /Clean Air Act sections 112 and 183
ADDED	2060-AG61	199604	0	1	(no row) -> rin='2060-AG61'; publication_id='199604'; ordinal=0; authority_text='42 USC 7412/CAA 112'; authority_type='act_relative'; parse_status='corroborated'; usc_title=42; usc_section='7412'; act_key='clean air act'; act_section='112'; act_resolution_evidence='table3-classification'; usc_section_verdict='exists'; usc_section_attested_at_edition=True; corroboration_rule='second-authority-behind-a-slash:agency-roster-initialism'; authority_in_own_cfr_note='absent'; cfr_note_part='40 CFR 63'; authority_source='box'	42 USC 7412/CAA 112
ADDED	2060-AG61	199610	0	1	(no row) -> rin='2060-AG61'; publication_id='199610'; ordinal=0; authority_text='42 USC 7412/CAA 112'; authority_type='act_relative'; parse_status='corroborated'; usc_title=42; usc_section='7412'; act_key='clean air act'; act_section='112'; act_resolution_evidence='table3-classification'; usc_section_verdict='exists'; usc_section_attested_at_edition=True; corroboration_rule='second-authority-behind-a-slash:agency-roster-initialism'; authority_in_own_cfr_note='absent'; cfr_note_part='40 CFR 63'; authority_source='box'	42 USC 7412/CAA 112
ADDED	2060-AG63	199604	1	1	(no row) -> rin='2060-AG63'; publication_id='199604'; ordinal=1; authority_text='42 USC 7411/CAA 111'; authority_type='act_relative'; parse_status='corroborated'; usc_title=42; usc_section='7411'; act_key='clean air act'; act_section='111'; act_resolution_evidence='table3-classification'; usc_section_verdict='exists'; usc_section_attested_at_edition=True; corroboration_rule='second-authority-behind-a-slash:agency-roster-initialism'; authority_in_own_cfr_note='absent'; cfr_note_part='40 CFR 60'; authority_source='box'	42 USC 7411/CAA 111
ADDED	2060-AG63	199604	2	1	(no row) -> rin='2060-AG63'; publication_id='199604'; ordinal=2; authority_text='42 USC 7412/CAA 112'; authority_type='act_relative'; parse_status='corroborated'; usc_title=42; usc_section='7412'; act_key='clean air act'; act_section='112'; act_resolution_evidence='table3-classification'; usc_section_verdict='exists'; usc_section_attested_at_edition=True; corroboration_rule='second-authority-behind-a-slash:agency-roster-initialism'; authority_in_own_cfr_note='absent'; cfr_note_part='40 CFR 60'; authority_source='box'	42 USC 7412/CAA 112
ADDED	2060-AG63	199610	1	1	(no row) -> rin='2060-AG63'; publication_id='199610'; ordinal=1; authority_text='42 USC 7411/CAA 111'; authority_type='act_relative'; parse_status='corroborated'; usc_title=42; usc_section='7411'; act_key='clean air act'; act_section='111'; act_resolution_evidence='table3-classification'; usc_section_verdict='exists'; usc_section_attested_at_edition=True; corroboration_rule='second-authority-behind-a-slash:agency-roster-initialism'; authority_in_own_cfr_note='absent'; cfr_note_part='40 CFR 60'; authority_source='box'	42 USC 7411/CAA 111
ADDED	2060-AG63	199610	2	1	(no row) -> rin='2060-AG63'; publication_id='199610'; ordinal=2; authority_text='42 USC 7412/CAA 112'; authority_type='act_relative'; parse_status='corroborated'; usc_title=42; usc_section='7412'; act_key='clean air act'; act_section='112'; act_resolution_evidence='table3-classification'; usc_section_verdict='exists'; usc_section_attested_at_edition=True; corroboration_rule='second-authority-behind-a-slash:agency-roster-initialism'; authority_in_own_cfr_note='absent'; cfr_note_part='40 CFR 60'; authority_source='box'	42 USC 7412/CAA 112
ADDED	2060-AG63	199704	1	1	(no row) -> rin='2060-AG63'; publication_id='199704'; ordinal=1; authority_text='42 USC 7411/CAA 111'; authority_type='act_relative'; parse_status='corroborated'; usc_title=42; usc_section='7411'; act_key='clean air act'; act_section='111'; act_resolution_evidence='table3-classification'; usc_section_verdict='exists'; usc_section_attested_at_edition=True; corroboration_rule='second-authority-behind-a-slash:agency-roster-initialism'; authority_in_own_cfr_note='absent'; cfr_note_part='40 CFR 60'; authority_source='box'	42 USC 7411/CAA 111
ADDED	2060-AG63	199704	2	1	(no row) -> rin='2060-AG63'; publication_id='199704'; ordinal=2; authority_text='42 USC 7412/CAA 112'; authority_type='act_relative'; parse_status='corroborated'; usc_title=42; usc_section='7412'; act_key='clean air act'; act_section='112'; act_resolution_evidence='table3-classification'; usc_section_verdict='exists'; usc_section_attested_at_edition=True; corroboration_rule='second-authority-behind-a-slash:agency-roster-initialism'; authority_in_own_cfr_note='absent'; cfr_note_part='40 CFR 60'; authority_source='box'	42 USC 7412/CAA 112
ADDED	2060-AG72	199704	0	1	(no row) -> rin='2060-AG72'; publication_id='199704'; ordinal=0; authority_text='42 USC 1857/CAA 112'; authority_type='act_relative'; parse_status='corroborated'; usc_title=42; usc_section='7412'; act_key='clean air act'; act_section='112'; act_resolution_evidence='table3-classification'; usc_section_verdict='exists'; usc_section_attested_at_edition=True; corroboration_rule='second-authority-behind-a-slash:agency-roster-initialism'; authority_in_own_cfr_note='absent'; cfr_note_part='40 CFR 63'; authority_source='box'	42 USC 1857/CAA 112
ADDED	2060-AG76	199604	0	1	(no row) -> rin='2060-AG76'; publication_id='199604'; ordinal=0; authority_text='42 USC 7545/CAA 211'; authority_type='act_relative'; parse_status='corroborated'; usc_title=42; usc_section='7545'; act_key='clean air act'; act_section='211'; act_resolution_evidence='table3-classification'; usc_section_verdict='exists'; usc_section_attested_at_edition=True; corroboration_rule='second-authority-behind-a-slash:agency-roster-initialism'; authority_in_own_cfr_note='absent'; cfr_note_part='40 CFR 80'; authority_source='box'	42 USC 7545/CAA 211
ADDED	2060-AG76	199610	0	1	(no row) -> rin='2060-AG76'; publication_id='199610'; ordinal=0; authority_text='42 USC 7545/CAA 211'; authority_type='act_relative'; parse_status='corroborated'; usc_title=42; usc_section='7545'; act_key='clean air act'; act_section='211'; act_resolution_evidence='table3-classification'; usc_section_verdict='exists'; usc_section_attested_at_edition=True; corroboration_rule='second-authority-behind-a-slash:agency-roster-initialism'; authority_in_own_cfr_note='absent'; cfr_note_part='40 CFR 80'; authority_source='box'	42 USC 7545/CAA 211
ADDED	2060-AG76	199704	0	1	(no row) -> rin='2060-AG76'; publication_id='199704'; ordinal=0; authority_text='42 USC 7545/CAA 211'; authority_type='act_relative'; parse_status='corroborated'; usc_title=42; usc_section='7545'; act_key='clean air act'; act_section='211'; act_resolution_evidence='table3-classification'; usc_section_verdict='exists'; usc_section_attested_at_edition=True; corroboration_rule='second-authority-behind-a-slash:agency-roster-initialism'; authority_in_own_cfr_note='absent'; cfr_note_part='40 CFR 80'; authority_source='box'	42 USC 7545/CAA 211
ADDED	2060-AG77	199604	0	1	(no row) -> rin='2060-AG77'; publication_id='199604'; ordinal=0; authority_text='42 USC 7545/CAA 211'; authority_type='act_relative'; parse_status='corroborated'; usc_title=42; usc_section='7545'; act_key='clean air act'; act_section='211'; act_resolution_evidence='table3-classification'; usc_section_verdict='exists'; usc_section_attested_at_edition=True; corroboration_rule='second-authority-behind-a-slash:agency-roster-initialism'; authority_in_own_cfr_note='absent'; cfr_note_part='40 CFR 80'; authority_source='box'	42 USC 7545/CAA 211
ADDED	2060-AG77	199610	0	1	(no row) -> rin='2060-AG77'; publication_id='199610'; ordinal=0; authority_text='42 USC 7545/CAA 211'; authority_type='act_relative'; parse_status='corroborated'; usc_title=42; usc_section='7545'; act_key='clean air act'; act_section='211'; act_resolution_evidence='table3-classification'; usc_section_verdict='exists'; usc_section_attested_at_edition=True; corroboration_rule='second-authority-behind-a-slash:agency-roster-initialism'; authority_in_own_cfr_note='absent'; cfr_note_part='40 CFR 80'; authority_source='box'	42 USC 7545/CAA 211
ADDED	2060-AG77	199704	0	1	(no row) -> rin='2060-AG77'; publication_id='199704'; ordinal=0; authority_text='42 USC 7545/CAA 211'; authority_type='act_relative'; parse_status='corroborated'; usc_title=42; usc_section='7545'; act_key='clean air act'; act_section='211'; act_resolution_evidence='table3-classification'; usc_section_verdict='exists'; usc_section_attested_at_edition=True; corroboration_rule='second-authority-behind-a-slash:agency-roster-initialism'; authority_in_own_cfr_note='absent'; cfr_note_part='40 CFR 80'; authority_source='box'	42 USC 7545/CAA 211
ADDED	2060-AG77	199710	0	1	(no row) -> rin='2060-AG77'; publication_id='199710'; ordinal=0; authority_text='42 USC 7545/CAA 211'; authority_type='act_relative'; parse_status='corroborated'; usc_title=42; usc_section='7545'; act_key='clean air act'; act_section='211'; act_resolution_evidence='table3-classification'; usc_section_verdict='exists'; usc_section_attested_at_edition=True; corroboration_rule='second-authority-behind-a-slash:agency-roster-initialism'; authority_in_own_cfr_note='absent'; cfr_note_part='40 CFR 80'; authority_source='box'	42 USC 7545/CAA 211
ADDED	2060-AG79	199604	0	1	(no row) -> rin='2060-AG79'; publication_id='199604'; ordinal=0; authority_text='42 USC 7401 to 7671/CAA 176'; authority_type='act_relative'; parse_status='corroborated'; usc_title=42; usc_section='7506'; act_key='clean air act'; act_section='176'; act_resolution_evidence='table3-classification'; usc_section_verdict='exists'; usc_section_attested_at_edition=True; corroboration_rule='second-authority-behind-a-slash:agency-roster-initialism'; authority_in_own_cfr_note='absent'; cfr_note_part='40 CFR 51'; authority_source='box'	42 USC 7401 to 7671/CAA 176
ADDED	2060-AG79	199610	0	1	(no row) -> rin='2060-AG79'; publication_id='199610'; ordinal=0; authority_text='42 USC 7401 to 7671/CAA 176'; authority_type='act_relative'; parse_status='corroborated'; usc_title=42; usc_section='7506'; act_key='clean air act'; act_section='176'; act_resolution_evidence='table3-classification'; usc_section_verdict='exists'; usc_section_attested_at_edition=True; corroboration_rule='second-authority-behind-a-slash:agency-roster-initialism'; authority_in_own_cfr_note='absent'; cfr_note_part='40 CFR 51'; authority_source='box'	42 USC 7401 to 7671/CAA 176
ADDED	2060-AG79	199704	0	1	(no row) -> rin='2060-AG79'; publication_id='199704'; ordinal=0; authority_text='42 USC 7401 to 7671/CAA 176'; authority_type='act_relative'; parse_status='corroborated'; usc_title=42; usc_section='7506'; act_key='clean air act'; act_section='176'; act_resolution_evidence='table3-classification'; usc_section_verdict='exists'; usc_section_attested_at_edition=True; corroboration_rule='second-authority-behind-a-slash:agency-roster-initialism'; authority_in_own_cfr_note='absent'; cfr_note_part='40 CFR 51'; authority_source='box'	42 USC 7401 to 7671/CAA 176
ADDED	2060-AG80	199604	0	1	(no row) -> rin='2060-AG80'; publication_id='199604'; ordinal=0; authority_text='42 USC 7414/CAA 114'; authority_type='act_relative'; parse_status='corroborated'; usc_title=42; usc_section='7414'; act_key='clean air act'; act_section='114'; act_resolution_evidence='table3-classification'; usc_section_verdict='exists'; usc_section_attested_at_edition=True; corroboration_rule='second-authority-behind-a-slash:agency-roster-initialism'; authority_in_own_cfr_note='absent'; cfr_note_part='40 CFR 80'; authority_source='box'	42 USC 7414/CAA 114
ADDED	2060-AG80	199604	1	1	(no row) -> rin='2060-AG80'; publication_id='199604'; ordinal=1; authority_text='42 USC 7545(c)/CAA 211(c)'; authority_type='act_relative'; parse_status='corroborated'; usc_title=42; usc_section='7545'; act_key='clean air act'; act_section='211'; act_resolution_evidence='table3-classification'; usc_section_verdict='exists'; usc_section_attested_at_edition=True; corroboration_rule='second-authority-behind-a-slash:agency-roster-initialism'; authority_in_own_cfr_note='absent'; cfr_note_part='40 CFR 80'; authority_source='box'	42 USC 7545(c)/CAA 211(c)
ADDED	2060-AG80	199604	2	1	(no row) -> rin='2060-AG80'; publication_id='199604'; ordinal=2; authority_text='42 USC 7601/CAA 301'; authority_type='act_relative'; parse_status='corroborated'; usc_title=42; usc_section='7601'; act_key='clean air act'; act_section='301'; act_resolution_evidence='table3-classification'; usc_section_verdict='exists'; usc_section_attested_at_edition=True; corroboration_rule='second-authority-behind-a-slash:agency-roster-initialism'; authority_in_own_cfr_note='absent'; cfr_note_part='40 CFR 80'; authority_source='box'	42 USC 7601/CAA 301
ADDED	2060-AG80	199610	0	1	(no row) -> rin='2060-AG80'; publication_id='199610'; ordinal=0; authority_text='42 USC 7414/CAA 114'; authority_type='act_relative'; parse_status='corroborated'; usc_title=42; usc_section='7414'; act_key='clean air act'; act_section='114'; act_resolution_evidence='table3-classification'; usc_section_verdict='exists'; usc_section_attested_at_edition=True; corroboration_rule='second-authority-behind-a-slash:agency-roster-initialism'; authority_in_own_cfr_note='absent'; cfr_note_part='40 CFR 80'; authority_source='box'	42 USC 7414/CAA 114
ADDED	2060-AG80	199610	1	1	(no row) -> rin='2060-AG80'; publication_id='199610'; ordinal=1; authority_text='42 USC 7545(c)/CAA 211(c)'; authority_type='act_relative'; parse_status='corroborated'; usc_title=42; usc_section='7545'; act_key='clean air act'; act_section='211'; act_resolution_evidence='table3-classification'; usc_section_verdict='exists'; usc_section_attested_at_edition=True; corroboration_rule='second-authority-behind-a-slash:agency-roster-initialism'; authority_in_own_cfr_note='absent'; cfr_note_part='40 CFR 80'; authority_source='box'	42 USC 7545(c)/CAA 211(c)
ADDED	2060-AG80	199610	2	1	(no row) -> rin='2060-AG80'; publication_id='199610'; ordinal=2; authority_text='42 USC 7601/CAA 301'; authority_type='act_relative'; parse_status='corroborated'; usc_title=42; usc_section='7601'; act_key='clean air act'; act_section='301'; act_resolution_evidence='table3-classification'; usc_section_verdict='exists'; usc_section_attested_at_edition=True; corroboration_rule='second-authority-behind-a-slash:agency-roster-initialism'; authority_in_own_cfr_note='absent'; cfr_note_part='40 CFR 80'; authority_source='box'	42 USC 7601/CAA 301
ADDED	2060-AG80	199704	0	1	(no row) -> rin='2060-AG80'; publication_id='199704'; ordinal=0; authority_text='42 USC 7414/CAA 114'; authority_type='act_relative'; parse_status='corroborated'; usc_title=42; usc_section='7414'; act_key='clean air act'; act_section='114'; act_resolution_evidence='table3-classification'; usc_section_verdict='exists'; usc_section_attested_at_edition=True; corroboration_rule='second-authority-behind-a-slash:agency-roster-initialism'; authority_in_own_cfr_note='absent'; cfr_note_part='40 CFR 80'; authority_source='box'	42 USC 7414/CAA 114
ADDED	2060-AG80	199704	1	1	(no row) -> rin='2060-AG80'; publication_id='199704'; ordinal=1; authority_text='42 USC 7545(c)/CAA 211(c)'; authority_type='act_relative'; parse_status='corroborated'; usc_title=42; usc_section='7545'; act_key='clean air act'; act_section='211'; act_resolution_evidence='table3-classification'; usc_section_verdict='exists'; usc_section_attested_at_edition=True; corroboration_rule='second-authority-behind-a-slash:agency-roster-initialism'; authority_in_own_cfr_note='absent'; cfr_note_part='40 CFR 80'; authority_source='box'	42 USC 7545(c)/CAA 211(c)
ADDED	2060-AG80	199704	2	1	(no row) -> rin='2060-AG80'; publication_id='199704'; ordinal=2; authority_text='42 USC 7601/CAA 301'; authority_type='act_relative'; parse_status='corroborated'; usc_title=42; usc_section='7601'; act_key='clean air act'; act_section='301'; act_resolution_evidence='table3-classification'; usc_section_verdict='exists'; usc_section_attested_at_edition=True; corroboration_rule='second-authority-behind-a-slash:agency-roster-initialism'; authority_in_own_cfr_note='absent'; cfr_note_part='40 CFR 80'; authority_source='box'	42 USC 7601/CAA 301
ADDED	2060-AG82	199604	0	1	(no row) -> rin='2060-AG82'; publication_id='199604'; ordinal=0; authority_text='42 USC 7414/CAA 114'; authority_type='act_relative'; parse_status='corroborated'; usc_title=42; usc_section='7414'; act_key='clean air act'; act_section='114'; act_resolution_evidence='table3-classification'; usc_section_verdict='exists'; usc_section_attested_at_edition=True; corroboration_rule='second-authority-behind-a-slash:agency-roster-initialism'; authority_in_own_cfr_note='absent'; cfr_note_part='40 CFR 80'; authority_source='box'	42 USC 7414/CAA 114
ADDED	2060-AG82	199604	1	1	(no row) -> rin='2060-AG82'; publication_id='199604'; ordinal=1; authority_text='42 USC 7545/CAA 211'; authority_type='act_relative'; parse_status='corroborated'; usc_title=42; usc_section='7545'; act_key='clean air act'; act_section='211'; act_resolution_evidence='table3-classification'; usc_section_verdict='exists'; usc_section_attested_at_edition=True; corroboration_rule='second-authority-behind-a-slash:agency-roster-initialism'; authority_in_own_cfr_note='absent'; cfr_note_part='40 CFR 80'; authority_source='box'	42 USC 7545/CAA 211
ADDED	2060-AG82	199604	2	1	(no row) -> rin='2060-AG82'; publication_id='199604'; ordinal=2; authority_text='42 USC 7601(a)/CAA 301(a)'; authority_type='act_relative'; parse_status='corroborated'; usc_title=42; usc_section='7601'; act_key='clean air act'; act_section='301'; act_resolution_evidence='table3-classification'; usc_section_verdict='exists'; usc_section_attested_at_edition=True; corroboration_rule='second-authority-behind-a-slash:agency-roster-initialism'; authority_in_own_cfr_note='absent'; cfr_note_part='40 CFR 80'; authority_source='box'	42 USC 7601(a)/CAA 301(a)
ADDED	2060-AG82	199610	0	1	(no row) -> rin='2060-AG82'; publication_id='199610'; ordinal=0; authority_text='42 USC 7414/CAA 114'; authority_type='act_relative'; parse_status='corroborated'; usc_title=42; usc_section='7414'; act_key='clean air act'; act_section='114'; act_resolution_evidence='table3-classification'; usc_section_verdict='exists'; usc_section_attested_at_edition=True; corroboration_rule='second-authority-behind-a-slash:agency-roster-initialism'; authority_in_own_cfr_note='absent'; cfr_note_part='40 CFR 80'; authority_source='box'	42 USC 7414/CAA 114
ADDED	2060-AG82	199610	1	1	(no row) -> rin='2060-AG82'; publication_id='199610'; ordinal=1; authority_text='42 USC 7545/CAA 211'; authority_type='act_relative'; parse_status='corroborated'; usc_title=42; usc_section='7545'; act_key='clean air act'; act_section='211'; act_resolution_evidence='table3-classification'; usc_section_verdict='exists'; usc_section_attested_at_edition=True; corroboration_rule='second-authority-behind-a-slash:agency-roster-initialism'; authority_in_own_cfr_note='absent'; cfr_note_part='40 CFR 80'; authority_source='box'	42 USC 7545/CAA 211
ADDED	2060-AG82	199610	2	1	(no row) -> rin='2060-AG82'; publication_id='199610'; ordinal=2; authority_text='42 USC 7601(a)/CAA 301(a)'; authority_type='act_relative'; parse_status='corroborated'; usc_title=42; usc_section='7601'; act_key='clean air act'; act_section='301'; act_resolution_evidence='table3-classification'; usc_section_verdict='exists'; usc_section_attested_at_edition=True; corroboration_rule='second-authority-behind-a-slash:agency-roster-initialism'; authority_in_own_cfr_note='absent'; cfr_note_part='40 CFR 80'; authority_source='box'	42 USC 7601(a)/CAA 301(a)
ADDED	2060-AH07	199610	0	1	(no row) -> rin='2060-AH07'; publication_id='199610'; ordinal=0; authority_text='42 USC 7402/CAA 112'; authority_type='act_relative'; parse_status='corroborated'; usc_title=42; usc_section='7412'; act_key='clean air act'; act_section='112'; act_resolution_evidence='table3-classification'; usc_section_verdict='exists'; usc_section_attested_at_edition=True; corroboration_rule='second-authority-behind-a-slash:agency-roster-initialism'; authority_in_own_cfr_note='absent'; cfr_note_part='40 CFR 63'; authority_source='box'	42 USC 7402/CAA 112
ADDED	2060-AH07	199704	0	1	(no row) -> rin='2060-AH07'; publication_id='199704'; ordinal=0; authority_text='42 USC 7402/CAA 112'; authority_type='act_relative'; parse_status='corroborated'; usc_title=42; usc_section='7412'; act_key='clean air act'; act_section='112'; act_resolution_evidence='table3-classification'; usc_section_verdict='exists'; usc_section_attested_at_edition=True; corroboration_rule='second-authority-behind-a-slash:agency-roster-initialism'; authority_in_own_cfr_note='absent'; cfr_note_part='40 CFR 63'; authority_source='box'	42 USC 7402/CAA 112
ADDED	2060-AH20	199704	0	1	(no row) -> rin='2060-AH20'; publication_id='199704'; ordinal=0; authority_text='42 USC 7412(c)(6)/CAA 112(c)(6)'; authority_type='act_relative'; parse_status='corroborated'; usc_title=42; usc_section='7412'; act_key='clean air act'; act_section='112'; act_resolution_evidence='table3-classification'; usc_section_verdict='exists'; usc_section_attested_at_edition=True; corroboration_rule='second-authority-behind-a-slash:agency-roster-initialism'; authority_source='box'	42 USC 7412(c)(6)/CAA 112(c)(6)
ADDED	2060-AH21	199704	0	1	(no row) -> rin='2060-AH21'; publication_id='199704'; ordinal=0; authority_text='42 USC 7412(k)/CAA 112(k)'; authority_type='act_relative'; parse_status='corroborated'; usc_title=42; usc_section='7412'; act_key='clean air act'; act_section='112'; act_resolution_evidence='table3-classification'; usc_section_verdict='exists'; usc_section_attested_at_edition=True; corroboration_rule='second-authority-behind-a-slash:agency-roster-initialism'; authority_source='box'	42 USC 7412(k)/CAA 112(k)
ADDED	2060-AH21	199704	1	1	(no row) -> rin='2060-AH21'; publication_id='199704'; ordinal=1; authority_text='42 USC 7412(c)(3)/ CAA 112(c)(3)'; authority_type='act_relative'; parse_status='corroborated'; usc_title=42; usc_section='7412'; act_key='clean air act'; act_section='112'; act_resolution_evidence='table3-classification'; usc_section_verdict='exists'; usc_section_attested_at_edition=True; corroboration_rule='second-authority-behind-a-slash:agency-roster-initialism'; authority_source='box'	42 USC 7412(c)(3)/ CAA 112(c)(3)
ADDED	2060-AH26	199710	0	1	(no row) -> rin='2060-AH26'; publication_id='199710'; ordinal=0; authority_text='42 USC 7671g/Clean Air Act section 608'; authority_type='act_relative'; parse_status='corroborated'; usc_title=42; usc_section='7671g'; act_key='clean air act'; act_section='608'; act_resolution_evidence='table3-classification'; usc_section_verdict='exists'; usc_section_attested_at_edition=True; corroboration_rule='second-authority-behind-a-slash:index-holds-the-stated-name'; authority_in_own_cfr_note='absent'; cfr_note_part='40 CFR 82'; authority_source='box'	42 USC 7671g/Clean Air Act section 608
ADDED	2070-AA58	199510	0	1	(no row) -> rin='2070-AA58'; publication_id='199510'; ordinal=0; authority_text='15 USC 2604/TSCA 5'; authority_type='act_relative'; parse_status='corroborated'; usc_title=15; usc_section='2604'; act_key='toxic substances control act'; act_section='5'; act_resolution_evidence='table3-classification'; usc_section_verdict='exists'; usc_section_attested_at_edition=True; corroboration_rule='second-authority-behind-a-slash:agency-roster-initialism'; authority_in_own_cfr_note='absent'; cfr_note_part='40 CFR 704'; authority_source='box'	15 USC 2604/TSCA 5
ADDED	2070-AA58	199510	1	1	(no row) -> rin='2070-AA58'; publication_id='199510'; ordinal=1; authority_text='15 USC 2607/TSCA 8'; authority_type='act_relative'; parse_status='corroborated'; usc_title=15; usc_section='2607'; act_key='toxic substances control act'; act_section='8'; act_resolution_evidence='table3-classification'; usc_section_verdict='exists'; usc_section_attested_at_edition=True; corroboration_rule='second-authority-behind-a-slash:agency-roster-initialism'; authority_in_own_cfr_note='absent'; cfr_note_part='40 CFR 704'; authority_source='box'	15 USC 2607/TSCA 8
ADDED	2070-AA58	199604	0	1	(no row) -> rin='2070-AA58'; publication_id='199604'; ordinal=0; authority_text='15 USC 2604/TSCA 5'; authority_type='act_relative'; parse_status='corroborated'; usc_title=15; usc_section='2604'; act_key='toxic substances control act'; act_section='5'; act_resolution_evidence='table3-classification'; usc_section_verdict='exists'; usc_section_attested_at_edition=True; corroboration_rule='second-authority-behind-a-slash:agency-roster-initialism'; authority_in_own_cfr_note='absent'; cfr_note_part='40 CFR 704'; authority_source='box'	15 USC 2604/TSCA 5
ADDED	2070-AA58	199604	1	1	(no row) -> rin='2070-AA58'; publication_id='199604'; ordinal=1; authority_text='15 USC 2607/TSCA 8'; authority_type='act_relative'; parse_status='corroborated'; usc_title=15; usc_section='2607'; act_key='toxic substances control act'; act_section='8'; act_resolution_evidence='table3-classification'; usc_section_verdict='exists'; usc_section_attested_at_edition=True; corroboration_rule='second-authority-behind-a-slash:agency-roster-initialism'; authority_in_own_cfr_note='absent'; cfr_note_part='40 CFR 704'; authority_source='box'	15 USC 2607/TSCA 8
ADDED	2070-AA58	199610	0	1	(no row) -> rin='2070-AA58'; publication_id='199610'; ordinal=0; authority_text='15 USC 2604/TSCA 5'; authority_type='act_relative'; parse_status='corroborated'; usc_title=15; usc_section='2604'; act_key='toxic substances control act'; act_section='5'; act_resolution_evidence='table3-classification'; usc_section_verdict='exists'; usc_section_attested_at_edition=True; corroboration_rule='second-authority-behind-a-slash:agency-roster-initialism'; authority_in_own_cfr_note='absent'; cfr_note_part='40 CFR 704'; authority_source='box'	15 USC 2604/TSCA 5
ADDED	2070-AA58	199610	1	1	(no row) -> rin='2070-AA58'; publication_id='199610'; ordinal=1; authority_text='15 USC 2607/TSCA 8'; authority_type='act_relative'; parse_status='corroborated'; usc_title=15; usc_section='2607'; act_key='toxic substances control act'; act_section='8'; act_resolution_evidence='table3-classification'; usc_section_verdict='exists'; usc_section_attested_at_edition=True; corroboration_rule='second-authority-behind-a-slash:agency-roster-initialism'; authority_in_own_cfr_note='absent'; cfr_note_part='40 CFR 704'; authority_source='box'	15 USC 2607/TSCA 8
ADDED	2070-AA58	199704	0	1	(no row) -> rin='2070-AA58'; publication_id='199704'; ordinal=0; authority_text='15 USC 2604/TSCA 5'; authority_type='act_relative'; parse_status='corroborated'; usc_title=15; usc_section='2604'; act_key='toxic substances control act'; act_section='5'; act_resolution_evidence='table3-classification'; usc_section_verdict='exists'; usc_section_attested_at_edition=True; corroboration_rule='second-authority-behind-a-slash:agency-roster-initialism'; authority_in_own_cfr_note='absent'; cfr_note_part='40 CFR 704'; authority_source='box'	15 USC 2604/TSCA 5
ADDED	2070-AA58	199704	1	1	(no row) -> rin='2070-AA58'; publication_id='199704'; ordinal=1; authority_text='15 USC 2607/TSCA 8'; authority_type='act_relative'; parse_status='corroborated'; usc_title=15; usc_section='2607'; act_key='toxic substances control act'; act_section='8'; act_resolution_evidence='table3-classification'; usc_section_verdict='exists'; usc_section_attested_at_edition=True; corroboration_rule='second-authority-behind-a-slash:agency-roster-initialism'; authority_in_own_cfr_note='absent'; cfr_note_part='40 CFR 704'; authority_source='box'	15 USC 2607/TSCA 8
ADDED	2070-AA58	199710	0	1	(no row) -> rin='2070-AA58'; publication_id='199710'; ordinal=0; authority_text='15 USC 2604/TSCA 5'; authority_type='act_relative'; parse_status='corroborated'; usc_title=15; usc_section='2604'; act_key='toxic substances control act'; act_section='5'; act_resolution_evidence='table3-classification'; usc_section_verdict='exists'; usc_section_attested_at_edition=True; corroboration_rule='second-authority-behind-a-slash:agency-roster-initialism'; authority_in_own_cfr_note='absent'; cfr_note_part='40 CFR 704'; authority_source='box'	15 USC 2604/TSCA 5
ADDED	2070-AA58	199710	1	1	(no row) -> rin='2070-AA58'; publication_id='199710'; ordinal=1; authority_text='15 USC 2607/TSCA 8'; authority_type='act_relative'; parse_status='corroborated'; usc_title=15; usc_section='2607'; act_key='toxic substances control act'; act_section='8'; act_resolution_evidence='table3-classification'; usc_section_verdict='exists'; usc_section_attested_at_edition=True; corroboration_rule='second-authority-behind-a-slash:agency-roster-initialism'; authority_in_own_cfr_note='absent'; cfr_note_part='40 CFR 704'; authority_source='box'	15 USC 2607/TSCA 8
ADDED	2070-AA59	199510	0	1	(no row) -> rin='2070-AA59'; publication_id='199510'; ordinal=0; authority_text='15 USC 2604/TSCA 5'; authority_type='act_relative'; parse_status='corroborated'; usc_title=15; usc_section='2604'; act_key='toxic substances control act'; act_section='5'; act_resolution_evidence='table3-classification'; usc_section_verdict='exists'; usc_section_attested_at_edition=True; corroboration_rule='second-authority-behind-a-slash:agency-roster-initialism'; authority_in_own_cfr_note='absent'; cfr_note_part='40 CFR 704'; authority_source='box'	15 USC 2604/TSCA 5
ADDED	2070-AA59	199510	1	1	(no row) -> rin='2070-AA59'; publication_id='199510'; ordinal=1; authority_text='15 USC 2607/TSCA 8'; authority_type='act_relative'; parse_status='corroborated'; usc_title=15; usc_section='2607'; act_key='toxic substances control act'; act_section='8'; act_resolution_evidence='table3-classification'; usc_section_verdict='exists'; usc_section_attested_at_edition=True; corroboration_rule='second-authority-behind-a-slash:agency-roster-initialism'; authority_in_own_cfr_note='absent'; cfr_note_part='40 CFR 704'; authority_source='box'	15 USC 2607/TSCA 8
ADDED	2070-AA59	199604	0	1	(no row) -> rin='2070-AA59'; publication_id='199604'; ordinal=0; authority_text='15 USC 2604/TSCA 5'; authority_type='act_relative'; parse_status='corroborated'; usc_title=15; usc_section='2604'; act_key='toxic substances control act'; act_section='5'; act_resolution_evidence='table3-classification'; usc_section_verdict='exists'; usc_section_attested_at_edition=True; corroboration_rule='second-authority-behind-a-slash:agency-roster-initialism'; authority_in_own_cfr_note='absent'; cfr_note_part='40 CFR 704'; authority_source='box'	15 USC 2604/TSCA 5
ADDED	2070-AA59	199604	1	1	(no row) -> rin='2070-AA59'; publication_id='199604'; ordinal=1; authority_text='15 USC 2607/TSCA 8'; authority_type='act_relative'; parse_status='corroborated'; usc_title=15; usc_section='2607'; act_key='toxic substances control act'; act_section='8'; act_resolution_evidence='table3-classification'; usc_section_verdict='exists'; usc_section_attested_at_edition=True; corroboration_rule='second-authority-behind-a-slash:agency-roster-initialism'; authority_in_own_cfr_note='absent'; cfr_note_part='40 CFR 704'; authority_source='box'	15 USC 2607/TSCA 8
ADDED	2070-AA59	199610	0	1	(no row) -> rin='2070-AA59'; publication_id='199610'; ordinal=0; authority_text='15 USC 2604/TSCA 5'; authority_type='act_relative'; parse_status='corroborated'; usc_title=15; usc_section='2604'; act_key='toxic substances control act'; act_section='5'; act_resolution_evidence='table3-classification'; usc_section_verdict='exists'; usc_section_attested_at_edition=True; corroboration_rule='second-authority-behind-a-slash:agency-roster-initialism'; authority_in_own_cfr_note='absent'; cfr_note_part='40 CFR 704'; authority_source='box'	15 USC 2604/TSCA 5
ADDED	2070-AA59	199610	1	1	(no row) -> rin='2070-AA59'; publication_id='199610'; ordinal=1; authority_text='15 USC 2607/TSCA 8'; authority_type='act_relative'; parse_status='corroborated'; usc_title=15; usc_section='2607'; act_key='toxic substances control act'; act_section='8'; act_resolution_evidence='table3-classification'; usc_section_verdict='exists'; usc_section_attested_at_edition=True; corroboration_rule='second-authority-behind-a-slash:agency-roster-initialism'; authority_in_own_cfr_note='absent'; cfr_note_part='40 CFR 704'; authority_source='box'	15 USC 2607/TSCA 8
ADDED	2070-AA59	199704	0	1	(no row) -> rin='2070-AA59'; publication_id='199704'; ordinal=0; authority_text='15 USC 2604/TSCA 5'; authority_type='act_relative'; parse_status='corroborated'; usc_title=15; usc_section='2604'; act_key='toxic substances control act'; act_section='5'; act_resolution_evidence='table3-classification'; usc_section_verdict='exists'; usc_section_attested_at_edition=True; corroboration_rule='second-authority-behind-a-slash:agency-roster-initialism'; authority_in_own_cfr_note='absent'; cfr_note_part='40 CFR 704'; authority_source='box'	15 USC 2604/TSCA 5
ADDED	2070-AA59	199704	1	1	(no row) -> rin='2070-AA59'; publication_id='199704'; ordinal=1; authority_text='15 USC 2607/TSCA 8'; authority_type='act_relative'; parse_status='corroborated'; usc_title=15; usc_section='2607'; act_key='toxic substances control act'; act_section='8'; act_resolution_evidence='table3-classification'; usc_section_verdict='exists'; usc_section_attested_at_edition=True; corroboration_rule='second-authority-behind-a-slash:agency-roster-initialism'; authority_in_own_cfr_note='absent'; cfr_note_part='40 CFR 704'; authority_source='box'	15 USC 2607/TSCA 8
ADDED	2070-AB07	199510	0	1	(no row) -> rin='2070-AB07'; publication_id='199510'; ordinal=0; authority_text='15 USC 2603/TSCA 4'; authority_type='act_relative'; parse_status='corroborated'; usc_title=15; usc_section='2603'; act_key='toxic substances control act'; act_section='4'; act_resolution_evidence='table3-classification'; usc_section_verdict='exists'; usc_section_attested_at_edition=True; corroboration_rule='second-authority-behind-a-slash:agency-roster-initialism'; authority_in_own_cfr_note='absent'; cfr_note_part='40 CFR 799'; authority_source='box'	15 USC 2603/TSCA 4
ADDED	2070-AB07	199604	0	1	(no row) -> rin='2070-AB07'; publication_id='199604'; ordinal=0; authority_text='15 USC 2603/TSCA 4'; authority_type='act_relative'; parse_status='corroborated'; usc_title=15; usc_section='2603'; act_key='toxic substances control act'; act_section='4'; act_resolution_evidence='table3-classification'; usc_section_verdict='exists'; usc_section_attested_at_edition=True; corroboration_rule='second-authority-behind-a-slash:agency-roster-initialism'; authority_in_own_cfr_note='absent'; cfr_note_part='40 CFR 799'; authority_source='box'	15 USC 2603/TSCA 4
ADDED	2070-AB07	199610	0	1	(no row) -> rin='2070-AB07'; publication_id='199610'; ordinal=0; authority_text='15 USC 2603/TSCA 4'; authority_type='act_relative'; parse_status='corroborated'; usc_title=15; usc_section='2603'; act_key='toxic substances control act'; act_section='4'; act_resolution_evidence='table3-classification'; usc_section_verdict='exists'; usc_section_attested_at_edition=True; corroboration_rule='second-authority-behind-a-slash:agency-roster-initialism'; authority_in_own_cfr_note='absent'; cfr_note_part='40 CFR 799'; authority_source='box'	15 USC 2603/TSCA 4
ADDED	2070-AB07	199704	0	1	(no row) -> rin='2070-AB07'; publication_id='199704'; ordinal=0; authority_text='15 USC 2603/TSCA 4'; authority_type='act_relative'; parse_status='corroborated'; usc_title=15; usc_section='2603'; act_key='toxic substances control act'; act_section='4'; act_resolution_evidence='table3-classification'; usc_section_verdict='exists'; usc_section_attested_at_edition=True; corroboration_rule='second-authority-behind-a-slash:agency-roster-initialism'; authority_in_own_cfr_note='absent'; cfr_note_part='40 CFR 799'; authority_source='box'	15 USC 2603/TSCA 4
ADDED	2070-AB07	199710	0	1	(no row) -> rin='2070-AB07'; publication_id='199710'; ordinal=0; authority_text='15 USC 2603/TSCA 4'; authority_type='act_relative'; parse_status='corroborated'; usc_title=15; usc_section='2603'; act_key='toxic substances control act'; act_section='4'; act_resolution_evidence='table3-classification'; usc_section_verdict='exists'; usc_section_attested_at_edition=True; corroboration_rule='second-authority-behind-a-slash:agency-roster-initialism'; authority_in_own_cfr_note='absent'; cfr_note_part='40 CFR 799'; authority_source='box'	15 USC 2603/TSCA 4
ADDED	2070-AB08	199510	0	1	(no row) -> rin='2070-AB08'; publication_id='199510'; ordinal=0; authority_text='15 USC 2607a/TSCA 8(a)'; authority_type='act_relative'; parse_status='corroborated'; usc_title=15; usc_section='2607'; act_key='toxic substances control act'; act_section='8'; act_resolution_evidence='table3-classification'; usc_section_verdict='exists'; usc_section_attested_at_edition=True; corroboration_rule='second-authority-behind-a-slash:agency-roster-initialism'; authority_in_own_cfr_note='absent'; cfr_note_part='40 CFR 712'; authority_source='box'	15 USC 2607a/TSCA 8(a)
ADDED	2070-AB08	199604	0	1	(no row) -> rin='2070-AB08'; publication_id='199604'; ordinal=0; authority_text='15 USC 2607a/TSCA 8(a)'; authority_type='act_relative'; parse_status='corroborated'; usc_title=15; usc_section='2607'; act_key='toxic substances control act'; act_section='8'; act_resolution_evidence='table3-classification'; usc_section_verdict='exists'; usc_section_attested_at_edition=True; corroboration_rule='second-authority-behind-a-slash:agency-roster-initialism'; authority_in_own_cfr_note='absent'; cfr_note_part='40 CFR 712'; authority_source='box'	15 USC 2607a/TSCA 8(a)
ADDED	2070-AB08	199610	0	1	(no row) -> rin='2070-AB08'; publication_id='199610'; ordinal=0; authority_text='15 USC 2607a/TSCA 8(a)'; authority_type='act_relative'; parse_status='corroborated'; usc_title=15; usc_section='2607'; act_key='toxic substances control act'; act_section='8'; act_resolution_evidence='table3-classification'; usc_section_verdict='exists'; usc_section_attested_at_edition=True; corroboration_rule='second-authority-behind-a-slash:agency-roster-initialism'; authority_in_own_cfr_note='absent'; cfr_note_part='40 CFR 712'; authority_source='box'	15 USC 2607a/TSCA 8(a)
ADDED	2070-AB08	199704	0	1	(no row) -> rin='2070-AB08'; publication_id='199704'; ordinal=0; authority_text='15 USC 2607a/TSCA 8(a)'; authority_type='act_relative'; parse_status='corroborated'; usc_title=15; usc_section='2607'; act_key='toxic substances control act'; act_section='8'; act_resolution_evidence='table3-classification'; usc_section_verdict='exists'; usc_section_attested_at_edition=True; corroboration_rule='second-authority-behind-a-slash:agency-roster-initialism'; authority_in_own_cfr_note='absent'; cfr_note_part='40 CFR 712'; authority_source='box'	15 USC 2607a/TSCA 8(a)
ADDED	2070-AB11	199510	0	1	(no row) -> rin='2070-AB11'; publication_id='199510'; ordinal=0; authority_text='15 USC 2607(d)/TSCA 8(d)'; authority_type='act_relative'; parse_status='corroborated'; usc_title=15; usc_section='2607'; act_key='toxic substances control act'; act_section='8'; act_resolution_evidence='table3-classification'; usc_section_verdict='exists'; usc_section_attested_at_edition=True; corroboration_rule='second-authority-behind-a-slash:agency-roster-initialism'; authority_in_own_cfr_note='absent'; cfr_note_part='40 CFR 716'; authority_source='box'	15 USC 2607(d)/TSCA 8(d)
ADDED	2070-AB11	199604	0	1	(no row) -> rin='2070-AB11'; publication_id='199604'; ordinal=0; authority_text='15 USC 2607(d)/TSCA 8(d)'; authority_type='act_relative'; parse_status='corroborated'; usc_title=15; usc_section='2607'; act_key='toxic substances control act'; act_section='8'; act_resolution_evidence='table3-classification'; usc_section_verdict='exists'; usc_section_attested_at_edition=True; corroboration_rule='second-authority-behind-a-slash:agency-roster-initialism'; authority_in_own_cfr_note='absent'; cfr_note_part='40 CFR 716'; authority_source='box'	15 USC 2607(d)/TSCA 8(d)
ADDED	2070-AB11	199610	0	1	(no row) -> rin='2070-AB11'; publication_id='199610'; ordinal=0; authority_text='15 USC 2607(d)/TSCA 8(d)'; authority_type='act_relative'; parse_status='corroborated'; usc_title=15; usc_section='2607'; act_key='toxic substances control act'; act_section='8'; act_resolution_evidence='table3-classification'; usc_section_verdict='exists'; usc_section_attested_at_edition=True; corroboration_rule='second-authority-behind-a-slash:agency-roster-initialism'; authority_in_own_cfr_note='absent'; cfr_note_part='40 CFR 716'; authority_source='box'	15 USC 2607(d)/TSCA 8(d)
ADDED	2070-AB11	199704	0	1	(no row) -> rin='2070-AB11'; publication_id='199704'; ordinal=0; authority_text='15 USC 2607(d)/TSCA 8(d)'; authority_type='act_relative'; parse_status='corroborated'; usc_title=15; usc_section='2607'; act_key='toxic substances control act'; act_section='8'; act_resolution_evidence='table3-classification'; usc_section_verdict='exists'; usc_section_attested_at_edition=True; corroboration_rule='second-authority-behind-a-slash:agency-roster-initialism'; authority_in_own_cfr_note='absent'; cfr_note_part='40 CFR 716'; authority_source='box'	15 USC 2607(d)/TSCA 8(d)
ADDED	2070-AB14	199510	0	1	(no row) -> rin='2070-AB14'; publication_id='199510'; ordinal=0; authority_text='15 USC 2603/TSCA 4'; authority_type='act_relative'; parse_status='corroborated'; usc_title=15; usc_section='2603'; act_key='toxic substances control act'; act_section='4'; act_resolution_evidence='table3-classification'; usc_section_verdict='exists'; usc_section_attested_at_edition=True; corroboration_rule='second-authority-behind-a-slash:agency-roster-initialism'; authority_source='box'	15 USC 2603/TSCA 4
ADDED	2070-AB14	199510	1	1	(no row) -> rin='2070-AB14'; publication_id='199510'; ordinal=1; authority_text='15 USC 2605/TSCA 6'; authority_type='act_relative'; parse_status='corroborated'; usc_title=15; usc_section='2605'; act_key='toxic substances control act'; act_section='6'; act_resolution_evidence='table3-classification'; usc_section_verdict='exists'; usc_section_attested_at_edition=True; corroboration_rule='second-authority-behind-a-slash:agency-roster-initialism'; authority_source='box'	15 USC 2605/TSCA 6
ADDED	2070-AB14	199510	2	1	(no row) -> rin='2070-AB14'; publication_id='199510'; ordinal=2; authority_text='15 USC 2607/TSCA 8'; authority_type='act_relative'; parse_status='corroborated'; usc_title=15; usc_section='2607'; act_key='toxic substances control act'; act_section='8'; act_resolution_evidence='table3-classification'; usc_section_verdict='exists'; usc_section_attested_at_edition=True; corroboration_rule='second-authority-behind-a-slash:agency-roster-initialism'; authority_source='box'	15 USC 2607/TSCA 8
ADDED	2070-AB14	199604	0	1	(no row) -> rin='2070-AB14'; publication_id='199604'; ordinal=0; authority_text='15 USC 2603/TSCA 4'; authority_type='act_relative'; parse_status='corroborated'; usc_title=15; usc_section='2603'; act_key='toxic substances control act'; act_section='4'; act_resolution_evidence='table3-classification'; usc_section_verdict='exists'; usc_section_attested_at_edition=True; corroboration_rule='second-authority-behind-a-slash:agency-roster-initialism'; authority_source='box'	15 USC 2603/TSCA 4
ADDED	2070-AB14	199604	1	1	(no row) -> rin='2070-AB14'; publication_id='199604'; ordinal=1; authority_text='15 USC 2605/TSCA 6'; authority_type='act_relative'; parse_status='corroborated'; usc_title=15; usc_section='2605'; act_key='toxic substances control act'; act_section='6'; act_resolution_evidence='table3-classification'; usc_section_verdict='exists'; usc_section_attested_at_edition=True; corroboration_rule='second-authority-behind-a-slash:agency-roster-initialism'; authority_source='box'	15 USC 2605/TSCA 6
ADDED	2070-AB14	199604	2	1	(no row) -> rin='2070-AB14'; publication_id='199604'; ordinal=2; authority_text='15 USC 2607/TSCA 8'; authority_type='act_relative'; parse_status='corroborated'; usc_title=15; usc_section='2607'; act_key='toxic substances control act'; act_section='8'; act_resolution_evidence='table3-classification'; usc_section_verdict='exists'; usc_section_attested_at_edition=True; corroboration_rule='second-authority-behind-a-slash:agency-roster-initialism'; authority_source='box'	15 USC 2607/TSCA 8
ADDED	2070-AB14	199610	0	1	(no row) -> rin='2070-AB14'; publication_id='199610'; ordinal=0; authority_text='15 USC 2603/TSCA 4'; authority_type='act_relative'; parse_status='corroborated'; usc_title=15; usc_section='2603'; act_key='toxic substances control act'; act_section='4'; act_resolution_evidence='table3-classification'; usc_section_verdict='exists'; usc_section_attested_at_edition=True; corroboration_rule='second-authority-behind-a-slash:agency-roster-initialism'; authority_source='box'	15 USC 2603/TSCA 4
ADDED	2070-AB14	199610	1	1	(no row) -> rin='2070-AB14'; publication_id='199610'; ordinal=1; authority_text='15 USC 2605/TSCA 6'; authority_type='act_relative'; parse_status='corroborated'; usc_title=15; usc_section='2605'; act_key='toxic substances control act'; act_section='6'; act_resolution_evidence='table3-classification'; usc_section_verdict='exists'; usc_section_attested_at_edition=True; corroboration_rule='second-authority-behind-a-slash:agency-roster-initialism'; authority_source='box'	15 USC 2605/TSCA 6
ADDED	2070-AB14	199610	2	1	(no row) -> rin='2070-AB14'; publication_id='199610'; ordinal=2; authority_text='15 USC 2607/TSCA 8'; authority_type='act_relative'; parse_status='corroborated'; usc_title=15; usc_section='2607'; act_key='toxic substances control act'; act_section='8'; act_resolution_evidence='table3-classification'; usc_section_verdict='exists'; usc_section_attested_at_edition=True; corroboration_rule='second-authority-behind-a-slash:agency-roster-initialism'; authority_source='box'	15 USC 2607/TSCA 8
ADDED	2070-AB14	199704	0	1	(no row) -> rin='2070-AB14'; publication_id='199704'; ordinal=0; authority_text='15 USC 2603/TSCA 4'; authority_type='act_relative'; parse_status='corroborated'; usc_title=15; usc_section='2603'; act_key='toxic substances control act'; act_section='4'; act_resolution_evidence='table3-classification'; usc_section_verdict='exists'; usc_section_attested_at_edition=True; corroboration_rule='second-authority-behind-a-slash:agency-roster-initialism'; authority_source='box'	15 USC 2603/TSCA 4
ADDED	2070-AB14	199704	1	1	(no row) -> rin='2070-AB14'; publication_id='199704'; ordinal=1; authority_text='15 USC 2605/TSCA 6'; authority_type='act_relative'; parse_status='corroborated'; usc_title=15; usc_section='2605'; act_key='toxic substances control act'; act_section='6'; act_resolution_evidence='table3-classification'; usc_section_verdict='exists'; usc_section_attested_at_edition=True; corroboration_rule='second-authority-behind-a-slash:agency-roster-initialism'; authority_source='box'	15 USC 2605/TSCA 6
ADDED	2070-AB14	199704	2	1	(no row) -> rin='2070-AB14'; publication_id='199704'; ordinal=2; authority_text='15 USC 2607/TSCA 8'; authority_type='act_relative'; parse_status='corroborated'; usc_title=15; usc_section='2607'; act_key='toxic substances control act'; act_section='8'; act_resolution_evidence='table3-classification'; usc_section_verdict='exists'; usc_section_attested_at_edition=True; corroboration_rule='second-authority-behind-a-slash:agency-roster-initialism'; authority_source='box'	15 USC 2607/TSCA 8
ADDED	2070-AB27	199510	0	1	(no row) -> rin='2070-AB27'; publication_id='199510'; ordinal=0; authority_text='15 USC 2604/TSCA 5'; authority_type='act_relative'; parse_status='corroborated'; usc_title=15; usc_section='2604'; act_key='toxic substances control act'; act_section='5'; act_resolution_evidence='table3-classification'; usc_section_verdict='exists'; usc_section_attested_at_edition=True; corroboration_rule='second-authority-behind-a-slash:agency-roster-initialism'; authority_in_own_cfr_note='absent'; cfr_note_part='40 CFR 721'; authority_source='box'	15 USC 2604/TSCA 5
ADDED	2070-AB27	199604	0	1	(no row) -> rin='2070-AB27'; publication_id='199604'; ordinal=0; authority_text='15 USC 2604/TSCA 5'; authority_type='act_relative'; parse_status='corroborated'; usc_title=15; usc_section='2604'; act_key='toxic substances control act'; act_section='5'; act_resolution_evidence='table3-classification'; usc_section_verdict='exists'; usc_section_attested_at_edition=True; corroboration_rule='second-authority-behind-a-slash:agency-roster-initialism'; authority_in_own_cfr_note='absent'; cfr_note_part='40 CFR 721'; authority_source='box'	15 USC 2604/TSCA 5
ADDED	2070-AB27	199610	0	1	(no row) -> rin='2070-AB27'; publication_id='199610'; ordinal=0; authority_text='15 USC 2604/TSCA 5'; authority_type='act_relative'; parse_status='corroborated'; usc_title=15; usc_section='2604'; act_key='toxic substances control act'; act_section='5'; act_resolution_evidence='table3-classification'; usc_section_verdict='exists'; usc_section_attested_at_edition=True; corroboration_rule='second-authority-behind-a-slash:agency-roster-initialism'; authority_in_own_cfr_note='absent'; cfr_note_part='40 CFR 721'; authority_source='box'	15 USC 2604/TSCA 5
ADDED	2070-AB27	199704	0	1	(no row) -> rin='2070-AB27'; publication_id='199704'; ordinal=0; authority_text='15 USC 2604/TSCA 5'; authority_type='act_relative'; parse_status='corroborated'; usc_title=15; usc_section='2604'; act_key='toxic substances control act'; act_section='5'; act_resolution_evidence='table3-classification'; usc_section_verdict='exists'; usc_section_attested_at_edition=True; corroboration_rule='second-authority-behind-a-slash:agency-roster-initialism'; authority_in_own_cfr_note='absent'; cfr_note_part='40 CFR 721'; authority_source='box'	15 USC 2604/TSCA 5
ADDED	2070-AB30	199510	0	1	(no row) -> rin='2070-AB30'; publication_id='199510'; ordinal=0; authority_text='15 USC 2603/TSCA 4'; authority_type='act_relative'; parse_status='corroborated'; usc_title=15; usc_section='2603'; act_key='toxic substances control act'; act_section='4'; act_resolution_evidence='table3-classification'; usc_section_verdict='exists'; usc_section_attested_at_edition=True; corroboration_rule='second-authority-behind-a-slash:agency-roster-initialism'; authority_in_own_cfr_note='absent'; cfr_note_part='40 CFR 790'; authority_source='box'	15 USC 2603/TSCA 4
ADDED	2070-AB30	199604	0	1	(no row) -> rin='2070-AB30'; publication_id='199604'; ordinal=0; authority_text='15 USC 2603/TSCA 4'; authority_type='act_relative'; parse_status='corroborated'; usc_title=15; usc_section='2603'; act_key='toxic substances control act'; act_section='4'; act_resolution_evidence='table3-classification'; usc_section_verdict='exists'; usc_section_attested_at_edition=True; corroboration_rule='second-authority-behind-a-slash:agency-roster-initialism'; authority_in_own_cfr_note='absent'; cfr_note_part='40 CFR 790'; authority_source='box'	15 USC 2603/TSCA 4
ADDED	2070-AB30	199610	0	1	(no row) -> rin='2070-AB30'; publication_id='199610'; ordinal=0; authority_text='15 USC 2603/TSCA 4'; authority_type='act_relative'; parse_status='corroborated'; usc_title=15; usc_section='2603'; act_key='toxic substances control act'; act_section='4'; act_resolution_evidence='table3-classification'; usc_section_verdict='exists'; usc_section_attested_at_edition=True; corroboration_rule='second-authority-behind-a-slash:agency-roster-initialism'; authority_in_own_cfr_note='absent'; cfr_note_part='40 CFR 790'; authority_source='box'	15 USC 2603/TSCA 4
ADDED	2070-AB30	199704	0	1	(no row) -> rin='2070-AB30'; publication_id='199704'; ordinal=0; authority_text='15 USC 2603/TSCA 4'; authority_type='act_relative'; parse_status='corroborated'; usc_title=15; usc_section='2603'; act_key='toxic substances control act'; act_section='4'; act_resolution_evidence='table3-classification'; usc_section_verdict='exists'; usc_section_attested_at_edition=True; corroboration_rule='second-authority-behind-a-slash:agency-roster-initialism'; authority_in_own_cfr_note='absent'; cfr_note_part='40 CFR 790'; authority_source='box'	15 USC 2603/TSCA 4
ADDED	2070-AB48	199510	0	1	(no row) -> rin='2070-AB48'; publication_id='199510'; ordinal=0; authority_text='7 USC 136i/FIFRA 11'; authority_type='act_relative'; parse_status='corroborated'; usc_title=7; usc_section='136i'; act_key='federal insecticide, fungicide, and rodenticide act'; act_section='11'; act_resolution_evidence='table3-classification'; usc_section_verdict='exists'; usc_section_attested_at_edition=True; corroboration_rule='second-authority-behind-a-slash:agency-roster-initialism'; authority_in_own_cfr_note='absent'; cfr_note_part='40 CFR 171'; authority_source='box'	7 USC 136i/FIFRA 11
ADDED	2070-AB48	199510	1	1	(no row) -> rin='2070-AB48'; publication_id='199510'; ordinal=1; authority_text='7 USC 136j/FIFRA 12'; authority_type='act_relative'; parse_status='corroborated'; usc_title=7; usc_section='136j'; act_key='federal insecticide, fungicide, and rodenticide act'; act_section='12'; act_resolution_evidence='table3-classification'; usc_section_verdict='exists'; usc_section_attested_at_edition=True; corroboration_rule='second-authority-behind-a-slash:agency-roster-initialism'; authority_in_own_cfr_note='absent'; cfr_note_part='40 CFR 171'; authority_source='box'	7 USC 136j/FIFRA 12
ADDED	2070-AB48	199510	2	1	(no row) -> rin='2070-AB48'; publication_id='199510'; ordinal=2; authority_text='7 USC 136w/FIFRA 25'; authority_type='act_relative'; parse_status='corroborated'; usc_title=7; usc_section='136w'; act_key='federal insecticide, fungicide, and rodenticide act'; act_section='25'; act_resolution_evidence='table3-classification'; usc_section_verdict='exists'; usc_section_attested_at_edition=True; corroboration_rule='second-authority-behind-a-slash:agency-roster-initialism'; authority_in_own_cfr_note='absent'; cfr_note_part='40 CFR 171'; authority_source='box'	7 USC 136w/FIFRA 25
ADDED	2070-AB50	199510	0	1	(no row) -> rin='2070-AB50'; publication_id='199510'; ordinal=0; authority_text='7 USC 136d/FIFRA6'; authority_type='act_relative'; parse_status='corroborated'; usc_title=7; usc_section='136d'; act_key='federal insecticide, fungicide, and rodenticide act'; act_section='6'; act_resolution_evidence='table3-classification'; usc_section_verdict='exists'; usc_section_attested_at_edition=True; corroboration_rule='second-authority-behind-a-slash:agency-roster-initialism'; authority_in_own_cfr_note='absent'; cfr_note_part='40 CFR 153'; authority_source='box'	7 USC 136d/FIFRA6
ADDED	2070-AB50	199604	0	1	(no row) -> rin='2070-AB50'; publication_id='199604'; ordinal=0; authority_text='7 USC 136d/FIFRA6'; authority_type='act_relative'; parse_status='corroborated'; usc_title=7; usc_section='136d'; act_key='federal insecticide, fungicide, and rodenticide act'; act_section='6'; act_resolution_evidence='table3-classification'; usc_section_verdict='exists'; usc_section_attested_at_edition=True; corroboration_rule='second-authority-behind-a-slash:agency-roster-initialism'; authority_in_own_cfr_note='absent'; cfr_note_part='40 CFR 153'; authority_source='box'	7 USC 136d/FIFRA6
ADDED	2070-AB50	199610	0	1	(no row) -> rin='2070-AB50'; publication_id='199610'; ordinal=0; authority_text='7 USC 136d/FIFRA6'; authority_type='act_relative'; parse_status='corroborated'; usc_title=7; usc_section='136d'; act_key='federal insecticide, fungicide, and rodenticide act'; act_section='6'; act_resolution_evidence='table3-classification'; usc_section_verdict='exists'; usc_section_attested_at_edition=True; corroboration_rule='second-authority-behind-a-slash:agency-roster-initialism'; authority_in_own_cfr_note='absent'; cfr_note_part='40 CFR 153'; authority_source='box'	7 USC 136d/FIFRA6
ADDED	2070-AB50	199704	0	1	(no row) -> rin='2070-AB50'; publication_id='199704'; ordinal=0; authority_text='7 USC 136d/FIFRA6'; authority_type='act_relative'; parse_status='corroborated'; usc_title=7; usc_section='136d'; act_key='federal insecticide, fungicide, and rodenticide act'; act_section='6'; act_resolution_evidence='table3-classification'; usc_section_verdict='exists'; usc_section_attested_at_edition=True; corroboration_rule='second-authority-behind-a-slash:agency-roster-initialism'; authority_in_own_cfr_note='absent'; cfr_note_part='40 CFR 153'; authority_source='box'	7 USC 136d/FIFRA6
ADDED	2070-AB56	199510	0	1	(no row) -> rin='2070-AB56'; publication_id='199510'; ordinal=0; authority_text='15 USC 2694/TSCA 5'; authority_type='act_relative'; parse_status='corroborated'; usc_title=15; usc_section='2604'; act_key='toxic substances control act'; act_section='5'; act_resolution_evidence='table3-classification'; usc_section_verdict='exists'; usc_section_attested_at_edition=True; corroboration_rule='second-authority-behind-a-slash:agency-roster-initialism'; authority_in_own_cfr_note='absent'; cfr_note_part='40 CFR 721'; authority_source='box'	15 USC 2694/TSCA 5
ADDED	2070-AB56	199604	0	1	(no row) -> rin='2070-AB56'; publication_id='199604'; ordinal=0; authority_text='15 USC 2694/TSCA 5'; authority_type='act_relative'; parse_status='corroborated'; usc_title=15; usc_section='2604'; act_key='toxic substances control act'; act_section='5'; act_resolution_evidence='table3-classification'; usc_section_verdict='exists'; usc_section_attested_at_edition=True; corroboration_rule='second-authority-behind-a-slash:agency-roster-initialism'; authority_in_own_cfr_note='absent'; cfr_note_part='40 CFR 721'; authority_source='box'	15 USC 2694/TSCA 5
ADDED	2070-AB56	199610	0	1	(no row) -> rin='2070-AB56'; publication_id='199610'; ordinal=0; authority_text='15 USC 2694/TSCA 5'; authority_type='act_relative'; parse_status='corroborated'; usc_title=15; usc_section='2604'; act_key='toxic substances control act'; act_section='5'; act_resolution_evidence='table3-classification'; usc_section_verdict='exists'; usc_section_attested_at_edition=True; corroboration_rule='second-authority-behind-a-slash:agency-roster-initialism'; authority_in_own_cfr_note='absent'; cfr_note_part='40 CFR 721'; authority_source='box'	15 USC 2694/TSCA 5
ADDED	2070-AB56	199704	0	1	(no row) -> rin='2070-AB56'; publication_id='199704'; ordinal=0; authority_text='15 USC 2694/TSCA 5'; authority_type='act_relative'; parse_status='corroborated'; usc_title=15; usc_section='2604'; act_key='toxic substances control act'; act_section='5'; act_resolution_evidence='table3-classification'; usc_section_verdict='exists'; usc_section_attested_at_edition=True; corroboration_rule='second-authority-behind-a-slash:agency-roster-initialism'; authority_in_own_cfr_note='absent'; cfr_note_part='40 CFR 721'; authority_source='box'	15 USC 2694/TSCA 5
ADDED	2070-AB60	199510	0	1	(no row) -> rin='2070-AB60'; publication_id='199510'; ordinal=0; authority_text='7 USC 136a /FIFRA 3'; authority_type='act_relative'; parse_status='corroborated'; usc_title=7; usc_section='136a'; act_key='federal insecticide, fungicide, and rodenticide act'; act_section='3'; act_resolution_evidence='table3-classification'; usc_section_verdict='exists'; usc_section_attested_at_edition=True; corroboration_rule='second-authority-behind-a-slash:agency-roster-initialism'; authority_in_own_cfr_note='absent'; cfr_note_part='40 CFR 152'; authority_source='box'	7 USC 136a /FIFRA 3
ADDED	2070-AB60	199604	0	1	(no row) -> rin='2070-AB60'; publication_id='199604'; ordinal=0; authority_text='7 USC 136a /FIFRA 3'; authority_type='act_relative'; parse_status='corroborated'; usc_title=7; usc_section='136a'; act_key='federal insecticide, fungicide, and rodenticide act'; act_section='3'; act_resolution_evidence='table3-classification'; usc_section_verdict='exists'; usc_section_attested_at_edition=True; corroboration_rule='second-authority-behind-a-slash:agency-roster-initialism'; authority_in_own_cfr_note='absent'; cfr_note_part='40 CFR 152'; authority_source='box'	7 USC 136a /FIFRA 3
ADDED	2070-AB60	199610	0	1	(no row) -> rin='2070-AB60'; publication_id='199610'; ordinal=0; authority_text='7 USC 136a /FIFRA 3'; authority_type='act_relative'; parse_status='corroborated'; usc_title=7; usc_section='136a'; act_key='federal insecticide, fungicide, and rodenticide act'; act_section='3'; act_resolution_evidence='table3-classification'; usc_section_verdict='exists'; usc_section_attested_at_edition=True; corroboration_rule='second-authority-behind-a-slash:agency-roster-initialism'; authority_in_own_cfr_note='absent'; cfr_note_part='40 CFR 152'; authority_source='box'	7 USC 136a /FIFRA 3
ADDED	2070-AB60	199704	0	1	(no row) -> rin='2070-AB60'; publication_id='199704'; ordinal=0; authority_text='7 USC 136a /FIFRA 3'; authority_type='act_relative'; parse_status='corroborated'; usc_title=7; usc_section='136a'; act_key='federal insecticide, fungicide, and rodenticide act'; act_section='3'; act_resolution_evidence='table3-classification'; usc_section_verdict='exists'; usc_section_attested_at_edition=True; corroboration_rule='second-authority-behind-a-slash:agency-roster-initialism'; authority_in_own_cfr_note='absent'; cfr_note_part='40 CFR 152'; authority_source='box'	7 USC 136a /FIFRA 3
ADDED	2070-AB61	199510	0	1	(no row) -> rin='2070-AB61'; publication_id='199510'; ordinal=0; authority_text='15 USC 2604/TSCA 5'; authority_type='act_relative'; parse_status='corroborated'; usc_title=15; usc_section='2604'; act_key='toxic substances control act'; act_section='5'; act_resolution_evidence='table3-classification'; usc_section_verdict='exists'; usc_section_attested_at_edition=True; corroboration_rule='second-authority-behind-a-slash:agency-roster-initialism'; authority_in_own_cfr_note='absent'; cfr_note_part='40 CFR 700'; authority_source='box'	15 USC 2604/TSCA 5
ADDED	2070-AB61	199604	0	1	(no row) -> rin='2070-AB61'; publication_id='199604'; ordinal=0; authority_text='15 USC 2604/TSCA 5'; authority_type='act_relative'; parse_status='corroborated'; usc_title=15; usc_section='2604'; act_key='toxic substances control act'; act_section='5'; act_resolution_evidence='table3-classification'; usc_section_verdict='exists'; usc_section_attested_at_edition=True; corroboration_rule='second-authority-behind-a-slash:agency-roster-initialism'; authority_in_own_cfr_note='absent'; cfr_note_part='40 CFR 700'; authority_source='box'	15 USC 2604/TSCA 5
ADDED	2070-AB61	199610	0	1	(no row) -> rin='2070-AB61'; publication_id='199610'; ordinal=0; authority_text='15 USC 2604/TSCA 5'; authority_type='act_relative'; parse_status='corroborated'; usc_title=15; usc_section='2604'; act_key='toxic substances control act'; act_section='5'; act_resolution_evidence='table3-classification'; usc_section_verdict='exists'; usc_section_attested_at_edition=True; corroboration_rule='second-authority-behind-a-slash:agency-roster-initialism'; authority_in_own_cfr_note='absent'; cfr_note_part='40 CFR 700'; authority_source='box'	15 USC 2604/TSCA 5
ADDED	2070-AB61	199704	0	1	(no row) -> rin='2070-AB61'; publication_id='199704'; ordinal=0; authority_text='15 USC 2604/TSCA 5'; authority_type='act_relative'; parse_status='corroborated'; usc_title=15; usc_section='2604'; act_key='toxic substances control act'; act_section='5'; act_resolution_evidence='table3-classification'; usc_section_verdict='exists'; usc_section_attested_at_edition=True; corroboration_rule='second-authority-behind-a-slash:agency-roster-initialism'; authority_in_own_cfr_note='absent'; cfr_note_part='40 CFR 700'; authority_source='box'	15 USC 2604/TSCA 5
ADDED	2070-AB75	199510	0	1	(no row) -> rin='2070-AB75'; publication_id='199510'; ordinal=0; authority_text='7 USC 136i/FIFRA 11'; authority_type='act_relative'; parse_status='corroborated'; usc_title=7; usc_section='136i'; act_key='federal insecticide, fungicide, and rodenticide act'; act_section='11'; act_resolution_evidence='table3-classification'; usc_section_verdict='exists'; usc_section_attested_at_edition=True; corroboration_rule='second-authority-behind-a-slash:agency-roster-initialism'; authority_in_own_cfr_note='absent'; cfr_note_part='40 CFR 171'; authority_source='box'	7 USC 136i/FIFRA 11
ADDED	2070-AB75	199510	1	1	(no row) -> rin='2070-AB75'; publication_id='199510'; ordinal=1; authority_text='7 USC 136w/FIFRA 25'; authority_type='act_relative'; parse_status='corroborated'; usc_title=7; usc_section='136w'; act_key='federal insecticide, fungicide, and rodenticide act'; act_section='25'; act_resolution_evidence='table3-classification'; usc_section_verdict='exists'; usc_section_attested_at_edition=True; corroboration_rule='second-authority-behind-a-slash:agency-roster-initialism'; authority_in_own_cfr_note='absent'; cfr_note_part='40 CFR 171'; authority_source='box'	7 USC 136w/FIFRA 25
ADDED	2070-AB79	199510	0	1	(no row) -> rin='2070-AB79'; publication_id='199510'; ordinal=0; authority_text='15 USC 2603/TSCA 4'; authority_type='act_relative'; parse_status='corroborated'; usc_title=15; usc_section='2603'; act_key='toxic substances control act'; act_section='4'; act_resolution_evidence='table3-classification'; usc_section_verdict='exists'; usc_section_attested_at_edition=True; corroboration_rule='second-authority-behind-a-slash:agency-roster-initialism'; authority_in_own_cfr_note='absent'; cfr_note_part='40 CFR 795'; authority_source='box'	15 USC 2603/TSCA 4
ADDED	2070-AB79	199510	1	1	(no row) -> rin='2070-AB79'; publication_id='199510'; ordinal=1; authority_text='15 USC 2603/TSCA 4'; authority_type='act_relative'; parse_status='corroborated'; usc_title=15; usc_section='2603'; act_key='toxic substances control act'; act_section='4'; act_resolution_evidence='table3-classification'; usc_section_verdict='exists'; usc_section_attested_at_edition=True; corroboration_rule='second-authority-behind-a-slash:agency-roster-initialism'; authority_in_own_cfr_note='absent'; cfr_note_part='40 CFR 795'; authority_source='box'	15 USC 2603/TSCA 4
ADDED	2070-AB79	199510	2	1	(no row) -> rin='2070-AB79'; publication_id='199510'; ordinal=2; authority_text='42 USC 9604(i)/CERCLA 104(i)'; authority_type='act_relative'; parse_status='corroborated'; usc_title=42; usc_section='9604'; act_key='cercla'; act_section='104'; act_resolution_evidence='table3-classification'; usc_section_verdict='exists'; usc_section_attested_at_edition=True; corroboration_rule='second-authority-behind-a-slash:index-holds-a-bare-name-and-section'; authority_in_own_cfr_note='absent'; cfr_note_part='40 CFR 795'; authority_source='box'	42 USC 9604(i)/CERCLA 104(i)
ADDED	2070-AB79	199510	3	1	(no row) -> rin='2070-AB79'; publication_id='199510'; ordinal=3; authority_text='42 USC 9604(i)/CERCLA 104(i)'; authority_type='act_relative'; parse_status='corroborated'; usc_title=42; usc_section='9604'; act_key='cercla'; act_section='104'; act_resolution_evidence='table3-classification'; usc_section_verdict='exists'; usc_section_attested_at_edition=True; corroboration_rule='second-authority-behind-a-slash:index-holds-a-bare-name-and-section'; authority_in_own_cfr_note='absent'; cfr_note_part='40 CFR 795'; authority_source='box'	42 USC 9604(i)/CERCLA 104(i)
ADDED	2070-AB79	199604	0	1	(no row) -> rin='2070-AB79'; publication_id='199604'; ordinal=0; authority_text='15 USC 2603/TSCA 4'; authority_type='act_relative'; parse_status='corroborated'; usc_title=15; usc_section='2603'; act_key='toxic substances control act'; act_section='4'; act_resolution_evidence='table3-classification'; usc_section_verdict='exists'; usc_section_attested_at_edition=True; corroboration_rule='second-authority-behind-a-slash:agency-roster-initialism'; authority_in_own_cfr_note='absent'; cfr_note_part='40 CFR 795'; authority_source='box'	15 USC 2603/TSCA 4
ADDED	2070-AB79	199604	1	1	(no row) -> rin='2070-AB79'; publication_id='199604'; ordinal=1; authority_text='15 USC 2603/TSCA 4'; authority_type='act_relative'; parse_status='corroborated'; usc_title=15; usc_section='2603'; act_key='toxic substances control act'; act_section='4'; act_resolution_evidence='table3-classification'; usc_section_verdict='exists'; usc_section_attested_at_edition=True; corroboration_rule='second-authority-behind-a-slash:agency-roster-initialism'; authority_in_own_cfr_note='absent'; cfr_note_part='40 CFR 795'; authority_source='box'	15 USC 2603/TSCA 4
ADDED	2070-AB79	199604	2	1	(no row) -> rin='2070-AB79'; publication_id='199604'; ordinal=2; authority_text='42 USC 9604(i)/CERCLA 104(i)'; authority_type='act_relative'; parse_status='corroborated'; usc_title=42; usc_section='9604'; act_key='cercla'; act_section='104'; act_resolution_evidence='table3-classification'; usc_section_verdict='exists'; usc_section_attested_at_edition=True; corroboration_rule='second-authority-behind-a-slash:index-holds-a-bare-name-and-section'; authority_in_own_cfr_note='absent'; cfr_note_part='40 CFR 795'; authority_source='box'	42 USC 9604(i)/CERCLA 104(i)
ADDED	2070-AB79	199604	3	1	(no row) -> rin='2070-AB79'; publication_id='199604'; ordinal=3; authority_text='42 USC 9604(i)/CERCLA 104(i)'; authority_type='act_relative'; parse_status='corroborated'; usc_title=42; usc_section='9604'; act_key='cercla'; act_section='104'; act_resolution_evidence='table3-classification'; usc_section_verdict='exists'; usc_section_attested_at_edition=True; corroboration_rule='second-authority-behind-a-slash:index-holds-a-bare-name-and-section'; authority_in_own_cfr_note='absent'; cfr_note_part='40 CFR 795'; authority_source='box'	42 USC 9604(i)/CERCLA 104(i)
ADDED	2070-AB79	199610	0	1	(no row) -> rin='2070-AB79'; publication_id='199610'; ordinal=0; authority_text='15 USC 2603/TSCA 4'; authority_type='act_relative'; parse_status='corroborated'; usc_title=15; usc_section='2603'; act_key='toxic substances control act'; act_section='4'; act_resolution_evidence='table3-classification'; usc_section_verdict='exists'; usc_section_attested_at_edition=True; corroboration_rule='second-authority-behind-a-slash:agency-roster-initialism'; authority_in_own_cfr_note='absent'; cfr_note_part='40 CFR 795'; authority_source='box'	15 USC 2603/TSCA 4
ADDED	2070-AB79	199610	1	1	(no row) -> rin='2070-AB79'; publication_id='199610'; ordinal=1; authority_text='15 USC 2603/TSCA 4'; authority_type='act_relative'; parse_status='corroborated'; usc_title=15; usc_section='2603'; act_key='toxic substances control act'; act_section='4'; act_resolution_evidence='table3-classification'; usc_section_verdict='exists'; usc_section_attested_at_edition=True; corroboration_rule='second-authority-behind-a-slash:agency-roster-initialism'; authority_in_own_cfr_note='absent'; cfr_note_part='40 CFR 795'; authority_source='box'	15 USC 2603/TSCA 4
ADDED	2070-AB79	199610	2	1	(no row) -> rin='2070-AB79'; publication_id='199610'; ordinal=2; authority_text='42 USC 9604(i)/CERCLA 104(i)'; authority_type='act_relative'; parse_status='corroborated'; usc_title=42; usc_section='9604'; act_key='cercla'; act_section='104'; act_resolution_evidence='table3-classification'; usc_section_verdict='exists'; usc_section_attested_at_edition=True; corroboration_rule='second-authority-behind-a-slash:index-holds-a-bare-name-and-section'; authority_in_own_cfr_note='absent'; cfr_note_part='40 CFR 795'; authority_source='box'	42 USC 9604(i)/CERCLA 104(i)
ADDED	2070-AB79	199610	3	1	(no row) -> rin='2070-AB79'; publication_id='199610'; ordinal=3; authority_text='42 USC 9604(i)/CERCLA 104(i)'; authority_type='act_relative'; parse_status='corroborated'; usc_title=42; usc_section='9604'; act_key='cercla'; act_section='104'; act_resolution_evidence='table3-classification'; usc_section_verdict='exists'; usc_section_attested_at_edition=True; corroboration_rule='second-authority-behind-a-slash:index-holds-a-bare-name-and-section'; authority_in_own_cfr_note='absent'; cfr_note_part='40 CFR 795'; authority_source='box'	42 USC 9604(i)/CERCLA 104(i)
ADDED	2070-AB79	199704	0	1	(no row) -> rin='2070-AB79'; publication_id='199704'; ordinal=0; authority_text='15 USC 2603/TSCA 4'; authority_type='act_relative'; parse_status='corroborated'; usc_title=15; usc_section='2603'; act_key='toxic substances control act'; act_section='4'; act_resolution_evidence='table3-classification'; usc_section_verdict='exists'; usc_section_attested_at_edition=True; corroboration_rule='second-authority-behind-a-slash:agency-roster-initialism'; authority_in_own_cfr_note='absent'; cfr_note_part='40 CFR 795'; authority_source='box'	15 USC 2603/TSCA 4
ADDED	2070-AB79	199704	1	1	(no row) -> rin='2070-AB79'; publication_id='199704'; ordinal=1; authority_text='15 USC 2603/TSCA 4'; authority_type='act_relative'; parse_status='corroborated'; usc_title=15; usc_section='2603'; act_key='toxic substances control act'; act_section='4'; act_resolution_evidence='table3-classification'; usc_section_verdict='exists'; usc_section_attested_at_edition=True; corroboration_rule='second-authority-behind-a-slash:agency-roster-initialism'; authority_in_own_cfr_note='absent'; cfr_note_part='40 CFR 795'; authority_source='box'	15 USC 2603/TSCA 4
ADDED	2070-AB79	199704	2	1	(no row) -> rin='2070-AB79'; publication_id='199704'; ordinal=2; authority_text='42 USC 9604(i)/CERCLA 104(i)'; authority_type='act_relative'; parse_status='corroborated'; usc_title=42; usc_section='9604'; act_key='cercla'; act_section='104'; act_resolution_evidence='table3-classification'; usc_section_verdict='exists'; usc_section_attested_at_edition=True; corroboration_rule='second-authority-behind-a-slash:index-holds-a-bare-name-and-section'; authority_in_own_cfr_note='absent'; cfr_note_part='40 CFR 795'; authority_source='box'	42 USC 9604(i)/CERCLA 104(i)
ADDED	2070-AB79	199704	3	1	(no row) -> rin='2070-AB79'; publication_id='199704'; ordinal=3; authority_text='42 USC 9604(i)/CERCLA 104(i)'; authority_type='act_relative'; parse_status='corroborated'; usc_title=42; usc_section='9604'; act_key='cercla'; act_section='104'; act_resolution_evidence='table3-classification'; usc_section_verdict='exists'; usc_section_attested_at_edition=True; corroboration_rule='second-authority-behind-a-slash:index-holds-a-bare-name-and-section'; authority_in_own_cfr_note='absent'; cfr_note_part='40 CFR 795'; authority_source='box'	42 USC 9604(i)/CERCLA 104(i)
ADDED	2070-AB81	199510	0	1	(no row) -> rin='2070-AB81'; publication_id='199510'; ordinal=0; authority_text='15 USC 2605/TSCA 6(e)'; authority_type='act_relative'; parse_status='corroborated'; usc_title=15; usc_section='2605'; act_key='toxic substances control act'; act_section='6'; act_resolution_evidence='table3-classification'; usc_section_verdict='exists'; usc_section_attested_at_edition=True; corroboration_rule='second-authority-behind-a-slash:agency-roster-initialism'; authority_in_own_cfr_note='absent'; cfr_note_part='40 CFR 761'; authority_source='box'	15 USC 2605/TSCA 6(e)
ADDED	2070-AB81	199604	0	1	(no row) -> rin='2070-AB81'; publication_id='199604'; ordinal=0; authority_text='15 USC 2605/TSCA 6(e)'; authority_type='act_relative'; parse_status='corroborated'; usc_title=15; usc_section='2605'; act_key='toxic substances control act'; act_section='6'; act_resolution_evidence='table3-classification'; usc_section_verdict='exists'; usc_section_attested_at_edition=True; corroboration_rule='second-authority-behind-a-slash:agency-roster-initialism'; authority_in_own_cfr_note='absent'; cfr_note_part='40 CFR 761'; authority_source='box'	15 USC 2605/TSCA 6(e)
ADDED	2070-AB81	199610	0	1	(no row) -> rin='2070-AB81'; publication_id='199610'; ordinal=0; authority_text='15 USC 2605/TSCA 6(e)'; authority_type='act_relative'; parse_status='corroborated'; usc_title=15; usc_section='2605'; act_key='toxic substances control act'; act_section='6'; act_resolution_evidence='table3-classification'; usc_section_verdict='exists'; usc_section_attested_at_edition=True; corroboration_rule='second-authority-behind-a-slash:agency-roster-initialism'; authority_in_own_cfr_note='absent'; cfr_note_part='40 CFR 761'; authority_source='box'	15 USC 2605/TSCA 6(e)
ADDED	2070-AB81	199704	0	1	(no row) -> rin='2070-AB81'; publication_id='199704'; ordinal=0; authority_text='15 USC 2605/TSCA 6(e)'; authority_type='act_relative'; parse_status='corroborated'; usc_title=15; usc_section='2605'; act_key='toxic substances control act'; act_section='6'; act_resolution_evidence='table3-classification'; usc_section_verdict='exists'; usc_section_attested_at_edition=True; corroboration_rule='second-authority-behind-a-slash:agency-roster-initialism'; authority_in_own_cfr_note='absent'; cfr_note_part='40 CFR 761'; authority_source='box'	15 USC 2605/TSCA 6(e)
ADDED	2070-AB81	199710	0	1	(no row) -> rin='2070-AB81'; publication_id='199710'; ordinal=0; authority_text='15 USC 2605/ TSCA 6(e)'; authority_type='act_relative'; parse_status='corroborated'; usc_title=15; usc_section='2605'; act_key='toxic substances control act'; act_section='6'; act_resolution_evidence='table3-classification'; usc_section_verdict='exists'; usc_section_attested_at_edition=True; corroboration_rule='second-authority-behind-a-slash:agency-roster-initialism'; authority_in_own_cfr_note='absent'; cfr_note_part='40 CFR 761'; authority_source='box'	15 USC 2605/ TSCA 6(e)
ADDED	2070-AB94	199510	0	1	(no row) -> rin='2070-AB94'; publication_id='199510'; ordinal=0; authority_text='15 USC 2603/TSCA 4'; authority_type='act_relative'; parse_status='corroborated'; usc_title=15; usc_section='2603'; act_key='toxic substances control act'; act_section='4'; act_resolution_evidence='table3-classification'; usc_section_verdict='exists'; usc_section_attested_at_edition=True; corroboration_rule='second-authority-behind-a-slash:agency-roster-initialism'; authority_in_own_cfr_note='absent'; cfr_note_part='40 CFR 799'; authority_source='box'	15 USC 2603/TSCA 4
ADDED	2070-AB94	199604	0	1	(no row) -> rin='2070-AB94'; publication_id='199604'; ordinal=0; authority_text='15 USC 2603/TSCA 4'; authority_type='act_relative'; parse_status='corroborated'; usc_title=15; usc_section='2603'; act_key='toxic substances control act'; act_section='4'; act_resolution_evidence='table3-classification'; usc_section_verdict='exists'; usc_section_attested_at_edition=True; corroboration_rule='second-authority-behind-a-slash:agency-roster-initialism'; authority_in_own_cfr_note='absent'; cfr_note_part='40 CFR 799'; authority_source='box'	15 USC 2603/TSCA 4
ADDED	2070-AB94	199610	0	1	(no row) -> rin='2070-AB94'; publication_id='199610'; ordinal=0; authority_text='15 USC 2603/TSCA 4'; authority_type='act_relative'; parse_status='corroborated'; usc_title=15; usc_section='2603'; act_key='toxic substances control act'; act_section='4'; act_resolution_evidence='table3-classification'; usc_section_verdict='exists'; usc_section_attested_at_edition=True; corroboration_rule='second-authority-behind-a-slash:agency-roster-initialism'; authority_in_own_cfr_note='absent'; cfr_note_part='40 CFR 799'; authority_source='box'	15 USC 2603/TSCA 4
ADDED	2070-AB94	199704	0	1	(no row) -> rin='2070-AB94'; publication_id='199704'; ordinal=0; authority_text='15 USC 2603/TSCA 4'; authority_type='act_relative'; parse_status='corroborated'; usc_title=15; usc_section='2603'; act_key='toxic substances control act'; act_section='4'; act_resolution_evidence='table3-classification'; usc_section_verdict='exists'; usc_section_attested_at_edition=True; corroboration_rule='second-authority-behind-a-slash:agency-roster-initialism'; authority_in_own_cfr_note='absent'; cfr_note_part='40 CFR 799'; authority_source='box'	15 USC 2603/TSCA 4
ADDED	2070-AB95	199510	0	1	(no row) -> rin='2070-AB95'; publication_id='199510'; ordinal=0; authority_text='7 USC 136q/FIFRA 19'; authority_type='act_relative'; parse_status='corroborated'; usc_title=7; usc_section='136q'; act_key='federal insecticide, fungicide, and rodenticide act'; act_section='19'; act_resolution_evidence='table3-classification'; usc_section_verdict='exists'; usc_section_attested_at_edition=True; corroboration_rule='second-authority-behind-a-slash:agency-roster-initialism'; authority_in_own_cfr_note='absent'; cfr_note_part='40 CFR 156'; authority_source='box'	7 USC 136q/FIFRA 19
ADDED	2070-AB95	199510	1	1	(no row) -> rin='2070-AB95'; publication_id='199510'; ordinal=1; authority_text='7 USC 136a/FIFRA 3'; authority_type='act_relative'; parse_status='corroborated'; usc_title=7; usc_section='136a'; act_key='federal insecticide, fungicide, and rodenticide act'; act_section='3'; act_resolution_evidence='table3-classification'; usc_section_verdict='exists'; usc_section_attested_at_edition=True; corroboration_rule='second-authority-behind-a-slash:agency-roster-initialism'; authority_in_own_cfr_note='absent'; cfr_note_part='40 CFR 156'; authority_source='box'	7 USC 136a/FIFRA 3
ADDED	2070-AB95	199510	2	1	(no row) -> rin='2070-AB95'; publication_id='199510'; ordinal=2; authority_text='7 USC 136w/FIFRA 25'; authority_type='act_relative'; parse_status='corroborated'; usc_title=7; usc_section='136w'; act_key='federal insecticide, fungicide, and rodenticide act'; act_section='25'; act_resolution_evidence='table3-classification'; usc_section_verdict='exists'; usc_section_attested_at_edition=True; corroboration_rule='second-authority-behind-a-slash:agency-roster-initialism'; authority_in_own_cfr_note='absent'; cfr_note_part='40 CFR 156'; authority_source='box'	7 USC 136w/FIFRA 25
ADDED	2070-AB95	199604	0	1	(no row) -> rin='2070-AB95'; publication_id='199604'; ordinal=0; authority_text='7 USC 136q/FIFRA 19'; authority_type='act_relative'; parse_status='corroborated'; usc_title=7; usc_section='136q'; act_key='federal insecticide, fungicide, and rodenticide act'; act_section='19'; act_resolution_evidence='table3-classification'; usc_section_verdict='exists'; usc_section_attested_at_edition=True; corroboration_rule='second-authority-behind-a-slash:agency-roster-initialism'; authority_in_own_cfr_note='absent'; cfr_note_part='40 CFR 156'; authority_source='box'	7 USC 136q/FIFRA 19
ADDED	2070-AB95	199604	1	1	(no row) -> rin='2070-AB95'; publication_id='199604'; ordinal=1; authority_text='7 USC 136a/FIFRA 3'; authority_type='act_relative'; parse_status='corroborated'; usc_title=7; usc_section='136a'; act_key='federal insecticide, fungicide, and rodenticide act'; act_section='3'; act_resolution_evidence='table3-classification'; usc_section_verdict='exists'; usc_section_attested_at_edition=True; corroboration_rule='second-authority-behind-a-slash:agency-roster-initialism'; authority_in_own_cfr_note='absent'; cfr_note_part='40 CFR 156'; authority_source='box'	7 USC 136a/FIFRA 3
ADDED	2070-AB95	199604	2	1	(no row) -> rin='2070-AB95'; publication_id='199604'; ordinal=2; authority_text='7 USC 136w/FIFRA 25'; authority_type='act_relative'; parse_status='corroborated'; usc_title=7; usc_section='136w'; act_key='federal insecticide, fungicide, and rodenticide act'; act_section='25'; act_resolution_evidence='table3-classification'; usc_section_verdict='exists'; usc_section_attested_at_edition=True; corroboration_rule='second-authority-behind-a-slash:agency-roster-initialism'; authority_in_own_cfr_note='absent'; cfr_note_part='40 CFR 156'; authority_source='box'	7 USC 136w/FIFRA 25
ADDED	2070-AB95	199610	0	1	(no row) -> rin='2070-AB95'; publication_id='199610'; ordinal=0; authority_text='7 USC 136q/FIFRA 19'; authority_type='act_relative'; parse_status='corroborated'; usc_title=7; usc_section='136q'; act_key='federal insecticide, fungicide, and rodenticide act'; act_section='19'; act_resolution_evidence='table3-classification'; usc_section_verdict='exists'; usc_section_attested_at_edition=True; corroboration_rule='second-authority-behind-a-slash:agency-roster-initialism'; authority_in_own_cfr_note='absent'; cfr_note_part='40 CFR 156'; authority_source='box'	7 USC 136q/FIFRA 19
ADDED	2070-AB95	199610	1	1	(no row) -> rin='2070-AB95'; publication_id='199610'; ordinal=1; authority_text='7 USC 136a/FIFRA 3'; authority_type='act_relative'; parse_status='corroborated'; usc_title=7; usc_section='136a'; act_key='federal insecticide, fungicide, and rodenticide act'; act_section='3'; act_resolution_evidence='table3-classification'; usc_section_verdict='exists'; usc_section_attested_at_edition=True; corroboration_rule='second-authority-behind-a-slash:agency-roster-initialism'; authority_in_own_cfr_note='absent'; cfr_note_part='40 CFR 156'; authority_source='box'	7 USC 136a/FIFRA 3
ADDED	2070-AB95	199610	2	1	(no row) -> rin='2070-AB95'; publication_id='199610'; ordinal=2; authority_text='7 USC 136w/FIFRA 25'; authority_type='act_relative'; parse_status='corroborated'; usc_title=7; usc_section='136w'; act_key='federal insecticide, fungicide, and rodenticide act'; act_section='25'; act_resolution_evidence='table3-classification'; usc_section_verdict='exists'; usc_section_attested_at_edition=True; corroboration_rule='second-authority-behind-a-slash:agency-roster-initialism'; authority_in_own_cfr_note='absent'; cfr_note_part='40 CFR 156'; authority_source='box'	7 USC 136w/FIFRA 25
ADDED	2070-AB95	199704	0	1	(no row) -> rin='2070-AB95'; publication_id='199704'; ordinal=0; authority_text='7 USC 136q/FIFRA 19'; authority_type='act_relative'; parse_status='corroborated'; usc_title=7; usc_section='136q'; act_key='federal insecticide, fungicide, and rodenticide act'; act_section='19'; act_resolution_evidence='table3-classification'; usc_section_verdict='exists'; usc_section_attested_at_edition=True; corroboration_rule='second-authority-behind-a-slash:agency-roster-initialism'; authority_in_own_cfr_note='absent'; cfr_note_part='40 CFR 156'; authority_source='box'	7 USC 136q/FIFRA 19
ADDED	2070-AB95	199704	1	1	(no row) -> rin='2070-AB95'; publication_id='199704'; ordinal=1; authority_text='7 USC 136a/FIFRA 3'; authority_type='act_relative'; parse_status='corroborated'; usc_title=7; usc_section='136a'; act_key='federal insecticide, fungicide, and rodenticide act'; act_section='3'; act_resolution_evidence='table3-classification'; usc_section_verdict='exists'; usc_section_attested_at_edition=True; corroboration_rule='second-authority-behind-a-slash:agency-roster-initialism'; authority_in_own_cfr_note='absent'; cfr_note_part='40 CFR 156'; authority_source='box'	7 USC 136a/FIFRA 3
ADDED	2070-AB95	199704	2	1	(no row) -> rin='2070-AB95'; publication_id='199704'; ordinal=2; authority_text='7 USC 136w/FIFRA 25'; authority_type='act_relative'; parse_status='corroborated'; usc_title=7; usc_section='136w'; act_key='federal insecticide, fungicide, and rodenticide act'; act_section='25'; act_resolution_evidence='table3-classification'; usc_section_verdict='exists'; usc_section_attested_at_edition=True; corroboration_rule='second-authority-behind-a-slash:agency-roster-initialism'; authority_in_own_cfr_note='absent'; cfr_note_part='40 CFR 156'; authority_source='box'	7 USC 136w/FIFRA 25
ADDED	2070-AB96	199510	0	1	(no row) -> rin='2070-AB96'; publication_id='199510'; ordinal=0; authority_text='7 USC 136/FIFRA 25'; authority_type='act_relative'; parse_status='corroborated'; usc_title=7; usc_section='136w'; act_key='federal insecticide, fungicide, and rodenticide act'; act_section='25'; act_resolution_evidence='table3-classification'; usc_section_verdict='exists'; usc_section_attested_at_edition=True; corroboration_rule='second-authority-behind-a-slash:agency-roster-initialism'; authority_in_own_cfr_note='absent'; cfr_note_part='40 CFR 157'; authority_source='box'	7 USC 136/FIFRA 25
ADDED	2070-AB96	199604	0	1	(no row) -> rin='2070-AB96'; publication_id='199604'; ordinal=0; authority_text='7 USC 136/FIFRA 25'; authority_type='act_relative'; parse_status='corroborated'; usc_title=7; usc_section='136w'; act_key='federal insecticide, fungicide, and rodenticide act'; act_section='25'; act_resolution_evidence='table3-classification'; usc_section_verdict='exists'; usc_section_attested_at_edition=True; corroboration_rule='second-authority-behind-a-slash:agency-roster-initialism'; authority_in_own_cfr_note='absent'; cfr_note_part='40 CFR 157'; authority_source='box'	7 USC 136/FIFRA 25
ADDED	2070-AB96	199610	0	1	(no row) -> rin='2070-AB96'; publication_id='199610'; ordinal=0; authority_text='7 USC 136/FIFRA 25'; authority_type='act_relative'; parse_status='corroborated'; usc_title=7; usc_section='136w'; act_key='federal insecticide, fungicide, and rodenticide act'; act_section='25'; act_resolution_evidence='table3-classification'; usc_section_verdict='exists'; usc_section_attested_at_edition=True; corroboration_rule='second-authority-behind-a-slash:agency-roster-initialism'; authority_in_own_cfr_note='absent'; cfr_note_part='40 CFR 157'; authority_source='box'	7 USC 136/FIFRA 25
ADDED	2070-AB96	199704	0	1	(no row) -> rin='2070-AB96'; publication_id='199704'; ordinal=0; authority_text='7 USC 136/FIFRA 25'; authority_type='act_relative'; parse_status='corroborated'; usc_title=7; usc_section='136w'; act_key='federal insecticide, fungicide, and rodenticide act'; act_section='25'; act_resolution_evidence='table3-classification'; usc_section_verdict='exists'; usc_section_attested_at_edition=True; corroboration_rule='second-authority-behind-a-slash:agency-roster-initialism'; authority_in_own_cfr_note='absent'; cfr_note_part='40 CFR 157'; authority_source='box'	7 USC 136/FIFRA 25
ADDED	2070-AC01	199510	0	1	(no row) -> rin='2070-AC01'; publication_id='199510'; ordinal=0; authority_text='15 USC 2605(e)(1)(A)/TSCA 6(e)'; authority_type='act_relative'; parse_status='corroborated'; usc_title=15; usc_section='2605'; act_key='toxic substances control act'; act_section='6'; act_resolution_evidence='table3-classification'; usc_section_verdict='exists'; usc_section_attested_at_edition=True; corroboration_rule='second-authority-behind-a-slash:agency-roster-initialism'; authority_in_own_cfr_note='absent'; cfr_note_part='40 CFR 761'; authority_source='box'	15 USC 2605(e)(1)(A)/TSCA 6(e)
ADDED	2070-AC01	199604	0	1	(no row) -> rin='2070-AC01'; publication_id='199604'; ordinal=0; authority_text='15 USC 2605(e)(1)(A)/TSCA 6(e)'; authority_type='act_relative'; parse_status='corroborated'; usc_title=15; usc_section='2605'; act_key='toxic substances control act'; act_section='6'; act_resolution_evidence='table3-classification'; usc_section_verdict='exists'; usc_section_attested_at_edition=True; corroboration_rule='second-authority-behind-a-slash:agency-roster-initialism'; authority_in_own_cfr_note='absent'; cfr_note_part='40 CFR 761'; authority_source='box'	15 USC 2605(e)(1)(A)/TSCA 6(e)
ADDED	2070-AC01	199610	0	1	(no row) -> rin='2070-AC01'; publication_id='199610'; ordinal=0; authority_text='15 USC 2605(e)(1)(A)/TSCA 6(e)'; authority_type='act_relative'; parse_status='corroborated'; usc_title=15; usc_section='2605'; act_key='toxic substances control act'; act_section='6'; act_resolution_evidence='table3-classification'; usc_section_verdict='exists'; usc_section_attested_at_edition=True; corroboration_rule='second-authority-behind-a-slash:agency-roster-initialism'; authority_in_own_cfr_note='absent'; cfr_note_part='40 CFR 761'; authority_source='box'	15 USC 2605(e)(1)(A)/TSCA 6(e)
ADDED	2070-AC01	199704	0	1	(no row) -> rin='2070-AC01'; publication_id='199704'; ordinal=0; authority_text='15 USC 2605(e)(1)(A)/TSCA 6(e)'; authority_type='act_relative'; parse_status='corroborated'; usc_title=15; usc_section='2605'; act_key='toxic substances control act'; act_section='6'; act_resolution_evidence='table3-classification'; usc_section_verdict='exists'; usc_section_attested_at_edition=True; corroboration_rule='second-authority-behind-a-slash:agency-roster-initialism'; authority_in_own_cfr_note='absent'; cfr_note_part='40 CFR 761'; authority_source='box'	15 USC 2605(e)(1)(A)/TSCA 6(e)
ADDED	2070-AC05	199510	0	1	(no row) -> rin='2070-AC05'; publication_id='199510'; ordinal=0; authority_text='15 USC 2605/TSCA 6'; authority_type='act_relative'; parse_status='corroborated'; usc_title=15; usc_section='2605'; act_key='toxic substances control act'; act_section='6'; act_resolution_evidence='table3-classification'; usc_section_verdict='exists'; usc_section_attested_at_edition=True; corroboration_rule='second-authority-behind-a-slash:agency-roster-initialism'; authority_source='box'	15 USC 2605/TSCA 6
ADDED	2070-AC05	199604	0	1	(no row) -> rin='2070-AC05'; publication_id='199604'; ordinal=0; authority_text='15 USC 2605/TSCA 6'; authority_type='act_relative'; parse_status='corroborated'; usc_title=15; usc_section='2605'; act_key='toxic substances control act'; act_section='6'; act_resolution_evidence='table3-classification'; usc_section_verdict='exists'; usc_section_attested_at_edition=True; corroboration_rule='second-authority-behind-a-slash:agency-roster-initialism'; authority_source='box'	15 USC 2605/TSCA 6
ADDED	2070-AC05	199610	0	1	(no row) -> rin='2070-AC05'; publication_id='199610'; ordinal=0; authority_text='15 USC 2605/TSCA 6'; authority_type='act_relative'; parse_status='corroborated'; usc_title=15; usc_section='2605'; act_key='toxic substances control act'; act_section='6'; act_resolution_evidence='table3-classification'; usc_section_verdict='exists'; usc_section_attested_at_edition=True; corroboration_rule='second-authority-behind-a-slash:agency-roster-initialism'; authority_source='box'	15 USC 2605/TSCA 6
ADDED	2070-AC05	199704	0	1	(no row) -> rin='2070-AC05'; publication_id='199704'; ordinal=0; authority_text='15 USC 2605/TSCA 6'; authority_type='act_relative'; parse_status='corroborated'; usc_title=15; usc_section='2605'; act_key='toxic substances control act'; act_section='6'; act_resolution_evidence='table3-classification'; usc_section_verdict='exists'; usc_section_attested_at_edition=True; corroboration_rule='second-authority-behind-a-slash:agency-roster-initialism'; authority_source='box'	15 USC 2605/TSCA 6
ADDED	2070-AC07	199510	0	1	(no row) -> rin='2070-AC07'; publication_id='199510'; ordinal=0; authority_text='7 USC 136f/FIFRA 8'; authority_type='act_relative'; parse_status='corroborated'; usc_title=7; usc_section='136f'; act_key='federal insecticide, fungicide, and rodenticide act'; act_section='8'; act_resolution_evidence='table3-classification'; usc_section_verdict='exists'; usc_section_attested_at_edition=True; corroboration_rule='second-authority-behind-a-slash:agency-roster-initialism'; authority_in_own_cfr_note='absent'; cfr_note_part='40 CFR 169'; authority_source='box'	7 USC 136f/FIFRA 8
ADDED	2070-AC07	199604	0	1	(no row) -> rin='2070-AC07'; publication_id='199604'; ordinal=0; authority_text='7 USC 136f/FIFRA 8'; authority_type='act_relative'; parse_status='corroborated'; usc_title=7; usc_section='136f'; act_key='federal insecticide, fungicide, and rodenticide act'; act_section='8'; act_resolution_evidence='table3-classification'; usc_section_verdict='exists'; usc_section_attested_at_edition=True; corroboration_rule='second-authority-behind-a-slash:agency-roster-initialism'; authority_in_own_cfr_note='absent'; cfr_note_part='40 CFR 169'; authority_source='box'	7 USC 136f/FIFRA 8
ADDED	2070-AC07	199610	0	1	(no row) -> rin='2070-AC07'; publication_id='199610'; ordinal=0; authority_text='7 USC 136f/FIFRA 8'; authority_type='act_relative'; parse_status='corroborated'; usc_title=7; usc_section='136f'; act_key='federal insecticide, fungicide, and rodenticide act'; act_section='8'; act_resolution_evidence='table3-classification'; usc_section_verdict='exists'; usc_section_attested_at_edition=True; corroboration_rule='second-authority-behind-a-slash:agency-roster-initialism'; authority_in_own_cfr_note='absent'; cfr_note_part='40 CFR 169'; authority_source='box'	7 USC 136f/FIFRA 8
ADDED	2070-AC07	199704	0	1	(no row) -> rin='2070-AC07'; publication_id='199704'; ordinal=0; authority_text='7 USC 136f/FIFRA 8'; authority_type='act_relative'; parse_status='corroborated'; usc_title=7; usc_section='136f'; act_key='federal insecticide, fungicide, and rodenticide act'; act_section='8'; act_resolution_evidence='table3-classification'; usc_section_verdict='exists'; usc_section_attested_at_edition=True; corroboration_rule='second-authority-behind-a-slash:agency-roster-initialism'; authority_in_own_cfr_note='absent'; cfr_note_part='40 CFR 169'; authority_source='box'	7 USC 136f/FIFRA 8
ADDED	2070-AC08	199510	0	1	(no row) -> rin='2070-AC08'; publication_id='199510'; ordinal=0; authority_text='7 USC 136/FIFRA 6'; authority_type='act_relative'; parse_status='corroborated'; usc_title=7; usc_section='136d'; act_key='federal insecticide, fungicide, and rodenticide act'; act_section='6'; act_resolution_evidence='table3-classification'; usc_section_verdict='exists'; usc_section_attested_at_edition=True; corroboration_rule='second-authority-behind-a-slash:agency-roster-initialism'; authority_in_own_cfr_note='absent'; cfr_note_part='40 CFR 168'; authority_source='box'	7 USC 136/FIFRA 6
ADDED	2070-AC08	199604	0	1	(no row) -> rin='2070-AC08'; publication_id='199604'; ordinal=0; authority_text='7 USC 136/FIFRA 6'; authority_type='act_relative'; parse_status='corroborated'; usc_title=7; usc_section='136d'; act_key='federal insecticide, fungicide, and rodenticide act'; act_section='6'; act_resolution_evidence='table3-classification'; usc_section_verdict='exists'; usc_section_attested_at_edition=True; corroboration_rule='second-authority-behind-a-slash:agency-roster-initialism'; authority_in_own_cfr_note='absent'; cfr_note_part='40 CFR 168'; authority_source='box'	7 USC 136/FIFRA 6
ADDED	2070-AC08	199610	0	1	(no row) -> rin='2070-AC08'; publication_id='199610'; ordinal=0; authority_text='7 USC 136/FIFRA 6'; authority_type='act_relative'; parse_status='corroborated'; usc_title=7; usc_section='136d'; act_key='federal insecticide, fungicide, and rodenticide act'; act_section='6'; act_resolution_evidence='table3-classification'; usc_section_verdict='exists'; usc_section_attested_at_edition=True; corroboration_rule='second-authority-behind-a-slash:agency-roster-initialism'; authority_in_own_cfr_note='absent'; cfr_note_part='40 CFR 168'; authority_source='box'	7 USC 136/FIFRA 6
ADDED	2070-AC08	199704	0	1	(no row) -> rin='2070-AC08'; publication_id='199704'; ordinal=0; authority_text='7 USC 136/FIFRA 6'; authority_type='act_relative'; parse_status='corroborated'; usc_title=7; usc_section='136d'; act_key='federal insecticide, fungicide, and rodenticide act'; act_section='6'; act_resolution_evidence='table3-classification'; usc_section_verdict='exists'; usc_section_attested_at_edition=True; corroboration_rule='second-authority-behind-a-slash:agency-roster-initialism'; authority_in_own_cfr_note='absent'; cfr_note_part='40 CFR 168'; authority_source='box'	7 USC 136/FIFRA 6
ADDED	2070-AC14	199510	2	1	(no row) -> rin='2070-AC14'; publication_id='199510'; ordinal=2; authority_text='15 USC 2613/TSCA 5'; authority_type='act_relative'; parse_status='corroborated'; usc_title=15; usc_section='2604'; act_key='toxic substances control act'; act_section='5'; act_resolution_evidence='table3-classification'; usc_section_verdict='exists'; usc_section_attested_at_edition=True; corroboration_rule='second-authority-behind-a-slash:agency-roster-initialism'; authority_in_own_cfr_note='absent'; cfr_note_part='40 CFR 720'; authority_source='box'	15 USC 2613/TSCA 5
ADDED	2070-AC17	199510	0	1	(no row) -> rin='2070-AC17'; publication_id='199510'; ordinal=0; authority_text='15 USC 2605/TSCA 6'; authority_type='act_relative'; parse_status='corroborated'; usc_title=15; usc_section='2605'; act_key='toxic substances control act'; act_section='6'; act_resolution_evidence='table3-classification'; usc_section_verdict='exists'; usc_section_attested_at_edition=True; corroboration_rule='second-authority-behind-a-slash:agency-roster-initialism'; authority_source='box'	15 USC 2605/TSCA 6
ADDED	2070-AC17	199604	0	1	(no row) -> rin='2070-AC17'; publication_id='199604'; ordinal=0; authority_text='15 USC 2605/TSCA 6'; authority_type='act_relative'; parse_status='corroborated'; usc_title=15; usc_section='2605'; act_key='toxic substances control act'; act_section='6'; act_resolution_evidence='table3-classification'; usc_section_verdict='exists'; usc_section_attested_at_edition=True; corroboration_rule='second-authority-behind-a-slash:agency-roster-initialism'; authority_source='box'	15 USC 2605/TSCA 6
ADDED	2070-AC17	199610	0	1	(no row) -> rin='2070-AC17'; publication_id='199610'; ordinal=0; authority_text='15 USC 2605/TSCA 6'; authority_type='act_relative'; parse_status='corroborated'; usc_title=15; usc_section='2605'; act_key='toxic substances control act'; act_section='6'; act_resolution_evidence='table3-classification'; usc_section_verdict='exists'; usc_section_attested_at_edition=True; corroboration_rule='second-authority-behind-a-slash:agency-roster-initialism'; authority_source='box'	15 USC 2605/TSCA 6
ADDED	2070-AC17	199704	0	1	(no row) -> rin='2070-AC17'; publication_id='199704'; ordinal=0; authority_text='15 USC 2605/TSCA 6'; authority_type='act_relative'; parse_status='corroborated'; usc_title=15; usc_section='2605'; act_key='toxic substances control act'; act_section='6'; act_resolution_evidence='table3-classification'; usc_section_verdict='exists'; usc_section_attested_at_edition=True; corroboration_rule='second-authority-behind-a-slash:agency-roster-initialism'; authority_source='box'	15 USC 2605/TSCA 6
ADDED	2070-AC21	199510	0	1	(no row) -> rin='2070-AC21'; publication_id='199510'; ordinal=0; authority_text='15 USC 2604/TSCA 5'; authority_type='act_relative'; parse_status='corroborated'; usc_title=15; usc_section='2604'; act_key='toxic substances control act'; act_section='5'; act_resolution_evidence='table3-classification'; usc_section_verdict='exists'; usc_section_attested_at_edition=True; corroboration_rule='second-authority-behind-a-slash:agency-roster-initialism'; authority_in_own_cfr_note='absent'; cfr_note_part='40 CFR 721'; authority_source='box'	15 USC 2604/TSCA 5
ADDED	2070-AC21	199510	1	1	(no row) -> rin='2070-AC21'; publication_id='199510'; ordinal=1; authority_text='15 USC 2605/TSCA 6'; authority_type='act_relative'; parse_status='corroborated'; usc_title=15; usc_section='2605'; act_key='toxic substances control act'; act_section='6'; act_resolution_evidence='table3-classification'; usc_section_verdict='exists'; usc_section_attested_at_edition=True; corroboration_rule='second-authority-behind-a-slash:agency-roster-initialism'; authority_in_own_cfr_note='absent'; cfr_note_part='40 CFR 721'; authority_source='box'	15 USC 2605/TSCA 6
ADDED	2070-AC21	199604	0	1	(no row) -> rin='2070-AC21'; publication_id='199604'; ordinal=0; authority_text='15 USC 2604/TSCA 5'; authority_type='act_relative'; parse_status='corroborated'; usc_title=15; usc_section='2604'; act_key='toxic substances control act'; act_section='5'; act_resolution_evidence='table3-classification'; usc_section_verdict='exists'; usc_section_attested_at_edition=True; corroboration_rule='second-authority-behind-a-slash:agency-roster-initialism'; authority_in_own_cfr_note='absent'; cfr_note_part='40 CFR 721'; authority_source='box'	15 USC 2604/TSCA 5
ADDED	2070-AC21	199604	1	1	(no row) -> rin='2070-AC21'; publication_id='199604'; ordinal=1; authority_text='15 USC 2605/TSCA 6'; authority_type='act_relative'; parse_status='corroborated'; usc_title=15; usc_section='2605'; act_key='toxic substances control act'; act_section='6'; act_resolution_evidence='table3-classification'; usc_section_verdict='exists'; usc_section_attested_at_edition=True; corroboration_rule='second-authority-behind-a-slash:agency-roster-initialism'; authority_in_own_cfr_note='absent'; cfr_note_part='40 CFR 721'; authority_source='box'	15 USC 2605/TSCA 6
ADDED	2070-AC21	199610	0	1	(no row) -> rin='2070-AC21'; publication_id='199610'; ordinal=0; authority_text='15 USC 2604/TSCA 5'; authority_type='act_relative'; parse_status='corroborated'; usc_title=15; usc_section='2604'; act_key='toxic substances control act'; act_section='5'; act_resolution_evidence='table3-classification'; usc_section_verdict='exists'; usc_section_attested_at_edition=True; corroboration_rule='second-authority-behind-a-slash:agency-roster-initialism'; authority_in_own_cfr_note='absent'; cfr_note_part='40 CFR 721'; authority_source='box'	15 USC 2604/TSCA 5
ADDED	2070-AC21	199610	1	1	(no row) -> rin='2070-AC21'; publication_id='199610'; ordinal=1; authority_text='15 USC 2605/TSCA 6'; authority_type='act_relative'; parse_status='corroborated'; usc_title=15; usc_section='2605'; act_key='toxic substances control act'; act_section='6'; act_resolution_evidence='table3-classification'; usc_section_verdict='exists'; usc_section_attested_at_edition=True; corroboration_rule='second-authority-behind-a-slash:agency-roster-initialism'; authority_in_own_cfr_note='absent'; cfr_note_part='40 CFR 721'; authority_source='box'	15 USC 2605/TSCA 6
ADDED	2070-AC21	199704	0	1	(no row) -> rin='2070-AC21'; publication_id='199704'; ordinal=0; authority_text='15 USC 2604/TSCA 5'; authority_type='act_relative'; parse_status='corroborated'; usc_title=15; usc_section='2604'; act_key='toxic substances control act'; act_section='5'; act_resolution_evidence='table3-classification'; usc_section_verdict='exists'; usc_section_attested_at_edition=True; corroboration_rule='second-authority-behind-a-slash:agency-roster-initialism'; authority_in_own_cfr_note='absent'; cfr_note_part='40 CFR 721'; authority_source='box'	15 USC 2604/TSCA 5
ADDED	2070-AC21	199704	1	1	(no row) -> rin='2070-AC21'; publication_id='199704'; ordinal=1; authority_text='15 USC 2605/TSCA 6'; authority_type='act_relative'; parse_status='corroborated'; usc_title=15; usc_section='2605'; act_key='toxic substances control act'; act_section='6'; act_resolution_evidence='table3-classification'; usc_section_verdict='exists'; usc_section_attested_at_edition=True; corroboration_rule='second-authority-behind-a-slash:agency-roster-initialism'; authority_in_own_cfr_note='absent'; cfr_note_part='40 CFR 721'; authority_source='box'	15 USC 2605/TSCA 6
ADDED	2070-AC21	199710	0	1	(no row) -> rin='2070-AC21'; publication_id='199710'; ordinal=0; authority_text='15 USC 2604/TSCA 5'; authority_type='act_relative'; parse_status='corroborated'; usc_title=15; usc_section='2604'; act_key='toxic substances control act'; act_section='5'; act_resolution_evidence='table3-classification'; usc_section_verdict='exists'; usc_section_attested_at_edition=True; corroboration_rule='second-authority-behind-a-slash:agency-roster-initialism'; authority_in_own_cfr_note='absent'; cfr_note_part='40 CFR 721'; authority_source='box'	15 USC 2604/TSCA 5
ADDED	2070-AC21	199710	1	1	(no row) -> rin='2070-AC21'; publication_id='199710'; ordinal=1; authority_text='15 USC 2605/TSCA 6'; authority_type='act_relative'; parse_status='corroborated'; usc_title=15; usc_section='2605'; act_key='toxic substances control act'; act_section='6'; act_resolution_evidence='table3-classification'; usc_section_verdict='exists'; usc_section_attested_at_edition=True; corroboration_rule='second-authority-behind-a-slash:agency-roster-initialism'; authority_in_own_cfr_note='absent'; cfr_note_part='40 CFR 721'; authority_source='box'	15 USC 2605/TSCA 6
ADDED	2070-AC24	199510	0	1	(no row) -> rin='2070-AC24'; publication_id='199510'; ordinal=0; authority_text='42 USC 11013/Pollution Prevention Act of 1990'; authority_type='act_relative'; parse_status='corroborated'; act_key='pollution prevention act of 1990'; act_resolution_reason='no_section_stated'; corroboration_rule='second-authority-behind-a-slash:index-holds-the-stated-name'; authority_in_own_cfr_note='absent'; cfr_note_part='40 CFR 372'; authority_source='box'	42 USC 11013/Pollution Prevention Act of 1990
ADDED	2070-AC24	199604	0	1	(no row) -> rin='2070-AC24'; publication_id='199604'; ordinal=0; authority_text='42 USC 11013/Pollution Prevention Act of 1990'; authority_type='act_relative'; parse_status='corroborated'; act_key='pollution prevention act of 1990'; act_resolution_reason='no_section_stated'; corroboration_rule='second-authority-behind-a-slash:index-holds-the-stated-name'; authority_in_own_cfr_note='absent'; cfr_note_part='40 CFR 372'; authority_source='box'	42 USC 11013/Pollution Prevention Act of 1990
ADDED	2070-AC24	199610	0	1	(no row) -> rin='2070-AC24'; publication_id='199610'; ordinal=0; authority_text='42 USC 11013/Pollution Prevention Act of 1990'; authority_type='act_relative'; parse_status='corroborated'; act_key='pollution prevention act of 1990'; act_resolution_reason='no_section_stated'; corroboration_rule='second-authority-behind-a-slash:index-holds-the-stated-name'; authority_in_own_cfr_note='absent'; cfr_note_part='40 CFR 372'; authority_source='box'	42 USC 11013/Pollution Prevention Act of 1990
ADDED	2070-AC24	199704	0	1	(no row) -> rin='2070-AC24'; publication_id='199704'; ordinal=0; authority_text='42 USC 11013/Pollution Prevention Act of 1990'; authority_type='act_relative'; parse_status='corroborated'; act_key='pollution prevention act of 1990'; act_resolution_reason='no_section_stated'; corroboration_rule='second-authority-behind-a-slash:index-holds-the-stated-name'; authority_in_own_cfr_note='absent'; cfr_note_part='40 CFR 372'; authority_source='box'	42 USC 11013/Pollution Prevention Act of 1990
ADDED	2070-AC27	199510	0	1	(no row) -> rin='2070-AC27'; publication_id='199510'; ordinal=0; authority_text='15 USC 2603/TSCA 4'; authority_type='act_relative'; parse_status='corroborated'; usc_title=15; usc_section='2603'; act_key='toxic substances control act'; act_section='4'; act_resolution_evidence='table3-classification'; usc_section_verdict='exists'; usc_section_attested_at_edition=True; corroboration_rule='second-authority-behind-a-slash:agency-roster-initialism'; authority_in_own_cfr_note='absent'; cfr_note_part='40 CFR 799'; authority_source='box'	15 USC 2603/TSCA 4
ADDED	2070-AC27	199604	0	1	(no row) -> rin='2070-AC27'; publication_id='199604'; ordinal=0; authority_text='15 USC 2603/TSCA 4'; authority_type='act_relative'; parse_status='corroborated'; usc_title=15; usc_section='2603'; act_key='toxic substances control act'; act_section='4'; act_resolution_evidence='table3-classification'; usc_section_verdict='exists'; usc_section_attested_at_edition=True; corroboration_rule='second-authority-behind-a-slash:agency-roster-initialism'; authority_in_own_cfr_note='absent'; cfr_note_part='40 CFR 799'; authority_source='box'	15 USC 2603/TSCA 4
ADDED	2070-AC27	199610	0	1	(no row) -> rin='2070-AC27'; publication_id='199610'; ordinal=0; authority_text='15 USC 2603/TSCA 4'; authority_type='act_relative'; parse_status='corroborated'; usc_title=15; usc_section='2603'; act_key='toxic substances control act'; act_section='4'; act_resolution_evidence='table3-classification'; usc_section_verdict='exists'; usc_section_attested_at_edition=True; corroboration_rule='second-authority-behind-a-slash:agency-roster-initialism'; authority_in_own_cfr_note='absent'; cfr_note_part='40 CFR 799'; authority_source='box'	15 USC 2603/TSCA 4
ADDED	2070-AC27	199704	0	1	(no row) -> rin='2070-AC27'; publication_id='199704'; ordinal=0; authority_text='15 USC 2603/TSCA 4'; authority_type='act_relative'; parse_status='corroborated'; usc_title=15; usc_section='2603'; act_key='toxic substances control act'; act_section='4'; act_resolution_evidence='table3-classification'; usc_section_verdict='exists'; usc_section_attested_at_edition=True; corroboration_rule='second-authority-behind-a-slash:agency-roster-initialism'; authority_in_own_cfr_note='absent'; cfr_note_part='40 CFR 799'; authority_source='box'	15 USC 2603/TSCA 4
ADDED	2070-AC27	199710	0	1	(no row) -> rin='2070-AC27'; publication_id='199710'; ordinal=0; authority_text='15 USC 2603/TSCA 4'; authority_type='act_relative'; parse_status='corroborated'; usc_title=15; usc_section='2603'; act_key='toxic substances control act'; act_section='4'; act_resolution_evidence='table3-classification'; usc_section_verdict='exists'; usc_section_attested_at_edition=True; corroboration_rule='second-authority-behind-a-slash:agency-roster-initialism'; authority_in_own_cfr_note='absent'; cfr_note_part='40 CFR 799'; authority_source='box'	15 USC 2603/TSCA 4
ADDED	2070-AC33	199604	0	1	(no row) -> rin='2070-AC33'; publication_id='199604'; ordinal=0; authority_text='7 USC 136/FIFRA 3'; authority_type='act_relative'; parse_status='corroborated'; usc_title=7; usc_section='136a'; act_key='federal insecticide, fungicide, and rodenticide act'; act_section='3'; act_resolution_evidence='table3-classification'; usc_section_verdict='exists'; usc_section_attested_at_edition=True; corroboration_rule='second-authority-behind-a-slash:agency-roster-initialism'; authority_in_own_cfr_note='absent'; cfr_note_part='40 CFR 152'; authority_source='box'	7 USC 136/FIFRA 3
ADDED	2070-AC33	199610	0	1	(no row) -> rin='2070-AC33'; publication_id='199610'; ordinal=0; authority_text='7 USC 136/FIFRA 3'; authority_type='act_relative'; parse_status='corroborated'; usc_title=7; usc_section='136a'; act_key='federal insecticide, fungicide, and rodenticide act'; act_section='3'; act_resolution_evidence='table3-classification'; usc_section_verdict='exists'; usc_section_attested_at_edition=True; corroboration_rule='second-authority-behind-a-slash:agency-roster-initialism'; authority_in_own_cfr_note='absent'; cfr_note_part='40 CFR 152'; authority_source='box'	7 USC 136/FIFRA 3
ADDED	2070-AC33	199704	0	1	(no row) -> rin='2070-AC33'; publication_id='199704'; ordinal=0; authority_text='7 USC 136/FIFRA 3'; authority_type='act_relative'; parse_status='corroborated'; usc_title=7; usc_section='136a'; act_key='federal insecticide, fungicide, and rodenticide act'; act_section='3'; act_resolution_evidence='table3-classification'; usc_section_verdict='exists'; usc_section_attested_at_edition=True; corroboration_rule='second-authority-behind-a-slash:agency-roster-initialism'; authority_in_own_cfr_note='absent'; cfr_note_part='40 CFR 152'; authority_source='box'	7 USC 136/FIFRA 3
ADDED	2070-AC34	199510	0	1	(no row) -> rin='2070-AC34'; publication_id='199510'; ordinal=0; authority_text='7 USC 136w /FIFRA 25'; authority_type='act_relative'; parse_status='corroborated'; usc_title=7; usc_section='136w'; act_key='federal insecticide, fungicide, and rodenticide act'; act_section='25'; act_resolution_evidence='table3-classification'; usc_section_verdict='exists'; usc_section_attested_at_edition=True; corroboration_rule='second-authority-behind-a-slash:agency-roster-initialism'; authority_in_own_cfr_note='absent'; cfr_note_part='40 CFR 170'; authority_source='box'	7 USC 136w /FIFRA 25
ADDED	2070-AC34	199604	0	1	(no row) -> rin='2070-AC34'; publication_id='199604'; ordinal=0; authority_text='7 USC 136w /FIFRA 25'; authority_type='act_relative'; parse_status='corroborated'; usc_title=7; usc_section='136w'; act_key='federal insecticide, fungicide, and rodenticide act'; act_section='25'; act_resolution_evidence='table3-classification'; usc_section_verdict='exists'; usc_section_attested_at_edition=True; corroboration_rule='second-authority-behind-a-slash:agency-roster-initialism'; authority_in_own_cfr_note='absent'; cfr_note_part='40 CFR 170'; authority_source='box'	7 USC 136w /FIFRA 25
ADDED	2070-AC34	199610	0	1	(no row) -> rin='2070-AC34'; publication_id='199610'; ordinal=0; authority_text='7 USC 136w /FIFRA 25'; authority_type='act_relative'; parse_status='corroborated'; usc_title=7; usc_section='136w'; act_key='federal insecticide, fungicide, and rodenticide act'; act_section='25'; act_resolution_evidence='table3-classification'; usc_section_verdict='exists'; usc_section_attested_at_edition=True; corroboration_rule='second-authority-behind-a-slash:agency-roster-initialism'; authority_in_own_cfr_note='absent'; cfr_note_part='40 CFR 170'; authority_source='box'	7 USC 136w /FIFRA 25
ADDED	2070-AC34	199704	0	1	(no row) -> rin='2070-AC34'; publication_id='199704'; ordinal=0; authority_text='7 USC 136w /FIFRA 25'; authority_type='act_relative'; parse_status='corroborated'; usc_title=7; usc_section='136w'; act_key='federal insecticide, fungicide, and rodenticide act'; act_section='25'; act_resolution_evidence='table3-classification'; usc_section_verdict='exists'; usc_section_attested_at_edition=True; corroboration_rule='second-authority-behind-a-slash:agency-roster-initialism'; authority_in_own_cfr_note='absent'; cfr_note_part='40 CFR 170'; authority_source='box'	7 USC 136w /FIFRA 25
ADDED	2070-AC36	199510	0	1	(no row) -> rin='2070-AC36'; publication_id='199510'; ordinal=0; authority_text='15 USC 2603/TSCA 4'; authority_type='act_relative'; parse_status='corroborated'; usc_title=15; usc_section='2603'; act_key='toxic substances control act'; act_section='4'; act_resolution_evidence='table3-classification'; usc_section_verdict='exists'; usc_section_attested_at_edition=True; corroboration_rule='second-authority-behind-a-slash:agency-roster-initialism'; authority_in_own_cfr_note='absent'; cfr_note_part='40 CFR 799'; authority_source='box'	15 USC 2603/TSCA 4
ADDED	2070-AC36	199604	0	1	(no row) -> rin='2070-AC36'; publication_id='199604'; ordinal=0; authority_text='15 USC 2603/TSCA 4'; authority_type='act_relative'; parse_status='corroborated'; usc_title=15; usc_section='2603'; act_key='toxic substances control act'; act_section='4'; act_resolution_evidence='table3-classification'; usc_section_verdict='exists'; usc_section_attested_at_edition=True; corroboration_rule='second-authority-behind-a-slash:agency-roster-initialism'; authority_in_own_cfr_note='absent'; cfr_note_part='40 CFR 799'; authority_source='box'	15 USC 2603/TSCA 4
ADDED	2070-AC36	199610	0	1	(no row) -> rin='2070-AC36'; publication_id='199610'; ordinal=0; authority_text='15 USC 2603/TSCA 4'; authority_type='act_relative'; parse_status='corroborated'; usc_title=15; usc_section='2603'; act_key='toxic substances control act'; act_section='4'; act_resolution_evidence='table3-classification'; usc_section_verdict='exists'; usc_section_attested_at_edition=True; corroboration_rule='second-authority-behind-a-slash:agency-roster-initialism'; authority_in_own_cfr_note='absent'; cfr_note_part='40 CFR 799'; authority_source='box'	15 USC 2603/TSCA 4
ADDED	2070-AC36	199704	0	1	(no row) -> rin='2070-AC36'; publication_id='199704'; ordinal=0; authority_text='15 USC 2603/TSCA 4'; authority_type='act_relative'; parse_status='corroborated'; usc_title=15; usc_section='2603'; act_key='toxic substances control act'; act_section='4'; act_resolution_evidence='table3-classification'; usc_section_verdict='exists'; usc_section_attested_at_edition=True; corroboration_rule='second-authority-behind-a-slash:agency-roster-initialism'; authority_in_own_cfr_note='absent'; cfr_note_part='40 CFR 799'; authority_source='box'	15 USC 2603/TSCA 4
ADDED	2070-AC36	199710	0	1	(no row) -> rin='2070-AC36'; publication_id='199710'; ordinal=0; authority_text='15 USC 2603/TSCA 4'; authority_type='act_relative'; parse_status='corroborated'; usc_title=15; usc_section='2603'; act_key='toxic substances control act'; act_section='4'; act_resolution_evidence='table3-classification'; usc_section_verdict='exists'; usc_section_attested_at_edition=True; corroboration_rule='second-authority-behind-a-slash:agency-roster-initialism'; authority_in_own_cfr_note='absent'; cfr_note_part='40 CFR 799'; authority_source='box'	15 USC 2603/TSCA 4
ADDED	2070-AC37	199510	0	1	(no row) -> rin='2070-AC37'; publication_id='199510'; ordinal=0; authority_text='15 USC 2604/TSCA 5'; authority_type='act_relative'; parse_status='corroborated'; usc_title=15; usc_section='2604'; act_key='toxic substances control act'; act_section='5'; act_resolution_evidence='table3-classification'; usc_section_verdict='exists'; usc_section_attested_at_edition=True; corroboration_rule='second-authority-behind-a-slash:agency-roster-initialism'; authority_in_own_cfr_note='absent'; cfr_note_part='40 CFR 704'; authority_source='box'	15 USC 2604/TSCA 5
ADDED	2070-AC37	199510	1	1	(no row) -> rin='2070-AC37'; publication_id='199510'; ordinal=1; authority_text='15 USC 2607/TSCA 8'; authority_type='act_relative'; parse_status='corroborated'; usc_title=15; usc_section='2607'; act_key='toxic substances control act'; act_section='8'; act_resolution_evidence='table3-classification'; usc_section_verdict='exists'; usc_section_attested_at_edition=True; corroboration_rule='second-authority-behind-a-slash:agency-roster-initialism'; authority_in_own_cfr_note='absent'; cfr_note_part='40 CFR 704'; authority_source='box'	15 USC 2607/TSCA 8
ADDED	2070-AC37	199604	0	1	(no row) -> rin='2070-AC37'; publication_id='199604'; ordinal=0; authority_text='15 USC 2604/TSCA 5'; authority_type='act_relative'; parse_status='corroborated'; usc_title=15; usc_section='2604'; act_key='toxic substances control act'; act_section='5'; act_resolution_evidence='table3-classification'; usc_section_verdict='exists'; usc_section_attested_at_edition=True; corroboration_rule='second-authority-behind-a-slash:agency-roster-initialism'; authority_in_own_cfr_note='absent'; cfr_note_part='40 CFR 704'; authority_source='box'	15 USC 2604/TSCA 5
ADDED	2070-AC37	199604	1	1	(no row) -> rin='2070-AC37'; publication_id='199604'; ordinal=1; authority_text='15 USC 2607/TSCA 8'; authority_type='act_relative'; parse_status='corroborated'; usc_title=15; usc_section='2607'; act_key='toxic substances control act'; act_section='8'; act_resolution_evidence='table3-classification'; usc_section_verdict='exists'; usc_section_attested_at_edition=True; corroboration_rule='second-authority-behind-a-slash:agency-roster-initialism'; authority_in_own_cfr_note='absent'; cfr_note_part='40 CFR 704'; authority_source='box'	15 USC 2607/TSCA 8
ADDED	2070-AC37	199610	0	1	(no row) -> rin='2070-AC37'; publication_id='199610'; ordinal=0; authority_text='15 USC 2604/TSCA 5'; authority_type='act_relative'; parse_status='corroborated'; usc_title=15; usc_section='2604'; act_key='toxic substances control act'; act_section='5'; act_resolution_evidence='table3-classification'; usc_section_verdict='exists'; usc_section_attested_at_edition=True; corroboration_rule='second-authority-behind-a-slash:agency-roster-initialism'; authority_in_own_cfr_note='absent'; cfr_note_part='40 CFR 704'; authority_source='box'	15 USC 2604/TSCA 5
ADDED	2070-AC37	199610	1	1	(no row) -> rin='2070-AC37'; publication_id='199610'; ordinal=1; authority_text='15 USC 2607/TSCA 8'; authority_type='act_relative'; parse_status='corroborated'; usc_title=15; usc_section='2607'; act_key='toxic substances control act'; act_section='8'; act_resolution_evidence='table3-classification'; usc_section_verdict='exists'; usc_section_attested_at_edition=True; corroboration_rule='second-authority-behind-a-slash:agency-roster-initialism'; authority_in_own_cfr_note='absent'; cfr_note_part='40 CFR 704'; authority_source='box'	15 USC 2607/TSCA 8
ADDED	2070-AC37	199704	0	1	(no row) -> rin='2070-AC37'; publication_id='199704'; ordinal=0; authority_text='15 USC 2604/TSCA 5'; authority_type='act_relative'; parse_status='corroborated'; usc_title=15; usc_section='2604'; act_key='toxic substances control act'; act_section='5'; act_resolution_evidence='table3-classification'; usc_section_verdict='exists'; usc_section_attested_at_edition=True; corroboration_rule='second-authority-behind-a-slash:agency-roster-initialism'; authority_in_own_cfr_note='absent'; cfr_note_part='40 CFR 704'; authority_source='box'	15 USC 2604/TSCA 5
ADDED	2070-AC37	199704	1	1	(no row) -> rin='2070-AC37'; publication_id='199704'; ordinal=1; authority_text='15 USC 2607/TSCA 8'; authority_type='act_relative'; parse_status='corroborated'; usc_title=15; usc_section='2607'; act_key='toxic substances control act'; act_section='8'; act_resolution_evidence='table3-classification'; usc_section_verdict='exists'; usc_section_attested_at_edition=True; corroboration_rule='second-authority-behind-a-slash:agency-roster-initialism'; authority_in_own_cfr_note='absent'; cfr_note_part='40 CFR 704'; authority_source='box'	15 USC 2607/TSCA 8
ADDED	2070-AC37	199710	0	1	(no row) -> rin='2070-AC37'; publication_id='199710'; ordinal=0; authority_text='15 USC 2604/ TSCA 5'; authority_type='act_relative'; parse_status='corroborated'; usc_title=15; usc_section='2604'; act_key='toxic substances control act'; act_section='5'; act_resolution_evidence='table3-classification'; usc_section_verdict='exists'; usc_section_attested_at_edition=True; corroboration_rule='second-authority-behind-a-slash:agency-roster-initialism'; authority_in_own_cfr_note='absent'; cfr_note_part='40 CFR 704'; authority_source='box'	15 USC 2604/ TSCA 5
ADDED	2070-AC37	199710	1	1	(no row) -> rin='2070-AC37'; publication_id='199710'; ordinal=1; authority_text='15 USC 2605/ TSCA 6'; authority_type='act_relative'; parse_status='corroborated'; usc_title=15; usc_section='2605'; act_key='toxic substances control act'; act_section='6'; act_resolution_evidence='table3-classification'; usc_section_verdict='exists'; usc_section_attested_at_edition=True; corroboration_rule='second-authority-behind-a-slash:agency-roster-initialism'; authority_in_own_cfr_note='absent'; cfr_note_part='40 CFR 704'; authority_source='box'	15 USC 2605/ TSCA 6
ADDED	2070-AC39	199510	0	1	(no row) -> rin='2070-AC39'; publication_id='199510'; ordinal=0; authority_text='15 USC 2605/TSCA 6(e)'; authority_type='act_relative'; parse_status='corroborated'; usc_title=15; usc_section='2605'; act_key='toxic substances control act'; act_section='6'; act_resolution_evidence='table3-classification'; usc_section_verdict='exists'; usc_section_attested_at_edition=True; corroboration_rule='second-authority-behind-a-slash:agency-roster-initialism'; authority_in_own_cfr_note='absent'; cfr_note_part='40 CFR 761'; authority_source='box'	15 USC 2605/TSCA 6(e)
ADDED	2070-AC39	199604	0	1	(no row) -> rin='2070-AC39'; publication_id='199604'; ordinal=0; authority_text='15 USC 2605/TSCA 6(e)'; authority_type='act_relative'; parse_status='corroborated'; usc_title=15; usc_section='2605'; act_key='toxic substances control act'; act_section='6'; act_resolution_evidence='table3-classification'; usc_section_verdict='exists'; usc_section_attested_at_edition=True; corroboration_rule='second-authority-behind-a-slash:agency-roster-initialism'; authority_in_own_cfr_note='absent'; cfr_note_part='40 CFR 761'; authority_source='box'	15 USC 2605/TSCA 6(e)
ADDED	2070-AC39	199610	0	1	(no row) -> rin='2070-AC39'; publication_id='199610'; ordinal=0; authority_text='15 USC 2605/TSCA 6(e)'; authority_type='act_relative'; parse_status='corroborated'; usc_title=15; usc_section='2605'; act_key='toxic substances control act'; act_section='6'; act_resolution_evidence='table3-classification'; usc_section_verdict='exists'; usc_section_attested_at_edition=True; corroboration_rule='second-authority-behind-a-slash:agency-roster-initialism'; authority_in_own_cfr_note='absent'; cfr_note_part='40 CFR 761'; authority_source='box'	15 USC 2605/TSCA 6(e)
ADDED	2070-AC39	199704	0	1	(no row) -> rin='2070-AC39'; publication_id='199704'; ordinal=0; authority_text='15 USC 2605/TSCA 6(e)'; authority_type='act_relative'; parse_status='corroborated'; usc_title=15; usc_section='2605'; act_key='toxic substances control act'; act_section='6'; act_resolution_evidence='table3-classification'; usc_section_verdict='exists'; usc_section_attested_at_edition=True; corroboration_rule='second-authority-behind-a-slash:agency-roster-initialism'; authority_in_own_cfr_note='absent'; cfr_note_part='40 CFR 761'; authority_source='box'	15 USC 2605/TSCA 6(e)
ADDED	2070-AC45	199510	0	1	(no row) -> rin='2070-AC45'; publication_id='199510'; ordinal=0; authority_text='21 USC 346a/FFDCA 408'; authority_type='act_relative'; parse_status='corroborated'; usc_title=21; usc_section='346a'; act_key='federal food, drug, and cosmetic act'; act_section='408'; act_resolution_evidence='table3-classification'; usc_section_verdict='exists'; usc_section_attested_at_edition=True; corroboration_rule='second-authority-behind-a-slash:agency-roster-initialism'; authority_in_own_cfr_note='absent'; cfr_note_part='40 CFR 180'; authority_source='box'	21 USC 346a/FFDCA 408
ADDED	2070-AC45	199510	1	1	(no row) -> rin='2070-AC45'; publication_id='199510'; ordinal=1; authority_text='21 USC 348/FFDCA 409'; authority_type='act_relative'; parse_status='corroborated'; usc_title=21; usc_section='348'; act_key='federal food, drug, and cosmetic act'; act_section='409'; act_resolution_evidence='table3-classification'; usc_section_verdict='exists'; usc_section_attested_at_edition=True; corroboration_rule='second-authority-behind-a-slash:agency-roster-initialism'; authority_in_own_cfr_note='absent'; cfr_note_part='40 CFR 180'; authority_source='box'	21 USC 348/FFDCA 409
ADDED	2070-AC45	199604	0	1	(no row) -> rin='2070-AC45'; publication_id='199604'; ordinal=0; authority_text='21 USC 346a/FFDCA 408'; authority_type='act_relative'; parse_status='corroborated'; usc_title=21; usc_section='346a'; act_key='federal food, drug, and cosmetic act'; act_section='408'; act_resolution_evidence='table3-classification'; usc_section_verdict='exists'; usc_section_attested_at_edition=True; corroboration_rule='second-authority-behind-a-slash:agency-roster-initialism'; authority_in_own_cfr_note='absent'; cfr_note_part='40 CFR 180'; authority_source='box'	21 USC 346a/FFDCA 408
ADDED	2070-AC45	199604	1	1	(no row) -> rin='2070-AC45'; publication_id='199604'; ordinal=1; authority_text='21 USC 348/FFDCA 409'; authority_type='act_relative'; parse_status='corroborated'; usc_title=21; usc_section='348'; act_key='federal food, drug, and cosmetic act'; act_section='409'; act_resolution_evidence='table3-classification'; usc_section_verdict='exists'; usc_section_attested_at_edition=True; corroboration_rule='second-authority-behind-a-slash:agency-roster-initialism'; authority_in_own_cfr_note='absent'; cfr_note_part='40 CFR 180'; authority_source='box'	21 USC 348/FFDCA 409
ADDED	2070-AC45	199610	0	1	(no row) -> rin='2070-AC45'; publication_id='199610'; ordinal=0; authority_text='21 USC 346a/FFDCA 408'; authority_type='act_relative'; parse_status='corroborated'; usc_title=21; usc_section='346a'; act_key='federal food, drug, and cosmetic act'; act_section='408'; act_resolution_evidence='table3-classification'; usc_section_verdict='exists'; usc_section_attested_at_edition=True; corroboration_rule='second-authority-behind-a-slash:agency-roster-initialism'; authority_in_own_cfr_note='absent'; cfr_note_part='40 CFR 180'; authority_source='box'	21 USC 346a/FFDCA 408
ADDED	2070-AC45	199610	1	1	(no row) -> rin='2070-AC45'; publication_id='199610'; ordinal=1; authority_text='21 USC 348/FFDCA 409'; authority_type='act_relative'; parse_status='corroborated'; usc_title=21; usc_section='348'; act_key='federal food, drug, and cosmetic act'; act_section='409'; act_resolution_evidence='table3-classification'; usc_section_verdict='exists'; usc_section_attested_at_edition=True; corroboration_rule='second-authority-behind-a-slash:agency-roster-initialism'; authority_in_own_cfr_note='absent'; cfr_note_part='40 CFR 180'; authority_source='box'	21 USC 348/FFDCA 409
ADDED	2070-AC45	199704	0	1	(no row) -> rin='2070-AC45'; publication_id='199704'; ordinal=0; authority_text='21 USC 346a/FFDCA 408'; authority_type='act_relative'; parse_status='corroborated'; usc_title=21; usc_section='346a'; act_key='federal food, drug, and cosmetic act'; act_section='408'; act_resolution_evidence='table3-classification'; usc_section_verdict='exists'; usc_section_attested_at_edition=True; corroboration_rule='second-authority-behind-a-slash:agency-roster-initialism'; authority_in_own_cfr_note='absent'; cfr_note_part='40 CFR 180'; authority_source='box'	21 USC 346a/FFDCA 408
ADDED	2070-AC45	199704	1	1	(no row) -> rin='2070-AC45'; publication_id='199704'; ordinal=1; authority_text='21 USC 348/FFDCA 409'; authority_type='act_relative'; parse_status='corroborated'; usc_title=21; usc_section='348'; act_key='federal food, drug, and cosmetic act'; act_section='409'; act_resolution_evidence='table3-classification'; usc_section_verdict='exists'; usc_section_attested_at_edition=True; corroboration_rule='second-authority-behind-a-slash:agency-roster-initialism'; authority_in_own_cfr_note='absent'; cfr_note_part='40 CFR 180'; authority_source='box'	21 USC 348/FFDCA 409
ADDED	2070-AC46	199604	0	1	(no row) -> rin='2070-AC46'; publication_id='199604'; ordinal=0; authority_text='7 USC 136/FIFRA 3'; authority_type='act_relative'; parse_status='corroborated'; usc_title=7; usc_section='136a'; act_key='federal insecticide, fungicide, and rodenticide act'; act_section='3'; act_resolution_evidence='table3-classification'; usc_section_verdict='exists'; usc_section_attested_at_edition=True; corroboration_rule='second-authority-behind-a-slash:agency-roster-initialism'; authority_in_own_cfr_note='absent'; cfr_note_part='40 CFR 152'; authority_source='box'	7 USC 136/FIFRA 3
ADDED	2070-AC46	199610	0	1	(no row) -> rin='2070-AC46'; publication_id='199610'; ordinal=0; authority_text='7 USC 136/FIFRA 3'; authority_type='act_relative'; parse_status='corroborated'; usc_title=7; usc_section='136a'; act_key='federal insecticide, fungicide, and rodenticide act'; act_section='3'; act_resolution_evidence='table3-classification'; usc_section_verdict='exists'; usc_section_attested_at_edition=True; corroboration_rule='second-authority-behind-a-slash:agency-roster-initialism'; authority_in_own_cfr_note='absent'; cfr_note_part='40 CFR 152'; authority_source='box'	7 USC 136/FIFRA 3
ADDED	2070-AC46	199704	0	1	(no row) -> rin='2070-AC46'; publication_id='199704'; ordinal=0; authority_text='7 USC 136/FIFRA 3'; authority_type='act_relative'; parse_status='corroborated'; usc_title=7; usc_section='136a'; act_key='federal insecticide, fungicide, and rodenticide act'; act_section='3'; act_resolution_evidence='table3-classification'; usc_section_verdict='exists'; usc_section_attested_at_edition=True; corroboration_rule='second-authority-behind-a-slash:agency-roster-initialism'; authority_in_own_cfr_note='absent'; cfr_note_part='40 CFR 152'; authority_source='box'	7 USC 136/FIFRA 3
ADDED	2070-AC47	199510	3	1	(no row) -> rin='2070-AC47'; publication_id='199510'; ordinal=3; authority_text='42 USC 11076/EPCRA 313'; authority_type='act_relative'; parse_status='corroborated'; usc_title=42; usc_section='11023'; act_key='emergency planning and community right-to-know act of 1986'; act_section='313'; act_resolution_evidence='table3-classification'; usc_section_verdict='exists'; usc_section_attested_at_edition=True; corroboration_rule='second-authority-behind-a-slash:agency-roster-initialism'; authority_in_own_cfr_note='absent'; cfr_note_part='40 CFR 372'; authority_source='box'	42 USC 11076/EPCRA 313
ADDED	2070-AC47	199604	3	1	(no row) -> rin='2070-AC47'; publication_id='199604'; ordinal=3; authority_text='42 USC 11076/EPCRA 313'; authority_type='act_relative'; parse_status='corroborated'; usc_title=42; usc_section='11023'; act_key='emergency planning and community right-to-know act of 1986'; act_section='313'; act_resolution_evidence='table3-classification'; usc_section_verdict='exists'; usc_section_attested_at_edition=True; corroboration_rule='second-authority-behind-a-slash:agency-roster-initialism'; authority_in_own_cfr_note='absent'; cfr_note_part='40 CFR 372'; authority_source='box'	42 USC 11076/EPCRA 313
ADDED	2070-AC47	199610	3	1	(no row) -> rin='2070-AC47'; publication_id='199610'; ordinal=3; authority_text='42 USC 11076/EPCRA 313'; authority_type='act_relative'; parse_status='corroborated'; usc_title=42; usc_section='11023'; act_key='emergency planning and community right-to-know act of 1986'; act_section='313'; act_resolution_evidence='table3-classification'; usc_section_verdict='exists'; usc_section_attested_at_edition=True; corroboration_rule='second-authority-behind-a-slash:agency-roster-initialism'; authority_in_own_cfr_note='absent'; cfr_note_part='40 CFR 372'; authority_source='box'	42 USC 11076/EPCRA 313
ADDED	2070-AC47	199704	3	1	(no row) -> rin='2070-AC47'; publication_id='199704'; ordinal=3; authority_text='42 USC 11076/EPCRA 313'; authority_type='act_relative'; parse_status='corroborated'; usc_title=42; usc_section='11023'; act_key='emergency planning and community right-to-know act of 1986'; act_section='313'; act_resolution_evidence='table3-classification'; usc_section_verdict='exists'; usc_section_attested_at_edition=True; corroboration_rule='second-authority-behind-a-slash:agency-roster-initialism'; authority_in_own_cfr_note='absent'; cfr_note_part='40 CFR 372'; authority_source='box'	42 USC 11076/EPCRA 313
ADDED	2070-AC51	199510	0	1	(no row) -> rin='2070-AC51'; publication_id='199510'; ordinal=0; authority_text='15 USC 2646/TSCA 6'; authority_type='act_relative'; parse_status='corroborated'; usc_title=15; usc_section='2605'; act_key='toxic substances control act'; act_section='6'; act_resolution_evidence='table3-classification'; usc_section_verdict='exists'; usc_section_attested_at_edition=True; corroboration_rule='second-authority-behind-a-slash:agency-roster-initialism'; authority_in_own_cfr_note='absent'; cfr_note_part='40 CFR 763'; authority_source='box'	15 USC 2646/TSCA 6
ADDED	2070-AC51	199604	0	1	(no row) -> rin='2070-AC51'; publication_id='199604'; ordinal=0; authority_text='15 USC 2646/TSCA 6'; authority_type='act_relative'; parse_status='corroborated'; usc_title=15; usc_section='2605'; act_key='toxic substances control act'; act_section='6'; act_resolution_evidence='table3-classification'; usc_section_verdict='exists'; usc_section_attested_at_edition=True; corroboration_rule='second-authority-behind-a-slash:agency-roster-initialism'; authority_in_own_cfr_note='absent'; cfr_note_part='40 CFR 763'; authority_source='box'	15 USC 2646/TSCA 6
ADDED	2070-AC51	199610	0	1	(no row) -> rin='2070-AC51'; publication_id='199610'; ordinal=0; authority_text='15 USC 2646/TSCA 6'; authority_type='act_relative'; parse_status='corroborated'; usc_title=15; usc_section='2605'; act_key='toxic substances control act'; act_section='6'; act_resolution_evidence='table3-classification'; usc_section_verdict='exists'; usc_section_attested_at_edition=True; corroboration_rule='second-authority-behind-a-slash:agency-roster-initialism'; authority_in_own_cfr_note='absent'; cfr_note_part='40 CFR 763'; authority_source='box'	15 USC 2646/TSCA 6
ADDED	2070-AC51	199704	0	1	(no row) -> rin='2070-AC51'; publication_id='199704'; ordinal=0; authority_text='15 USC 2646/TSCA 6'; authority_type='act_relative'; parse_status='corroborated'; usc_title=15; usc_section='2605'; act_key='toxic substances control act'; act_section='6'; act_resolution_evidence='table3-classification'; usc_section_verdict='exists'; usc_section_attested_at_edition=True; corroboration_rule='second-authority-behind-a-slash:agency-roster-initialism'; authority_in_own_cfr_note='absent'; cfr_note_part='40 CFR 763'; authority_source='box'	15 USC 2646/TSCA 6
ADDED	2070-AC54	199510	0	1	(no row) -> rin='2070-AC54'; publication_id='199510'; ordinal=0; authority_text='21 USC 346/FFDCA 408'; authority_type='act_relative'; parse_status='corroborated'; usc_title=21; usc_section='346a'; act_key='federal food, drug, and cosmetic act'; act_section='408'; act_resolution_evidence='table3-classification'; usc_section_verdict='exists'; usc_section_attested_at_edition=True; corroboration_rule='second-authority-behind-a-slash:agency-roster-initialism'; authority_in_own_cfr_note='absent'; cfr_note_part='40 CFR 180'; authority_source='box'	21 USC 346/FFDCA 408
ADDED	2070-AC54	199604	0	1	(no row) -> rin='2070-AC54'; publication_id='199604'; ordinal=0; authority_text='21 USC 346/FFDCA 408'; authority_type='act_relative'; parse_status='corroborated'; usc_title=21; usc_section='346a'; act_key='federal food, drug, and cosmetic act'; act_section='408'; act_resolution_evidence='table3-classification'; usc_section_verdict='exists'; usc_section_attested_at_edition=True; corroboration_rule='second-authority-behind-a-slash:agency-roster-initialism'; authority_in_own_cfr_note='absent'; cfr_note_part='40 CFR 180'; authority_source='box'	21 USC 346/FFDCA 408
ADDED	2070-AC55	199510	0	1	(no row) -> rin='2070-AC55'; publication_id='199510'; ordinal=0; authority_text='21 USC 348/FFDCA 409'; authority_type='act_relative'; parse_status='corroborated'; usc_title=21; usc_section='348'; act_key='federal food, drug, and cosmetic act'; act_section='409'; act_resolution_evidence='table3-classification'; usc_section_verdict='exists'; usc_section_attested_at_edition=True; corroboration_rule='second-authority-behind-a-slash:agency-roster-initialism'; authority_in_own_cfr_note='absent'; cfr_note_part='40 CFR 180'; authority_source='box'	21 USC 348/FFDCA 409
ADDED	2070-AC55	199510	1	1	(no row) -> rin='2070-AC55'; publication_id='199510'; ordinal=1; authority_text='21 USC 346a/FFDCA 408'; authority_type='act_relative'; parse_status='corroborated'; usc_title=21; usc_section='346a'; act_key='federal food, drug, and cosmetic act'; act_section='408'; act_resolution_evidence='table3-classification'; usc_section_verdict='exists'; usc_section_attested_at_edition=True; corroboration_rule='second-authority-behind-a-slash:agency-roster-initialism'; authority_in_own_cfr_note='absent'; cfr_note_part='40 CFR 180'; authority_source='box'	21 USC 346a/FFDCA 408
ADDED	2070-AC55	199604	0	1	(no row) -> rin='2070-AC55'; publication_id='199604'; ordinal=0; authority_text='21 USC 348/FFDCA 409'; authority_type='act_relative'; parse_status='corroborated'; usc_title=21; usc_section='348'; act_key='federal food, drug, and cosmetic act'; act_section='409'; act_resolution_evidence='table3-classification'; usc_section_verdict='exists'; usc_section_attested_at_edition=True; corroboration_rule='second-authority-behind-a-slash:agency-roster-initialism'; authority_in_own_cfr_note='absent'; cfr_note_part='40 CFR 180'; authority_source='box'	21 USC 348/FFDCA 409
ADDED	2070-AC55	199604	1	1	(no row) -> rin='2070-AC55'; publication_id='199604'; ordinal=1; authority_text='21 USC 346/FFDCA 408'; authority_type='act_relative'; parse_status='corroborated'; usc_title=21; usc_section='346a'; act_key='federal food, drug, and cosmetic act'; act_section='408'; act_resolution_evidence='table3-classification'; usc_section_verdict='exists'; usc_section_attested_at_edition=True; corroboration_rule='second-authority-behind-a-slash:agency-roster-initialism'; authority_in_own_cfr_note='absent'; cfr_note_part='40 CFR 180'; authority_source='box'	21 USC 346/FFDCA 408
ADDED	2070-AC55	199610	0	1	(no row) -> rin='2070-AC55'; publication_id='199610'; ordinal=0; authority_text='21 USC 346/FFDCA 408'; authority_type='act_relative'; parse_status='corroborated'; usc_title=21; usc_section='346a'; act_key='federal food, drug, and cosmetic act'; act_section='408'; act_resolution_evidence='table3-classification'; usc_section_verdict='exists'; usc_section_attested_at_edition=True; corroboration_rule='second-authority-behind-a-slash:agency-roster-initialism'; authority_in_own_cfr_note='absent'; cfr_note_part='40 CFR 180'; authority_source='box'	21 USC 346/FFDCA 408
ADDED	2070-AC55	199704	0	1	(no row) -> rin='2070-AC55'; publication_id='199704'; ordinal=0; authority_text='21 USC 346/FFDCA 408'; authority_type='act_relative'; parse_status='corroborated'; usc_title=21; usc_section='346a'; act_key='federal food, drug, and cosmetic act'; act_section='408'; act_resolution_evidence='table3-classification'; usc_section_verdict='exists'; usc_section_attested_at_edition=True; corroboration_rule='second-authority-behind-a-slash:agency-roster-initialism'; authority_in_own_cfr_note='absent'; cfr_note_part='40 CFR 180'; authority_source='box'	21 USC 346/FFDCA 408
ADDED	2070-AC58	199510	0	1	(no row) -> rin='2070-AC58'; publication_id='199510'; ordinal=0; authority_text='7 USC 136w/FIFRA 25'; authority_type='act_relative'; parse_status='corroborated'; usc_title=7; usc_section='136w'; act_key='federal insecticide, fungicide, and rodenticide act'; act_section='25'; act_resolution_evidence='table3-classification'; usc_section_verdict='exists'; usc_section_attested_at_edition=True; corroboration_rule='second-authority-behind-a-slash:agency-roster-initialism'; authority_in_own_cfr_note='absent'; cfr_note_part='40 CFR 152'; authority_source='box'	7 USC 136w/FIFRA 25
ADDED	2070-AC58	199604	0	1	(no row) -> rin='2070-AC58'; publication_id='199604'; ordinal=0; authority_text='7 USC 136/FIFRA 25'; authority_type='act_relative'; parse_status='corroborated'; usc_title=7; usc_section='136w'; act_key='federal insecticide, fungicide, and rodenticide act'; act_section='25'; act_resolution_evidence='table3-classification'; usc_section_verdict='exists'; usc_section_attested_at_edition=True; corroboration_rule='second-authority-behind-a-slash:agency-roster-initialism'; authority_in_own_cfr_note='absent'; cfr_note_part='40 CFR 152'; authority_source='box'	7 USC 136/FIFRA 25
ADDED	2070-AC58	199610	0	1	(no row) -> rin='2070-AC58'; publication_id='199610'; ordinal=0; authority_text='7 USC 136/FIFRA 25'; authority_type='act_relative'; parse_status='corroborated'; usc_title=7; usc_section='136w'; act_key='federal insecticide, fungicide, and rodenticide act'; act_section='25'; act_resolution_evidence='table3-classification'; usc_section_verdict='exists'; usc_section_attested_at_edition=True; corroboration_rule='second-authority-behind-a-slash:agency-roster-initialism'; authority_in_own_cfr_note='absent'; cfr_note_part='40 CFR 152'; authority_source='box'	7 USC 136/FIFRA 25
ADDED	2070-AC60	199510	0	1	(no row) -> rin='2070-AC60'; publication_id='199510'; ordinal=0; authority_text='7 USC 136/FIFRA 2'; authority_type='act_relative'; parse_status='corroborated'; usc_title=7; usc_section='136'; act_key='federal insecticide, fungicide, and rodenticide act'; act_section='2'; act_resolution_evidence='table3-classification'; usc_section_verdict='exists'; usc_section_attested_at_edition=True; corroboration_rule='second-authority-behind-a-slash:agency-roster-initialism'; authority_in_own_cfr_note='absent'; cfr_note_part='40 CFR 156'; authority_source='box'	7 USC 136/FIFRA 2
ADDED	2070-AC60	199510	1	1	(no row) -> rin='2070-AC60'; publication_id='199510'; ordinal=1; authority_text='7 USC 136a/FIFRA 3'; authority_type='act_relative'; parse_status='corroborated'; usc_title=7; usc_section='136a'; act_key='federal insecticide, fungicide, and rodenticide act'; act_section='3'; act_resolution_evidence='table3-classification'; usc_section_verdict='exists'; usc_section_attested_at_edition=True; corroboration_rule='second-authority-behind-a-slash:agency-roster-initialism'; authority_in_own_cfr_note='absent'; cfr_note_part='40 CFR 156'; authority_source='box'	7 USC 136a/FIFRA 3
ADDED	2070-AC60	199604	0	1	(no row) -> rin='2070-AC60'; publication_id='199604'; ordinal=0; authority_text='7 USC 136/FIFRA 2'; authority_type='act_relative'; parse_status='corroborated'; usc_title=7; usc_section='136'; act_key='federal insecticide, fungicide, and rodenticide act'; act_section='2'; act_resolution_evidence='table3-classification'; usc_section_verdict='exists'; usc_section_attested_at_edition=True; corroboration_rule='second-authority-behind-a-slash:agency-roster-initialism'; authority_in_own_cfr_note='absent'; cfr_note_part='40 CFR 156'; authority_source='box'	7 USC 136/FIFRA 2
ADDED	2070-AC60	199604	1	1	(no row) -> rin='2070-AC60'; publication_id='199604'; ordinal=1; authority_text='7 USC 137/FIFRA 3'; authority_type='act_relative'; parse_status='corroborated'; usc_title=7; usc_section='136a'; act_key='federal insecticide, fungicide, and rodenticide act'; act_section='3'; act_resolution_evidence='table3-classification'; usc_section_verdict='exists'; usc_section_attested_at_edition=True; corroboration_rule='second-authority-behind-a-slash:agency-roster-initialism'; authority_in_own_cfr_note='absent'; cfr_note_part='40 CFR 156'; authority_source='box'	7 USC 137/FIFRA 3
ADDED	2070-AC60	199610	0	1	(no row) -> rin='2070-AC60'; publication_id='199610'; ordinal=0; authority_text='7 USC 136/FIFRA 2'; authority_type='act_relative'; parse_status='corroborated'; usc_title=7; usc_section='136'; act_key='federal insecticide, fungicide, and rodenticide act'; act_section='2'; act_resolution_evidence='table3-classification'; usc_section_verdict='exists'; usc_section_attested_at_edition=True; corroboration_rule='second-authority-behind-a-slash:agency-roster-initialism'; authority_in_own_cfr_note='absent'; cfr_note_part='40 CFR 156'; authority_source='box'	7 USC 136/FIFRA 2
ADDED	2070-AC60	199610	1	1	(no row) -> rin='2070-AC60'; publication_id='199610'; ordinal=1; authority_text='7 USC 137/FIFRA 3'; authority_type='act_relative'; parse_status='corroborated'; usc_title=7; usc_section='136a'; act_key='federal insecticide, fungicide, and rodenticide act'; act_section='3'; act_resolution_evidence='table3-classification'; usc_section_verdict='exists'; usc_section_attested_at_edition=True; corroboration_rule='second-authority-behind-a-slash:agency-roster-initialism'; authority_in_own_cfr_note='absent'; cfr_note_part='40 CFR 156'; authority_source='box'	7 USC 137/FIFRA 3
ADDED	2070-AC60	199704	0	1	(no row) -> rin='2070-AC60'; publication_id='199704'; ordinal=0; authority_text='7 USC 136/FIFRA 2'; authority_type='act_relative'; parse_status='corroborated'; usc_title=7; usc_section='136'; act_key='federal insecticide, fungicide, and rodenticide act'; act_section='2'; act_resolution_evidence='table3-classification'; usc_section_verdict='exists'; usc_section_attested_at_edition=True; corroboration_rule='second-authority-behind-a-slash:agency-roster-initialism'; authority_in_own_cfr_note='absent'; cfr_note_part='40 CFR 156'; authority_source='box'	7 USC 136/FIFRA 2
ADDED	2070-AC60	199704	1	1	(no row) -> rin='2070-AC60'; publication_id='199704'; ordinal=1; authority_text='7 USC 137/FIFRA 3'; authority_type='act_relative'; parse_status='corroborated'; usc_title=7; usc_section='136a'; act_key='federal insecticide, fungicide, and rodenticide act'; act_section='3'; act_resolution_evidence='table3-classification'; usc_section_verdict='exists'; usc_section_attested_at_edition=True; corroboration_rule='second-authority-behind-a-slash:agency-roster-initialism'; authority_in_own_cfr_note='absent'; cfr_note_part='40 CFR 156'; authority_source='box'	7 USC 137/FIFRA 3
ADDED	2070-AC62	199604	0	1	(no row) -> rin='2070-AC62'; publication_id='199604'; ordinal=0; authority_text='15 USC 2605/TSCA 4'; authority_type='act_relative'; parse_status='corroborated'; usc_title=15; usc_section='2603'; act_key='toxic substances control act'; act_section='4'; act_resolution_evidence='table3-classification'; usc_section_verdict='exists'; usc_section_attested_at_edition=True; corroboration_rule='second-authority-behind-a-slash:agency-roster-initialism'; authority_in_own_cfr_note='absent'; cfr_note_part='40 CFR 763'; authority_source='box'	15 USC 2605/TSCA 4
ADDED	2070-AC62	199604	1	1	(no row) -> rin='2070-AC62'; publication_id='199604'; ordinal=1; authority_text='15 USC 2607/TSCA 6'; authority_type='act_relative'; parse_status='corroborated'; usc_title=15; usc_section='2605'; act_key='toxic substances control act'; act_section='6'; act_resolution_evidence='table3-classification'; usc_section_verdict='exists'; usc_section_attested_at_edition=True; corroboration_rule='second-authority-behind-a-slash:agency-roster-initialism'; authority_in_own_cfr_note='absent'; cfr_note_part='40 CFR 763'; authority_source='box'	15 USC 2607/TSCA 6
ADDED	2070-AC62	199604	2	1	(no row) -> rin='2070-AC62'; publication_id='199604'; ordinal=2; authority_text='15 USC 2647/TSCA 7'; authority_type='act_relative'; parse_status='corroborated'; usc_title=15; usc_section='2606'; act_key='toxic substances control act'; act_section='7'; act_resolution_evidence='table3-classification'; usc_section_verdict='exists'; usc_section_attested_at_edition=True; corroboration_rule='second-authority-behind-a-slash:agency-roster-initialism'; authority_in_own_cfr_note='absent'; cfr_note_part='40 CFR 763'; authority_source='box'	15 USC 2647/TSCA 7
ADDED	2070-AC62	199610	0	1	(no row) -> rin='2070-AC62'; publication_id='199610'; ordinal=0; authority_text='15 USC 2605/TSCA 4'; authority_type='act_relative'; parse_status='corroborated'; usc_title=15; usc_section='2603'; act_key='toxic substances control act'; act_section='4'; act_resolution_evidence='table3-classification'; usc_section_verdict='exists'; usc_section_attested_at_edition=True; corroboration_rule='second-authority-behind-a-slash:agency-roster-initialism'; authority_in_own_cfr_note='absent'; cfr_note_part='40 CFR 763'; authority_source='box'	15 USC 2605/TSCA 4
ADDED	2070-AC62	199610	1	1	(no row) -> rin='2070-AC62'; publication_id='199610'; ordinal=1; authority_text='15 USC 2607/TSCA 6'; authority_type='act_relative'; parse_status='corroborated'; usc_title=15; usc_section='2605'; act_key='toxic substances control act'; act_section='6'; act_resolution_evidence='table3-classification'; usc_section_verdict='exists'; usc_section_attested_at_edition=True; corroboration_rule='second-authority-behind-a-slash:agency-roster-initialism'; authority_in_own_cfr_note='absent'; cfr_note_part='40 CFR 763'; authority_source='box'	15 USC 2607/TSCA 6
ADDED	2070-AC62	199610	2	1	(no row) -> rin='2070-AC62'; publication_id='199610'; ordinal=2; authority_text='15 USC 2647/TSCA 7'; authority_type='act_relative'; parse_status='corroborated'; usc_title=15; usc_section='2606'; act_key='toxic substances control act'; act_section='7'; act_resolution_evidence='table3-classification'; usc_section_verdict='exists'; usc_section_attested_at_edition=True; corroboration_rule='second-authority-behind-a-slash:agency-roster-initialism'; authority_in_own_cfr_note='absent'; cfr_note_part='40 CFR 763'; authority_source='box'	15 USC 2647/TSCA 7
ADDED	2070-AC62	199704	0	1	(no row) -> rin='2070-AC62'; publication_id='199704'; ordinal=0; authority_text='15 USC 2605/TSCA 4'; authority_type='act_relative'; parse_status='corroborated'; usc_title=15; usc_section='2603'; act_key='toxic substances control act'; act_section='4'; act_resolution_evidence='table3-classification'; usc_section_verdict='exists'; usc_section_attested_at_edition=True; corroboration_rule='second-authority-behind-a-slash:agency-roster-initialism'; authority_in_own_cfr_note='absent'; cfr_note_part='40 CFR 763'; authority_source='box'	15 USC 2605/TSCA 4
ADDED	2070-AC62	199704	1	1	(no row) -> rin='2070-AC62'; publication_id='199704'; ordinal=1; authority_text='15 USC 2607/TSCA 6'; authority_type='act_relative'; parse_status='corroborated'; usc_title=15; usc_section='2605'; act_key='toxic substances control act'; act_section='6'; act_resolution_evidence='table3-classification'; usc_section_verdict='exists'; usc_section_attested_at_edition=True; corroboration_rule='second-authority-behind-a-slash:agency-roster-initialism'; authority_in_own_cfr_note='absent'; cfr_note_part='40 CFR 763'; authority_source='box'	15 USC 2607/TSCA 6
ADDED	2070-AC62	199704	2	1	(no row) -> rin='2070-AC62'; publication_id='199704'; ordinal=2; authority_text='15 USC 2647/TSCA 7'; authority_type='act_relative'; parse_status='corroborated'; usc_title=15; usc_section='2606'; act_key='toxic substances control act'; act_section='7'; act_resolution_evidence='table3-classification'; usc_section_verdict='exists'; usc_section_attested_at_edition=True; corroboration_rule='second-authority-behind-a-slash:agency-roster-initialism'; authority_in_own_cfr_note='absent'; cfr_note_part='40 CFR 763'; authority_source='box'	15 USC 2647/TSCA 7
ADDED	2070-AC63	199710	0	1	(no row) -> rin='2070-AC63'; publication_id='199710'; ordinal=0; authority_text='15 USC 2683/ TSCA 403'; authority_type='act_relative'; parse_status='corroborated'; usc_title=15; usc_section='2683'; act_key='toxic substances control act'; act_section='403'; act_resolution_evidence='table3-classification'; usc_section_verdict='exists'; usc_section_attested_at_edition=True; corroboration_rule='second-authority-behind-a-slash:agency-roster-initialism'; authority_in_own_cfr_note='absent'; cfr_note_part='40 CFR 745'; authority_source='box'	15 USC 2683/ TSCA 403
ADDED	2070-AC66	199604	0	1	(no row) -> rin='2070-AC66'; publication_id='199604'; ordinal=0; authority_text='15 USC 2605/TSCA 4'; authority_type='act_relative'; parse_status='corroborated'; usc_title=15; usc_section='2603'; act_key='toxic substances control act'; act_section='4'; act_resolution_evidence='table3-classification'; usc_section_verdict='exists'; usc_section_attested_at_edition=True; corroboration_rule='second-authority-behind-a-slash:agency-roster-initialism'; authority_in_own_cfr_note='absent'; cfr_note_part='40 CFR 763'; authority_source='box'	15 USC 2605/TSCA 4
ADDED	2070-AC66	199604	1	1	(no row) -> rin='2070-AC66'; publication_id='199604'; ordinal=1; authority_text='15 USC 2607/TSCA 6'; authority_type='act_relative'; parse_status='corroborated'; usc_title=15; usc_section='2605'; act_key='toxic substances control act'; act_section='6'; act_resolution_evidence='table3-classification'; usc_section_verdict='exists'; usc_section_attested_at_edition=True; corroboration_rule='second-authority-behind-a-slash:agency-roster-initialism'; authority_in_own_cfr_note='absent'; cfr_note_part='40 CFR 763'; authority_source='box'	15 USC 2607/TSCA 6
ADDED	2070-AC66	199610	0	1	(no row) -> rin='2070-AC66'; publication_id='199610'; ordinal=0; authority_text='15 USC 2605/TSCA 4'; authority_type='act_relative'; parse_status='corroborated'; usc_title=15; usc_section='2603'; act_key='toxic substances control act'; act_section='4'; act_resolution_evidence='table3-classification'; usc_section_verdict='exists'; usc_section_attested_at_edition=True; corroboration_rule='second-authority-behind-a-slash:agency-roster-initialism'; authority_in_own_cfr_note='absent'; cfr_note_part='40 CFR 763'; authority_source='box'	15 USC 2605/TSCA 4
ADDED	2070-AC66	199610	1	1	(no row) -> rin='2070-AC66'; publication_id='199610'; ordinal=1; authority_text='15 USC 2607/TSCA 6'; authority_type='act_relative'; parse_status='corroborated'; usc_title=15; usc_section='2605'; act_key='toxic substances control act'; act_section='6'; act_resolution_evidence='table3-classification'; usc_section_verdict='exists'; usc_section_attested_at_edition=True; corroboration_rule='second-authority-behind-a-slash:agency-roster-initialism'; authority_in_own_cfr_note='absent'; cfr_note_part='40 CFR 763'; authority_source='box'	15 USC 2607/TSCA 6
ADDED	2070-AC66	199704	0	1	(no row) -> rin='2070-AC66'; publication_id='199704'; ordinal=0; authority_text='15 USC 2605/TSCA 4'; authority_type='act_relative'; parse_status='corroborated'; usc_title=15; usc_section='2603'; act_key='toxic substances control act'; act_section='4'; act_resolution_evidence='table3-classification'; usc_section_verdict='exists'; usc_section_attested_at_edition=True; corroboration_rule='second-authority-behind-a-slash:agency-roster-initialism'; authority_in_own_cfr_note='absent'; cfr_note_part='40 CFR 763'; authority_source='box'	15 USC 2605/TSCA 4
ADDED	2070-AC66	199704	1	1	(no row) -> rin='2070-AC66'; publication_id='199704'; ordinal=1; authority_text='15 USC 2607/TSCA 6'; authority_type='act_relative'; parse_status='corroborated'; usc_title=15; usc_section='2605'; act_key='toxic substances control act'; act_section='6'; act_resolution_evidence='table3-classification'; usc_section_verdict='exists'; usc_section_attested_at_edition=True; corroboration_rule='second-authority-behind-a-slash:agency-roster-initialism'; authority_in_own_cfr_note='absent'; cfr_note_part='40 CFR 763'; authority_source='box'	15 USC 2607/TSCA 6
ADDED	2070-AC67	199510	0	1	(no row) -> rin='2070-AC67'; publication_id='199510'; ordinal=0; authority_text='7 USC 136w(b)/FIFRA 25(b)'; authority_type='act_relative'; parse_status='corroborated'; usc_title=7; usc_section='136w'; act_key='federal insecticide, fungicide, and rodenticide act'; act_section='25'; act_resolution_evidence='table3-classification'; usc_section_verdict='exists'; usc_section_attested_at_edition=True; corroboration_rule='second-authority-behind-a-slash:agency-roster-initialism'; authority_in_own_cfr_note='absent'; cfr_note_part='40 CFR 152'; authority_source='box'	7 USC 136w(b)/FIFRA 25(b)
ADDED	2070-AC67	199604	0	1	(no row) -> rin='2070-AC67'; publication_id='199604'; ordinal=0; authority_text='7 USC 136/FIFRA 25'; authority_type='act_relative'; parse_status='corroborated'; usc_title=7; usc_section='136w'; act_key='federal insecticide, fungicide, and rodenticide act'; act_section='25'; act_resolution_evidence='table3-classification'; usc_section_verdict='exists'; usc_section_attested_at_edition=True; corroboration_rule='second-authority-behind-a-slash:agency-roster-initialism'; authority_in_own_cfr_note='absent'; cfr_note_part='40 CFR 152'; authority_source='box'	7 USC 136/FIFRA 25
ADDED	2070-AC67	199610	0	1	(no row) -> rin='2070-AC67'; publication_id='199610'; ordinal=0; authority_text='7 USC 136/FIFRA 25'; authority_type='act_relative'; parse_status='corroborated'; usc_title=7; usc_section='136w'; act_key='federal insecticide, fungicide, and rodenticide act'; act_section='25'; act_resolution_evidence='table3-classification'; usc_section_verdict='exists'; usc_section_attested_at_edition=True; corroboration_rule='second-authority-behind-a-slash:agency-roster-initialism'; authority_in_own_cfr_note='absent'; cfr_note_part='40 CFR 152'; authority_source='box'	7 USC 136/FIFRA 25
ADDED	2070-AC71	199610	0	1	(no row) -> rin='2070-AC71'; publication_id='199610'; ordinal=0; authority_text='42 USC 11013/EPCRA 313'; authority_type='act_relative'; parse_status='corroborated'; usc_title=42; usc_section='11023'; act_key='emergency planning and community right-to-know act of 1986'; act_section='313'; act_resolution_evidence='table3-classification'; usc_section_verdict='exists'; usc_section_attested_at_edition=True; corroboration_rule='second-authority-behind-a-slash:agency-roster-initialism'; authority_in_own_cfr_note='absent'; cfr_note_part='40 CFR 372'; authority_source='box'	42 USC 11013/EPCRA 313
ADDED	2070-AC71	199704	0	1	(no row) -> rin='2070-AC71'; publication_id='199704'; ordinal=0; authority_text='42 USC 11013/EPCRA 313'; authority_type='act_relative'; parse_status='corroborated'; usc_title=42; usc_section='11023'; act_key='emergency planning and community right-to-know act of 1986'; act_section='313'; act_resolution_evidence='table3-classification'; usc_section_verdict='exists'; usc_section_attested_at_edition=True; corroboration_rule='second-authority-behind-a-slash:agency-roster-initialism'; authority_in_own_cfr_note='absent'; cfr_note_part='40 CFR 372'; authority_source='box'	42 USC 11013/EPCRA 313
ADDED	2070-AC76	199604	0	1	(no row) -> rin='2070-AC76'; publication_id='199604'; ordinal=0; authority_text='15 USC 2603/TSCA 4'; authority_type='act_relative'; parse_status='corroborated'; usc_title=15; usc_section='2603'; act_key='toxic substances control act'; act_section='4'; act_resolution_evidence='table3-classification'; usc_section_verdict='exists'; usc_section_attested_at_edition=True; corroboration_rule='second-authority-behind-a-slash:agency-roster-initialism'; authority_source='box'	15 USC 2603/TSCA 4
ADDED	2070-AC76	199604	1	1	(no row) -> rin='2070-AC76'; publication_id='199604'; ordinal=1; authority_text='42 USC 7412/CAA 112'; authority_type='act_relative'; parse_status='corroborated'; usc_title=42; usc_section='7412'; act_key='clean air act'; act_section='112'; act_resolution_evidence='table3-classification'; usc_section_verdict='exists'; usc_section_attested_at_edition=True; corroboration_rule='second-authority-behind-a-slash:agency-roster-initialism'; authority_source='box'	42 USC 7412/CAA 112
ADDED	2070-AC76	199604	2	1	(no row) -> rin='2070-AC76'; publication_id='199604'; ordinal=2; authority_text='42 USC 7403/CAA 103'; authority_type='act_relative'; parse_status='corroborated'; usc_title=42; usc_section='7403'; act_key='clean air act'; act_section='103'; act_resolution_evidence='table3-classification'; usc_section_verdict='exists'; usc_section_attested_at_edition=True; corroboration_rule='second-authority-behind-a-slash:agency-roster-initialism'; authority_source='box'	42 USC 7403/CAA 103
ADDED	2070-AC76	199610	0	1	(no row) -> rin='2070-AC76'; publication_id='199610'; ordinal=0; authority_text='15 USC 2603/TSCA 4'; authority_type='act_relative'; parse_status='corroborated'; usc_title=15; usc_section='2603'; act_key='toxic substances control act'; act_section='4'; act_resolution_evidence='table3-classification'; usc_section_verdict='exists'; usc_section_attested_at_edition=True; corroboration_rule='second-authority-behind-a-slash:agency-roster-initialism'; authority_source='box'	15 USC 2603/TSCA 4
ADDED	2070-AC76	199610	1	1	(no row) -> rin='2070-AC76'; publication_id='199610'; ordinal=1; authority_text='42 USC 7412/CAA 112'; authority_type='act_relative'; parse_status='corroborated'; usc_title=42; usc_section='7412'; act_key='clean air act'; act_section='112'; act_resolution_evidence='table3-classification'; usc_section_verdict='exists'; usc_section_attested_at_edition=True; corroboration_rule='second-authority-behind-a-slash:agency-roster-initialism'; authority_source='box'	42 USC 7412/CAA 112
ADDED	2070-AC76	199610	2	1	(no row) -> rin='2070-AC76'; publication_id='199610'; ordinal=2; authority_text='42 USC 7403/CAA 103'; authority_type='act_relative'; parse_status='corroborated'; usc_title=42; usc_section='7403'; act_key='clean air act'; act_section='103'; act_resolution_evidence='table3-classification'; usc_section_verdict='exists'; usc_section_attested_at_edition=True; corroboration_rule='second-authority-behind-a-slash:agency-roster-initialism'; authority_source='box'	42 USC 7403/CAA 103
ADDED	2070-AC76	199704	0	1	(no row) -> rin='2070-AC76'; publication_id='199704'; ordinal=0; authority_text='15 USC 2603/TSCA 4'; authority_type='act_relative'; parse_status='corroborated'; usc_title=15; usc_section='2603'; act_key='toxic substances control act'; act_section='4'; act_resolution_evidence='table3-classification'; usc_section_verdict='exists'; usc_section_attested_at_edition=True; corroboration_rule='second-authority-behind-a-slash:agency-roster-initialism'; authority_source='box'	15 USC 2603/TSCA 4
ADDED	2070-AC76	199704	1	1	(no row) -> rin='2070-AC76'; publication_id='199704'; ordinal=1; authority_text='42 USC 7412/CAA 112'; authority_type='act_relative'; parse_status='corroborated'; usc_title=42; usc_section='7412'; act_key='clean air act'; act_section='112'; act_resolution_evidence='table3-classification'; usc_section_verdict='exists'; usc_section_attested_at_edition=True; corroboration_rule='second-authority-behind-a-slash:agency-roster-initialism'; authority_source='box'	42 USC 7412/CAA 112
ADDED	2070-AC76	199704	2	1	(no row) -> rin='2070-AC76'; publication_id='199704'; ordinal=2; authority_text='42 USC 7403/CAA 103'; authority_type='act_relative'; parse_status='corroborated'; usc_title=42; usc_section='7403'; act_key='clean air act'; act_section='103'; act_resolution_evidence='table3-classification'; usc_section_verdict='exists'; usc_section_attested_at_edition=True; corroboration_rule='second-authority-behind-a-slash:agency-roster-initialism'; authority_source='box'	42 USC 7403/CAA 103
ADDED	2070-AC76	199710	0	1	(no row) -> rin='2070-AC76'; publication_id='199710'; ordinal=0; authority_text='15 USC 2603/ TSCA 4'; authority_type='act_relative'; parse_status='corroborated'; usc_title=15; usc_section='2603'; act_key='toxic substances control act'; act_section='4'; act_resolution_evidence='table3-classification'; usc_section_verdict='exists'; usc_section_attested_at_edition=True; corroboration_rule='second-authority-behind-a-slash:agency-roster-initialism'; authority_source='box'	15 USC 2603/ TSCA 4
ADDED	2070-AC76	199710	1	1	(no row) -> rin='2070-AC76'; publication_id='199710'; ordinal=1; authority_text='42 USC 7412/ CAA 112'; authority_type='act_relative'; parse_status='corroborated'; usc_title=42; usc_section='7412'; act_key='clean air act'; act_section='112'; act_resolution_evidence='table3-classification'; usc_section_verdict='exists'; usc_section_attested_at_edition=True; corroboration_rule='second-authority-behind-a-slash:agency-roster-initialism'; authority_source='box'	42 USC 7412/ CAA 112
ADDED	2070-AC76	199710	2	1	(no row) -> rin='2070-AC76'; publication_id='199710'; ordinal=2; authority_text='42 USC 7403/ CAA 103'; authority_type='act_relative'; parse_status='corroborated'; usc_title=42; usc_section='7403'; act_key='clean air act'; act_section='103'; act_resolution_evidence='table3-classification'; usc_section_verdict='exists'; usc_section_attested_at_edition=True; corroboration_rule='second-authority-behind-a-slash:agency-roster-initialism'; authority_source='box'	42 USC 7403/ CAA 103
ADDED	2070-AC77	199510	0	1	(no row) -> rin='2070-AC77'; publication_id='199510'; ordinal=0; authority_text='40 USC 11013/EPCRA 313'; authority_type='act_relative'; parse_status='corroborated'; usc_title=42; usc_section='11023'; act_key='emergency planning and community right-to-know act of 1986'; act_section='313'; act_resolution_evidence='table3-classification'; usc_section_verdict='exists'; usc_section_attested_at_edition=True; corroboration_rule='second-authority-behind-a-slash:agency-roster-initialism'; authority_in_own_cfr_note='absent'; cfr_note_part='40 CFR 372'; authority_source='box'	40 USC 11013/EPCRA 313
ADDED	2070-AC77	199604	0	1	(no row) -> rin='2070-AC77'; publication_id='199604'; ordinal=0; authority_text='40 USC 11013/EPCRA 313'; authority_type='act_relative'; parse_status='corroborated'; usc_title=42; usc_section='11023'; act_key='emergency planning and community right-to-know act of 1986'; act_section='313'; act_resolution_evidence='table3-classification'; usc_section_verdict='exists'; usc_section_attested_at_edition=True; corroboration_rule='second-authority-behind-a-slash:agency-roster-initialism'; authority_in_own_cfr_note='absent'; cfr_note_part='40 CFR 372'; authority_source='box'	40 USC 11013/EPCRA 313
ADDED	2070-AC77	199610	0	1	(no row) -> rin='2070-AC77'; publication_id='199610'; ordinal=0; authority_text='40 USC 11013/EPCRA 313'; authority_type='act_relative'; parse_status='corroborated'; usc_title=42; usc_section='11023'; act_key='emergency planning and community right-to-know act of 1986'; act_section='313'; act_resolution_evidence='table3-classification'; usc_section_verdict='exists'; usc_section_attested_at_edition=True; corroboration_rule='second-authority-behind-a-slash:agency-roster-initialism'; authority_in_own_cfr_note='absent'; cfr_note_part='40 CFR 372'; authority_source='box'	40 USC 11013/EPCRA 313
ADDED	2070-AC77	199704	0	1	(no row) -> rin='2070-AC77'; publication_id='199704'; ordinal=0; authority_text='40 USC 11013/EPCRA 313'; authority_type='act_relative'; parse_status='corroborated'; usc_title=42; usc_section='11023'; act_key='emergency planning and community right-to-know act of 1986'; act_section='313'; act_resolution_evidence='table3-classification'; usc_section_verdict='exists'; usc_section_attested_at_edition=True; corroboration_rule='second-authority-behind-a-slash:agency-roster-initialism'; authority_in_own_cfr_note='absent'; cfr_note_part='40 CFR 372'; authority_source='box'	40 USC 11013/EPCRA 313
ADDED	2070-AC80	199510	0	1	(no row) -> rin='2070-AC80'; publication_id='199510'; ordinal=0; authority_text='15 USC 2607(e)/TSCA 8(e)'; authority_type='act_relative'; parse_status='corroborated'; usc_title=15; usc_section='2607'; act_key='toxic substances control act'; act_section='8'; act_resolution_evidence='table3-classification'; usc_section_verdict='exists'; usc_section_attested_at_edition=True; corroboration_rule='second-authority-behind-a-slash:agency-roster-initialism'; authority_source='box'	15 USC 2607(e)/TSCA 8(e)
ADDED	2070-AC80	199604	0	1	(no row) -> rin='2070-AC80'; publication_id='199604'; ordinal=0; authority_text='15 USC 2607(e)/TSCA 8(e)'; authority_type='act_relative'; parse_status='corroborated'; usc_title=15; usc_section='2607'; act_key='toxic substances control act'; act_section='8'; act_resolution_evidence='table3-classification'; usc_section_verdict='exists'; usc_section_attested_at_edition=True; corroboration_rule='second-authority-behind-a-slash:agency-roster-initialism'; authority_source='box'	15 USC 2607(e)/TSCA 8(e)
ADDED	2070-AC80	199610	0	1	(no row) -> rin='2070-AC80'; publication_id='199610'; ordinal=0; authority_text='15 USC 2607(e)/TSCA 8(e)'; authority_type='act_relative'; parse_status='corroborated'; usc_title=15; usc_section='2607'; act_key='toxic substances control act'; act_section='8'; act_resolution_evidence='table3-classification'; usc_section_verdict='exists'; usc_section_attested_at_edition=True; corroboration_rule='second-authority-behind-a-slash:agency-roster-initialism'; authority_source='box'	15 USC 2607(e)/TSCA 8(e)
ADDED	2070-AC80	199704	0	1	(no row) -> rin='2070-AC80'; publication_id='199704'; ordinal=0; authority_text='15 USC 2607(e)/TSCA 8(e)'; authority_type='act_relative'; parse_status='corroborated'; usc_title=15; usc_section='2607'; act_key='toxic substances control act'; act_section='8'; act_resolution_evidence='table3-classification'; usc_section_verdict='exists'; usc_section_attested_at_edition=True; corroboration_rule='second-authority-behind-a-slash:agency-roster-initialism'; authority_source='box'	15 USC 2607(e)/TSCA 8(e)
ADDED	2070-AC84	199604	0	1	(no row) -> rin='2070-AC84'; publication_id='199604'; ordinal=0; authority_text='15 USC 2603/TSCA 2'; authority_type='act_relative'; parse_status='corroborated'; usc_title=15; usc_section='2601'; act_key='toxic substances control act'; act_section='2'; act_resolution_evidence='table3-classification'; usc_section_verdict='exists'; usc_section_attested_at_edition=True; corroboration_rule='second-authority-behind-a-slash:agency-roster-initialism'; authority_in_own_cfr_note='absent'; cfr_note_part='40 CFR 707'; authority_source='box'	15 USC 2603/TSCA 2
ADDED	2070-AC84	199604	1	1	(no row) -> rin='2070-AC84'; publication_id='199604'; ordinal=1; authority_text='15 USC 2611/TSCA 12'; authority_type='act_relative'; parse_status='corroborated'; usc_title=15; usc_section='2611'; act_key='toxic substances control act'; act_section='12'; act_resolution_evidence='table3-classification'; usc_section_verdict='exists'; usc_section_attested_at_edition=True; corroboration_rule='second-authority-behind-a-slash:agency-roster-initialism'; authority_in_own_cfr_note='absent'; cfr_note_part='40 CFR 707'; authority_source='box'	15 USC 2611/TSCA 12
ADDED	2070-AC84	199610	0	1	(no row) -> rin='2070-AC84'; publication_id='199610'; ordinal=0; authority_text='15 USC 2603/TSCA 2'; authority_type='act_relative'; parse_status='corroborated'; usc_title=15; usc_section='2601'; act_key='toxic substances control act'; act_section='2'; act_resolution_evidence='table3-classification'; usc_section_verdict='exists'; usc_section_attested_at_edition=True; corroboration_rule='second-authority-behind-a-slash:agency-roster-initialism'; authority_in_own_cfr_note='absent'; cfr_note_part='40 CFR 707'; authority_source='box'	15 USC 2603/TSCA 2
ADDED	2070-AC84	199610	1	1	(no row) -> rin='2070-AC84'; publication_id='199610'; ordinal=1; authority_text='15 USC 2611/TSCA 12'; authority_type='act_relative'; parse_status='corroborated'; usc_title=15; usc_section='2611'; act_key='toxic substances control act'; act_section='12'; act_resolution_evidence='table3-classification'; usc_section_verdict='exists'; usc_section_attested_at_edition=True; corroboration_rule='second-authority-behind-a-slash:agency-roster-initialism'; authority_in_own_cfr_note='absent'; cfr_note_part='40 CFR 707'; authority_source='box'	15 USC 2611/TSCA 12
ADDED	2070-AC84	199704	0	1	(no row) -> rin='2070-AC84'; publication_id='199704'; ordinal=0; authority_text='15 USC 2603/TSCA 2'; authority_type='act_relative'; parse_status='corroborated'; usc_title=15; usc_section='2601'; act_key='toxic substances control act'; act_section='2'; act_resolution_evidence='table3-classification'; usc_section_verdict='exists'; usc_section_attested_at_edition=True; corroboration_rule='second-authority-behind-a-slash:agency-roster-initialism'; authority_in_own_cfr_note='absent'; cfr_note_part='40 CFR 707'; authority_source='box'	15 USC 2603/TSCA 2
ADDED	2070-AC84	199704	1	1	(no row) -> rin='2070-AC84'; publication_id='199704'; ordinal=1; authority_text='15 USC 2611/TSCA 12'; authority_type='act_relative'; parse_status='corroborated'; usc_title=15; usc_section='2611'; act_key='toxic substances control act'; act_section='12'; act_resolution_evidence='table3-classification'; usc_section_verdict='exists'; usc_section_attested_at_edition=True; corroboration_rule='second-authority-behind-a-slash:agency-roster-initialism'; authority_in_own_cfr_note='absent'; cfr_note_part='40 CFR 707'; authority_source='box'	15 USC 2611/TSCA 12
ADDED	2070-AC85	199510	0	1	(no row) -> rin='2070-AC85'; publication_id='199510'; ordinal=0; authority_text='7 USC 136/FIFRA 2'; authority_type='act_relative'; parse_status='corroborated'; usc_title=7; usc_section='136'; act_key='federal insecticide, fungicide, and rodenticide act'; act_section='2'; act_resolution_evidence='table3-classification'; usc_section_verdict='exists'; usc_section_attested_at_edition=True; corroboration_rule='second-authority-behind-a-slash:agency-roster-initialism'; authority_in_own_cfr_note='absent'; cfr_note_part='40 CFR 156'; authority_source='box'	7 USC 136/FIFRA 2
ADDED	2070-AC85	199510	1	1	(no row) -> rin='2070-AC85'; publication_id='199510'; ordinal=1; authority_text='7 USC 136a/FIFRA 3'; authority_type='act_relative'; parse_status='corroborated'; usc_title=7; usc_section='136a'; act_key='federal insecticide, fungicide, and rodenticide act'; act_section='3'; act_resolution_evidence='table3-classification'; usc_section_verdict='exists'; usc_section_attested_at_edition=True; corroboration_rule='second-authority-behind-a-slash:agency-roster-initialism'; authority_in_own_cfr_note='absent'; cfr_note_part='40 CFR 156'; authority_source='box'	7 USC 136a/FIFRA 3
ADDED	2070-AC85	199510	2	1	(no row) -> rin='2070-AC85'; publication_id='199510'; ordinal=2; authority_text='7 USC 136w/FIFRA 25'; authority_type='act_relative'; parse_status='corroborated'; usc_title=7; usc_section='136w'; act_key='federal insecticide, fungicide, and rodenticide act'; act_section='25'; act_resolution_evidence='table3-classification'; usc_section_verdict='exists'; usc_section_attested_at_edition=True; corroboration_rule='second-authority-behind-a-slash:agency-roster-initialism'; authority_in_own_cfr_note='absent'; cfr_note_part='40 CFR 156'; authority_source='box'	7 USC 136w/FIFRA 25
ADDED	2070-AC85	199604	0	1	(no row) -> rin='2070-AC85'; publication_id='199604'; ordinal=0; authority_text='7 USC 136/FIFRA 2'; authority_type='act_relative'; parse_status='corroborated'; usc_title=7; usc_section='136'; act_key='federal insecticide, fungicide, and rodenticide act'; act_section='2'; act_resolution_evidence='table3-classification'; usc_section_verdict='exists'; usc_section_attested_at_edition=True; corroboration_rule='second-authority-behind-a-slash:agency-roster-initialism'; authority_in_own_cfr_note='absent'; cfr_note_part='40 CFR 156'; authority_source='box'	7 USC 136/FIFRA 2
ADDED	2070-AC85	199604	1	1	(no row) -> rin='2070-AC85'; publication_id='199604'; ordinal=1; authority_text='7 USC 136a/FIFRA 3'; authority_type='act_relative'; parse_status='corroborated'; usc_title=7; usc_section='136a'; act_key='federal insecticide, fungicide, and rodenticide act'; act_section='3'; act_resolution_evidence='table3-classification'; usc_section_verdict='exists'; usc_section_attested_at_edition=True; corroboration_rule='second-authority-behind-a-slash:agency-roster-initialism'; authority_in_own_cfr_note='absent'; cfr_note_part='40 CFR 156'; authority_source='box'	7 USC 136a/FIFRA 3
ADDED	2070-AC85	199604	2	1	(no row) -> rin='2070-AC85'; publication_id='199604'; ordinal=2; authority_text='7 USC 136w/FIFRA 25'; authority_type='act_relative'; parse_status='corroborated'; usc_title=7; usc_section='136w'; act_key='federal insecticide, fungicide, and rodenticide act'; act_section='25'; act_resolution_evidence='table3-classification'; usc_section_verdict='exists'; usc_section_attested_at_edition=True; corroboration_rule='second-authority-behind-a-slash:agency-roster-initialism'; authority_in_own_cfr_note='absent'; cfr_note_part='40 CFR 156'; authority_source='box'	7 USC 136w/FIFRA 25
ADDED	2070-AC85	199610	0	1	(no row) -> rin='2070-AC85'; publication_id='199610'; ordinal=0; authority_text='7 USC 136/FIFRA 2'; authority_type='act_relative'; parse_status='corroborated'; usc_title=7; usc_section='136'; act_key='federal insecticide, fungicide, and rodenticide act'; act_section='2'; act_resolution_evidence='table3-classification'; usc_section_verdict='exists'; usc_section_attested_at_edition=True; corroboration_rule='second-authority-behind-a-slash:agency-roster-initialism'; authority_in_own_cfr_note='absent'; cfr_note_part='40 CFR 156'; authority_source='box'	7 USC 136/FIFRA 2
ADDED	2070-AC85	199610	1	1	(no row) -> rin='2070-AC85'; publication_id='199610'; ordinal=1; authority_text='7 USC 136a/FIFRA 3'; authority_type='act_relative'; parse_status='corroborated'; usc_title=7; usc_section='136a'; act_key='federal insecticide, fungicide, and rodenticide act'; act_section='3'; act_resolution_evidence='table3-classification'; usc_section_verdict='exists'; usc_section_attested_at_edition=True; corroboration_rule='second-authority-behind-a-slash:agency-roster-initialism'; authority_in_own_cfr_note='absent'; cfr_note_part='40 CFR 156'; authority_source='box'	7 USC 136a/FIFRA 3
ADDED	2070-AC85	199610	2	1	(no row) -> rin='2070-AC85'; publication_id='199610'; ordinal=2; authority_text='7 USC 136w/FIFRA 25'; authority_type='act_relative'; parse_status='corroborated'; usc_title=7; usc_section='136w'; act_key='federal insecticide, fungicide, and rodenticide act'; act_section='25'; act_resolution_evidence='table3-classification'; usc_section_verdict='exists'; usc_section_attested_at_edition=True; corroboration_rule='second-authority-behind-a-slash:agency-roster-initialism'; authority_in_own_cfr_note='absent'; cfr_note_part='40 CFR 156'; authority_source='box'	7 USC 136w/FIFRA 25
ADDED	2070-AC85	199704	0	1	(no row) -> rin='2070-AC85'; publication_id='199704'; ordinal=0; authority_text='7 USC 136/FIFRA 2'; authority_type='act_relative'; parse_status='corroborated'; usc_title=7; usc_section='136'; act_key='federal insecticide, fungicide, and rodenticide act'; act_section='2'; act_resolution_evidence='table3-classification'; usc_section_verdict='exists'; usc_section_attested_at_edition=True; corroboration_rule='second-authority-behind-a-slash:agency-roster-initialism'; authority_in_own_cfr_note='absent'; cfr_note_part='40 CFR 156'; authority_source='box'	7 USC 136/FIFRA 2
ADDED	2070-AC85	199704	1	1	(no row) -> rin='2070-AC85'; publication_id='199704'; ordinal=1; authority_text='7 USC 136a/FIFRA 3'; authority_type='act_relative'; parse_status='corroborated'; usc_title=7; usc_section='136a'; act_key='federal insecticide, fungicide, and rodenticide act'; act_section='3'; act_resolution_evidence='table3-classification'; usc_section_verdict='exists'; usc_section_attested_at_edition=True; corroboration_rule='second-authority-behind-a-slash:agency-roster-initialism'; authority_in_own_cfr_note='absent'; cfr_note_part='40 CFR 156'; authority_source='box'	7 USC 136a/FIFRA 3
ADDED	2070-AC85	199704	2	1	(no row) -> rin='2070-AC85'; publication_id='199704'; ordinal=2; authority_text='7 USC 136w/FIFRA 25'; authority_type='act_relative'; parse_status='corroborated'; usc_title=7; usc_section='136w'; act_key='federal insecticide, fungicide, and rodenticide act'; act_section='25'; act_resolution_evidence='table3-classification'; usc_section_verdict='exists'; usc_section_attested_at_edition=True; corroboration_rule='second-authority-behind-a-slash:agency-roster-initialism'; authority_in_own_cfr_note='absent'; cfr_note_part='40 CFR 156'; authority_source='box'	7 USC 136w/FIFRA 25
ADDED	2070-AD02	199510	0	1	(no row) -> rin='2070-AD02'; publication_id='199510'; ordinal=0; authority_text='7 USC 136f/FIFRA 25'; authority_type='act_relative'; parse_status='corroborated'; usc_title=7; usc_section='136w'; act_key='federal insecticide, fungicide, and rodenticide act'; act_section='25'; act_resolution_evidence='table3-classification'; usc_section_verdict='exists'; usc_section_attested_at_edition=True; corroboration_rule='second-authority-behind-a-slash:agency-roster-initialism'; authority_in_own_cfr_note='absent'; cfr_note_part='40 CFR 168'; authority_source='box'	7 USC 136f/FIFRA 25
ADDED	2070-AD02	199604	0	1	(no row) -> rin='2070-AD02'; publication_id='199604'; ordinal=0; authority_text='7 USC 136f/FIFRA 25'; authority_type='act_relative'; parse_status='corroborated'; usc_title=7; usc_section='136w'; act_key='federal insecticide, fungicide, and rodenticide act'; act_section='25'; act_resolution_evidence='table3-classification'; usc_section_verdict='exists'; usc_section_attested_at_edition=True; corroboration_rule='second-authority-behind-a-slash:agency-roster-initialism'; authority_in_own_cfr_note='absent'; cfr_note_part='40 CFR 168'; authority_source='box'	7 USC 136f/FIFRA 25
ADDED	2070-AD02	199610	0	1	(no row) -> rin='2070-AD02'; publication_id='199610'; ordinal=0; authority_text='7 USC 136f/FIFRA 25'; authority_type='act_relative'; parse_status='corroborated'; usc_title=7; usc_section='136w'; act_key='federal insecticide, fungicide, and rodenticide act'; act_section='25'; act_resolution_evidence='table3-classification'; usc_section_verdict='exists'; usc_section_attested_at_edition=True; corroboration_rule='second-authority-behind-a-slash:agency-roster-initialism'; authority_in_own_cfr_note='absent'; cfr_note_part='40 CFR 168'; authority_source='box'	7 USC 136f/FIFRA 25
ADDED	2070-AD02	199704	0	1	(no row) -> rin='2070-AD02'; publication_id='199704'; ordinal=0; authority_text='7 USC 136f/FIFRA 25'; authority_type='act_relative'; parse_status='corroborated'; usc_title=7; usc_section='136w'; act_key='federal insecticide, fungicide, and rodenticide act'; act_section='25'; act_resolution_evidence='table3-classification'; usc_section_verdict='exists'; usc_section_attested_at_edition=True; corroboration_rule='second-authority-behind-a-slash:agency-roster-initialism'; authority_in_own_cfr_note='absent'; cfr_note_part='40 CFR 168'; authority_source='box'	7 USC 136f/FIFRA 25
ADDED	2070-AD04	199510	0	1	(no row) -> rin='2070-AD04'; publication_id='199510'; ordinal=0; authority_text='15 USC 2605(e)/TSCA 6(e)'; authority_type='act_relative'; parse_status='corroborated'; usc_title=15; usc_section='2605'; act_key='toxic substances control act'; act_section='6'; act_resolution_evidence='table3-classification'; usc_section_verdict='exists'; usc_section_attested_at_edition=True; corroboration_rule='second-authority-behind-a-slash:agency-roster-initialism'; authority_in_own_cfr_note='absent'; cfr_note_part='40 CFR 761'; authority_source='box'	15 USC 2605(e)/TSCA 6(e)
ADDED	2070-AD04	199604	0	1	(no row) -> rin='2070-AD04'; publication_id='199604'; ordinal=0; authority_text='15 USC 2605(e)/TSCA 6(e)'; authority_type='act_relative'; parse_status='corroborated'; usc_title=15; usc_section='2605'; act_key='toxic substances control act'; act_section='6'; act_resolution_evidence='table3-classification'; usc_section_verdict='exists'; usc_section_attested_at_edition=True; corroboration_rule='second-authority-behind-a-slash:agency-roster-initialism'; authority_in_own_cfr_note='absent'; cfr_note_part='40 CFR 761'; authority_source='box'	15 USC 2605(e)/TSCA 6(e)
ADDED	2070-AD04	199610	0	1	(no row) -> rin='2070-AD04'; publication_id='199610'; ordinal=0; authority_text='15 USC 2605(e)/TSCA 6(e)'; authority_type='act_relative'; parse_status='corroborated'; usc_title=15; usc_section='2605'; act_key='toxic substances control act'; act_section='6'; act_resolution_evidence='table3-classification'; usc_section_verdict='exists'; usc_section_attested_at_edition=True; corroboration_rule='second-authority-behind-a-slash:agency-roster-initialism'; authority_in_own_cfr_note='absent'; cfr_note_part='40 CFR 761'; authority_source='box'	15 USC 2605(e)/TSCA 6(e)
ADDED	2070-AD04	199704	0	1	(no row) -> rin='2070-AD04'; publication_id='199704'; ordinal=0; authority_text='15 USC 2605(e)/TSCA 6(e)'; authority_type='act_relative'; parse_status='corroborated'; usc_title=15; usc_section='2605'; act_key='toxic substances control act'; act_section='6'; act_resolution_evidence='table3-classification'; usc_section_verdict='exists'; usc_section_attested_at_edition=True; corroboration_rule='second-authority-behind-a-slash:agency-roster-initialism'; authority_in_own_cfr_note='absent'; cfr_note_part='40 CFR 761'; authority_source='box'	15 USC 2605(e)/TSCA 6(e)
ADDED	2070-AD08	199610	0	1	(no row) -> rin='2070-AD08'; publication_id='199610'; ordinal=0; authority_text='42 USC 11013/EPCRA 313'; authority_type='act_relative'; parse_status='corroborated'; usc_title=42; usc_section='11023'; act_key='emergency planning and community right-to-know act of 1986'; act_section='313'; act_resolution_evidence='table3-classification'; usc_section_verdict='exists'; usc_section_attested_at_edition=True; corroboration_rule='second-authority-behind-a-slash:agency-roster-initialism'; authority_in_own_cfr_note='absent'; cfr_note_part='40 CFR 372'; authority_source='box'	42 USC 11013/EPCRA 313
ADDED	2070-AD08	199704	0	1	(no row) -> rin='2070-AD08'; publication_id='199704'; ordinal=0; authority_text='42 USC 11013/EPCRA 313'; authority_type='act_relative'; parse_status='corroborated'; usc_title=42; usc_section='11023'; act_key='emergency planning and community right-to-know act of 1986'; act_section='313'; act_resolution_evidence='table3-classification'; usc_section_verdict='exists'; usc_section_attested_at_edition=True; corroboration_rule='second-authority-behind-a-slash:agency-roster-initialism'; authority_in_own_cfr_note='absent'; cfr_note_part='40 CFR 372'; authority_source='box'	42 USC 11013/EPCRA 313
ADDED	2070-AD17	199704	0	1	(no row) -> rin='2070-AD17'; publication_id='199704'; ordinal=0; authority_text='15 USC 2607(d)/TSCA 8(d)'; authority_type='act_relative'; parse_status='corroborated'; usc_title=15; usc_section='2607'; act_key='toxic substances control act'; act_section='8'; act_resolution_evidence='table3-classification'; usc_section_verdict='exists'; usc_section_attested_at_edition=True; corroboration_rule='second-authority-behind-a-slash:agency-roster-initialism'; authority_in_own_cfr_note='absent'; cfr_note_part='40 CFR 716'; authority_source='box'	15 USC 2607(d)/TSCA 8(d)
