kind	rin	publication_id	ordinal	citation_ordinal	changes	authority_text
CHANGED	0412-AA45	200010	1	0	parse_status: 'partial' -> 'ok'; usc_section_end: None -> '2000d-7'; usc_section_span_rule: None -> 'stated'	42 USC 2000d to 2000d-7
CHANGED	0412-AA45	200104	1	0	parse_status: 'partial' -> 'ok'; usc_section_end: None -> '2000d-7'; usc_section_span_rule: None -> 'stated'	42 USC 2000d to 2000d-7
CHANGED	0412-AA45	200110	1	0	parse_status: 'partial' -> 'ok'; usc_section_end: None -> '2000d-7'; usc_section_span_rule: None -> 'stated'	42 USC 2000d to 2000d-7
CHANGED	0412-AA45	200204	1	0	parse_status: 'partial' -> 'ok'; usc_section_end: None -> '2000d-7'; usc_section_span_rule: None -> 'stated'	42 USC 2000d to 2000d-7
CHANGED	0412-AA45	200210	1	0	parse_status: 'partial' -> 'ok'; usc_section_end: None -> '2000d-7'; usc_section_span_rule: None -> 'stated'	42 USC 2000d to 2000d-7
CHANGED	0412-AA45	200304	1	0	parse_status: 'partial' -> 'ok'; usc_section_end: None -> '2000d-7'; usc_section_span_rule: None -> 'stated'	42 USC 2000d to 2000d-7
CHANGED	0412-AA45	200310	1	0	parse_status: 'partial' -> 'ok'; usc_section_end: None -> '2000d-7'; usc_section_span_rule: None -> 'stated'	42 USC 2000d to 2000d-7
CHANGED	0551-AA72	200904	0	3	usc_section_end: None -> '5664'; usc_section_span_rule: None -> 'stated'	7 USC 5623, 5662 to 5664 and sec 1302, PL 103-66, 107 Stat 330
CHANGED	0551-AA72	200910	0	3	usc_section_end: None -> '5664'; usc_section_span_rule: None -> 'stated'	7 USC 5623, 5662 to 5664 and sec 1302, PL 103-66, 107 Stat 330
CHANGED	0551-AA72	201004	0	1	usc_section_end: None -> '5664'; usc_section_span_rule: None -> 'stated'	7 USC 5623, 5662 to 5664 and sec 1302
CHANGED	0551-AA72	201010	0	1	usc_section_end: None -> '5664'; usc_section_span_rule: None -> 'stated'	7 USC 5623, 5662 to 5664 and sec 1302
CHANGED	0551-AA72	201104	0	1	usc_section_end: None -> '5664'; usc_section_span_rule: None -> 'stated'	7 USC 5623, 5662 to 5664 and sec 1302
CHANGED	0551-AA72	201110	0	1	usc_section_end: None -> '5664'; usc_section_span_rule: None -> 'stated'	7 USC 5623, 5662 to 5664 and sec 1302
CHANGED	0551-AA72	201210	0	1	usc_section_end: None -> '5664'; usc_section_span_rule: None -> 'stated'	7 USC 5623, 5662 to 5664 and sec 1302
CHANGED	0551-AB07	202410	0	2	usc_section_end: None -> '5664'; usc_section_span_rule: None -> 'stated'	7 U.S.C. 5602, 5622, 5661 to 5664, 5676
CHANGED	0551-AB07	202504	0	2	usc_section_end: None -> '5664'; usc_section_span_rule: None -> 'stated'	7 U.S.C. 5602, 5622, 5661 to 5664, 5676
CHANGED	0551-AB07	202510	0	2	usc_section_end: None -> '5664'; usc_section_span_rule: None -> 'stated'	7 U.S.C. 5602, 5622, 5661 to 5664, 5676
CHANGED	0560-AF09	199704	1	0	parse_status: 'partial' -> 'ok'; usc_section_end: '1736g' -> '1736g-2'	7 USC 1731 to 1736g-2
CHANGED	0560-AF09	199710	1	0	parse_status: 'partial' -> 'ok'; usc_section_end: '1736g' -> '1736g-2'	7 USC 1731 to 1736g-2
CHANGED	0560-AF09	199804	1	0	parse_status: 'partial' -> 'ok'; usc_section_end: '1736g' -> '1736g-2'	7 USC 1731 to 1736g-2
CHANGED	0560-AH70	200710	0	1	usc_section_end: None -> '1524'; usc_section_span_rule: None -> 'stated'	7 USC 1321 to 1359kk, 1501 to 1524, 1921 to 2009dd-7, 7201 to 7333
CHANGED	0560-AH70	200710	0	2	usc_section_end: None -> '2009dd-7'; usc_section_span_rule: None -> 'stated'	7 USC 1321 to 1359kk, 1501 to 1524, 1921 to 2009dd-7, 7201 to 7333
CHANGED	0560-AH70	200710	0	3	usc_section_end: None -> '7333'; usc_section_span_rule: None -> 'stated'	7 USC 1321 to 1359kk, 1501 to 1524, 1921 to 2009dd-7, 7201 to 7333
CHANGED	0560-AH70	200804	0	1	usc_section_end: None -> '1524'; usc_section_span_rule: None -> 'stated'	7 USC 1321 to 1359kk, 1501 to 1524, 1921 to 2009dd-7, 7201 to 7333
CHANGED	0560-AH70	200804	0	2	usc_section_end: None -> '2009dd-7'; usc_section_span_rule: None -> 'stated'	7 USC 1321 to 1359kk, 1501 to 1524, 1921 to 2009dd-7, 7201 to 7333
CHANGED	0560-AH70	200804	0	3	usc_section_end: None -> '7333'; usc_section_span_rule: None -> 'stated'	7 USC 1321 to 1359kk, 1501 to 1524, 1921 to 2009dd-7, 7201 to 7333
CHANGED	0560-AH70	200810	0	1	usc_section_end: None -> '1524'; usc_section_span_rule: None -> 'stated'	7 USC 1321 to 1359kk, 1501 to 1524, 1921 to 2009dd-7, 7201 to 7333
CHANGED	0560-AH70	200810	0	2	usc_section_end: None -> '2009dd-7'; usc_section_span_rule: None -> 'stated'	7 USC 1321 to 1359kk, 1501 to 1524, 1921 to 2009dd-7, 7201 to 7333
CHANGED	0560-AH70	200810	0	3	usc_section_end: None -> '7333'; usc_section_span_rule: None -> 'stated'	7 USC 1321 to 1359kk, 1501 to 1524, 1921 to 2009dd-7, 7201 to 7333
CHANGED	0560-AH70	200904	0	1	usc_section_end: None -> '1524'; usc_section_span_rule: None -> 'stated'	7 USC 1321 to 1359kk, 1501 to 1524, 1921 to 2009dd-7, 7201 to 7333
CHANGED	0560-AH70	200904	0	2	usc_section_end: None -> '2009dd-7'; usc_section_span_rule: None -> 'stated'	7 USC 1321 to 1359kk, 1501 to 1524, 1921 to 2009dd-7, 7201 to 7333
CHANGED	0560-AH70	200904	0	3	usc_section_end: None -> '7333'; usc_section_span_rule: None -> 'stated'	7 USC 1321 to 1359kk, 1501 to 1524, 1921 to 2009dd-7, 7201 to 7333
CHANGED	0560-AH75	200710	0	1	usc_section_end: None -> '7956'; usc_section_span_rule: None -> 'stated'	7 USC 7911 to 7918, 7951 to 7956
CHANGED	0560-AH75	200804	0	1	usc_section_end: None -> '7956'; usc_section_span_rule: None -> 'stated'	7 USC 7911 to 7918, 7951 to 7956
CHANGED	0560-AH75	200810	0	1	usc_section_end: None -> '7956'; usc_section_span_rule: None -> 'stated'	7 USC 7911 to 7918, 7951 to 7956
CHANGED	0560-AH75	200904	0	1	usc_section_end: None -> '7956'; usc_section_span_rule: None -> 'stated'	7 USC 7911 to 7918, 7951 to 7956
CHANGED	0578-AA65	201810	0	1	usc_section_end: None -> '3812'; usc_section_span_rule: None -> 'stated'	16 U.S.C. 3801, 3811 to 3812 and 3812A
CHANGED	0578-AA65	201904	0	1	usc_section_end: None -> '3812'; usc_section_span_rule: None -> 'stated'	16 U.S.C. 3801, 3811 to 3812 and 3812A
CHANGED	0578-AA65	201910	0	1	usc_section_end: None -> '3812'; usc_section_span_rule: None -> 'stated'	16 U.S.C. 3801, 3811 to 3812 and 3812A
CHANGED	0578-AA65	202004	0	1	usc_section_end: None -> '3812'; usc_section_span_rule: None -> 'stated'	16 U.S.C. 3801, 3811 to 3812 and 3812A
CHANGED	0578-AA65	202010	0	1	usc_section_end: None -> '3812'; usc_section_span_rule: None -> 'stated'	16 U.S.C. 3801, 3811 to 3812 and 3812A
CHANGED	0578-AA73	202404	0	6	usc_section_end: None -> '3824'; usc_section_span_rule: None -> 'stated'	16 U.S.C. 3801, 3811 and 12, 3812a, 3813 and 3814, and 3821 to 3824
CHANGED	0578-AA73	202410	0	6	usc_section_end: None -> '3824'; usc_section_span_rule: None -> 'stated'	16 U.S.C. 3801, 3811 and 12, 3812a, 3813 and 3814, and 3821 to 3824
CHANGED	0578-AA73	202504	0	6	usc_section_end: None -> '3824'; usc_section_span_rule: None -> 'stated'	16 U.S.C. 3801, 3811 and 12, 3812a, 3813 and 3814, and 3821 to 3824
CHANGED	0578-AA73	202510	0	6	usc_section_end: None -> '3824'; usc_section_span_rule: None -> 'stated'	16 U.S.C. 3801, 3811 and 12, 3812a, 3813 and 3814, and 3821 to 3824
CHANGED	0579-AB10	200110	0	0	parse_status: 'partial' -> 'ok'; usc_section_end: '114a' -> '114a-1'	21 USC 111 to 114a-1
CHANGED	0579-AB10	200204	0	0	parse_status: 'partial' -> 'ok'; usc_section_end: '114a' -> '114a-1'	21 USC 111 to 114a-1
CHANGED	0579-AB13	200010	0	3	usc_section_end: None -> '117'; usc_section_span_rule: None -> 'stated'	21 USC 111 to 113, 114a, 114a-1, 115 to 117, 120 to 126, 134b, and 134f
CHANGED	0579-AB13	200010	0	4	usc_section_end: None -> '126'; usc_section_span_rule: None -> 'stated'	21 USC 111 to 113, 114a, 114a-1, 115 to 117, 120 to 126, 134b, and 134f
CHANGED	0579-AB13	200110	1	0	parse_status: 'partial' -> 'ok'; usc_section_end: None -> '114a-1'; usc_section_span_rule: None -> 'stated'	21 USC 114a to 114a-1
CHANGED	0579-AB13	200204	1	0	parse_status: 'partial' -> 'ok'; usc_section_end: None -> '114a-1'; usc_section_span_rule: None -> 'stated'	21 USC 114a to 114a-1
CHANGED	0579-AB28	200110	1	0	parse_status: 'partial' -> 'ok'; usc_section_end: None -> '114a-1'; usc_section_span_rule: None -> 'stated'	21 USC 114a to 114a-1
CHANGED	0579-AB28	200204	1	0	parse_status: 'partial' -> 'ok'; usc_section_end: None -> '114a-1'; usc_section_span_rule: None -> 'stated'	21 USC 114a to 114a-1
CHANGED	0579-AB29	200110	0	0	parse_status: 'partial' -> 'ok'; usc_section_end: '114a' -> '114a-1'	21 USC 111 to 114a-1
CHANGED	0579-AB29	200204	0	0	parse_status: 'partial' -> 'ok'; usc_section_end: '114a' -> '114a-1'	21 USC 111 to 114a-1
CHANGED	0579-AB35	200110	0	0	parse_status: 'partial' -> 'ok'; usc_section_end: '114a' -> '114a-1'	21 USC 111 to 114a-1
CHANGED	0579-AB35	200204	0	0	parse_status: 'partial' -> 'ok'; usc_section_end: '114a' -> '114a-1'	21 USC 111 to 114a-1
CHANGED	0579-AB36	200204	0	0	parse_status: 'partial' -> 'ok'; usc_section_end: '114a' -> '114a-1'	21 USC 111 to 114a-1
CHANGED	0579-AB42	200204	1	0	parse_status: 'partial' -> 'ok'; usc_section_end: '114a' -> '114a-1'	21 USC 114 to 114a-1
CHANGED	0579-AE88	202504	0	1	usc_section_end: None -> '8317'; usc_section_span_rule: None -> 'stated'	7 U.S.C. 1622 and 8301 to 8317
CHANGED	0579-AE88	202510	0	1	usc_section_end: None -> '8317'; usc_section_span_rule: None -> 'stated'	7 U.S.C. 1622 and 8301 to 8317
CHANGED	0583-AC44	199804	0	1	usc_section_end: None -> '1906'; usc_section_span_rule: None -> 'stated'	7 USC 450, 1901 to 1906
CHANGED	0583-AC96	200310	1	1	usc_section_end: None -> '1906'; usc_section_span_rule: None -> 'stated'	7 USC 450, 1901 to 1906
CHANGED	0651-AD00	201510	0	3	usc_section_end: None -> '326'; usc_section_span_rule: None -> 'stated'	35 U.S.C. 135, 311, 312 316, 321 to 326
CHANGED	0690-AA30	200010	1	0	parse_status: 'partial' -> 'ok'; usc_section_end: None -> '2000d-7'; usc_section_span_rule: None -> 'stated'	42 USC 2000d to 2000d-7
CHANGED	0690-AA30	200104	1	0	parse_status: 'partial' -> 'ok'; usc_section_end: None -> '2000d-7'; usc_section_span_rule: None -> 'stated'	42 USC 2000d to 2000d-7
CHANGED	0690-AA30	200110	1	0	parse_status: 'partial' -> 'ok'; usc_section_end: None -> '2000d-7'; usc_section_span_rule: None -> 'stated'	42 USC 2000d to 2000d-7
CHANGED	0690-AA30	200204	1	0	parse_status: 'partial' -> 'ok'; usc_section_end: None -> '2000d-7'; usc_section_span_rule: None -> 'stated'	42 USC 2000d to 2000d-7
CHANGED	0690-AA30	200210	1	0	parse_status: 'partial' -> 'ok'; usc_section_end: None -> '2000d-7'; usc_section_span_rule: None -> 'stated'	42 USC 2000d to 2000d-7
CHANGED	0690-AA30	200304	1	0	parse_status: 'partial' -> 'ok'; usc_section_end: None -> '2000d-7'; usc_section_span_rule: None -> 'stated'	42 USC 2000d to 2000d-7
CHANGED	0690-AA30	200310	1	0	parse_status: 'partial' -> 'ok'; usc_section_end: None -> '2000d-7'; usc_section_span_rule: None -> 'stated'	42 USC 2000d to 2000d-7
CHANGED	0702-AA45	200504	0	3	usc_section_end: None -> '5108'; usc_section_span_rule: None -> 'stated'	5 USC 551, 552, 552a, 5101 to 5108, 5110 to 5113, 5115, 5332 to 5334, 5341 to 5342, 5504 to 5509, 7154
CHANGED	0702-AA45	200504	0	4	usc_section_end: None -> '5113'; usc_section_span_rule: None -> 'stated'	5 USC 551, 552, 552a, 5101 to 5108, 5110 to 5113, 5115, 5332 to 5334, 5341 to 5342, 5504 to 5509, 7154
CHANGED	0702-AA45	200504	0	6	usc_section_end: None -> '5334'; usc_section_span_rule: None -> 'stated'	5 USC 551, 552, 552a, 5101 to 5108, 5110 to 5113, 5115, 5332 to 5334, 5341 to 5342, 5504 to 5509, 7154
CHANGED	0702-AA45	200504	0	7	usc_section_end: None -> '5342'; usc_section_span_rule: None -> 'stated'	5 USC 551, 552, 552a, 5101 to 5108, 5110 to 5113, 5115, 5332 to 5334, 5341 to 5342, 5504 to 5509, 7154
CHANGED	0702-AA45	200504	0	8	usc_section_end: None -> '5509'; usc_section_span_rule: None -> 'stated'	5 USC 551, 552, 552a, 5101 to 5108, 5110 to 5113, 5115, 5332 to 5334, 5341 to 5342, 5504 to 5509, 7154
CHANGED	0702-AA45	200504	1	2	usc_section_end: None -> '2321'; usc_section_span_rule: None -> 'stated'	10 USC 130, 1102, 2320 to 2321, 2328
CHANGED	0702-AA45	200510	0	3	usc_section_end: None -> '5108'; usc_section_span_rule: None -> 'stated'	5 USC 551, 552, 552a, 5101 to 5108, 5110 to 5113, 5115, 5332 to 5334, 5341 to 5342, 5504 to 5509, 7154
CHANGED	0702-AA45	200510	0	4	usc_section_end: None -> '5113'; usc_section_span_rule: None -> 'stated'	5 USC 551, 552, 552a, 5101 to 5108, 5110 to 5113, 5115, 5332 to 5334, 5341 to 5342, 5504 to 5509, 7154
CHANGED	0702-AA45	200510	0	6	usc_section_end: None -> '5334'; usc_section_span_rule: None -> 'stated'	5 USC 551, 552, 552a, 5101 to 5108, 5110 to 5113, 5115, 5332 to 5334, 5341 to 5342, 5504 to 5509, 7154
CHANGED	0702-AA45	200510	0	7	usc_section_end: None -> '5342'; usc_section_span_rule: None -> 'stated'	5 USC 551, 552, 552a, 5101 to 5108, 5110 to 5113, 5115, 5332 to 5334, 5341 to 5342, 5504 to 5509, 7154
CHANGED	0702-AA45	200510	0	8	usc_section_end: None -> '5509'; usc_section_span_rule: None -> 'stated'	5 USC 551, 552, 552a, 5101 to 5108, 5110 to 5113, 5115, 5332 to 5334, 5341 to 5342, 5504 to 5509, 7154
CHANGED	0702-AA45	200510	1	2	usc_section_end: None -> '2321'; usc_section_span_rule: None -> 'stated'	10 USC 130, 1102, 2320 to 2321, 2328
CHANGED	0702-AA45	200604	0	3	usc_section_end: None -> '5108'; usc_section_span_rule: None -> 'stated'	5 USC 551, 552, 552a, 5101 to 5108, 5110 to 5113, 5115, 5332 to 5334, 5341 to 5342, 5504 to 5509, 7154
CHANGED	0702-AA45	200604	0	4	usc_section_end: None -> '5113'; usc_section_span_rule: None -> 'stated'	5 USC 551, 552, 552a, 5101 to 5108, 5110 to 5113, 5115, 5332 to 5334, 5341 to 5342, 5504 to 5509, 7154
CHANGED	0702-AA45	200604	0	6	usc_section_end: None -> '5334'; usc_section_span_rule: None -> 'stated'	5 USC 551, 552, 552a, 5101 to 5108, 5110 to 5113, 5115, 5332 to 5334, 5341 to 5342, 5504 to 5509, 7154
CHANGED	0702-AA45	200604	0	7	usc_section_end: None -> '5342'; usc_section_span_rule: None -> 'stated'	5 USC 551, 552, 552a, 5101 to 5108, 5110 to 5113, 5115, 5332 to 5334, 5341 to 5342, 5504 to 5509, 7154
CHANGED	0702-AA45	200604	0	8	usc_section_end: None -> '5509'; usc_section_span_rule: None -> 'stated'	5 USC 551, 552, 552a, 5101 to 5108, 5110 to 5113, 5115, 5332 to 5334, 5341 to 5342, 5504 to 5509, 7154
CHANGED	0702-AA45	200604	1	2	usc_section_end: None -> '2321'; usc_section_span_rule: None -> 'stated'	10 USC 130, 1102, 2320 to 2321, 2328
CHANGED	0702-AA54	200610	3	1	usc_section_end: None -> '2402'; usc_section_span_rule: None -> 'stated'	28 USC 1291, 2401 to 2402, 2411 to 2412, 2671 to 2680
CHANGED	0702-AA54	200610	3	2	usc_section_end: None -> '2412'; usc_section_span_rule: None -> 'stated'	28 USC 1291, 2401 to 2402, 2411 to 2412, 2671 to 2680
CHANGED	0702-AA54	200610	3	3	usc_section_end: None -> '2680'; usc_section_span_rule: None -> 'stated'	28 USC 1291, 2401 to 2402, 2411 to 2412, 2671 to 2680
CHANGED	0702-AA54	200704	3	1	usc_section_end: None -> '2402'; usc_section_span_rule: None -> 'stated'	28 USC 1291, 2401 to 2402, 2411 to 2412, 2671 to 2680
CHANGED	0702-AA54	200704	3	2	usc_section_end: None -> '2412'; usc_section_span_rule: None -> 'stated'	28 USC 1291, 2401 to 2402, 2411 to 2412, 2671 to 2680
CHANGED	0702-AA54	200704	3	3	usc_section_end: None -> '2680'; usc_section_span_rule: None -> 'stated'	28 USC 1291, 2401 to 2402, 2411 to 2412, 2671 to 2680
CHANGED	0702-AB09	202010	2	1	usc_section_end: None -> '4355'; usc_section_span_rule: None -> 'stated'	10 U.S.C. 3012, 4331 to 4355
CHANGED	0702-AB09	202104	2	1	usc_section_end: None -> '4355'; usc_section_span_rule: None -> 'stated'	10 U.S.C. 3012, 4331 to 4355
CHANGED	0702-AB09	202110	2	1	usc_section_end: None -> '4355'; usc_section_span_rule: None -> 'stated'	10 U.S.C. 3012, 4331 to 4355
CHANGED	0790-AG83	200010	1	0	parse_status: 'partial' -> 'ok'; usc_section_end: None -> '2000d-7'; usc_section_span_rule: None -> 'stated'	42 USC 2000d to 2000d-7
CHANGED	0790-AG83	200104	1	0	parse_status: 'partial' -> 'ok'; usc_section_end: None -> '2000d-7'; usc_section_span_rule: None -> 'stated'	42 USC 2000d to 2000d-7
CHANGED	0790-AG83	200110	1	0	parse_status: 'partial' -> 'ok'; usc_section_end: None -> '2000d-7'; usc_section_span_rule: None -> 'stated'	42 USC 2000d to 2000d-7
CHANGED	0790-AG83	200204	1	0	parse_status: 'partial' -> 'ok'; usc_section_end: None -> '2000d-7'; usc_section_span_rule: None -> 'stated'	42 USC 2000d to 2000d-7
CHANGED	0790-AG83	200210	1	0	parse_status: 'partial' -> 'ok'; usc_section_end: None -> '2000d-7'; usc_section_span_rule: None -> 'stated'	42 USC 2000d to 2000d-7
CHANGED	0790-AG83	200304	1	0	parse_status: 'partial' -> 'ok'; usc_section_end: None -> '2000d-7'; usc_section_span_rule: None -> 'stated'	42 USC 2000d to 2000d-7
CHANGED	0790-AG83	200310	1	0	parse_status: 'partial' -> 'ok'; usc_section_end: None -> '2000d-7'; usc_section_span_rule: None -> 'stated'	42 USC 2000d to 2000d-7
CHANGED	0790-AI54	201304	6	1	usc_section_end: None -> '462'; usc_section_span_rule: None -> 'stated'	22 USC 408, 461 to 462
CHANGED	0790-AI54	201304	9	2	usc_section_end: None -> '5207'; usc_section_span_rule: None -> 'stated'	42 USC 97, 1989, and 5121 to 5207
CHANGED	0790-AI81	201210	0	1	usc_section_end: None -> '1800'; usc_section_span_rule: None -> 'stated'	10 USC 1783, 1791 through 1800, 2809, and 2812
CHANGED	0790-AI81	201410	10	0	authority_in_own_cfr_note: 'absent' -> 'present'	10 USC 1800
CHANGED	0790-AI81	201410	2	0	authority_in_own_cfr_note: 'near-miss' -> 'present'	10 USC 1792
CHANGED	0790-AI81	201410	3	0	authority_in_own_cfr_note: 'near-miss' -> 'present'	10 USC 1793
CHANGED	0790-AI81	201410	4	0	authority_in_own_cfr_note: 'near-miss' -> 'present'	10 USC 1794
CHANGED	0790-AI81	201410	5	0	authority_in_own_cfr_note: 'near-miss' -> 'present'	10 USC 1795
CHANGED	0790-AI81	201410	6	0	authority_in_own_cfr_note: 'near-miss' -> 'present'	10 USC 1796
CHANGED	0790-AI81	201410	7	0	authority_in_own_cfr_note: 'near-miss' -> 'present'	10 USC 1797
CHANGED	0790-AI81	201410	8	0	authority_in_own_cfr_note: 'near-miss' -> 'present'	10 USC 1798
CHANGED	0790-AI81	201410	9	0	authority_in_own_cfr_note: 'near-miss' -> 'present'	10 USC 1799
CHANGED	0790-AI81	201504	10	0	authority_in_own_cfr_note: 'absent' -> 'present'	10 U.S.C. 1800
CHANGED	0790-AI81	201504	2	0	authority_in_own_cfr_note: 'near-miss' -> 'present'	10 U.S.C. 1792
CHANGED	0790-AI81	201504	3	0	authority_in_own_cfr_note: 'near-miss' -> 'present'	10 U.S.C. 1793
CHANGED	0790-AI81	201504	4	0	authority_in_own_cfr_note: 'near-miss' -> 'present'	10 U.S.C. 1794
CHANGED	0790-AI81	201504	5	0	authority_in_own_cfr_note: 'near-miss' -> 'present'	10 U.S.C. 1795
CHANGED	0790-AI81	201504	6	0	authority_in_own_cfr_note: 'near-miss' -> 'present'	10 U.S.C. 1796
CHANGED	0790-AI81	201504	7	0	authority_in_own_cfr_note: 'near-miss' -> 'present'	10 U.S.C. 1797
CHANGED	0790-AI81	201504	8	0	authority_in_own_cfr_note: 'near-miss' -> 'present'	10 U.S.C. 1798
CHANGED	0790-AI81	201504	9	0	authority_in_own_cfr_note: 'near-miss' -> 'present'	10 U.S.C. 1799
CHANGED	0790-AI81	201510	10	0	authority_in_own_cfr_note: 'absent' -> 'present'	10 U.S.C. 1800
CHANGED	0790-AI81	201510	2	0	authority_in_own_cfr_note: 'near-miss' -> 'present'	10 U.S.C. 1792
CHANGED	0790-AI81	201510	3	0	authority_in_own_cfr_note: 'near-miss' -> 'present'	10 U.S.C. 1793
CHANGED	0790-AI81	201510	4	0	authority_in_own_cfr_note: 'near-miss' -> 'present'	10 U.S.C. 1794
CHANGED	0790-AI81	201510	5	0	authority_in_own_cfr_note: 'near-miss' -> 'present'	10 U.S.C. 1795
CHANGED	0790-AI81	201510	6	0	authority_in_own_cfr_note: 'near-miss' -> 'present'	10 U.S.C. 1796
CHANGED	0790-AI81	201510	7	0	authority_in_own_cfr_note: 'near-miss' -> 'present'	10 U.S.C. 1797
CHANGED	0790-AI81	201510	8	0	authority_in_own_cfr_note: 'near-miss' -> 'present'	10 U.S.C. 1798
CHANGED	0790-AI81	201510	9	0	authority_in_own_cfr_note: 'near-miss' -> 'present'	10 U.S.C. 1799
CHANGED	0790-AI81	201604	10	0	authority_in_own_cfr_note: 'absent' -> 'present'	10 U.S.C. 1800
CHANGED	0790-AI81	201604	2	0	authority_in_own_cfr_note: 'near-miss' -> 'present'	10 U.S.C. 1792
CHANGED	0790-AI81	201604	3	0	authority_in_own_cfr_note: 'near-miss' -> 'present'	10 U.S.C. 1793
CHANGED	0790-AI81	201604	4	0	authority_in_own_cfr_note: 'near-miss' -> 'present'	10 U.S.C. 1794
CHANGED	0790-AI81	201604	5	0	authority_in_own_cfr_note: 'near-miss' -> 'present'	10 U.S.C. 1795
CHANGED	0790-AI81	201604	6	0	authority_in_own_cfr_note: 'near-miss' -> 'present'	10 U.S.C. 1796
CHANGED	0790-AI81	201604	7	0	authority_in_own_cfr_note: 'near-miss' -> 'present'	10 U.S.C. 1797
CHANGED	0790-AI81	201604	8	0	authority_in_own_cfr_note: 'near-miss' -> 'present'	10 U.S.C. 1798
CHANGED	0790-AI81	201604	9	0	authority_in_own_cfr_note: 'near-miss' -> 'present'	10 U.S.C. 1799
CHANGED	0790-AI81	201610	10	0	authority_in_own_cfr_note: 'absent' -> 'present'	10 U.S.C. 1800
CHANGED	0790-AI81	201610	2	0	authority_in_own_cfr_note: 'near-miss' -> 'present'	10 U.S.C. 1792
CHANGED	0790-AI81	201610	3	0	authority_in_own_cfr_note: 'near-miss' -> 'present'	10 U.S.C. 1793
CHANGED	0790-AI81	201610	4	0	authority_in_own_cfr_note: 'near-miss' -> 'present'	10 U.S.C. 1794
CHANGED	0790-AI81	201610	5	0	authority_in_own_cfr_note: 'near-miss' -> 'present'	10 U.S.C. 1795
CHANGED	0790-AI81	201610	6	0	authority_in_own_cfr_note: 'near-miss' -> 'present'	10 U.S.C. 1796
CHANGED	0790-AI81	201610	7	0	authority_in_own_cfr_note: 'near-miss' -> 'present'	10 U.S.C. 1797
CHANGED	0790-AI81	201610	8	0	authority_in_own_cfr_note: 'near-miss' -> 'present'	10 U.S.C. 1798
CHANGED	0790-AI81	201610	9	0	authority_in_own_cfr_note: 'near-miss' -> 'present'	10 U.S.C. 1799
CHANGED	0790-AI81	201704	10	0	authority_in_own_cfr_note: 'absent' -> 'present'	10 U.S.C. 1800
CHANGED	0790-AI81	201704	2	0	authority_in_own_cfr_note: 'near-miss' -> 'present'	10 U.S.C. 1792
CHANGED	0790-AI81	201704	3	0	authority_in_own_cfr_note: 'near-miss' -> 'present'	10 U.S.C. 1793
CHANGED	0790-AI81	201704	4	0	authority_in_own_cfr_note: 'near-miss' -> 'present'	10 U.S.C. 1794
CHANGED	0790-AI81	201704	5	0	authority_in_own_cfr_note: 'near-miss' -> 'present'	10 U.S.C. 1795
CHANGED	0790-AI81	201704	6	0	authority_in_own_cfr_note: 'near-miss' -> 'present'	10 U.S.C. 1796
CHANGED	0790-AI81	201704	7	0	authority_in_own_cfr_note: 'near-miss' -> 'present'	10 U.S.C. 1797
CHANGED	0790-AI81	201704	8	0	authority_in_own_cfr_note: 'near-miss' -> 'present'	10 U.S.C. 1798
CHANGED	0790-AI81	201704	9	0	authority_in_own_cfr_note: 'near-miss' -> 'present'	10 U.S.C. 1799
CHANGED	0790-AJ04	201404	2	0	parse_status: 'partial' -> 'ok'; usc_section_end: None -> '2000d-7'; usc_section_span_rule: None -> 'stated'	42 USC 2000d to 2000d-7
CHANGED	0790-AJ09	201604	4	0	parse_status: 'partial' -> 'ok'; usc_section_end: None -> '2000e-17'; usc_section_span_rule: None -> 'stated'	42 U.S.C. 2000e to 2000e-17
CHANGED	0790-AJ09	201610	4	0	parse_status: 'partial' -> 'ok'; usc_section_end: None -> '2000e-17'; usc_section_span_rule: None -> 'stated'	42 U.S.C. 2000e to 2000e-17
CHANGED	0790-AJ09	201704	4	0	parse_status: 'partial' -> 'ok'; usc_section_end: None -> '2000e-17'; usc_section_span_rule: None -> 'stated'	42 U.S.C. 2000e to 2000e-17
CHANGED	0790-AJ37	201904	2	0	parse_status: 'partial' -> 'ok'; usc_section_end: None -> '1074c'; usc_section_span_rule: None -> 'stated'	10 U.S.C. 1074(a) to 1074c
CHANGED	0790-AJ37	201910	2	0	parse_status: 'partial' -> 'ok'; usc_section_end: None -> '1074c'; usc_section_span_rule: None -> 'stated'	10 U.S.C. 1074(a) to 1074c
CHANGED	0790-AJ37	202004	2	0	parse_status: 'partial' -> 'ok'; usc_section_end: None -> '1074c'; usc_section_span_rule: None -> 'stated'	10 U.S.C. 1074(a) to 1074c
CHANGED	0790-AJ37	202010	4	0	parse_status: 'partial' -> 'ok'; usc_section_end: None -> '1074c'; usc_section_span_rule: None -> 'stated'	10 U.S.C. 1074(a) to 1074c
CHANGED	0790-AJ37	202104	4	0	parse_status: 'partial' -> 'ok'; usc_section_end: None -> '1074c'; usc_section_span_rule: None -> 'stated'	10 U.S.C. 1074(a) to 1074c
CHANGED	0790-AJ37	202110	4	0	parse_status: 'partial' -> 'ok'; usc_section_end: None -> '1074c'; usc_section_span_rule: None -> 'stated'	10 U.S.C. 1074(a) to 1074c
CHANGED	0790-AJ37	202204	4	0	parse_status: 'partial' -> 'ok'; usc_section_end: None -> '1074c'; usc_section_span_rule: None -> 'stated'	10 U.S.C. 1074(a) to 1074c
CHANGED	0790-AJ37	202210	4	0	parse_status: 'partial' -> 'ok'; usc_section_end: None -> '1074c'; usc_section_span_rule: None -> 'stated'	10 U.S.C. 1074(a) to 1074c
CHANGED	0790-AJ37	202304	4	0	parse_status: 'partial' -> 'ok'; usc_section_end: None -> '1074c'; usc_section_span_rule: None -> 'stated'	10 U.S.C. 1074(a) to 1074c
CHANGED	0790-AJ37	202310	4	0	parse_status: 'partial' -> 'ok'; usc_section_end: None -> '1074c'; usc_section_span_rule: None -> 'stated'	10 U.S.C. 1074(a) to 1074c
CHANGED	0790-AJ37	202404	4	0	parse_status: 'partial' -> 'ok'; usc_section_end: None -> '1074c'; usc_section_span_rule: None -> 'stated'	10 U.S.C. 1074(a) to 1074c
CHANGED	0790-AK04	201710	11	2	usc_section_end: None -> '5207'; usc_section_span_rule: None -> 'stated'	42 U.S.C. 97, 1989, and 5121 to 5207
CHANGED	0790-AK04	201710	8	1	usc_section_end: None -> '462'; usc_section_span_rule: None -> 'stated'	22 U.S.C. 408 and 461 to 462
CHANGED	0906-AA36	199510	1	0	authority_in_own_cfr_note: 'near-miss' -> 'present'	42 USC 300aa-14
CHANGED	0906-AA36	199604	1	0	authority_in_own_cfr_note: 'near-miss' -> 'present'	42 USC 300aa-14
CHANGED	0906-AA36	199610	1	0	authority_in_own_cfr_note: 'near-miss' -> 'present'	42 USC 300aa-14
CHANGED	0906-AA36	199704	1	0	authority_in_own_cfr_note: 'near-miss' -> 'present'	42 USC 300aa-14
CHANGED	0906-AA49	199810	0	0	authority_in_own_cfr_note: 'near-miss' -> 'present'	42 USC 300aa-15(a)(3)(B)
CHANGED	0906-AA55	200104	1	0	authority_in_own_cfr_note: 'near-miss' -> 'present'	42 USC 300aa-14
CHANGED	0906-AA55	200110	1	0	authority_in_own_cfr_note: 'near-miss' -> 'present'	42 USC 300aa-14
CHANGED	0906-AA55	200204	1	0	authority_in_own_cfr_note: 'near-miss' -> 'present'	42 USC 300aa-14
CHANGED	0906-AA55	200210	1	0	authority_in_own_cfr_note: 'near-miss' -> 'present'	42 USC 300aa-14
CHANGED	0906-AA66	200404	0	0	authority_in_own_cfr_note: 'near-miss' -> 'present'	42 USC 300aa-14, sec 2114
CHANGED	0906-AA66	200410	0	0	authority_in_own_cfr_note: 'near-miss' -> 'present'	42 USC 300aa-14, sec 2114
CHANGED	0906-AA66	200504	0	0	authority_in_own_cfr_note: 'near-miss' -> 'present'	42 USC 300aa-14, sec 2114
CHANGED	0906-AA75	200804	0	0	authority_in_own_cfr_note: 'near-miss' -> 'present'	sec 2114(e)(2) of the Public Health Service Act, 42 USC 300aa-14(e)(2)
CHANGED	0906-AA75	200810	0	0	authority_in_own_cfr_note: 'near-miss' -> 'present'	sec 2114(e)(2) of the Public Health Service Act, 42 USC 300aa-14(e)(2)
ADDED	0910-AB76	200604	12	1	(no row) -> rin='0910-AB76'; publication_id='200604'; ordinal=12; authority_text='42 USC 263 to 42 USC 263a'; authority_type='usc'; parse_status='partial'; usc_title=42; usc_section='263a'; usc_title_is_possible=True; usc_section_verdict='exists'; usc_section_attested_at_edition=True; usc_section_magnitude_is_plausible=True; authority_in_own_cfr_note='present'; cfr_note_part='21 CFR 606'; authority_source='box'	42 USC 263 to 42 USC 263a
ADDED	0910-AB76	200610	12	1	(no row) -> rin='0910-AB76'; publication_id='200610'; ordinal=12; authority_text='42 USC 263 to 42 USC 263a'; authority_type='usc'; parse_status='partial'; usc_title=42; usc_section='263a'; usc_title_is_possible=True; usc_section_verdict='exists'; usc_section_attested_at_edition=True; usc_section_magnitude_is_plausible=True; authority_in_own_cfr_note='present'; cfr_note_part='21 CFR 606'; authority_source='box'	42 USC 263 to 42 USC 263a
ADDED	0910-AC17	200604	1	1	(no row) -> rin='0910-AC17'; publication_id='200604'; ordinal=1; authority_text='21 USC 346 to 21 USC 346a'; authority_type='usc'; parse_status='partial'; usc_title=21; usc_section='346a'; usc_title_is_possible=True; usc_section_verdict='exists'; usc_section_attested_at_edition=True; usc_section_magnitude_is_plausible=True; authority_in_own_cfr_note='present'; cfr_note_part='21 CFR 56'; authority_source='box'	21 USC 346 to 21 USC 346a
ADDED	0910-AC17	200610	1	1	(no row) -> rin='0910-AC17'; publication_id='200610'; ordinal=1; authority_text='21 USC 346 to 21 USC 346a'; authority_type='usc'; parse_status='partial'; usc_title=21; usc_section='346a'; usc_title_is_possible=True; usc_section_verdict='exists'; usc_section_attested_at_edition=True; usc_section_magnitude_is_plausible=True; authority_in_own_cfr_note='present'; cfr_note_part='21 CFR 56'; authority_source='box'	21 USC 346 to 21 USC 346a
ADDED	0910-AC53	200604	1	1	(no row) -> rin='0910-AC53'; publication_id='200604'; ordinal=1; authority_text='21 USC 351 to 21 USC 353'; authority_type='usc'; parse_status='partial'; usc_title=21; usc_section='353'; usc_title_is_possible=True; usc_section_verdict='exists'; usc_section_attested_at_edition=True; usc_section_magnitude_is_plausible=True; authority_in_own_cfr_note='present'; cfr_note_part='21 CFR 201'; authority_source='box'	21 USC 351 to 21 USC 353
ADDED	0910-AC53	200610	1	1	(no row) -> rin='0910-AC53'; publication_id='200610'; ordinal=1; authority_text='21 USC 351 to 21 USC 353'; authority_type='usc'; parse_status='partial'; usc_title=21; usc_section='353'; usc_title_is_possible=True; usc_section_verdict='exists'; usc_section_attested_at_edition=True; usc_section_magnitude_is_plausible=True; authority_in_own_cfr_note='present'; cfr_note_part='21 CFR 201'; authority_source='box'	21 USC 351 to 21 USC 353
ADDED	0910-AC53	200704	1	1	(no row) -> rin='0910-AC53'; publication_id='200704'; ordinal=1; authority_text='21 USC 351 to 21 USC 353'; authority_type='usc'; parse_status='partial'; usc_title=21; usc_section='353'; usc_title_is_possible=True; usc_section_verdict='exists'; usc_section_attested_at_edition=True; usc_section_magnitude_is_plausible=True; authority_in_own_cfr_note='present'; cfr_note_part='21 CFR 201'; authority_source='box'	21 USC 351 to 21 USC 353
ADDED	0910-AC53	200710	1	1	(no row) -> rin='0910-AC53'; publication_id='200710'; ordinal=1; authority_text='21 USC 351 to 21 USC 353'; authority_type='usc'; parse_status='partial'; usc_title=21; usc_section='353'; usc_title_is_possible=True; usc_section_verdict='exists'; usc_section_attested_at_edition=True; usc_section_magnitude_is_plausible=True; authority_in_own_cfr_note='present'; cfr_note_part='21 CFR 201'; authority_source='box'	21 USC 351 to 21 USC 353
ADDED	0910-AC53	200804	1	1	(no row) -> rin='0910-AC53'; publication_id='200804'; ordinal=1; authority_text='21 USC 351 to 21 USC 353'; authority_type='usc'; parse_status='partial'; usc_title=21; usc_section='353'; usc_title_is_possible=True; usc_section_verdict='exists'; usc_section_attested_at_edition=True; usc_section_magnitude_is_plausible=True; authority_in_own_cfr_note='present'; cfr_note_part='21 CFR 201'; authority_source='box'	21 USC 351 to 21 USC 353
ADDED	0910-AC53	200810	1	1	(no row) -> rin='0910-AC53'; publication_id='200810'; ordinal=1; authority_text='21 USC 351 to 21 USC 353'; authority_type='usc'; parse_status='partial'; usc_title=21; usc_section='353'; usc_title_is_possible=True; usc_section_verdict='exists'; usc_section_attested_at_edition=True; usc_section_magnitude_is_plausible=True; authority_in_own_cfr_note='present'; cfr_note_part='21 CFR 201'; authority_source='box'	21 USC 351 to 21 USC 353
ADDED	0910-AC53	200904	1	1	(no row) -> rin='0910-AC53'; publication_id='200904'; ordinal=1; authority_text='21 USC 351 to 21 USC 353'; authority_type='usc'; parse_status='partial'; usc_title=21; usc_section='353'; usc_title_is_possible=True; usc_section_verdict='exists'; usc_section_attested_at_edition=True; usc_section_magnitude_is_plausible=True; authority_in_own_cfr_note='present'; cfr_note_part='21 CFR 201'; authority_source='box'	21 USC 351 to 21 USC 353
ADDED	0910-AC53	200910	1	1	(no row) -> rin='0910-AC53'; publication_id='200910'; ordinal=1; authority_text='21 USC 351 to 21 USC 353'; authority_type='usc'; parse_status='partial'; usc_title=21; usc_section='353'; usc_title_is_possible=True; usc_section_verdict='exists'; usc_section_attested_at_edition=True; usc_section_magnitude_is_plausible=True; authority_in_own_cfr_note='present'; cfr_note_part='21 CFR 201'; authority_source='box'	21 USC 351 to 21 USC 353
ADDED	0910-AC53	201004	1	1	(no row) -> rin='0910-AC53'; publication_id='201004'; ordinal=1; authority_text='21 USC 351 to 21 USC 353'; authority_type='usc'; parse_status='partial'; usc_title=21; usc_section='353'; usc_title_is_possible=True; usc_section_verdict='exists'; usc_section_attested_at_edition=True; usc_section_magnitude_is_plausible=True; authority_in_own_cfr_note='present'; cfr_note_part='21 CFR 201'; authority_source='box'	21 USC 351 to 21 USC 353
ADDED	0910-AC53	201010	1	1	(no row) -> rin='0910-AC53'; publication_id='201010'; ordinal=1; authority_text='21 USC 351 to 21 USC 353'; authority_type='usc'; parse_status='partial'; usc_title=21; usc_section='353'; usc_title_is_possible=True; usc_section_verdict='exists'; usc_section_attested_at_edition=True; usc_section_magnitude_is_plausible=True; authority_in_own_cfr_note='present'; cfr_note_part='21 CFR 201'; authority_source='box'	21 USC 351 to 21 USC 353
ADDED	0910-AC53	201104	1	1	(no row) -> rin='0910-AC53'; publication_id='201104'; ordinal=1; authority_text='21 USC 351 to 21 USC 353'; authority_type='usc'; parse_status='partial'; usc_title=21; usc_section='353'; usc_title_is_possible=True; usc_section_verdict='exists'; usc_section_attested_at_edition=True; usc_section_magnitude_is_plausible=True; authority_in_own_cfr_note='present'; cfr_note_part='21 CFR 201'; authority_source='box'	21 USC 351 to 21 USC 353
ADDED	0910-AC53	201604	1	1	(no row) -> rin='0910-AC53'; publication_id='201604'; ordinal=1; authority_text='21 U.S.C. 351 to 21 U.S.C. 353'; authority_type='usc'; parse_status='partial'; usc_title=21; usc_section='353'; usc_title_is_possible=True; usc_section_verdict='exists'; usc_section_attested_at_edition=True; usc_section_magnitude_is_plausible=True; authority_in_own_cfr_note='present'; cfr_note_part='21 CFR 201'; authority_source='box'	21 U.S.C. 351 to 21 U.S.C. 353
ADDED	0910-AC53	201610	1	1	(no row) -> rin='0910-AC53'; publication_id='201610'; ordinal=1; authority_text='21 U.S.C. 351 to 21 U.S.C. 353'; authority_type='usc'; parse_status='partial'; usc_title=21; usc_section='353'; usc_title_is_possible=True; usc_section_verdict='exists'; usc_section_attested_at_edition=True; usc_section_magnitude_is_plausible=True; authority_in_own_cfr_note='present'; cfr_note_part='21 CFR 201'; authority_source='box'	21 U.S.C. 351 to 21 U.S.C. 353
ADDED	0910-AC53	201704	1	1	(no row) -> rin='0910-AC53'; publication_id='201704'; ordinal=1; authority_text='21 U.S.C. 351 to 21 U.S.C. 353'; authority_type='usc'; parse_status='partial'; usc_title=21; usc_section='353'; usc_title_is_possible=True; usc_section_verdict='exists'; usc_section_attested_at_edition=True; usc_section_magnitude_is_plausible=True; authority_in_own_cfr_note='present'; cfr_note_part='21 CFR 201'; authority_source='box'	21 U.S.C. 351 to 21 U.S.C. 353
CHANGED	0910-AF86	201010	0	6	usc_section_end: None -> '360j'; usc_section_span_rule: None -> 'stated'	21 USC 321, 331, 351, 352, 360c, 360e, 360i to 360j, 371, 374, 381, 393
CHANGED	0910-AG31	201010	1	1	usc_section_end: None -> '394'; usc_section_span_rule: None -> 'stated'	21 USC 141 to 149, 321 to 394, 467f, 679, 821, 1034
CHANGED	0920-AA37	201104	0	1	usc_section_end: None -> '272'; usc_section_span_rule: None -> 'stated'	PHA as amended (42 USC 216, 264 to 272)
CHANGED	0920-AA37	201110	0	1	usc_section_end: None -> '272'; usc_section_span_rule: None -> 'stated'	PHA as amended (42 USC 216, 264 to 272)
CHANGED	0925-AA70	202210	1	0	parse_status: 'partial' -> 'ok'; usc_section_end: None -> '285t-1'; usc_section_span_rule: None -> 'stated'	42 U.S. C. 285t to 285t-1
CHANGED	0925-AA70	202304	1	0	parse_status: 'partial' -> 'ok'; usc_section_end: None -> '285t-1'; usc_section_span_rule: None -> 'stated'	42 U.S. C. 285t to 285t-1
CHANGED	0925-AA70	202310	1	0	parse_status: 'partial' -> 'ok'; usc_section_end: None -> '285t-1'; usc_section_span_rule: None -> 'stated'	42 U.S. C. 285t to 285t-1
CHANGED	0925-AA70	202404	1	0	parse_status: 'partial' -> 'ok'; usc_section_end: None -> '285t-1'; usc_section_span_rule: None -> 'stated'	42 U.S. C. 285t to 285t-1
CHANGED	0925-AA70	202410	1	0	parse_status: 'partial' -> 'ok'; usc_section_end: None -> '285t-1'; usc_section_span_rule: None -> 'stated'	42 U.S. C. 285t to 285t-1
CHANGED	0930-AA06	200010	6	0	usc_section_end: '3011' -> None; usc_section_span_rule: 'abbreviated-span' -> None	42 USC 3007-11
CHANGED	0930-AA06	200104	6	0	usc_section_end: '3011' -> None; usc_section_span_rule: 'abbreviated-span' -> None	42 USC 3007-11
CHANGED	0930-AA10	200704	0	0	usc_section_end: None -> '290jj-2'; usc_section_span_rule: None -> 'stated'	PL 106-310, 42 USC 290jj to 290jj-2
CHANGED	0930-AA10	200710	0	0	usc_section_end: None -> '290jj-2'; usc_section_span_rule: None -> 'stated'	PL 106-310, 42 USC 290jj to 290jj-2
CHANGED	0930-AA10	200804	0	0	usc_section_end: None -> '290jj-2'; usc_section_span_rule: None -> 'stated'	PL 106-310, 42 USC 290jj to 290jj-2
CHANGED	0930-AA10	200810	0	0	usc_section_end: None -> '290jj-2'; usc_section_span_rule: None -> 'stated'	PL 106-310, 42 USC 290jj to 290jj-2
CHANGED	0930-AA10	200904	0	0	usc_section_end: None -> '290jj-2'; usc_section_span_rule: None -> 'stated'	PL 106-310, 42 USC 290jj to 290jj-2
CHANGED	0930-AA10	200910	0	0	usc_section_end: None -> '290jj-2'; usc_section_span_rule: None -> 'stated'	PL 106-310, 42 USC 290jj to 290jj-2
CHANGED	0930-AA10	201004	0	0	usc_section_end: None -> '290jj-2'; usc_section_span_rule: None -> 'stated'	PL 106-310, 42 USC 290jj to 290jj-2
CHANGED	0930-AA10	201010	0	0	usc_section_end: None -> '290jj-2'; usc_section_span_rule: None -> 'stated'	PL 106-310, 42 USC 290jj to 290jj-2
CHANGED	0930-AA10	201104	0	0	usc_section_end: None -> '290jj-2'; usc_section_span_rule: None -> 'stated'	PL 106-310, 42 USC 290jj to 290jj-2
CHANGED	0930-AA10	201704	1	0	parse_status: 'partial' -> 'ok'; usc_section_end: None -> '290jj-2'; usc_section_span_rule: None -> 'stated'	42 U.S.C. 290jj to 290jj-2
CHANGED	0937-AA07	201904	0	0	parse_status: 'partial' -> 'ok'; usc_section_end: '300a' -> '300a-6'	42 U.S.C. 300 to 300a-6
CHANGED	0937-AA13	202404	0	1	usc_section_end: None -> '274d'; usc_section_span_rule: None -> 'stated'	secs. 215, 371 to 377, and 377E of the PHS Act (42 U.S.C. 216, 273 to 274d, 274f-5)
CHANGED	0937-AA13	202410	0	1	usc_section_end: None -> '274d'; usc_section_span_rule: None -> 'stated'	secs. 215, 371 to 377, and 377E of the PHS Act (42 U.S.C. 216, 273 to 274d, 274f-5)
CHANGED	0937-AA13	202504	0	1	usc_section_end: None -> '274d'; usc_section_span_rule: None -> 'stated'	secs. 215, 371 to 377, and 377E of the PHS Act (42 U.S.C. 216, 273 to 274d, 274f-5)
CHANGED	0938-AH75	199804	0	0	authority_in_own_cfr_note: 'near-miss' -> 'present'	42 USC 300gg-41, et seq
CHANGED	0938-AH75	199904	0	0	authority_in_own_cfr_note: 'near-miss' -> 'present'	42 USC 300gg-41 et seq
CHANGED	0938-AH75	199910	0	0	authority_in_own_cfr_note: 'near-miss' -> 'present'	42 USC 300gg-41 et seq
CHANGED	0938-AH75	200004	0	0	authority_in_own_cfr_note: 'near-miss' -> 'present'	42 USC 300gg-41 et seq
CHANGED	0938-AH75	200010	0	0	authority_in_own_cfr_note: 'near-miss' -> 'present'	42 USC 300gg-41 et seq
CHANGED	0938-AH75	200104	0	0	authority_in_own_cfr_note: 'near-miss' -> 'present'	42 USC 300gg-41 et seq
CHANGED	0938-AH87	200204	0	0	parse_status: 'partial' -> 'ok'; usc_section_end: None -> '1320d-8'; usc_section_span_rule: None -> 'stated'	42 USC 1320d to 1320d-8
CHANGED	0938-AH87	200210	0	0	parse_status: 'partial' -> 'ok'; usc_section_end: None -> '1320d-8'; usc_section_span_rule: None -> 'stated'	42 USC 1320d to 1320d-8
CHANGED	0938-AH87	200304	0	0	parse_status: 'partial' -> 'ok'; usc_section_end: None -> '1320d-8'; usc_section_span_rule: None -> 'stated'	42 USC 1320d to 1320d-8
CHANGED	0938-AH87	200310	0	0	parse_status: 'partial' -> 'ok'; usc_section_end: None -> '1320d-8'; usc_section_span_rule: None -> 'stated'	42 USC 1320d to 1320d-8
CHANGED	0938-AH87	200404	0	0	parse_status: 'partial' -> 'ok'; usc_section_end: None -> '1320d-8'; usc_section_span_rule: None -> 'stated'	42 USC 1320d to 1320d-8
CHANGED	0938-AH87	200410	0	0	parse_status: 'partial' -> 'ok'; usc_section_end: None -> '1320d-8'; usc_section_span_rule: None -> 'stated'	42 USC 1320d to 1320d-8
CHANGED	0938-AH87	200504	0	0	parse_status: 'partial' -> 'ok'; usc_section_end: None -> '1320d-8'; usc_section_span_rule: None -> 'stated'	42 USC 1320d to 1320d-8
CHANGED	0938-AH87	200510	0	0	parse_status: 'partial' -> 'ok'; usc_section_end: None -> '1320d-8'; usc_section_span_rule: None -> 'stated'	42 USC 1320d to 1320d-8
CHANGED	0938-AH87	200604	0	0	parse_status: 'partial' -> 'ok'; usc_section_end: None -> '1320d-8'; usc_section_span_rule: None -> 'stated'	42 USC 1320d to 1320d-8
CHANGED	0938-AI05	199710	0	0	authority_in_own_cfr_note: 'near-miss' -> 'present'	42 USC 300gg-5
CHANGED	0938-AI05	199804	0	0	authority_in_own_cfr_note: 'near-miss' -> 'present'	42 USC 300gg-5
CHANGED	0938-AI05	199810	0	0	authority_in_own_cfr_note: 'near-miss' -> 'present'	42 USC 300gg-5
CHANGED	0938-AI05	199904	0	0	authority_in_own_cfr_note: 'near-miss' -> 'present'	42 USC 300gg-5
CHANGED	0938-AI17	199710	0	0	authority_in_own_cfr_note: 'near-miss' -> 'present'	42 USC 300gg-4
CHANGED	0938-AI17	199710	1	0	authority_in_own_cfr_note: 'near-miss' -> 'present'; cfr_note_part: '45 CFR 146' -> '45 CFR 148'	42 USC 300gg-51
CHANGED	0938-AI17	199804	0	0	authority_in_own_cfr_note: 'near-miss' -> 'present'	42 USC 300gg-4
CHANGED	0938-AI17	199804	1	0	authority_in_own_cfr_note: 'near-miss' -> 'present'; cfr_note_part: '45 CFR 146' -> '45 CFR 148'	42 USC 300gg-51
CHANGED	0938-AI17	199810	0	0	authority_in_own_cfr_note: 'near-miss' -> 'present'	42 USC 300gg-4
CHANGED	0938-AI17	199810	1	0	authority_in_own_cfr_note: 'near-miss' -> 'present'; cfr_note_part: '45 CFR 146' -> '45 CFR 148'	42 USC 300gg-51
CHANGED	0938-AI17	199904	0	0	authority_in_own_cfr_note: 'near-miss' -> 'present'	42 USC 300gg-4
CHANGED	0938-AI17	199904	1	0	authority_in_own_cfr_note: 'near-miss' -> 'present'; cfr_note_part: '45 CFR 146' -> '45 CFR 148'	42 USC 300gg-51
CHANGED	0938-AI25	199804	0	0	authority_in_own_cfr_note: 'near-miss' -> 'present'	42 USC 1395w-26(a)
CHANGED	0938-AI25	199810	0	0	authority_in_own_cfr_note: 'near-miss' -> 'present'	42 USC 1395w-26(a)
CHANGED	0938-AI29	199910	1	0	parse_status: 'partial' -> 'ok'; usc_section_end: None -> '1395w-27'; usc_section_span_rule: None -> 'stated'	42 USC 1395w-21 to 1395w-27
CHANGED	0938-AI29	200004	1	0	parse_status: 'partial' -> 'ok'; usc_section_end: None -> '1395w-27'; usc_section_span_rule: None -> 'stated'	42 USC 1395w-21 to 1395w-27
CHANGED	0938-AI29	200010	1	0	parse_status: 'partial' -> 'ok'; usc_section_end: None -> '1395w-27'; usc_section_span_rule: None -> 'stated'	42 USC 1395w-21 to 1395w-27
CHANGED	0938-AI44	199804	0	0	usc_section_end: '133' -> None; usc_section_span_rule: 'abbreviated-span' -> None	42 USC 105-33
CHANGED	0938-AI44	199810	0	0	usc_section_end: '133' -> None; usc_section_span_rule: 'abbreviated-span' -> None	42 USC 105-33
CHANGED	0938-AI44	199904	0	0	usc_section_end: '133' -> None; usc_section_span_rule: 'abbreviated-span' -> None	42 USC 105-33
CHANGED	0938-AI58	200010	0	0	parse_status: 'partial' -> 'ok'; usc_section_end: None -> '1320d-8'; usc_section_span_rule: None -> 'stated'	42 USC 1320d to 1320d-8
CHANGED	0938-AI59	200204	1	0	parse_status: 'partial' -> 'ok'; usc_section_end: None -> '1320d-8'; usc_section_span_rule: None -> 'stated'	42 USC 1320d to 1320d-8
CHANGED	0938-AI59	200210	1	0	parse_status: 'partial' -> 'ok'; usc_section_end: None -> '1320d-8'; usc_section_span_rule: None -> 'stated'	42 USC 1320d to 1320d-8
CHANGED	0938-AI74	200004	1	0	usc_section_end: '81613' -> None; usc_section_span_rule: 'abbreviated-span' -> None	8 USC 81611-1613
CHANGED	0938-AI74	200010	1	0	usc_section_end: '81613' -> None; usc_section_span_rule: 'abbreviated-span' -> None	8 USC 81611-1613
CHANGED	0938-AI83	199804	1	0	parse_status: 'partial' -> 'ok'; usc_section_end: None -> '1395w-27'; usc_section_span_rule: None -> 'stated'	42 USC 1395w-21 to 1395w-27
CHANGED	0938-AI83	199810	1	0	parse_status: 'partial' -> 'ok'; usc_section_end: None -> '1395w-27'; usc_section_span_rule: None -> 'stated'	42 USC 1395w-21 to 1395w-27
CHANGED	0938-AI83	199904	1	0	parse_status: 'partial' -> 'ok'; usc_section_end: None -> '1395w-27'; usc_section_span_rule: None -> 'stated'	42 USC 1395w-21 to 1395w-27
CHANGED	0938-AI83	199910	1	0	parse_status: 'partial' -> 'ok'; usc_section_end: None -> '1395w-27'; usc_section_span_rule: None -> 'stated'	42 USC 1395w-21 to 1395w-27
CHANGED	0938-AI83	200004	1	0	parse_status: 'partial' -> 'ok'; usc_section_end: None -> '1395w-27'; usc_section_span_rule: None -> 'stated'	42 USC 1395w-21 to 1395w-27
CHANGED	0938-AJ44	199904	0	0	authority_in_own_cfr_note: 'near-miss' -> 'present'; cfr_note_part: '45 CFR 146' -> '45 CFR 148'	42 USC 300gg-6
CHANGED	0938-AJ44	199910	0	0	authority_in_own_cfr_note: 'near-miss' -> 'present'; cfr_note_part: '45 CFR 146' -> '45 CFR 148'	42 USC 300gg-6
CHANGED	0938-AJ44	200004	0	0	authority_in_own_cfr_note: 'near-miss' -> 'present'; cfr_note_part: '45 CFR 146' -> '45 CFR 148'	42 USC 300gg-6
CHANGED	0938-AJ44	200010	0	0	authority_in_own_cfr_note: 'near-miss' -> 'present'; cfr_note_part: '45 CFR 146' -> '45 CFR 148'	42 USC 300gg-6
CHANGED	0938-AJ44	200104	0	0	authority_in_own_cfr_note: 'near-miss' -> 'present'; cfr_note_part: '45 CFR 146' -> '45 CFR 148'	42 USC 300gg-6
CHANGED	0938-AJ44	200104	1	0	authority_in_own_cfr_note: 'near-miss' -> 'present'; cfr_note_part: '45 CFR 146' -> '45 CFR 148'	42 USC 300gg-52
CHANGED	0938-AJ44	200110	0	0	authority_in_own_cfr_note: 'near-miss' -> 'present'; cfr_note_part: '45 CFR 146' -> '45 CFR 148'	42 USC 300gg-6
CHANGED	0938-AJ44	200110	1	0	authority_in_own_cfr_note: 'near-miss' -> 'present'; cfr_note_part: '45 CFR 146' -> '45 CFR 148'	42 USC 300gg-52
CHANGED	0938-AJ44	200204	0	0	authority_in_own_cfr_note: 'near-miss' -> 'present'; cfr_note_part: '45 CFR 146' -> '45 CFR 148'	42 USC 300gg-6
CHANGED	0938-AJ44	200204	1	0	authority_in_own_cfr_note: 'near-miss' -> 'present'; cfr_note_part: '45 CFR 146' -> '45 CFR 148'	42 USC 300gg-52
CHANGED	0938-AL52	200204	0	0	parse_status: 'partial' -> 'ok'; usc_section_end: None -> '1320d-8'; usc_section_span_rule: None -> 'stated'	42 USC 1320d to 1320d-8
CHANGED	0938-AL52	200210	0	0	parse_status: 'partial' -> 'ok'; usc_section_end: None -> '1320d-8'; usc_section_span_rule: None -> 'stated'	42 USC 1320d to 1320d-8
CHANGED	0938-AN35	200404	0	0	authority_in_own_cfr_note: 'near-miss' -> 'present'	42 USC 300gg-22
CHANGED	0938-AN35	200404	1	0	authority_in_own_cfr_note: 'near-miss' -> 'present'	42 USC 300gg-31
CHANGED	0938-AN35	200410	0	0	authority_in_own_cfr_note: 'near-miss' -> 'present'	42 USC 300gg-22
CHANGED	0938-AN35	200410	1	0	authority_in_own_cfr_note: 'near-miss' -> 'present'	42 USC 300gg-31
CHANGED	0938-AN35	200504	0	0	authority_in_own_cfr_note: 'near-miss' -> 'present'	42 USC 300gg-22
CHANGED	0938-AN35	200504	1	0	authority_in_own_cfr_note: 'near-miss' -> 'present'	42 USC 300gg-31
CHANGED	0938-AN35	200510	0	0	authority_in_own_cfr_note: 'near-miss' -> 'present'	42 USC 300gg-22
CHANGED	0938-AN35	200510	1	0	authority_in_own_cfr_note: 'near-miss' -> 'present'	42 USC 300gg-31
CHANGED	0938-AN35	200604	0	0	authority_in_own_cfr_note: 'near-miss' -> 'present'	42 USC 300gg-22
CHANGED	0938-AN35	200604	1	0	authority_in_own_cfr_note: 'near-miss' -> 'present'	42 USC 300gg-31
CHANGED	0938-AN68	200504	1	0	parse_status: 'partial' -> 'ok'; usc_section_end: None -> '1320d-8'; usc_section_span_rule: None -> 'stated'	42 USC 1320d to 1320d-8
CHANGED	0938-AO43	200604	0	0	parse_status: 'partial' -> 'ok'; usc_section_end: None -> '300gg-63'; usc_section_span_rule: None -> 'stated'	42 USC 300gg to 300gg-63
CHANGED	0938-AO43	200610	0	0	parse_status: 'partial' -> 'ok'; usc_section_end: None -> '300gg-63'; usc_section_span_rule: None -> 'stated'	42 USC 300gg to 300gg-63
CHANGED	0938-AO43	200704	0	0	parse_status: 'partial' -> 'ok'; usc_section_end: None -> '300gg-63'; usc_section_span_rule: None -> 'stated'	42 USC 300gg to 300gg-63
CHANGED	0938-AO43	200710	0	0	parse_status: 'partial' -> 'ok'; usc_section_end: None -> '300gg-63'; usc_section_span_rule: None -> 'stated'	42 USC 300gg to 300gg-63
CHANGED	0938-AO43	200804	0	0	parse_status: 'partial' -> 'ok'; usc_section_end: None -> '300gg-63'; usc_section_span_rule: None -> 'stated'	42 USC 300gg to 300gg-63
CHANGED	0938-AO43	200810	0	0	parse_status: 'partial' -> 'ok'; usc_section_end: None -> '300gg-63'; usc_section_span_rule: None -> 'stated'	42 USC 300gg to 300gg-63
CHANGED	0938-AO87	200704	0	1	usc_section_end: None -> '1395w-152'; usc_section_span_rule: None -> 'stated'	sec 1102, 1860D-1 to 1860D-42, and 1871 of the Social Security Act (42 U.S.C. 1302, 1395w-101 to 1395w-152, and 1395hh)
CHANGED	0938-AO87	200710	0	1	usc_section_end: None -> '1395w-152'; usc_section_span_rule: None -> 'stated'	sec 1102, 1860D-1 to 1860D-42, and 1871 of the Social Security Act (42 U.S.C. 1302, 1395w-101 to 1395w-152, and 1395hh)
CHANGED	0938-AO87	200804	0	1	usc_section_end: None -> '1395w-152'; usc_section_span_rule: None -> 'stated'	sec 1102, 1860D-1 to 1860D-42, and 1871 of the Social Security Act (42 USC 1302, 1395w-101 to 1395w-152, and 1395hh)
CHANGED	0938-AO87	200810	0	1	usc_section_end: None -> '1395w-152'; usc_section_span_rule: None -> 'stated'	sec 1102, 1860D-1 to 1860D-42, and 1871 of the Social Security Act (42 USC 1302, 1395w-101 to 1395w-152, and 1395hh)
CHANGED	0938-AO87	200904	0	1	usc_section_end: None -> '1395w-152'; usc_section_span_rule: None -> 'stated'	sec 1102, 1860D-1 to 1860D-42, and 1871 of the Social Security Act (42 USC 1302, 1395w-101 to 1395w-152, and 1395hh)
CHANGED	0938-AO87	200910	0	1	usc_section_end: None -> '1395w-152'; usc_section_span_rule: None -> 'stated'	sec 1102, 1860D-1 to 1860D-42, and 1871 of the Social Security Act (42 USC 1302, 1395w-101 to 1395w-152, and 1395hh)
CHANGED	0938-AO87	201004	0	1	usc_section_end: None -> '1395w-152'; usc_section_span_rule: None -> 'stated'	sec 1102, 1860D-1 to 1860D-42, and 1871 of the Social Security Act (42 USC 1302, 1395w-101 to 1395w-152, and 1395hh)
CHANGED	0938-AP52	200810	0	0	authority_in_own_cfr_note: 'near-miss' -> 'present'	42 USC 1395w-28(f)
CHANGED	0938-AP52	200904	0	0	authority_in_own_cfr_note: 'near-miss' -> 'present'	42 USC 1395w-28(f)
CHANGED	0938-AP52	200910	0	0	authority_in_own_cfr_note: 'near-miss' -> 'present'	42 USC 1395w-28(f)
CHANGED	0938-AP64	200904	0	1	usc_section_end: None -> '1395w-152'; usc_section_span_rule: None -> 'stated'	42 USC 1302,1395w-101 to 1395w-152, and 1395hh
CHANGED	0938-AP64	200910	1	0	parse_status: 'partial' -> 'ok'; usc_section_end: None -> '1395w-152'; usc_section_span_rule: None -> 'stated'	42 USC 1395w-101 to 1395w-152
CHANGED	0938-AP64	201004	1	0	parse_status: 'partial' -> 'ok'; usc_section_end: None -> '1395w-152'; usc_section_span_rule: None -> 'stated'	42 USC 1395w-101 to 1395w-152
CHANGED	0938-AP64	201010	1	0	parse_status: 'partial' -> 'ok'; usc_section_end: None -> '1395w-152'; usc_section_span_rule: None -> 'stated'	42 USC 1395w-101 to 1395w-152
CHANGED	0938-AP64	201104	1	0	parse_status: 'partial' -> 'ok'; usc_section_end: None -> '1395w-152'; usc_section_span_rule: None -> 'stated'	42 USC 1395w-101 to 1395w-152
CHANGED	0938-AP64	201110	1	0	parse_status: 'partial' -> 'ok'; usc_section_end: None -> '1395w-152'; usc_section_span_rule: None -> 'stated'	42 USC 1395w-101 to 1395w-152
CHANGED	0938-AP64	201210	1	0	parse_status: 'partial' -> 'ok'; usc_section_end: None -> '1395w-152'; usc_section_span_rule: None -> 'stated'	42 USC 1395w-101 to 1395w-152
CHANGED	0938-AR48	201210	1	0	parse_status: 'partial' -> 'ok'; usc_section_end: None -> '300gg-63'; usc_section_span_rule: None -> 'stated'	42 USC 300gg to 300gg63
CHANGED	0938-AR81	201304	0	0	parse_status: 'partial' -> 'ok'; usc_section_end: None -> '300gg-63'; usc_section_span_rule: None -> 'stated'	42 USC 300gg to 300gg-63
CHANGED	0938-AR81	201310	0	0	parse_status: 'partial' -> 'ok'; usc_section_end: None -> '300gg-63'; usc_section_span_rule: None -> 'stated'	42 USC 300gg to 300gg-63
CHANGED	0938-AS10	201404	3	0	parse_status: 'partial' -> 'ok'; usc_section_end: None -> '1395w-152'; usc_section_span_rule: None -> 'stated'	42 USC 1395w-101 to 1395w-152
CHANGED	0938-AS22	201404	0	0	usc_section_end: None -> '300gg-63'; usc_section_span_rule: None -> 'stated'	42 USC 300gg to 300gg–63, 300gg–91, and 300gg–92
CHANGED	0938-AS22	201410	0	0	usc_section_end: None -> '300gg-63'; usc_section_span_rule: None -> 'stated'	42 USC 300gg to 300gg–63, 300gg–91, and 300gg–92
CHANGED	0938-AS31	201410	0	0	parse_status: 'partial' -> 'ok'; usc_section_end: None -> '1320d-9'; usc_section_span_rule: None -> 'stated'	42 USC 1320d to 1320d-9
CHANGED	0938-AS40	201510	3	0	usc_section_end: None -> '1395w-152'; usc_section_span_rule: None -> 'stated'	42 U.S.C. 1395w-101 through 1395w-152, and 1395nn
CHANGED	0938-AS40	201604	3	0	usc_section_end: None -> '1395w-152'; usc_section_span_rule: None -> 'stated'	42 U.S.C. 1395w-101 through 1395w-152, and 1395nn
CHANGED	0938-AS49	201410	0	0	usc_section_end: None -> '300gg-63'; usc_section_span_rule: None -> 'stated'	42 USC 300gg to 300gg-63, 300gg-91, and 300gg-92
CHANGED	0938-AS60	201504	2	0	parse_status: 'partial' -> 'ok'; usc_section_end: None -> '1395w-152'; usc_section_span_rule: None -> 'stated'	42 U.S.C. 1395w–101 through 1395w–152
CHANGED	0938-AS60	201510	2	0	parse_status: 'partial' -> 'ok'; usc_section_end: None -> '1395w-152'; usc_section_span_rule: None -> 'stated'	42 U.S.C. 1395w-101 through 1395w-152
CHANGED	0938-AS60	201604	2	0	parse_status: 'partial' -> 'ok'; usc_section_end: None -> '1395w-152'; usc_section_span_rule: None -> 'stated'	42 U.S.C. 1395w-101 to 1395w-152
CHANGED	0938-AS60	201610	2	0	parse_status: 'partial' -> 'ok'; usc_section_end: None -> '1395w-152'; usc_section_span_rule: None -> 'stated'	42 U.S.C. 1395w-101 to 1395w-152
CHANGED	0938-AS60	201704	2	0	parse_status: 'partial' -> 'ok'; usc_section_end: None -> '1395w-152'; usc_section_span_rule: None -> 'stated'	42 U.S.C. 1395w-101 to 1395w-152
CHANGED	0938-AS60	201710	2	0	parse_status: 'partial' -> 'ok'; usc_section_end: None -> '1395w-152'; usc_section_span_rule: None -> 'stated'	42 U.S.C. 1395w-101 to 1395w-152
CHANGED	0938-AS60	201804	2	0	parse_status: 'partial' -> 'ok'; usc_section_end: None -> '1395w-152'; usc_section_span_rule: None -> 'stated'	42 U.S.C. 1395w-101 to 1395w-152
CHANGED	0938-AT38	201710	0	0	parse_status: 'partial' -> 'ok'; usc_section_end: None -> '1320d-4'; usc_section_span_rule: None -> 'stated'	42 U.S.C. 1320d-1 to 1320d-4
CHANGED	0938-AT38	201804	0	0	parse_status: 'partial' -> 'ok'; usc_section_end: None -> '1320d-4'; usc_section_span_rule: None -> 'stated'	42 U.S.C. 1320d-1 to 1320d-4
CHANGED	0938-AT38	201810	0	0	parse_status: 'partial' -> 'ok'; usc_section_end: None -> '1320d-4'; usc_section_span_rule: None -> 'stated'	42 U.S.C. 1320d-1 to 1320d-4
CHANGED	0938-AT38	201904	0	0	parse_status: 'partial' -> 'ok'; usc_section_end: None -> '1320d-4'; usc_section_span_rule: None -> 'stated'	42 U.S.C. 1320d-1 to 1320d-4
CHANGED	0938-AT38	201910	0	0	parse_status: 'partial' -> 'ok'; usc_section_end: None -> '1320d-4'; usc_section_span_rule: None -> 'stated'	42 U.S.C. 1320d-1 to 1320d-4
CHANGED	0938-AT38	202004	0	0	parse_status: 'partial' -> 'ok'; usc_section_end: None -> '1320d-4'; usc_section_span_rule: None -> 'stated'	42 U.S.C. 1320d-1 to 1320d-4
CHANGED	0938-AT38	202010	0	0	parse_status: 'partial' -> 'ok'; usc_section_end: None -> '1320d-4'; usc_section_span_rule: None -> 'stated'	42 U.S.C. 1320d-1 to 1320d-4
CHANGED	0938-AT38	202104	0	0	parse_status: 'partial' -> 'ok'; usc_section_end: None -> '1320d-4'; usc_section_span_rule: None -> 'stated'	42 U.S.C. 1320d-1 to 1320d-4
CHANGED	0938-AT38	202110	0	0	parse_status: 'partial' -> 'ok'; usc_section_end: None -> '1320d-4'; usc_section_span_rule: None -> 'stated'	42 U.S.C. 1320d-1 to 1320d-4
CHANGED	0938-AT38	202204	0	0	parse_status: 'partial' -> 'ok'; usc_section_end: None -> '1320d-4'; usc_section_span_rule: None -> 'stated'	42 U.S.C. 1320d-1 to 1320d-4
CHANGED	0938-AT38	202210	0	0	parse_status: 'partial' -> 'ok'; usc_section_end: None -> '1320d-4'; usc_section_span_rule: None -> 'stated'	42 U.S.C. 1320d-1 to 1320d-4
CHANGED	0938-AT38	202304	0	0	parse_status: 'partial' -> 'ok'; usc_section_end: None -> '1320d-4'; usc_section_span_rule: None -> 'stated'	42 U.S.C. 1320d-1 to 1320d-4
CHANGED	0938-AT38	202310	0	0	parse_status: 'partial' -> 'ok'; usc_section_end: None -> '1320d-4'; usc_section_span_rule: None -> 'stated'	42 U.S.C. 1320d-1 to 1320d-4
CHANGED	0938-AT38	202404	0	0	parse_status: 'partial' -> 'ok'; usc_section_end: None -> '1320d-4'; usc_section_span_rule: None -> 'stated'	42 U.S.C. 1320d-1 to 1320d-4
CHANGED	0938-AT38	202410	0	0	parse_status: 'partial' -> 'ok'; usc_section_end: None -> '1320d-4'; usc_section_span_rule: None -> 'stated'	42 U.S.C. 1320d-1 to 1320d-4
CHANGED	0938-AT38	202504	0	0	parse_status: 'partial' -> 'ok'; usc_section_end: None -> '1320d-4'; usc_section_span_rule: None -> 'stated'	42 U.S.C. 1320d-1 to 1320d-4
CHANGED	0938-AT38	202510	0	0	parse_status: 'partial' -> 'ok'; usc_section_end: None -> '1320d-4'; usc_section_span_rule: None -> 'stated'	42 U.S.C. 1320d-1 to 1320d-4
CHANGED	0938-AT49	202010	0	0	parse_status: 'partial' -> 'ok'; usc_section_end: None -> '300gg-63'; usc_section_span_rule: None -> 'stated'	42 U.S.C. 300gg through 300gg-63
CHANGED	0938-AT49	202104	0	0	parse_status: 'partial' -> 'ok'; usc_section_end: None -> '300gg-63'; usc_section_span_rule: None -> 'stated'	42 U.S.C. 300gg through 300gg-63
CHANGED	0938-AT52	201710	0	1	usc_section_end: None -> '1395w-152'; usc_section_span_rule: None -> 'stated'	42 U.S.C. 1302, 1395w–101 through 1395w–152, and 1395hh
CHANGED	0938-AT52	201804	0	0	parse_status: 'partial' -> 'ok'; usc_section_end: None -> '1320d-4'; usc_section_span_rule: None -> 'stated'	42 U.S.C. 1320d-1 to 1320d-4
CHANGED	0938-AT52	201810	0	0	parse_status: 'partial' -> 'ok'; usc_section_end: None -> '1320d-4'; usc_section_span_rule: None -> 'stated'	42 U.S.C. 1320d-1 to 1320d-4
CHANGED	0938-AT52	201904	0	0	parse_status: 'partial' -> 'ok'; usc_section_end: None -> '1320d-4'; usc_section_span_rule: None -> 'stated'	42 U.S.C. 1320d-1 to 1320d-4
CHANGED	0938-AT52	201910	0	0	parse_status: 'partial' -> 'ok'; usc_section_end: None -> '1320d-4'; usc_section_span_rule: None -> 'stated'	42 U.S.C. 1320d-1 to 1320d-4
CHANGED	0938-AT52	202004	0	0	parse_status: 'partial' -> 'ok'; usc_section_end: None -> '1320d-4'; usc_section_span_rule: None -> 'stated'	42 U.S.C. 1320d-1 to 1320d-4
CHANGED	0938-AT90	201810	1	0	parse_status: 'partial' -> 'ok'; usc_section_end: None -> '300gg-23'; usc_section_span_rule: None -> 'stated'	42 U.S.C. 300gg-11 to 300gg-23
CHANGED	0938-AT90	201904	1	0	parse_status: 'partial' -> 'ok'; usc_section_end: None -> '300gg-23'; usc_section_span_rule: None -> 'stated'; cfr_note_part: '45 CFR 146' -> '45 CFR 144'	42 U.S.C. 300gg-11 to 300gg-23
CHANGED	0938-AT90	201910	1	0	parse_status: 'partial' -> 'ok'; usc_section_end: None -> '300gg-23'; usc_section_span_rule: None -> 'stated'; cfr_note_part: '45 CFR 146' -> '45 CFR 144'	42 U.S.C. 300gg-11 to 300gg-23
CHANGED	0938-AT92	201904	0	0	authority_in_own_cfr_note: 'near-miss' -> 'present'	42 U.S.C. 1395w–22
CHANGED	0938-AT92	201904	1	0	authority_in_own_cfr_note: 'near-miss' -> 'present'	42 U.S.C. 1395w-104
CHANGED	0938-AT92	201910	0	0	authority_in_own_cfr_note: 'near-miss' -> 'present'	42 U.S.C. 1395w–22
CHANGED	0938-AT92	201910	1	0	authority_in_own_cfr_note: 'near-miss' -> 'present'	42 U.S.C. 1395w-104
CHANGED	0938-AT94	201904	2	0	parse_status: 'partial' -> 'ok'; usc_section_end: None -> '1395w-152'; usc_section_span_rule: None -> 'stated'	42 U.S.C. 1395w-101 to 1395w-152
CHANGED	0938-AT94	201910	2	0	parse_status: 'partial' -> 'ok'; usc_section_end: None -> '1395w-152'; usc_section_span_rule: None -> 'stated'	42 U.S.C. 1395w-101 to 1395w-152
CHANGED	0938-AT94	202004	2	0	parse_status: 'partial' -> 'ok'; usc_section_end: None -> '1395w-152'; usc_section_span_rule: None -> 'stated'	42 U.S.C. 1395w-101 to 1395w-152
CHANGED	0938-AT94	202010	2	0	parse_status: 'partial' -> 'ok'; usc_section_end: None -> '1395w-152'; usc_section_span_rule: None -> 'stated'	42 U.S.C. 1395w-101 to 1395w-152
CHANGED	0938-AT94	202104	2	0	parse_status: 'partial' -> 'ok'; usc_section_end: None -> '1395w-152'; usc_section_span_rule: None -> 'stated'	42 U.S.C. 1395w-101 to 1395w-152
CHANGED	0938-AU04	201910	1	0	authority_in_own_cfr_note: 'absent' -> 'present'	42 U.S.C. 300gg-15a
CHANGED	0938-AU04	202004	1	0	authority_in_own_cfr_note: 'absent' -> 'present'	42 U.S.C. 300gg-15a
CHANGED	0938-AU04	202010	1	0	authority_in_own_cfr_note: 'absent' -> 'present'	42 U.S.C. 300gg-15a
CHANGED	0938-AU19	202110	0	0	parse_status: 'partial' -> 'ok'; usc_section_end: None -> '1320d-9'; usc_section_span_rule: None -> 'stated'	42 U.S.C. 1320d to 1320d-9
CHANGED	0938-AU19	202204	0	0	parse_status: 'partial' -> 'ok'; usc_section_end: None -> '1320d-9'; usc_section_span_rule: None -> 'stated'	42 U.S.C. 1320d to 1320d-9
CHANGED	0938-AU19	202210	0	0	parse_status: 'partial' -> 'ok'; usc_section_end: None -> '1320d-9'; usc_section_span_rule: None -> 'stated'	42 U.S.C. 1320d to 1320d-9
CHANGED	0938-AU19	202304	0	0	parse_status: 'partial' -> 'ok'; usc_section_end: None -> '1320d-9'; usc_section_span_rule: None -> 'stated'	42 U.S.C. 1320d to 1320d-9
CHANGED	0938-AU19	202310	0	0	parse_status: 'partial' -> 'ok'; usc_section_end: None -> '1320d-9'; usc_section_span_rule: None -> 'stated'	42 U.S.C. 1320d to 1320d-9
CHANGED	0938-AU19	202404	0	0	parse_status: 'partial' -> 'ok'; usc_section_end: None -> '1320d-9'; usc_section_span_rule: None -> 'stated'	42 U.S.C. 1320d to 1320d-9
CHANGED	0938-AU19	202410	0	0	parse_status: 'partial' -> 'ok'; usc_section_end: None -> '1320d-9'; usc_section_span_rule: None -> 'stated'	42 U.S.C. 1320d to 1320d-9
CHANGED	0938-AU19	202504	0	0	parse_status: 'partial' -> 'ok'; usc_section_end: None -> '1320d-9'; usc_section_span_rule: None -> 'stated'	42 U.S.C. 1320d to 1320d-9
CHANGED	0938-AU19	202510	0	0	parse_status: 'partial' -> 'ok'; usc_section_end: None -> '1320d-9'; usc_section_span_rule: None -> 'stated'	42 U.S.C. 1320d to 1320d-9
CHANGED	0938-AU30	202204	2	0	parse_status: 'partial' -> 'ok'; usc_section_end: None -> '1395w-152'; usc_section_span_rule: None -> 'stated'	42 U.S.C. 1395w-101 to 1395w-152
CHANGED	0945-AA16	202110	3	0	usc_section_end: None -> '1320d-8'; usc_section_span_rule: None -> 'stated'	Social Security Act, Pub. L. 74-271 (August 14, 1935) (see secs. 1171 to 1179 of the Social Security Act, 42 U.S.C. 1320d to 1320d–8).
CHANGED	0945-AA16	202204	3	0	usc_section_end: None -> '1320d-8'; usc_section_span_rule: None -> 'stated'	Social Security Act, Pub. L. 74-271 (August 14, 1935) (see secs. 1171 to 1179 of the Social Security Act, 42 U.S.C. 1320d to 1320d–8).
CHANGED	0945-AA16	202210	3	0	usc_section_end: None -> '1320d-8'; usc_section_span_rule: None -> 'stated'	Social Security Act, Pub. L. 74-271 (August 14, 1935) (see secs. 1171 to 1179 of the Social Security Act, 42 U.S.C. 1320d to 1320d–8).
CHANGED	0945-AA16	202304	3	0	usc_section_end: None -> '1320d-8'; usc_section_span_rule: None -> 'stated'	Social Security Act, Pub. L. 74-271 (August 14, 1935) (see secs. 1171 to 1179 of the Social Security Act, 42 U.S.C. 1320d to 1320d–8).
CHANGED	0945-AA16	202310	3	0	usc_section_end: None -> '1320d-8'; usc_section_span_rule: None -> 'stated'	Social Security Act, Pub. L. 74-271 (August 14, 1935) (see secs. 1171 to 1179 of the Social Security Act, 42 U.S.C. 1320d to 1320d–8).
CHANGED	0945-AA16	202404	3	0	usc_section_end: None -> '1320d-8'; usc_section_span_rule: None -> 'stated'	Social Security Act, Pub. L. 74-271 (August 14, 1935) (see secs. 1171 to 1179 of the Social Security Act, 42 U.S.C. 1320d to 1320d–8).
CHANGED	0945-AA17	202204	5	0	parse_status: 'partial' -> 'ok'; usc_section_end: None -> '300gg-63'; usc_section_span_rule: None -> 'stated'	42 U.S.C. 300gg to 300gg–63
CHANGED	0945-AA17	202204	8	0	usc_section_end: None -> '300gg-139'; usc_section_span_rule: None -> 'stated'	42 U.S.C. 300gg-111 to 300gg-139 as amended, sec. 3203
CHANGED	0945-AA17	202210	10	0	parse_status: 'partial' -> 'ok'; usc_section_end: None -> '300gg-63'; usc_section_span_rule: None -> 'stated'	42 U.S.C. 300gg to 300gg–63
CHANGED	0945-AA17	202210	13	0	usc_section_end: None -> '300gg-139'; usc_section_span_rule: None -> 'stated'	42 U.S.C. 300gg-111 to 300gg-139 as amended, sec. 3203
CHANGED	0945-AA17	202304	10	0	parse_status: 'partial' -> 'ok'; usc_section_end: None -> '300gg-63'; usc_section_span_rule: None -> 'stated'	42 U.S.C. 300gg to 300gg–63
CHANGED	0945-AA17	202304	13	0	usc_section_end: None -> '300gg-139'; usc_section_span_rule: None -> 'stated'	42 U.S.C. 300gg-111 to 300gg-139 as amended, sec. 3203
CHANGED	0945-AA17	202310	10	0	parse_status: 'partial' -> 'ok'; usc_section_end: None -> '300gg-63'; usc_section_span_rule: None -> 'stated'	42 U.S.C. 300gg to 300gg–63
CHANGED	0945-AA17	202310	13	0	usc_section_end: None -> '300gg-139'; usc_section_span_rule: None -> 'stated'	42 U.S.C. 300gg-111 to 300gg-139 as amended, sec. 3203
CHANGED	0945-AA17	202404	10	0	parse_status: 'partial' -> 'ok'; usc_section_end: None -> '300gg-63'; usc_section_span_rule: None -> 'stated'	42 U.S.C. 300gg to 300gg–63
CHANGED	0945-AA17	202404	13	0	usc_section_end: None -> '300gg-139'; usc_section_span_rule: None -> 'stated'	42 U.S.C. 300gg-111 to 300gg-139 as amended, sec. 3203
CHANGED	0945-AA21	202304	3	0	usc_section_end: None -> '1320d-8'; usc_section_span_rule: None -> 'stated'	Social Security Act, Pub. L. 74-271 (August 14, 1935) (see secs. 1171 to 1179 of the Social Security Act, 42 U.S.C. 1320d to 1320d–8)
CHANGED	0945-AA21	202310	3	0	usc_section_end: None -> '1320d-8'; usc_section_span_rule: None -> 'stated'	Social Security Act, Pub. L. 74-271 (August 14, 1935) (see secs. 1171 to 1179 of the Social Security Act, 42 U.S.C. 1320d to 1320d–8)
CHANGED	0945-AA21	202404	3	0	usc_section_end: None -> '1320d-8'; usc_section_span_rule: None -> 'stated'	Social Security Act, Pub. L. 74-271 (August 14, 1935) (see secs. 1171 to 1179 of the Social Security Act, 42 U.S.C. 1320d to 1320d–8)
CHANGED	0945-AA21	202410	3	0	usc_section_end: None -> '1320d-8'; usc_section_span_rule: None -> 'stated'	Social Security Act, Pub. L. 74-271 (August 14, 1935) (see secs. 1171 to 1179 of the Social Security Act, 42 U.S.C. 1320d to 1320d–8)
CHANGED	0960-AG94	200904	3	0	parse_status: 'partial' -> 'ok'; usc_section_end: None -> '431'; usc_section_span_rule: None -> 'stated'	42 USC 429(a) to 431
CHANGED	0960-AG94	200910	3	0	parse_status: 'partial' -> 'ok'; usc_section_end: None -> '431'; usc_section_span_rule: None -> 'stated'	42 USC 429(a) to 431
CHANGED	0960-AG94	201004	3	0	parse_status: 'partial' -> 'ok'; usc_section_end: None -> '431'; usc_section_span_rule: None -> 'stated'	42 USC 429(a) to 431
CHANGED	0960-AG94	201010	3	0	parse_status: 'partial' -> 'ok'; usc_section_end: None -> '431'; usc_section_span_rule: None -> 'stated'	42 USC 429(a) to 431
CHANGED	0960-AG94	201104	3	0	parse_status: 'partial' -> 'ok'; usc_section_end: None -> '431'; usc_section_span_rule: None -> 'stated'	42 USC 429(a) to 431
CHANGED	0960-AG94	201110	3	0	parse_status: 'partial' -> 'ok'; usc_section_end: None -> '431'; usc_section_span_rule: None -> 'stated'	42 USC 429(a) to 431
ADDED	0960-AH14	201004	0	1	(no row) -> rin='0960-AH14'; publication_id='201004'; ordinal=0; authority_text='41 USC 701 to 41 USC 707'; authority_type='usc'; parse_status='partial'; usc_title=41; usc_section='707'; usc_title_is_possible=True; usc_section_verdict='exists'; usc_section_magnitude_is_plausible=True; authority_in_own_cfr_note='present'; cfr_note_part='2 CFR 2339'; authority_source='box'	41 USC 701 to 41 USC 707
ADDED	0960-AH14	201010	0	1	(no row) -> rin='0960-AH14'; publication_id='201010'; ordinal=0; authority_text='41 USC 701 to 41 USC 707'; authority_type='usc'; parse_status='partial'; usc_title=41; usc_section='707'; usc_title_is_possible=True; usc_section_verdict='exists'; usc_section_magnitude_is_plausible=True; authority_in_own_cfr_note='present'; cfr_note_part='2 CFR 2339'; authority_source='box'	41 USC 701 to 41 USC 707
CHANGED	0960-AI03	201610	2	0	usc_section_end: None -> '506'; usc_section_span_rule: None -> 'stated'	42 U.S.C. 405(d) to 506(h)
CHANGED	0960-AI17	201710	2	0	usc_section_end: None -> '506'; usc_section_span_rule: None -> 'stated'	42 U.S.C. 405(d) to 506(h)
CHANGED	0960-AI17	201804	2	0	usc_section_end: None -> '506'; usc_section_span_rule: None -> 'stated'	42 U.S.C. 405(d) to 506(h)
CHANGED	0960-AI18	201710	2	0	usc_section_end: None -> '506'; usc_section_span_rule: None -> 'stated'	42 U.S.C. 405(d) to 506(h)
CHANGED	0960-AI18	201804	2	0	usc_section_end: None -> '506'; usc_section_span_rule: None -> 'stated'	42 U.S.C. 405(d) to 506(h)
CHANGED	0960-AI45	202004	2	0	usc_section_end: None -> '506'; usc_section_span_rule: None -> 'stated'	42 U.S.C. 405(d) to 506 (h)
CHANGED	0960-AI46	202004	2	0	usc_section_end: None -> '506'; usc_section_span_rule: None -> 'stated'	42 U.S.C. 405(d) to 506(h)
CHANGED	0960-AI48	202004	2	0	usc_section_end: None -> '506'; usc_section_span_rule: None -> 'stated'	42 U.S.C. 405(d) to 506(h)
CHANGED	0960-AI48	202010	2	0	usc_section_end: None -> '506'; usc_section_span_rule: None -> 'stated'	42 U.S.C. 405(d) to 506(h)
CHANGED	0960-AI56	202104	2	0	usc_section_end: None -> '506'; usc_section_span_rule: None -> 'stated'	42 U.S.C. 405(d) to 506(h)
CHANGED	0960-AI56	202110	2	0	usc_section_end: None -> '506'; usc_section_span_rule: None -> 'stated'	42 U.S.C. 405(d) to 506(h)
CHANGED	0960-AI57	202104	2	0	usc_section_end: None -> '506'; usc_section_span_rule: None -> 'stated'	42 U.S.C. 405(d) to 506(h)
CHANGED	0960-AI57	202110	2	0	usc_section_end: None -> '506'; usc_section_span_rule: None -> 'stated'	42 U.S.C. 405(d) to 506(h)
CHANGED	0960-AI65	202110	2	0	usc_section_end: None -> '506'; usc_section_span_rule: None -> 'stated'	42 U.S.C. 405(d) to 506(h)
CHANGED	0960-AI65	202204	2	0	usc_section_end: None -> '506'; usc_section_span_rule: None -> 'stated'	42 U.S.C. 405(d) to 506(h)
CHANGED	0960-AI66	202110	2	0	usc_section_end: None -> '506'; usc_section_span_rule: None -> 'stated'	42 U.S.C. 405(d) to 506(h)
CHANGED	0960-AI66	202204	2	0	usc_section_end: None -> '506'; usc_section_span_rule: None -> 'stated'	42 U.S.C. 405(d) to 506(h)
CHANGED	0960-AI73	202204	2	0	usc_section_end: None -> '506'; usc_section_span_rule: None -> 'stated'	42 U.S.C. 405(d) to 506(h)
CHANGED	0960-AI73	202210	2	0	parse_status: 'partial' -> 'ok'; usc_section_end: None -> '434'; usc_section_span_rule: None -> 'stated'	42 U.S.C. 405(d) to 434
CHANGED	0960-AI95	202504	2	0	parse_status: 'partial' -> 'ok'; usc_section_end: None -> '434'; usc_section_span_rule: None -> 'stated'	42 U.S.C. 405(d) to 434
CHANGED	0960-AI95	202510	2	0	parse_status: 'partial' -> 'ok'; usc_section_end: None -> '434'; usc_section_span_rule: None -> 'stated'	42 U.S.C. 405(d) to 434
CHANGED	0991-AC02	201504	2	0	authority_in_own_cfr_note: 'near-miss' -> 'present'	42 U.S.C 1395w-22
CHANGED	0991-AC02	201504	4	0	authority_in_own_cfr_note: 'near-miss' -> 'present'	42 U.S.C. 1395w-104
CHANGED	0991-AC02	201510	2	0	authority_in_own_cfr_note: 'near-miss' -> 'present'	42 U.S.C 1395w-22
CHANGED	0991-AC02	201510	4	0	authority_in_own_cfr_note: 'near-miss' -> 'present'	42 U.S.C. 1395w-104
CHANGED	0991-AC02	201604	2	0	authority_in_own_cfr_note: 'near-miss' -> 'present'	42 U.S.C 1395w-22
CHANGED	0991-AC02	201604	4	0	authority_in_own_cfr_note: 'near-miss' -> 'present'	42 U.S.C. 1395w-104
CHANGED	0991-AC02	201610	2	0	authority_in_own_cfr_note: 'near-miss' -> 'present'	42 U.S.C. 1395w-22
CHANGED	0991-AC02	201610	4	0	authority_in_own_cfr_note: 'near-miss' -> 'present'	42 U.S.C. 1395w-104
CHANGED	0991-AC02	201704	2	0	authority_in_own_cfr_note: 'near-miss' -> 'present'	42 U.S.C. 1395w-22
CHANGED	0991-AC02	201704	4	0	authority_in_own_cfr_note: 'near-miss' -> 'present'	42 U.S.C. 1395w-104
ADDED	0991-AC13	201910	3	1	(no row) -> rin='0991-AC13'; publication_id='201910'; ordinal=3; authority_text='Religious Freedom Restoration Act, 42 U.S.C. 2000bb to 42 U.S.C. 2000bb-4]'; authority_type='usc'; parse_status='partial'; usc_title=42; usc_section='2000bb-4'; usc_title_is_possible=True; usc_section_verdict='exists'; usc_section_attested_at_edition=True; usc_section_magnitude_is_plausible=True; stated_act_name='Religious Freedom Restoration Act'; authority_in_own_cfr_note='absent'; cfr_note_part='45 CFR 87'; authority_source='box'	Religious Freedom Restoration Act, 42 U.S.C. 2000bb to 42 U.S.C. 2000bb-4]
ADDED	0991-AC13	202004	3	1	(no row) -> rin='0991-AC13'; publication_id='202004'; ordinal=3; authority_text='Religious Freedom Restoration Act, 42 U.S.C. 2000bb to 42 U.S.C. 2000bb-4]'; authority_type='usc'; parse_status='partial'; usc_title=42; usc_section='2000bb-4'; usc_title_is_possible=True; usc_section_verdict='exists'; usc_section_attested_at_edition=True; usc_section_magnitude_is_plausible=True; stated_act_name='Religious Freedom Restoration Act'; authority_in_own_cfr_note='absent'; cfr_note_part='45 CFR 87'; authority_source='box'	Religious Freedom Restoration Act, 42 U.S.C. 2000bb to 42 U.S.C. 2000bb-4]
ADDED	0991-AC13	202010	3	1	(no row) -> rin='0991-AC13'; publication_id='202010'; ordinal=3; authority_text='Religious Freedom Restoration Act, 42 U.S.C. 2000bb to 42 U.S.C. 2000bb-4]'; authority_type='usc'; parse_status='partial'; usc_title=42; usc_section='2000bb-4'; usc_title_is_possible=True; usc_section_verdict='exists'; usc_section_attested_at_edition=True; usc_section_magnitude_is_plausible=True; stated_act_name='Religious Freedom Restoration Act'; authority_in_own_cfr_note='absent'; cfr_note_part='45 CFR 87'; authority_source='box'	Religious Freedom Restoration Act, 42 U.S.C. 2000bb to 42 U.S.C. 2000bb-4]
ADDED	0991-AC13	202104	3	1	(no row) -> rin='0991-AC13'; publication_id='202104'; ordinal=3; authority_text='Religious Freedom Restoration Act, 42 U.S.C. 2000bb to 42 U.S.C. 2000bb-4]'; authority_type='usc'; parse_status='partial'; usc_title=42; usc_section='2000bb-4'; usc_title_is_possible=True; usc_section_verdict='exists'; usc_section_attested_at_edition=True; usc_section_magnitude_is_plausible=True; stated_act_name='Religious Freedom Restoration Act'; authority_in_own_cfr_note='absent'; cfr_note_part='45 CFR 87'; authority_source='box'	Religious Freedom Restoration Act, 42 U.S.C. 2000bb to 42 U.S.C. 2000bb-4]
ADDED	0991-AC44	202510	4	1	(no row) -> rin='0991-AC44'; publication_id='202510'; ordinal=4; authority_text='Religious Freedom Restoration Act, 42 U.S.C. 2000bb to 42 U.S.C. 2000bb-4'; authority_type='usc'; parse_status='partial'; usc_title=42; usc_section='2000bb-4'; usc_title_is_possible=True; usc_section_verdict='exists'; usc_section_attested_at_edition=True; usc_section_magnitude_is_plausible=True; stated_act_name='Religious Freedom Restoration Act'; authority_in_own_cfr_note='absent'; cfr_note_part='45 CFR 87'; authority_source='box'	Religious Freedom Restoration Act, 42 U.S.C. 2000bb to 42 U.S.C. 2000bb-4
CHANGED	1004-AE10	201004	1	1	usc_section_end: None -> '306'; usc_section_span_rule: None -> 'stated'	30 USC 181 et seq, 301 to 306, 351 to 359, and 601 et seq
CHANGED	1004-AE10	201004	1	2	usc_section_end: None -> '359'; usc_section_span_rule: None -> 'stated'	30 USC 181 et seq, 301 to 306, 351 to 359, and 601 et seq
CHANGED	1004-AE22	201310	2	2	usc_section_end: None -> '359'; usc_section_span_rule: None -> 'stated'	30 USC 181 et seq, 241(a) 301 to 306, 351 to 359, and 601 et seq
CHANGED	1004-AE82	202110	2	1	usc_section_end: None -> '315r'; usc_section_span_rule: None -> 'stated'	43 U.S.C. 315, 315a to 315r
CHANGED	1004-AE82	202204	2	1	usc_section_end: None -> '315r'; usc_section_span_rule: None -> 'stated'	43 U.S.C. 315, 315a to 315r
CHANGED	1004-AE82	202210	2	1	usc_section_end: None -> '315r'; usc_section_span_rule: None -> 'stated'	43 U.S.C. 315, 315a to 315r
CHANGED	1004-AE82	202304	2	1	usc_section_end: None -> '315r'; usc_section_span_rule: None -> 'stated'	43 U.S.C. 315, 315a to 315r
CHANGED	1004-AE82	202310	2	1	usc_section_end: None -> '315r'; usc_section_span_rule: None -> 'stated'	43 U.S.C. 315, 315a to 315r
CHANGED	1004-AE82	202404	2	1	usc_section_end: None -> '315r'; usc_section_span_rule: None -> 'stated'	43 U.S.C. 315, 315a to 315r
CHANGED	1004-AE82	202410	2	1	usc_section_end: None -> '315r'; usc_section_span_rule: None -> 'stated'	43 U.S.C. 315, 315a to 315r
CHANGED	1004-AE82	202504	2	1	usc_section_end: None -> '315r'; usc_section_span_rule: None -> 'stated'	43 U.S.C. 315, 315a to 315r
CHANGED	1004-AE82	202510	2	1	usc_section_end: None -> '315r'; usc_section_span_rule: None -> 'stated'	43 U.S.C. 315, 315a to 315r
CHANGED	1006-AA42	200204	0	0	usc_section_end: '4631' -> None; usc_section_span_rule: 'abbreviated-span' -> None	16 USC 4602-31
CHANGED	1006-AA42	200210	0	0	usc_section_end: '4631' -> None; usc_section_span_rule: 'abbreviated-span' -> None	16 USC 4602-31
CHANGED	1006-AA42	200304	0	0	usc_section_end: '4631' -> None; usc_section_span_rule: 'abbreviated-span' -> None	16 USC 4602-31
CHANGED	1006-AA45	200210	2	0	usc_section_end: '4631' -> None; usc_section_span_rule: 'abbreviated-span' -> None	16 USC 4601-31
CHANGED	1006-AA45	200310	4	0	usc_section_end: '4631' -> None; usc_section_span_rule: 'abbreviated-span' -> None	16 USC 4601-31
CHANGED	1006-AA45	200404	4	0	usc_section_end: '4631' -> None; usc_section_span_rule: 'abbreviated-span' -> None	16 USC 4601-31
CHANGED	1006-AA46	200304	2	0	usc_section_end: '4631' -> None; usc_section_span_rule: 'abbreviated-span' -> None	16 USC 4601-31
ADDED	1010-AD20	200710	4	1	(no row) -> rin='1010-AD20'; publication_id='200710'; ordinal=4; authority_text='30 USC 189 to 30 USC 190'; authority_type='usc'; parse_status='partial'; usc_title=30; usc_section='190'; usc_title_is_possible=True; usc_section_verdict='exists'; usc_section_attested_at_edition=True; usc_section_magnitude_is_plausible=True; authority_source='box'	30 USC 189 to 30 USC 190
ADDED	1010-AD20	200804	4	1	(no row) -> rin='1010-AD20'; publication_id='200804'; ordinal=4; authority_text='30 USC 189 to 30 USC 190'; authority_type='usc'; parse_status='partial'; usc_title=30; usc_section='190'; usc_title_is_possible=True; usc_section_verdict='exists'; usc_section_attested_at_edition=True; usc_section_magnitude_is_plausible=True; authority_in_own_cfr_note='absent'; cfr_note_part='30 CFR 203'; authority_source='box'	30 USC 189 to 30 USC 190
CHANGED	1010-AD36	201104	11	0	usc_section_end: None -> '3718'; usc_section_span_rule: None -> 'abbreviated-span'	31 USC 3716 to 18
CHANGED	1018-AF46	200010	1	1	usc_section_end: None -> '4244'; usc_section_span_rule: None -> 'stated'	16 USC 3371 to 3378, 4223 to 4244, and 4901 to 4916
CHANGED	1018-AF46	200010	1	2	usc_section_end: None -> '4916'; usc_section_span_rule: None -> 'stated'	16 USC 3371 to 3378, 4223 to 4244, and 4901 to 4916
CHANGED	1018-AF46	200104	1	1	usc_section_end: None -> '4244'; usc_section_span_rule: None -> 'stated'	16 USC 3371 to 3378, 4223 to 4244, and 4901 to 4916
CHANGED	1018-AF46	200104	1	2	usc_section_end: None -> '4916'; usc_section_span_rule: None -> 'stated'	16 USC 3371 to 3378, 4223 to 4244, and 4901 to 4916
CHANGED	1018-AF46	200110	1	1	usc_section_end: None -> '4244'; usc_section_span_rule: None -> 'stated'	16 USC 3371 to 3378, 4223 to 4244, and 4901 to 4916
CHANGED	1018-AF46	200110	1	2	usc_section_end: None -> '4916'; usc_section_span_rule: None -> 'stated'	16 USC 3371 to 3378, 4223 to 4244, and 4901 to 4916
CHANGED	1018-AF46	200204	1	1	usc_section_end: None -> '4244'; usc_section_span_rule: None -> 'stated'	16 USC 3371 to 3378, 4223 to 4244, and 4901 to 4916
CHANGED	1018-AF46	200204	1	2	usc_section_end: None -> '4916'; usc_section_span_rule: None -> 'stated'	16 USC 3371 to 3378, 4223 to 4244, and 4901 to 4916
CHANGED	1018-AF46	200210	1	1	usc_section_end: None -> '4244'; usc_section_span_rule: None -> 'stated'	16 USC 3371 to 3378, 4223 to 4244, and 4901 to 4916
CHANGED	1018-AF46	200210	1	2	usc_section_end: None -> '4916'; usc_section_span_rule: None -> 'stated'	16 USC 3371 to 3378, 4223 to 4244, and 4901 to 4916
CHANGED	1018-AF46	200304	1	1	usc_section_end: None -> '4244'; usc_section_span_rule: None -> 'stated'	16 USC 3371 to 3378, 4223 to 4244, and 4901 to 4916
CHANGED	1018-AF46	200304	1	2	usc_section_end: None -> '4916'; usc_section_span_rule: None -> 'stated'	16 USC 3371 to 3378, 4223 to 4244, and 4901 to 4916
CHANGED	1018-AF46	200310	1	1	usc_section_end: None -> '4244'; usc_section_span_rule: None -> 'stated'	16 USC 3371 to 3378, 4223 to 4244, and 4901 to 4916
CHANGED	1018-AF46	200310	1	2	usc_section_end: None -> '4916'; usc_section_span_rule: None -> 'stated'	16 USC 3371 to 3378, 4223 to 4244, and 4901 to 4916
CHANGED	1018-AF46	200404	1	1	usc_section_end: None -> '4244'; usc_section_span_rule: None -> 'stated'	16 USC 3371 to 3378, 4223 to 4244, and 4901 to 4916
CHANGED	1018-AF46	200404	1	2	usc_section_end: None -> '4916'; usc_section_span_rule: None -> 'stated'	16 USC 3371 to 3378, 4223 to 4244, and 4901 to 4916
CHANGED	1018-AF46	200410	1	1	usc_section_end: None -> '4244'; usc_section_span_rule: None -> 'stated'	16 USC 3371 to 3378, 4223 to 4244, and 4901 to 4916
CHANGED	1018-AF46	200410	1	2	usc_section_end: None -> '4916'; usc_section_span_rule: None -> 'stated'	16 USC 3371 to 3378, 4223 to 4244, and 4901 to 4916
CHANGED	1018-AF46	200504	1	1	usc_section_end: None -> '4244'; usc_section_span_rule: None -> 'stated'	16 USC 3371 to 3378, 4223 to 4244, and 4901 to 4916
CHANGED	1018-AF46	200504	1	2	usc_section_end: None -> '4916'; usc_section_span_rule: None -> 'stated'	16 USC 3371 to 3378, 4223 to 4244, and 4901 to 4916
CHANGED	1018-AF46	200510	1	1	usc_section_end: None -> '4244'; usc_section_span_rule: None -> 'stated'	16 USC 3371 to 3378, 4223 to 4244, and 4901 to 4916
CHANGED	1018-AF46	200510	1	2	usc_section_end: None -> '4916'; usc_section_span_rule: None -> 'stated'	16 USC 3371 to 3378, 4223 to 4244, and 4901 to 4916
CHANGED	1018-AF46	200604	1	1	usc_section_end: None -> '4244'; usc_section_span_rule: None -> 'stated'	16 USC 3371 to 3378, 4223 to 4244, and 4901 to 4916
CHANGED	1018-AF46	200604	1	2	usc_section_end: None -> '4916'; usc_section_span_rule: None -> 'stated'	16 USC 3371 to 3378, 4223 to 4244, and 4901 to 4916
CHANGED	1018-AF46	200610	1	1	usc_section_end: None -> '4244'; usc_section_span_rule: None -> 'stated'	16 USC 3371 to 3378, 4223 to 4244, and 4901 to 4916
CHANGED	1018-AF46	200610	1	2	usc_section_end: None -> '4916'; usc_section_span_rule: None -> 'stated'	16 USC 3371 to 3378, 4223 to 4244, and 4901 to 4916
CHANGED	1018-AF46	200704	1	1	usc_section_end: None -> '4244'; usc_section_span_rule: None -> 'stated'	16 USC 3371 to 3378, 4223 to 4244, and 4901 to 4916
CHANGED	1018-AF46	200704	1	2	usc_section_end: None -> '4916'; usc_section_span_rule: None -> 'stated'	16 USC 3371 to 3378, 4223 to 4244, and 4901 to 4916
CHANGED	1018-AF46	200710	1	1	usc_section_end: None -> '4244'; usc_section_span_rule: None -> 'stated'	16 USC 3371 to 3378, 4223 to 4244, and 4901 to 4916
CHANGED	1018-AF46	200710	1	2	usc_section_end: None -> '4916'; usc_section_span_rule: None -> 'stated'	16 USC 3371 to 3378, 4223 to 4244, and 4901 to 4916
CHANGED	1018-AF46	200804	1	1	usc_section_end: None -> '4244'; usc_section_span_rule: None -> 'stated'	16 USC 3371 to 3378, 4223 to 4244, and 4901 to 4916
CHANGED	1018-AF46	200804	1	2	usc_section_end: None -> '4916'; usc_section_span_rule: None -> 'stated'	16 USC 3371 to 3378, 4223 to 4244, and 4901 to 4916
CHANGED	1018-AF46	200810	1	1	usc_section_end: None -> '4244'; usc_section_span_rule: None -> 'stated'	16 USC 3371 to 3378, 4223 to 4244, and 4901 to 4916
CHANGED	1018-AF46	200810	1	2	usc_section_end: None -> '4916'; usc_section_span_rule: None -> 'stated'	16 USC 3371 to 3378, 4223 to 4244, and 4901 to 4916
CHANGED	1018-AF46	200904	1	1	usc_section_end: None -> '4244'; usc_section_span_rule: None -> 'stated'	16 USC 3371 to 3378, 4223 to 4244, and 4901 to 4916
CHANGED	1018-AF46	200904	1	2	usc_section_end: None -> '4916'; usc_section_span_rule: None -> 'stated'	16 USC 3371 to 3378, 4223 to 4244, and 4901 to 4916
CHANGED	1018-AF46	200910	1	1	usc_section_end: None -> '4244'; usc_section_span_rule: None -> 'stated'	16 USC 3371 to 3378, 4223 to 4244, and 4901 to 4916
CHANGED	1018-AF46	200910	1	2	usc_section_end: None -> '4916'; usc_section_span_rule: None -> 'stated'	16 USC 3371 to 3378, 4223 to 4244, and 4901 to 4916
CHANGED	1018-AF46	201004	1	1	usc_section_end: None -> '4244'; usc_section_span_rule: None -> 'stated'	16 USC 3371 to 3378, 4223 to 4244, and 4901 to 4916
CHANGED	1018-AF46	201004	1	2	usc_section_end: None -> '4916'; usc_section_span_rule: None -> 'stated'	16 USC 3371 to 3378, 4223 to 4244, and 4901 to 4916
CHANGED	1018-AF91	200010	0	4	usc_section_end: None -> '3126'; usc_section_span_rule: None -> 'stated'	16 USC 3, 472, 551,668dd, 3101 to 3126
CHANGED	1018-AF91	200104	0	4	usc_section_end: None -> '3126'; usc_section_span_rule: None -> 'stated'	16 USC 3, 472, 551,668dd, 3101 to 3126
CHANGED	1018-AG45	200010	0	0	parse_status: 'partial' -> 'ok'; usc_section_end: None -> '3233'; usc_section_span_rule: None -> 'stated'	16 USC 410(hh) to 3233
CHANGED	1018-AG45	200104	0	0	parse_status: 'partial' -> 'ok'; usc_section_end: None -> '3233'; usc_section_span_rule: None -> 'stated'	16 USC 410(hh) to 3233
CHANGED	1018-AG45	200110	0	0	parse_status: 'partial' -> 'ok'; usc_section_end: None -> '3233'; usc_section_span_rule: None -> 'stated'	16 USC 410(hh) to 3233
CHANGED	1018-AH98	200110	0	0	parse_status: 'partial' -> 'ok'; usc_section_end: None -> '754'; usc_section_span_rule: None -> 'stated'	16 USC 742(a) to 754
CHANGED	1018-AH98	200204	0	0	parse_status: 'partial' -> 'ok'; usc_section_end: None -> '754'; usc_section_span_rule: None -> 'stated'	16 USC 742(a) to 754
CHANGED	1018-AH98	200210	0	0	parse_status: 'partial' -> 'ok'; usc_section_end: None -> '754'; usc_section_span_rule: None -> 'stated'	16 USC 742(a) to 754
CHANGED	1018-AH98	200304	0	0	parse_status: 'partial' -> 'ok'; usc_section_end: None -> '754'; usc_section_span_rule: None -> 'stated'	16 USC 742(a) to 754
CHANGED	1018-AH98	200310	0	0	parse_status: 'partial' -> 'ok'; usc_section_end: None -> '754'; usc_section_span_rule: None -> 'stated'	16 USC 742(a) to 754
CHANGED	1018-AH98	200404	0	0	parse_status: 'partial' -> 'ok'; usc_section_end: None -> '754'; usc_section_span_rule: None -> 'stated'	16 USC 742(a) to 754
CHANGED	1018-AT71	200404	2	1	usc_section_end: None -> '715rr'; usc_section_span_rule: None -> 'stated'	16 USC 715 to 715k, 715n to 715rr
CHANGED	1018-AT71	200410	2	1	usc_section_end: None -> '715rr'; usc_section_span_rule: None -> 'stated'	16 USC 715 to 715k, 715n to 715rr
CHANGED	1018-AU08	200504	1	0	parse_status: 'partial' -> 'ok'; usc_section_end: None -> '460k-4'; usc_section_span_rule: None -> 'stated'	16 USC 460k to 460k-4
CHANGED	1018-AU08	200510	1	0	parse_status: 'partial' -> 'ok'; usc_section_end: None -> '460k-4'; usc_section_span_rule: None -> 'stated'	16 USC 460k to 460k-4
CHANGED	1018-AU08	200604	1	0	parse_status: 'partial' -> 'ok'; usc_section_end: None -> '460k-4'; usc_section_span_rule: None -> 'stated'	16 USC 460k to 460k-4
CHANGED	1018-AU08	200610	1	0	parse_status: 'partial' -> 'ok'; usc_section_end: None -> '460k-4'; usc_section_span_rule: None -> 'stated'	16 USC 460k to 460k-4
CHANGED	1018-AU16	200904	0	1	usc_section_end: None -> '668ee'; usc_section_span_rule: None -> 'stated'	16 USC 661 to 666c, 668dd to 668ee, 742a to 742j
CHANGED	1018-AU16	200904	0	2	usc_section_end: None -> '742j'; usc_section_span_rule: None -> 'stated'	16 USC 661 to 666c, 668dd to 668ee, 742a to 742j
CHANGED	1018-AU16	200910	0	1	usc_section_end: None -> '668ee'; usc_section_span_rule: None -> 'stated'	16 USC 661 to 666c, 668dd to 668ee, 742a to 742j
CHANGED	1018-AU16	200910	0	2	usc_section_end: None -> '742j'; usc_section_span_rule: None -> 'stated'	16 USC 661 to 666c, 668dd to 668ee, 742a to 742j
CHANGED	1018-AU92	200610	0	4	usc_section_end: None -> '3126'; usc_section_span_rule: None -> 'stated'	16 USC 3, 472, 551, 668(dd), 3101 to 3126
CHANGED	1018-AU92	200904	0	4	usc_section_end: None -> '3126'; usc_section_span_rule: None -> 'stated'	16 USC 3, 472, 551, 668(dd), 3101 to 3126
CHANGED	1018-AU92	200910	0	4	usc_section_end: None -> '3126'; usc_section_span_rule: None -> 'stated'	16 USC 3, 472, 551, 668(dd), 3101 to 3126
CHANGED	1018-AV43	200710	1	0	parse_status: 'partial' -> 'ok'; usc_section_end: None -> '460k-4'; usc_section_span_rule: None -> 'stated'	16 USC 460k to 460k-4
CHANGED	1018-AV43	200804	1	0	parse_status: 'partial' -> 'ok'; usc_section_end: None -> '460k-4'; usc_section_span_rule: None -> 'stated'	16 USC 460k to 460k-4
CHANGED	1018-AV43	200810	1	0	parse_status: 'partial' -> 'ok'; usc_section_end: None -> '460k-4'; usc_section_span_rule: None -> 'stated'	16 USC 460k to 460k-4
CHANGED	1018-AV44	200710	1	0	parse_status: 'partial' -> 'ok'; usc_section_end: None -> '460k-4'; usc_section_span_rule: None -> 'stated'	16 USC 460k to 460k-4
CHANGED	1018-AV44	200804	1	0	parse_status: 'partial' -> 'ok'; usc_section_end: None -> '460k-4'; usc_section_span_rule: None -> 'stated'	16 USC 460k to 460k-4
CHANGED	1018-AV44	200810	1	0	parse_status: 'partial' -> 'ok'; usc_section_end: None -> '460k-4'; usc_section_span_rule: None -> 'stated'	16 USC 460k to 460k-4
CHANGED	1018-AV44	200904	0	0	usc_section_end: None -> '460k-4'; usc_section_span_rule: None -> 'stated'	16 USC 460k to 460k-4, 668dd to 668ee
CHANGED	1018-AV44	200904	0	1	usc_section_end: None -> '668ee'; usc_section_span_rule: None -> 'stated'	16 USC 460k to 460k-4, 668dd to 668ee
CHANGED	1018-AV44	200910	0	0	usc_section_end: None -> '460k-4'; usc_section_span_rule: None -> 'stated'	16 USC 460k to 460k-4, 668dd to 668ee
CHANGED	1018-AV44	200910	0	1	usc_section_end: None -> '668ee'; usc_section_span_rule: None -> 'stated'	16 USC 460k to 460k-4, 668dd to 668ee
CHANGED	1018-AV44	201004	0	0	usc_section_end: None -> '460k-4'; usc_section_span_rule: None -> 'stated'	16 USC 460k to 460k-4, 668dd to 668ee
CHANGED	1018-AV44	201004	0	1	usc_section_end: None -> '668ee'; usc_section_span_rule: None -> 'stated'	16 USC 460k to 460k-4, 668dd to 668ee
CHANGED	1018-AV44	201010	0	0	parse_status: 'partial' -> 'ok'; usc_section_end: None -> '460k-4'; usc_section_span_rule: None -> 'stated'	16 USC 460k to 460k-4
CHANGED	1018-AV44	201104	0	0	parse_status: 'partial' -> 'ok'; usc_section_end: None -> '460k-4'; usc_section_span_rule: None -> 'stated'	16 USC 460k to 460k-4
CHANGED	1018-AV44	201110	0	0	parse_status: 'partial' -> 'ok'; usc_section_end: None -> '460k-4'; usc_section_span_rule: None -> 'stated'	16 USC 460k to 460k-4
CHANGED	1018-AV63	200710	0	10	usc_section_end: None -> '4916'; usc_section_span_rule: None -> 'stated'	16 USC 668a, 704, 712, 742j to l, 1374(g), 1382, 1538(d), 1539, 1540(f), 3374, 4901 to 4916
CHANGED	1018-AV63	200804	0	10	usc_section_end: None -> '4916'; usc_section_span_rule: None -> 'stated'	16 USC 668a, 704, 712, 742j to l, 1374(g), 1382, 1538(d), 1539, 1540(f), 3374, 4901 to 4916
CHANGED	1018-AV80	200904	1	1	usc_section_end: None -> '668ee'; usc_section_span_rule: None -> 'stated'	16 USC 664, 668dd to 668ee, 715(i)
CHANGED	1018-AV80	200910	1	1	usc_section_end: None -> '668ee'; usc_section_span_rule: None -> 'stated'	16 USC 664, 668dd to 668ee, 715(i)
CHANGED	1018-AW48	200904	1	1	usc_section_end: None -> '668ee'; usc_section_span_rule: None -> 'stated'	16 USC 664, 668dd to 668ee, 715(i)
CHANGED	1018-AW48	200910	1	1	usc_section_end: None -> '668ee'; usc_section_span_rule: None -> 'stated'	16 USC 664, 668dd to 668ee, 715(i)
CHANGED	1018-AW49	200904	1	1	usc_section_end: None -> '668ee'; usc_section_span_rule: None -> 'stated'	16 USC 664, 668dd to 668ee, 715(i)
CHANGED	1018-AW49	200910	1	1	usc_section_end: None -> '668ee'; usc_section_span_rule: None -> 'stated'	16 USC 664, 668dd to 668ee, 715(i)
CHANGED	1018-AW49	201004	1	1	usc_section_end: None -> '668ee'; usc_section_span_rule: None -> 'stated'	16 USC 664, 668dd to 668ee, 715(i)
CHANGED	1018-AW49	201010	1	1	usc_section_end: None -> '668ee'; usc_section_span_rule: None -> 'stated'	16 USC 664, 668dd to 668ee, 715(i)
CHANGED	1018-AX20	201004	1	1	usc_section_end: None -> '668ee'; usc_section_span_rule: None -> 'stated'	16 USC 664, 668dd to 668ee, 715(i)
CHANGED	1018-AY75	201210	9	0	parse_status: 'partial' -> 'ok'; usc_section_end: None -> '460l-11'; usc_section_span_rule: None -> 'stated'	16 USC 460l-4 to 460l-11
CHANGED	1018-AY75	201510	9	0	parse_status: 'partial' -> 'ok'; usc_section_end: None -> '460l-11'; usc_section_span_rule: None -> 'stated'	16 U.S.C. 460l-4 to 460l-11
CHANGED	1018-AY75	201604	9	0	parse_status: 'partial' -> 'ok'; usc_section_end: None -> '460l-11'; usc_section_span_rule: None -> 'stated'	16 U.S.C. 460l-4 to 460l-11
CHANGED	1018-AY75	201610	9	0	parse_status: 'partial' -> 'ok'; usc_section_end: None -> '460l-11'; usc_section_span_rule: None -> 'stated'	16 U.S.C. 460l-4 to 460l-11
CHANGED	1018-AY75	201704	9	0	parse_status: 'partial' -> 'ok'; usc_section_end: None -> '460l-11'; usc_section_span_rule: None -> 'stated'	16 U.S.C. 460l-4 to 460l-11
CHANGED	1018-AY75	201710	9	0	parse_status: 'partial' -> 'ok'; usc_section_end: None -> '460l-11'; usc_section_span_rule: None -> 'stated'	16 U.S.C. 460l-4 to 460l-11
CHANGED	1018-AZ50	201304	0	0	parse_status: 'partial' -> 'ok'; usc_section_end: None -> '460k-4'; usc_section_span_rule: None -> 'stated'	16 USC 460k to 460k-4
CHANGED	1018-AZ50	201310	0	0	parse_status: 'partial' -> 'ok'; usc_section_end: None -> '460k-4'; usc_section_span_rule: None -> 'stated'	16 USC 460k to 460k-4
CHANGED	1018-AZ50	201404	0	0	parse_status: 'partial' -> 'ok'; usc_section_end: None -> '460k-4'; usc_section_span_rule: None -> 'stated'	16 USC 460k to 460k-4
CHANGED	1018-AZ50	201410	0	0	parse_status: 'partial' -> 'ok'; usc_section_end: None -> '460k-4'; usc_section_span_rule: None -> 'stated'	16 USC 460k to 460k-4
CHANGED	1018-AZ50	201504	0	0	parse_status: 'partial' -> 'ok'; usc_section_end: None -> '460k-4'; usc_section_span_rule: None -> 'stated'	16 U.S.C. 460k to 460k-4
CHANGED	1018-AZ50	201510	0	0	parse_status: 'partial' -> 'ok'; usc_section_end: None -> '460k-4'; usc_section_span_rule: None -> 'stated'	16 U.S.C. 460k to 460k-4
CHANGED	1018-AZ50	201604	0	0	parse_status: 'partial' -> 'ok'; usc_section_end: None -> '460k-4'; usc_section_span_rule: None -> 'stated'	16 U.S.C. 460k to 460k-4
CHANGED	1018-AZ50	201610	0	0	parse_status: 'partial' -> 'ok'; usc_section_end: None -> '460k-4'; usc_section_span_rule: None -> 'stated'	16 U.S.C. 460k to 460k-4
CHANGED	1018-BA39	201404	4	0	usc_section_end: None -> '3126'; usc_section_span_rule: None -> 'abbreviated-span'	16 USC 3101 to 26
CHANGED	1018-BA39	201410	4	0	usc_section_end: None -> '3126'; usc_section_span_rule: None -> 'abbreviated-span'	16 USC 3101 to 26
CHANGED	1018-BA39	201504	4	0	usc_section_end: None -> '3126'; usc_section_span_rule: None -> 'abbreviated-span'	16 U.S.C. 3101 to 26
CHANGED	1018-BA39	201510	4	0	usc_section_end: None -> '3126'; usc_section_span_rule: None -> 'abbreviated-span'	16 U.S.C. 3101 to 26
CHANGED	1018-BA39	201604	4	0	usc_section_end: None -> '3126'; usc_section_span_rule: None -> 'abbreviated-span'	16 U.S.C. 3101 to 26
CHANGED	1018-BA39	201610	4	0	usc_section_end: None -> '3126'; usc_section_span_rule: None -> 'abbreviated-span'	16 U.S.C. 3101 to 26
CHANGED	1018-BC05	201704	1	0	parse_status: 'partial' -> 'ok'; usc_section_end: None -> '470aaa-11'; usc_section_span_rule: None -> 'stated'	16 U.S.C. 470aaa to 470aaa-11
CHANGED	1018-BC05	201710	1	0	parse_status: 'partial' -> 'ok'; usc_section_end: None -> '470aaa-11'; usc_section_span_rule: None -> 'stated'	16 U.S.C. 470aaa to 470aaa-11
CHANGED	1018-BC05	201804	1	0	parse_status: 'partial' -> 'ok'; usc_section_end: None -> '470aaa-11'; usc_section_span_rule: None -> 'stated'	16 U.S.C. 470aaa to 470aaa-11
CHANGED	1018-BD05	201804	1	0	parse_status: 'partial' -> 'ok'; usc_section_end: None -> '470aaa-11'; usc_section_span_rule: None -> 'stated'	16 U.S.C. 470aaa to 470aaa-11
CHANGED	1018-BD05	201810	1	0	parse_status: 'partial' -> 'ok'; usc_section_end: None -> '470aaa-11'; usc_section_span_rule: None -> 'stated'	16 U.S.C. 470aaa to 470aaa-11
CHANGED	1018-BD05	201904	1	0	parse_status: 'partial' -> 'ok'; usc_section_end: None -> '470aaa-11'; usc_section_span_rule: None -> 'stated'	16 U.S.C. 470aaa to 470aaa-11
CHANGED	1018-BE45	201910	1	0	parse_status: 'partial' -> 'ok'; usc_section_end: None -> '470aaa-11'; usc_section_span_rule: None -> 'stated'	16 U.S.C. 470aaa to 470aaa-11
CHANGED	1018-BE45	202004	1	0	parse_status: 'partial' -> 'ok'; usc_section_end: None -> '470aaa-11'; usc_section_span_rule: None -> 'stated'	16 U.S.C. 470aaa to 470aaa-11
CHANGED	1018-BE68	201910	0	0	parse_status: 'partial' -> 'ok'; usc_section_end: None -> '460k-4'; usc_section_span_rule: None -> 'stated'	16 U.S.C. 460k to 460k-4
CHANGED	1018-BE68	202004	0	0	parse_status: 'partial' -> 'ok'; usc_section_end: None -> '460k-4'; usc_section_span_rule: None -> 'stated'	16 U.S.C. 460k to 460k-4
CHANGED	1018-BE68	202010	0	0	parse_status: 'partial' -> 'ok'; usc_section_end: None -> '460k-4'; usc_section_span_rule: None -> 'stated'	16 U.S.C. 460k to 460k-4
CHANGED	1018-BF11	202004	1	0	parse_status: 'partial' -> 'ok'; usc_section_end: None -> '470aaa-11'; usc_section_span_rule: None -> 'stated'	16 U.S.C. 470aaa to 470aaa-11
CHANGED	1018-BF11	202010	1	0	parse_status: 'partial' -> 'ok'; usc_section_end: None -> '470aaa-11'; usc_section_span_rule: None -> 'stated'	16 U.S.C. 470aaa to 470aaa-11
CHANGED	1018-BF11	202104	1	0	parse_status: 'partial' -> 'ok'; usc_section_end: None -> '470aaa-11'; usc_section_span_rule: None -> 'stated'	16 U.S.C. 470aaa to 470aaa-11
CHANGED	1018-BF67	202104	1	0	parse_status: 'partial' -> 'ok'; usc_section_end: None -> '470aaa-11'; usc_section_span_rule: None -> 'stated'	16 U.S.C. 470aaa to 470aaa-11
CHANGED	1018-BF67	202110	1	0	parse_status: 'partial' -> 'ok'; usc_section_end: None -> '470aaa-11'; usc_section_span_rule: None -> 'stated'	16 U.S.C. 470aaa to 470aaa-11
CHANGED	1018-BF67	202204	1	0	parse_status: 'partial' -> 'ok'; usc_section_end: None -> '470aaa-11'; usc_section_span_rule: None -> 'stated'	16 U.S.C. 470aaa to 470aaa-11
CHANGED	1018-BG71	202204	0	0	parse_status: 'partial' -> 'ok'; usc_section_end: None -> '460k-4'; usc_section_span_rule: None -> 'stated'	16 U.S.C. 460k to 460k-4
CHANGED	1018-BG71	202210	0	0	parse_status: 'partial' -> 'ok'; usc_section_end: None -> '460k-4'; usc_section_span_rule: None -> 'stated'	16 U.S.C. 460k to 460k-4
CHANGED	1018-BG71	202304	0	0	parse_status: 'partial' -> 'ok'; usc_section_end: None -> '460k-4'; usc_section_span_rule: None -> 'stated'	16 U.S.C. 460k to 460k-4
CHANGED	1018-BG71	202310	0	0	parse_status: 'partial' -> 'ok'; usc_section_end: None -> '460k-4'; usc_section_span_rule: None -> 'stated'	16 U.S.C. 460k to 460k-4
CHANGED	1018-BG74	202204	1	0	parse_status: 'partial' -> 'ok'; usc_section_end: None -> '470aaa-11'; usc_section_span_rule: None -> 'stated'	16 U.S.C. 470aaa to 470aaa-11
CHANGED	1018-BG74	202210	1	0	parse_status: 'partial' -> 'ok'; usc_section_end: None -> '470aaa-11'; usc_section_span_rule: None -> 'stated'	16 U.S.C. 470aaa to 470aaa-11
CHANGED	1018-BG74	202304	1	0	parse_status: 'partial' -> 'ok'; usc_section_end: None -> '470aaa-11'; usc_section_span_rule: None -> 'stated'	16 U.S.C. 470aaa to 470aaa-11
CHANGED	1018-BG80	202204	0	0	parse_status: 'partial' -> 'ok'; usc_section_end: None -> '460k-4'; usc_section_span_rule: None -> 'stated'	16 U.S.C. 460k to 460k-4
CHANGED	1018-BG80	202204	4	0	parse_status: 'partial' -> 'ok'; usc_section_end: None -> '715k-5'; usc_section_span_rule: None -> 'stated'	16 U.S.C. 715k-3 to 715k-5
CHANGED	1018-BG80	202210	0	0	parse_status: 'partial' -> 'ok'; usc_section_end: None -> '460k-4'; usc_section_span_rule: None -> 'stated'	16 U.S.C. 460k to 460k-4
CHANGED	1018-BG80	202210	4	0	parse_status: 'partial' -> 'ok'; usc_section_end: None -> '715k-5'; usc_section_span_rule: None -> 'stated'	16 U.S.C. 715k-3 to 715k-5
CHANGED	1018-BG80	202304	0	0	parse_status: 'partial' -> 'ok'; usc_section_end: None -> '460k-4'; usc_section_span_rule: None -> 'stated'	16 U.S.C. 460k to 460k-4
CHANGED	1018-BG80	202304	4	0	parse_status: 'partial' -> 'ok'; usc_section_end: None -> '715k-5'; usc_section_span_rule: None -> 'stated'	16 U.S.C. 715k-3 to 715k-5
CHANGED	1018-BG80	202310	0	0	parse_status: 'partial' -> 'ok'; usc_section_end: None -> '460k-4'; usc_section_span_rule: None -> 'stated'	16 U.S.C. 460k to 460k-4
CHANGED	1018-BG80	202310	4	0	parse_status: 'partial' -> 'ok'; usc_section_end: None -> '715k-5'; usc_section_span_rule: None -> 'stated'	16 U.S.C. 715k-3 to 715k-5
CHANGED	1018-BG80	202404	0	0	parse_status: 'partial' -> 'ok'; usc_section_end: None -> '460k-4'; usc_section_span_rule: None -> 'stated'	16 U.S.C. 460k to 460k-4
CHANGED	1018-BG80	202404	4	0	parse_status: 'partial' -> 'ok'; usc_section_end: None -> '715k-5'; usc_section_span_rule: None -> 'stated'	16 U.S.C. 715k-3 to 715k-5
CHANGED	1018-BH16	202304	1	0	parse_status: 'partial' -> 'ok'; usc_section_end: None -> '470aaa-11'; usc_section_span_rule: None -> 'stated'	16 U.S.C. 470aaa to 470aaa-11
CHANGED	1018-BH16	202310	1	0	parse_status: 'partial' -> 'ok'; usc_section_end: None -> '470aaa-11'; usc_section_span_rule: None -> 'stated'	16 U.S.C. 470aaa to 470aaa-11
CHANGED	1018-BH16	202404	1	0	parse_status: 'partial' -> 'ok'; usc_section_end: None -> '470aaa-11'; usc_section_span_rule: None -> 'stated'	16 U.S.C. 470aaa to 470aaa-11
CHANGED	1018-BH17	202304	0	0	parse_status: 'partial' -> 'ok'; usc_section_end: None -> '460k-4'; usc_section_span_rule: None -> 'stated'	16 U.S.C. 460k to 460k-4
CHANGED	1018-BH17	202310	0	0	parse_status: 'partial' -> 'ok'; usc_section_end: None -> '460k-4'; usc_section_span_rule: None -> 'stated'	16 U.S.C. 460k to 460k-4
CHANGED	1018-BH17	202404	0	0	parse_status: 'partial' -> 'ok'; usc_section_end: None -> '460k-4'; usc_section_span_rule: None -> 'stated'	16 U.S.C. 460k to 460k-4
CHANGED	1018-BH17	202410	0	0	parse_status: 'partial' -> 'ok'; usc_section_end: None -> '460k-4'; usc_section_span_rule: None -> 'stated'	16 U.S.C. 460k to 460k-4
CHANGED	1018-BI01	202404	0	0	parse_status: 'partial' -> 'ok'; usc_section_end: None -> '460k-4'; usc_section_span_rule: None -> 'stated'	16 U.S.C. 460k to 460k-4
CHANGED	1018-BI01	202410	0	0	parse_status: 'partial' -> 'ok'; usc_section_end: None -> '460k-4'; usc_section_span_rule: None -> 'stated'	16 U.S.C. 460k to 460k-4
CHANGED	1018-BI01	202504	0	0	parse_status: 'partial' -> 'ok'; usc_section_end: None -> '460k-4'; usc_section_span_rule: None -> 'stated'	16 U.S.C. 460k to 460k-4
CHANGED	1018-BI01	202510	0	0	parse_status: 'partial' -> 'ok'; usc_section_end: None -> '460k-4'; usc_section_span_rule: None -> 'stated'	16 U.S.C. 460k to 460k-4
CHANGED	1018-BI02	202404	1	0	parse_status: 'partial' -> 'ok'; usc_section_end: None -> '470aaa-11'; usc_section_span_rule: None -> 'stated'	16 U.S.C. 470aaa to 470aaa-11
CHANGED	1018-BI02	202410	1	0	parse_status: 'partial' -> 'ok'; usc_section_end: None -> '470aaa-11'; usc_section_span_rule: None -> 'stated'	16 U.S.C. 470aaa to 470aaa-11
CHANGED	1018-BI02	202504	1	0	parse_status: 'partial' -> 'ok'; usc_section_end: None -> '470aaa-11'; usc_section_span_rule: None -> 'stated'	16 U.S.C. 470aaa to 470aaa-11
CHANGED	1018-BI02	202510	1	0	parse_status: 'partial' -> 'ok'; usc_section_end: None -> '470aaa-11'; usc_section_span_rule: None -> 'stated'	16 U.S.C. 470aaa to 470aaa-11
CHANGED	1018-BI71	202504	0	0	parse_status: 'partial' -> 'ok'; usc_section_end: None -> '460k-4'; usc_section_span_rule: None -> 'stated'	16 U.S.C. 460k to 460k-4
CHANGED	1018-BI71	202510	0	0	parse_status: 'partial' -> 'ok'; usc_section_end: None -> '460k-4'; usc_section_span_rule: None -> 'stated'	16 U.S.C. 460k to 460k-4
CHANGED	1018-BI72	202504	1	0	parse_status: 'partial' -> 'ok'; usc_section_end: None -> '470aaa-11'; usc_section_span_rule: None -> 'stated'	16 U.S.C. 470aaa to 470aaa-11
CHANGED	1018-BI72	202510	1	0	parse_status: 'partial' -> 'ok'; usc_section_end: None -> '470aaa-11'; usc_section_span_rule: None -> 'stated'	16 U.S.C. 470aaa to 470aaa-11
CHANGED	1018-BJ17	202510	0	0	parse_status: 'partial' -> 'ok'; usc_section_end: None -> '460k-4'; usc_section_span_rule: None -> 'stated'	16 U.S.C. 460k to 460k-4
CHANGED	1018-BJ17	202510	4	0	parse_status: 'partial' -> 'ok'; usc_section_end: None -> '715k-5'; usc_section_span_rule: None -> 'stated'	16 U.S.C. 715k-3 to 715k-5
CHANGED	1076-AF36	201704	13	5	usc_section_end: None -> '465'; usc_section_span_rule: None -> 'stated'	25 U.S.C. 2, 9, 409a, 450h, 451, 464 to 465, 487 to 489, 501 to 502, 573 to 574, 576, 608, 608a, 610, 610a, 622, 624, 640d-10, 1466, and 1495
CHANGED	1076-AF36	201704	13	6	usc_section_end: None -> '489'; usc_section_span_rule: None -> 'stated'	25 U.S.C. 2, 9, 409a, 450h, 451, 464 to 465, 487 to 489, 501 to 502, 573 to 574, 576, 608, 608a, 610, 610a, 622, 624, 640d-10, 1466, and 1495
CHANGED	1076-AF36	201704	13	7	usc_section_end: None -> '502'; usc_section_span_rule: None -> 'stated'	25 U.S.C. 2, 9, 409a, 450h, 451, 464 to 465, 487 to 489, 501 to 502, 573 to 574, 576, 608, 608a, 610, 610a, 622, 624, 640d-10, 1466, and 1495
CHANGED	1076-AF36	201704	13	8	usc_section_end: None -> '574'; usc_section_span_rule: None -> 'stated'	25 U.S.C. 2, 9, 409a, 450h, 451, 464 to 465, 487 to 489, 501 to 502, 573 to 574, 576, 608, 608a, 610, 610a, 622, 624, 640d-10, 1466, and 1495
CHANGED	1076-AF36	201710	13	5	usc_section_end: None -> '465'; usc_section_span_rule: None -> 'stated'	25 U.S.C. 2, 9, 409a, 450h, 451, 464 to 465, 487 to 489, 501 to 502, 573 to 574, 576, 608, 608a, 610, 610a, 622, 624, 640d-10, 1466, and 1495
CHANGED	1076-AF36	201710	13	6	usc_section_end: None -> '489'; usc_section_span_rule: None -> 'stated'	25 U.S.C. 2, 9, 409a, 450h, 451, 464 to 465, 487 to 489, 501 to 502, 573 to 574, 576, 608, 608a, 610, 610a, 622, 624, 640d-10, 1466, and 1495
CHANGED	1076-AF36	201710	13	7	usc_section_end: None -> '502'; usc_section_span_rule: None -> 'stated'	25 U.S.C. 2, 9, 409a, 450h, 451, 464 to 465, 487 to 489, 501 to 502, 573 to 574, 576, 608, 608a, 610, 610a, 622, 624, 640d-10, 1466, and 1495
CHANGED	1076-AF36	201710	13	8	usc_section_end: None -> '574'; usc_section_span_rule: None -> 'stated'	25 U.S.C. 2, 9, 409a, 450h, 451, 464 to 465, 487 to 489, 501 to 502, 573 to 574, 576, 608, 608a, 610, 610a, 622, 624, 640d-10, 1466, and 1495
CHANGED	1076-AF36	201804	13	5	usc_section_end: None -> '465'; usc_section_span_rule: None -> 'stated'	25 U.S.C. 2, 9, 409a, 450h, 451, 464 to 465, 487 to 489, 501 to 502, 573 to 574, 576, 608, 608a, 610, 610a, 622, 624, 640d-10, 1466, and 1495
CHANGED	1076-AF36	201804	13	6	usc_section_end: None -> '489'; usc_section_span_rule: None -> 'stated'	25 U.S.C. 2, 9, 409a, 450h, 451, 464 to 465, 487 to 489, 501 to 502, 573 to 574, 576, 608, 608a, 610, 610a, 622, 624, 640d-10, 1466, and 1495
CHANGED	1076-AF36	201804	13	7	usc_section_end: None -> '502'; usc_section_span_rule: None -> 'stated'	25 U.S.C. 2, 9, 409a, 450h, 451, 464 to 465, 487 to 489, 501 to 502, 573 to 574, 576, 608, 608a, 610, 610a, 622, 624, 640d-10, 1466, and 1495
CHANGED	1076-AF36	201804	13	8	usc_section_end: None -> '574'; usc_section_span_rule: None -> 'stated'	25 U.S.C. 2, 9, 409a, 450h, 451, 464 to 465, 487 to 489, 501 to 502, 573 to 574, 576, 608, 608a, 610, 610a, 622, 624, 640d-10, 1466, and 1495
CHANGED	1076-AF36	201810	13	5	usc_section_end: None -> '465'; usc_section_span_rule: None -> 'stated'	25 U.S.C. 2, 9, 409a, 450h, 451, 464 to 465, 487 to 489, 501 to 502, 573 to 574, 576, 608, 608a, 610, 610a, 622, 624, 640d-10, 1466, and 1495
CHANGED	1076-AF36	201810	13	6	usc_section_end: None -> '489'; usc_section_span_rule: None -> 'stated'	25 U.S.C. 2, 9, 409a, 450h, 451, 464 to 465, 487 to 489, 501 to 502, 573 to 574, 576, 608, 608a, 610, 610a, 622, 624, 640d-10, 1466, and 1495
CHANGED	1076-AF36	201810	13	7	usc_section_end: None -> '502'; usc_section_span_rule: None -> 'stated'	25 U.S.C. 2, 9, 409a, 450h, 451, 464 to 465, 487 to 489, 501 to 502, 573 to 574, 576, 608, 608a, 610, 610a, 622, 624, 640d-10, 1466, and 1495
CHANGED	1076-AF36	201810	13	8	usc_section_end: None -> '574'; usc_section_span_rule: None -> 'stated'	25 U.S.C. 2, 9, 409a, 450h, 451, 464 to 465, 487 to 489, 501 to 502, 573 to 574, 576, 608, 608a, 610, 610a, 622, 624, 640d-10, 1466, and 1495
CHANGED	1076-AF36	201904	13	5	usc_section_end: None -> '465'; usc_section_span_rule: None -> 'stated'	25 U.S.C. 2, 9, 409a, 450h, 451, 464 to 465, 487 to 489, 501 to 502, 573 to 574, 576, 608, 608a, 610, 610a, 622, 624, 640d-10, 1466, and 1495
CHANGED	1076-AF36	201904	13	6	usc_section_end: None -> '489'; usc_section_span_rule: None -> 'stated'	25 U.S.C. 2, 9, 409a, 450h, 451, 464 to 465, 487 to 489, 501 to 502, 573 to 574, 576, 608, 608a, 610, 610a, 622, 624, 640d-10, 1466, and 1495
CHANGED	1076-AF36	201904	13	7	usc_section_end: None -> '502'; usc_section_span_rule: None -> 'stated'	25 U.S.C. 2, 9, 409a, 450h, 451, 464 to 465, 487 to 489, 501 to 502, 573 to 574, 576, 608, 608a, 610, 610a, 622, 624, 640d-10, 1466, and 1495
CHANGED	1076-AF36	201904	13	8	usc_section_end: None -> '574'; usc_section_span_rule: None -> 'stated'	25 U.S.C. 2, 9, 409a, 450h, 451, 464 to 465, 487 to 489, 501 to 502, 573 to 574, 576, 608, 608a, 610, 610a, 622, 624, 640d-10, 1466, and 1495
CHANGED	1105-AB53	201804	1	2	usc_section_end: None -> '519'; usc_section_span_rule: None -> 'stated'	28 U.S.C. 509, 510, and 515 to 519
CHANGED	1105-AB53	201810	1	2	usc_section_end: None -> '519'; usc_section_span_rule: None -> 'stated'	28 U.S.C. 509, 510, and 515 to 519
CHANGED	1120-AB06	200010	0	7	usc_section_end: None -> '5024'; usc_section_span_rule: None -> 'stated'	18 USC 3621, 3622, 3624, 4001, 4042, 4081, 4082, 5006 to 5024, 5039
CHANGED	1120-AB06	200104	0	7	usc_section_end: None -> '5024'; usc_section_span_rule: None -> 'stated'	18 USC 3621, 3622, 3624, 4001, 4042, 4081, 4082, 5006 to 5024, 5039
CHANGED	1120-AB06	200110	0	7	usc_section_end: None -> '5024'; usc_section_span_rule: None -> 'stated'	18 USC 3621, 3622, 3624, 4001, 4042, 4081, 4082, 5006 to 5024, 5039
CHANGED	1120-AB06	200204	0	7	usc_section_end: None -> '5024'; usc_section_span_rule: None -> 'stated'	18 USC 3621, 3622, 3624, 4001, 4042, 4081, 4082, 5006 to 5024, 5039
CHANGED	1120-AB06	200210	0	7	usc_section_end: None -> '5024'; usc_section_span_rule: None -> 'stated'	18 USC 3621, 3622, 3624, 4001, 4042, 4081, 4082, 5006 to 5024, 5039
CHANGED	1120-AB06	200304	0	7	usc_section_end: None -> '5024'; usc_section_span_rule: None -> 'stated'	18 USC 3621, 3622, 3624, 4001, 4042, 4081, 4082, 5006 to 5024, 5039
CHANGED	1120-AB06	200310	0	7	usc_section_end: None -> '5024'; usc_section_span_rule: None -> 'stated'	18 USC 3621, 3622, 3624, 4001, 4042, 4081, 4082, 5006 to 5024, 5039
CHANGED	1120-AB06	200404	0	7	usc_section_end: None -> '5024'; usc_section_span_rule: None -> 'stated'	18 USC 3621, 3622, 3624, 4001, 4042, 4081, 4082, 5006 to 5024, 5039
CHANGED	1120-AB06	200410	0	7	usc_section_end: None -> '5024'; usc_section_span_rule: None -> 'stated'	18 USC 3621, 3622, 3624, 4001, 4042, 4081, 4082, 5006 to 5024, 5039
CHANGED	1120-AB06	200504	0	7	usc_section_end: None -> '5024'; usc_section_span_rule: None -> 'stated'	18 USC 3621, 3622, 3624, 4001, 4042, 4081, 4082, 5006 to 5024, 5039
CHANGED	1120-AB06	200510	0	7	usc_section_end: None -> '5024'; usc_section_span_rule: None -> 'stated'	18 USC 3621, 3622, 3624, 4001, 4042, 4081, 4082, 5006 to 5024, 5039
CHANGED	1120-AB06	200604	0	7	usc_section_end: None -> '5024'; usc_section_span_rule: None -> 'stated'	18 USC 3621, 3622, 3624, 4001, 4042, 4081, 4082, 5006 to 5024, 5039
CHANGED	1120-AB06	200610	0	7	usc_section_end: None -> '5024'; usc_section_span_rule: None -> 'stated'	18 USC 3621, 3622, 3624, 4001, 4042, 4081, 4082, 5006 to 5024, 5039
CHANGED	1120-AB06	200704	0	7	usc_section_end: None -> '5024'; usc_section_span_rule: None -> 'stated'	18 USC 3621, 3622, 3624, 4001, 4042, 4081, 4082, 5006 to 5024, 5039
CHANGED	1120-AB07	200104	0	5	usc_section_end: None -> '5024'; usc_section_span_rule: None -> 'stated'	18 USC 3521 to 3528, 4042, 4046, 4081, 4082, 5006 to 5024, 5039
CHANGED	1120-AB07	200110	0	5	usc_section_end: None -> '5024'; usc_section_span_rule: None -> 'stated'	18 USC 3521 to 3528, 4042, 4046, 4081, 4082, 5006 to 5024, 5039
CHANGED	1120-AB07	200204	0	5	usc_section_end: None -> '5024'; usc_section_span_rule: None -> 'stated'	18 USC 3521 to 3528, 4042, 4046, 4081, 4082, 5006 to 5024, 5039
CHANGED	1120-AB07	200210	0	5	usc_section_end: None -> '5024'; usc_section_span_rule: None -> 'stated'	18 USC 3521 to 3528, 4042, 4046, 4081, 4082, 5006 to 5024, 5039
CHANGED	1120-AB07	200304	0	5	usc_section_end: None -> '5024'; usc_section_span_rule: None -> 'stated'	18 USC 3521 to 3528, 4042, 4046, 4081, 4082, 5006 to 5024, 5039
CHANGED	1120-AB07	200310	0	5	usc_section_end: None -> '5024'; usc_section_span_rule: None -> 'stated'	18 USC 3521 to 3528, 4042, 4046, 4081, 4082, 5006 to 5024, 5039
CHANGED	1120-AB07	200404	0	5	usc_section_end: None -> '5024'; usc_section_span_rule: None -> 'stated'	18 USC 3521 to 3528, 4042, 4046, 4081, 4082, 5006 to 5024, 5039
CHANGED	1120-AB07	200410	0	5	usc_section_end: None -> '5024'; usc_section_span_rule: None -> 'stated'	18 USC 3521 to 3528, 4042, 4046, 4081, 4082, 5006 to 5024, 5039
CHANGED	1120-AB07	200504	0	5	usc_section_end: None -> '5024'; usc_section_span_rule: None -> 'stated'	18 USC 3521 to 3528, 4042, 4046, 4081, 4082, 5006 to 5024, 5039
CHANGED	1120-AB07	200510	0	5	usc_section_end: None -> '5024'; usc_section_span_rule: None -> 'stated'	18 USC 3521 to 3528, 4042, 4046, 4081, 4082, 5006 to 5024, 5039
CHANGED	1120-AB07	200604	0	5	usc_section_end: None -> '5024'; usc_section_span_rule: None -> 'stated'	18 USC 3521 to 3528, 4042, 4046, 4081, 4082, 5006 to 5024, 5039
CHANGED	1120-AB07	200610	0	5	usc_section_end: None -> '5024'; usc_section_span_rule: None -> 'stated'	18 USC 3521 to 3528, 4042, 4046, 4081, 4082, 5006 to 5024, 5039
CHANGED	1120-AB07	200704	0	5	usc_section_end: None -> '5024'; usc_section_span_rule: None -> 'stated'	18 USC 3521 to 3528, 4042, 4046, 4081, 4082, 5006 to 5024, 5039
CHANGED	1120-AB07	200710	0	5	usc_section_end: None -> '5024'; usc_section_span_rule: None -> 'stated'	18 USC 3521 to 3528, 4042, 4046, 4081, 4082, 5006 to 5024, 5039
CHANGED	1120-AB07	200804	0	5	usc_section_end: None -> '5024'; usc_section_span_rule: None -> 'stated'	18 USC 3521 to 3528, 4042, 4046, 4081, 4082, 5006 to 5024, 5039
CHANGED	1120-AB08	200210	1	7	usc_section_end: None -> '4166'; usc_section_span_rule: None -> 'stated'	18 USC 3621, 3622, 3624, 4001, 4042, 4081, 4082, 4161 to 4166, 5006 to 5024
CHANGED	1120-AB08	200210	1	8	usc_section_end: None -> '5024'; usc_section_span_rule: None -> 'stated'	18 USC 3621, 3622, 3624, 4001, 4042, 4081, 4082, 4161 to 4166, 5006 to 5024
CHANGED	1120-AB08	200304	1	7	usc_section_end: None -> '4166'; usc_section_span_rule: None -> 'stated'	18 USC 3621, 3622, 3624, 4001, 4042, 4081, 4082, 4161 to 4166, 5006 to 5024
CHANGED	1120-AB08	200304	1	8	usc_section_end: None -> '5024'; usc_section_span_rule: None -> 'stated'	18 USC 3621, 3622, 3624, 4001, 4042, 4081, 4082, 4161 to 4166, 5006 to 5024
CHANGED	1120-AB08	200310	1	7	usc_section_end: None -> '4166'; usc_section_span_rule: None -> 'stated'	18 USC 3621, 3622, 3624, 4001, 4042, 4081, 4082, 4161 to 4166, 5006 to 5024
CHANGED	1120-AB08	200310	1	8	usc_section_end: None -> '5024'; usc_section_span_rule: None -> 'stated'	18 USC 3621, 3622, 3624, 4001, 4042, 4081, 4082, 4161 to 4166, 5006 to 5024
CHANGED	1120-AB08	200404	1	7	usc_section_end: None -> '4166'; usc_section_span_rule: None -> 'stated'	18 USC 3621, 3622, 3624, 4001, 4042, 4081, 4082, 4161 to 4166, 5006 to 5024
CHANGED	1120-AB08	200404	1	8	usc_section_end: None -> '5024'; usc_section_span_rule: None -> 'stated'	18 USC 3621, 3622, 3624, 4001, 4042, 4081, 4082, 4161 to 4166, 5006 to 5024
CHANGED	1120-AB08	200410	1	7	usc_section_end: None -> '4166'; usc_section_span_rule: None -> 'stated'	18 USC 3621, 3622, 3624, 4001, 4042, 4081, 4082, 4161 to 4166, 5006 to 5024
CHANGED	1120-AB08	200410	1	8	usc_section_end: None -> '5024'; usc_section_span_rule: None -> 'stated'	18 USC 3621, 3622, 3624, 4001, 4042, 4081, 4082, 4161 to 4166, 5006 to 5024
CHANGED	1120-AB08	200504	1	7	usc_section_end: None -> '4166'; usc_section_span_rule: None -> 'stated'	18 USC 3621, 3622, 3624, 4001, 4042, 4081, 4082, 4161 to 4166, 5006 to 5024
CHANGED	1120-AB08	200504	1	8	usc_section_end: None -> '5024'; usc_section_span_rule: None -> 'stated'	18 USC 3621, 3622, 3624, 4001, 4042, 4081, 4082, 4161 to 4166, 5006 to 5024
CHANGED	1120-AB08	200510	1	7	usc_section_end: None -> '4166'; usc_section_span_rule: None -> 'stated'	18 USC 3621, 3622, 3624, 4001, 4042, 4081, 4082, 4161 to 4166, 5006 to 5024
CHANGED	1120-AB08	200510	1	8	usc_section_end: None -> '5024'; usc_section_span_rule: None -> 'stated'	18 USC 3621, 3622, 3624, 4001, 4042, 4081, 4082, 4161 to 4166, 5006 to 5024
CHANGED	1120-AB08	200604	1	7	usc_section_end: None -> '4166'; usc_section_span_rule: None -> 'stated'	18 USC 3621, 3622, 3624, 4001, 4042, 4081, 4082, 4161 to 4166, 5006 to 5024
CHANGED	1120-AB08	200604	1	8	usc_section_end: None -> '5024'; usc_section_span_rule: None -> 'stated'	18 USC 3621, 3622, 3624, 4001, 4042, 4081, 4082, 4161 to 4166, 5006 to 5024
CHANGED	1120-AB08	200610	1	7	usc_section_end: None -> '4166'; usc_section_span_rule: None -> 'stated'	18 USC 3621, 3622, 3624, 4001, 4042, 4081, 4082, 4161 to 4166, 5006 to 5024
CHANGED	1120-AB08	200610	1	8	usc_section_end: None -> '5024'; usc_section_span_rule: None -> 'stated'	18 USC 3621, 3622, 3624, 4001, 4042, 4081, 4082, 4161 to 4166, 5006 to 5024
CHANGED	1120-AB08	200704	1	7	usc_section_end: None -> '4166'; usc_section_span_rule: None -> 'stated'	18 USC 3621, 3622, 3624, 4001, 4042, 4081, 4082, 4161 to 4166, 5006 to 5024
CHANGED	1120-AB08	200704	1	8	usc_section_end: None -> '5024'; usc_section_span_rule: None -> 'stated'	18 USC 3621, 3622, 3624, 4001, 4042, 4081, 4082, 4161 to 4166, 5006 to 5024
CHANGED	1120-AB09	200210	1	1	usc_section_end: None -> '3528'; usc_section_span_rule: None -> 'stated'	18 USC 223, 3521 to 3528, 3621 to 3622, 4001, 4042, 4081 to 4082
CHANGED	1120-AB09	200210	1	2	usc_section_end: None -> '3622'; usc_section_span_rule: None -> 'stated'	18 USC 223, 3521 to 3528, 3621 to 3622, 4001, 4042, 4081 to 4082
CHANGED	1120-AB09	200210	1	5	usc_section_end: None -> '4082'; usc_section_span_rule: None -> 'stated'	18 USC 223, 3521 to 3528, 3621 to 3622, 4001, 4042, 4081 to 4082
CHANGED	1120-AB09	200210	2	1	usc_section_end: None -> '4166'; usc_section_span_rule: None -> 'stated'	18 USC 4046, 4161 to 4166, 5006 to 5024, 5039
CHANGED	1120-AB09	200210	2	2	usc_section_end: None -> '5024'; usc_section_span_rule: None -> 'stated'	18 USC 4046, 4161 to 4166, 5006 to 5024, 5039
CHANGED	1120-AB09	200304	1	1	usc_section_end: None -> '3528'; usc_section_span_rule: None -> 'stated'	18 USC 223, 3521 to 3528, 3621 to 3622, 4001, 4042, 4081 to 4082
CHANGED	1120-AB09	200304	1	2	usc_section_end: None -> '3622'; usc_section_span_rule: None -> 'stated'	18 USC 223, 3521 to 3528, 3621 to 3622, 4001, 4042, 4081 to 4082
CHANGED	1120-AB09	200304	1	5	usc_section_end: None -> '4082'; usc_section_span_rule: None -> 'stated'	18 USC 223, 3521 to 3528, 3621 to 3622, 4001, 4042, 4081 to 4082
CHANGED	1120-AB09	200304	2	1	usc_section_end: None -> '4166'; usc_section_span_rule: None -> 'stated'	18 USC 4046, 4161 to 4166, 5006 to 5024, 5039
CHANGED	1120-AB09	200304	2	2	usc_section_end: None -> '5024'; usc_section_span_rule: None -> 'stated'	18 USC 4046, 4161 to 4166, 5006 to 5024, 5039
CHANGED	1120-AB09	200310	1	1	usc_section_end: None -> '3528'; usc_section_span_rule: None -> 'stated'	18 USC 223, 3521 to 3528, 3621 to 3622, 4001, 4042, 4081 to 4082
CHANGED	1120-AB09	200310	1	2	usc_section_end: None -> '3622'; usc_section_span_rule: None -> 'stated'	18 USC 223, 3521 to 3528, 3621 to 3622, 4001, 4042, 4081 to 4082
CHANGED	1120-AB09	200310	1	5	usc_section_end: None -> '4082'; usc_section_span_rule: None -> 'stated'	18 USC 223, 3521 to 3528, 3621 to 3622, 4001, 4042, 4081 to 4082
CHANGED	1120-AB09	200310	2	1	usc_section_end: None -> '4166'; usc_section_span_rule: None -> 'stated'	18 USC 4046, 4161 to 4166, 5006 to 5024, 5039
CHANGED	1120-AB09	200310	2	2	usc_section_end: None -> '5024'; usc_section_span_rule: None -> 'stated'	18 USC 4046, 4161 to 4166, 5006 to 5024, 5039
CHANGED	1120-AB10	200610	1	2	usc_section_end: None -> '3569'; usc_section_span_rule: None -> 'stated'	18 USC 3621 to 3622, 3565, 3568 to 3569, 3582, 4001, 4042, 4081 to 4082
CHANGED	1120-AB10	200610	1	6	usc_section_end: None -> '4082'; usc_section_span_rule: None -> 'stated'	18 USC 3621 to 3622, 3565, 3568 to 3569, 3582, 4001, 4042, 4081 to 4082
CHANGED	1120-AB10	200610	2	1	usc_section_end: None -> '4218'; usc_section_span_rule: None -> 'stated'	18 USC 4161 to 4166, 4201 to 4218, 5006 to 5024, 5039
CHANGED	1120-AB10	200610	2	2	usc_section_end: None -> '5024'; usc_section_span_rule: None -> 'stated'	18 USC 4161 to 4166, 4201 to 4218, 5006 to 5024, 5039
CHANGED	1120-AB10	200704	1	2	usc_section_end: None -> '3569'; usc_section_span_rule: None -> 'stated'	18 USC 3621 to 3622, 3565, 3568 to 3569, 3582, 4001, 4042, 4081 to 4082
CHANGED	1120-AB10	200704	1	6	usc_section_end: None -> '4082'; usc_section_span_rule: None -> 'stated'	18 USC 3621 to 3622, 3565, 3568 to 3569, 3582, 4001, 4042, 4081 to 4082
CHANGED	1120-AB10	200704	2	1	usc_section_end: None -> '4218'; usc_section_span_rule: None -> 'stated'	18 USC 4161 to 4166, 4201 to 4218, 5006 to 5024, 5039
CHANGED	1120-AB10	200704	2	2	usc_section_end: None -> '5024'; usc_section_span_rule: None -> 'stated'	18 USC 4161 to 4166, 4201 to 4218, 5006 to 5024, 5039
CHANGED	1120-AB10	200710	1	2	usc_section_end: None -> '3569'; usc_section_span_rule: None -> 'stated'	18 USC 3621 to 3622, 3565, 3568 to 3569, 3582, 4001, 4042, 4081 to 4082
CHANGED	1120-AB10	200710	1	6	usc_section_end: None -> '4082'; usc_section_span_rule: None -> 'stated'	18 USC 3621 to 3622, 3565, 3568 to 3569, 3582, 4001, 4042, 4081 to 4082
CHANGED	1120-AB10	200710	2	1	usc_section_end: None -> '4218'; usc_section_span_rule: None -> 'stated'	18 USC 4161 to 4166, 4201 to 4218, 5006 to 5024, 5039
CHANGED	1120-AB10	200710	2	2	usc_section_end: None -> '5024'; usc_section_span_rule: None -> 'stated'	18 USC 4161 to 4166, 4201 to 4218, 5006 to 5024, 5039
CHANGED	1120-AB10	200804	1	2	usc_section_end: None -> '3569'; usc_section_span_rule: None -> 'stated'	18 USC 3621 to 3622, 3565, 3568 to 3569, 3582, 4001, 4042, 4081 to 4082
CHANGED	1120-AB10	200804	1	6	usc_section_end: None -> '4082'; usc_section_span_rule: None -> 'stated'	18 USC 3621 to 3622, 3565, 3568 to 3569, 3582, 4001, 4042, 4081 to 4082
CHANGED	1120-AB10	200804	2	1	usc_section_end: None -> '4218'; usc_section_span_rule: None -> 'stated'	18 USC 4161 to 4166, 4201 to 4218, 5006 to 5024, 5039
CHANGED	1120-AB10	200804	2	2	usc_section_end: None -> '5024'; usc_section_span_rule: None -> 'stated'	18 USC 4161 to 4166, 4201 to 4218, 5006 to 5024, 5039
CHANGED	1120-AB10	200810	1	2	usc_section_end: None -> '3569'; usc_section_span_rule: None -> 'stated'	18 USC 3621 to 3622, 3565, 3568 to 3569, 3582, 4001, 4042, 4081 to 4082
CHANGED	1120-AB10	200810	1	6	usc_section_end: None -> '4082'; usc_section_span_rule: None -> 'stated'	18 USC 3621 to 3622, 3565, 3568 to 3569, 3582, 4001, 4042, 4081 to 4082
CHANGED	1120-AB10	200810	2	1	usc_section_end: None -> '4218'; usc_section_span_rule: None -> 'stated'	18 USC 4161 to 4166, 4201 to 4218, 5006 to 5024, 5039
CHANGED	1120-AB10	200810	2	2	usc_section_end: None -> '5024'; usc_section_span_rule: None -> 'stated'	18 USC 4161 to 4166, 4201 to 4218, 5006 to 5024, 5039
CHANGED	1120-AB10	200904	2	1	usc_section_end: None -> '4218'; usc_section_span_rule: None -> 'stated'	18 USC 4161 to 4166, 4201 to 4218, 5006 to 5024, 5039
CHANGED	1120-AB10	200904	2	2	usc_section_end: None -> '5024'; usc_section_span_rule: None -> 'stated'	18 USC 4161 to 4166, 4201 to 4218, 5006 to 5024, 5039
CHANGED	1120-AB10	200910	2	1	usc_section_end: None -> '4218'; usc_section_span_rule: None -> 'stated'	18 USC 4161 to 4166, 4201 to 4218, 5006 to 5024, 5039
CHANGED	1120-AB10	200910	2	2	usc_section_end: None -> '5024'; usc_section_span_rule: None -> 'stated'	18 USC 4161 to 4166, 4201 to 4218, 5006 to 5024, 5039
CHANGED	1120-AB10	201004	2	1	usc_section_end: None -> '4218'; usc_section_span_rule: None -> 'stated'	18 USC 4161 to 4166, 4201 to 4218, 5006 to 5024, 5039
CHANGED	1120-AB10	201004	2	2	usc_section_end: None -> '5024'; usc_section_span_rule: None -> 'stated'	18 USC 4161 to 4166, 4201 to 4218, 5006 to 5024, 5039
CHANGED	1120-AB10	201010	2	1	usc_section_end: None -> '4218'; usc_section_span_rule: None -> 'stated'	18 USC 4161 to 4166, 4201 to 4218, 5006 to 5024, 5039
CHANGED	1120-AB10	201010	2	2	usc_section_end: None -> '5024'; usc_section_span_rule: None -> 'stated'	18 USC 4161 to 4166, 4201 to 4218, 5006 to 5024, 5039
CHANGED	1120-AB10	201104	2	1	usc_section_end: None -> '4218'; usc_section_span_rule: None -> 'stated'	18 USC 4161 to 4166, 4201 to 4218, 5006 to 5024, 5039
CHANGED	1120-AB10	201104	2	2	usc_section_end: None -> '5024'; usc_section_span_rule: None -> 'stated'	18 USC 4161 to 4166, 4201 to 4218, 5006 to 5024, 5039
CHANGED	1120-AB10	201110	2	1	usc_section_end: None -> '4218'; usc_section_span_rule: None -> 'stated'	18 USC 4161 to 4166, 4201 to 4218, 5006 to 5024, 5039
CHANGED	1120-AB10	201110	2	2	usc_section_end: None -> '5024'; usc_section_span_rule: None -> 'stated'	18 USC 4161 to 4166, 4201 to 4218, 5006 to 5024, 5039
CHANGED	1120-AB10	201210	2	1	usc_section_end: None -> '4218'; usc_section_span_rule: None -> 'stated'	18 USC 4161 to 4166, 4201 to 4218, 5006 to 5024, 5039
CHANGED	1120-AB10	201210	2	2	usc_section_end: None -> '5024'; usc_section_span_rule: None -> 'stated'	18 USC 4161 to 4166, 4201 to 4218, 5006 to 5024, 5039
CHANGED	1120-AB10	201304	2	1	usc_section_end: None -> '4218'; usc_section_span_rule: None -> 'stated'	18 USC 4161 to 4166, 4201 to 4218, 5006 to 5024, 5039
CHANGED	1120-AB10	201304	2	2	usc_section_end: None -> '5024'; usc_section_span_rule: None -> 'stated'	18 USC 4161 to 4166, 4201 to 4218, 5006 to 5024, 5039
CHANGED	1120-AB10	201310	2	1	usc_section_end: None -> '4218'; usc_section_span_rule: None -> 'stated'	18 USC 4161 to 4166, 4201 to 4218, 5006 to 5024, 5031 to 5042
CHANGED	1120-AB10	201310	2	2	usc_section_end: None -> '5024'; usc_section_span_rule: None -> 'stated'	18 USC 4161 to 4166, 4201 to 4218, 5006 to 5024, 5031 to 5042
CHANGED	1120-AB10	201310	2	3	usc_section_end: None -> '5042'; usc_section_span_rule: None -> 'stated'	18 USC 4161 to 4166, 4201 to 4218, 5006 to 5024, 5031 to 5042
CHANGED	1120-AB10	201404	2	1	usc_section_end: None -> '4218'; usc_section_span_rule: None -> 'stated'	18 USC 4161 to 4166, 4201 to 4218, 5006 to 5024, 5031 to 5042
CHANGED	1120-AB10	201404	2	2	usc_section_end: None -> '5024'; usc_section_span_rule: None -> 'stated'	18 USC 4161 to 4166, 4201 to 4218, 5006 to 5024, 5031 to 5042
CHANGED	1120-AB10	201404	2	3	usc_section_end: None -> '5042'; usc_section_span_rule: None -> 'stated'	18 USC 4161 to 4166, 4201 to 4218, 5006 to 5024, 5031 to 5042
CHANGED	1120-AB10	201410	2	1	usc_section_end: None -> '4218'; usc_section_span_rule: None -> 'stated'	18 USC 4161 to 4166, 4201 to 4218, 5006 to 5024, 5031 to 5042
CHANGED	1120-AB10	201410	2	2	usc_section_end: None -> '5024'; usc_section_span_rule: None -> 'stated'	18 USC 4161 to 4166, 4201 to 4218, 5006 to 5024, 5031 to 5042
CHANGED	1120-AB10	201410	2	3	usc_section_end: None -> '5042'; usc_section_span_rule: None -> 'stated'	18 USC 4161 to 4166, 4201 to 4218, 5006 to 5024, 5031 to 5042
CHANGED	1120-AB10	201504	2	1	usc_section_end: None -> '4218'; usc_section_span_rule: None -> 'stated'	18 U.S.C. 4161 to 4166, 4201 to 4218, 5006 to 5024, 5031 to 5042
CHANGED	1120-AB10	201504	2	2	usc_section_end: None -> '5024'; usc_section_span_rule: None -> 'stated'	18 U.S.C. 4161 to 4166, 4201 to 4218, 5006 to 5024, 5031 to 5042
CHANGED	1120-AB10	201504	2	3	usc_section_end: None -> '5042'; usc_section_span_rule: None -> 'stated'	18 U.S.C. 4161 to 4166, 4201 to 4218, 5006 to 5024, 5031 to 5042
CHANGED	1120-AB10	201510	2	1	usc_section_end: None -> '4218'; usc_section_span_rule: None -> 'stated'	18 U.S.C. 4161 to 4166, 4201 to 4218, 5006 to 5024, 5031 to 5042
CHANGED	1120-AB10	201510	2	2	usc_section_end: None -> '5024'; usc_section_span_rule: None -> 'stated'	18 U.S.C. 4161 to 4166, 4201 to 4218, 5006 to 5024, 5031 to 5042
CHANGED	1120-AB10	201510	2	3	usc_section_end: None -> '5042'; usc_section_span_rule: None -> 'stated'	18 U.S.C. 4161 to 4166, 4201 to 4218, 5006 to 5024, 5031 to 5042
CHANGED	1120-AB10	201604	2	1	usc_section_end: None -> '4218'; usc_section_span_rule: None -> 'stated'	18 U.S.C. 4161 to 4166, 4201 to 4218, 5006 to 5024, 5031 to 5042
CHANGED	1120-AB10	201604	2	2	usc_section_end: None -> '5024'; usc_section_span_rule: None -> 'stated'	18 U.S.C. 4161 to 4166, 4201 to 4218, 5006 to 5024, 5031 to 5042
CHANGED	1120-AB10	201604	2	3	usc_section_end: None -> '5042'; usc_section_span_rule: None -> 'stated'	18 U.S.C. 4161 to 4166, 4201 to 4218, 5006 to 5024, 5031 to 5042
CHANGED	1120-AB10	201610	2	1	usc_section_end: None -> '4218'; usc_section_span_rule: None -> 'stated'	18 U.S.C. 4161 to 4166, 4201 to 4218, 5006 to 5024, 5031 to 5042
CHANGED	1120-AB10	201610	2	2	usc_section_end: None -> '5024'; usc_section_span_rule: None -> 'stated'	18 U.S.C. 4161 to 4166, 4201 to 4218, 5006 to 5024, 5031 to 5042
CHANGED	1120-AB10	201610	2	3	usc_section_end: None -> '5042'; usc_section_span_rule: None -> 'stated'	18 U.S.C. 4161 to 4166, 4201 to 4218, 5006 to 5024, 5031 to 5042
CHANGED	1120-AB10	201704	2	1	usc_section_end: None -> '4218'; usc_section_span_rule: None -> 'stated'	18 U.S.C. 4161 to 4166, 4201 to 4218, 5006 to 5024, 5031 to 5042
CHANGED	1120-AB10	201704	2	2	usc_section_end: None -> '5024'; usc_section_span_rule: None -> 'stated'	18 U.S.C. 4161 to 4166, 4201 to 4218, 5006 to 5024, 5031 to 5042
CHANGED	1120-AB10	201704	2	3	usc_section_end: None -> '5042'; usc_section_span_rule: None -> 'stated'	18 U.S.C. 4161 to 4166, 4201 to 4218, 5006 to 5024, 5031 to 5042
CHANGED	1120-AB10	201710	2	1	usc_section_end: None -> '4218'; usc_section_span_rule: None -> 'stated'	18 U.S.C. 4161 to 4166, 4201 to 4218, 5006 to 5024, 5031 to 5042
CHANGED	1120-AB10	201710	2	2	usc_section_end: None -> '5024'; usc_section_span_rule: None -> 'stated'	18 U.S.C. 4161 to 4166, 4201 to 4218, 5006 to 5024, 5031 to 5042
CHANGED	1120-AB10	201710	2	3	usc_section_end: None -> '5042'; usc_section_span_rule: None -> 'stated'	18 U.S.C. 4161 to 4166, 4201 to 4218, 5006 to 5024, 5031 to 5042
CHANGED	1120-AB11	200210	1	6	usc_section_end: None -> '4082'; usc_section_span_rule: None -> 'stated'	18 USC 3621 to 3622, 4001, 4005, 4014, 4042, 4045, 4081 to 4082
CHANGED	1120-AB11	200210	2	1	usc_section_end: None -> '4247'; usc_section_span_rule: None -> 'stated'	18 USC 4161 to 4166, 4241 to 4247, 5006 to 5024, 5039
CHANGED	1120-AB11	200210	2	2	usc_section_end: None -> '5024'; usc_section_span_rule: None -> 'stated'	18 USC 4161 to 4166, 4241 to 4247, 5006 to 5024, 5039
CHANGED	1120-AB11	200304	1	6	usc_section_end: None -> '4082'; usc_section_span_rule: None -> 'stated'	18 USC 3621 to 3622, 4001, 4005, 4014, 4042, 4045, 4081 to 4082
CHANGED	1120-AB11	200304	2	1	usc_section_end: None -> '4247'; usc_section_span_rule: None -> 'stated'	18 USC 4161 to 4166, 4241 to 4247, 5006 to 5024, 5039
CHANGED	1120-AB11	200304	2	2	usc_section_end: None -> '5024'; usc_section_span_rule: None -> 'stated'	18 USC 4161 to 4166, 4241 to 4247, 5006 to 5024, 5039
CHANGED	1120-AB11	200310	1	6	usc_section_end: None -> '4082'; usc_section_span_rule: None -> 'stated'	18 USC 3621 to 3622, 4001, 4005, 4014, 4042, 4045, 4081 to 4082
CHANGED	1120-AB11	200310	2	1	usc_section_end: None -> '4247'; usc_section_span_rule: None -> 'stated'	18 USC 4161 to 4166, 4241 to 4247, 5006 to 5024, 5039
CHANGED	1120-AB11	200310	2	2	usc_section_end: None -> '5024'; usc_section_span_rule: None -> 'stated'	18 USC 4161 to 4166, 4241 to 4247, 5006 to 5024, 5039
CHANGED	1120-AB11	200404	1	6	usc_section_end: None -> '4082'; usc_section_span_rule: None -> 'stated'	18 USC 3621 to 3622, 4001, 4005, 4014, 4042, 4045, 4081 to 4082
CHANGED	1120-AB11	200404	2	1	usc_section_end: None -> '4247'; usc_section_span_rule: None -> 'stated'	18 USC 4161 to 4166, 4241 to 4247, 5006 to 5024, 5039
CHANGED	1120-AB11	200404	2	2	usc_section_end: None -> '5024'; usc_section_span_rule: None -> 'stated'	18 USC 4161 to 4166, 4241 to 4247, 5006 to 5024, 5039
CHANGED	1120-AB11	200410	1	6	usc_section_end: None -> '4082'; usc_section_span_rule: None -> 'stated'	18 USC 3621 to 3622, 4001, 4005, 4014, 4042, 4045, 4081 to 4082
CHANGED	1120-AB11	200410	2	1	usc_section_end: None -> '4247'; usc_section_span_rule: None -> 'stated'	18 USC 4161 to 4166, 4241 to 4247, 5006 to 5024, 5039
CHANGED	1120-AB11	200410	2	2	usc_section_end: None -> '5024'; usc_section_span_rule: None -> 'stated'	18 USC 4161 to 4166, 4241 to 4247, 5006 to 5024, 5039
CHANGED	1120-AB11	200504	1	6	usc_section_end: None -> '4082'; usc_section_span_rule: None -> 'stated'	18 USC 3621 to 3622, 4001, 4005, 4014, 4042, 4045, 4081 to 4082
CHANGED	1120-AB11	200504	2	1	usc_section_end: None -> '4247'; usc_section_span_rule: None -> 'stated'	18 USC 4161 to 4166, 4241 to 4247, 5006 to 5024, 5039
CHANGED	1120-AB11	200504	2	2	usc_section_end: None -> '5024'; usc_section_span_rule: None -> 'stated'	18 USC 4161 to 4166, 4241 to 4247, 5006 to 5024, 5039
CHANGED	1120-AB11	200510	1	6	usc_section_end: None -> '4082'; usc_section_span_rule: None -> 'stated'	18 USC 3621 to 3622, 4001, 4005, 4014, 4042, 4045, 4081 to 4082
CHANGED	1120-AB11	200510	2	1	usc_section_end: None -> '4247'; usc_section_span_rule: None -> 'stated'	18 USC 4161 to 4166, 4241 to 4247, 5006 to 5024, 5039
CHANGED	1120-AB11	200510	2	2	usc_section_end: None -> '5024'; usc_section_span_rule: None -> 'stated'	18 USC 4161 to 4166, 4241 to 4247, 5006 to 5024, 5039
CHANGED	1120-AB12	200210	2	4	usc_section_end: None -> '4082'; usc_section_span_rule: None -> 'stated'	18 USC 3621 to 3622, 3568, 4001, 4042, 4081 to 4082
CHANGED	1120-AB12	200210	3	1	usc_section_end: None -> '5024'; usc_section_span_rule: None -> 'stated'	18 USC 4161 to 4166, 5006 to 5024, 5039
CHANGED	1120-AB12	200304	2	4	usc_section_end: None -> '4082'; usc_section_span_rule: None -> 'stated'	18 USC 3621 to 3622, 3568, 4001, 4042, 4081 to 4082
CHANGED	1120-AB12	200304	3	1	usc_section_end: None -> '5024'; usc_section_span_rule: None -> 'stated'	18 USC 4161 to 4166, 5006 to 5024, 5039
CHANGED	1120-AB12	200310	2	4	usc_section_end: None -> '4082'; usc_section_span_rule: None -> 'stated'	18 USC 3621 to 3622, 3568, 4001, 4042, 4081 to 4082
CHANGED	1120-AB12	200310	3	1	usc_section_end: None -> '5024'; usc_section_span_rule: None -> 'stated'	18 USC 4161 to 4166, 5006 to 5024, 5039
CHANGED	1120-AB12	200404	2	4	usc_section_end: None -> '4082'; usc_section_span_rule: None -> 'stated'	18 USC 3621 to 3622, 3568, 4001, 4042, 4081 to 4082
CHANGED	1120-AB12	200404	3	1	usc_section_end: None -> '5024'; usc_section_span_rule: None -> 'stated'	18 USC 4161 to 4166, 5006 to 5024, 5039
CHANGED	1120-AB12	200410	2	4	usc_section_end: None -> '4082'; usc_section_span_rule: None -> 'stated'	18 USC 3621 to 3622, 3568, 4001, 4042, 4081 to 4082
CHANGED	1120-AB12	200410	3	1	usc_section_end: None -> '5024'; usc_section_span_rule: None -> 'stated'	18 USC 4161 to 4166, 5006 to 5024, 5039
CHANGED	1120-AB12	200504	2	4	usc_section_end: None -> '4082'; usc_section_span_rule: None -> 'stated'	18 USC 3621 to 3622, 3568, 4001, 4042, 4081 to 4082
CHANGED	1120-AB12	200504	3	1	usc_section_end: None -> '5024'; usc_section_span_rule: None -> 'stated'	18 USC 4161 to 4166, 5006 to 5024, 5039
CHANGED	1120-AB12	200510	2	4	usc_section_end: None -> '4082'; usc_section_span_rule: None -> 'stated'	18 USC 3621 to 3622, 3568, 4001, 4042, 4081 to 4082
CHANGED	1120-AB12	200510	3	1	usc_section_end: None -> '5024'; usc_section_span_rule: None -> 'stated'	18 USC 4161 to 4166, 5006 to 5024, 5039
CHANGED	1120-AB12	200604	2	4	usc_section_end: None -> '4082'; usc_section_span_rule: None -> 'stated'	18 USC 3621 to 3622, 3568, 4001, 4042, 4081 to 4082
CHANGED	1120-AB12	200604	3	1	usc_section_end: None -> '5024'; usc_section_span_rule: None -> 'stated'	18 USC 4161 to 4166, 5006 to 5024, 5039
CHANGED	1120-AB13	200210	1	5	usc_section_end: None -> '4082'; usc_section_span_rule: None -> 'stated'	18 USC 3621 to 3622, 3568, 3585, 4001, 4042, 4081 to 4082
CHANGED	1120-AB13	200210	2	1	usc_section_end: None -> '5024'; usc_section_span_rule: None -> 'stated'	18 USC 4161 to 4166, 5006 to 5024, 5039
CHANGED	1120-AB13	200304	1	5	usc_section_end: None -> '4082'; usc_section_span_rule: None -> 'stated'	18 USC 3621 to 3622, 3568, 3585, 4001, 4042, 4081 to 4082
CHANGED	1120-AB13	200304	2	1	usc_section_end: None -> '5024'; usc_section_span_rule: None -> 'stated'	18 USC 4161 to 4166, 5006 to 5024, 5039
CHANGED	1120-AB13	200310	1	5	usc_section_end: None -> '4082'; usc_section_span_rule: None -> 'stated'	18 USC 3621 to 3622, 3568, 3585, 4001, 4042, 4081 to 4082
CHANGED	1120-AB13	200310	2	1	usc_section_end: None -> '5024'; usc_section_span_rule: None -> 'stated'	18 USC 4161 to 4166, 5006 to 5024, 5039
CHANGED	1120-AB13	200404	1	5	usc_section_end: None -> '4082'; usc_section_span_rule: None -> 'stated'	18 USC 3621 to 3622, 3568, 3585, 4001, 4042, 4081 to 4082
CHANGED	1120-AB13	200404	2	1	usc_section_end: None -> '5024'; usc_section_span_rule: None -> 'stated'	18 USC 4161 to 4166, 5006 to 5024, 5039
CHANGED	1120-AB13	200410	1	5	usc_section_end: None -> '4082'; usc_section_span_rule: None -> 'stated'	18 USC 3621 to 3622, 3568, 3585, 4001, 4042, 4081 to 4082
CHANGED	1120-AB13	200410	2	1	usc_section_end: None -> '5024'; usc_section_span_rule: None -> 'stated'	18 USC 4161 to 4166, 5006 to 5024, 5039
CHANGED	1120-AB13	200504	1	5	usc_section_end: None -> '4082'; usc_section_span_rule: None -> 'stated'	18 USC 3621 to 3622, 3568, 3585, 4001, 4042, 4081 to 4082
CHANGED	1120-AB13	200504	2	1	usc_section_end: None -> '5024'; usc_section_span_rule: None -> 'stated'	18 USC 4161 to 4166, 5006 to 5024, 5039
CHANGED	1120-AB13	200510	1	5	usc_section_end: None -> '4082'; usc_section_span_rule: None -> 'stated'	18 USC 3621 to 3622, 3568, 3585, 4001, 4042, 4081 to 4082
CHANGED	1120-AB13	200510	2	1	usc_section_end: None -> '5024'; usc_section_span_rule: None -> 'stated'	18 USC 4161 to 4166, 5006 to 5024, 5039
CHANGED	1120-AB13	200604	1	5	usc_section_end: None -> '4082'; usc_section_span_rule: None -> 'stated'	18 USC 3621 to 3622, 3568, 3585, 4001, 4042, 4081 to 4082
CHANGED	1120-AB13	200604	2	1	usc_section_end: None -> '5024'; usc_section_span_rule: None -> 'stated'	18 USC 4161 to 4166, 5006 to 5024, 5039
CHANGED	1120-AB14	200210	1	4	usc_section_end: None -> '4082'; usc_section_span_rule: None -> 'stated'	18 USC 3621 to 3622, 3624, 4001, 4042, 4081 to 4082
CHANGED	1120-AB14	200304	1	4	usc_section_end: None -> '4082'; usc_section_span_rule: None -> 'stated'	18 USC 3621 to 3622, 3624, 4001, 4042, 4081 to 4082
CHANGED	1120-AB14	200310	1	4	usc_section_end: None -> '4082'; usc_section_span_rule: None -> 'stated'	18 USC 3621 to 3622, 3624, 4001, 4042, 4081 to 4082
CHANGED	1120-AB14	200404	1	4	usc_section_end: None -> '4082'; usc_section_span_rule: None -> 'stated'	18 USC 3621 to 3622, 3624, 4001, 4042, 4081 to 4082
CHANGED	1120-AB14	200410	1	4	usc_section_end: None -> '4082'; usc_section_span_rule: None -> 'stated'	18 USC 3621 to 3622, 3624, 4001, 4042, 4081 to 4082
CHANGED	1120-AB14	200504	1	4	usc_section_end: None -> '4082'; usc_section_span_rule: None -> 'stated'	18 USC 3621 to 3622, 3624, 4001, 4042, 4081 to 4082
CHANGED	1120-AB14	200510	1	4	usc_section_end: None -> '4082'; usc_section_span_rule: None -> 'stated'	18 USC 3621 to 3622, 3624, 4001, 4042, 4081 to 4082
CHANGED	1120-AB14	200604	1	4	usc_section_end: None -> '4082'; usc_section_span_rule: None -> 'stated'	18 USC 3621 to 3622, 3624, 4001, 4042, 4081 to 4082
CHANGED	1120-AB14	200610	1	4	usc_section_end: None -> '4082'; usc_section_span_rule: None -> 'stated'	18 USC 3621 to 3622, 3624, 4001, 4042, 4081 to 4082
CHANGED	1120-AB14	200704	1	4	usc_section_end: None -> '4082'; usc_section_span_rule: None -> 'stated'	18 USC 3621 to 3622, 3624, 4001, 4042, 4081 to 4082
CHANGED	1120-AB14	200710	1	4	usc_section_end: None -> '4082'; usc_section_span_rule: None -> 'stated'	18 USC 3621 to 3622, 3624, 4001, 4042, 4081 to 4082
CHANGED	1120-AB14	200804	1	4	usc_section_end: None -> '4082'; usc_section_span_rule: None -> 'stated'	18 USC 3621 to 3622, 3624, 4001, 4042, 4081 to 4082
CHANGED	1120-AB14	200810	1	4	usc_section_end: None -> '4082'; usc_section_span_rule: None -> 'stated'	18 USC 3621 to 3622, 3624, 4001, 4042, 4081 to 4082
CHANGED	1120-AB14	200904	1	5	usc_section_end: None -> '4082'; usc_section_span_rule: None -> 'stated'	18 USC 3621 and 3622, 3624, 4001, 4042, 4081 to 4082
CHANGED	1120-AB14	200910	1	5	usc_section_end: None -> '4082'; usc_section_span_rule: None -> 'stated'	18 USC 3621 and 3622, 3624, 4001, 4042, 4081 to 4082
CHANGED	1120-AB14	201004	1	5	usc_section_end: None -> '4082'; usc_section_span_rule: None -> 'stated'	18 USC 3621 and 3622, 3624, 4001, 4042, 4081 to 4082
CHANGED	1120-AB14	201010	1	5	usc_section_end: None -> '4082'; usc_section_span_rule: None -> 'stated'	18 USC 3621 and 3622, 3624, 4001, 4042, 4081 to 4082
CHANGED	1120-AB14	201104	1	5	usc_section_end: None -> '4082'; usc_section_span_rule: None -> 'stated'	18 USC 3621 and 3622, 3624, 4001, 4042, 4081 to 4082
CHANGED	1120-AB14	201110	1	5	usc_section_end: None -> '4082'; usc_section_span_rule: None -> 'stated'	18 USC 3621 and 3622, 3624, 4001, 4042, 4081 to 4082
CHANGED	1120-AB14	201210	1	5	usc_section_end: None -> '4082'; usc_section_span_rule: None -> 'stated'	18 USC 3621 and 3622, 3624, 4001, 4042, 4081 to 4082
CHANGED	1120-AB14	201304	1	5	usc_section_end: None -> '4082'; usc_section_span_rule: None -> 'stated'	18 USC 3621 and 3622, 3624, 4001, 4042, 4081 to 4082
CHANGED	1120-AB14	201310	1	5	usc_section_end: None -> '4082'; usc_section_span_rule: None -> 'stated'	18 USC 3621 and 3622, 3624, 4001, 4042, 4081 to 4082
CHANGED	1120-AB14	201404	1	5	usc_section_end: None -> '4082'; usc_section_span_rule: None -> 'stated'	18 USC 3621 and 3622, 3624, 4001, 4042, 4081 to 4082
CHANGED	1120-AB14	201410	1	5	usc_section_end: None -> '4082'; usc_section_span_rule: None -> 'stated'	18 USC 3621 and 3622, 3624, 4001, 4042, 4081 to 4082
CHANGED	1120-AB14	201704	1	5	usc_section_end: None -> '4082'; usc_section_span_rule: None -> 'stated'	18 U.S.C. 3621 and 3622, 3624, 4001, 4042, 4081 to 4082
CHANGED	1120-AB16	200210	1	3	usc_section_end: None -> '4082'; usc_section_span_rule: None -> 'stated'	18 USC 3621 to 3622, 4001, 4042, 4081 to 4082
CHANGED	1120-AB16	200210	2	1	usc_section_end: None -> '5024'; usc_section_span_rule: None -> 'stated'	18 USC 4161 to 4166, 5006 to 5024, 5039
CHANGED	1120-AB16	200304	1	3	usc_section_end: None -> '4082'; usc_section_span_rule: None -> 'stated'	18 USC 3621 to 3622, 4001, 4042, 4081 to 4082
CHANGED	1120-AB16	200304	2	1	usc_section_end: None -> '5024'; usc_section_span_rule: None -> 'stated'	18 USC 4161 to 4166, 5006 to 5024, 5039
CHANGED	1120-AB16	200310	1	3	usc_section_end: None -> '4082'; usc_section_span_rule: None -> 'stated'	18 USC 3621 to 3622, 4001, 4042, 4081 to 4082
CHANGED	1120-AB16	200310	2	1	usc_section_end: None -> '5024'; usc_section_span_rule: None -> 'stated'	18 USC 4161 to 4166, 5006 to 5024, 5039
CHANGED	1120-AB16	200404	1	3	usc_section_end: None -> '4082'; usc_section_span_rule: None -> 'stated'	18 USC 3621 to 3622, 4001, 4042, 4081 to 4082
CHANGED	1120-AB16	200404	2	1	usc_section_end: None -> '5024'; usc_section_span_rule: None -> 'stated'	18 USC 4161 to 4166, 5006 to 5024, 5039
CHANGED	1120-AB16	200410	1	3	usc_section_end: None -> '4082'; usc_section_span_rule: None -> 'stated'	18 USC 3621 to 3622, 4001, 4042, 4081 to 4082
CHANGED	1120-AB16	200410	2	1	usc_section_end: None -> '5024'; usc_section_span_rule: None -> 'stated'	18 USC 4161 to 4166, 5006 to 5024, 5039
CHANGED	1120-AB17	200210	1	4	usc_section_end: None -> '4082'; usc_section_span_rule: None -> 'stated'	18 USC 3621 to 3622, 3624, 4001, 4042, 4081 to 4082
CHANGED	1120-AB17	200210	2	1	usc_section_end: None -> '5024'; usc_section_span_rule: None -> 'stated'	18 USC 4161 to 4166, 5006 to 5024, 5039
CHANGED	1120-AB17	200304	1	4	usc_section_end: None -> '4082'; usc_section_span_rule: None -> 'stated'	18 USC 3621 to 3622, 3624, 4001, 4042, 4081 to 4082
CHANGED	1120-AB17	200304	2	1	usc_section_end: None -> '5024'; usc_section_span_rule: None -> 'stated'	18 USC 4161 to 4166, 5006 to 5024, 5039
CHANGED	1120-AB17	200310	1	4	usc_section_end: None -> '4082'; usc_section_span_rule: None -> 'stated'	18 USC 3621 to 3622, 3624, 4001, 4042, 4081 to 4082
CHANGED	1120-AB17	200310	2	1	usc_section_end: None -> '5024'; usc_section_span_rule: None -> 'stated'	18 USC 4161 to 4166, 5006 to 5024, 5039
CHANGED	1120-AB17	200404	1	4	usc_section_end: None -> '4082'; usc_section_span_rule: None -> 'stated'	18 USC 3621 to 3622, 3624, 4001, 4042, 4081 to 4082
CHANGED	1120-AB17	200404	2	1	usc_section_end: None -> '5024'; usc_section_span_rule: None -> 'stated'	18 USC 4161 to 4166, 5006 to 5024, 5039
CHANGED	1120-AB17	200410	1	4	usc_section_end: None -> '4082'; usc_section_span_rule: None -> 'stated'	18 USC 3621 to 3622, 3624, 4001, 4042, 4081 to 4082
CHANGED	1120-AB17	200410	2	1	usc_section_end: None -> '5024'; usc_section_span_rule: None -> 'stated'	18 USC 4161 to 4166, 5006 to 5024, 5039
CHANGED	1120-AB17	200504	1	4	usc_section_end: None -> '4082'; usc_section_span_rule: None -> 'stated'	18 USC 3621 to 3622, 3624, 4001, 4042, 4081 to 4082
CHANGED	1120-AB17	200504	2	1	usc_section_end: None -> '5024'; usc_section_span_rule: None -> 'stated'	18 USC 4161 to 4166, 5006 to 5024, 5039
CHANGED	1120-AB17	200510	1	4	usc_section_end: None -> '4082'; usc_section_span_rule: None -> 'stated'	18 USC 3621 to 3622, 3624, 4001, 4042, 4081 to 4082
CHANGED	1120-AB17	200510	2	1	usc_section_end: None -> '5024'; usc_section_span_rule: None -> 'stated'	18 USC 4161 to 4166, 5006 to 5024, 5039
CHANGED	1120-AB18	200210	1	3	usc_section_end: None -> '4082'; usc_section_span_rule: None -> 'stated'	18 USC 3621 to 3622, 4001, 4042, 4081 to 4082
CHANGED	1120-AB18	200210	2	1	usc_section_end: None -> '5024'; usc_section_span_rule: None -> 'stated'	18 USC 4161 to 4166, 5006 to 5024, 5039
CHANGED	1120-AB18	200304	1	3	usc_section_end: None -> '4082'; usc_section_span_rule: None -> 'stated'	18 USC 3621 to 3622, 4001, 4042, 4081 to 4082
CHANGED	1120-AB18	200304	2	1	usc_section_end: None -> '5024'; usc_section_span_rule: None -> 'stated'	18 USC 4161 to 4166, 5006 to 5024, 5039
CHANGED	1120-AB18	200310	1	3	usc_section_end: None -> '4082'; usc_section_span_rule: None -> 'stated'	18 USC 3621 to 3622, 4001, 4042, 4081 to 4082
CHANGED	1120-AB18	200310	2	1	usc_section_end: None -> '5024'; usc_section_span_rule: None -> 'stated'	18 USC 4161 to 4166, 5006 to 5024, 5039
CHANGED	1120-AB18	200404	1	3	usc_section_end: None -> '4082'; usc_section_span_rule: None -> 'stated'	18 USC 3621 to 3622, 4001, 4042, 4081 to 4082
CHANGED	1120-AB18	200404	2	1	usc_section_end: None -> '5024'; usc_section_span_rule: None -> 'stated'	18 USC 4161 to 4166, 5006 to 5024, 5039
CHANGED	1120-AB18	200410	1	3	usc_section_end: None -> '4082'; usc_section_span_rule: None -> 'stated'	18 USC 3621 to 3622, 4001, 4042, 4081 to 4082
CHANGED	1120-AB18	200410	2	1	usc_section_end: None -> '5024'; usc_section_span_rule: None -> 'stated'	18 USC 4161 to 4166, 5006 to 5024, 5039
CHANGED	1120-AB18	200504	1	3	usc_section_end: None -> '4082'; usc_section_span_rule: None -> 'stated'	18 USC 3621 to 3622, 4001, 4042, 4081 to 4082
CHANGED	1120-AB18	200504	2	1	usc_section_end: None -> '5024'; usc_section_span_rule: None -> 'stated'	18 USC 4161 to 4166, 5006 to 5024, 5039
CHANGED	1120-AB18	200510	1	3	usc_section_end: None -> '4082'; usc_section_span_rule: None -> 'stated'	18 USC 3621 to 3622, 4001, 4042, 4081 to 4082
CHANGED	1120-AB18	200510	2	1	usc_section_end: None -> '5024'; usc_section_span_rule: None -> 'stated'	18 USC 4161 to 4166, 5006 to 5024, 5039
CHANGED	1120-AB18	200604	1	3	usc_section_end: None -> '4082'; usc_section_span_rule: None -> 'stated'	18 USC 3621 to 3622, 4001, 4042, 4081 to 4082
CHANGED	1120-AB18	200604	2	1	usc_section_end: None -> '5024'; usc_section_span_rule: None -> 'stated'	18 USC 4161 to 4166, 5006 to 5024, 5039
CHANGED	1120-AB18	200610	1	3	usc_section_end: None -> '4082'; usc_section_span_rule: None -> 'stated'	18 USC 3621 to 3622, 4001, 4042, 4081 to 4082
CHANGED	1120-AB18	200610	2	1	usc_section_end: None -> '5024'; usc_section_span_rule: None -> 'stated'	18 USC 4161 to 4166, 5006 to 5024, 5039
CHANGED	1120-AB18	200704	1	3	usc_section_end: None -> '4082'; usc_section_span_rule: None -> 'stated'	18 USC 3621 to 3622, 4001, 4042, 4081 to 4082
CHANGED	1120-AB18	200704	2	1	usc_section_end: None -> '5024'; usc_section_span_rule: None -> 'stated'	18 USC 4161 to 4166, 5006 to 5024, 5039
CHANGED	1120-AB18	200710	1	3	usc_section_end: None -> '4082'; usc_section_span_rule: None -> 'stated'	18 USC 3621 to 3622, 4001, 4042, 4081 to 4082
CHANGED	1120-AB18	200710	2	1	usc_section_end: None -> '5024'; usc_section_span_rule: None -> 'stated'	18 USC 4161 to 4166, 5006 to 5024, 5039
CHANGED	1120-AB18	200804	1	3	usc_section_end: None -> '4082'; usc_section_span_rule: None -> 'stated'	18 USC 3621 to 3622, 4001, 4042, 4081 to 4082
CHANGED	1120-AB18	200804	2	1	usc_section_end: None -> '5024'; usc_section_span_rule: None -> 'stated'	18 USC 4161 to 4166, 5006 to 5024, 5039
CHANGED	1120-AB18	200810	1	3	usc_section_end: None -> '4082'; usc_section_span_rule: None -> 'stated'	18 USC 3621 to 3622, 4001, 4042, 4081 to 4082
CHANGED	1120-AB18	200810	2	1	usc_section_end: None -> '5024'; usc_section_span_rule: None -> 'stated'	18 USC 4161 to 4166, 5006 to 5024, 5039
CHANGED	1120-AB18	200904	2	1	usc_section_end: None -> '5024'; usc_section_span_rule: None -> 'stated'	18 USC 4161 to 4166, 5006 to 5024, 5039
CHANGED	1120-AB18	200910	2	1	usc_section_end: None -> '5024'; usc_section_span_rule: None -> 'stated'	18 USC 4161 to 4166, 5006 to 5024, 5039
CHANGED	1120-AB18	201004	2	1	usc_section_end: None -> '5024'; usc_section_span_rule: None -> 'stated'	18 USC 4161 to 4166, 5006 to 5024, 5039
CHANGED	1120-AB18	201010	2	1	usc_section_end: None -> '5024'; usc_section_span_rule: None -> 'stated'	18 USC 4161 to 4166, 5006 to 5024, 5039
CHANGED	1120-AB18	201104	2	1	usc_section_end: None -> '5024'; usc_section_span_rule: None -> 'stated'	18 USC 4161 to 4166, 5006 to 5024, 5039
CHANGED	1120-AB20	200210	3	1	usc_section_end: None -> '5024'; usc_section_span_rule: None -> 'stated'	18 USC 4241 to 4247, 5006 to 5024, 5039
CHANGED	1120-AB20	200304	3	1	usc_section_end: None -> '5024'; usc_section_span_rule: None -> 'stated'	18 USC 4241 to 4247, 5006 to 5024, 5039
CHANGED	1120-AB20	200310	3	1	usc_section_end: None -> '5024'; usc_section_span_rule: None -> 'stated'	18 USC 4241 to 4247, 5006 to 5024, 5039
CHANGED	1120-AB20	200404	3	1	usc_section_end: None -> '5024'; usc_section_span_rule: None -> 'stated'	18 USC 4241 to 4247, 5006 to 5024, 5039
CHANGED	1120-AB20	200410	3	1	usc_section_end: None -> '5024'; usc_section_span_rule: None -> 'stated'	18 USC 4241 to 4247, 5006 to 5024, 5039
CHANGED	1120-AB20	200504	3	1	usc_section_end: None -> '5024'; usc_section_span_rule: None -> 'stated'	18 USC 4241 to 4247, 5006 to 5024, 5039
CHANGED	1120-AB20	200510	3	1	usc_section_end: None -> '5024'; usc_section_span_rule: None -> 'stated'	18 USC 4241 to 4247, 5006 to 5024, 5039
CHANGED	1120-AB20	200604	3	1	usc_section_end: None -> '5024'; usc_section_span_rule: None -> 'stated'	18 USC 4241 to 4247, 5006 to 5024, 5039
CHANGED	1120-AB20	200610	3	1	usc_section_end: None -> '5024'; usc_section_span_rule: None -> 'stated'	18 USC 4241 to 4247, 5006 to 5024, 5039
CHANGED	1120-AB20	200704	3	1	usc_section_end: None -> '5024'; usc_section_span_rule: None -> 'stated'	18 USC 4241 to 4247, 5006 to 5024, 5039
CHANGED	1120-AB20	200710	3	1	usc_section_end: None -> '5024'; usc_section_span_rule: None -> 'stated'	18 USC 4241 to 4247, 5006 to 5024, 5039
CHANGED	1120-AB20	200804	3	1	usc_section_end: None -> '5024'; usc_section_span_rule: None -> 'stated'	18 USC 4241 to 4247, 5006 to 5024, 5039
CHANGED	1120-AB20	200810	3	1	usc_section_end: None -> '5024'; usc_section_span_rule: None -> 'stated'	18 USC 4241 to 4247, 5006 to 5024, 5039
CHANGED	1120-AB20	200904	3	1	usc_section_end: None -> '5024'; usc_section_span_rule: None -> 'stated'	18 USC 4241 to 4247, 5006 to 5024, 5039
CHANGED	1120-AB20	200910	3	1	usc_section_end: None -> '5024'; usc_section_span_rule: None -> 'stated'	18 USC 4241 to 4247, 5006 to 5024, 5039
CHANGED	1120-AB20	201004	3	1	usc_section_end: None -> '5024'; usc_section_span_rule: None -> 'stated'	18 USC 4241 to 4247, 5006 to 5024, 5039
CHANGED	1120-AB20	201010	3	1	usc_section_end: None -> '5024'; usc_section_span_rule: None -> 'stated'	18 USC 4241 to 4247, 5006 to 5024, 5039
CHANGED	1120-AB20	201104	3	1	usc_section_end: None -> '5024'; usc_section_span_rule: None -> 'stated'	18 USC 4241 to 4247, 5006 to 5024, 5039
CHANGED	1120-AB20	201110	3	1	usc_section_end: None -> '5024'; usc_section_span_rule: None -> 'stated'	18 USC 4241 to 4247, 5006 to 5024, 5039
CHANGED	1120-AB21	200210	1	1	usc_section_end: None -> '3569'; usc_section_span_rule: None -> 'stated'	18 USC 3565, 3568 to 3569, 3582, 3621 to 3622, 3624, 4001, 4042, 4081 to 4082
CHANGED	1120-AB21	200210	1	3	usc_section_end: None -> '3622'; usc_section_span_rule: None -> 'stated'	18 USC 3565, 3568 to 3569, 3582, 3621 to 3622, 3624, 4001, 4042, 4081 to 4082
CHANGED	1120-AB21	200210	1	7	usc_section_end: None -> '4082'; usc_section_span_rule: None -> 'stated'	18 USC 3565, 3568 to 3569, 3582, 3621 to 3622, 3624, 4001, 4042, 4081 to 4082
CHANGED	1120-AB21	200210	2	1	usc_section_end: None -> '4218'; usc_section_span_rule: None -> 'stated'	18 USC 4161-4166, 4201 to 4218, 5006 to 5024, 5031 to 5042
CHANGED	1120-AB21	200210	2	2	usc_section_end: None -> '5024'; usc_section_span_rule: None -> 'stated'	18 USC 4161-4166, 4201 to 4218, 5006 to 5024, 5031 to 5042
CHANGED	1120-AB21	200210	2	3	usc_section_end: None -> '5042'; usc_section_span_rule: None -> 'stated'	18 USC 4161-4166, 4201 to 4218, 5006 to 5024, 5031 to 5042
CHANGED	1120-AB21	200304	1	1	usc_section_end: None -> '3569'; usc_section_span_rule: None -> 'stated'	18 USC 3565, 3568 to 3569, 3582, 3621 to 3622, 3624, 4001, 4042, 4081 to 4082
CHANGED	1120-AB21	200304	1	3	usc_section_end: None -> '3622'; usc_section_span_rule: None -> 'stated'	18 USC 3565, 3568 to 3569, 3582, 3621 to 3622, 3624, 4001, 4042, 4081 to 4082
CHANGED	1120-AB21	200304	1	7	usc_section_end: None -> '4082'; usc_section_span_rule: None -> 'stated'	18 USC 3565, 3568 to 3569, 3582, 3621 to 3622, 3624, 4001, 4042, 4081 to 4082
CHANGED	1120-AB21	200304	2	1	usc_section_end: None -> '4218'; usc_section_span_rule: None -> 'stated'	18 USC 4161-4166, 4201 to 4218, 5006 to 5024, 5031 to 5042
CHANGED	1120-AB21	200304	2	2	usc_section_end: None -> '5024'; usc_section_span_rule: None -> 'stated'	18 USC 4161-4166, 4201 to 4218, 5006 to 5024, 5031 to 5042
CHANGED	1120-AB21	200304	2	3	usc_section_end: None -> '5042'; usc_section_span_rule: None -> 'stated'	18 USC 4161-4166, 4201 to 4218, 5006 to 5024, 5031 to 5042
CHANGED	1120-AB21	200310	1	1	usc_section_end: None -> '3569'; usc_section_span_rule: None -> 'stated'	18 USC 3565, 3568 to 3569, 3582, 3621 to 3622, 3624, 4001, 4042, 4081 to 4082
CHANGED	1120-AB21	200310	1	3	usc_section_end: None -> '3622'; usc_section_span_rule: None -> 'stated'	18 USC 3565, 3568 to 3569, 3582, 3621 to 3622, 3624, 4001, 4042, 4081 to 4082
CHANGED	1120-AB21	200310	1	7	usc_section_end: None -> '4082'; usc_section_span_rule: None -> 'stated'	18 USC 3565, 3568 to 3569, 3582, 3621 to 3622, 3624, 4001, 4042, 4081 to 4082
CHANGED	1120-AB21	200310	2	1	usc_section_end: None -> '4218'; usc_section_span_rule: None -> 'stated'	18 USC 4161 to 4166, 4201 to 4218, 5006 to 5024, 5031 to 5042
CHANGED	1120-AB21	200310	2	2	usc_section_end: None -> '5024'; usc_section_span_rule: None -> 'stated'	18 USC 4161 to 4166, 4201 to 4218, 5006 to 5024, 5031 to 5042
CHANGED	1120-AB21	200310	2	3	usc_section_end: None -> '5042'; usc_section_span_rule: None -> 'stated'	18 USC 4161 to 4166, 4201 to 4218, 5006 to 5024, 5031 to 5042
CHANGED	1120-AB21	200404	1	1	usc_section_end: None -> '3569'; usc_section_span_rule: None -> 'stated'	18 USC 3565, 3568 to 3569, 3582, 3621 to 3622, 3624, 4001, 4042, 4081 to 4082
CHANGED	1120-AB21	200404	1	3	usc_section_end: None -> '3622'; usc_section_span_rule: None -> 'stated'	18 USC 3565, 3568 to 3569, 3582, 3621 to 3622, 3624, 4001, 4042, 4081 to 4082
CHANGED	1120-AB21	200404	1	7	usc_section_end: None -> '4082'; usc_section_span_rule: None -> 'stated'	18 USC 3565, 3568 to 3569, 3582, 3621 to 3622, 3624, 4001, 4042, 4081 to 4082
CHANGED	1120-AB21	200404	2	1	usc_section_end: None -> '4218'; usc_section_span_rule: None -> 'stated'	18 USC 4161 to 4166, 4201 to 4218, 5006 to 5024, 5031 to 5042
CHANGED	1120-AB21	200404	2	2	usc_section_end: None -> '5024'; usc_section_span_rule: None -> 'stated'	18 USC 4161 to 4166, 4201 to 4218, 5006 to 5024, 5031 to 5042
CHANGED	1120-AB21	200404	2	3	usc_section_end: None -> '5042'; usc_section_span_rule: None -> 'stated'	18 USC 4161 to 4166, 4201 to 4218, 5006 to 5024, 5031 to 5042
CHANGED	1120-AB21	200410	1	1	usc_section_end: None -> '3569'; usc_section_span_rule: None -> 'stated'	18 USC 3565, 3568 to 3569, 3582, 3621 to 3622, 3624, 4001, 4042, 4081 to 4082
CHANGED	1120-AB21	200410	1	3	usc_section_end: None -> '3622'; usc_section_span_rule: None -> 'stated'	18 USC 3565, 3568 to 3569, 3582, 3621 to 3622, 3624, 4001, 4042, 4081 to 4082
CHANGED	1120-AB21	200410	1	7	usc_section_end: None -> '4082'; usc_section_span_rule: None -> 'stated'	18 USC 3565, 3568 to 3569, 3582, 3621 to 3622, 3624, 4001, 4042, 4081 to 4082
CHANGED	1120-AB21	200410	2	1	usc_section_end: None -> '4218'; usc_section_span_rule: None -> 'stated'	18 USC 4161 to 4166, 4201 to 4218, 5006 to 5024, 5031 to 5042
CHANGED	1120-AB21	200410	2	2	usc_section_end: None -> '5024'; usc_section_span_rule: None -> 'stated'	18 USC 4161 to 4166, 4201 to 4218, 5006 to 5024, 5031 to 5042
CHANGED	1120-AB21	200410	2	3	usc_section_end: None -> '5042'; usc_section_span_rule: None -> 'stated'	18 USC 4161 to 4166, 4201 to 4218, 5006 to 5024, 5031 to 5042
CHANGED	1120-AB21	200504	1	1	usc_section_end: None -> '3569'; usc_section_span_rule: None -> 'stated'	18 USC 3565, 3568 to 3569, 3582, 3621 to 3622, 3624, 4001, 4042, 4081 to 4082
CHANGED	1120-AB21	200504	1	3	usc_section_end: None -> '3622'; usc_section_span_rule: None -> 'stated'	18 USC 3565, 3568 to 3569, 3582, 3621 to 3622, 3624, 4001, 4042, 4081 to 4082
CHANGED	1120-AB21	200504	1	7	usc_section_end: None -> '4082'; usc_section_span_rule: None -> 'stated'	18 USC 3565, 3568 to 3569, 3582, 3621 to 3622, 3624, 4001, 4042, 4081 to 4082
CHANGED	1120-AB21	200504	2	1	usc_section_end: None -> '4218'; usc_section_span_rule: None -> 'stated'	18 USC 4161 to 4166, 4201 to 4218, 5006 to 5024, 5031 to 5042
CHANGED	1120-AB21	200504	2	2	usc_section_end: None -> '5024'; usc_section_span_rule: None -> 'stated'	18 USC 4161 to 4166, 4201 to 4218, 5006 to 5024, 5031 to 5042
CHANGED	1120-AB21	200504	2	3	usc_section_end: None -> '5042'; usc_section_span_rule: None -> 'stated'	18 USC 4161 to 4166, 4201 to 4218, 5006 to 5024, 5031 to 5042
CHANGED	1120-AB21	200510	1	1	usc_section_end: None -> '3569'; usc_section_span_rule: None -> 'stated'	18 USC 3565, 3568 to 3569, 3582, 3621 to 3622, 3624, 4001, 4042, 4081 to 4082
CHANGED	1120-AB21	200510	1	3	usc_section_end: None -> '3622'; usc_section_span_rule: None -> 'stated'	18 USC 3565, 3568 to 3569, 3582, 3621 to 3622, 3624, 4001, 4042, 4081 to 4082
CHANGED	1120-AB21	200510	1	7	usc_section_end: None -> '4082'; usc_section_span_rule: None -> 'stated'	18 USC 3565, 3568 to 3569, 3582, 3621 to 3622, 3624, 4001, 4042, 4081 to 4082
CHANGED	1120-AB21	200510	2	1	usc_section_end: None -> '4218'; usc_section_span_rule: None -> 'stated'	18 USC 4161 to 4166, 4201 to 4218, 5006 to 5024, 5031 to 5042
CHANGED	1120-AB21	200510	2	2	usc_section_end: None -> '5024'; usc_section_span_rule: None -> 'stated'	18 USC 4161 to 4166, 4201 to 4218, 5006 to 5024, 5031 to 5042
CHANGED	1120-AB21	200510	2	3	usc_section_end: None -> '5042'; usc_section_span_rule: None -> 'stated'	18 USC 4161 to 4166, 4201 to 4218, 5006 to 5024, 5031 to 5042
CHANGED	1120-AB26	200404	1	9	usc_section_end: None -> '4247'; usc_section_span_rule: None -> 'stated'	18 USC 3621, 3622, 3624, 4001, 4005, 4042, 4045, 4081, 4082 (Repealed in part as to offenses committed on or after November 1, 1987), 4241 to 4247, 5006 to 5024 (Repealed October 12, 1984)
CHANGED	1120-AB26	200404	1	10	usc_section_end: None -> '5024'; usc_section_span_rule: None -> 'stated'	18 USC 3621, 3622, 3624, 4001, 4005, 4042, 4045, 4081, 4082 (Repealed in part as to offenses committed on or after November 1, 1987), 4241 to 4247, 5006 to 5024 (Repealed October 12, 1984)
CHANGED	1120-AB26	200410	1	9	usc_section_end: None -> '4247'; usc_section_span_rule: None -> 'stated'	18 USC 3621, 3622, 3624, 4001, 4005, 4042, 4045, 4081, 4082 (Repealed in part as to offenses committed on or after November 1, 1987), 4241 to 4247, 5006 to 5024 (Repealed October 12, 1984)
CHANGED	1120-AB26	200410	1	10	usc_section_end: None -> '5024'; usc_section_span_rule: None -> 'stated'	18 USC 3621, 3622, 3624, 4001, 4005, 4042, 4045, 4081, 4082 (Repealed in part as to offenses committed on or after November 1, 1987), 4241 to 4247, 5006 to 5024 (Repealed October 12, 1984)
CHANGED	1120-AB26	200504	1	9	usc_section_end: None -> '4247'; usc_section_span_rule: None -> 'stated'	18 USC 3621, 3622, 3624, 4001, 4005, 4042, 4045, 4081, 4082 (Repealed in part as to offenses committed on or after November 1, 1987), 4241 to 4247, 5006 to 5024 (Repealed October 12, 1984)
CHANGED	1120-AB26	200504	1	10	usc_section_end: None -> '5024'; usc_section_span_rule: None -> 'stated'	18 USC 3621, 3622, 3624, 4001, 4005, 4042, 4045, 4081, 4082 (Repealed in part as to offenses committed on or after November 1, 1987), 4241 to 4247, 5006 to 5024 (Repealed October 12, 1984)
CHANGED	1120-AB26	200510	1	9	usc_section_end: None -> '4247'; usc_section_span_rule: None -> 'stated'	18 USC 3621, 3622, 3624, 4001, 4005, 4042, 4045, 4081, 4082 (Repealed in part as to offenses committed on or after November 1, 1987), 4241 to 4247, 5006 to 5024 (Repealed October 12, 1984)
CHANGED	1120-AB26	200510	1	10	usc_section_end: None -> '5024'; usc_section_span_rule: None -> 'stated'	18 USC 3621, 3622, 3624, 4001, 4005, 4042, 4045, 4081, 4082 (Repealed in part as to offenses committed on or after November 1, 1987), 4241 to 4247, 5006 to 5024 (Repealed October 12, 1984)
CHANGED	1120-AB26	200604	1	9	usc_section_end: None -> '4247'; usc_section_span_rule: None -> 'stated'	18 USC 3621, 3622, 3624, 4001, 4005, 4042, 4045, 4081, 4082 (Repealed in part as to offenses committed on or after November 1, 1987), 4241 to 4247, 5006 to 5024 (Repealed October 12, 1984)
CHANGED	1120-AB26	200604	1	10	usc_section_end: None -> '5024'; usc_section_span_rule: None -> 'stated'	18 USC 3621, 3622, 3624, 4001, 4005, 4042, 4045, 4081, 4082 (Repealed in part as to offenses committed on or after November 1, 1987), 4241 to 4247, 5006 to 5024 (Repealed October 12, 1984)
CHANGED	1120-AB26	200610	1	9	usc_section_end: None -> '4247'; usc_section_span_rule: None -> 'stated'	18 USC 3621, 3622, 3624, 4001, 4005, 4042, 4045, 4081, 4082 (Repealed in part as to offenses committed on or after November 1, 1987), 4241 to 4247, 5006 to 5024 (Repealed October 12, 1984)
CHANGED	1120-AB26	200610	1	10	usc_section_end: None -> '5024'; usc_section_span_rule: None -> 'stated'	18 USC 3621, 3622, 3624, 4001, 4005, 4042, 4045, 4081, 4082 (Repealed in part as to offenses committed on or after November 1, 1987), 4241 to 4247, 5006 to 5024 (Repealed October 12, 1984)
CHANGED	1120-AB26	200704	1	9	usc_section_end: None -> '4247'; usc_section_span_rule: None -> 'stated'	18 USC 3621, 3622, 3624, 4001, 4005, 4042, 4045, 4081, 4082 (Repealed in part as to offenses committed on or after November 1, 1987), 4241 to 4247, 5006 to 5024 (Repealed October 12, 1984)
CHANGED	1120-AB26	200704	1	10	usc_section_end: None -> '5024'; usc_section_span_rule: None -> 'stated'	18 USC 3621, 3622, 3624, 4001, 4005, 4042, 4045, 4081, 4082 (Repealed in part as to offenses committed on or after November 1, 1987), 4241 to 4247, 5006 to 5024 (Repealed October 12, 1984)
CHANGED	1120-AB26	200710	1	9	usc_section_end: None -> '4247'; usc_section_span_rule: None -> 'stated'	18 USC 3621, 3622, 3624, 4001, 4005, 4042, 4045, 4081, 4082 (Repealed in part as to offenses committed on or after November 1, 1987), 4241 to 4247, 5006 to 5024 (Repealed October 12, 1984)
CHANGED	1120-AB26	200710	1	10	usc_section_end: None -> '5024'; usc_section_span_rule: None -> 'stated'	18 USC 3621, 3622, 3624, 4001, 4005, 4042, 4045, 4081, 4082 (Repealed in part as to offenses committed on or after November 1, 1987), 4241 to 4247, 5006 to 5024 (Repealed October 12, 1984)
CHANGED	1120-AB26	200804	1	9	usc_section_end: None -> '4247'; usc_section_span_rule: None -> 'stated'	18 USC 3621, 3622, 3624, 4001, 4005, 4042, 4045, 4081, 4082 (Repealed in part as to offenses committed on or after November 1, 1987), 4241 to 4247, 5006 to 5024 (Repealed October 12, 1984)
CHANGED	1120-AB26	200804	1	10	usc_section_end: None -> '5024'; usc_section_span_rule: None -> 'stated'	18 USC 3621, 3622, 3624, 4001, 4005, 4042, 4045, 4081, 4082 (Repealed in part as to offenses committed on or after November 1, 1987), 4241 to 4247, 5006 to 5024 (Repealed October 12, 1984)
CHANGED	1120-AB26	200810	1	9	usc_section_end: None -> '4247'; usc_section_span_rule: None -> 'stated'	18 USC 3621, 3622, 3624, 4001, 4005, 4042, 4045, 4081, 4082 (Repealed in part as to offenses committed on or after November 1, 1987), 4241 to 4247, 5006 to 5024 (Repealed October 12, 1984)
CHANGED	1120-AB26	200810	1	10	usc_section_end: None -> '5024'; usc_section_span_rule: None -> 'stated'	18 USC 3621, 3622, 3624, 4001, 4005, 4042, 4045, 4081, 4082 (Repealed in part as to offenses committed on or after November 1, 1987), 4241 to 4247, 5006 to 5024 (Repealed October 12, 1984)
CHANGED	1120-AB26	200904	1	9	usc_section_end: None -> '4247'; usc_section_span_rule: None -> 'stated'	18 USC 3621, 3622, 3624, 4001, 4005, 4042, 4045, 4081, 4082 (Repealed in part as to offenses committed on or after November 1, 1987), 4241 to 4247, 5006 to 5024 (Repealed October 12, 1984)
CHANGED	1120-AB26	200904	1	10	usc_section_end: None -> '5024'; usc_section_span_rule: None -> 'stated'	18 USC 3621, 3622, 3624, 4001, 4005, 4042, 4045, 4081, 4082 (Repealed in part as to offenses committed on or after November 1, 1987), 4241 to 4247, 5006 to 5024 (Repealed October 12, 1984)
CHANGED	1120-AB26	200910	1	9	usc_section_end: None -> '4247'; usc_section_span_rule: None -> 'stated'	18 USC 3621, 3622, 3624, 4001, 4005, 4042, 4045, 4081, 4082 (Repealed in part as to offenses committed on or after November 1, 1987), 4241 to 4247, 5006 to 5024 (Repealed October 12, 1984)
CHANGED	1120-AB26	200910	1	10	usc_section_end: None -> '5024'; usc_section_span_rule: None -> 'stated'	18 USC 3621, 3622, 3624, 4001, 4005, 4042, 4045, 4081, 4082 (Repealed in part as to offenses committed on or after November 1, 1987), 4241 to 4247, 5006 to 5024 (Repealed October 12, 1984)
CHANGED	1120-AB26	201004	1	9	usc_section_end: None -> '4247'; usc_section_span_rule: None -> 'stated'	18 USC 3621, 3622, 3624, 4001, 4005, 4042, 4045, 4081, 4082 (Repealed in part as to offenses committed on or after November 1, 1987), 4241 to 4247, 5006 to 5024 (Repealed October 12, 1984)
CHANGED	1120-AB26	201004	1	10	usc_section_end: None -> '5024'; usc_section_span_rule: None -> 'stated'	18 USC 3621, 3622, 3624, 4001, 4005, 4042, 4045, 4081, 4082 (Repealed in part as to offenses committed on or after November 1, 1987), 4241 to 4247, 5006 to 5024 (Repealed October 12, 1984)
CHANGED	1120-AB26	201010	1	9	usc_section_end: None -> '4247'; usc_section_span_rule: None -> 'stated'	18 USC 3621, 3622, 3624, 4001, 4005, 4042, 4045, 4081, 4082 (Repealed in part as to offenses committed on or after November 1, 1987), 4241 to 4247, 5006 to 5024 (Repealed October 12, 1984)
CHANGED	1120-AB26	201010	1	10	usc_section_end: None -> '5024'; usc_section_span_rule: None -> 'stated'	18 USC 3621, 3622, 3624, 4001, 4005, 4042, 4045, 4081, 4082 (Repealed in part as to offenses committed on or after November 1, 1987), 4241 to 4247, 5006 to 5024 (Repealed October 12, 1984)
CHANGED	1120-AB26	201104	1	9	usc_section_end: None -> '4247'; usc_section_span_rule: None -> 'stated'	18 USC 3621, 3622, 3624, 4001, 4005, 4042, 4045, 4081, 4082 (Repealed in part as to offenses committed on or after November 1, 1987), 4241 to 4247, 5006 to 5024 (Repealed October 12, 1984)
CHANGED	1120-AB26	201104	1	10	usc_section_end: None -> '5024'; usc_section_span_rule: None -> 'stated'	18 USC 3621, 3622, 3624, 4001, 4005, 4042, 4045, 4081, 4082 (Repealed in part as to offenses committed on or after November 1, 1987), 4241 to 4247, 5006 to 5024 (Repealed October 12, 1984)
CHANGED	1120-AB26	201110	1	9	usc_section_end: None -> '4247'; usc_section_span_rule: None -> 'stated'	18 USC 3621, 3622, 3624, 4001, 4005, 4042, 4045, 4081, 4082 (Repealed in part as to offenses committed on or after November 1, 1987), 4241 to 4247, 5006 to 5024 (Repealed October 12, 1984)
CHANGED	1120-AB26	201110	1	10	usc_section_end: None -> '5024'; usc_section_span_rule: None -> 'stated'	18 USC 3621, 3622, 3624, 4001, 4005, 4042, 4045, 4081, 4082 (Repealed in part as to offenses committed on or after November 1, 1987), 4241 to 4247, 5006 to 5024 (Repealed October 12, 1984)
CHANGED	1120-AB26	201210	1	9	usc_section_end: None -> '4247'; usc_section_span_rule: None -> 'stated'	18 USC 3621, 3622, 3624, 4001, 4005, 4042, 4045, 4081, 4082 (Repealed in part as to offenses committed on or after November 1, 1987), 4241 to 4247, 5006 to 5024 (Repealed October 12, 1984)
CHANGED	1120-AB26	201210	1	10	usc_section_end: None -> '5024'; usc_section_span_rule: None -> 'stated'	18 USC 3621, 3622, 3624, 4001, 4005, 4042, 4045, 4081, 4082 (Repealed in part as to offenses committed on or after November 1, 1987), 4241 to 4247, 5006 to 5024 (Repealed October 12, 1984)
CHANGED	1120-AB26	201304	1	9	usc_section_end: None -> '4247'; usc_section_span_rule: None -> 'stated'	18 USC 3621, 3622, 3624, 4001, 4005, 4042, 4045, 4081, 4082 (Repealed in part as to offenses committed on or after November 1, 1987), 4241 to 4247, 5006 to 5024 (Repealed October 12, 1984)
CHANGED	1120-AB26	201304	1	10	usc_section_end: None -> '5024'; usc_section_span_rule: None -> 'stated'	18 USC 3621, 3622, 3624, 4001, 4005, 4042, 4045, 4081, 4082 (Repealed in part as to offenses committed on or after November 1, 1987), 4241 to 4247, 5006 to 5024 (Repealed October 12, 1984)
CHANGED	1120-AB26	201310	1	9	usc_section_end: None -> '4247'; usc_section_span_rule: None -> 'stated'	18 USC 3621, 3622, 3624, 4001, 4005, 4042, 4045, 4081, 4082 (Repealed in part as to offenses committed on or after November 1, 1987), 4241 to 4247, 5006 to 5024 (Repealed October 12, 1984)
CHANGED	1120-AB26	201310	1	10	usc_section_end: None -> '5024'; usc_section_span_rule: None -> 'stated'	18 USC 3621, 3622, 3624, 4001, 4005, 4042, 4045, 4081, 4082 (Repealed in part as to offenses committed on or after November 1, 1987), 4241 to 4247, 5006 to 5024 (Repealed October 12, 1984)
CHANGED	1120-AB26	201404	1	9	usc_section_end: None -> '4247'; usc_section_span_rule: None -> 'stated'	18 USC 3621, 3622, 3624, 4001, 4005, 4042, 4045, 4081, 4082 (Repealed in part as to offenses committed on or after November 1, 1987), 4241 to 4247, 5006 to 5024 (Repealed October 12, 1984)
CHANGED	1120-AB26	201404	1	10	usc_section_end: None -> '5024'; usc_section_span_rule: None -> 'stated'	18 USC 3621, 3622, 3624, 4001, 4005, 4042, 4045, 4081, 4082 (Repealed in part as to offenses committed on or after November 1, 1987), 4241 to 4247, 5006 to 5024 (Repealed October 12, 1984)
CHANGED	1120-AB26	201410	1	9	usc_section_end: None -> '4247'; usc_section_span_rule: None -> 'stated'	18 USC 3621, 3622, 3624, 4001, 4005, 4042, 4045, 4081, 4082 (Repealed in part as to offenses committed on or after November 1, 1987), 4241 to 4247, 5006 to 5024 (Repealed October 12, 1984)
CHANGED	1120-AB26	201410	1	10	usc_section_end: None -> '5024'; usc_section_span_rule: None -> 'stated'	18 USC 3621, 3622, 3624, 4001, 4005, 4042, 4045, 4081, 4082 (Repealed in part as to offenses committed on or after November 1, 1987), 4241 to 4247, 5006 to 5024 (Repealed October 12, 1984)
CHANGED	1120-AB26	201704	1	9	usc_section_end: None -> '4247'; usc_section_span_rule: None -> 'stated'	18 U.S.C. 3621, 3622, 3624, 4001, 4005, 4042, 4045, 4081, 4082 (Repealed in part as to offenses committed on or after November 1, 1987), 4241 to 4247, 5006 to 5024 (Repealed October 12, 1984)
CHANGED	1120-AB26	201704	1	10	usc_section_end: None -> '5024'; usc_section_span_rule: None -> 'stated'	18 U.S.C. 3621, 3622, 3624, 4001, 4005, 4042, 4045, 4081, 4082 (Repealed in part as to offenses committed on or after November 1, 1987), 4241 to 4247, 5006 to 5024 (Repealed October 12, 1984)
CHANGED	1120-AB27	200404	1	8	usc_section_end: None -> '4166'; usc_section_span_rule: None -> 'stated'	18 USC 751, 3621, 3622, 3624, 4001, 4042, 4081, 4082 (Repealed in part as to offenses committed on or after November 1, 1987), 4161 to 4166, 5006 to 5024 (Repealed October 12, 1984)
CHANGED	1120-AB27	200404	1	9	usc_section_end: None -> '5024'; usc_section_span_rule: None -> 'stated'	18 USC 751, 3621, 3622, 3624, 4001, 4042, 4081, 4082 (Repealed in part as to offenses committed on or after November 1, 1987), 4161 to 4166, 5006 to 5024 (Repealed October 12, 1984)
CHANGED	1120-AB27	200410	1	8	usc_section_end: None -> '4166'; usc_section_span_rule: None -> 'stated'	18 USC 751, 3621, 3622, 3624, 4001, 4042, 4081, 4082 (Repealed in part as to offenses committed on or after November 1, 1987), 4161 to 4166, 5006 to 5024 (Repealed October 12, 1984)
CHANGED	1120-AB27	200410	1	9	usc_section_end: None -> '5024'; usc_section_span_rule: None -> 'stated'	18 USC 751, 3621, 3622, 3624, 4001, 4042, 4081, 4082 (Repealed in part as to offenses committed on or after November 1, 1987), 4161 to 4166, 5006 to 5024 (Repealed October 12, 1984)
CHANGED	1120-AB27	200504	1	8	usc_section_end: None -> '4166'; usc_section_span_rule: None -> 'stated'	18 USC 751, 3621, 3622, 3624, 4001, 4042, 4081, 4082 (Repealed in part as to offenses committed on or after November 1, 1987), 4161 to 4166, 5006 to 5024 (Repealed October 12, 1984)
CHANGED	1120-AB27	200504	1	9	usc_section_end: None -> '5024'; usc_section_span_rule: None -> 'stated'	18 USC 751, 3621, 3622, 3624, 4001, 4042, 4081, 4082 (Repealed in part as to offenses committed on or after November 1, 1987), 4161 to 4166, 5006 to 5024 (Repealed October 12, 1984)
CHANGED	1120-AB29	200404	1	9	usc_section_end: None -> '4247'; usc_section_span_rule: None -> 'stated'	18 USC 3621, 3622, 3624, 4001, 4005, 4042, 4045, 4081, 4082 (Repealed in part as to offenses committed on or after November 1, 1987), 4241 to 4247, 5006 to 5024 (Repealed October 12, 1984)
CHANGED	1120-AB29	200404	1	10	usc_section_end: None -> '5024'; usc_section_span_rule: None -> 'stated'	18 USC 3621, 3622, 3624, 4001, 4005, 4042, 4045, 4081, 4082 (Repealed in part as to offenses committed on or after November 1, 1987), 4241 to 4247, 5006 to 5024 (Repealed October 12, 1984)
CHANGED	1120-AB29	200410	1	9	usc_section_end: None -> '4247'; usc_section_span_rule: None -> 'stated'	18 USC 3621, 3622, 3624, 4001, 4005, 4042, 4045, 4081, 4082 (Repealed in part as to offenses committed on or after November 1, 1987), 4241 to 4247, 5006 to 5024 (Repealed October 12, 1984)
CHANGED	1120-AB29	200410	1	10	usc_section_end: None -> '5024'; usc_section_span_rule: None -> 'stated'	18 USC 3621, 3622, 3624, 4001, 4005, 4042, 4045, 4081, 4082 (Repealed in part as to offenses committed on or after November 1, 1987), 4241 to 4247, 5006 to 5024 (Repealed October 12, 1984)
CHANGED	1120-AB29	200504	1	9	usc_section_end: None -> '4247'; usc_section_span_rule: None -> 'stated'	18 USC 3621, 3622, 3624, 4001, 4005, 4042, 4045, 4081, 4082 (Repealed in part as to offenses committed on or after November 1, 1987), 4241 to 4247, 5006 to 5024 (Repealed October 12, 1984)
CHANGED	1120-AB29	200504	1	10	usc_section_end: None -> '5024'; usc_section_span_rule: None -> 'stated'	18 USC 3621, 3622, 3624, 4001, 4005, 4042, 4045, 4081, 4082 (Repealed in part as to offenses committed on or after November 1, 1987), 4241 to 4247, 5006 to 5024 (Repealed October 12, 1984)
CHANGED	1120-AB29	200510	1	9	usc_section_end: None -> '4247'; usc_section_span_rule: None -> 'stated'	18 USC 3621, 3622, 3624, 4001, 4005, 4042, 4045, 4081, 4082 (Repealed in part as to offenses committed on or after November 1, 1987), 4241 to 4247, 5006 to 5024 (Repealed October 12, 1984)
CHANGED	1120-AB29	200510	1	10	usc_section_end: None -> '5024'; usc_section_span_rule: None -> 'stated'	18 USC 3621, 3622, 3624, 4001, 4005, 4042, 4045, 4081, 4082 (Repealed in part as to offenses committed on or after November 1, 1987), 4241 to 4247, 5006 to 5024 (Repealed October 12, 1984)
CHANGED	1120-AB33	200504	1	1	usc_section_end: None -> '5024'; usc_section_span_rule: None -> 'stated'	18 USC 4126, 5006 to 5024 (Repealed October 12, 1984, as to offenses committed after that date)
CHANGED	1120-AB33	200510	1	1	usc_section_end: None -> '5024'; usc_section_span_rule: None -> 'stated'	18 USC 4126, 5006 to 5024 (Repealed October 12, 1984, as to offenses committed after that date)
CHANGED	1120-AB33	200604	1	1	usc_section_end: None -> '5024'; usc_section_span_rule: None -> 'stated'	18 USC 4126, 5006 to 5024 (Repealed October 12, 1984, as to offenses committed after that date)
CHANGED	1120-AB33	200610	1	1	usc_section_end: None -> '5024'; usc_section_span_rule: None -> 'stated'	18 USC 4126, 5006 to 5024 (Repealed October 12, 1984, as to offenses committed after that date)
CHANGED	1120-AB33	200704	1	1	usc_section_end: None -> '5024'; usc_section_span_rule: None -> 'stated'	18 USC 4126, 5006 to 5024 (Repealed October 12, 1984, as to offenses committed after that date)
CHANGED	1120-AB33	200710	1	1	usc_section_end: None -> '5024'; usc_section_span_rule: None -> 'stated'	18 USC 4126, 5006 to 5024 (Repealed October 12, 1984, as to offenses committed after that date)
CHANGED	1120-AB33	200804	1	1	usc_section_end: None -> '5024'; usc_section_span_rule: None -> 'stated'	18 USC 4126, 5006 to 5024 (Repealed October 12, 1984, as to offenses committed after that date)
CHANGED	1120-AB33	200810	1	1	usc_section_end: None -> '5024'; usc_section_span_rule: None -> 'stated'	18 USC 4126, 5006 to 5024 (Repealed October 12, 1984, as to offenses committed after that date)
CHANGED	1120-AB35	200510	2	1	usc_section_end: None -> '5024'; usc_section_span_rule: None -> 'stated'	18 USC 4082 (Repealed in part as to offenses committed on or after November 1, 1987), 5006 to 5024 (Repealed October 12, 1984, as to offenses committed after that date), 5039
CHANGED	1120-AB35	200604	2	1	usc_section_end: None -> '5024'; usc_section_span_rule: None -> 'stated'	18 USC 4082 (Repealed in part as to offenses committed on or after November 1, 1987), 5006 to 5024 (Repealed October 12, 1984, as to offenses committed after that date), 5039
CHANGED	1120-AB35	200610	2	1	usc_section_end: None -> '5024'; usc_section_span_rule: None -> 'stated'	18 USC 4082 (Repealed in part as to offenses committed on or after November 1, 1987), 5006 to 5024 (Repealed October 12, 1984, as to offenses committed after that date), 5039
CHANGED	1120-AB35	200704	2	1	usc_section_end: None -> '5024'; usc_section_span_rule: None -> 'stated'	18 USC 4082 (Repealed in part as to offenses committed on or after November 1, 1987), 5006 to 5024 (Repealed October 12, 1984, as to offenses committed after that date), 5039
CHANGED	1120-AB35	200710	2	1	usc_section_end: None -> '5024'; usc_section_span_rule: None -> 'stated'	18 USC 4082 (Repealed in part as to offenses committed on or after November 1, 1987), 5006 to 5024 (Repealed October 12, 1984, as to offenses committed after that date), 5039
CHANGED	1120-AB35	200804	2	1	usc_section_end: None -> '5024'; usc_section_span_rule: None -> 'stated'	18 USC 4082 (Repealed in part as to offenses committed on or after November 1, 1987), 5006 to 5024 (Repealed October 12, 1984, as to offenses committed after that date), 5039
CHANGED	1120-AB36	200510	3	3	usc_section_end: None -> '2680'; usc_section_span_rule: None -> 'stated'	28 USC 509, 510, 1346(b), 2671 to 2680
CHANGED	1120-AB36	200604	3	3	usc_section_end: None -> '2680'; usc_section_span_rule: None -> 'stated'	28 USC 509, 510, 1346(b), 2671 to 2680
CHANGED	1120-AB36	200610	3	3	usc_section_end: None -> '2680'; usc_section_span_rule: None -> 'stated'	28 USC 509, 510, 1346(b), 2671 to 2680
CHANGED	1120-AB40	200604	3	5	usc_section_end: None -> '5024'; usc_section_span_rule: None -> 'stated'	18 USC 4001, 4042, 4942, 4081, 4082 (Repealed in part as to conduct occurring on or after November 1, 1987), 5006 to 5024 (Repealed October 12, 1984, as to conduct occurring after that date), 5039
CHANGED	1120-AB40	200610	3	5	usc_section_end: None -> '5024'; usc_section_span_rule: None -> 'stated'	18 USC 4001, 4042, 4942, 4081, 4082 (Repealed in part as to conduct occurring on or after November 1, 1987), 5006 to 5024 (Repealed October 12, 1984, as to conduct occurring after that date), 5039
CHANGED	1120-AB40	200704	3	5	usc_section_end: None -> '5024'; usc_section_span_rule: None -> 'stated'	18 USC 4001, 4042, 4942, 4081, 4082 (Repealed in part as to conduct occurring on or after November 1, 1987), 5006 to 5024 (Repealed October 12, 1984, as to conduct occurring after that date), 5039
CHANGED	1120-AB40	200710	3	5	usc_section_end: None -> '5024'; usc_section_span_rule: None -> 'stated'	18 USC 4001, 4042, 4942, 4081, 4082 (Repealed in part as to conduct occurring on or after November 1, 1987), 5006 to 5024 (Repealed October 12, 1984, as to conduct occurring after that date), 5039
CHANGED	1120-AB40	200804	3	5	usc_section_end: None -> '5024'; usc_section_span_rule: None -> 'stated'	18 USC 4001, 4042, 4942, 4081, 4082 (Repealed in part as to conduct occurring on or after November 1, 1987), 5006 to 5024 (Repealed October 12, 1984, as to conduct occurring after that date), 5039
CHANGED	1120-AB44	200610	1	8	usc_section_end: None -> '4166'; usc_section_span_rule: None -> 'stated'	18 USC 751, 3621, 3622, 3624, 4001, 4042, 4081, 4082 (Repealed in part as to offenses committed on or after November 1, 1987), 4161 to 4166, 5006 to 5024 (Repealed October 12, 1984 )
CHANGED	1120-AB44	200610	1	9	usc_section_end: None -> '5024'; usc_section_span_rule: None -> 'stated'	18 USC 751, 3621, 3622, 3624, 4001, 4042, 4081, 4082 (Repealed in part as to offenses committed on or after November 1, 1987), 4161 to 4166, 5006 to 5024 (Repealed October 12, 1984 )
CHANGED	1120-AB44	200704	1	8	usc_section_end: None -> '4166'; usc_section_span_rule: None -> 'stated'	18 USC 751, 3621, 3622, 3624, 4001, 4042, 4081, 4082 (Repealed in part as to offenses committed on or after November 1, 1987), 4161 to 4166, 5006 to 5024 (Repealed October 12, 1984)
CHANGED	1120-AB44	200704	1	9	usc_section_end: None -> '5024'; usc_section_span_rule: None -> 'stated'	18 USC 751, 3621, 3622, 3624, 4001, 4042, 4081, 4082 (Repealed in part as to offenses committed on or after November 1, 1987), 4161 to 4166, 5006 to 5024 (Repealed October 12, 1984)
CHANGED	1120-AB44	200710	1	8	usc_section_end: None -> '4166'; usc_section_span_rule: None -> 'stated'	18 USC 751, 3621, 3622, 3624, 4001, 4042, 4081, 4082 (Repealed in part as to offenses committed on or after November 1, 1987), 4161 to 4166, 5006 to 5024 (Repealed October 12, 1984)
CHANGED	1120-AB44	200710	1	9	usc_section_end: None -> '5024'; usc_section_span_rule: None -> 'stated'	18 USC 751, 3621, 3622, 3624, 4001, 4042, 4081, 4082 (Repealed in part as to offenses committed on or after November 1, 1987), 4161 to 4166, 5006 to 5024 (Repealed October 12, 1984)
CHANGED	1120-AB44	200804	1	8	usc_section_end: None -> '4166'; usc_section_span_rule: None -> 'stated'	18 USC 751, 3621, 3622, 3624, 4001, 4042, 4081, 4082 (Repealed in part as to offenses committed on or after November 1, 1987), 4161 to 4166, 5006 to 5024 (Repealed October 12, 1984)
CHANGED	1120-AB44	200804	1	9	usc_section_end: None -> '5024'; usc_section_span_rule: None -> 'stated'	18 USC 751, 3621, 3622, 3624, 4001, 4042, 4081, 4082 (Repealed in part as to offenses committed on or after November 1, 1987), 4161 to 4166, 5006 to 5024 (Repealed October 12, 1984)
CHANGED	1120-AB49	201004	0	5	usc_section_end: None -> '5024'; usc_section_span_rule: None -> 'stated'	18 USC 4001, 4042, 4942, 4081, 4082 (Repealed in part as to conduct occurring on or after November 1, 1987), 5006 to 5024 (Repealed October 12, 1984, as to conduct occurring after that date), 5039
CHANGED	1120-AB49	201010	0	5	usc_section_end: None -> '5024'; usc_section_span_rule: None -> 'stated'	18 USC 4001, 4042, 4942, 4081, 4082 (Repealed in part as to conduct occurring on or after November 1, 1987), 5006 to 5024 (Repealed October 12, 1984, as to conduct occurring after that date), 5039
CHANGED	1120-AB49	201104	0	5	usc_section_end: None -> '5024'; usc_section_span_rule: None -> 'stated'	18 USC 4001, 4042, 4942, 4081, 4082 (Repealed in part as to conduct occurring on or after November 1, 1987), 5006 to 5024 (Repealed October 12, 1984, as to conduct occurring after that date), 5039
CHANGED	1120-AB49	201110	0	5	usc_section_end: None -> '5024'; usc_section_span_rule: None -> 'stated'	18 USC 4001, 4042, 4942, 4081, 4082 (Repealed in part as to conduct occurring on or after November 1, 1987), 5006 to 5024 (Repealed October 12, 1984, as to conduct occurring after that date), 5039
CHANGED	1120-AB49	201210	0	5	usc_section_end: None -> '5024'; usc_section_span_rule: None -> 'stated'	18 USC 4001, 4042, 4942, 4081, 4082 (Repealed in part as to conduct occurring on or after November 1, 1987), 5006 to 5024 (Repealed October 12, 1984, as to conduct occurring after that date), 5039
CHANGED	1120-AB54	200910	1	1	usc_section_end: None -> '3569'; usc_section_span_rule: None -> 'stated'	18 USC 3565 and 3568 to 3569 (Repealed in part as to offenses committed on or after November 1, 1987)
CHANGED	1120-AB54	201004	1	1	usc_section_end: None -> '3569'; usc_section_span_rule: None -> 'stated'	18 USC 3565 and 3568 to 3569 (Repealed in part as to offenses committed on or after November 1, 1987)
CHANGED	1120-AB54	201010	1	1	usc_section_end: None -> '3569'; usc_section_span_rule: None -> 'stated'	18 USC 3565 and 3568 to 3569 (Repealed in part as to offenses committed on or after November 1, 1987)
CHANGED	1120-AB54	201104	1	1	usc_section_end: None -> '3569'; usc_section_span_rule: None -> 'stated'	18 USC 3565 and 3568 to 3569 (Repealed in part as to offenses committed on or after November 1, 1987)
CHANGED	1120-AB54	201110	1	1	usc_section_end: None -> '3569'; usc_section_span_rule: None -> 'stated'	18 USC 3565 and 3568 to 3569 (Repealed in part as to offenses committed on or after November 1, 1987)
CHANGED	1120-AB54	201210	1	1	usc_section_end: None -> '3569'; usc_section_span_rule: None -> 'stated'	18 USC 3565 and 3568 to 3569 (Repealed in part as to offenses committed on or after November 1, 1987)
CHANGED	1120-AB54	201304	1	1	usc_section_end: None -> '3569'; usc_section_span_rule: None -> 'stated'	18 USC 3565 and 3568 to 3569 (Repealed in part as to offenses committed on or after November 1, 1987)
CHANGED	1120-AB54	201310	1	1	usc_section_end: None -> '3569'; usc_section_span_rule: None -> 'stated'	18 USC 3565 and 3568 to 3569 (Repealed in part as to offenses committed on or after November 1, 1987)
CHANGED	1120-AB54	201404	1	1	usc_section_end: None -> '3569'; usc_section_span_rule: None -> 'stated'	18 USC 3565 and 3568 to 3569 (Repealed in part as to offenses committed on or after November 1, 1987)
CHANGED	1120-AB54	201410	1	1	usc_section_end: None -> '3569'; usc_section_span_rule: None -> 'stated'	18 USC 3565 and 3568 to 3569 (Repealed in part as to offenses committed on or after November 1, 1987)
CHANGED	1120-AB54	201710	1	1	usc_section_end: None -> '3569'; usc_section_span_rule: None -> 'stated'	18 U.S.C. 3565 and 3568 to 3569 (Repealed in part as to offenses committed on or after November 1, 1987)
CHANGED	1120-AB56	201004	1	7	usc_section_end: None -> '5024'; usc_section_span_rule: None -> 'stated'	18 USC 3621, 3622, 3624, 4001, 4042, 4081, 4082 (Repealed in part as to offenses committed on or after November 1, 1987), 5006 to 5024 (Repealed October 12, 1984, as to offenses committed)
CHANGED	1120-AB56	201010	1	7	usc_section_end: None -> '5024'; usc_section_span_rule: None -> 'stated'	18 USC 3621, 3622, 3624, 4001, 4042, 4081, 4082 (Repealed in part as to offenses committed on or after November 1, 1987), 5006 to 5024 (Repealed October 12, 1984, as to offenses committed)
CHANGED	1120-AB56	201104	1	7	usc_section_end: None -> '5024'; usc_section_span_rule: None -> 'stated'	18 USC 3621, 3622, 3624, 4001, 4042, 4081, 4082 (Repealed in part as to offenses committed on or after November 1, 1987), 5006 to 5024 (Repealed October 12, 1984, as to offenses committed)
CHANGED	1120-AB56	201110	1	7	usc_section_end: None -> '5024'; usc_section_span_rule: None -> 'stated'	18 USC 3621, 3622, 3624, 4001, 4042, 4081, 4082 (Repealed in part as to offenses committed on or after November 1, 1987), 5006 to 5024 (Repealed October 12, 1984, as to offenses committed)
CHANGED	1120-AB56	201210	1	7	usc_section_end: None -> '5024'; usc_section_span_rule: None -> 'stated'	18 USC 3621, 3622, 3624, 4001, 4042, 4081, 4082 (Repealed in part as to offenses committed on or after November 1, 1987), 5006 to 5024 (Repealed October 12, 1984, as to offenses committed)
CHANGED	1120-AB56	201304	1	7	usc_section_end: None -> '5024'; usc_section_span_rule: None -> 'stated'	18 USC 3621, 3622, 3624, 4001, 4042, 4081, 4082 (Repealed in part as to offenses committed on or after November 1, 1987), 5006 to 5024 (Repealed October 12, 1984, as to offenses committed)
CHANGED	1120-AB56	201310	1	7	usc_section_end: None -> '5024'; usc_section_span_rule: None -> 'stated'	18 USC 3621, 3622, 3624, 4001, 4042, 4081, 4082 (Repealed in part as to offenses committed on or after November 1, 1987), 5006 to 5024 (Repealed October 12, 1984, as to offenses committed)
CHANGED	1120-AB56	201404	1	7	usc_section_end: None -> '5024'; usc_section_span_rule: None -> 'stated'	18 USC 3621, 3622, 3624, 4001, 4042, 4081, 4082 (Repealed in part as to offenses committed on or after November 1, 1987), 5006 to 5024 (Repealed October 12, 1984, as to offenses committed)
CHANGED	1120-AB56	201410	1	7	usc_section_end: None -> '5024'; usc_section_span_rule: None -> 'stated'	18 USC 3621, 3622, 3624, 4001, 4042, 4081, 4082 (Repealed in part as to offenses committed on or after November 1, 1987), 5006 to 5024 (Repealed October 12, 1984, as to offenses committed)
CHANGED	1120-AB57	201004	2	8	usc_section_end: None -> '5024'; usc_section_span_rule: None -> 'stated'	18 USC 3621, 3622, 3624, 4001, 4042, 4942, 4081, 4082 (Repealed in part as to conduct occurring on or after November 1, 1987), 5006 to 5024 (Repealed October 12, 1984, as to offense committed)
CHANGED	1120-AB57	201010	2	8	usc_section_end: None -> '5024'; usc_section_span_rule: None -> 'stated'	18 USC 3621, 3622, 3624, 4001, 4042, 4942, 4081, 4082 (Repealed in part as to conduct occurring on or after November 1, 1987), 5006 to 5024 (Repealed October 12, 1984, as to offense committed)
CHANGED	1120-AB57	201104	1	8	usc_section_end: None -> '5024'; usc_section_span_rule: None -> 'stated'	18 USC 3621, 3622, 3624, 4001, 4042, 4942, 4081, 4082 (Repealed in part as to conduct occurring on or after November 1, 1987), 5006 to 5024 (Repealed October 12, 1984, as to offense committed)
CHANGED	1120-AB57	201110	1	8	usc_section_end: None -> '5024'; usc_section_span_rule: None -> 'stated'	18 USC 3621, 3622, 3624, 4001, 4042, 4942, 4081, 4082 (Repealed in part as to conduct occurring on or after November 1, 1987), 5006 to 5024 (Repealed October 12, 1984, as to offense committed)
CHANGED	1120-AB57	201210	1	8	usc_section_end: None -> '5024'; usc_section_span_rule: None -> 'stated'	18 USC 3621, 3622, 3624, 4001, 4042, 4942, 4081, 4082 (Repealed in part as to conduct occurring on or after November 1, 1987), 5006 to 5024 (Repealed October 12, 1984, as to offense committed)
CHANGED	1120-AB57	201304	1	8	usc_section_end: None -> '5024'; usc_section_span_rule: None -> 'stated'	18 USC 3621, 3622, 3624, 4001, 4042, 4942, 4081, 4082 (Repealed in part as to conduct occurring on or after November 1, 1987), 5006 to 5024 (Repealed October 12, 1984, as to offense committed)
CHANGED	1120-AB57	201310	1	8	usc_section_end: None -> '5024'; usc_section_span_rule: None -> 'stated'	18 USC 3621, 3622, 3624, 4001, 4042, 4942, 4081, 4082 (Repealed in part as to conduct occurring on or after November 1, 1987), 5006 to 5024 (Repealed October 12, 1984, as to offense committed)
CHANGED	1120-AB57	201404	1	8	usc_section_end: None -> '5024'; usc_section_span_rule: None -> 'stated'	18 USC 3621, 3622, 3624, 4001, 4042, 4942, 4081, 4082 (Repealed in part as to conduct occurring on or after November 1, 1987), 5006 to 5024 (Repealed October 12, 1984, as to offense committed)
CHANGED	1120-AB57	201410	1	8	usc_section_end: None -> '5024'; usc_section_span_rule: None -> 'stated'	18 USC 3621, 3622, 3624, 4001, 4042, 4942, 4081, 4082 (Repealed in part as to conduct occurring on or after November 1, 1987), 5006 to 5024 (Repealed October 12, 1984, as to offense committed)
CHANGED	1120-AB57	201504	1	8	usc_section_end: None -> '5024'; usc_section_span_rule: None -> 'stated'	18 U.S.C. 3621, 3622, 3624, 4001, 4042, 4942, 4081, 4082 (Repealed in part as to conduct occurring on or after November 1, 1987), 5006 to 5024 (Repealed October 12, 1984, as to offense committed)
CHANGED	1120-AB57	201510	1	8	usc_section_end: None -> '5024'; usc_section_span_rule: None -> 'stated'	18 U.S.C. 3621, 3622, 3624, 4001, 4042, 4942, 4081, 4082 (Repealed in part as to conduct occurring on or after November 1, 1987), 5006 to 5024 (Repealed October 12, 1984, as to offense committed)
CHANGED	1120-AB57	201604	1	8	usc_section_end: None -> '5024'; usc_section_span_rule: None -> 'stated'	18 U.S.C. 3621, 3622, 3624, 4001, 4042, 4942, 4081, 4082 (Repealed in part as to conduct occurring on or after November 1, 1987), 5006 to 5024 (Repealed October 12, 1984, as to offense committed)
CHANGED	1120-AB57	201610	1	8	usc_section_end: None -> '5024'; usc_section_span_rule: None -> 'stated'	18 U.S.C. 3621, 3622, 3624, 4001, 4042, 4942, 4081, 4082 (Repealed in part as to conduct occurring on or after November 1, 1987), 5006 to 5024 (Repealed October 12, 1984, as to offense committed)
CHANGED	1120-AB57	201704	1	8	usc_section_end: None -> '5024'; usc_section_span_rule: None -> 'stated'	18 U.S.C. 3621, 3622, 3624, 4001, 4042, 4942, 4081, 4082 (Repealed in part as to conduct occurring on or after November 1, 1987), 5006 to 5024 (Repealed October 12, 1984, as to offense committed)
CHANGED	1120-AB59	201004	1	7	usc_section_end: None -> '5024'; usc_section_span_rule: None -> 'stated'	18 USC 3621, 3622, 3624, 4001, 4042, 4081, 4082 (Repealed in part as to offenses committed on or after November 1, 1987), 5006 to 5024 (Repealed October 12, 1984, as to offenses committed)
CHANGED	1120-AB59	201010	1	7	usc_section_end: None -> '5024'; usc_section_span_rule: None -> 'stated'	18 USC 3621, 3622, 3624, 4001, 4042, 4081, 4082 (Repealed in part as to offenses committed on or after November 1, 1987), 5006 to 5024 (Repealed October 12, 1984, as to offenses committed)
CHANGED	1120-AB59	201104	1	7	usc_section_end: None -> '5024'; usc_section_span_rule: None -> 'stated'	18 USC 3621, 3622, 3624, 4001, 4042, 4081, 4082 (Repealed in part as to offenses committed on or after November 1, 1987), 5006 to 5024 (Repealed October 12, 1984, as to offenses committed)
CHANGED	1120-AB59	201110	1	7	usc_section_end: None -> '5024'; usc_section_span_rule: None -> 'stated'	18 USC 3621, 3622, 3624, 4001, 4042, 4081, 4082 (Repealed in part as to offenses committed on or after November 1, 1987), 5006 to 5024 (Repealed October 12, 1984, as to offenses committed)
CHANGED	1120-AB59	201210	1	7	usc_section_end: None -> '5024'; usc_section_span_rule: None -> 'stated'	18 USC 3621, 3622, 3624, 4001, 4042, 4081, 4082 (Repealed in part as to offenses committed on or after November 1, 1987), 5006 to 5024 (Repealed October 12, 1984, as to offenses committed)
CHANGED	1120-AB59	201304	1	7	usc_section_end: None -> '5024'; usc_section_span_rule: None -> 'stated'	18 USC 3621, 3622, 3624, 4001, 4042, 4081, 4082 (Repealed in part as to offenses committed on or after November 1, 1987), 5006 to 5024 (Repealed October 12, 1984, as to offenses committed)
CHANGED	1120-AB59	201310	1	7	usc_section_end: None -> '5024'; usc_section_span_rule: None -> 'stated'	18 USC 3621, 3622, 3624, 4001, 4042, 4081, 4082 (Repealed in part as to offenses committed on or after November 1, 1987), 5006 to 5024 (Repealed October 12, 1984, as to offenses committed)
CHANGED	1120-AB59	201404	1	7	usc_section_end: None -> '5024'; usc_section_span_rule: None -> 'stated'	18 USC 3621, 3622, 3624, 4001, 4042, 4081, 4082 (Repealed in part as to offenses committed on or after November 1, 1987), 5006 to 5024 (Repealed October 12, 1984, as to offenses committed)
CHANGED	1120-AB59	201410	1	7	usc_section_end: None -> '5024'; usc_section_span_rule: None -> 'stated'	18 USC 3621, 3622, 3624, 4001, 4042, 4081, 4082 (Repealed in part as to offenses committed on or after November 1, 1987), 5006 to 5024 (Repealed October 12, 1984, as to offenses committed)
CHANGED	1120-AB64	201804	4	1	usc_section_end: None -> '5024'; usc_section_span_rule: None -> 'stated'	18 U.S.C. 4161 to 4166 (repealed October 12, 1984, as to offenses committed on or after November 1, 1987), 5006 to 5024 (repealed October 12, 1984 as to conduct occurring after that date)
CHANGED	1120-AB64	201810	4	1	usc_section_end: None -> '5024'; usc_section_span_rule: None -> 'stated'	18 U.S.C. 4161 to 4166 (repealed October 12, 1984, as to offenses committed on or after November 1, 1987), 5006 to 5024 (repealed October 12, 1984 as to conduct occurring after that date)
CHANGED	1120-AB64	201904	4	1	usc_section_end: None -> '5024'; usc_section_span_rule: None -> 'stated'	18 U.S.C. 4161 to 4166 (repealed Oct. 12, 1984, as to offenses committed on or after Nov. 1, 1987), 5006 to 5024 (repealed Oct. 12, 1984 as to conduct occurring after that date)
CHANGED	1120-AB64	201910	4	1	usc_section_end: None -> '5024'; usc_section_span_rule: None -> 'stated'	18 U.S.C. 4161 to 4166 (repealed Oct. 12, 1984, as to offenses committed on or after Nov. 1, 1987), 5006 to 5024 (repealed Oct. 12, 1984 as to conduct occurring after that date)
CHANGED	1120-AB64	202004	4	1	usc_section_end: None -> '5024'; usc_section_span_rule: None -> 'stated'	18 U.S.C. 4161 to 4166 (repealed Oct. 12, 1984, as to offenses committed on or after Nov. 1, 1987), 5006 to 5024 (repealed Oct. 12, 1984 as to conduct occurring after that date)
CHANGED	1121-AA26	199510	3	0	parse_status: 'partial' -> 'ok'; usc_section_end: None -> '3796ii-8'; usc_section_span_rule: None -> 'stated'	42 USC 3796ii to 3796ii-8
CHANGED	1121-AA27	199510	3	0	parse_status: 'partial' -> 'ok'; usc_section_end: None -> '3796gg-5'; usc_section_span_rule: None -> 'stated'	42 USC 3796gg to 3796gg-5
CHANGED	1121-AA73	200610	1	2	usc_section_end: None -> '519'; usc_section_span_rule: None -> 'stated'	28 USC 509 and 510, 515 to 519
CHANGED	1121-AA73	200704	1	2	usc_section_end: None -> '519'; usc_section_span_rule: None -> 'stated'	28 USC 509 and 510, 515 to 519
CHANGED	1140-AA33	200810	1	1	usc_section_end: None -> '930'; usc_section_span_rule: None -> 'stated'	18 USC 847, 921 to 930
CHANGED	1140-AA33	200904	1	1	usc_section_end: None -> '931'; usc_section_span_rule: None -> 'stated'	18 USC 847, 921 to 931
CHANGED	1140-AA33	200910	1	1	usc_section_end: None -> '931'; usc_section_span_rule: None -> 'stated'	18 USC 847, 921 to 931
CHANGED	1140-AA33	201004	1	1	usc_section_end: None -> '931'; usc_section_span_rule: None -> 'stated'	18 USC 847, 921 to 931
CHANGED	1140-AA33	201010	1	1	usc_section_end: None -> '931'; usc_section_span_rule: None -> 'stated'	18 USC 847, 921 to 931
CHANGED	1140-AA33	201104	1	1	usc_section_end: None -> '931'; usc_section_span_rule: None -> 'stated'	18 USC 847, 921 to 931
CHANGED	1140-AA33	201210	1	1	usc_section_end: None -> '931'; usc_section_span_rule: None -> 'stated'	18 USC 847, 921 to 931
CHANGED	1140-AA33	201304	1	1	usc_section_end: None -> '931'; usc_section_span_rule: None -> 'stated'	18 USC 847, 921 to 931
CHANGED	1140-AA33	201310	1	1	usc_section_end: None -> '931'; usc_section_span_rule: None -> 'stated'	18 USC 847, 921 to 931
CHANGED	1140-AA33	201404	1	1	usc_section_end: None -> '931'; usc_section_span_rule: None -> 'stated'	18 USC 847, 921 to 931
CHANGED	1140-AA33	201410	1	1	usc_section_end: None -> '931'; usc_section_span_rule: None -> 'stated'	18 USC 847, 921 to 931
CHANGED	1140-AA33	201504	1	1	usc_section_end: None -> '931'; usc_section_span_rule: None -> 'stated'	18 U.S.C. 847, 921 to 931
CHANGED	1140-AA33	201510	1	1	usc_section_end: None -> '931'; usc_section_span_rule: None -> 'stated'	18 U.S.C. 847, 921 to 931
CHANGED	1140-AA60	202510	3	1	usc_section_end: None -> '931'; usc_section_span_rule: None -> 'stated'	18 U.S.C. 847, 921 to 931
CHANGED	1140-AA68	202510	2	1	usc_section_end: None -> '931'; usc_section_span_rule: None -> 'stated'	18 U.S.C. 847, 921 to 931
CHANGED	1140-AA84	202510	1	1	usc_section_end: None -> '931'; usc_section_span_rule: None -> 'stated'	18 U.S.C. 847 and 921 to 931
CHANGED	1140-AA87	202510	1	1	usc_section_end: None -> '931'; usc_section_span_rule: None -> 'stated'	18 U.S.C. 847 and 921 to 931
CHANGED	1140-AA90	202510	5	1	usc_section_end: None -> '931'; usc_section_span_rule: None -> 'stated'	18 U.S.C. 847, 921 to 931
CHANGED	1140-AA96	202510	1	1	usc_section_end: None -> '931'; usc_section_span_rule: None -> 'stated'	18 U.S.C. 847, 921 to 931
CHANGED	1190-AA49	200010	1	0	parse_status: 'partial' -> 'ok'; usc_section_end: None -> '2000d-7'; usc_section_span_rule: None -> 'stated'	42 USC 2000d to 2000d-7
CHANGED	1190-AA49	200104	1	0	parse_status: 'partial' -> 'ok'; usc_section_end: None -> '2000d-7'; usc_section_span_rule: None -> 'stated'	42 USC 2000d to 2000d-7
CHANGED	1190-AA49	200110	1	0	parse_status: 'partial' -> 'ok'; usc_section_end: None -> '2000d-7'; usc_section_span_rule: None -> 'stated'	42 USC 2000d to 2000d-7
CHANGED	1190-AA49	200204	1	0	parse_status: 'partial' -> 'ok'; usc_section_end: None -> '2000d-7'; usc_section_span_rule: None -> 'stated'	42 USC 2000d to 2000d-7
CHANGED	1190-AA49	200210	1	0	parse_status: 'partial' -> 'ok'; usc_section_end: None -> '2000d-7'; usc_section_span_rule: None -> 'stated'	42 USC 2000d to 2000d-7
CHANGED	1190-AA49	200304	1	0	parse_status: 'partial' -> 'ok'; usc_section_end: None -> '2000d-7'; usc_section_span_rule: None -> 'stated'	42 USC 2000d to 2000d-7
CHANGED	1190-AA49	200310	1	0	parse_status: 'partial' -> 'ok'; usc_section_end: None -> '2000d-7'; usc_section_span_rule: None -> 'stated'	42 USC 2000d to 2000d-7
CHANGED	1210-AB55	201310	0	3	usc_section_end: None -> '1169'; usc_section_span_rule: None -> 'stated'	29 USC 1027, 1059, 1135, 1161 to 1169, 1181 to 1183, 1181 (note), 1185 and 1185a
ADDED	1210-AB55	201310	0	4	(no row) -> rin='1210-AB55'; publication_id='201310'; ordinal=0; authority_text='29 USC 1027, 1059, 1135, 1161 to 1169, 1181 to 1183, 1181 (note), 1185 and 1185a'; authority_type='usc'; parse_status='partial'; usc_title=29; usc_section='1181'; usc_section_end='1183'; usc_section_span_rule='stated'; usc_title_is_possible=True; usc_section_verdict='exists'; usc_section_attested_at_edition=True; usc_section_magnitude_is_plausible=True; authority_in_own_cfr_note='present'; cfr_note_part='29 CFR 2590'; authority_source='box'; authority_box_run_start=0; authority_box_run_length=2; authority_join_rule='fragment-right:R5-opens-with-digit-no-scheme'; authority_join_text='29 USC 1027, 1059, 1135, 1161 to 1169, 1181 to 1183, 1181 (note), 1185 and 1185a, 1185b, 1185d, 1191, 1191a, 1191b, and 1191c'	29 USC 1027, 1059, 1135, 1161 to 1169, 1181 to 1183, 1181 (note), 1185 and 1185a
CHANGED	1210-AB83	201710	0	4	usc_section_end: None -> '1169'; usc_section_span_rule: None -> 'stated'	29 U.S.C. 1002(16), 1027, 1059, 1135, 1161 to 1169
CHANGED	1210-AB83	201804	0	4	usc_section_end: None -> '1169'; usc_section_span_rule: None -> 'stated'	29 U.S.C. 1002(16), 1027, 1059, 1135, 1161 to 1169
CHANGED	1210-AB83	201810	0	4	usc_section_end: None -> '1169'; usc_section_span_rule: None -> 'stated'	29 U.S.C. 1002(16), 1027, 1059, 1135, 1161 to 1169
CHANGED	1210-AB83	201904	0	4	usc_section_end: None -> '1169'; usc_section_span_rule: None -> 'stated'	29 U.S.C. 1002(16), 1027, 1059, 1135, 1161 to 1169
CHANGED	1210-AB84	201710	0	4	usc_section_end: None -> '1169'; usc_section_span_rule: None -> 'stated'	29 U.S.C. 1002(16), 1027, 1059, 1135, 1161 to 1169
CHANGED	1210-AB84	201804	0	4	usc_section_end: None -> '1169'; usc_section_span_rule: None -> 'stated'	29 U.S.C. 1002(16), 1027, 1059, 1135, 1161 to 1169
CHANGED	1210-AB84	201810	0	4	usc_section_end: None -> '1169'; usc_section_span_rule: None -> 'stated'	29 U.S.C. 1002(16), 1027, 1059, 1135, 1161 to 1169
CHANGED	1210-AB84	201904	0	4	usc_section_end: None -> '1169'; usc_section_span_rule: None -> 'stated'	29 U.S.C. 1002(16), 1027, 1059, 1135, 1161 to 1169
CHANGED	1215-AB21	199810	0	0	parse_status: 'partial' -> 'ok'; usc_section_end: None -> '276a-7'; usc_section_span_rule: None -> 'stated'	40 USC 276a to 276a-7
CHANGED	1215-AB21	199904	0	0	parse_status: 'partial' -> 'ok'; usc_section_end: None -> '276a-7'; usc_section_span_rule: None -> 'stated'	40 USC 276a to 276a-7
CHANGED	1215-AB21	199910	0	0	parse_status: 'partial' -> 'ok'; usc_section_end: None -> '276a-7'; usc_section_span_rule: None -> 'stated'	40 USC 276a to 276a-7
CHANGED	1215-AB21	200004	0	0	parse_status: 'partial' -> 'ok'; usc_section_end: None -> '276a-7'; usc_section_span_rule: None -> 'stated'	40 USC 276a to 276a-7
CHANGED	1215-AB21	200010	0	0	parse_status: 'partial' -> 'ok'; usc_section_end: None -> '276a-7'; usc_section_span_rule: None -> 'stated'	40 USC 276a to 276a-7
CHANGED	1215-AB21	200104	0	0	parse_status: 'partial' -> 'ok'; usc_section_end: None -> '276a-7'; usc_section_span_rule: None -> 'stated'	40 USC 276a to 276a-7
CHANGED	1400-AB10	200104	1	2	usc_section_end: None -> '2460'; usc_section_span_rule: None -> 'stated'	22 USC 1431 to 1442, 1475e, 2451 to 2460
CHANGED	1400-AB10	200110	1	2	usc_section_end: None -> '2460'; usc_section_span_rule: None -> 'stated'	22 USC 1431 to 1442, 1475e, 2451 to 2460
CHANGED	1400-AB10	200204	1	2	usc_section_end: None -> '2460'; usc_section_span_rule: None -> 'stated'	22 USC 1431 to 1442, 1475e, 2451 to 2460
CHANGED	1400-AB10	200210	1	2	usc_section_end: None -> '2460'; usc_section_span_rule: None -> 'stated'	22 USC 1431 to 1442, 1475e, 2451 to 2460
CHANGED	1400-AB10	200304	1	2	usc_section_end: None -> '2460'; usc_section_span_rule: None -> 'stated'	22 USC 1431 to 1442, 1475e, 2451 to 2460
CHANGED	1400-AB10	200310	1	2	usc_section_end: None -> '2460'; usc_section_span_rule: None -> 'stated'	22 USC 1431 to 1442, 1475e, 2451 to 2460
CHANGED	1400-AB10	200404	1	2	usc_section_end: None -> '2460'; usc_section_span_rule: None -> 'stated'	22 USC 1431 to 1442, 1475e, 2451 to 2460
CHANGED	1400-AB10	200410	1	2	usc_section_end: None -> '2460'; usc_section_span_rule: None -> 'stated'	22 USC 1431 to 1442, 1475e, 2451 to 2460
CHANGED	1400-AB10	200504	1	2	usc_section_end: None -> '2460'; usc_section_span_rule: None -> 'stated'	22 USC 1431 to 1442, 1475e, 2451 to 2460
CHANGED	1400-AB11	200010	1	2	usc_section_end: None -> '2460'; usc_section_span_rule: None -> 'stated'	22 USC 1431 to 1442, 1475e, 2451 to 2460
CHANGED	1400-AB11	200104	1	2	usc_section_end: None -> '2460'; usc_section_span_rule: None -> 'stated'	22 USC 1431 to 1442, 1475e, 2451 to 2460
CHANGED	1400-AB11	200110	1	2	usc_section_end: None -> '2460'; usc_section_span_rule: None -> 'stated'	22 USC 1431 to 1442, 1475e, 2451 to 2460
CHANGED	1400-AB11	200204	1	2	usc_section_end: None -> '2460'; usc_section_span_rule: None -> 'stated'	22 USC 1431 to 1442, 1475e, 2451 to 2460
CHANGED	1400-AB11	200210	1	2	usc_section_end: None -> '2460'; usc_section_span_rule: None -> 'stated'	22 USC 1431 to 1442, 1475e, 2451 to 2460
CHANGED	1400-AB11	200304	1	2	usc_section_end: None -> '2460'; usc_section_span_rule: None -> 'stated'	22 USC 1431 to 1442, 1475e, 2451 to 2460
CHANGED	1400-AB12	200004	1	2	usc_section_end: None -> '2460'; usc_section_span_rule: None -> 'stated'	22 USC 1431 to 1442, 1475e, 2451 to 2460
CHANGED	1400-AB12	200010	1	2	usc_section_end: None -> '2460'; usc_section_span_rule: None -> 'stated'	22 USC 1431 to 1442, 1475e, 2451 to 2460
CHANGED	1400-AB14	200010	1	2	usc_section_end: None -> '2460'; usc_section_span_rule: None -> 'stated'	22 USC 1431 to 1442, 14758, 2451 to 2460
CHANGED	1400-AB14	200104	1	2	usc_section_end: None -> '2460'; usc_section_span_rule: None -> 'stated'	22 USC 1431 to 1442, 1475e, 2451 to 2460
CHANGED	1400-AB14	200110	1	2	usc_section_end: None -> '2460'; usc_section_span_rule: None -> 'stated'	22 USC 1431 to 1442, 1475e, 2451 to 2460
CHANGED	1400-AB14	200204	1	2	usc_section_end: None -> '2460'; usc_section_span_rule: None -> 'stated'	22 USC 1431 to 1442, 1475e, 2451 to 2460
CHANGED	1400-AB14	200210	1	2	usc_section_end: None -> '2460'; usc_section_span_rule: None -> 'stated'	22 USC 1431 to 1442, 1475e, 2451 to 2460
CHANGED	1400-AB14	200304	1	2	usc_section_end: None -> '2460'; usc_section_span_rule: None -> 'stated'	22 USC 1431 to 1442, 1475e, 2451 to 2460
CHANGED	1400-AB17	200104	1	0	usc_section_end: None -> '2000d-7'; usc_section_span_rule: None -> 'stated'	42 ISC 2000d to 2000d-7
CHANGED	1400-AB17	200110	1	0	parse_status: 'partial' -> 'ok'; usc_section_end: None -> '2000d-7'; usc_section_span_rule: None -> 'stated'	42 USC 2000d to 2000d-7
CHANGED	1400-AB17	200204	1	0	parse_status: 'partial' -> 'ok'; usc_section_end: None -> '2000d-7'; usc_section_span_rule: None -> 'stated'	42 USC 2000d to 2000d-7
CHANGED	1400-AB17	200210	1	0	parse_status: 'partial' -> 'ok'; usc_section_end: None -> '2000d-7'; usc_section_span_rule: None -> 'stated'	42 USC 2000d to 2000d-7
CHANGED	1400-AB17	200304	1	0	parse_status: 'partial' -> 'ok'; usc_section_end: None -> '2000d-7'; usc_section_span_rule: None -> 'stated'	42 USC 2000d to 2000d-7
CHANGED	1400-AB17	200310	1	0	parse_status: 'partial' -> 'ok'; usc_section_end: None -> '2000d-7'; usc_section_span_rule: None -> 'stated'	42 USC 2000d to 2000d-7
CHANGED	1400-AB17	200404	1	0	parse_status: 'partial' -> 'ok'; usc_section_end: None -> '2000d-7'; usc_section_span_rule: None -> 'stated'	42 USC 2000d to 2000d-7
CHANGED	1400-AB45	200210	1	2	usc_section_end: None -> '2460'; usc_section_span_rule: None -> 'stated'	22 USC 1431 to 1442, 1475e, 2451 to 2460
CHANGED	1400-AB45	200304	1	2	usc_section_end: None -> '2460'; usc_section_span_rule: None -> 'stated'	22 USC 1431 to 1442, 1475e, 2451 to 2460
CHANGED	1400-AB45	200310	1	2	usc_section_end: None -> '2460'; usc_section_span_rule: None -> 'stated'	22 USC 1431 to 1442, 1475e, 2451 to 2460
CHANGED	1400-AB45	200404	1	2	usc_section_end: None -> '2460'; usc_section_span_rule: None -> 'stated'	22 USC 1431 to 1442, 1475e, 2451 to 2460
CHANGED	1400-AB45	200410	1	2	usc_section_end: None -> '2460'; usc_section_span_rule: None -> 'stated'	22 USC 1431 to 1442, 1475e, 2451 to 2460
CHANGED	1400-AB45	200504	1	2	usc_section_end: None -> '2460'; usc_section_span_rule: None -> 'stated'	22 USC 1431 to 1442, 1475e, 2451 to 2460
CHANGED	1400-AB45	200510	1	2	usc_section_end: None -> '2460'; usc_section_span_rule: None -> 'stated'	22 USC 1431 to 1442, 1475e, 2451 to 2460
CHANGED	1400-AB45	200604	1	2	usc_section_end: None -> '2460'; usc_section_span_rule: None -> 'stated'	22 USC 1431 to 1442, 1475e, 2451 to 2460
CHANGED	1400-AB45	200610	1	2	usc_section_end: None -> '2460'; usc_section_span_rule: None -> 'stated'	22 USC 1431 to 1442, 1475e, 2451 to 2460
CHANGED	1400-AB45	200704	1	2	usc_section_end: None -> '2460'; usc_section_span_rule: None -> 'stated'	22 USC 1431 to 1442, 1475e, 2451 to 2460
CHANGED	1400-AB45	200710	1	2	usc_section_end: None -> '2460'; usc_section_span_rule: None -> 'stated'	22 USC 1431 to 1442, 1475e, 2451 to 2460
CHANGED	1400-AB45	200804	1	2	usc_section_end: None -> '2460'; usc_section_span_rule: None -> 'stated'	22 USC 1431 to 1442, 1475e, 2451 to 2460
CHANGED	1400-AB45	200810	1	2	usc_section_end: None -> '2460'; usc_section_span_rule: None -> 'stated'	22 USC 1431 to 1442, 1475e, 2451 to 2460
CHANGED	1400-AB45	200904	1	2	usc_section_end: None -> '2460'; usc_section_span_rule: None -> 'stated'	22 USC 1431 to 1442, 1475e, 2451 to 2460
CHANGED	1400-AC49	200810	0	0	authority_in_own_cfr_note: 'near-miss' -> 'present'	8 USC 1481 to 1504
CHANGED	1400-AC49	200904	0	0	authority_in_own_cfr_note: 'near-miss' -> 'present'	8 USC 1481 to 1504
ADDED	1505-AB22	200604	1	1	(no row) -> rin='1505-AB22'; publication_id='200604'; ordinal=1; authority_text='19 USC 197 to 19 USC 198'; authority_type='usc'; parse_status='partial'; usc_title=19; usc_section='198'; usc_title_is_possible=True; usc_section_verdict='exists'; usc_section_attested_at_edition=True; usc_section_magnitude_is_plausible=True; authority_in_own_cfr_note='present'; cfr_note_part='19 CFR 24'; authority_source='box'	19 USC 197 to 19 USC 198
ADDED	1505-AB22	200610	1	1	(no row) -> rin='1505-AB22'; publication_id='200610'; ordinal=1; authority_text='19 USC 197 to 19 USC 198'; authority_type='usc'; parse_status='partial'; usc_title=19; usc_section='198'; usc_title_is_possible=True; usc_section_verdict='exists'; usc_section_attested_at_edition=True; usc_section_magnitude_is_plausible=True; authority_in_own_cfr_note='present'; cfr_note_part='19 CFR 24'; authority_source='box'	19 USC 197 to 19 USC 198
ADDED	1505-AB22	200704	1	1	(no row) -> rin='1505-AB22'; publication_id='200704'; ordinal=1; authority_text='19 USC 197 to 19 USC 198'; authority_type='usc'; parse_status='partial'; usc_title=19; usc_section='198'; usc_title_is_possible=True; usc_section_verdict='exists'; usc_section_attested_at_edition=True; usc_section_magnitude_is_plausible=True; authority_in_own_cfr_note='present'; cfr_note_part='19 CFR 24'; authority_source='box'	19 USC 197 to 19 USC 198
ADDED	1505-AB22	200710	1	1	(no row) -> rin='1505-AB22'; publication_id='200710'; ordinal=1; authority_text='19 USC 197 to 19 USC 198'; authority_type='usc'; parse_status='partial'; usc_title=19; usc_section='198'; usc_title_is_possible=True; usc_section_verdict='exists'; usc_section_attested_at_edition=True; usc_section_magnitude_is_plausible=True; authority_in_own_cfr_note='present'; cfr_note_part='19 CFR 24'; authority_source='box'	19 USC 197 to 19 USC 198
ADDED	1505-AB22	200804	1	1	(no row) -> rin='1505-AB22'; publication_id='200804'; ordinal=1; authority_text='19 USC 197 to 19 USC 198'; authority_type='usc'; parse_status='partial'; usc_title=19; usc_section='198'; usc_title_is_possible=True; usc_section_verdict='exists'; usc_section_attested_at_edition=True; usc_section_magnitude_is_plausible=True; authority_in_own_cfr_note='present'; cfr_note_part='19 CFR 24'; authority_source='box'	19 USC 197 to 19 USC 198
CHANGED	1505-AC45	201304	0	0	parse_status: 'partial' -> 'ok'; usc_section_end: None -> '2000d-7'; usc_section_span_rule: None -> 'stated'	42 USC 2000d to 2000d-7.
CHANGED	1505-AC45	201310	0	0	parse_status: 'partial' -> 'ok'; usc_section_end: None -> '2000d-7'; usc_section_span_rule: None -> 'stated'	42 USC 2000d to 2000d-7.
CHANGED	1505-AC45	201404	0	0	parse_status: 'partial' -> 'ok'; usc_section_end: None -> '2000d-7'; usc_section_span_rule: None -> 'stated'	42 USC 2000d to 2000d-7
CHANGED	1505-AC45	201410	0	0	parse_status: 'partial' -> 'ok'; usc_section_end: None -> '2000d-7'; usc_section_span_rule: None -> 'stated'	42 USC 2000d to 2000d-7
CHANGED	1505-AC45	201504	0	0	parse_status: 'partial' -> 'ok'; usc_section_end: None -> '2000d-7'; usc_section_span_rule: None -> 'stated'	42 U.S.C. 2000d to 2000d-7
CHANGED	1505-AC45	201510	0	0	parse_status: 'partial' -> 'ok'; usc_section_end: None -> '2000d-7'; usc_section_span_rule: None -> 'stated'	42 U.S.C. 2000d to 2000d-7
CHANGED	1505-AC45	201604	0	0	parse_status: 'partial' -> 'ok'; usc_section_end: None -> '2000d-7'; usc_section_span_rule: None -> 'stated'	42 U.S.C. 2000d to 2000d-7
ADDED	1513-AB28	200604	1	1	(no row) -> rin='1513-AB28'; publication_id='200604'; ordinal=1; authority_text='26 USC 5222 to 26 USC 5223'; authority_type='usc'; parse_status='partial'; usc_title=26; usc_section='5223'; usc_title_is_possible=True; usc_section_verdict='exists'; usc_section_attested_at_edition=True; usc_section_magnitude_is_plausible=True; authority_in_own_cfr_note='present'; cfr_note_part='27 CFR 19'; authority_source='box'	26 USC 5222 to 26 USC 5223
CHANGED	1545-BH20	200910	0	0	usc_section_end: '1513' -> None; usc_section_span_rule: 'abbreviated-span' -> None	26 USC 1502-13(c)(6)(ii)(C)(Revision)
CHANGED	1545-BH20	201004	0	0	usc_section_end: '1513' -> None; usc_section_span_rule: 'abbreviated-span' -> None	26 USC 1502-13(c)(6)(ii)(C)(Revision)
CHANGED	1545-BH20	201010	0	0	usc_section_end: '1513' -> None; usc_section_span_rule: 'abbreviated-span' -> None	26 USC 1502-13(c)(6)(ii)(C)(Revision)
CHANGED	1545-BH20	201104	0	0	usc_section_end: '1513' -> None; usc_section_span_rule: 'abbreviated-span' -> None	26 USC 1502-13(c)(6)(ii)(C)(Revision)
CHANGED	1545-BI22	201904	0	1	usc_section_end: None -> '150'; usc_section_span_rule: None -> 'stated'	26 U.S.C. 103, 141 to 150, and 7805
CHANGED	1545-BI22	201910	0	1	usc_section_end: None -> '150'; usc_section_span_rule: None -> 'stated'	26 U.S.C. 103, 141 to 150, and 7805
CHANGED	1545-BI22	202004	0	1	usc_section_end: None -> '150'; usc_section_span_rule: None -> 'stated'	26 U.S.C. 103, 141 to 150, and 7805
CHANGED	1545-BI22	202010	0	1	usc_section_end: None -> '150'; usc_section_span_rule: None -> 'stated'	26 U.S.C. 103, 141 to 150, and 7805
CHANGED	1545-BI22	202104	0	1	usc_section_end: None -> '150'; usc_section_span_rule: None -> 'stated'	26 U.S.C. 103, 141 to 150, and 7805
CHANGED	1545-BI22	202110	0	1	usc_section_end: None -> '150'; usc_section_span_rule: None -> 'stated'	26 U.S.C. 103, 141 to 150, and 7805
CHANGED	1545-BI22	202204	0	1	usc_section_end: None -> '150'; usc_section_span_rule: None -> 'stated'	26 U.S.C. 103, 141 to 150, and 7805
CHANGED	1545-BI22	202210	0	1	usc_section_end: None -> '150'; usc_section_span_rule: None -> 'stated'	26 U.S.C. 103, 141 to 150, and 7805
CHANGED	1545-BI22	202304	0	1	usc_section_end: None -> '150'; usc_section_span_rule: None -> 'stated'	26 U.S.C. 103, 141 to 150, and 7805
CHANGED	1545-BI22	202310	0	1	usc_section_end: None -> '150'; usc_section_span_rule: None -> 'stated'	26 U.S.C. 103, 141 to 150, and 7805
CHANGED	1545-BI22	202404	0	1	usc_section_end: None -> '150'; usc_section_span_rule: None -> 'stated'	26 U.S.C. 103, 141 to 150, and 7805
CHANGED	1545-BI22	202410	0	1	usc_section_end: None -> '150'; usc_section_span_rule: None -> 'stated'	26 U.S.C. 103, 141 to 150, and 7805
CHANGED	1545-BI22	202504	0	1	usc_section_end: None -> '150'; usc_section_span_rule: None -> 'stated'	26 U.S.C. 103, 141 to 150, and 7805
CHANGED	1545-BO08	201904	1	1	usc_section_end: None -> '1474'; usc_section_span_rule: None -> 'stated'	26 U.S.C. 871(m), 1471 to 1474
CHANGED	1545-BO08	201910	1	1	usc_section_end: None -> '1474'; usc_section_span_rule: None -> 'stated'	26 U.S.C. 871(m), 1471 to 1474
CHANGED	1545-BO08	202004	1	1	usc_section_end: None -> '1474'; usc_section_span_rule: None -> 'stated'	26 U.S.C. 871(m), 1471 to 1474
CHANGED	1557-AD14	200910	9	0	parse_status: 'partial' -> 'ok'; usc_section_end: None -> '1681s-3'; usc_section_span_rule: None -> 'stated'	15 USC 1681s-2 to 1681s-3
CHANGED	1557-AD37	201110	2	0	parse_status: 'partial' -> 'ok'; usc_section_end: None -> '78q-1'; usc_section_span_rule: None -> 'stated'	15 USC 78q to 78q-1
CHANGED	1557-AD37	201210	3	0	parse_status: 'partial' -> 'ok'; usc_section_end: None -> '78q-1'; usc_section_span_rule: None -> 'stated'	15 USC 78q to 78q-1
CHANGED	1557-AD95	201510	8	0	parse_status: 'partial' -> 'ok'; usc_section_end: None -> '215a-3'; usc_section_span_rule: None -> 'stated'	12 USC 215a-2 to 215a-3
CHANGED	1557-AD95	201604	11	0	parse_status: 'partial' -> 'ok'; usc_section_end: None -> '215a-3'; usc_section_span_rule: None -> 'stated'	12 U.S.C. 215a-2 to 215a-3
CHANGED	1557-AD95	201610	11	0	parse_status: 'partial' -> 'ok'; usc_section_end: None -> '215a-3'; usc_section_span_rule: None -> 'stated'	12 U.S.C. 215a-2 to 215a-3
CHANGED	1557-AD95	201704	11	0	parse_status: 'partial' -> 'ok'; usc_section_end: None -> '215a-3'; usc_section_span_rule: None -> 'stated'	12 U.S.C. 215a-2 to 215a-3
CHANGED	1557-AF03	202404	2	3	usc_section_end: None -> '1884'; usc_section_span_rule: None -> 'stated'	12 U.S.C. 1818, 1828, 1831p-1, and 1881 to 1884
CHANGED	1557-AF15	202110	19	0	authority_in_own_cfr_note: 'near-miss' -> 'present'	12 U.S.C. 2908
CHANGED	1557-AF15	202204	19	0	authority_in_own_cfr_note: 'near-miss' -> 'present'	12 U.S.C. 2908
CHANGED	1557-AF15	202210	19	0	authority_in_own_cfr_note: 'near-miss' -> 'present'	12 U.S.C. 2908
CHANGED	1557-AF15	202304	19	0	authority_in_own_cfr_note: 'near-miss' -> 'present'	12 U.S.C. 2908
CHANGED	1557-AF15	202310	19	0	authority_in_own_cfr_note: 'near-miss' -> 'present'	12 U.S.C. 2908
CHANGED	1557-AF15	202404	19	0	authority_in_own_cfr_note: 'near-miss' -> 'present'	12 U.S.C. 2908
CHANGED	1557-AF30	202504	20	0	authority_in_own_cfr_note: 'near-miss' -> 'present'	12 U.S.C. 2902
CHANGED	1557-AF30	202504	21	0	authority_in_own_cfr_note: 'near-miss' -> 'present'	12 U.S.C. 2903
CHANGED	1557-AF30	202504	22	0	authority_in_own_cfr_note: 'near-miss' -> 'present'	12 U.S.C. 2904
CHANGED	1557-AF30	202504	23	0	authority_in_own_cfr_note: 'near-miss' -> 'present'	12 U.S.C. 2905
CHANGED	1557-AF30	202504	24	0	authority_in_own_cfr_note: 'near-miss' -> 'present'	12 U.S.C. 2906
CHANGED	1557-AF30	202504	25	0	authority_in_own_cfr_note: 'near-miss' -> 'present'	12 U.S.C. 2907
CHANGED	1557-AF30	202504	26	0	authority_in_own_cfr_note: 'near-miss' -> 'present'	12 U.S.C. 2908
CHANGED	1557-AF30	202504	28	0	authority_in_own_cfr_note: 'near-miss' -> 'present'	12 U.S.C. 3102
CHANGED	1557-AF30	202504	29	0	authority_in_own_cfr_note: 'near-miss' -> 'present'	12 U.S.C. 3103
CHANGED	1557-AF30	202504	30	0	authority_in_own_cfr_note: 'near-miss' -> 'present'	12 U.S.C. 3104
CHANGED	1557-AF30	202504	31	0	authority_in_own_cfr_note: 'near-miss' -> 'present'	12 U.S.C. 3105
CHANGED	1557-AF30	202504	32	0	authority_in_own_cfr_note: 'near-miss' -> 'present'	12 U.S.C. 3106
CHANGED	1557-AF30	202504	33	0	authority_in_own_cfr_note: 'near-miss' -> 'present'	12 U.S.C. 3107
CHANGED	1557-AF30	202504	34	0	authority_in_own_cfr_note: 'near-miss' -> 'present'	12 U.S.C. 3108
CHANGED	1557-AF30	202504	35	0	authority_in_own_cfr_note: 'near-miss' -> 'present'	12 U.S.C. 3109
CHANGED	1557-AF30	202504	36	0	authority_in_own_cfr_note: 'near-miss' -> 'present'	12 U.S.C. 3110
CHANGED	1557-AF30	202504	37	0	authority_in_own_cfr_note: 'near-miss' -> 'present'	12 U.S.C. 3111
CHANGED	1557-AF30	202510	20	0	authority_in_own_cfr_note: 'near-miss' -> 'present'	12 U.S.C. 2902
CHANGED	1557-AF30	202510	21	0	authority_in_own_cfr_note: 'near-miss' -> 'present'	12 U.S.C. 2903
CHANGED	1557-AF30	202510	22	0	authority_in_own_cfr_note: 'near-miss' -> 'present'	12 U.S.C. 2904
CHANGED	1557-AF30	202510	23	0	authority_in_own_cfr_note: 'near-miss' -> 'present'	12 U.S.C. 2905
CHANGED	1557-AF30	202510	24	0	authority_in_own_cfr_note: 'near-miss' -> 'present'	12 U.S.C. 2906
CHANGED	1557-AF30	202510	25	0	authority_in_own_cfr_note: 'near-miss' -> 'present'	12 U.S.C. 2907
CHANGED	1557-AF30	202510	26	0	authority_in_own_cfr_note: 'near-miss' -> 'present'	12 U.S.C. 2908
CHANGED	1557-AF30	202510	28	0	authority_in_own_cfr_note: 'near-miss' -> 'present'	12 U.S.C. 3102
CHANGED	1557-AF30	202510	29	0	authority_in_own_cfr_note: 'near-miss' -> 'present'	12 U.S.C. 3103
CHANGED	1557-AF30	202510	30	0	authority_in_own_cfr_note: 'near-miss' -> 'present'	12 U.S.C. 3104
CHANGED	1557-AF30	202510	31	0	authority_in_own_cfr_note: 'near-miss' -> 'present'	12 U.S.C. 3105
CHANGED	1557-AF30	202510	32	0	authority_in_own_cfr_note: 'near-miss' -> 'present'	12 U.S.C. 3106
CHANGED	1557-AF30	202510	33	0	authority_in_own_cfr_note: 'near-miss' -> 'present'	12 U.S.C. 3107
CHANGED	1557-AF30	202510	34	0	authority_in_own_cfr_note: 'near-miss' -> 'present'	12 U.S.C. 3108
CHANGED	1557-AF30	202510	35	0	authority_in_own_cfr_note: 'near-miss' -> 'present'	12 U.S.C. 3109
CHANGED	1557-AF30	202510	36	0	authority_in_own_cfr_note: 'near-miss' -> 'present'	12 U.S.C. 3110
CHANGED	1557-AF30	202510	37	0	authority_in_own_cfr_note: 'near-miss' -> 'present'	12 U.S.C. 3111
CHANGED	1601-AA05	200304	2	0	parse_status: 'partial' -> 'ok'; usc_section_end: None -> '2000d-7'; usc_section_span_rule: None -> 'stated'	42 USC 2000d to 2000d-7
CHANGED	1601-AA05	200310	2	0	parse_status: 'partial' -> 'ok'; usc_section_end: None -> '2000d-7'; usc_section_span_rule: None -> 'stated'	42 USC 2000d to 2000d-7
CHANGED	1601-AA05	200404	2	0	parse_status: 'partial' -> 'ok'; usc_section_end: None -> '2000d-7'; usc_section_span_rule: None -> 'stated'	42 USC 2000d to 2000d-7
CHANGED	1601-AA05	200410	2	0	parse_status: 'partial' -> 'ok'; usc_section_end: None -> '2000d-7'; usc_section_span_rule: None -> 'stated'	42 USC 2000d to 2000d-7
CHANGED	1601-AA05	200504	2	0	parse_status: 'partial' -> 'ok'; usc_section_end: None -> '2000d-7'; usc_section_span_rule: None -> 'stated'	42 USC 2000d to 2000d-7
CHANGED	1601-AA05	200510	2	0	parse_status: 'partial' -> 'ok'; usc_section_end: None -> '2000d-7'; usc_section_span_rule: None -> 'stated'	42 USC 2000d to 2000d-7
CHANGED	1601-AA05	200604	2	0	parse_status: 'partial' -> 'ok'; usc_section_end: None -> '2000d-7'; usc_section_span_rule: None -> 'stated'	42 USC 2000d to 2000d-7
CHANGED	1601-AA05	200610	2	0	parse_status: 'partial' -> 'ok'; usc_section_end: None -> '2000d-7'; usc_section_span_rule: None -> 'stated'	42 USC 2000d to 2000d-7
CHANGED	1601-AA05	200704	2	0	parse_status: 'partial' -> 'ok'; usc_section_end: None -> '2000d-7'; usc_section_span_rule: None -> 'stated'	42 USC 2000d to 2000d-7
CHANGED	1601-AA05	200710	2	0	parse_status: 'partial' -> 'ok'; usc_section_end: None -> '2000d-7'; usc_section_span_rule: None -> 'stated'	42 USC 2000d to 2000d-7
CHANGED	1601-AA05	200804	2	0	parse_status: 'partial' -> 'ok'; usc_section_end: None -> '2000d-7'; usc_section_span_rule: None -> 'stated'	42 USC 2000d to 2000d-7
CHANGED	1601-AA05	200810	2	0	parse_status: 'partial' -> 'ok'; usc_section_end: None -> '2000d-7'; usc_section_span_rule: None -> 'stated'	42 USC 2000d to 2000d-7
CHANGED	1601-AA05	200904	2	0	parse_status: 'partial' -> 'ok'; usc_section_end: None -> '2000d-7'; usc_section_span_rule: None -> 'stated'	42 USC 2000d to 2000d-7
CHANGED	1601-AA05	200910	2	0	parse_status: 'partial' -> 'ok'; usc_section_end: None -> '2000d-7'; usc_section_span_rule: None -> 'stated'	42 USC 2000d to 2000d-7
CHANGED	1601-AA05	201004	2	0	parse_status: 'partial' -> 'ok'; usc_section_end: None -> '2000d-7'; usc_section_span_rule: None -> 'stated'	42 USC 2000d to 2000d-7
CHANGED	1601-AA05	201010	2	0	parse_status: 'partial' -> 'ok'; usc_section_end: None -> '2000d-7'; usc_section_span_rule: None -> 'stated'	42 USC 2000d to 2000d-7
CHANGED	1601-AA05	201104	2	0	parse_status: 'partial' -> 'ok'; usc_section_end: None -> '2000d-7'; usc_section_span_rule: None -> 'stated'	42 USC 2000d to 2000d-7
CHANGED	1601-AA05	201110	2	0	parse_status: 'partial' -> 'ok'; usc_section_end: None -> '2000d-7'; usc_section_span_rule: None -> 'stated'	42 USC 2000d to 2000d-7
CHANGED	1601-AA05	201210	2	0	parse_status: 'partial' -> 'ok'; usc_section_end: None -> '2000d-7'; usc_section_span_rule: None -> 'stated'	42 USC 2000d to 2000d-7
CHANGED	1601-AA05	201304	2	0	parse_status: 'partial' -> 'ok'; usc_section_end: None -> '2000d-7'; usc_section_span_rule: None -> 'stated'	42 USC 2000d to 2000d-7
CHANGED	1601-AA05	201310	2	0	parse_status: 'partial' -> 'ok'; usc_section_end: None -> '2000d-7'; usc_section_span_rule: None -> 'stated'	42 USC 2000d to 2000d-7
CHANGED	1601-AA05	201404	2	0	parse_status: 'partial' -> 'ok'; usc_section_end: None -> '2000d-7'; usc_section_span_rule: None -> 'stated'	42 USC 2000d to 2000d-7
CHANGED	1601-AA05	201410	2	0	parse_status: 'partial' -> 'ok'; usc_section_end: None -> '2000d-7'; usc_section_span_rule: None -> 'stated'	42 USC 2000d to 2000d-7
CHANGED	1601-AA05	201504	2	0	parse_status: 'partial' -> 'ok'; usc_section_end: None -> '2000d-7'; usc_section_span_rule: None -> 'stated'	42 U.S.C. 2000d to 2000d-7
CHANGED	1601-AA05	201510	2	0	parse_status: 'partial' -> 'ok'; usc_section_end: None -> '2000d-7'; usc_section_span_rule: None -> 'stated'	42 U.S.C. 2000d to 2000d-7
CHANGED	1601-AA05	201604	2	0	parse_status: 'partial' -> 'ok'; usc_section_end: None -> '2000d-7'; usc_section_span_rule: None -> 'stated'	42 U.S.C. 2000d to 2000d-7
CHANGED	1601-AA05	201610	2	0	parse_status: 'partial' -> 'ok'; usc_section_end: None -> '2000d-7'; usc_section_span_rule: None -> 'stated'	42 U.S.C. 2000d to 2000d-7
CHANGED	1601-AA05	201704	2	0	parse_status: 'partial' -> 'ok'; usc_section_end: None -> '2000d-7'; usc_section_span_rule: None -> 'stated'	42 U.S.C. 2000d to 2000d-7
CHANGED	1601-AA05	202104	2	0	parse_status: 'partial' -> 'ok'; usc_section_end: None -> '2000d-7'; usc_section_span_rule: None -> 'stated'	42 U.S.C. 2000d to 2000d-7
CHANGED	1601-AA05	202110	2	0	parse_status: 'partial' -> 'ok'; usc_section_end: None -> '2000d-7'; usc_section_span_rule: None -> 'stated'	42 U.S.C. 2000d to 2000d-7
CHANGED	1601-AA05	202204	2	0	parse_status: 'partial' -> 'ok'; usc_section_end: None -> '2000d-7'; usc_section_span_rule: None -> 'stated'	42 U.S.C. 2000d to 2000d-7
CHANGED	1601-AA05	202210	2	0	parse_status: 'partial' -> 'ok'; usc_section_end: None -> '2000d-7'; usc_section_span_rule: None -> 'stated'	42 U.S.C. 2000d to 2000d-7
CHANGED	1601-AA05	202304	2	0	parse_status: 'partial' -> 'ok'; usc_section_end: None -> '2000d-7'; usc_section_span_rule: None -> 'stated'	42 U.S.C. 2000d to 2000d-7
CHANGED	1601-AA05	202310	2	0	parse_status: 'partial' -> 'ok'; usc_section_end: None -> '2000d-7'; usc_section_span_rule: None -> 'stated'	42 U.S.C. 2000d to 2000d-7
CHANGED	1601-AA05	202404	2	0	parse_status: 'partial' -> 'ok'; usc_section_end: None -> '2000d-7'; usc_section_span_rule: None -> 'stated'	42 U.S.C. 2000d to 2000d-7
CHANGED	1601-AA05	202410	2	0	parse_status: 'partial' -> 'ok'; usc_section_end: None -> '2000d-7'; usc_section_span_rule: None -> 'stated'	42 U.S.C. 2000d to 2000d-7
CHANGED	1601-AA05	202504	2	0	parse_status: 'partial' -> 'ok'; usc_section_end: None -> '2000d-7'; usc_section_span_rule: None -> 'stated'	42 U.S.C. 2000d to 2000d-7
CHANGED	1601-AA33	200604	5	7	usc_section_end: None -> '1732'; usc_section_span_rule: None -> 'stated'	8 USC 1104, 1184, 1185 (pursuant to E.O. 13323, 1/2/04), 1365a and note, 1379, 1731 to 1732
CHANGED	1601-AA33	200610	5	7	usc_section_end: None -> '1732'; usc_section_span_rule: None -> 'stated'	8 USC 1104, 1184 and 1185 (pursuant to E.O. 13323, 1/2/04), 1365a and note, 1379, 1731 to 1732
CHANGED	1601-AA34	202004	0	3	usc_section_end: None -> '1185'; usc_section_span_rule: None -> 'stated'	8 U.S.C. 1101 to 1104, 1182, 1184 to 1185 (pursuant to E.O. 13323), 1221, 1365a, 1365b,1379, and 1731 to 1732
CHANGED	1601-AA34	202004	0	8	usc_section_end: None -> '1732'; usc_section_span_rule: None -> 'stated'	8 U.S.C. 1101 to 1104, 1182, 1184 to 1185 (pursuant to E.O. 13323), 1221, 1365a, 1365b,1379, and 1731 to 1732
CHANGED	1601-AA34	202010	0	3	usc_section_end: None -> '1185'; usc_section_span_rule: None -> 'stated'	8 U.S.C. 1101 to 1104, 1182, 1184 to 1185 (pursuant to E.O. 13323), 1221, 1365a, 1365b,1379, and 1731 to 1732
CHANGED	1601-AA34	202010	0	8	usc_section_end: None -> '1732'; usc_section_span_rule: None -> 'stated'	8 U.S.C. 1101 to 1104, 1182, 1184 to 1185 (pursuant to E.O. 13323), 1221, 1365a, 1365b,1379, and 1731 to 1732
CHANGED	1615-AA59	202004	1	5	usc_section_end: None -> '1227'; usc_section_span_rule: None -> 'stated'	8 U.S.C. 1101 to 1104, 1182, 1184, 1187, 1201, 1224 to 1227, 1252 and 1252a
CHANGED	1615-AA59	202010	1	5	usc_section_end: None -> '1227'; usc_section_span_rule: None -> 'stated'	8 U.S.C. 1101 to 1104, 1182, 1184, 1187, 1201, 1224 to 1227, 1252 and 1252a
CHANGED	1615-AA59	202104	1	5	usc_section_end: None -> '1227'; usc_section_span_rule: None -> 'stated'	8 U.S.C. 1101 to 1104, 1182, 1184, 1187, 1201, 1224 to 1227, 1252 and 1252a
CHANGED	1615-AA59	202110	1	5	usc_section_end: None -> '1227'; usc_section_span_rule: None -> 'stated'	8 U.S.C. 1101 to 1104, 1182, 1184, 1187, 1201, 1224 to 1227, 1252 and 1252a
CHANGED	1615-AC22	202004	0	1	usc_section_end: None -> '1155'; usc_section_span_rule: None -> 'stated'	8 U.S.C. 1101, 1153 to 1155, 1255 and 1324a
CHANGED	1615-AC22	202010	0	1	usc_section_end: None -> '1155'; usc_section_span_rule: None -> 'stated'	8 U.S.C. 1101, 1153 to 1155, 1255 and 1324a
CHANGED	1625-AB10	200710	18	0	parse_status: 'partial' -> 'ok'; usc_section_end: None -> '8906'; usc_section_span_rule: None -> 'stated'	46 USC 8905(b) to 8906
CHANGED	1625-AB10	200804	18	0	parse_status: 'partial' -> 'ok'; usc_section_end: None -> '8906'; usc_section_span_rule: None -> 'stated'	46 USC 8905(b) to 8906
CHANGED	1625-AB10	200810	18	0	parse_status: 'partial' -> 'ok'; usc_section_end: None -> '8906'; usc_section_span_rule: None -> 'stated'	46 USC 8905(b) to 8906
CHANGED	1660-AA12	200304	1	0	parse_status: 'partial' -> 'ok'; usc_section_end: None -> '2000d-7'; usc_section_span_rule: None -> 'stated'	42 USC 2000d to 2000d-7
CHANGED	1660-AA12	200310	1	0	parse_status: 'partial' -> 'ok'; usc_section_end: None -> '2000d-7'; usc_section_span_rule: None -> 'stated'	42 USC 2000d to 2000d-7
CHANGED	1820-AB57	200604	0	2	usc_section_end: None -> '1419'; usc_section_span_rule: None -> 'stated'	20 USC 1221e-3, 1406, 1411 to 1419, 1462(h)
CHANGED	1820-AB57	200610	0	2	usc_section_end: None -> '1419'; usc_section_span_rule: None -> 'stated'	20 USC 1221e-3, 1406, 1411 to 1419
CHANGED	1820-AB74	201704	0	3	usc_section_end: None -> '1444'; usc_section_span_rule: None -> 'stated'	20 U.S.C. 1221e-3, 1406, 1411-1419, and 1431 through 1444
CHANGED	1840-AC16	199510	0	0	parse_status: 'partial' -> 'ok'; usc_section_end: '1087' -> '1087-2'	20 USC 1071 to 1087-2
CHANGED	1840-AC16	199604	0	0	parse_status: 'partial' -> 'ok'; usc_section_end: '1087' -> '1087-2'	20 USC 1071 to 1087-2
CHANGED	1840-AC16	199610	0	0	parse_status: 'partial' -> 'ok'; usc_section_end: '1087' -> '1087-2'	20 USC 1071 to 1087-2
CHANGED	1840-AC16	199704	0	0	parse_status: 'partial' -> 'ok'; usc_section_end: '1087' -> '1087-2'	20 USC 1071 to 1087-2
CHANGED	1840-AC16	199710	0	0	parse_status: 'partial' -> 'ok'; usc_section_end: '1087' -> '1087-2'	20 USC 1071 to 1087-2
CHANGED	1840-AC17	199510	0	0	parse_status: 'partial' -> 'ok'; usc_section_end: '1087' -> '1087-2'	20 USC 1071 to 1087-2
CHANGED	1840-AC17	199604	0	0	parse_status: 'partial' -> 'ok'; usc_section_end: '1087' -> '1087-2'	20 USC 1071 to 1087-2
CHANGED	1840-AC21	199510	0	0	parse_status: 'partial' -> 'ok'; usc_section_end: '1087' -> '1087-2'	20 USC 1071 to 1087-2
CHANGED	1840-AC21	199604	0	0	parse_status: 'partial' -> 'ok'; usc_section_end: '1087' -> '1087-2'	20 USC 1071 to 1087-2
CHANGED	1840-AC29	199610	0	0	parse_status: 'partial' -> 'ok'; usc_section_end: None -> '1070a-17'; usc_section_span_rule: None -> 'stated'	20 USC 1070a to 1070a-17
CHANGED	1840-AC29	199704	0	0	parse_status: 'partial' -> 'ok'; usc_section_end: None -> '1070a-17'; usc_section_span_rule: None -> 'stated'	20 USC 1070a to 1070a-17
CHANGED	1840-AC31	199610	1	0	parse_status: 'partial' -> 'ok'; usc_section_end: None -> '1134q-1'; usc_section_span_rule: None -> 'stated'	20 USC 1134(l) to 1134q-1
CHANGED	1840-AC33	199604	0	0	parse_status: 'partial' -> 'ok'; usc_section_end: '1087' -> '1087-2'	20 USC 1071 to 1087-2
CHANGED	1840-AC33	199610	0	0	parse_status: 'partial' -> 'ok'; usc_section_end: '1087' -> '1087-2'	20 USC 1071 to 1087-2
CHANGED	1840-AC33	199704	0	0	parse_status: 'partial' -> 'ok'; usc_section_end: '1087' -> '1087-2'	20 USC 1071 to 1087-2
CHANGED	1840-AC34	199604	3	0	parse_status: 'partial' -> 'ok'; usc_section_end: None -> '1070b-3'; usc_section_span_rule: None -> 'stated'	20 USC 1070b to 1070b-3
CHANGED	1840-AC34	199610	3	0	parse_status: 'partial' -> 'ok'; usc_section_end: None -> '1070b-3'; usc_section_span_rule: None -> 'stated'	20 USC 1070b to 1070b-3
CHANGED	1840-AC34	199704	3	0	parse_status: 'partial' -> 'ok'; usc_section_end: None -> '1070b-3'; usc_section_span_rule: None -> 'stated'	20 USC 1070b to 1070b-3
CHANGED	1840-AC35	199610	0	0	parse_status: 'partial' -> 'ok'; usc_section_end: '1087' -> '1087-2'	20 USC 1071 to 1087-2
CHANGED	1840-AC35	199704	0	0	parse_status: 'partial' -> 'ok'; usc_section_end: '1087' -> '1087-2'	20 USC 1071 to 1087-2
CHANGED	1840-AC44	199710	1	0	parse_status: 'partial' -> 'ok'; usc_section_end: '1087' -> '1087-2'	20 USC 1071 to 1087-2
CHANGED	1840-AC44	199804	1	0	parse_status: 'partial' -> 'ok'; usc_section_end: '1087' -> '1087-2'	20 USC 1071 to 1087-2
CHANGED	1840-AC44	199810	1	0	parse_status: 'partial' -> 'ok'; usc_section_end: '1087' -> '1087-2'	20 USC 1071 to 1087-2
CHANGED	1840-AC45	199710	0	0	parse_status: 'partial' -> 'ok'; usc_section_end: '1087' -> '1087-2'	20 USC 1071 to 1087-2
CHANGED	1840-AC45	199804	0	0	parse_status: 'partial' -> 'ok'; usc_section_end: '1087' -> '1087-2'	20 USC 1071 to 1087-2
CHANGED	1840-AC46	199710	2	0	parse_status: 'partial' -> 'ok'; usc_section_end: None -> '1070b-3'; usc_section_span_rule: None -> 'stated'	20 USC 1070b to 1070b-3
CHANGED	1840-AC59	199904	0	0	parse_status: 'partial' -> 'ok'; usc_section_end: None -> '1070a-28'; usc_section_span_rule: None -> 'stated'	20 USC 1070a-21 to 1070a-28
CHANGED	1840-AC61	199904	0	0	parse_status: 'partial' -> 'ok'; usc_section_end: '1087' -> '1087-2'	20 USC 1071 to 1087-2
CHANGED	1840-AC61	199910	0	0	parse_status: 'partial' -> 'ok'; usc_section_end: '1087' -> '1087-2'	20 USC 1071 to 1087-2
CHANGED	1840-AC62	199904	0	0	parse_status: 'partial' -> 'ok'; usc_section_end: '1087' -> '1087-2'	20 USC 1071 to 1087-2
CHANGED	1840-AC62	199910	0	0	parse_status: 'partial' -> 'ok'; usc_section_end: '1087' -> '1087-2'	20 USC 1071 to 1087-2
CHANGED	1840-AC63	199904	1	0	parse_status: 'partial' -> 'ok'; usc_section_end: None -> '1070b-3'; usc_section_span_rule: None -> 'stated'	20 USC 1070b to 1070b-3
CHANGED	1840-AC63	199904	2	0	parse_status: 'partial' -> 'ok'; usc_section_end: None -> '1070c-4'; usc_section_span_rule: None -> 'stated'	20 USC 1070c to 1070c-4
CHANGED	1840-AC63	199910	1	0	parse_status: 'partial' -> 'ok'; usc_section_end: None -> '1070b-3'; usc_section_span_rule: None -> 'stated'	20 USC 1070b to 1070b-3
CHANGED	1840-AC63	199910	2	0	parse_status: 'partial' -> 'ok'; usc_section_end: None -> '1070c-4'; usc_section_span_rule: None -> 'stated'	20 USC 1070c to 1070c-4
CHANGED	1840-AC85	200404	15	0	parse_status: 'partial' -> 'ok'; usc_section_end: None -> '1099c-1'; usc_section_span_rule: None -> 'stated'	20 USC 1099c to 1099c-1
CHANGED	1840-AC85	200404	4	0	parse_status: 'partial' -> 'ok'; usc_section_end: None -> '1070b-3'; usc_section_span_rule: None -> 'stated'	20 USC 1070b to 1070b-3
CHANGED	1840-AC85	200404	5	0	parse_status: 'partial' -> 'ok'; usc_section_end: '1087' -> '1087-2'	20 USC 1071 to 1087-2
CHANGED	1840-AC94	200804	2	0	parse_status: 'partial' -> 'ok'; usc_section_end: '1087' -> '1087-2'	20 USC 1071 to 1087-2
CHANGED	1840-AC94	200810	2	0	parse_status: 'partial' -> 'ok'; usc_section_end: '1087' -> '1087-2'	20 USC 1071 to 1087-2
CHANGED	1840-AC95	200910	5	0	parse_status: 'partial' -> 'ok'; usc_section_end: None -> '1078-3'; usc_section_span_rule: None -> 'stated'	20 USC 1078-1 to 1078-3
CHANGED	1840-AC96	200910	5	0	parse_status: 'partial' -> 'ok'; usc_section_end: None -> '1099c-1'; usc_section_span_rule: None -> 'stated'	20 USC 1099c to 1099c-1
CHANGED	1840-AC96	201004	5	0	parse_status: 'partial' -> 'ok'; usc_section_end: None -> '1099c-1'; usc_section_span_rule: None -> 'stated'	20 USC 1099c to 1099c-1
CHANGED	1840-AC98	200910	2	0	parse_status: 'partial' -> 'ok'; usc_section_end: '1087' -> '1087-2'	20 USC 1071 to 1087-2
CHANGED	1840-AD01	200910	0	0	parse_status: 'partial' -> 'ok'; usc_section_end: None -> '1070a-18'; usc_section_span_rule: None -> 'stated'	20 USC 1070a-11 to 1070a-18
CHANGED	1840-AD01	200910	1	0	parse_status: 'partial' -> 'ok'; usc_section_end: None -> '1070a-28'; usc_section_span_rule: None -> 'stated'	20 USC 1070a-21 to 1070a-28
CHANGED	1840-AD01	201004	0	0	parse_status: 'partial' -> 'ok'; usc_section_end: None -> '1070a-18'; usc_section_span_rule: None -> 'stated'	20 USC 1070a-11 to 1070a-18
CHANGED	1840-AD01	201004	1	0	parse_status: 'partial' -> 'ok'; usc_section_end: None -> '1070a-28'; usc_section_span_rule: None -> 'stated'	20 USC 1070a-21 to 1070a-28
CHANGED	1840-AD01	201010	0	0	parse_status: 'partial' -> 'ok'; usc_section_end: None -> '1070a-18'; usc_section_span_rule: None -> 'stated'	20 USC 1070a-11 to 1070a-18
CHANGED	1840-AD01	201010	1	0	parse_status: 'partial' -> 'ok'; usc_section_end: None -> '1070a-28'; usc_section_span_rule: None -> 'stated'	20 USC 1070a-21 to 1070a-28
CHANGED	1840-AD05	201104	1	0	parse_status: 'partial' -> 'ok'; usc_section_end: '1087' -> '1087-4'	20 USC 1071 to 1087-4
CHANGED	1840-AD05	201110	1	0	parse_status: 'partial' -> 'ok'; usc_section_end: '1087' -> '1087-4'	20 USC 1071 to 1087-4
CHANGED	1840-AD05	201210	1	0	parse_status: 'partial' -> 'ok'; usc_section_end: '1087' -> '1087-4'	20 USC 1071 to 1087-4
CHANGED	1840-AD12	201210	1	0	parse_status: 'partial' -> 'ok'; usc_section_end: '1087' -> '1087-4'	20 USC 1071 to 1087-4
CHANGED	1840-AD12	201304	1	0	parse_status: 'partial' -> 'ok'; usc_section_end: '1087' -> '1087-4'	20 USC 1071 to 1087-4
CHANGED	1840-AD12	201310	1	0	parse_status: 'partial' -> 'ok'; usc_section_end: '1087' -> '1087-4'	20 USC 1071 to 1087-4
ADDED	1840-AD68	202104	0	1	(no row) -> rin='1840-AD68'; publication_id='202104'; ordinal=0; authority_text='20 U.S.C. 1070a-11 through 20 U.S.C. 1070a-18'; authority_type='usc'; parse_status='partial'; usc_title=20; usc_section='1070a-18'; usc_title_is_possible=True; usc_section_verdict='exists'; usc_section_attested_at_edition=True; usc_section_magnitude_is_plausible=True; authority_in_own_cfr_note='near-miss'; cfr_note_part='34 CFR 642'; authority_source='box'	20 U.S.C. 1070a-11 through 20 U.S.C. 1070a-18
ADDED	1840-AD68	202110	0	1	(no row) -> rin='1840-AD68'; publication_id='202110'; ordinal=0; authority_text='20 U.S.C. 1070a-11 through 20 U.S.C. 1070a-18'; authority_type='usc'; parse_status='partial'; usc_title=20; usc_section='1070a-18'; usc_title_is_possible=True; usc_section_verdict='exists'; usc_section_attested_at_edition=True; usc_section_magnitude_is_plausible=True; authority_in_own_cfr_note='near-miss'; cfr_note_part='34 CFR 642'; authority_source='box'	20 U.S.C. 1070a-11 through 20 U.S.C. 1070a-18
ADDED	1840-AD68	202204	0	1	(no row) -> rin='1840-AD68'; publication_id='202204'; ordinal=0; authority_text='20 U.S.C. 1070a-11 through 20 U.S.C. 1070a-18'; authority_type='usc'; parse_status='partial'; usc_title=20; usc_section='1070a-18'; usc_title_is_possible=True; usc_section_verdict='exists'; usc_section_attested_at_edition=True; usc_section_magnitude_is_plausible=True; authority_in_own_cfr_note='near-miss'; cfr_note_part='34 CFR 642'; authority_source='box'	20 U.S.C. 1070a-11 through 20 U.S.C. 1070a-18
ADDED	1840-AD68	202210	0	1	(no row) -> rin='1840-AD68'; publication_id='202210'; ordinal=0; authority_text='20 U.S.C. 1070a-11 through 20 U.S.C. 1070a-18'; authority_type='usc'; parse_status='partial'; usc_title=20; usc_section='1070a-18'; usc_title_is_possible=True; usc_section_verdict='exists'; usc_section_attested_at_edition=True; usc_section_magnitude_is_plausible=True; authority_in_own_cfr_note='near-miss'; cfr_note_part='34 CFR 642'; authority_source='box'	20 U.S.C. 1070a-11 through 20 U.S.C. 1070a-18
ADDED	1840-AD68	202304	0	1	(no row) -> rin='1840-AD68'; publication_id='202304'; ordinal=0; authority_text='20 U.S.C. 1070a-11 through 20 U.S.C. 1070a-18'; authority_type='usc'; parse_status='partial'; usc_title=20; usc_section='1070a-18'; usc_title_is_possible=True; usc_section_verdict='exists'; usc_section_attested_at_edition=True; usc_section_magnitude_is_plausible=True; authority_in_own_cfr_note='near-miss'; cfr_note_part='34 CFR 642'; authority_source='box'	20 U.S.C. 1070a-11 through 20 U.S.C. 1070a-18
ADDED	1840-AD68	202310	0	1	(no row) -> rin='1840-AD68'; publication_id='202310'; ordinal=0; authority_text='20 U.S.C. 1070a-11 through 20 U.S.C. 1070a-18'; authority_type='usc'; parse_status='partial'; usc_title=20; usc_section='1070a-18'; usc_title_is_possible=True; usc_section_verdict='exists'; usc_section_attested_at_edition=True; usc_section_magnitude_is_plausible=True; authority_in_own_cfr_note='near-miss'; cfr_note_part='34 CFR 642'; authority_source='box'	20 U.S.C. 1070a-11 through 20 U.S.C. 1070a-18
ADDED	1840-AD68	202404	0	1	(no row) -> rin='1840-AD68'; publication_id='202404'; ordinal=0; authority_text='20 U.S.C. 1070a-11 through 20 U.S.C. 1070a-18'; authority_type='usc'; parse_status='partial'; usc_title=20; usc_section='1070a-18'; usc_title_is_possible=True; usc_section_verdict='exists'; usc_section_attested_at_edition=True; usc_section_magnitude_is_plausible=True; authority_in_own_cfr_note='near-miss'; cfr_note_part='34 CFR 642'; authority_source='box'	20 U.S.C. 1070a-11 through 20 U.S.C. 1070a-18
ADDED	1840-AD68	202410	0	1	(no row) -> rin='1840-AD68'; publication_id='202410'; ordinal=0; authority_text='20 U.S.C. 1070a-11 through 20 U.S.C. 1070a-18'; authority_type='usc'; parse_status='partial'; usc_title=20; usc_section='1070a-18'; usc_title_is_possible=True; usc_section_verdict='exists'; usc_section_attested_at_edition=True; usc_section_magnitude_is_plausible=True; authority_in_own_cfr_note='near-miss'; cfr_note_part='34 CFR 642'; authority_source='box'	20 U.S.C. 1070a-11 through 20 U.S.C. 1070a-18
ADDED	1840-AD92	202410	2	1	(no row) -> rin='1840-AD92'; publication_id='202410'; ordinal=2; authority_text='20 U.S.C. 1070a-11 through 20 U.S.C. 1070a-18'; authority_type='usc'; parse_status='partial'; usc_title=20; usc_section='1070a-18'; usc_title_is_possible=True; usc_section_verdict='exists'; usc_section_attested_at_edition=True; usc_section_magnitude_is_plausible=True; authority_in_own_cfr_note='near-miss'; cfr_note_part='34 CFR 642'; authority_source='box'	20 U.S.C. 1070a-11 through 20 U.S.C. 1070a-18
CHANGED	1845-AA00	199910	0	0	parse_status: 'partial' -> 'ok'; usc_section_end: '1087' -> '1087-2'	20 USC 1071 to 1087-2
CHANGED	1845-AA02	199910	3	0	parse_status: 'partial' -> 'ok'; usc_section_end: '1087' -> '1087-2'	20 USC 1071 thru 1087-2
CHANGED	1845-AA06	199910	0	0	parse_status: 'partial' -> 'ok'; usc_section_end: '1087' -> '1087-2'	20 USC 1071 to 1087-2
CHANGED	1845-AA11	200010	0	0	parse_status: 'partial' -> 'ok'; usc_section_end: '1087' -> '1087-2'	20 USC 1071 to 1087-2
CHANGED	1845-AA11	200104	0	0	parse_status: 'partial' -> 'ok'; usc_section_end: '1087' -> '1087-2'	20 USC 1071 to 1087-2
CHANGED	1845-AA12	200010	2	0	parse_status: 'partial' -> 'ok'; usc_section_end: '1087' -> '1087-2'	20 USC 1071 to 1087-2
CHANGED	1845-AA12	200104	2	0	parse_status: 'partial' -> 'ok'; usc_section_end: '1087' -> '1087-2'	20 USC 1071 to 1087-2
CHANGED	1845-AA16	200010	0	0	parse_status: 'partial' -> 'ok'; usc_section_end: '1087' -> '1087-2'	20 USC 1071 to 1087-2
CHANGED	1845-AA16	200104	0	0	parse_status: 'partial' -> 'ok'; usc_section_end: '1087' -> '1087-2'	20 USC 1071 to 1087-2
CHANGED	1845-AA19	200010	4	0	parse_status: 'partial' -> 'ok'; usc_section_end: '1087' -> '1087-2'	20 USC 1071 to 1087-2
CHANGED	1845-AA19	200104	4	0	parse_status: 'partial' -> 'ok'; usc_section_end: '1087' -> '1087-2'	20 USC 1071 to 1087-2
CHANGED	1880-AA51	199510	7	0	parse_status: 'partial' -> 'ok'; usc_section_end: '1087' -> '1087-2'	20 USC 1071 to 1087-2
CHANGED	1901-AA65	199510	0	0	parse_status: 'partial' -> 'ok'; usc_section_end: '2297g' -> '2297g-4'	42 USC 2011 to 2297g-4
CHANGED	1902-AE01	201010	0	1	usc_section_end: None -> '2645'; usc_section_span_rule: None -> 'stated'	16 USC 791 to 825
CHANGED	1902-AE01	201104	0	1	usc_section_end: None -> '2645'; usc_section_span_rule: None -> 'stated'	16 USC 791 to 825
CHANGED	1902-AE07	201010	0	0	usc_section_end: None -> '583'; usc_section_span_rule: None -> 'abbreviated-span'	5 USC 571 to 83
CHANGED	1902-AE07	201104	0	0	usc_section_end: None -> '583'; usc_section_span_rule: None -> 'abbreviated-span'	5 USC 571 to 83
CHANGED	1902-AE07	201110	0	0	usc_section_end: None -> '583'; usc_section_span_rule: None -> 'abbreviated-span'	5 USC 571 to 83
CHANGED	1902-AE85	201510	0	0	usc_section_end: None -> '825'; usc_section_span_rule: None -> 'stated'	16 U.S.C. 791(a) to 825(r)
CHANGED	1902-AE96	201510	0	0	usc_section_end: None -> '825'; usc_section_span_rule: None -> 'stated'	16 U.S.C. 791(a) to 825(r)
CHANGED	1902-AF14	201510	0	0	usc_section_end: None -> '583'; usc_section_span_rule: None -> 'abbreviated-span'	5 U.S.C. 571 to 83
CHANGED	1902-AF14	201604	0	0	usc_section_end: None -> '583'; usc_section_span_rule: None -> 'abbreviated-span'	5 U.S.C. 571 to 83
CHANGED	1902-AG33	202504	0	0	usc_section_end: None -> '583'; usc_section_span_rule: None -> 'abbreviated-span'	5 U.S.C. 571 to 83
CHANGED	1902-AG33	202510	0	0	usc_section_end: None -> '583'; usc_section_span_rule: None -> 'abbreviated-span'	5 U.S.C. 571 to 83
CHANGED	1903-AA20	202504	2	0	parse_status: 'partial' -> 'ok'; usc_section_end: None -> '2000d-7'; usc_section_span_rule: None -> 'stated'	42 U.S.C. 2000d to 2000d-7
CHANGED	1903-AA20	202510	2	0	parse_status: 'partial' -> 'ok'; usc_section_end: None -> '2000d-7'; usc_section_span_rule: None -> 'stated'	42 U.S.C. 2000d to 2000d-7
CHANGED	1903-AA24	202504	2	0	parse_status: 'partial' -> 'ok'; usc_section_end: None -> '2000d-7'; usc_section_span_rule: None -> 'stated'	42 U.S.C. 2000d to 2000d-7
CHANGED	2020-AA36	200010	1	0	parse_status: 'partial' -> 'ok'; usc_section_end: None -> '2000d-7'; usc_section_span_rule: None -> 'stated'	42 USC 2000d to 2000d-7
CHANGED	2020-AA36	200104	1	0	parse_status: 'partial' -> 'ok'; usc_section_end: None -> '2000d-7'; usc_section_span_rule: None -> 'stated'	42 USC 2000d to 2000d-7
CHANGED	2020-AA36	200110	1	0	parse_status: 'partial' -> 'ok'; usc_section_end: None -> '2000d-7'; usc_section_span_rule: None -> 'stated'	42 USC 2000d to 2000d-7
CHANGED	2020-AA36	200204	1	0	parse_status: 'partial' -> 'ok'; usc_section_end: None -> '2000d-7'; usc_section_span_rule: None -> 'stated'	42 USC 2000d to 2000d-7
CHANGED	2020-AA36	200210	1	0	parse_status: 'partial' -> 'ok'; usc_section_end: None -> '2000d-7'; usc_section_span_rule: None -> 'stated'	42 USC 2000d to 2000d-7
CHANGED	2020-AA36	200304	1	0	parse_status: 'partial' -> 'ok'; usc_section_end: None -> '2000d-7'; usc_section_span_rule: None -> 'stated'	42 USC 2000d to 2000d-7
CHANGED	2020-AA36	200310	1	0	parse_status: 'partial' -> 'ok'; usc_section_end: None -> '2000d-7'; usc_section_span_rule: None -> 'stated'	42 USC 2000d to 2000d-7
CHANGED	2025-AA32	201110	5	0	parse_status: 'partial' -> 'ok'; usc_section_end: '300j' -> '300j-26'	42 USC 300f to 300j-26
ADDED	2040-AD48	200004	1	1	(no row) -> rin='2040-AD48'; publication_id='200004'; ordinal=1; authority_text='42 USC 300g-1 to 42 USC 300g-6'; authority_type='usc'; parse_status='partial'; usc_title=42; usc_section='300g-6'; usc_title_is_possible=True; usc_section_verdict='exists'; usc_section_attested_at_edition=True; usc_section_magnitude_is_plausible=True; authority_in_own_cfr_note='present'; cfr_note_part='40 CFR 142'; authority_source='box'	42 USC 300g-1 to 42 USC 300g-6
ADDED	2040-AD48	200010	1	1	(no row) -> rin='2040-AD48'; publication_id='200010'; ordinal=1; authority_text='42 USC 300g-1 to 42 USC 300g-6'; authority_type='usc'; parse_status='partial'; usc_title=42; usc_section='300g-6'; usc_title_is_possible=True; usc_section_verdict='exists'; usc_section_attested_at_edition=True; usc_section_magnitude_is_plausible=True; authority_in_own_cfr_note='present'; cfr_note_part='40 CFR 142'; authority_source='box'	42 USC 300g-1 to 42 USC 300g-6
ADDED	2040-AD48	200104	1	1	(no row) -> rin='2040-AD48'; publication_id='200104'; ordinal=1; authority_text='42 USC 300g-1 to 42 USC 300g-6'; authority_type='usc'; parse_status='partial'; usc_title=42; usc_section='300g-6'; usc_title_is_possible=True; usc_section_verdict='exists'; usc_section_attested_at_edition=True; usc_section_magnitude_is_plausible=True; authority_in_own_cfr_note='present'; cfr_note_part='40 CFR 142'; authority_source='box'	42 USC 300g-1 to 42 USC 300g-6
CHANGED	2040-AD50	200004	1	0	parse_status: 'partial' -> 'ok'; usc_section_end: None -> '300g-6'; usc_section_span_rule: None -> 'stated'	42 USC 300g-1 to 300g-6
CHANGED	2040-AD58	200004	1	0	parse_status: 'partial' -> 'ok'; usc_section_end: None -> '300g-6'; usc_section_span_rule: None -> 'stated'	42 USC 300g-1 to 300g-6
CHANGED	2040-AD58	200010	1	0	parse_status: 'partial' -> 'ok'; usc_section_end: None -> '300g-6'; usc_section_span_rule: None -> 'stated'	42 USC 300g-1 to 300g-6
CHANGED	2040-AD58	200104	1	0	parse_status: 'partial' -> 'ok'; usc_section_end: None -> '300g-6'; usc_section_span_rule: None -> 'stated'	42 USC 300g-1 to 300g-6
CHANGED	2050-AG60	201210	1	0	usc_section_end: None -> '6929'; usc_section_span_rule: None -> 'abbreviated-span'	42 USC 6921 to 29
CHANGED	2050-AG60	201304	1	0	usc_section_end: None -> '6929'; usc_section_span_rule: None -> 'abbreviated-span'	42 USC 6921 to 29
CHANGED	2050-AG60	201404	1	0	usc_section_end: None -> '6929'; usc_section_span_rule: None -> 'abbreviated-span'	42 USC 6921 to 29
CHANGED	2060-AE58	199510	4	0	usc_section_end: None -> '7479'; usc_section_span_rule: None -> 'abbreviated-span'	42 USC 7470 to 79
CHANGED	2060-AE58	199604	4	0	usc_section_end: None -> '7479'; usc_section_span_rule: None -> 'abbreviated-span'	42 USC 7470 to 79
CHANGED	2060-AJ71	200110	4	0	parse_status: 'partial' -> 'ok'; usc_section_end: None -> '7671q'; usc_section_span_rule: None -> 'stated'	42 USC 7521(m) to 7671q
CHANGED	2060-AJ71	200204	4	0	parse_status: 'partial' -> 'ok'; usc_section_end: None -> '7671q'; usc_section_span_rule: None -> 'stated'	42 USC 7521(m) to 7671q
CHANGED	2060-AJ71	200210	4	0	parse_status: 'partial' -> 'ok'; usc_section_end: None -> '7671q'; usc_section_span_rule: None -> 'stated'	42 USC 7521(m) to 7671q
CHANGED	2060-AJ71	200304	4	0	parse_status: 'partial' -> 'ok'; usc_section_end: None -> '7671q'; usc_section_span_rule: None -> 'stated'	42 USC 7521(m) to 7671q
CHANGED	2060-AK63	200304	4	0	parse_status: 'partial' -> 'ok'; usc_section_end: None -> '7671q'; usc_section_span_rule: None -> 'stated'	42 USC 7521(m) to 7671q
CHANGED	2060-AK63	200310	4	0	parse_status: 'partial' -> 'ok'; usc_section_end: None -> '7671q'; usc_section_span_rule: None -> 'stated'	42 USC 7521(m) to 7671q
CHANGED	2060-AK63	200404	4	0	parse_status: 'partial' -> 'ok'; usc_section_end: None -> '7671q'; usc_section_span_rule: None -> 'stated'	42 USC 7521(m) to 7671q
CHANGED	2060-AM03	200404	0	1	usc_section_end: None -> '7515'; usc_section_span_rule: None -> 'stated'	42 USC 7407, 7501 to 7515,7601
CHANGED	2060-AM03	200410	0	1	usc_section_end: None -> '7515'; usc_section_span_rule: None -> 'stated'	42 USC 7407, 7501 to 7515,7601
CHANGED	2060-AM24	200404	0	2	usc_section_end: None -> '7671q'; usc_section_span_rule: None -> 'stated'	42 USC 7414, 7601, 7671 to 7671q
CHANGED	2060-AM24	200410	0	2	usc_section_end: None -> '7671q'; usc_section_span_rule: None -> 'stated'	42 USC 7414, 7601, 7671 to 7671q
CHANGED	2060-AM55	200404	0	2	usc_section_end: None -> '7671q'; usc_section_span_rule: None -> 'stated'	42 USC 7414, 7601, 7671 to 7671q
CHANGED	2060-AM64	200410	0	1	usc_section_end: None -> '7515'; usc_section_span_rule: None -> 'stated'	42 USC 7407, 7501 to 7515,7601
CHANGED	2060-AN58	200604	0	2	usc_section_end: None -> '7671q'; usc_section_span_rule: None -> 'stated'	42 USC 7414, 7601, 7671 to 7671q
CHANGED	2060-AN58	200610	0	2	usc_section_end: None -> '7671q'; usc_section_span_rule: None -> 'stated'	42 USC 7414, 7601, 7671 to 7671q
CHANGED	2060-AN58	200704	0	2	usc_section_end: None -> '7671q'; usc_section_span_rule: None -> 'stated'	42 USC 7414, 7601, 7671 to 7671q
CHANGED	2060-AO76	200804	0	2	usc_section_end: None -> '7671q'; usc_section_span_rule: None -> 'stated'	42 USC 7414, 7601, 7671 to 7671q
CHANGED	2060-AP23	200910	2	3	usc_section_end: None -> '7479'; usc_section_span_rule: None -> 'stated'	42 USC 7410, 7414, 7421, 7470 to 7479, 7491, 7492, 7601, and 7602
CHANGED	2060-AP23	201004	2	3	usc_section_end: None -> '7479'; usc_section_span_rule: None -> 'stated'	42 USC 7410, 7414, 7421, 7470 to 7479, 7491,7492,7601, and 7602
CHANGED	2060-AP23	201010	2	3	usc_section_end: None -> '7479'; usc_section_span_rule: None -> 'stated'	42 USC 7410, 7414, 7421, 7470 to 7479, 7491, 7492, 7601, and 7602
CHANGED	2060-AQ39	201010	1	2	usc_section_end: None -> '7671q'; usc_section_span_rule: None -> 'stated'	42 USC 7414, 7601, 7671 to 7671q
CHANGED	2070-AD16	200204	1	0	usc_section_end: None -> '2612'; usc_section_span_rule: None -> 'abbreviated-span'	15 USC 2611 to 12
CHANGED	2070-AD16	200204	2	0	usc_section_end: None -> '2626'; usc_section_span_rule: None -> 'abbreviated-span'	15 USC 2625 to 26
CHANGED	2090-AA27	200404	0	0	usc_section_end: '300j' -> '300j-26'	"Safe Drinking Water Act, 42 USC 300f to 300J-26
CHANGED	2090-AA27	200410	0	0	usc_section_end: '300j' -> '300j-26'	"Safe Drinking Water Act, 42 U.S.C. 300f to 300J-26
CHANGED	2090-AA27	200504	1	0	parse_status: 'partial' -> 'ok'; usc_section_end: '300j' -> '300j-26'	42 USC 300f to 300J-26
CHANGED	2090-AA27	200510	1	0	parse_status: 'partial' -> 'ok'; usc_section_end: '300j' -> '300j-26'	42 USC 300f to 300J-26
CHANGED	2090-AA27	200604	1	0	parse_status: 'partial' -> 'ok'; usc_section_end: '300j' -> '300j-26'	42 USC 300f to 300J-26
CHANGED	2090-AA27	200610	1	0	parse_status: 'partial' -> 'ok'; usc_section_end: '300j' -> '300j-26'	42 USC 300f to 300J-26
CHANGED	2090-AA27	200704	1	0	parse_status: 'partial' -> 'ok'; usc_section_end: '300j' -> '300j-26'	42 USC 300f to 300J-26
CHANGED	2090-AA27	200710	1	0	parse_status: 'partial' -> 'ok'; usc_section_end: '300j' -> '300j-26'	42 USC 300f to 300J-26
CHANGED	2105-AC96	200010	1	0	parse_status: 'partial' -> 'ok'; usc_section_end: None -> '2000d-7'; usc_section_span_rule: None -> 'stated'	42 USC 2000d to 2000d-7
CHANGED	2105-AC96	200104	1	0	parse_status: 'partial' -> 'ok'; usc_section_end: None -> '2000d-7'; usc_section_span_rule: None -> 'stated'	42 USC 2000d to 2000d-7
CHANGED	2105-AC96	200110	1	0	parse_status: 'partial' -> 'ok'; usc_section_end: None -> '2000d-7'; usc_section_span_rule: None -> 'stated'	42 USC 2000d to 2000d-7
CHANGED	2105-AC96	200204	1	0	parse_status: 'partial' -> 'ok'; usc_section_end: None -> '2000d-7'; usc_section_span_rule: None -> 'stated'	42 USC 2000d to 2000d-7
CHANGED	2105-AC96	200210	1	0	parse_status: 'partial' -> 'ok'; usc_section_end: None -> '2000d-7'; usc_section_span_rule: None -> 'stated'	42 USC 2000d to 2000d-7
CHANGED	2105-AC96	200304	1	0	parse_status: 'partial' -> 'ok'; usc_section_end: None -> '2000d-7'; usc_section_span_rule: None -> 'stated'	42 USC 2000d to 2000d-7
CHANGED	2105-AC96	200310	1	0	parse_status: 'partial' -> 'ok'; usc_section_end: None -> '2000d-7'; usc_section_span_rule: None -> 'stated'	42 USC 2000d to 2000d-7
CHANGED	2105-AD33	200310	1	2	usc_section_end: None -> '44907'; usc_section_span_rule: None -> 'stated'	49 USC 114, 5103, 44901 to 44907
CHANGED	2105-AD33	200310	2	1	usc_section_end: None -> '44918'; usc_section_span_rule: None -> 'stated'	49 USC 44913 to 44914, 44916 to 44918, 44935 to 44936
CHANGED	2105-AD33	200310	2	2	usc_section_end: None -> '44936'; usc_section_span_rule: None -> 'stated'	49 USC 44913 to 44914, 44916 to 44918, 44935 to 44936
CHANGED	2105-AD33	200404	1	2	usc_section_end: None -> '44907'; usc_section_span_rule: None -> 'stated'	49 USC 114, 5103, 44901 to 44907
CHANGED	2105-AD33	200404	2	1	usc_section_end: None -> '44918'; usc_section_span_rule: None -> 'stated'	49 USC 44913 to 44914, 44916 to 44918, 44935 to 44936
CHANGED	2105-AD33	200404	2	2	usc_section_end: None -> '44936'; usc_section_span_rule: None -> 'stated'	49 USC 44913 to 44914, 44916 to 44918, 44935 to 44936
CHANGED	2105-AD33	200410	1	2	usc_section_end: None -> '44907'; usc_section_span_rule: None -> 'stated'	49 USC 114, 5103, 44901 to 44907
CHANGED	2105-AD33	200410	2	1	usc_section_end: None -> '44918'; usc_section_span_rule: None -> 'stated'	49 USC 44913 to 44914, 44916 to 44918, 44935 to 44936
CHANGED	2105-AD33	200410	2	2	usc_section_end: None -> '44936'; usc_section_span_rule: None -> 'stated'	49 USC 44913 to 44914, 44916 to 44918, 44935 to 44936
CHANGED	2105-AD33	200504	1	2	usc_section_end: None -> '44907'; usc_section_span_rule: None -> 'stated'	49 USC 114, 5103, 44901 to 44907
CHANGED	2105-AD33	200504	2	1	usc_section_end: None -> '44918'; usc_section_span_rule: None -> 'stated'	49 USC 44913 to 44914, 44916 to 44918, 44935 to 44936
CHANGED	2105-AD33	200504	2	2	usc_section_end: None -> '44936'; usc_section_span_rule: None -> 'stated'	49 USC 44913 to 44914, 44916 to 44918, 44935 to 44936
CHANGED	2105-AD33	200510	1	2	usc_section_end: None -> '44907'; usc_section_span_rule: None -> 'stated'	49 USC 114, 5103, 44901 to 44907
CHANGED	2105-AD33	200510	2	1	usc_section_end: None -> '44918'; usc_section_span_rule: None -> 'stated'	49 USC 44913 to 44914, 44916 to 44918, 44935 to 44936
CHANGED	2105-AD33	200510	2	2	usc_section_end: None -> '44936'; usc_section_span_rule: None -> 'stated'	49 USC 44913 to 44914, 44916 to 44918, 44935 to 44936
CHANGED	2105-AD33	200604	1	2	usc_section_end: None -> '44907'; usc_section_span_rule: None -> 'stated'	49 USC 114, 5103, 44901 to 44907
CHANGED	2105-AD33	200604	2	1	usc_section_end: None -> '44918'; usc_section_span_rule: None -> 'stated'	49 USC 44913 to 44914, 44916 to 44918, 44935 to 44936
CHANGED	2105-AD33	200604	2	2	usc_section_end: None -> '44936'; usc_section_span_rule: None -> 'stated'	49 USC 44913 to 44914, 44916 to 44918, 44935 to 44936
CHANGED	2105-AD35	200410	0	5	usc_section_end: None -> '44702'; usc_section_span_rule: None -> 'stated'	49 USC 106(g), 40113, 40119, 41706, 44101, 44701 to 44702, 44705, 44709 to 44711
CHANGED	2105-AD35	200410	0	7	usc_section_end: None -> '44711'; usc_section_span_rule: None -> 'stated'	49 USC 106(g), 40113, 40119, 41706, 44101, 44701 to 44702, 44705, 44709 to 44711
CHANGED	2105-AD59	200610	1	2	usc_section_end: None -> '44907'; usc_section_span_rule: None -> 'stated'	49 USC 114, 5103, 44901 to 44907
CHANGED	2105-AD59	200610	2	1	usc_section_end: None -> '44918'; usc_section_span_rule: None -> 'stated'	49 USC 44913 to 44914, 44916 to 44918, 44935 to 44936
CHANGED	2105-AD59	200610	2	2	usc_section_end: None -> '44936'; usc_section_span_rule: None -> 'stated'	49 USC 44913 to 44914, 44916 to 44918, 44935 to 44936
CHANGED	2105-AD59	200704	1	2	usc_section_end: None -> '44907'; usc_section_span_rule: None -> 'stated'	49 USC 114, 5103, 44901 to 44907
CHANGED	2105-AD59	200704	2	1	usc_section_end: None -> '44918'; usc_section_span_rule: None -> 'stated'	49 USC 44913 to 44914, 44916 to 44918, 44935 to 44936
CHANGED	2105-AD59	200704	2	2	usc_section_end: None -> '44936'; usc_section_span_rule: None -> 'stated'	49 USC 44913 to 44914, 44916 to 44918, 44935 to 44936
CHANGED	2105-AD59	200710	1	2	usc_section_end: None -> '44907'; usc_section_span_rule: None -> 'stated'	49 USC 114, 5103, 44901 to 44907
CHANGED	2105-AD59	200710	2	1	usc_section_end: None -> '44918'; usc_section_span_rule: None -> 'stated'	49 USC 44913 to 44914, 44916 to 44918, 44935 to 44936
CHANGED	2105-AD59	200710	2	2	usc_section_end: None -> '44936'; usc_section_span_rule: None -> 'stated'	49 USC 44913 to 44914, 44916 to 44918, 44935 to 44936
CHANGED	2105-AD59	200804	1	2	usc_section_end: None -> '44907'; usc_section_span_rule: None -> 'stated'	49 USC 114, 5103, 44901 to 44907
CHANGED	2105-AD59	200804	2	1	usc_section_end: None -> '44918'; usc_section_span_rule: None -> 'stated'	49 USC 44913 to 44914, 44916 to 44918, 44935 to 44936
CHANGED	2105-AD59	200804	2	2	usc_section_end: None -> '44936'; usc_section_span_rule: None -> 'stated'	49 USC 44913 to 44914, 44916 to 44918, 44935 to 44936
CHANGED	2105-AD59	200810	2	2	usc_section_end: None -> '44918'; usc_section_span_rule: None -> 'stated'	49 USC 44913 and 44914, 44916 to 44918, 44935 and 44936
CHANGED	2105-AE29	201404	0	0	usc_section_end: None -> '12113'; usc_section_span_rule: None -> 'abbreviated-span'	42 USC 12101 to 13
CHANGED	2105-AE29	201410	0	0	usc_section_end: None -> '12113'; usc_section_span_rule: None -> 'abbreviated-span'	42 USC 12101 to 13
CHANGED	2105-AE29	201704	0	0	usc_section_end: None -> '12113'; usc_section_span_rule: None -> 'abbreviated-span'	42 U.S.C. 12101 to 13
CHANGED	2105-AE29	201710	0	0	usc_section_end: None -> '12113'; usc_section_span_rule: None -> 'abbreviated-span'	42 U.S.C. 12101 to 13
CHANGED	2120-AB17	199510	1	0	parse_status: 'partial' -> 'ok'; usc_section_end: None -> '1357'; usc_section_span_rule: None -> 'stated'; usc_disposition_successors: ('49:40113',) -> ('49:40113', '49:44510', '49:48106', '49:44702', '49:45303', '49:44901', '49:44938', '49:44903', '49:44935', '49:40119', '49:44912', '49:48107', '49:44937', '49:44936', '49:44906', '49:44904', '49:44914'); usc_disposition_span_members: None -> ('1354', '1354a', '1355', '1356', '1356a', '1356b', '1357')	49 USC 1354(a) to 1357
CHANGED	2120-AG75	199904	6	0	usc_section_end: None -> '44711'; usc_section_span_rule: None -> 'abbreviated-span'	49 USC 44709 to 4711
CHANGED	2120-AG75	199910	6	0	usc_section_end: None -> '44711'; usc_section_span_rule: None -> 'abbreviated-span'	49 USC 44709 to 4711
CHANGED	2120-AG75	200004	6	0	usc_section_end: None -> '44711'; usc_section_span_rule: None -> 'abbreviated-span'	49 USC 44709 to 4711
CHANGED	2120-AG75	200010	6	0	usc_section_end: None -> '44711'; usc_section_span_rule: None -> 'abbreviated-span'	49 USC 44709 to 4711
CHANGED	2120-AG75	200104	6	0	usc_section_end: None -> '44711'; usc_section_span_rule: None -> 'abbreviated-span'	49 USC 44709 to 4711
CHANGED	2120-AG75	200110	6	0	usc_section_end: None -> '44711'; usc_section_span_rule: None -> 'abbreviated-span'	49 USC 44709 to 4711
CHANGED	2120-AG75	200204	6	0	usc_section_end: None -> '44711'; usc_section_span_rule: None -> 'abbreviated-span'	49 USC 44709 to 4711
CHANGED	2120-AG75	200210	6	0	usc_section_end: None -> '44711'; usc_section_span_rule: None -> 'abbreviated-span'	49 USC 44709 to 4711
CHANGED	2120-AG75	200304	6	0	usc_section_end: None -> '44711'; usc_section_span_rule: None -> 'abbreviated-span'	49 USC 44709 to 4711
CHANGED	2120-AG75	200310	6	0	usc_section_end: None -> '44711'; usc_section_span_rule: None -> 'abbreviated-span'	49 USC 44709 to 4711
CHANGED	2120-AG75	200404	6	0	usc_section_end: None -> '44711'; usc_section_span_rule: None -> 'abbreviated-span'	49 USC 44709 to 4711
CHANGED	2120-AG75	200410	6	0	usc_section_end: None -> '44711'; usc_section_span_rule: None -> 'abbreviated-span'	49 USC 44709 to 4711
CHANGED	2120-AG75	200504	6	0	usc_section_end: None -> '44711'; usc_section_span_rule: None -> 'abbreviated-span'	49 USC 44709 to 4711
CHANGED	2120-AG75	200510	6	0	usc_section_end: None -> '44711'; usc_section_span_rule: None -> 'abbreviated-span'	49 USC 44709 to 4711
CHANGED	2120-AH82	200610	6	1	usc_section_end: None -> '44711'; usc_section_span_rule: None -> 'stated'	49 USC 44707
CHANGED	2120-AI05	200604	5	0	usc_section_end: None -> '44702'; usc_section_span_rule: None -> 'abbreviated-span'	49 USC 44701 to 4702
CHANGED	2120-AI31	200404	5	2	usc_section_end: None -> '44713'; usc_section_span_rule: None -> 'stated'	49 USC 4401, 44111, 44709 to 44713, 44701 to 44705, 44715 to 44717, 44722, 44901, 44903 to 44904, 44912
CHANGED	2120-AI31	200404	5	3	usc_section_end: None -> '44705'; usc_section_span_rule: None -> 'stated'	49 USC 4401, 44111, 44709 to 44713, 44701 to 44705, 44715 to 44717, 44722, 44901, 44903 to 44904, 44912
CHANGED	2120-AI31	200404	5	4	usc_section_end: None -> '44717'; usc_section_span_rule: None -> 'stated'	49 USC 4401, 44111, 44709 to 44713, 44701 to 44705, 44715 to 44717, 44722, 44901, 44903 to 44904, 44912
CHANGED	2120-AI31	200404	5	7	usc_section_end: None -> '44904'; usc_section_span_rule: None -> 'stated'	49 USC 4401, 44111, 44709 to 44713, 44701 to 44705, 44715 to 44717, 44722, 44901, 44903 to 44904, 44912
CHANGED	2120-AI31	200404	7	1	usc_section_end: None -> '46507'; usc_section_span_rule: None -> 'stated'	49 USC 46504, 46506 to 46507, 47122, 47508, 47528 to 47531, 1372, 44906, 44912, 46105
CHANGED	2120-AI31	200404	7	4	usc_section_end: None -> '47531'; usc_section_span_rule: None -> 'stated'	49 USC 46504, 46506 to 46507, 47122, 47508, 47528 to 47531, 1372, 44906, 44912, 46105
CHANGED	2120-AI32	200610	4	5	usc_section_end: None -> '44711'; usc_section_span_rule: None -> 'stated'	49 USC 44704, 40119, 41706, 44101, 44705, 44709 to 44711, 44713, 44716 to 44717, 44722, 44901, 44903 to 44904, 44912, 45101 to 45105, 46105, 46301
CHANGED	2120-AI32	200610	4	7	usc_section_end: None -> '44717'; usc_section_span_rule: None -> 'stated'	49 USC 44704, 40119, 41706, 44101, 44705, 44709 to 44711, 44713, 44716 to 44717, 44722, 44901, 44903 to 44904, 44912, 45101 to 45105, 46105, 46301
CHANGED	2120-AI32	200610	4	10	usc_section_end: None -> '44904'; usc_section_span_rule: None -> 'stated'	49 USC 44704, 40119, 41706, 44101, 44705, 44709 to 44711, 44713, 44716 to 44717, 44722, 44901, 44903 to 44904, 44912, 45101 to 45105, 46105, 46301
CHANGED	2120-AI32	200610	4	12	usc_section_end: None -> '45105'; usc_section_span_rule: None -> 'stated'	49 USC 44704, 40119, 41706, 44101, 44705, 44709 to 44711, 44713, 44716 to 44717, 44722, 44901, 44903 to 44904, 44912, 45101 to 45105, 46105, 46301
CHANGED	2120-AI34	200404	0	4	usc_section_end: None -> '1355'; usc_section_span_rule: None -> 'stated'; usc_disposition_successors: ('49:329',) -> ('49:329', '49:44501', '49:44504', '49:44505', '49:44507', '49:44508', '49:44511', '49:44512', '49:44513', '49:44506', '49:48102', '49:40113', '49:40114', '49:46104', '49:47122', '49:40108', '49:308', '49:45302', '49:44515', '49:48110', '49:44510', '49:48106', '49:44702', '49:45303'); usc_disposition_span_members: None -> ('1352', '1353', '1354', '1354a', '1355')	49 USC app 1301(7), 1303, 1344, 1348, 1352 to 1355, 1401, 1421 to 1431, 1471 to 1472
CHANGED	2120-AI34	200404	0	6	usc_section_end: None -> '1431'; usc_section_span_rule: None -> 'stated'; usc_disposition_successors: ('49:44701', '49:44702', '49:44712', '49:44714', '49:44716', '49:44717', '49:44722') -> ('49:44701', '49:44702', '49:44712', '49:44714', '49:44716', '49:44717', '49:44722', '49:44703', '49:44710', '49:44704', '49:44705', '49:44713', '49:44708', '49:44707', '49:44709', '49:1153', '49:44711', '49:44715'); usc_disposition_span_members: None -> ('1421', '1422', '1423', '1424', '1425', '1426', '1427', '1428', '1429', '1430', '1431')	49 USC app 1301(7), 1303, 1344, 1348, 1352 to 1355, 1401, 1421 to 1431, 1471 to 1472
CHANGED	2120-AI34	200404	0	7	usc_section_end: None -> '1472'; usc_section_span_rule: None -> 'stated'; usc_disposition_successors: ('49:1155', '49:46301', '49:46302', '49:46303', '49:1153', '49:46304') -> ('49:1155', '49:46301', '49:46302', '49:46303', '49:1153', '49:46304', '49:46316', '49:46306', '49:46308', '49:46309', '49:46310', '49:46311', '49:46313', '49:40113', '49:46312', '49:46502', '49:46504', '49:46506', '49:46505', '49:46507', '49:46501', '28:538', '49:46315', '49:46314'); usc_disposition_span_members: None -> ('1471', '1472')	49 USC app 1301(7), 1303, 1344, 1348, 1352 to 1355, 1401, 1421 to 1431, 1471 to 1472
CHANGED	2120-AI34	200404	1	3	usc_section_end: None -> '2125'; usc_section_span_rule: None -> 'stated'	49 USC 1502, 1510, 1522, 2121 to 2125
CHANGED	2120-AI34	200410	0	4	usc_section_end: None -> '1355'; usc_section_span_rule: None -> 'stated'; usc_disposition_successors: ('49:329',) -> ('49:329', '49:44501', '49:44504', '49:44505', '49:44507', '49:44508', '49:44511', '49:44512', '49:44513', '49:44506', '49:48102', '49:40113', '49:40114', '49:46104', '49:47122', '49:40108', '49:308', '49:45302', '49:44515', '49:48110', '49:44510', '49:48106', '49:44702', '49:45303'); usc_disposition_span_members: None -> ('1352', '1353', '1354', '1354a', '1355')	49 USC app 1301(7), 1303, 1344, 1348, 1352 to 1355, 1401, 1421 to 1431, 1471 to 1472
CHANGED	2120-AI34	200410	0	6	usc_section_end: None -> '1431'; usc_section_span_rule: None -> 'stated'; usc_disposition_successors: ('49:44701', '49:44702', '49:44712', '49:44714', '49:44716', '49:44717', '49:44722') -> ('49:44701', '49:44702', '49:44712', '49:44714', '49:44716', '49:44717', '49:44722', '49:44703', '49:44710', '49:44704', '49:44705', '49:44713', '49:44708', '49:44707', '49:44709', '49:1153', '49:44711', '49:44715'); usc_disposition_span_members: None -> ('1421', '1422', '1423', '1424', '1425', '1426', '1427', '1428', '1429', '1430', '1431')	49 USC app 1301(7), 1303, 1344, 1348, 1352 to 1355, 1401, 1421 to 1431, 1471 to 1472
CHANGED	2120-AI34	200410	0	7	usc_section_end: None -> '1472'; usc_section_span_rule: None -> 'stated'; usc_disposition_successors: ('49:1155', '49:46301', '49:46302', '49:46303', '49:1153', '49:46304') -> ('49:1155', '49:46301', '49:46302', '49:46303', '49:1153', '49:46304', '49:46316', '49:46306', '49:46308', '49:46309', '49:46310', '49:46311', '49:46313', '49:40113', '49:46312', '49:46502', '49:46504', '49:46506', '49:46505', '49:46507', '49:46501', '28:538', '49:46315', '49:46314'); usc_disposition_span_members: None -> ('1471', '1472')	49 USC app 1301(7), 1303, 1344, 1348, 1352 to 1355, 1401, 1421 to 1431, 1471 to 1472
CHANGED	2120-AI34	200410	1	3	usc_section_end: None -> '2125'; usc_section_span_rule: None -> 'stated'	49 USC 1502, 1510, 1522, 2121 to 2125
CHANGED	2120-AI52	200504	2	1	usc_section_end: None -> '44106'; usc_section_span_rule: None -> 'stated'	49 USC 40113 to 40114
CHANGED	2120-AI52	200604	19	1	usc_section_end: None -> '5124'; usc_section_span_rule: None -> 'stated'	49 USC 106(g)
CHANGED	2120-AI56	200604	0	1	usc_section_end: None -> '70105'; usc_section_span_rule: None -> 'stated'	49 USC 70101
CHANGED	2120-AI77	200710	6	2	usc_section_end: None -> '44703'; usc_section_span_rule: None -> 'stated'	49 USC 45301 to 45302
CHANGED	2120-AI77	200710	6	4	usc_section_end: None -> '44711'; usc_section_span_rule: None -> 'stated'	49 USC 45301 to 45302
CHANGED	2120-AI91	200810	1	2	usc_section_end: None -> '44711'; usc_section_span_rule: None -> 'stated'	49 USC 44701 to 44703, 44707, 44709 to 44711, 45102 and 45103, and 45301 and 45302
CHANGED	2120-AJ08	200710	6	0	usc_section_end: None -> '45302'; usc_section_span_rule: None -> 'abbreviated-span'	49 USC 45301 to 5302
CHANGED	2120-AK82	201704	0	2	usc_section_end: None -> '44106'; usc_section_span_rule: None -> 'stated'	49 U.S.C. 106(f), 49 U.S.C. 41703, 44101 to 44106, 44110 to 44113, and 44701
CHANGED	2120-AK82	201704	0	3	usc_section_end: None -> '44113'; usc_section_span_rule: None -> 'stated'	49 U.S.C. 106(f), 49 U.S.C. 41703, 44101 to 44106, 44110 to 44113, and 44701
CHANGED	2120-AK82	201710	0	2	usc_section_end: None -> '44106'; usc_section_span_rule: None -> 'stated'	49 USC 106(f), 49 USC 41703, 44101 to 44106, 44110-44113, and 44701
CHANGED	2120-AK82	201804	0	2	usc_section_end: None -> '44106'; usc_section_span_rule: None -> 'stated'	49 USC 106(f), 49 USC 41703, 44101 to 44106, 44110 to 44113, and 44701
CHANGED	2120-AK82	201804	0	3	usc_section_end: None -> '44113'; usc_section_span_rule: None -> 'stated'	49 USC 106(f), 49 USC 41703, 44101 to 44106, 44110 to 44113, and 44701
CHANGED	2120-AK82	201810	0	2	usc_section_end: None -> '44106'; usc_section_span_rule: None -> 'stated'	49 U.S.C. 106(f), 49 U.S.C. 41703, 44101 to 44106, 44110 to 44113, and 44701
CHANGED	2120-AK82	201810	0	3	usc_section_end: None -> '44113'; usc_section_span_rule: None -> 'stated'	49 U.S.C. 106(f), 49 U.S.C. 41703, 44101 to 44106, 44110 to 44113, and 44701
CHANGED	2120-AK82	201904	0	2	usc_section_end: None -> '44106'; usc_section_span_rule: None -> 'stated'	49 U.S.C. 106(f), 49 U.S.C. 41703, 44101 to 44106, 44110 to 44113, and 44701
CHANGED	2120-AK82	201904	0	3	usc_section_end: None -> '44113'; usc_section_span_rule: None -> 'stated'	49 U.S.C. 106(f), 49 U.S.C. 41703, 44101 to 44106, 44110 to 44113, and 44701
CHANGED	2120-AK82	202004	0	2	usc_section_end: None -> '44106'; usc_section_span_rule: None -> 'stated'	49 U.S.C. 106(f), 49 U.S.C. 41703, 44101 to 44106, 44110 to 44113, and 44701
CHANGED	2120-AK82	202004	0	3	usc_section_end: None -> '44113'; usc_section_span_rule: None -> 'stated'	49 U.S.C. 106(f), 49 U.S.C. 41703, 44101 to 44106, 44110 to 44113, and 44701
CHANGED	2120-AK82	202010	0	2	usc_section_end: None -> '44106'; usc_section_span_rule: None -> 'stated'	49 USC 106(f), 49 USC 41703, 44101 to 44106, 44110 to 44113, and 44701
CHANGED	2120-AK82	202010	0	3	usc_section_end: None -> '44113'; usc_section_span_rule: None -> 'stated'	49 USC 106(f), 49 USC 41703, 44101 to 44106, 44110 to 44113, and 44701
CHANGED	2120-AK82	202110	0	2	usc_section_end: None -> '44106'; usc_section_span_rule: None -> 'stated'	49 U.S.C. 106(f), 49 U.S.C. 41703, 44101 to 44106, 44110 to 44113, and 44701
CHANGED	2120-AK82	202110	0	3	usc_section_end: None -> '44113'; usc_section_span_rule: None -> 'stated'	49 U.S.C. 106(f), 49 U.S.C. 41703, 44101 to 44106, 44110 to 44113, and 44701
CHANGED	2120-AK82	202204	0	2	usc_section_end: None -> '44106'; usc_section_span_rule: None -> 'stated'	49 U.S.C. 106(f), 49 U.S.C. 41703, 44101 to 44106, 44110 to 44113, and 44701
CHANGED	2120-AK82	202204	0	3	usc_section_end: None -> '44113'; usc_section_span_rule: None -> 'stated'	49 U.S.C. 106(f), 49 U.S.C. 41703, 44101 to 44106, 44110 to 44113, and 44701
CHANGED	2120-AK82	202304	0	2	usc_section_end: None -> '44106'; usc_section_span_rule: None -> 'stated'	49 U.S.C. 106(f), 49 U.S.C. 41703, 44101 to 44106, 44110 to 44113, and 44701
CHANGED	2120-AK82	202304	0	3	usc_section_end: None -> '44113'; usc_section_span_rule: None -> 'stated'	49 U.S.C. 106(f), 49 U.S.C. 41703, 44101 to 44106, 44110 to 44113, and 44701
CHANGED	2120-AK82	202310	0	2	usc_section_end: None -> '44106'; usc_section_span_rule: None -> 'stated'	49 U.S.C. 106(f), 49 U.S.C. 41703, 44101 to 44106, 44110 to 44113, and 44701
CHANGED	2120-AK82	202310	0	3	usc_section_end: None -> '44113'; usc_section_span_rule: None -> 'stated'	49 U.S.C. 106(f), 49 U.S.C. 41703, 44101 to 44106, 44110 to 44113, and 44701
CHANGED	2120-AK82	202410	0	2	usc_section_end: None -> '44106'; usc_section_span_rule: None -> 'stated'	49 U.S.C. 106(f), 49 U.S.C. 41703, 44101 to 44106, 44110 to 44113, and 44701
CHANGED	2120-AK82	202410	0	3	usc_section_end: None -> '44113'; usc_section_span_rule: None -> 'stated'	49 U.S.C. 106(f), 49 U.S.C. 41703, 44101 to 44106, 44110 to 44113, and 44701
CHANGED	2120-AK82	202504	0	2	usc_section_end: None -> '44106'; usc_section_span_rule: None -> 'stated'	49 U.S.C. 106(f), 49 U.S.C. 41703, 44101 to 44106, 44110 to 44113, and 44701
CHANGED	2120-AK82	202504	0	3	usc_section_end: None -> '44113'; usc_section_span_rule: None -> 'stated'	49 U.S.C. 106(f), 49 U.S.C. 41703, 44101 to 44106, 44110 to 44113, and 44701
CHANGED	2120-AK82	202510	0	2	usc_section_end: None -> '44106'; usc_section_span_rule: None -> 'stated'	49 U.S.C. 106(f), 49 U.S.C. 41703, 44101 to 44106, 44110 to 44113, and 44701
CHANGED	2120-AK82	202510	0	3	usc_section_end: None -> '44113'; usc_section_span_rule: None -> 'stated'	49 U.S.C. 106(f), 49 U.S.C. 41703, 44101 to 44106, 44110 to 44113, and 44701
CHANGED	2125-AF58	201404	4	2	usc_section_end: None -> '115'; usc_section_span_rule: None -> 'stated'	23 USC 101, 109, 112 to 115, 119, 128, and 315
CHANGED	2125-AF66	201410	0	10	usc_section_end: None -> '327'; usc_section_span_rule: None -> 'stated'	23 USC 106, 109, 128, 134, 135, 138, 139, 168, 217(g), 315, and 325 to 327
CHANGED	2125-AF66	201410	4	1	usc_section_end: None -> '5306'; usc_section_span_rule: None -> 'stated'	49 USC 303, 5303 to 5306, 5323
CHANGED	2126-AB14	200804	0	6	usc_section_end: None -> '13905'; usc_section_span_rule: None -> 'stated'	49 USC 113, 504, 521(B), 5105(E), 5109, 5113, 13901 to 13905
CHANGED	2127-AL43	201404	1	0	usc_section_end: None -> '30147'; usc_section_span_rule: None -> 'abbreviated-span'	49 USC 30141 to 47
CHANGED	2127-AL43	201410	1	0	usc_section_end: None -> '30147'; usc_section_span_rule: None -> 'abbreviated-span'	49 USC 30141 to 47
CHANGED	2130-AB58	200304	0	2	usc_section_end: None -> '20138'; usc_section_span_rule: None -> 'stated'	49 USC 20102 to 20103, 20133, 20137 to 20138, 20107, 20143, 20701 to 20703
CHANGED	2130-AB58	200304	0	5	usc_section_end: None -> '20703'; usc_section_span_rule: None -> 'stated'	49 USC 20102 to 20103, 20133, 20137 to 20138, 20107, 20143, 20701 to 20703
CHANGED	2130-AB58	200310	0	2	usc_section_end: None -> '20138'; usc_section_span_rule: None -> 'stated'	49 USC 20102 to 20103, 20133, 20137 to 20138, 20107, 20143, 20701 to 20703
CHANGED	2130-AB58	200310	0	5	usc_section_end: None -> '20703'; usc_section_span_rule: None -> 'stated'	49 USC 20102 to 20103, 20133, 20137 to 20138, 20107, 20143, 20701 to 20703
CHANGED	2130-AB58	200404	0	2	usc_section_end: None -> '20138'; usc_section_span_rule: None -> 'stated'	49 USC 20102 to 20103, 20133, 20137 to 20138, 20107, 20143, 20701 to 20703
CHANGED	2130-AB58	200404	0	5	usc_section_end: None -> '20703'; usc_section_span_rule: None -> 'stated'	49 USC 20102 to 20103, 20133, 20137 to 20138, 20107, 20143, 20701 to 20703
CHANGED	2130-AB67	200510	2	3	usc_section_end: None -> '20138'; usc_section_span_rule: None -> 'stated'	49 USC 20102 to 20103, 20107, 20133, 20137 to 20138, 20143, 20701 to 20703, 21301 to 21302, 21304
CHANGED	2130-AB67	200510	2	5	usc_section_end: None -> '20703'; usc_section_span_rule: None -> 'stated'	49 USC 20102 to 20103, 20107, 20133, 20137 to 20138, 20143, 20701 to 20703, 21301 to 21302, 21304
CHANGED	2130-AB67	200510	2	6	usc_section_end: None -> '21302'; usc_section_span_rule: None -> 'stated'	49 USC 20102 to 20103, 20107, 20133, 20137 to 20138, 20143, 20701 to 20703, 21301 to 21302, 21304
CHANGED	2130-AB67	200604	2	3	usc_section_end: None -> '20138'; usc_section_span_rule: None -> 'abbreviated-span'	49 USC 20102 to 03, 20107, 20133, 20137 to 38, 20143, 20701 to 03, 21301 to 02, 21304
CHANGED	2130-AB67	200610	2	5	usc_section_end: None -> '20703'; usc_section_span_rule: None -> 'stated'	49 USC 20102-03, 20107, 20133, 20137-38, 20143, 20701 to 20703, 21301 to 21302, 21304
CHANGED	2130-AB67	200610	2	6	usc_section_end: None -> '21302'; usc_section_span_rule: None -> 'stated'	49 USC 20102-03, 20107, 20133, 20137-38, 20143, 20701 to 20703, 21301 to 21302, 21304
CHANGED	2130-AC22	201004	2	4	usc_section_end: None -> '20303'; usc_section_span_rule: None -> 'stated'	49 USC 20103, 20107, 20133, 20141, 20302 to 20303, 20306, 20701 to 20702
CHANGED	2130-AC22	201004	2	6	usc_section_end: None -> '20702'; usc_section_span_rule: None -> 'stated'	49 USC 20103, 20107, 20133, 20141, 20302 to 20303, 20306, 20701 to 20702
CHANGED	2130-AC22	201010	2	4	usc_section_end: None -> '20303'; usc_section_span_rule: None -> 'stated'	49 USC 20103, 20107, 20133, 20141, 20302 to 20303, 20306, 20701 to 20702
CHANGED	2130-AC22	201010	2	6	usc_section_end: None -> '20702'; usc_section_span_rule: None -> 'stated'	49 USC 20103, 20107, 20133, 20141, 20302 to 20303, 20306, 20701 to 20702
CHANGED	2130-AC22	201104	2	4	usc_section_end: None -> '20303'; usc_section_span_rule: None -> 'stated'	49 USC 20103, 20107, 20133, 20141, 20302 to 20303, 20306, 20701 to 20702
CHANGED	2130-AC22	201104	2	6	usc_section_end: None -> '20702'; usc_section_span_rule: None -> 'stated'	49 USC 20103, 20107, 20133, 20141, 20302 to 20303, 20306, 20701 to 20702
CHANGED	2130-AC22	201110	2	4	usc_section_end: None -> '20303'; usc_section_span_rule: None -> 'stated'	49 USC 20103, 20107, 20133, 20141, 20302 to 20303, 20306, 20701 to 20702
CHANGED	2130-AC22	201110	2	6	usc_section_end: None -> '20702'; usc_section_span_rule: None -> 'stated'	49 USC 20103, 20107, 20133, 20141, 20302 to 20303, 20306, 20701 to 20702
CHANGED	2130-AC22	201210	2	4	usc_section_end: None -> '20303'; usc_section_span_rule: None -> 'stated'	49 USC 20103, 20107, 20133, 20141, 20302 to 20303, 20306, 20701 to 20702
CHANGED	2130-AC22	201210	2	6	usc_section_end: None -> '20702'; usc_section_span_rule: None -> 'stated'	49 USC 20103, 20107, 20133, 20141, 20302 to 20303, 20306, 20701 to 20702
CHANGED	2130-AC22	201304	2	4	usc_section_end: None -> '20303'; usc_section_span_rule: None -> 'stated'	49 USC 20103, 20107, 20133, 20141, 20302 to 20303, 20306, 20701 to 20702
CHANGED	2130-AC22	201304	2	6	usc_section_end: None -> '20702'; usc_section_span_rule: None -> 'stated'	49 USC 20103, 20107, 20133, 20141, 20302 to 20303, 20306, 20701 to 20702
CHANGED	2130-AC58	201610	1	4	usc_section_end: None -> '20902'; usc_section_span_rule: None -> 'stated'	49 U.S.C. 103, 322(a), 20103, 20107, 20901 to 20902, 21301, 21302, 21311
CHANGED	2130-AD02	202504	0	2	usc_section_end: None -> '20505'; usc_section_span_rule: None -> 'stated'	49 U.S.C. 20103, 20107, 20501 to 20505, 21302, 21304, 21311
CHANGED	2130-AD02	202510	0	2	usc_section_end: None -> '20505'; usc_section_span_rule: None -> 'stated'	49 U.S.C. 20103, 20107, 20501 to 20505, 21302, 21304, 21311
CHANGED	2130-AD36	202504	0	3	usc_section_end: None -> '21109'; usc_section_span_rule: None -> 'stated'	49 U.S.C. 103, 20103, 20107, 21101 to 21109
CHANGED	2130-AD51	202510	0	5	usc_section_end: None -> '20303'; usc_section_span_rule: None -> 'stated'	49 U.S.C. 20102 and 20103, 20107, 20133, 20141, 20301 to 20303, 20306, 21301 and 20302, 21304
CHANGED	2132-AB21	201510	0	10	usc_section_end: None -> '327'; usc_section_span_rule: None -> 'stated'	23 U.S.C. 106,109, 128, 134, 135, 138, 139, 168, 217(G), 315 and 325 to 327
CHANGED	2137-AD68	200604	0	1	usc_section_end: None -> '60104'; usc_section_span_rule: None -> 'stated'	49 USC 5103, 60102 to 60104, 60108 to 60110, 60113, and 60118
CHANGED	2137-AD68	200604	0	2	usc_section_end: None -> '60110'; usc_section_span_rule: None -> 'stated'	49 USC 5103, 60102 to 60104, 60108 to 60110, 60113, and 60118
CHANGED	2137-AE07	200604	0	3	usc_section_end: None -> '60110'; usc_section_span_rule: None -> 'stated'	49 USC 5103, 60102, 60104, 60108 to 60110, 60113, and 60118
CHANGED	2137-AE07	200610	0	3	usc_section_end: None -> '60110'; usc_section_span_rule: None -> 'stated'	49 USC 5103, 60102, 60104, 60108 to 60110, 60113, and 60118
CHANGED	2137-AE07	200704	0	3	usc_section_end: None -> '60110'; usc_section_span_rule: None -> 'stated'	49 USC 5103, 60102, 60104, 60108 to 60110, 60113, and 60118
CHANGED	2137-AE07	200710	0	3	usc_section_end: None -> '60110'; usc_section_span_rule: None -> 'stated'	49 USC 5103, 60102, 60104, 60108 to 60110, 60113, and 60118
CHANGED	2137-AE15	200604	0	4	usc_section_end: None -> '60110'; usc_section_span_rule: None -> 'stated'	49 USC 5103, 60102, 60104, 60108 to 60110, 60113, 60118, and 49 CFR 1.53.
CHANGED	2137-AE15	200610	0	4	usc_section_end: None -> '60110'; usc_section_span_rule: None -> 'stated'	49 USC 5103, 60102, 60104, 60108 to 60110, 60113, 60118, and 49 CFR 1.53
CHANGED	2137-AE15	200704	0	3	usc_section_end: None -> '60110'; usc_section_span_rule: None -> 'stated'	49 USC 5103, 60102, 60104, 60108 to 60110, 60113, 60118
CHANGED	2137-AE15	200804	0	4	usc_section_end: None -> '60110'; usc_section_span_rule: None -> 'stated'	49 USC 5103, 60102, 60104, 60108 to 60110, 60113, 60118, and 49 CFR 1.53.
CHANGED	2137-AE60	201010	0	4	usc_section_end: None -> '60110'; usc_section_span_rule: None -> 'stated'	40 USC 5103, 60102, 60104, 60108 to 60110, 60113, 60116, 60118, 60137, 49 CFR 1.53
CHANGED	2137-AF13	201810	0	3	usc_section_end: None -> '60110'; usc_section_span_rule: None -> 'stated'	49 U.S.C. 5103, 60102, 60102(1), 60108 to 60110, 60113, and 60118, 49 CFR 1.97
CHANGED	2137-AF13	202004	0	3	usc_section_end: None -> '60110'; usc_section_span_rule: None -> 'stated'	49 U.S.C. 5103, 60102, 60102(1), 60108 to 60110, 60113, 60118, 49 CFR 1.97
CHANGED	2137-AF13	202310	0	3	usc_section_end: None -> '60110'; usc_section_span_rule: None -> 'stated'	49 U.S.C. 5103, 60102, 60102(1), 60108 to 60110, 60113, 60118, 49 CFR 1.97
CHANGED	2140-AB36	201704	2	2	usc_section_end: None -> '14908'; usc_section_span_rule: None -> 'stated'	49 U.S.C. 11901, 14901, 14903 to 14908, 14910, 14915, 16101, 16103
CHANGED	2501-AD46	200904	2	1	usc_section_end: None -> '3718'; usc_section_span_rule: None -> 'abbreviated-span'	31 USC 3711, 3716 to 18, 3721
CHANGED	2502-AG90	199704	0	0	usc_section_end: '1715z' -> None; usc_section_span_rule: 'stated' -> None	42 USC 1701 to 1715z-18
CHANGED	2502-AG90	199710	0	0	usc_section_end: '1715z' -> None; usc_section_span_rule: 'stated' -> None	42 USC 1701 to 1715z-18
CHANGED	2502-AG90	199804	0	0	usc_section_end: '1715z' -> None; usc_section_span_rule: 'stated' -> None	42 USC 1701 to 1715z-18
CHANGED	2502-AG98	199710	0	0	parse_status: 'partial' -> 'ok'; usc_section_end: '1715z' -> '1715z-18'	12 USC 1701 to 1715z-18
CHANGED	2502-AH02	199710	0	0	parse_status: 'partial' -> 'ok'; usc_section_end: '1715z' -> '1715z-18'	12 USC 1701 to 1715z-18
CHANGED	2502-AH02	199804	0	0	parse_status: 'partial' -> 'ok'; usc_section_end: '1715z' -> '1715z-18'	12 USC 1701 to 1715z-18
CHANGED	2502-AH02	199810	0	0	parse_status: 'partial' -> 'ok'; usc_section_end: '1715z' -> '1715z-18'	12 USC 1701 to 1715z-18
CHANGED	2502-AH02	199904	0	0	parse_status: 'partial' -> 'ok'; usc_section_end: '1715z' -> '1715z-18'	12 USC 1701 to 1715z-18
CHANGED	2502-AH03	200010	0	0	parse_status: 'partial' -> 'ok'; usc_section_end: '1715z' -> '1715z-18'	12 USC 1701 to 1715z-18
CHANGED	2502-AH03	200104	0	0	parse_status: 'partial' -> 'ok'; usc_section_end: '1715z' -> '1715z-18'	12 USC 1701 to 1715z-18
CHANGED	2502-AH11	199804	0	0	parse_status: 'partial' -> 'ok'; usc_section_end: '1715z' -> '1715z-18'	12 USC 1701 to 1715z-18
CHANGED	2502-AH11	199810	0	0	parse_status: 'partial' -> 'ok'; usc_section_end: '1715z' -> '1715z-18'	12 USC 1701 to 1715z-18
CHANGED	2502-AH11	199904	0	0	parse_status: 'partial' -> 'ok'; usc_section_end: '1715z' -> '1715z-18'	12 USC 1701 to 1715z-18
CHANGED	2502-AH29	199904	0	0	parse_status: 'partial' -> 'ok'; usc_section_end: '1715z' -> '1715z-18'	12 USC 1701 to 1715z-18
CHANGED	2502-AH29	199910	0	0	parse_status: 'partial' -> 'ok'; usc_section_end: '1715z' -> '1715z-18'	12 USC 1701 to 1715z-18
CHANGED	2502-AH29	200004	0	0	parse_status: 'partial' -> 'ok'; usc_section_end: '1715z' -> '1715z-18'	12 USC 1701 to 1715z-18
CHANGED	2502-AH29	200010	0	0	parse_status: 'partial' -> 'ok'; usc_section_end: '1715z' -> '1715z-18'	12 USC 1701 to 1715z-18
CHANGED	2502-AH49	200104	0	0	parse_status: 'partial' -> 'ok'; usc_section_end: '1715z' -> '1715z-21'	12 USC 1702 to 1715z-21
CHANGED	2502-AH49	200110	0	0	parse_status: 'partial' -> 'ok'; usc_section_end: '1715z' -> '1715z-21'	12 USC 1702 to 1715z-21
CHANGED	2502-AH49	200204	0	0	parse_status: 'partial' -> 'ok'; usc_section_end: '1715z' -> '1715z-21'	12 USC 1702 to 1715z-21
CHANGED	2502-AH49	200210	0	0	parse_status: 'partial' -> 'ok'; usc_section_end: '1715z' -> '1715z-21'	12 USC 1702 to 1715z-21
CHANGED	2502-AH51	200110	0	0	parse_status: 'partial' -> 'ok'; usc_section_end: '1715z' -> '1715z-21'	12 USC 1702 to 1715z-21
CHANGED	2502-AH51	200204	0	0	parse_status: 'partial' -> 'ok'; usc_section_end: '1715z' -> '1715z-21'	12 USC 1702 to 1715z-21
CHANGED	2502-AH51	200210	0	0	parse_status: 'partial' -> 'ok'; usc_section_end: '1715z' -> '1715z-21'	12 USC 1702 to 1715z-21
CHANGED	2502-AH53	200010	0	0	parse_status: 'partial' -> 'ok'; usc_section_end: '1715z' -> '1715z-21'	12 USC 1702 to 1715z-21
CHANGED	2502-AH53	200104	0	0	parse_status: 'partial' -> 'ok'; usc_section_end: '1715z' -> '1715z-21'	12 USC 1702 to 1715z-21
CHANGED	2502-AH53	200110	0	0	parse_status: 'partial' -> 'ok'; usc_section_end: '1715z' -> '1715z-21'	12 USC 1702 to 1715z-21
CHANGED	2502-AH59	200104	0	0	parse_status: 'partial' -> 'ok'; usc_section_end: '1715z' -> '1715z-18'	12 USC 1701 to 1715z-18
CHANGED	2502-AH59	200110	0	0	parse_status: 'partial' -> 'ok'; usc_section_end: '1715z' -> '1715z-18'	12 USC 1701 to 1715z-18
CHANGED	2502-AH59	200204	0	0	parse_status: 'partial' -> 'ok'; usc_section_end: '1715z' -> '1715z-18'	12 USC 1701 to 1715z-18
CHANGED	2502-AH59	200210	0	0	parse_status: 'partial' -> 'ok'; usc_section_end: '1715z' -> '1715z-18'	12 USC 1701 to 1715z-18
CHANGED	2502-AH59	200304	0	0	parse_status: 'partial' -> 'ok'; usc_section_end: '1715z' -> '1715z-18'	12 USC 1701 to 1715z-18
CHANGED	2502-AH59	200310	0	0	parse_status: 'partial' -> 'ok'; usc_section_end: '1715z' -> '1715z-18'	12 USC 1701 to 1715z-18
CHANGED	2502-AH81	200204	0	0	parse_status: 'partial' -> 'ok'; usc_section_end: '1715z' -> '1715z-18'	12 USC 1701 to 1715z-18
CHANGED	2502-AH81	200210	0	0	parse_status: 'partial' -> 'ok'; usc_section_end: '1715z' -> '1715z-18'	12 USC 1701 to 1715z-18
CHANGED	2502-AH81	200304	0	0	parse_status: 'partial' -> 'ok'; usc_section_end: '1715z' -> '1715z-18'	12 USC 1701 to 1715z-18
CHANGED	2502-AH81	200310	0	0	parse_status: 'partial' -> 'ok'; usc_section_end: '1715z' -> '1715z-18'	12 USC 1701 to 1715z-18
CHANGED	2502-AH81	200404	0	0	parse_status: 'partial' -> 'ok'; usc_section_end: '1715z' -> '1715z-18'	12 USC 1701 to 1715z-18
CHANGED	2502-AH91	200210	0	0	parse_status: 'partial' -> 'ok'; usc_section_end: '1715z' -> '1715z-21'	12 USC 1702 to 1715z-21
CHANGED	2502-AH91	200304	0	0	parse_status: 'partial' -> 'ok'; usc_section_end: '1715z' -> '1715z-21'	12 USC 1702 to 1715z-21
CHANGED	2502-AH91	200310	0	0	parse_status: 'partial' -> 'ok'; usc_section_end: '1715z' -> '1715z-21'	12 USC 1702 to 1715z-21
CHANGED	2502-AH91	200404	0	0	parse_status: 'partial' -> 'ok'; usc_section_end: '1715z' -> '1715z-21'	12 USC 1702 to 1715z-21
CHANGED	2502-AH91	200410	0	0	parse_status: 'partial' -> 'ok'; usc_section_end: '1715z' -> '1715z-21'	12 USC 1702 to 1715z-21
CHANGED	2502-AH91	200504	0	0	parse_status: 'partial' -> 'ok'; usc_section_end: '1715z' -> '1715z-21'	12 USC 1702 to 1715z-21
CHANGED	2502-AH93	200210	0	0	parse_status: 'partial' -> 'ok'; usc_section_end: '1715z' -> '1715z-20'	12 USC 1701 to 1715z-20
CHANGED	2502-AH93	200304	0	0	parse_status: 'partial' -> 'ok'; usc_section_end: '1715z' -> '1715z-20'	12 USC 1701 to 1715z-20
CHANGED	2502-AH93	200310	0	0	parse_status: 'partial' -> 'ok'; usc_section_end: '1715z' -> '1715z-20'	12 USC 1701 to 1715z-20
CHANGED	2502-AH93	200404	0	0	parse_status: 'partial' -> 'ok'; usc_section_end: '1715z' -> '1715z-20'	12 USC 1701 to 1715z-20
CHANGED	2502-AH93	200410	0	0	parse_status: 'partial' -> 'ok'; usc_section_end: '1715z' -> '1715z-20'	12 USC 1701 to 1715z-20
CHANGED	2502-AI11	200310	0	0	parse_status: 'partial' -> 'ok'; usc_section_end: '1715z' -> '1715z-21'	12 USC 1702 to 1715z-21
CHANGED	2502-AI11	200404	0	0	parse_status: 'partial' -> 'ok'; usc_section_end: '1715z' -> '1715z-21'	12 USC 1702 to 1715z-21
CHANGED	2502-AI11	200410	0	0	parse_status: 'partial' -> 'ok'; usc_section_end: '1715z' -> '1715z-21'	12 USC 1702 to 1715z-21
CHANGED	2502-AI11	200504	0	0	parse_status: 'partial' -> 'ok'; usc_section_end: '1715z' -> '1715z-21'	12 USC 1702 to 1715z-21
CHANGED	2502-AI11	200510	0	0	parse_status: 'partial' -> 'ok'; usc_section_end: '1715z' -> '1715z-21'	12 USC 1702 to 1715z-21
CHANGED	2502-AI11	200604	0	0	parse_status: 'partial' -> 'ok'; usc_section_end: '1715z' -> '1715z-21'	12 USC 1702 to 1715z-21
CHANGED	2502-AI11	200610	0	0	parse_status: 'partial' -> 'ok'; usc_section_end: '1715z' -> '1715z-21'	12 USC 1702 to 1715z-21
CHANGED	2502-AI11	200704	0	0	parse_status: 'partial' -> 'ok'; usc_section_end: '1715z' -> '1715z-21'	12 USC 1702 to 1715z-21
CHANGED	2502-AI11	200710	0	0	parse_status: 'partial' -> 'ok'; usc_section_end: '1715z' -> '1715z-21'	12 USC 1702 to 1715z-21
CHANGED	2502-AI11	200804	0	0	parse_status: 'partial' -> 'ok'; usc_section_end: '1715z' -> '1715z-21'	12 USC 1702 to 1715z-21
CHANGED	2502-AI11	200810	0	0	parse_status: 'partial' -> 'ok'; usc_section_end: '1715z' -> '1715z-21'	12 USC 1702 to 1715z-21
CHANGED	2502-AI11	200904	0	0	parse_status: 'partial' -> 'ok'; usc_section_end: '1715z' -> '1715z-21'	12 USC 1702 to 1715z-21
CHANGED	2502-AI11	200910	0	0	parse_status: 'partial' -> 'ok'; usc_section_end: '1715z' -> '1715z-21'	12 USC 1702 to 1715z-21
CHANGED	2502-AI24	200410	0	0	parse_status: 'partial' -> 'ok'; usc_section_end: '1715z' -> '1715z-21'	12 USC 1701 to 1715z-21
CHANGED	2502-AI24	200504	0	0	parse_status: 'partial' -> 'ok'; usc_section_end: '1715z' -> '1715z-21'	12 USC 1701 to 1715z-21
CHANGED	2502-AI24	200510	0	0	parse_status: 'partial' -> 'ok'; usc_section_end: '1715z' -> '1715z-21'	12 USC 1701 to 1715z-21
CHANGED	2502-AI24	200604	0	0	parse_status: 'partial' -> 'ok'; usc_section_end: '1715z' -> '1715z-21'	12 USC 1701 to 1715z-21
CHANGED	2502-AI24	200610	0	0	parse_status: 'partial' -> 'ok'; usc_section_end: '1715z' -> '1715z-21'	12 USC 1701 to 1715z-21
CHANGED	2502-AI24	200704	0	0	parse_status: 'partial' -> 'ok'; usc_section_end: '1715z' -> '1715z-21'	12 USC 1701 to 1715z-21
CHANGED	2502-AI24	200710	0	0	parse_status: 'partial' -> 'ok'; usc_section_end: '1715z' -> '1715z-21'	12 USC 1701 to 1715z-21
CHANGED	2502-AI24	200804	0	0	parse_status: 'partial' -> 'ok'; usc_section_end: '1715z' -> '1715z-21'	12 USC 1701 to 1715z-21
CHANGED	2502-AI24	200810	0	0	parse_status: 'partial' -> 'ok'; usc_section_end: '1715z' -> '1715z-21'	12 USC 1701 to 1715z-21
CHANGED	2502-AI24	200904	0	0	parse_status: 'partial' -> 'ok'; usc_section_end: '1715z' -> '1715z-21'	12 USC 1701 to 1715z-21
CHANGED	2502-AI24	200910	0	0	parse_status: 'partial' -> 'ok'; usc_section_end: '1715z' -> '1715z-21'	12 USC 1701 to 1715z-21
CHANGED	2502-AI37	200604	0	0	parse_status: 'partial' -> 'ok'; usc_section_end: '1715z' -> '1715z-21'	12 USC 1702 to 1715z-21
CHANGED	2502-AI37	200610	0	0	parse_status: 'partial' -> 'ok'; usc_section_end: '1715z' -> '1715z-21'	12 USC 1702 to 1715z-21
CHANGED	2502-AI37	200704	0	0	parse_status: 'partial' -> 'ok'; usc_section_end: '1715z' -> '1715z-21'	12 USC 1702 to 1715z-21
CHANGED	2502-AI37	200710	0	0	parse_status: 'partial' -> 'ok'; usc_section_end: '1715z' -> '1715z-21'	12 USC 1702 to 1715z-21
CHANGED	2502-AI37	200804	0	0	parse_status: 'partial' -> 'ok'; usc_section_end: '1715z' -> '1715z-21'	12 USC 1702 to 1715z-21
CHANGED	2502-AI37	200810	0	0	parse_status: 'partial' -> 'ok'; usc_section_end: '1715z' -> '1715z-21'	12 USC 1702 to 1715z-21
CHANGED	2502-AI37	200904	0	0	parse_status: 'partial' -> 'ok'; usc_section_end: '1715z' -> '1715z-21'	12 USC 1702 to 1715z-21
CHANGED	2502-AI37	200910	0	0	parse_status: 'partial' -> 'ok'; usc_section_end: '1715z' -> '1715z-21'	12 USC 1702 to 1715z-21
CHANGED	2502-AI37	201004	0	0	parse_status: 'partial' -> 'ok'; usc_section_end: '1715z' -> '1715z-21'	12 USC 1702 to 1715z-21
CHANGED	2502-AI37	201010	0	0	parse_status: 'partial' -> 'ok'; usc_section_end: '1715z' -> '1715z-21'	12 USC 1702 to 1715z-21
CHANGED	2502-AI37	201104	0	0	parse_status: 'partial' -> 'ok'; usc_section_end: '1715z' -> '1715z-21'	12 USC 1702 to 1715z-21
CHANGED	2502-AI37	201110	0	0	parse_status: 'partial' -> 'ok'; usc_section_end: '1715z' -> '1715z-21'	12 USC 1702 to 1715z-21
CHANGED	2502-AI43	200610	0	0	parse_status: 'partial' -> 'ok'; usc_section_end: '1715z' -> '1715z-21'	12 USC 1702 to 1715z-21
CHANGED	2502-AI43	200704	0	0	parse_status: 'partial' -> 'ok'; usc_section_end: '1715z' -> '1715z-21'	12 USC 1702 to 1715z-21
CHANGED	2502-AI43	200710	0	0	parse_status: 'partial' -> 'ok'; usc_section_end: '1715z' -> '1715z-21'	12 USC 1702 to 1715z-21
CHANGED	2502-AI47	200610	1	0	parse_status: 'partial' -> 'ok'; usc_section_end: '1715z' -> '1715z-21'	12 USC 1702 to 1715z-21
CHANGED	2502-AI47	200704	1	0	parse_status: 'partial' -> 'ok'; usc_section_end: '1715z' -> '1715z-21'	12 USC 1702 to 1715z-21
CHANGED	2502-AI47	200710	1	0	parse_status: 'partial' -> 'ok'; usc_section_end: '1715z' -> '1715z-21'	12 USC 1702 to 1715z-21
CHANGED	2502-AI47	200804	1	0	parse_status: 'partial' -> 'ok'; usc_section_end: '1715z' -> '1715z-21'	12 USC 1702 to 1715z-21
CHANGED	2502-AI47	200810	1	0	parse_status: 'partial' -> 'ok'; usc_section_end: '1715z' -> '1715z-21'	12 USC 1702 to 1715z-21
CHANGED	2502-AI53	200704	0	0	parse_status: 'partial' -> 'ok'; usc_section_end: '1715z' -> '1715z-21'	12 USC 1702 to 1715z-21
CHANGED	2502-AI53	200710	0	0	parse_status: 'partial' -> 'ok'; usc_section_end: '1715z' -> '1715z-21'	12 USC 1702 to 1715z-21
CHANGED	2502-AI53	200804	0	0	parse_status: 'partial' -> 'ok'; usc_section_end: '1715z' -> '1715z-21'	12 USC 1702 to 1715z-21
CHANGED	2502-AI59	200804	1	2	usc_section_end: None -> '13619'; usc_section_span_rule: None -> 'stated'	42 USC 3535(d), 12701, and 13611 to 13619
CHANGED	2502-AI59	200810	1	2	usc_section_end: None -> '13619'; usc_section_span_rule: None -> 'stated'	42 USC 3535(d), 12701, and 13611 to 13619
CHANGED	2502-AI59	200904	1	2	usc_section_end: None -> '13619'; usc_section_span_rule: None -> 'stated'	42 USC 3535(d), 12701, and 13611 to 13619
CHANGED	2502-AI59	200910	1	2	usc_section_end: None -> '13619'; usc_section_span_rule: None -> 'stated'	42 USC 3535(d), 12701, and 13611 to 13619
CHANGED	2502-AI59	201004	1	2	usc_section_end: None -> '13619'; usc_section_span_rule: None -> 'stated'	42 USC 3535(d), 12701, and 13611 to 13619
CHANGED	2502-AI59	201010	1	2	usc_section_end: None -> '13619'; usc_section_span_rule: None -> 'stated'	42 USC 3535(d), 12701, and 13611 to 13619
CHANGED	2502-AI62	200804	0	0	parse_status: 'partial' -> 'ok'; usc_section_end: '1715z' -> '1715z-21'	12 USC 1702 to 1715z-21
CHANGED	2502-AI62	200810	0	0	parse_status: 'partial' -> 'ok'; usc_section_end: '1715z' -> '1715z-21'	12 USC 1702 to 1715z-21
CHANGED	2502-AI62	200904	0	0	parse_status: 'partial' -> 'ok'; usc_section_end: '1715z' -> '1715z-21'	12 USC 1702 to 1715z-21
CHANGED	2502-AI62	200910	0	0	parse_status: 'partial' -> 'ok'; usc_section_end: '1715z' -> '1715z-21'	12 USC 1702 to 1715z-21
CHANGED	2502-AI79	201110	0	1	usc_section_end: None -> '1720'; usc_section_span_rule: None -> 'stated'	12 USC 1715b, 1715z to 1720
CHANGED	2502-AI79	201210	0	1	usc_section_end: None -> '1720'; usc_section_span_rule: None -> 'stated'	12 USC 1715b, 1715z to 1720
CHANGED	2502-AI79	201304	0	1	usc_section_end: None -> '1720'; usc_section_span_rule: None -> 'stated'	12 USC 1715b, 1715z to 1720
CHANGED	2502-AI79	201310	0	1	usc_section_end: None -> '1720'; usc_section_span_rule: None -> 'stated'	12 USC 1715b, 1715z to 1720
CHANGED	2502-AI79	201404	0	1	usc_section_end: None -> '1720'; usc_section_span_rule: None -> 'stated'	12 USC 1715b, 1715z to 1720
CHANGED	2502-AI79	201410	0	1	usc_section_end: None -> '1720'; usc_section_span_rule: None -> 'stated'	12 USC 1715b, 1715z to 1720
CHANGED	2502-AI79	201504	0	1	usc_section_end: None -> '1720'; usc_section_span_rule: None -> 'stated'	12 U.S.C. 1715b, 1715z to 1720
CHANGED	2502-AI79	201510	0	1	usc_section_end: None -> '1720'; usc_section_span_rule: None -> 'stated'	12 U.S.C. 1715b, 1715z to 1720
CHANGED	2502-AI80	200910	0	0	parse_status: 'partial' -> 'ok'; usc_section_end: '1715z' -> '1715z-21'	12 USC 1702 to 1715z-21
CHANGED	2502-AI80	201004	0	0	parse_status: 'partial' -> 'ok'; usc_section_end: '1715z' -> '1715z-21'	12 USC 1702 to 1715z-21
CHANGED	2502-AI80	201010	0	0	parse_status: 'partial' -> 'ok'; usc_section_end: '1715z' -> '1715z-21'	12 USC 1702 to 1715z-21
CHANGED	2502-AI80	201104	0	0	parse_status: 'partial' -> 'ok'; usc_section_end: '1715z' -> '1715z-21'	12 USC 1702 to 1715z-21
CHANGED	2502-AJ01	201110	0	3	usc_section_end: None -> '1716'; usc_section_span_rule: None -> 'stated'	12 USC 1709, 1710, 1715b, 1715z to 1716, and 1715u
CHANGED	2502-AJ01	201210	0	3	usc_section_end: None -> '1716'; usc_section_span_rule: None -> 'stated'	12 USC 1709, 1710, 1715b, 1715z to 1716, and 1715u
CHANGED	2502-AJ02	201110	0	3	usc_section_end: None -> '1716'; usc_section_span_rule: None -> 'stated'	12 USC 1701, 1710, 1715b, 1715z to 1716, 1715v
CHANGED	2502-AJ02	201210	0	3	usc_section_end: None -> '1716'; usc_section_span_rule: None -> 'stated'	12 USC 1701, 1710, 1715b, 1715z to 1716, 1715v
CHANGED	2502-AJ03	201404	0	0	parse_status: 'partial' -> 'ok'; usc_section_end: '1715z' -> '1715z-21'	12 USC 1702 to 1715z-21
CHANGED	2502-AJ03	201410	0	0	parse_status: 'partial' -> 'ok'; usc_section_end: '1715z' -> '1715z-21'	12 USC 1702 to 1715z-21
CHANGED	2502-AJ03	201504	0	0	parse_status: 'partial' -> 'ok'; usc_section_end: '1715z' -> '1715z-21'	12 U.S.C. 1702 to 1715z-21
CHANGED	2502-AJ03	201510	0	0	parse_status: 'partial' -> 'ok'; usc_section_end: '1715z' -> '1715z-21'	12 U.S.C. 1702 to 1715z-21
CHANGED	2502-AJ03	201604	0	0	parse_status: 'partial' -> 'ok'; usc_section_end: '1715z' -> '1715z-21'	12 U.S.C. 1702 to 1715z-21
CHANGED	2502-AJ03	201610	0	0	parse_status: 'partial' -> 'ok'; usc_section_end: '1715z' -> '1715z-21'	12 U.S.C. 1702 to 1715z-21
CHANGED	2502-AJ03	201704	0	0	parse_status: 'partial' -> 'ok'; usc_section_end: '1715z' -> '1715z-21'	12 U.S.C. 1702 to 1715z-21
CHANGED	2502-AJ03	201710	0	0	parse_status: 'partial' -> 'ok'; usc_section_end: '1715z' -> '1715z-21'	12 U.S.C. 1702 to 1715z-21
CHANGED	2502-AJ03	201804	0	0	parse_status: 'partial' -> 'ok'; usc_section_end: '1715z' -> '1715z-21'	12 U.S.C. 1702 to 1715z-21
CHANGED	2502-AJ03	201810	0	0	parse_status: 'partial' -> 'ok'; usc_section_end: '1715z' -> '1715z-21'	12 U.S.C. 1702 to 1715z-21
CHANGED	2502-AJ09	201404	0	0	parse_status: 'partial' -> 'ok'; usc_section_end: '1715z' -> '1715z-21'	12 USC 1702 to 1715z-21
CHANGED	2502-AJ09	201410	0	0	parse_status: 'partial' -> 'ok'; usc_section_end: '1715z' -> '1715z-21'	12 USC 1702 to 1715z-21
CHANGED	2502-AJ09	201504	0	0	parse_status: 'partial' -> 'ok'; usc_section_end: '1715z' -> '1715z-21'	12 U.S.C. 1702 to 1715z-21
CHANGED	2502-AJ09	201510	0	0	parse_status: 'partial' -> 'ok'; usc_section_end: '1715z' -> '1715z-21'	12 U.S.C. 1702 to 1715z-21
CHANGED	2502-AJ43	201804	0	0	parse_status: 'partial' -> 'ok'; usc_section_end: '1715z' -> '1715z-21'	12 U.S.C. 1702 to 1715z-21
CHANGED	2502-AJ43	201810	0	0	parse_status: 'partial' -> 'ok'; usc_section_end: '1715z' -> '1715z-21'	12 U.S.C. 1702 to 1715z-21
CHANGED	2502-AJ43	201904	0	0	parse_status: 'partial' -> 'ok'; usc_section_end: '1715z' -> '1715z-21'	12 U.S.C. 1702 to 1715z-21
CHANGED	2502-AJ43	201910	0	0	parse_status: 'partial' -> 'ok'; usc_section_end: '1715z' -> '1715z-21'	12 U.S.C. 1702 to 1715z-21
CHANGED	2502-AJ43	202004	0	0	parse_status: 'partial' -> 'ok'; usc_section_end: '1715z' -> '1715z-21'	12 U.S.C. 1702 to 1715z-21
CHANGED	2502-AJ43	202010	0	0	parse_status: 'partial' -> 'ok'; usc_section_end: '1715z' -> '1715z-21'	12 U.S.C. 1702 to 1715z-21
CHANGED	2502-AJ43	202104	0	0	parse_status: 'partial' -> 'ok'; usc_section_end: '1715z' -> '1715z-21'	12 U.S.C. 1702 to 1715z-21
CHANGED	2502-AJ43	202110	0	0	parse_status: 'partial' -> 'ok'; usc_section_end: '1715z' -> '1715z-21'	12 U.S.C. 1702 to 1715z-21
CHANGED	2502-AJ43	202204	0	0	parse_status: 'partial' -> 'ok'; usc_section_end: '1715z' -> '1715z-21'	12 U.S.C. 1702 to 1715z-21
CHANGED	2502-AJ43	202210	0	0	parse_status: 'partial' -> 'ok'; usc_section_end: '1715z' -> '1715z-21'	12 U.S.C. 1702 to 1715z-21
CHANGED	2506-AC22	200804	0	1	usc_section_end: None -> '5320'; usc_section_span_rule: None -> 'stated'	42 USC 3535(d) and 5301 to 5320
CHANGED	2506-AC22	200810	0	1	usc_section_end: None -> '5320'; usc_section_span_rule: None -> 'stated'	42 USC 3535(d) and 5301 to 5320
CHANGED	2506-AC22	200904	0	1	usc_section_end: None -> '5320'; usc_section_span_rule: None -> 'stated'	42 USC 3535(d) and 5301 to 5320
CHANGED	2506-AC22	200910	0	1	usc_section_end: None -> '5320'; usc_section_span_rule: None -> 'stated'	42 USC 3535(d) and 5301 to 5320
ADDED	2506-AC24	200810	0	1	(no row) -> rin='2506-AC24'; publication_id='200810'; ordinal=0; authority_text='42 USC 1138 to 42 USC 11389'; authority_type='usc'; parse_status='partial'; usc_title=42; usc_section='11389'; usc_title_is_possible=True; usc_section_verdict='exists'; usc_section_attested_at_edition=True; usc_section_magnitude_is_plausible=True; authority_in_own_cfr_note='absent'; cfr_note_part='24 CFR 576'; authority_source='box'	42 USC 1138 to 42 USC 11389
ADDED	2506-AC24	200810	3	1	(no row) -> rin='2506-AC24'; publication_id='200810'; ordinal=3; authority_text='42 USC 11403 to 42 USC 11470(b)'; authority_type='usc'; parse_status='partial'; usc_title=42; usc_section='11470'; usc_title_is_possible=True; usc_section_verdict='absent'; usc_section_magnitude_is_plausible=True; authority_in_own_cfr_note='absent'; cfr_note_part='24 CFR 576'; authority_source='box'	42 USC 11403 to 42 USC 11470(b)
ADDED	2506-AC24	200904	0	1	(no row) -> rin='2506-AC24'; publication_id='200904'; ordinal=0; authority_text='42 USC 1138 to 42 USC 11389'; authority_type='usc'; parse_status='partial'; usc_title=42; usc_section='11389'; usc_title_is_possible=True; usc_section_verdict='exists'; usc_section_attested_at_edition=True; usc_section_magnitude_is_plausible=True; authority_in_own_cfr_note='absent'; cfr_note_part='24 CFR 576'; authority_source='box'	42 USC 1138 to 42 USC 11389
ADDED	2506-AC24	200904	3	1	(no row) -> rin='2506-AC24'; publication_id='200904'; ordinal=3; authority_text='42 USC 11403 to 42 USC 11470(b)'; authority_type='usc'; parse_status='partial'; usc_title=42; usc_section='11470'; usc_title_is_possible=True; usc_section_verdict='absent'; usc_section_magnitude_is_plausible=True; authority_in_own_cfr_note='absent'; cfr_note_part='24 CFR 576'; authority_source='box'	42 USC 11403 to 42 USC 11470(b)
CHANGED	2506-AC44	201804	0	1	usc_section_end: None -> '5315'; usc_section_span_rule: None -> 'stated'	42 U.S.C. 3535(d) 3601 to 3619
CHANGED	2506-AC44	201804	0	2	usc_section_end: None -> '11388'; usc_section_span_rule: None -> 'stated'	42 U.S.C. 3535(d) 3601 to 3619
CHANGED	2506-AC44	201804	0	3	usc_section_end: None -> '12711'; usc_section_span_rule: None -> 'stated'	42 U.S.C. 3535(d) 3601 to 3619
CHANGED	2506-AC44	201804	0	4	usc_section_end: None -> '12756'; usc_section_span_rule: None -> 'stated'	42 U.S.C. 3535(d) 3601 to 3619
CHANGED	2506-AC44	201804	0	5	usc_section_end: None -> '12912'; usc_section_span_rule: None -> 'stated'	42 U.S.C. 3535(d) 3601 to 3619
CHANGED	2506-AC44	201810	0	1	usc_section_end: None -> '3619'; usc_section_span_rule: None -> 'stated'	42 U.S.C. 3535(d), 3601 to 3619
CHANGED	2506-AC44	201810	0	2	usc_section_end: None -> '5315'; usc_section_span_rule: None -> 'stated'	42 U.S.C. 3535(d), 3601 to 3619
CHANGED	2506-AC44	201810	0	3	usc_section_end: None -> '11388'; usc_section_span_rule: None -> 'stated'	42 U.S.C. 3535(d), 3601 to 3619
CHANGED	2506-AC44	201810	0	4	usc_section_end: None -> '12711'; usc_section_span_rule: None -> 'stated'	42 U.S.C. 3535(d), 3601 to 3619
CHANGED	2506-AC44	201810	0	5	usc_section_end: None -> '12756'; usc_section_span_rule: None -> 'stated'	42 U.S.C. 3535(d), 3601 to 3619
CHANGED	2506-AC44	201810	0	6	usc_section_end: None -> '12912'; usc_section_span_rule: None -> 'stated'	42 U.S.C. 3535(d), 3601 to 3619
CHANGED	2506-AC44	201904	0	1	usc_section_end: None -> '3619'; usc_section_span_rule: None -> 'stated'	42 U.S.C. 3535(d), 3601 to 3619
CHANGED	2506-AC44	201904	0	2	usc_section_end: None -> '5315'; usc_section_span_rule: None -> 'stated'	42 U.S.C. 3535(d), 3601 to 3619
CHANGED	2506-AC44	201904	0	3	usc_section_end: None -> '11388'; usc_section_span_rule: None -> 'stated'	42 U.S.C. 3535(d), 3601 to 3619
CHANGED	2506-AC44	201904	0	4	usc_section_end: None -> '12711'; usc_section_span_rule: None -> 'stated'	42 U.S.C. 3535(d), 3601 to 3619
CHANGED	2506-AC44	201904	0	5	usc_section_end: None -> '12756'; usc_section_span_rule: None -> 'stated'	42 U.S.C. 3535(d), 3601 to 3619
CHANGED	2506-AC44	201904	0	6	usc_section_end: None -> '12912'; usc_section_span_rule: None -> 'stated'	42 U.S.C. 3535(d), 3601 to 3619
CHANGED	2529-AA85	199810	0	0	usc_section_end: None -> '3619'; usc_section_span_rule: None -> 'abbreviated-span'	42 USC 3601 to 19
CHANGED	2529-AA85	199904	0	0	usc_section_end: None -> '3619'; usc_section_span_rule: None -> 'abbreviated-span'	42 USC 3601 to 19
CHANGED	2529-AA85	199910	0	0	usc_section_end: None -> '3619'; usc_section_span_rule: None -> 'abbreviated-span'	42 USC 3601 to 19
CHANGED	2529-AA97	201810	0	1	usc_section_end: None -> '3619'; usc_section_span_rule: None -> 'stated'	42 U.S.C. 3535(d) and 3601 to 3619
CHANGED	2529-AA97	201904	0	1	usc_section_end: None -> '3619'; usc_section_span_rule: None -> 'stated'	42 U.S.C. 3535(d) and 3601 to 3619
CHANGED	2529-AA97	201910	0	1	usc_section_end: None -> '3619'; usc_section_span_rule: None -> 'stated'	42 U.S.C. 3535(d) and 3601 to 3619
CHANGED	2529-AA97	202004	0	1	usc_section_end: None -> '3619'; usc_section_span_rule: None -> 'stated'	42 U.S.C. 3535(d) and 3601 to 3619
CHANGED	2529-AA97	202010	0	1	usc_section_end: None -> '3619'; usc_section_span_rule: None -> 'stated'	42 U.S.C. 3535(d) and 3601 to 3619
CHANGED	2550-AA30	200404	0	4	usc_section_end: None -> '4621'; usc_section_span_rule: None -> 'stated'	12 USC 4513, 4515, 4516, 4517, 4619 to 4621
CHANGED	2550-AA30	200410	0	1	usc_section_end: None -> '4517'; usc_section_span_rule: None -> 'stated'	12 USC 4513, 4515 to 4517, 4619 to 4621
CHANGED	2550-AA30	200410	0	2	usc_section_end: None -> '4621'; usc_section_span_rule: None -> 'stated'	12 USC 4513, 4515 to 4517, 4619 to 4621
CHANGED	2550-AA30	200504	0	1	usc_section_end: None -> '4517'; usc_section_span_rule: None -> 'stated'	12 USC 4513, 4515 to 4517, 4619 to 4621
CHANGED	2550-AA30	200504	0	2	usc_section_end: None -> '4621'; usc_section_span_rule: None -> 'stated'	12 USC 4513, 4515 to 4517, 4619 to 4621
CHANGED	2550-AA30	200510	0	1	usc_section_end: None -> '4517'; usc_section_span_rule: None -> 'stated'	12 USC 4513, 4515 to 4517, 4619 to 4621
CHANGED	2550-AA30	200510	0	2	usc_section_end: None -> '4621'; usc_section_span_rule: None -> 'stated'	12 USC 4513, 4515 to 4517, 4619 to 4621
CHANGED	2550-AA30	200604	0	1	usc_section_end: None -> '4517'; usc_section_span_rule: None -> 'stated'	12 USC 4513, 4515 to 4517, 4619 to 4621
CHANGED	2550-AA30	200604	0	2	usc_section_end: None -> '4621'; usc_section_span_rule: None -> 'stated'	12 USC 4513, 4515 to 4517, 4619 to 4621
CHANGED	2550-AA30	200610	0	1	usc_section_end: None -> '4517'; usc_section_span_rule: None -> 'stated'	12 USC 4513, 4515 to 4517, 4619 to 4621
CHANGED	2550-AA30	200610	0	2	usc_section_end: None -> '4621'; usc_section_span_rule: None -> 'stated'	12 USC 4513, 4515 to 4517, 4619 to 4621
CHANGED	2550-AA30	200704	0	1	usc_section_end: None -> '4517'; usc_section_span_rule: None -> 'stated'	12 USC 4513, 4515 to 4517, 4619 to 4621
CHANGED	2550-AA30	200704	0	2	usc_section_end: None -> '4621'; usc_section_span_rule: None -> 'stated'	12 USC 4513, 4515 to 4517, 4619 to 4621
CHANGED	2550-AA30	200710	0	1	usc_section_end: None -> '4517'; usc_section_span_rule: None -> 'stated'	12 USC 4513, 4515 to 4517, 4619 to 4621
CHANGED	2550-AA30	200710	0	2	usc_section_end: None -> '4621'; usc_section_span_rule: None -> 'stated'	12 USC 4513, 4515 to 4517, 4619 to 4621
CHANGED	2550-AA30	200804	0	1	usc_section_end: None -> '4517'; usc_section_span_rule: None -> 'stated'	12 USC 4513, 4515 to 4517, 4619 to 4621
CHANGED	2550-AA30	200804	0	2	usc_section_end: None -> '4621'; usc_section_span_rule: None -> 'stated'	12 USC 4513, 4515 to 4517, 4619 to 4621
CHANGED	2550-AA30	200810	0	1	usc_section_end: None -> '4517'; usc_section_span_rule: None -> 'stated'	12 USC 4513, 4515 to 4517, 4619 to 4621
CHANGED	2550-AA30	200810	0	2	usc_section_end: None -> '4621'; usc_section_span_rule: None -> 'stated'	12 USC 4513, 4515 to 4517, 4619 to 4621
CHANGED	2590-AA14	201010	1	12	usc_section_end: None -> '4641f'; usc_section_span_rule: None -> 'stated'	12 USC 4501, 4503, 4511, 4513, 4513b, 4517, 4526, 4531, 4535, 4536, 4581, 4585, 4631 to 4641F
CHANGED	2590-AA14	201104	1	12	usc_section_end: None -> '4641f'; usc_section_span_rule: None -> 'stated'	12 USC 4501, 4503, 4511, 4513, 4513b, 4517, 4526, 4531, 4535, 4536, 4581, 4585, 4631 to 4641F
ADDED	2590-AB30	202310	3	1	(no row) -> rin='2590-AB30'; publication_id='202310'; ordinal=3; authority_text='12 U.S.C. 4616 to 12 U.S.C. 4617'; authority_type='usc'; parse_status='partial'; usc_title=12; usc_section='4617'; usc_title_is_possible=True; usc_section_verdict='exists'; usc_section_attested_at_edition=True; usc_section_magnitude_is_plausible=True; authority_in_own_cfr_note='present'; cfr_note_part='12 CFR 1228'; authority_source='box'	12 U.S.C. 4616 to 12 U.S.C. 4617
ADDED	2590-AB30	202404	3	1	(no row) -> rin='2590-AB30'; publication_id='202404'; ordinal=3; authority_text='12 U.S.C. 4616 to 12 U.S.C. 4617'; authority_type='usc'; parse_status='partial'; usc_title=12; usc_section='4617'; usc_title_is_possible=True; usc_section_verdict='exists'; usc_section_attested_at_edition=True; usc_section_magnitude_is_plausible=True; authority_in_own_cfr_note='present'; cfr_note_part='12 CFR 1228'; authority_source='box'	12 U.S.C. 4616 to 12 U.S.C. 4617
ADDED	2590-AB33	202310	0	1	(no row) -> rin='2590-AB33'; publication_id='202310'; ordinal=0; authority_text='12 U.S.C. 1422 to 12 U.S.C. 1424'; authority_type='usc'; parse_status='partial'; usc_title=12; usc_section='1424'; usc_title_is_possible=True; usc_section_verdict='exists'; usc_section_attested_at_edition=True; usc_section_magnitude_is_plausible=True; authority_in_own_cfr_note='present'; cfr_note_part='12 CFR 1263'; authority_source='box'	12 U.S.C. 1422 to 12 U.S.C. 1424
ADDED	2590-AB34	202310	0	1	(no row) -> rin='2590-AB34'; publication_id='202310'; ordinal=0; authority_text='12 U.S.C. 4501 to 12 U.S.C. 4502'; authority_type='usc'; parse_status='partial'; usc_title=12; usc_section='4502'; usc_title_is_possible=True; usc_section_verdict='exists'; usc_section_attested_at_edition=True; usc_section_magnitude_is_plausible=True; authority_in_own_cfr_note='present'; cfr_note_part='12 CFR 1282'; authority_source='box'	12 U.S.C. 4501 to 12 U.S.C. 4502
ADDED	2590-AB34	202404	0	1	(no row) -> rin='2590-AB34'; publication_id='202404'; ordinal=0; authority_text='12 U.S.C. 4501 to 12 U.S.C. 4502'; authority_type='usc'; parse_status='partial'; usc_title=12; usc_section='4502'; usc_title_is_possible=True; usc_section_verdict='exists'; usc_section_attested_at_edition=True; usc_section_magnitude_is_plausible=True; authority_in_own_cfr_note='present'; cfr_note_part='12 CFR 1282'; authority_source='box'	12 U.S.C. 4501 to 12 U.S.C. 4502
ADDED	2590-AB34	202410	0	1	(no row) -> rin='2590-AB34'; publication_id='202410'; ordinal=0; authority_text='12 U.S.C. 4501 to 12 U.S.C. 4502'; authority_type='usc'; parse_status='partial'; usc_title=12; usc_section='4502'; usc_title_is_possible=True; usc_section_verdict='exists'; usc_section_attested_at_edition=True; usc_section_magnitude_is_plausible=True; authority_in_own_cfr_note='present'; cfr_note_part='12 CFR 1282'; authority_source='box'	12 U.S.C. 4501 to 12 U.S.C. 4502
ADDED	2590-AB34	202504	0	1	(no row) -> rin='2590-AB34'; publication_id='202504'; ordinal=0; authority_text='12 U.S.C. 4501 to 12 U.S.C. 4502'; authority_type='usc'; parse_status='partial'; usc_title=12; usc_section='4502'; usc_title_is_possible=True; usc_section_verdict='exists'; usc_section_attested_at_edition=True; usc_section_magnitude_is_plausible=True; authority_in_own_cfr_note='present'; cfr_note_part='12 CFR 1282'; authority_source='box'	12 U.S.C. 4501 to 12 U.S.C. 4502
CHANGED	2700-AC41	200010	1	0	parse_status: 'partial' -> 'ok'; usc_section_end: None -> '2000d-7'; usc_section_span_rule: None -> 'stated'	42 USC 2000d to 2000d-7
CHANGED	2700-AC41	200104	1	0	parse_status: 'partial' -> 'ok'; usc_section_end: None -> '2000d-7'; usc_section_span_rule: None -> 'stated'	42 USC 2000d to 2000d-7
CHANGED	2700-AC41	200110	1	0	parse_status: 'partial' -> 'ok'; usc_section_end: None -> '2000d-7'; usc_section_span_rule: None -> 'stated'	42 USC 2000d to 2000d-7
CHANGED	2700-AC41	200204	1	0	parse_status: 'partial' -> 'ok'; usc_section_end: None -> '2000d-7'; usc_section_span_rule: None -> 'stated'	42 USC 2000d to 2000d-7
CHANGED	2700-AC41	200210	1	0	parse_status: 'partial' -> 'ok'; usc_section_end: None -> '2000d-7'; usc_section_span_rule: None -> 'stated'	42 USC 2000d to 2000d-7
CHANGED	2700-AC41	200304	1	0	parse_status: 'partial' -> 'ok'; usc_section_end: None -> '2000d-7'; usc_section_span_rule: None -> 'stated'	42 USC 2000d to 2000d-7
CHANGED	2700-AC41	200310	1	0	parse_status: 'partial' -> 'ok'; usc_section_end: None -> '2000d-7'; usc_section_span_rule: None -> 'stated'	42 USC 2000d to 2000d-7
CHANGED	2900-AH54	199510	1	0	authority_in_own_cfr_note: 'near-miss' -> 'present'	38 USC 2106
CHANGED	2900-AH54	199604	1	0	authority_in_own_cfr_note: 'near-miss' -> 'present'	38 USC 2106
CHANGED	2900-AH54	199610	1	0	authority_in_own_cfr_note: 'near-miss' -> 'present'	38 USC 2106
CHANGED	2900-AM25	200510	3	7	usc_section_end: None -> '1824'; usc_section_span_rule: None -> 'stated'	38 USC 1151 note, 1802, 1804-805, 1811, 1811 note, 1812, 1814, 1816, 1821 to 1824, 5112
CHANGED	2900-AM25	200604	3	7	usc_section_end: None -> '1824'; usc_section_span_rule: None -> 'stated'	38 USC 1151 note, 1802, 1804-805, 1811, 1811 note, 1812, 1814, 1816, 1821 to 1824, 5112
CHANGED	2900-AM25	200610	3	7	usc_section_end: None -> '1824'; usc_section_span_rule: None -> 'stated'	38 USC 1151 note, 1802, 1804-805, 1811, 1811 note, 1812, 1814, 1816, 1821 to 1824, 5112
CHANGED	2900-AM25	200704	3	2	usc_section_end: None -> '1805'; usc_section_span_rule: None -> 'stated'	38 USC 1151 note, 1802, 1804 to 1805, 1811, 1811 note, 1812, 1814, 1816, 1821 to 1824, 5112
CHANGED	2900-AM25	200704	3	7	usc_section_end: None -> '1824'; usc_section_span_rule: None -> 'stated'	38 USC 1151 note, 1802, 1804 to 1805, 1811, 1811 note, 1812, 1814, 1816, 1821 to 1824, 5112
CHANGED	2900-AO24	201210	1	0	usc_section_end: None -> '1968'; usc_section_span_rule: None -> 'abbreviated-span'	38 USC 1967 to 68
CHANGED	2900-AO42	201210	0	1	usc_section_end: None -> '1980a'; usc_section_span_rule: None -> 'stated'	38 USC 501, 1965 to 1980A
CHANGED	2900-AO42	201304	0	1	usc_section_end: None -> '1980a'; usc_section_span_rule: None -> 'stated'	38 USC 501, 1965 to 1980A
CHANGED	2900-AO42	201310	0	1	usc_section_end: None -> '1980a'; usc_section_span_rule: None -> 'stated'	38 USC 501, 1965 to 1980A
CHANGED	3038-AC32	200610	11	0	parse_status: 'partial' -> 'ok'; usc_section_end: None -> '77z-3'; usc_section_span_rule: None -> 'stated'	15 USC 77z-2 to 77z-3
CHANGED	3038-AE16	201604	2	0	parse_status: 'partial' -> 'ok'; usc_section_end: '6b' -> '6b-1'	7 U.S.C. 6 to 6b-1
CHANGED	3038-AE54	201704	11	0	parse_status: 'partial' -> 'ok'; usc_section_end: None -> '7a-2'; usc_section_span_rule: None -> 'stated'	7 U.S.C. 7a-1 to 7a-2
CHANGED	3038-AE54	201710	11	0	parse_status: 'partial' -> 'ok'; usc_section_end: None -> '7a-2'; usc_section_span_rule: None -> 'stated'	7 U.S.C. 7a-1 to 7a-2
CHANGED	3038-AE54	201804	11	0	parse_status: 'partial' -> 'ok'; usc_section_end: None -> '7a-2'; usc_section_span_rule: None -> 'stated'	7 U.S.C. 7a-1 to 7a-2
CHANGED	3038-AE54	201810	11	0	parse_status: 'partial' -> 'ok'; usc_section_end: None -> '7a-2'; usc_section_span_rule: None -> 'stated'	7 U.S.C. 7a-1 to 7a-2
CHANGED	3038-AE54	201904	11	0	parse_status: 'partial' -> 'ok'; usc_section_end: None -> '7a-2'; usc_section_span_rule: None -> 'stated'	7 U.S.C. 7a-1 to 7a-2
CHANGED	3038-AE56	201804	1	0	parse_status: 'partial' -> 'ok'; usc_section_end: '6b' -> '6b-1'	7 U.S.C. 6a to 6b-1
CHANGED	3038-AE56	201810	1	0	parse_status: 'partial' -> 'ok'; usc_section_end: '6b' -> '6b-1'	7 U.S.C. 6a to 6b-1
CHANGED	3038-AE56	201904	1	0	parse_status: 'partial' -> 'ok'; usc_section_end: '6b' -> '6b-1'	7 U.S.C. 6a to 6b-1
CHANGED	3038-AE78	201910	2	0	parse_status: 'partial' -> 'ok'; usc_section_end: '6b' -> '6b-1'	7 U.S.C. 6 to 6b-1
CHANGED	3038-AE85	201910	2	0	parse_status: 'partial' -> 'ok'; usc_section_end: '6b' -> '6b-1'	7 U.S.C. 6 to 6b-1
CHANGED	3038-AE85	202004	2	0	parse_status: 'partial' -> 'ok'; usc_section_end: '6b' -> '6b-1'	7 U.S.C. 6 to 6b-1
CHANGED	3038-AE85	202010	2	0	parse_status: 'partial' -> 'ok'; usc_section_end: '6b' -> '6b-1'	7 U.S.C. 6 to 6b-1
CHANGED	3038-AE85	202104	2	0	parse_status: 'partial' -> 'ok'; usc_section_end: '6b' -> '6b-1'	7 U.S.C. 6 to 6b-1
CHANGED	3038-AE85	202110	2	0	parse_status: 'partial' -> 'ok'; usc_section_end: '6b' -> '6b-1'	7 U.S.C. 6 to 6b-1
CHANGED	3038-AE89	202004	3	0	parse_status: 'partial' -> 'ok'; usc_section_end: '6b' -> '6b-1'	7 U.S.C. 6a to 6b-1
CHANGED	3041-AE08	202404	0	0	usc_section_end: None -> '1262'; usc_section_span_rule: None -> 'abbreviated-span'	15 U.S.C. 1261 to 62
CHANGED	3041-AE08	202410	0	0	usc_section_end: None -> '1262'; usc_section_span_rule: None -> 'abbreviated-span'	15 U.S.C. 1261 to 62
CHANGED	3041-AE08	202510	0	0	usc_section_end: None -> '1262'; usc_section_span_rule: None -> 'abbreviated-span'	15 U.S.C. 1261 to 62
CHANGED	3045-AA27	200010	1	0	parse_status: 'partial' -> 'ok'; usc_section_end: None -> '2000d-7'; usc_section_span_rule: None -> 'stated'	42 USC 2000d to 2000d-7
CHANGED	3045-AA27	200104	1	0	parse_status: 'partial' -> 'ok'; usc_section_end: None -> '2000d-7'; usc_section_span_rule: None -> 'stated'	42 USC 2000d to 2000d-7
CHANGED	3045-AA27	200110	1	0	parse_status: 'partial' -> 'ok'; usc_section_end: None -> '2000d-7'; usc_section_span_rule: None -> 'stated'	42 USC 2000d to 2000d-7
CHANGED	3045-AA27	200204	1	0	parse_status: 'partial' -> 'ok'; usc_section_end: None -> '2000d-7'; usc_section_span_rule: None -> 'stated'	42 USC 2000d to 2000d-7
CHANGED	3045-AA27	200210	1	0	parse_status: 'partial' -> 'ok'; usc_section_end: None -> '2000d-7'; usc_section_span_rule: None -> 'stated'	42 USC 2000d to 2000d-7
CHANGED	3045-AA27	200304	1	0	parse_status: 'partial' -> 'ok'; usc_section_end: None -> '2000d-7'; usc_section_span_rule: None -> 'stated'	42 USC 2000d to 2000d-7
CHANGED	3045-AA27	200310	1	0	parse_status: 'partial' -> 'ok'; usc_section_end: None -> '2000d-7'; usc_section_span_rule: None -> 'stated'	42 USC 2000d to 2000d-7
CHANGED	3046-AA83	200710	0	0	parse_status: 'partial' -> 'ok'; usc_section_end: None -> '2000e-17'; usc_section_span_rule: None -> 'stated'	42 USC 2000e to 2000e-17
CHANGED	3046-AA83	200804	0	0	parse_status: 'partial' -> 'ok'; usc_section_end: None -> '2000e-17'; usc_section_span_rule: None -> 'stated'	42 USC 2000e to 2000e-17
CHANGED	3046-AA96	201304	0	0	parse_status: 'partial' -> 'ok'; usc_section_end: None -> '2000e-17'; usc_section_span_rule: None -> 'stated'	42 USC 2000e to 2000e-17
CHANGED	3046-AA96	201310	0	0	parse_status: 'partial' -> 'ok'; usc_section_end: None -> '2000e-17'; usc_section_span_rule: None -> 'stated'	42 USC 2000e to 2000e-17
CHANGED	3046-AA98	201310	1	0	authority_in_own_cfr_note: 'absent' -> 'present'	42 USC 2000e-10
CHANGED	3046-AA98	201404	1	0	authority_in_own_cfr_note: 'absent' -> 'present'	42 USC 2000e-10
CHANGED	3046-AB07	201704	0	0	parse_status: 'partial' -> 'ok'; usc_section_end: None -> '2000e-17'; usc_section_span_rule: None -> 'stated'	42 U.S.C. 2000e to 2000e-17
CHANGED	3046-AB07	201710	0	0	parse_status: 'partial' -> 'ok'; usc_section_end: None -> '2000e-17'; usc_section_span_rule: None -> 'stated'	42 U.S.C. 2000e to 2000e-17
CHANGED	3046-AB07	201804	0	0	parse_status: 'partial' -> 'ok'; usc_section_end: None -> '2000e-17'; usc_section_span_rule: None -> 'stated'	42 U.S.C. 2000e to 2000e-17
CHANGED	3046-AB07	201810	0	0	parse_status: 'partial' -> 'ok'; usc_section_end: None -> '2000e-17'; usc_section_span_rule: None -> 'stated'	42 U.S.C. 2000e to 2000e-17
CHANGED	3046-AB07	201904	0	0	parse_status: 'partial' -> 'ok'; usc_section_end: None -> '2000e-17'; usc_section_span_rule: None -> 'stated'	42 U.S.C. 2000e to 2000e-17
CHANGED	3046-AB07	201910	0	0	parse_status: 'partial' -> 'ok'; usc_section_end: None -> '2000e-17'; usc_section_span_rule: None -> 'stated'	42 U.S.C. 2000e to 2000e-17
CHANGED	3046-AB07	202004	0	0	parse_status: 'partial' -> 'ok'; usc_section_end: None -> '2000e-17'; usc_section_span_rule: None -> 'stated'	42 U.S.C. 2000e to 2000e-17
CHANGED	3046-AB07	202004	2	0	parse_status: 'partial' -> 'ok'; usc_section_end: None -> '2000ff-11'; usc_section_span_rule: None -> 'stated'	42 U.S.C. 2000ff to 2000ff-11
CHANGED	3046-AB07	202010	0	0	parse_status: 'partial' -> 'ok'; usc_section_end: None -> '2000e-17'; usc_section_span_rule: None -> 'stated'	42 U.S.C. 2000e to 2000e-17
CHANGED	3046-AB07	202010	2	0	parse_status: 'partial' -> 'ok'; usc_section_end: None -> '2000ff-11'; usc_section_span_rule: None -> 'stated'	42 U.S.C. 2000ff to 2000ff-11
CHANGED	3046-AB14	201904	1	0	parse_status: 'partial' -> 'ok'; usc_section_end: None -> '2000e-17'; usc_section_span_rule: None -> 'stated'	42 U.S.C. 2000e to 2000e-17
CHANGED	3046-AB14	201904	3	0	parse_status: 'partial' -> 'ok'; usc_section_end: None -> '2000ff-11'; usc_section_span_rule: None -> 'stated'	42 U.S.C. 2000ff to 2000ff-11
CHANGED	3046-AB16	201910	0	0	parse_status: 'partial' -> 'ok'; usc_section_end: None -> '2000e-17'; usc_section_span_rule: None -> 'stated'	42 U.S.C. 2000e to 2000e-17
CHANGED	3046-AB16	201910	3	0	parse_status: 'partial' -> 'ok'; usc_section_end: None -> '2000ff-11'; usc_section_span_rule: None -> 'stated'	42 U.S.C. 2000ff to 2000ff-11
CHANGED	3046-AB17	201910	2	0	parse_status: 'partial' -> 'ok'; usc_section_end: None -> '2000ff-11'; usc_section_span_rule: None -> 'stated'	42 U.S.C. 2000ff to 2000ff-11
CHANGED	3046-AB17	201910	3	0	parse_status: 'partial' -> 'ok'; usc_section_end: None -> '2000e-17'; usc_section_span_rule: None -> 'stated'	42 U.S.C. 2000e to 2000e-17
CHANGED	3046-AB17	201910	5	0	parse_status: 'partial' -> 'ok'; usc_section_end: None -> '2000ff-11'; usc_section_span_rule: None -> 'stated'	42 U.S.C. 2000ff to 2000ff-11
CHANGED	3046-AB17	202004	2	0	parse_status: 'partial' -> 'ok'; usc_section_end: None -> '2000ff-11'; usc_section_span_rule: None -> 'stated'	42 U.S.C. 2000ff to 2000ff-11
CHANGED	3046-AB17	202004	3	0	parse_status: 'partial' -> 'ok'; usc_section_end: None -> '2000e-17'; usc_section_span_rule: None -> 'stated'	42 U.S.C. 2000e to 2000e-17
CHANGED	3046-AB17	202004	5	0	parse_status: 'partial' -> 'ok'; usc_section_end: None -> '2000ff-11'; usc_section_span_rule: None -> 'stated'	42 U.S.C. 2000ff to 2000ff-11
CHANGED	3046-AB19	202004	0	0	parse_status: 'partial' -> 'ok'; usc_section_end: None -> '2000e-17'; usc_section_span_rule: None -> 'stated'	42 U.S.C. 2000e to 2000e-17
CHANGED	3046-AB19	202004	2	0	parse_status: 'partial' -> 'ok'; usc_section_end: None -> '2000ff-11'; usc_section_span_rule: None -> 'stated'	42 U.S.C. 2000ff to 2000ff-11
CHANGED	3046-AB19	202010	0	0	parse_status: 'partial' -> 'ok'; usc_section_end: None -> '2000e-17'; usc_section_span_rule: None -> 'stated'	42 U.S.C. 2000e to 2000e-17
CHANGED	3046-AB19	202010	2	0	parse_status: 'partial' -> 'ok'; usc_section_end: None -> '2000ff-11'; usc_section_span_rule: None -> 'stated'	42 U.S.C. 2000ff to 2000ff-11
CHANGED	3046-AB24	202010	2	0	parse_status: 'partial' -> 'ok'; usc_section_end: None -> '2000ff-11'; usc_section_span_rule: None -> 'stated'	42 U.S.C. 2000ff to 2000ff-11
CHANGED	3046-AB24	202010	3	0	parse_status: 'partial' -> 'ok'; usc_section_end: None -> '2000e-17'; usc_section_span_rule: None -> 'stated'	42 U.S.C. 2000e to 2000e-17
CHANGED	3046-AB26	202310	2	0	parse_status: 'partial' -> 'ok'; usc_section_end: None -> '2000ff-11'; usc_section_span_rule: None -> 'stated'	42 U.S.C. 2000ff to 2000ff-11
CHANGED	3046-AB26	202310	3	0	parse_status: 'partial' -> 'ok'; usc_section_end: None -> '2000e-17'; usc_section_span_rule: None -> 'stated'	42 U.S.C. 2000e - 2000e-17
CHANGED	3046-AB26	202404	2	0	parse_status: 'partial' -> 'ok'; usc_section_end: None -> '2000ff-11'; usc_section_span_rule: None -> 'stated'	42 U.S.C. 2000ff to 2000ff-11
CHANGED	3046-AB26	202404	3	0	parse_status: 'partial' -> 'ok'; usc_section_end: None -> '2000e-17'; usc_section_span_rule: None -> 'stated'	42 U.S.C. 2000e to 2000e-17
CHANGED	3046-AB29	202310	0	0	authority_in_own_cfr_note: 'absent' -> 'present'	42 U.S.C. 2000e-10(a)
CHANGED	3046-AB29	202404	0	0	authority_in_own_cfr_note: 'absent' -> 'present'	42 U.S.C. 2000e-10(a)
CHANGED	3046-AB29	202410	0	0	authority_in_own_cfr_note: 'absent' -> 'present'	42 U.S.C. 2000e-10(a)
CHANGED	3046-AB30	202404	0	0	parse_status: 'partial' -> 'ok'; usc_section_end: None -> '2000gg-6'; usc_section_span_rule: None -> 'stated'	42 U.S.C. 2000gg to 2000gg-6
CHANGED	3046-AB31	202310	0	0	parse_status: 'partial' -> 'ok'; usc_section_end: None -> '2000gg-6'; usc_section_span_rule: None -> 'stated'	42 U.S.C. 2000gg to 2000gg-6
CHANGED	3046-AB31	202404	0	0	parse_status: 'partial' -> 'ok'; usc_section_end: None -> '2000gg-6'; usc_section_span_rule: None -> 'stated'	42 U.S.C. 2000gg to 2000gg-6
CHANGED	3046-AB34	202410	2	0	parse_status: 'partial' -> 'ok'; usc_section_end: None -> '2000ff-11'; usc_section_span_rule: None -> 'stated'	42 U.S.C. 2000ff to 2000ff-11
CHANGED	3046-AB34	202410	3	0	parse_status: 'partial' -> 'ok'; usc_section_end: None -> '2000e-17'; usc_section_span_rule: None -> 'stated'	42 U.S.C. 2000e to 2000e-17
CHANGED	3046-AB41	202510	0	0	parse_status: 'partial' -> 'ok'; usc_section_end: None -> '2000e-17'; usc_section_span_rule: None -> 'stated'	42 U.S.C. 2000e to 2000e-17
CHANGED	3046-AB41	202510	2	0	parse_status: 'partial' -> 'ok'; usc_section_end: None -> '2000ff-11'; usc_section_span_rule: None -> 'stated'	42 U.S.C. 2000ff to 2000ff-11
CHANGED	3046-AB41	202510	3	0	parse_status: 'partial' -> 'ok'; usc_section_end: None -> '2000gg-6'; usc_section_span_rule: None -> 'stated'	42 U.S.C. 2000gg to 2000gg-6
CHANGED	3046-AB42	202510	2	0	parse_status: 'partial' -> 'ok'; usc_section_end: None -> '2000ff-11'; usc_section_span_rule: None -> 'stated'	42 U.S.C. 2000ff to 2000ff-11
CHANGED	3046-AB42	202510	3	0	parse_status: 'partial' -> 'ok'; usc_section_end: None -> '2000e-17'; usc_section_span_rule: None -> 'stated'	42 U.S.C. 2000e to 2000e-17
CHANGED	3052-AB71	199604	12	0	parse_status: 'partial' -> 'ok'; usc_section_end: '2279f' -> '2279f-1'	12 USC 2279a to 2279f-1
CHANGED	3052-AB71	199610	12	0	parse_status: 'partial' -> 'ok'; usc_section_end: '2279f' -> '2279f-1'	12 USC 2279a to 2279f-1
CHANGED	3052-AB71	199704	12	0	parse_status: 'partial' -> 'ok'; usc_section_end: '2279f' -> '2279f-1'	12 USC 2279a to 2279f-1
CHANGED	3052-AB71	199710	12	0	parse_status: 'partial' -> 'ok'; usc_section_end: '2279f' -> '2279f-1'	12 USC 2279a to 2279f-1
CHANGED	3052-AB71	199804	12	0	parse_status: 'partial' -> 'ok'; usc_section_end: '2279f' -> '2279f-1'	12 USC 2279a to 2279f-1
CHANGED	3052-AB71	199810	12	0	parse_status: 'partial' -> 'ok'; usc_section_end: '2279f' -> '2279f-1'	12 USC 2279a to 2279f-1
CHANGED	3052-AB71	199904	12	0	parse_status: 'partial' -> 'ok'; usc_section_end: '2279f' -> '2279f-1'	12 USC 2279a to 2279f-1
CHANGED	3052-AB79	199804	12	0	parse_status: 'partial' -> 'ok'; usc_section_end: '2279f' -> '2279f-1'	12 USC 2279a to 2279f-1
CHANGED	3052-AB79	199810	12	0	parse_status: 'partial' -> 'ok'; usc_section_end: '2279f' -> '2279f-1'	12 USC 2279a to 2279f-1
CHANGED	3052-AB79	199904	12	0	parse_status: 'partial' -> 'ok'; usc_section_end: '2279f' -> '2279f-1'	12 USC 2279a to 2279f-1
CHANGED	3052-AB86	199810	12	0	parse_status: 'partial' -> 'ok'; usc_section_end: '2279f' -> '2279f-1'	12 USC 2279a to 2279f-1
CHANGED	3052-AB86	199904	12	0	parse_status: 'partial' -> 'ok'; usc_section_end: '2279f' -> '2279f-1'	12 USC 2279a to 2279f-1
CHANGED	3052-AB86	199910	12	0	parse_status: 'partial' -> 'ok'; usc_section_end: '2279f' -> '2279f-1'	12 USC 2279a to 2279f-1
CHANGED	3052-AB86	200004	4	0	parse_status: 'partial' -> 'ok'; usc_section_end: '2279f' -> '2279f-1'	12 USC 2279a to 2279f-1
CHANGED	3052-AB86	200010	4	0	parse_status: 'partial' -> 'ok'; usc_section_end: '2279f' -> '2279f-1'	12 USC 2279a to 2279f-1
CHANGED	3052-AB86	200104	4	0	parse_status: 'partial' -> 'ok'; usc_section_end: '2279f' -> '2279f-1'	12 USC 2279a to 2279f-1
CHANGED	3052-AB86	200110	4	0	parse_status: 'partial' -> 'ok'; usc_section_end: '2279f' -> '2279f-1'	12 USC 2279a to 2279f-1
CHANGED	3052-AB86	200204	4	0	parse_status: 'partial' -> 'ok'; usc_section_end: '2279f' -> '2279f-1'	12 USC 2279a to 2279f-1
CHANGED	3052-AB86	200210	4	0	parse_status: 'partial' -> 'ok'; usc_section_end: '2279f' -> '2279f-1'	12 USC 2279a to 2279f-1
CHANGED	3052-AB91	200010	33	0	parse_status: 'partial' -> 'ok'; usc_section_end: '2279f' -> '2279f-1'	12 USC 2279a to 2279f-1
CHANGED	3052-AB91	200104	33	0	parse_status: 'partial' -> 'ok'; usc_section_end: '2279f' -> '2279f-1'	12 USC 2279a to 2279f-1
CHANGED	3052-AB91	200110	33	0	parse_status: 'partial' -> 'ok'; usc_section_end: '2279f' -> '2279f-1'	12 USC 2279a to 2279f-1
CHANGED	3052-AB92	200204	21	0	parse_status: 'partial' -> 'ok'; usc_section_end: None -> '2279aa-8'; usc_section_span_rule: None -> 'stated'	12 USC 2279aa-6 to 2279aa-8
CHANGED	3052-AB92	200210	21	0	parse_status: 'partial' -> 'ok'; usc_section_end: None -> '2279aa-8'; usc_section_span_rule: None -> 'stated'	12 USC 2279aa-6 to 2279aa-8
CHANGED	3052-AB92	200304	21	0	parse_status: 'partial' -> 'ok'; usc_section_end: None -> '2279aa-8'; usc_section_span_rule: None -> 'stated'	12 USC 2279aa-6 to 2279aa-8
CHANGED	3052-AB92	200310	21	0	parse_status: 'partial' -> 'ok'; usc_section_end: None -> '2279aa-8'; usc_section_span_rule: None -> 'stated'	12 USC 2279aa-6 to 2279aa-8
CHANGED	3052-AB92	200404	21	0	parse_status: 'partial' -> 'ok'; usc_section_end: None -> '2279aa-8'; usc_section_span_rule: None -> 'stated'	12 USC 2279aa-6 to 2279aa-8
CHANGED	3052-AB92	200410	21	0	parse_status: 'partial' -> 'ok'; usc_section_end: None -> '2279aa-8'; usc_section_span_rule: None -> 'stated'	12 USC 2279aa-6 to 2279aa-8
CHANGED	3052-AB92	200504	21	0	parse_status: 'partial' -> 'ok'; usc_section_end: None -> '2279aa-8'; usc_section_span_rule: None -> 'stated'	12 USC 2279aa-6 to 2279aa-8
CHANGED	3052-AB92	200510	21	0	parse_status: 'partial' -> 'ok'; usc_section_end: None -> '2279aa-8'; usc_section_span_rule: None -> 'stated'	12 USC 2279aa-6 to 2279aa-8
CHANGED	3052-AB92	200604	21	0	parse_status: 'partial' -> 'ok'; usc_section_end: None -> '2279aa-8'; usc_section_span_rule: None -> 'stated'	12 USC 2279aa-6 to 2279aa-8
CHANGED	3052-AB92	200610	21	0	parse_status: 'partial' -> 'ok'; usc_section_end: None -> '2279aa-8'; usc_section_span_rule: None -> 'stated'	12 USC 2279aa-6 to 2279aa-8
CHANGED	3052-AB92	200704	21	0	parse_status: 'partial' -> 'ok'; usc_section_end: None -> '2279aa-8'; usc_section_span_rule: None -> 'stated'	12 USC 2279aa-6 to 2279aa-8
CHANGED	3052-AB92	200710	21	0	parse_status: 'partial' -> 'ok'; usc_section_end: None -> '2279aa-8'; usc_section_span_rule: None -> 'stated'	12 USC 2279aa-6 to 2279aa-8
CHANGED	3052-AB92	200804	21	0	parse_status: 'partial' -> 'ok'; usc_section_end: None -> '2279aa-8'; usc_section_span_rule: None -> 'stated'	12 USC 2279aa-6 to 2279aa-8
CHANGED	3052-AB92	200810	21	0	parse_status: 'partial' -> 'ok'; usc_section_end: None -> '2279aa-8'; usc_section_span_rule: None -> 'stated'	12 USC 2279aa-6 to 2279aa-8
CHANGED	3052-AB92	200904	21	0	parse_status: 'partial' -> 'ok'; usc_section_end: None -> '2279aa-8'; usc_section_span_rule: None -> 'stated'	12 USC 2279aa-6 to 2279aa-8
CHANGED	3052-AB92	200910	21	0	parse_status: 'partial' -> 'ok'; usc_section_end: None -> '2279aa-8'; usc_section_span_rule: None -> 'stated'	12 USC 2279aa-6 to 2279aa-8
CHANGED	3052-AB92	201004	21	0	parse_status: 'partial' -> 'ok'; usc_section_end: None -> '2279aa-8'; usc_section_span_rule: None -> 'stated'	12 USC 2279aa-6 to 2279aa-8
CHANGED	3052-AB92	201010	21	0	parse_status: 'partial' -> 'ok'; usc_section_end: None -> '2279aa-8'; usc_section_span_rule: None -> 'stated'	12 USC 2279aa-6 to 2279aa-8
CHANGED	3052-AB92	201104	21	0	parse_status: 'partial' -> 'ok'; usc_section_end: None -> '2279aa-8'; usc_section_span_rule: None -> 'stated'	12 USC 2279aa-6 to 2279aa-8
CHANGED	3052-AB92	201110	21	0	parse_status: 'partial' -> 'ok'; usc_section_end: None -> '2279aa-8'; usc_section_span_rule: None -> 'stated'	12 USC 2279aa-6 to 2279aa-8
CHANGED	3052-AB92	201210	21	0	parse_status: 'partial' -> 'ok'; usc_section_end: None -> '2279aa-8'; usc_section_span_rule: None -> 'stated'	12 USC 2279aa-6 to 2279aa-8
CHANGED	3052-AB92	201304	21	0	parse_status: 'partial' -> 'ok'; usc_section_end: None -> '2279aa-8'; usc_section_span_rule: None -> 'stated'	12 USC 2279aa-6 to 2279aa-8
CHANGED	3052-AB92	201310	21	0	parse_status: 'partial' -> 'ok'; usc_section_end: None -> '2279aa-8'; usc_section_span_rule: None -> 'stated'	12 USC 2279aa-6 to 2279aa-8
CHANGED	3052-AB92	201404	21	0	parse_status: 'partial' -> 'ok'; usc_section_end: None -> '2279aa-8'; usc_section_span_rule: None -> 'stated'	12 USC 2279aa-6 to 2279aa-8
CHANGED	3052-AC08	200210	24	0	parse_status: 'partial' -> 'ok'; usc_section_end: None -> '2279aa-8'; usc_section_span_rule: None -> 'stated'	12 USC 2279aa-6 to 2279aa-8
ADDED	3052-AC55	200904	2	1	(no row) -> rin='3052-AC55'; publication_id='200904'; ordinal=2; authority_text='12 USC 2018 to 12 USC 2020'; authority_type='usc'; parse_status='partial'; usc_title=12; usc_section='2020'; usc_title_is_possible=True; usc_section_verdict='exists'; usc_section_attested_at_edition=True; usc_section_magnitude_is_plausible=True; authority_in_own_cfr_note='present'; cfr_note_part='12 CFR 615'; authority_source='box'	12 USC 2018 to 12 USC 2020
ADDED	3052-AC55	200910	2	1	(no row) -> rin='3052-AC55'; publication_id='200910'; ordinal=2; authority_text='12 USC 2018 to 12 USC 2020'; authority_type='usc'; parse_status='partial'; usc_title=12; usc_section='2020'; usc_title_is_possible=True; usc_section_verdict='exists'; usc_section_attested_at_edition=True; usc_section_magnitude_is_plausible=True; authority_in_own_cfr_note='present'; cfr_note_part='12 CFR 615'; authority_source='box'	12 USC 2018 to 12 USC 2020
ADDED	3052-AC55	201004	2	1	(no row) -> rin='3052-AC55'; publication_id='201004'; ordinal=2; authority_text='12 USC 2018 to 12 USC 2020'; authority_type='usc'; parse_status='partial'; usc_title=12; usc_section='2020'; usc_title_is_possible=True; usc_section_verdict='exists'; usc_section_magnitude_is_plausible=True; authority_in_own_cfr_note='present'; cfr_note_part='12 CFR 615'; authority_source='box'	12 USC 2018 to 12 USC 2020
CHANGED	3055-AA10	200810	0	0	parse_status: 'partial' -> 'ok'; usc_section_end: None -> '2277a-14'; usc_section_span_rule: None -> 'stated'	12 USC 2277a to 2277a-14
CHANGED	3055-AA10	200904	0	0	parse_status: 'partial' -> 'ok'; usc_section_end: None -> '2277a-14'; usc_section_span_rule: None -> 'stated'	12 USC 2277a to 2277a-14
CHANGED	3055-AA10	200910	0	0	parse_status: 'partial' -> 'ok'; usc_section_end: None -> '2277a-14'; usc_section_span_rule: None -> 'stated'	12 USC 2277a to 2277a-14
CHANGED	3060-AI00	200404	2	1	usc_section_end: None -> '209'; usc_section_span_rule: None -> 'stated'	47 USC 202, 206 to 209
CHANGED	3060-AI00	200410	2	1	usc_section_end: None -> '209'; usc_section_span_rule: None -> 'stated'	47 USC 202, 206 to 209
CHANGED	3060-AI00	200504	2	1	usc_section_end: None -> '209'; usc_section_span_rule: None -> 'stated'	47 USC 202, 206 to 209
CHANGED	3060-AI00	200510	2	1	usc_section_end: None -> '209'; usc_section_span_rule: None -> 'stated'	47 USC 202, 206 to 209
CHANGED	3060-AI03	200210	2	1	usc_section_end: None -> '205'; usc_section_span_rule: None -> 'stated'	47 USC 161, 201 to 205
CHANGED	3060-AI03	200304	2	1	usc_section_end: None -> '205'; usc_section_span_rule: None -> 'stated'	47 USC 161, 201 to 205
CHANGED	3060-AI03	200310	2	1	usc_section_end: None -> '205'; usc_section_span_rule: None -> 'stated'	47 USC 161, 201 to 205
CHANGED	3060-AI03	200404	2	1	usc_section_end: None -> '205'; usc_section_span_rule: None -> 'stated'	47 USC 161, 201 to 205
CHANGED	3060-AI03	200410	2	1	usc_section_end: None -> '205'; usc_section_span_rule: None -> 'stated'	47 USC 161, 201 to 205
CHANGED	3060-AJ44	201010	2	0	usc_section_end: None -> '303'; usc_section_span_rule: None -> 'stated'	47 USC 302(a) to 303(c)
CHANGED	3060-AJ44	201104	2	0	usc_section_end: None -> '303'; usc_section_span_rule: None -> 'stated'	47 USC 302(a) to 303(c)
CHANGED	3060-AJ44	201110	2	0	usc_section_end: None -> '303'; usc_section_span_rule: None -> 'stated'	47 USC 302(a) to 303(c)
CHANGED	3060-AJ44	201210	2	0	usc_section_end: None -> '303'; usc_section_span_rule: None -> 'stated'	47 USC 302(a) to 303(c)
CHANGED	3060-AJ44	201304	2	0	usc_section_end: None -> '303'; usc_section_span_rule: None -> 'stated'	47 USC 302(a) to 303(c)
CHANGED	3060-AJ44	201310	2	0	usc_section_end: None -> '303'; usc_section_span_rule: None -> 'stated'	47 USC 302(a) to 303(c)
CHANGED	3060-AJ44	201404	2	0	usc_section_end: None -> '303'; usc_section_span_rule: None -> 'stated'	47 USC 302(a) to 303(c)
CHANGED	3060-AJ44	201410	2	0	usc_section_end: None -> '303'; usc_section_span_rule: None -> 'stated'	47 USC 302(a) to 303(c)
CHANGED	3060-AJ44	201504	2	0	usc_section_end: None -> '303'; usc_section_span_rule: None -> 'stated'	47 U.S.C. 302(a) to 303(c)
CHANGED	3060-AJ44	201510	2	0	usc_section_end: None -> '303'; usc_section_span_rule: None -> 'stated'	47 U.S.C. 302(a) to 303(c)
CHANGED	3060-AL43	202410	11	0	parse_status: 'partial' -> 'ok'; usc_section_end: None -> '615b'; usc_section_span_rule: None -> 'stated'	47 U.S.C. 615a-1 through 615b
CHANGED	3060-AL43	202504	11	0	parse_status: 'partial' -> 'ok'; usc_section_end: None -> '615b'; usc_section_span_rule: None -> 'stated'	47 U.S.C. 615a-1 through 615b
CHANGED	3060-AL43	202510	11	0	parse_status: 'partial' -> 'ok'; usc_section_end: None -> '615b'; usc_section_span_rule: None -> 'stated'	47 U.S.C. 615a-1 through 615b
CHANGED	3064-AC92	200510	28	0	parse_status: 'partial' -> 'ok'; usc_section_end: None -> '78u-3'; usc_section_span_rule: None -> 'stated'	15 USC 78u-2 to 78u-3
CHANGED	3064-AC92	200604	28	0	parse_status: 'partial' -> 'ok'; usc_section_end: None -> '78u-3'; usc_section_span_rule: None -> 'stated'	15 USC 78u-2 to 78u-3
CHANGED	3064-AD54	201004	5	0	cfr_note_part: '12 CFR 345' -> '12 CFR 25'	12 USC 3103 to 3104
CHANGED	3064-AD54	201004	6	0	cfr_note_part: '12 CFR 345' -> '12 CFR 25'	12 USC 3108(a)
CHANGED	3064-AD68	201104	5	0	cfr_note_part: '12 CFR 345' -> '12 CFR 25'	12 USC 3103 to 3104
CHANGED	3064-AD68	201104	6	0	cfr_note_part: '12 CFR 345' -> '12 CFR 25'	12 USC 3108(a)
CHANGED	3064-AE40	201610	3	0	usc_section_end: None -> '1819'; usc_section_span_rule: None -> 'abbreviated-span'	12 U.S.C. 1817 to 19
CHANGED	3067-AD14	200010	1	0	parse_status: 'partial' -> 'ok'; usc_section_end: None -> '2000d-7'; usc_section_span_rule: None -> 'stated'	42 USC 2000d to 2000d-7
CHANGED	3067-AD14	200104	1	0	parse_status: 'partial' -> 'ok'; usc_section_end: None -> '2000d-7'; usc_section_span_rule: None -> 'stated'	42 USC 2000d to 2000d-7
CHANGED	3067-AD14	200110	1	0	parse_status: 'partial' -> 'ok'; usc_section_end: None -> '2000d-7'; usc_section_span_rule: None -> 'stated'	42 USC 2000d to 2000d-7
CHANGED	3067-AD14	200204	1	0	parse_status: 'partial' -> 'ok'; usc_section_end: None -> '2000d-7'; usc_section_span_rule: None -> 'stated'	42 USC 2000d to 2000d-7
CHANGED	3067-AD14	200210	1	0	parse_status: 'partial' -> 'ok'; usc_section_end: None -> '2000d-7'; usc_section_span_rule: None -> 'stated'	42 USC 2000d to 2000d-7
CHANGED	3067-AD14	200304	1	0	parse_status: 'partial' -> 'ok'; usc_section_end: None -> '2000d-7'; usc_section_span_rule: None -> 'stated'	42 USC 2000d to 2000d-7
CHANGED	3072-AC39	201004	0	1	usc_section_end: None -> '706'; usc_section_span_rule: None -> 'stated'	5 USC 551 to 557, 701 to 706, 2903 and 6304
CHANGED	3072-AC39	201004	3	1	usc_section_end: None -> '3520'; usc_section_span_rule: None -> 'stated'	44 USC 501 to 520 and 3501 to 3520
CHANGED	3072-AC39	201004	4	1	usc_section_end: None -> '41309'; usc_section_span_rule: None -> 'stated'	46 USC 301 to 307, 40101 to 41309, 42101 to 42109, 44101 to 44106
CHANGED	3072-AC39	201004	4	2	usc_section_end: None -> '42109'; usc_section_span_rule: None -> 'stated'	46 USC 301 to 307, 40101 to 41309, 42101 to 42109, 44101 to 44106
CHANGED	3072-AC39	201004	4	3	usc_section_end: None -> '44106'; usc_section_span_rule: None -> 'stated'	46 USC 301 to 307, 40101 to 41309, 42101 to 42109, 44101 to 44106
CHANGED	3072-AC39	201010	0	1	usc_section_end: None -> '706'; usc_section_span_rule: None -> 'stated'	5 USC 551 to 557, 701 to 706, 2903 and 6304
CHANGED	3072-AC39	201010	3	1	usc_section_end: None -> '3520'; usc_section_span_rule: None -> 'stated'	44 USC 501 to 520 and 3501 to 3520
CHANGED	3072-AC39	201010	4	1	usc_section_end: None -> '41309'; usc_section_span_rule: None -> 'stated'	46 USC 301 to 307, 40101 to 41309, 42101 to 42109, 44101 to 44106
CHANGED	3072-AC39	201010	4	2	usc_section_end: None -> '42109'; usc_section_span_rule: None -> 'stated'	46 USC 301 to 307, 40101 to 41309, 42101 to 42109, 44101 to 44106
CHANGED	3072-AC39	201010	4	3	usc_section_end: None -> '44106'; usc_section_span_rule: None -> 'stated'	46 USC 301 to 307, 40101 to 41309, 42101 to 42109, 44101 to 44106
CHANGED	3072-AC39	201104	0	1	usc_section_end: None -> '706'; usc_section_span_rule: None -> 'stated'	5 USC 551 to 557, 701 to 706, 2903 and 6304
CHANGED	3072-AC39	201104	3	1	usc_section_end: None -> '3520'; usc_section_span_rule: None -> 'stated'	44 USC 501 to 520 and 3501 to 3520
CHANGED	3072-AC39	201104	4	1	usc_section_end: None -> '41309'; usc_section_span_rule: None -> 'stated'	46 USC 301 to 307, 40101 to 41309, 42101 to 42109, 44101 to 44106
CHANGED	3072-AC39	201104	4	2	usc_section_end: None -> '42109'; usc_section_span_rule: None -> 'stated'	46 USC 301 to 307, 40101 to 41309, 42101 to 42109, 44101 to 44106
CHANGED	3072-AC39	201104	4	3	usc_section_end: None -> '44106'; usc_section_span_rule: None -> 'stated'	46 USC 301 to 307, 40101 to 41309, 42101 to 42109, 44101 to 44106
CHANGED	3072-AC41	201104	0	6	usc_section_end: None -> '569'; usc_section_span_rule: None -> 'stated'	5 USC 504, 551, 552, 553, 556(c), 559, 561 to 569, 571 to 569, 571 to 596
ADDED	3072-AC41	201104	0	7	(no row) -> rin='3072-AC41'; publication_id='201104'; ordinal=0; authority_text='5 USC 504, 551, 552, 553, 556(c), 559, 561 to 569, 571 to 569, 571 to 596'; authority_type='usc'; parse_status='partial'; usc_title=5; usc_section='571'; usc_section_end='596'; usc_section_span_rule='stated'; usc_title_is_possible=True; usc_section_verdict='exists'; usc_section_attested_at_edition=True; usc_section_magnitude_is_plausible=True; authority_in_own_cfr_note='present'; cfr_note_part='46 CFR 502'; authority_source='box'	5 USC 504, 551, 552, 553, 556(c), 559, 561 to 569, 571 to 569, 571 to 596
CHANGED	3072-AC41	201104	7	1	usc_section_end: None -> '40104'; usc_section_span_rule: None -> 'stated'	46 USC 305, 40103 to 40104, 40304, 40306, 40501 to 40503, 40701 to 40503, 40701 to 40706, 41101 to 41109, 41301 to 41309, 44101 to 44106
CHANGED	3072-AC41	201104	7	4	usc_section_end: None -> '40503'; usc_section_span_rule: None -> 'stated'	46 USC 305, 40103 to 40104, 40304, 40306, 40501 to 40503, 40701 to 40503, 40701 to 40706, 41101 to 41109, 41301 to 41309, 44101 to 44106
CHANGED	3072-AC41	201104	7	7	usc_section_end: None -> '41109'; usc_section_span_rule: None -> 'stated'	46 USC 305, 40103 to 40104, 40304, 40306, 40501 to 40503, 40701 to 40503, 40701 to 40706, 41101 to 41109, 41301 to 41309, 44101 to 44106
CHANGED	3072-AC41	201104	7	8	usc_section_end: None -> '41309'; usc_section_span_rule: None -> 'stated'	46 USC 305, 40103 to 40104, 40304, 40306, 40501 to 40503, 40701 to 40503, 40701 to 40706, 41101 to 41109, 41301 to 41309, 44101 to 44106
CHANGED	3072-AC41	201104	7	9	usc_section_end: None -> '44106'; usc_section_span_rule: None -> 'stated'	46 USC 305, 40103 to 40104, 40304, 40306, 40501 to 40503, 40701 to 40503, 40701 to 40706, 41101 to 41109, 41301 to 41309, 44101 to 44106
ADDED	3072-AC41	201104	7	5	(no row) -> rin='3072-AC41'; publication_id='201104'; ordinal=7; authority_text='46 USC 305, 40103 to 40104, 40304, 40306, 40501 to 40503, 40701 to 40503, 40701 to 40706, 41101 to 41109, 41301 to 41309, 44101 to 44106'; authority_type='usc'; parse_status='partial'; usc_title=46; usc_section='40701'; usc_section_end='40706'; usc_section_span_rule='stated'; usc_title_is_possible=True; usc_section_verdict='exists'; usc_section_attested_at_edition=True; usc_section_magnitude_is_plausible=True; authority_in_own_cfr_note='absent'; cfr_note_part='46 CFR 502'; authority_source='box'	46 USC 305, 40103 to 40104, 40304, 40306, 40501 to 40503, 40701 to 40503, 40701 to 40706, 41101 to 41109, 41301 to 41309, 44101 to 44106
CHANGED	3072-AC42	201104	1	1	usc_section_end: None -> '40306'; usc_section_span_rule: None -> 'stated'	46 USC 305, 40301 to 40306, 40501 to 40503, 41307
CHANGED	3072-AC42	201104	1	2	usc_section_end: None -> '40503'; usc_section_span_rule: None -> 'stated'	46 USC 305, 40301 to 40306, 40501 to 40503, 41307
CHANGED	3072-AC42	201110	1	1	usc_section_end: None -> '40306'; usc_section_span_rule: None -> 'stated'	46 USC 305, 40301 to 40306, 40501 to 40503, 41307
CHANGED	3072-AC42	201110	1	2	usc_section_end: None -> '40503'; usc_section_span_rule: None -> 'stated'	46 USC 305, 40301 to 40306, 40501 to 40503, 41307
CHANGED	3072-AC52	201310	1	1	usc_section_end: None -> '569'; usc_section_span_rule: None -> 'stated'	5 USC 559, 561 to 569, 571 to 596
CHANGED	3072-AC52	201310	1	2	usc_section_end: None -> '596'; usc_section_span_rule: None -> 'stated'	5 USC 559, 561 to 569, 571 to 596
CHANGED	3072-AC56	201410	2	3	usc_section_end: None -> '40503'; usc_section_span_rule: None -> 'stated'	46 USC 305, 40102, 40104, 40501 to 40503, 41101 to 41109, 41301 to 41302, 41305 to 41307
CHANGED	3072-AC56	201410	2	4	usc_section_end: None -> '41109'; usc_section_span_rule: None -> 'stated'	46 USC 305, 40102, 40104, 40501 to 40503, 41101 to 41109, 41301 to 41302, 41305 to 41307
CHANGED	3072-AC56	201410	2	5	usc_section_end: None -> '41302'; usc_section_span_rule: None -> 'stated'	46 USC 305, 40102, 40104, 40501 to 40503, 41101 to 41109, 41301 to 41302, 41305 to 41307
CHANGED	3072-AC56	201410	2	6	usc_section_end: None -> '41307'; usc_section_span_rule: None -> 'stated'	46 USC 305, 40102, 40104, 40501 to 40503, 41101 to 41109, 41301 to 41302, 41305 to 41307
CHANGED	3072-AC64	201610	0	6	usc_section_end: None -> '569'; usc_section_span_rule: None -> 'stated'	5 U.S.C. 504, 551, 552, 553, 556(c), 559, 561 to 569, 571 to 596
CHANGED	3072-AC64	201610	0	7	usc_section_end: None -> '596'; usc_section_span_rule: None -> 'stated'	5 U.S.C. 504, 551, 552, 553, 556(c), 559, 561 to 569, 571 to 596
CHANGED	3072-AC64	201704	0	6	usc_section_end: None -> '569'; usc_section_span_rule: None -> 'stated'	5 U.S.C. 504, 551, 552, 553, 556(c), 559, 561 to 569, 571 to 596
CHANGED	3072-AC64	201704	0	7	usc_section_end: None -> '596'; usc_section_span_rule: None -> 'stated'	5 U.S.C. 504, 551, 552, 553, 556(c), 559, 561 to 569, 571 to 596
CHANGED	3072-AC65	201610	1	1	usc_section_end: None -> '40104'; usc_section_span_rule: None -> 'stated'	46 U.S.C. 305, 40101 to 40104, 40301 to 40307, 40501 to 40503, 40901 to 40904, 41101 to 41109, 41301 to 41302, 41305 to 41307
CHANGED	3072-AC65	201610	1	2	usc_section_end: None -> '40307'; usc_section_span_rule: None -> 'stated'	46 U.S.C. 305, 40101 to 40104, 40301 to 40307, 40501 to 40503, 40901 to 40904, 41101 to 41109, 41301 to 41302, 41305 to 41307
CHANGED	3072-AC65	201610	1	3	usc_section_end: None -> '40503'; usc_section_span_rule: None -> 'stated'	46 U.S.C. 305, 40101 to 40104, 40301 to 40307, 40501 to 40503, 40901 to 40904, 41101 to 41109, 41301 to 41302, 41305 to 41307
CHANGED	3072-AC65	201610	1	4	usc_section_end: None -> '40904'; usc_section_span_rule: None -> 'stated'	46 U.S.C. 305, 40101 to 40104, 40301 to 40307, 40501 to 40503, 40901 to 40904, 41101 to 41109, 41301 to 41302, 41305 to 41307
CHANGED	3072-AC65	201610	1	5	usc_section_end: None -> '41109'; usc_section_span_rule: None -> 'stated'	46 U.S.C. 305, 40101 to 40104, 40301 to 40307, 40501 to 40503, 40901 to 40904, 41101 to 41109, 41301 to 41302, 41305 to 41307
CHANGED	3072-AC65	201610	1	6	usc_section_end: None -> '41302'; usc_section_span_rule: None -> 'stated'	46 U.S.C. 305, 40101 to 40104, 40301 to 40307, 40501 to 40503, 40901 to 40904, 41101 to 41109, 41301 to 41302, 41305 to 41307
CHANGED	3072-AC65	201610	1	7	usc_section_end: None -> '41307'; usc_section_span_rule: None -> 'stated'	46 U.S.C. 305, 40101 to 40104, 40301 to 40307, 40501 to 40503, 40901 to 40904, 41101 to 41109, 41301 to 41302, 41305 to 41307
CHANGED	3072-AC71	201904	1	2	usc_section_end: None -> '40503'; usc_section_span_rule: None -> 'stated'	46 U.S.C. 305, 40307, 40501 to 40503, 41101 to 41106, 40901 to 40904
CHANGED	3072-AC71	201904	1	3	usc_section_end: None -> '41106'; usc_section_span_rule: None -> 'stated'	46 U.S.C. 305, 40307, 40501 to 40503, 41101 to 41106, 40901 to 40904
CHANGED	3072-AC71	201904	1	4	usc_section_end: None -> '40904'; usc_section_span_rule: None -> 'stated'	46 U.S.C. 305, 40307, 40501 to 40503, 41101 to 41106, 40901 to 40904
CHANGED	3072-AC72	201904	1	2	usc_section_end: None -> '569'; usc_section_span_rule: None -> 'stated'	5 U.S.C. 556(c), 559, 561 to 569
CHANGED	3072-AC72	201904	2	1	usc_section_end: None -> '596'; usc_section_span_rule: None -> 'stated'	5 U.S.C. 571 to 584, 591 to 596
CHANGED	3072-AC73	201904	1	3	usc_section_end: None -> '40503'; usc_section_span_rule: None -> 'stated'	31 U.S.C. 305, 40102,40104, 40501 to 40503, 40901 to 40904, 41101 to 41109, 41301 and 41302, 41305 to 41307
CHANGED	3072-AC73	201904	1	4	usc_section_end: None -> '40904'; usc_section_span_rule: None -> 'stated'	31 U.S.C. 305, 40102,40104, 40501 to 40503, 40901 to 40904, 41101 to 41109, 41301 and 41302, 41305 to 41307
CHANGED	3072-AC73	201904	1	5	usc_section_end: None -> '41109'; usc_section_span_rule: None -> 'stated'	31 U.S.C. 305, 40102,40104, 40501 to 40503, 40901 to 40904, 41101 to 41109, 41301 and 41302, 41305 to 41307
CHANGED	3072-AC73	201904	1	8	usc_section_end: None -> '41307'; usc_section_span_rule: None -> 'stated'	31 U.S.C. 305, 40102,40104, 40501 to 40503, 40901 to 40904, 41101 to 41109, 41301 and 41302, 41305 to 41307
CHANGED	3072-AC73	201910	1	3	usc_section_end: None -> '40503'; usc_section_span_rule: None -> 'stated'	31 U.S.C. 305, 40102,40104, 40501 to 40503, 40901 to 40904, 41101 to 41109, 41301 and 41302, 41305 to 41307
CHANGED	3072-AC73	201910	1	4	usc_section_end: None -> '40904'; usc_section_span_rule: None -> 'stated'	31 U.S.C. 305, 40102,40104, 40501 to 40503, 40901 to 40904, 41101 to 41109, 41301 and 41302, 41305 to 41307
CHANGED	3072-AC73	201910	1	5	usc_section_end: None -> '41109'; usc_section_span_rule: None -> 'stated'	31 U.S.C. 305, 40102,40104, 40501 to 40503, 40901 to 40904, 41101 to 41109, 41301 and 41302, 41305 to 41307
CHANGED	3072-AC73	201910	1	8	usc_section_end: None -> '41307'; usc_section_span_rule: None -> 'stated'	31 U.S.C. 305, 40102,40104, 40501 to 40503, 40901 to 40904, 41101 to 41109, 41301 and 41302, 41305 to 41307
CHANGED	3072-AC73	202004	1	3	usc_section_end: None -> '40503'; usc_section_span_rule: None -> 'stated'	31 U.S.C. 305, 40102,40104, 40501 to 40503, 40901 to 40904, 41101 to 41109, 41301 and 41302, 41305 to 41307
CHANGED	3072-AC73	202004	1	4	usc_section_end: None -> '40904'; usc_section_span_rule: None -> 'stated'	31 U.S.C. 305, 40102,40104, 40501 to 40503, 40901 to 40904, 41101 to 41109, 41301 and 41302, 41305 to 41307
CHANGED	3072-AC73	202004	1	5	usc_section_end: None -> '41109'; usc_section_span_rule: None -> 'stated'	31 U.S.C. 305, 40102,40104, 40501 to 40503, 40901 to 40904, 41101 to 41109, 41301 and 41302, 41305 to 41307
CHANGED	3072-AC73	202004	1	8	usc_section_end: None -> '41307'; usc_section_span_rule: None -> 'stated'	31 U.S.C. 305, 40102,40104, 40501 to 40503, 40901 to 40904, 41101 to 41109, 41301 and 41302, 41305 to 41307
CHANGED	3072-AC75	202004	0	6	usc_section_end: None -> '569'; usc_section_span_rule: None -> 'stated'	5 U.S.C. 504, 551, 552, 553, 556(c), 559, 561 to 569, 571 to 584
CHANGED	3072-AC75	202004	0	7	usc_section_end: None -> '584'; usc_section_span_rule: None -> 'stated'	5 U.S.C. 504, 551, 552, 553, 556(c), 559, 561 to 569, 571 to 584
CHANGED	3072-AC75	202004	0	8	usc_section_end: None -> '596'; usc_section_span_rule: None -> 'stated'	5 U.S.C. 504, 551, 552, 553, 556(c), 559, 561 to 569, 571 to 584
CHANGED	3072-AC75	202004	5	5	usc_section_end: None -> '40503'; usc_section_span_rule: None -> 'stated'	46 U.S.C. 305, 40103 and 40104, 40304, 40306, 40501 to 40503, 40701 to 40706, 41101 to 41109, 41301 to 41309, 44104 to 44106
CHANGED	3072-AC75	202004	5	6	usc_section_end: None -> '40706'; usc_section_span_rule: None -> 'stated'	46 U.S.C. 305, 40103 and 40104, 40304, 40306, 40501 to 40503, 40701 to 40706, 41101 to 41109, 41301 to 41309, 44104 to 44106
CHANGED	3072-AC75	202004	5	7	usc_section_end: None -> '41109'; usc_section_span_rule: None -> 'stated'	46 U.S.C. 305, 40103 and 40104, 40304, 40306, 40501 to 40503, 40701 to 40706, 41101 to 41109, 41301 to 41309, 44104 to 44106
CHANGED	3072-AC75	202004	5	8	usc_section_end: None -> '41309'; usc_section_span_rule: None -> 'stated'	46 U.S.C. 305, 40103 and 40104, 40304, 40306, 40501 to 40503, 40701 to 40706, 41101 to 41109, 41301 to 41309, 44104 to 44106
CHANGED	3072-AC75	202004	5	9	usc_section_end: None -> '44106'; usc_section_span_rule: None -> 'stated'	46 U.S.C. 305, 40103 and 40104, 40304, 40306, 40501 to 40503, 40701 to 40706, 41101 to 41109, 41301 to 41309, 44104 to 44106
CHANGED	3072-AC76	202004	1	2	usc_section_end: None -> '40503'; usc_section_span_rule: None -> 'stated'	46 U.S.C. 350, 40307, 40501 to 40503, 41101 to 41106, and 40901 to 40904
CHANGED	3072-AC76	202004	1	3	usc_section_end: None -> '41106'; usc_section_span_rule: None -> 'stated'	46 U.S.C. 350, 40307, 40501 to 40503, 41101 to 41106, and 40901 to 40904
CHANGED	3072-AC76	202004	1	4	usc_section_end: None -> '40904'; usc_section_span_rule: None -> 'stated'	46 U.S.C. 350, 40307, 40501 to 40503, 41101 to 41106, and 40901 to 40904
CHANGED	3072-AC76	202010	1	2	usc_section_end: None -> '40503'; usc_section_span_rule: None -> 'stated'	46 U.S.C. 350, 40307, 40501 to 40503, 41101 to 41106, and 40901 to 40904
CHANGED	3072-AC76	202010	1	3	usc_section_end: None -> '41106'; usc_section_span_rule: None -> 'stated'	46 U.S.C. 350, 40307, 40501 to 40503, 41101 to 41106, and 40901 to 40904
CHANGED	3072-AC76	202010	1	4	usc_section_end: None -> '40904'; usc_section_span_rule: None -> 'stated'	46 U.S.C. 350, 40307, 40501 to 40503, 41101 to 41106, and 40901 to 40904
CHANGED	3072-AC77	202004	5	2	usc_section_end: None -> '40503'; usc_section_span_rule: None -> 'stated'	46 U.S.C. 305, 40102, 40501 to 40503, 40901 to 40904, 41101 to 41109, 41301 and 41302, 41305 to 41307
CHANGED	3072-AC77	202004	5	3	usc_section_end: None -> '40904'; usc_section_span_rule: None -> 'stated'	46 U.S.C. 305, 40102, 40501 to 40503, 40901 to 40904, 41101 to 41109, 41301 and 41302, 41305 to 41307
CHANGED	3072-AC77	202004	5	4	usc_section_end: None -> '41109'; usc_section_span_rule: None -> 'stated'	46 U.S.C. 305, 40102, 40501 to 40503, 40901 to 40904, 41101 to 41109, 41301 and 41302, 41305 to 41307
CHANGED	3072-AC77	202004	5	7	usc_section_end: None -> '41307'; usc_section_span_rule: None -> 'stated'	46 U.S.C. 305, 40102, 40501 to 40503, 40901 to 40904, 41101 to 41109, 41301 and 41302, 41305 to 41307
CHANGED	3072-AC78	202004	0	1	usc_section_end: None -> '706'; usc_section_span_rule: None -> 'stated'	5 U.S.C. 551 to 557, 701 to 706, 2903 and 6304
CHANGED	3072-AC78	202004	3	1	usc_section_end: None -> '3520'; usc_section_span_rule: None -> 'stated'	44 U.S.C. 501 to 520 and 3501 to 3520
CHANGED	3072-AC78	202004	4	1	usc_section_end: None -> '41309'; usc_section_span_rule: None -> 'stated'	46 U.S.C. 301 to 307, 40101 to 41309, 42101 to 42109, 44101 to 44106
CHANGED	3072-AC78	202004	4	2	usc_section_end: None -> '42109'; usc_section_span_rule: None -> 'stated'	46 U.S.C. 301 to 307, 40101 to 41309, 42101 to 42109, 44101 to 44106
CHANGED	3072-AC78	202004	4	3	usc_section_end: None -> '44106'; usc_section_span_rule: None -> 'stated'	46 U.S.C. 301 to 307, 40101 to 41309, 42101 to 42109, 44101 to 44106
CHANGED	3072-AC80	202004	1	1	usc_section_end: None -> '40306'; usc_section_span_rule: None -> 'stated'	46 U.S.C. 305, 40301 to 40306, 40501 to 40503, 41307
CHANGED	3072-AC80	202004	1	2	usc_section_end: None -> '40503'; usc_section_span_rule: None -> 'stated'	46 U.S.C. 305, 40301 to 40306, 40501 to 40503, 41307
CHANGED	3072-AC80	202010	1	1	usc_section_end: None -> '40306'; usc_section_span_rule: None -> 'stated'	46 U.S.C. 305, 40301 to 40306, 40501 to 40503, 41307
CHANGED	3072-AC80	202010	1	2	usc_section_end: None -> '40503'; usc_section_span_rule: None -> 'stated'	46 U.S.C. 305, 40301 to 40306, 40501 to 40503, 41307
CHANGED	3072-AC81	202010	1	1	usc_section_end: None -> '40306'; usc_section_span_rule: None -> 'stated'	46 U.S.C. 305, 40301 to 40306, 40501 to 40503, 41307
CHANGED	3072-AC81	202010	1	2	usc_section_end: None -> '40503'; usc_section_span_rule: None -> 'stated'	46 U.S.C. 305, 40301 to 40306, 40501 to 40503, 41307
CHANGED	3072-AC83	202104	2	3	usc_section_end: None -> '40503'; usc_section_span_rule: None -> 'stated'	46 U.S.C. 305, 40101 and 40102
CHANGED	3072-AC84	202104	2	1	usc_section_end: None -> '40306'; usc_section_span_rule: None -> 'stated'	46 U.S.C. 305, 40301 to 40306, 4050 to -40503, 41307
CHANGED	3072-AC84	202110	2	1	usc_section_end: None -> '40306'; usc_section_span_rule: None -> 'stated'	46 U.S.C. 305, 40301 to 40306, 4050 to 40503, 41307
CHANGED	3072-AC84	202110	2	2	usc_section_end: None -> '40503'; usc_section_span_rule: None -> 'stated'	46 U.S.C. 305, 40301 to 40306, 4050 to 40503, 41307
CHANGED	3072-AC86	202310	1	3	usc_section_end: None -> '40503'; usc_section_span_rule: None -> 'stated'	46 U.S.C. 305, 40101 and 40102, 40501 to 40503, 40701 to 40706, 41101 to 41109
CHANGED	3072-AC86	202310	1	4	usc_section_end: None -> '40706'; usc_section_span_rule: None -> 'stated'	46 U.S.C. 305, 40101 and 40102, 40501 to 40503, 40701 to 40706, 41101 to 41109
CHANGED	3072-AC86	202310	1	5	usc_section_end: None -> '41109'; usc_section_span_rule: None -> 'stated'	46 U.S.C. 305, 40101 and 40102, 40501 to 40503, 40701 to 40706, 41101 to 41109
CHANGED	3072-AC86	202404	1	3	usc_section_end: None -> '40503'; usc_section_span_rule: None -> 'stated'	46 U.S.C. 305, 40101 and 40102, 40501 to 40503, 40701 to 40706, 41101 to 41109
CHANGED	3072-AC86	202404	1	4	usc_section_end: None -> '40706'; usc_section_span_rule: None -> 'stated'	46 U.S.C. 305, 40101 and 40102, 40501 to 40503, 40701 to 40706, 41101 to 41109
CHANGED	3072-AC86	202404	1	5	usc_section_end: None -> '41109'; usc_section_span_rule: None -> 'stated'	46 U.S.C. 305, 40101 and 40102, 40501 to 40503, 40701 to 40706, 41101 to 41109
CHANGED	3072-AC87	202110	0	2	usc_section_end: None -> '41106'; usc_section_span_rule: None -> 'stated'	46 U.S.C. 40102, 40501, 41101 to 41106
CHANGED	3072-AC87	202204	0	2	usc_section_end: None -> '41106'; usc_section_span_rule: None -> 'stated'	46 U.S.C. 40102, 40501, 41101 to 41106
CHANGED	3072-AC90	202310	1	1	usc_section_end: None -> '40503'; usc_section_span_rule: None -> 'stated'	46 U.S.C. 40307, 40501 to 40503, 41101 to 41106, 40901 to 40904, and 46105
CHANGED	3072-AC90	202310	1	2	usc_section_end: None -> '41106'; usc_section_span_rule: None -> 'stated'	46 U.S.C. 40307, 40501 to 40503, 41101 to 41106, 40901 to 40904, and 46105
CHANGED	3072-AC90	202310	1	3	usc_section_end: None -> '40904'; usc_section_span_rule: None -> 'stated'	46 U.S.C. 40307, 40501 to 40503, 41101 to 41106, 40901 to 40904, and 46105
CHANGED	3072-AC90	202404	1	1	usc_section_end: None -> '40503'; usc_section_span_rule: None -> 'stated'	46 U.S.C. 40307, 40501 to 40503, 41101 to 41106, 40901 to 40904, and 46105
CHANGED	3072-AC90	202404	1	2	usc_section_end: None -> '41106'; usc_section_span_rule: None -> 'stated'	46 U.S.C. 40307, 40501 to 40503, 41101 to 41106, 40901 to 40904, and 46105
CHANGED	3072-AC90	202404	1	3	usc_section_end: None -> '40904'; usc_section_span_rule: None -> 'stated'	46 U.S.C. 40307, 40501 to 40503, 41101 to 41106, 40901 to 40904, and 46105
CHANGED	3072-AC91	202310	1	1	usc_section_end: None -> '40104'; usc_section_span_rule: None -> 'stated'	46 U.S.C. 305, 40101 to 40104, 40301 to 40307, 40501 to 40503, 40901 to 40904, 41101 to 41109, 41301 and 41302, and 41305 to 41307
CHANGED	3072-AC91	202310	1	2	usc_section_end: None -> '40307'; usc_section_span_rule: None -> 'stated'	46 U.S.C. 305, 40101 to 40104, 40301 to 40307, 40501 to 40503, 40901 to 40904, 41101 to 41109, 41301 and 41302, and 41305 to 41307
CHANGED	3072-AC91	202310	1	3	usc_section_end: None -> '40503'; usc_section_span_rule: None -> 'stated'	46 U.S.C. 305, 40101 to 40104, 40301 to 40307, 40501 to 40503, 40901 to 40904, 41101 to 41109, 41301 and 41302, and 41305 to 41307
CHANGED	3072-AC91	202310	1	4	usc_section_end: None -> '40904'; usc_section_span_rule: None -> 'stated'	46 U.S.C. 305, 40101 to 40104, 40301 to 40307, 40501 to 40503, 40901 to 40904, 41101 to 41109, 41301 and 41302, and 41305 to 41307
CHANGED	3072-AC91	202310	1	5	usc_section_end: None -> '41109'; usc_section_span_rule: None -> 'stated'	46 U.S.C. 305, 40101 to 40104, 40301 to 40307, 40501 to 40503, 40901 to 40904, 41101 to 41109, 41301 and 41302, and 41305 to 41307
CHANGED	3072-AC91	202310	1	8	usc_section_end: None -> '41307'; usc_section_span_rule: None -> 'stated'	46 U.S.C. 305, 40101 to 40104, 40301 to 40307, 40501 to 40503, 40901 to 40904, 41101 to 41109, 41301 and 41302, and 41305 to 41307
CHANGED	3072-AC91	202404	1	1	usc_section_end: None -> '40104'; usc_section_span_rule: None -> 'stated'	46 U.S.C. 305, 40101 to 40104, 40301 to 40307, 40501 to 40503, 40901 to 40904, 41101 to 41109, 41301 and 41302, and 41305 to 41307
CHANGED	3072-AC91	202404	1	2	usc_section_end: None -> '40307'; usc_section_span_rule: None -> 'stated'	46 U.S.C. 305, 40101 to 40104, 40301 to 40307, 40501 to 40503, 40901 to 40904, 41101 to 41109, 41301 and 41302, and 41305 to 41307
CHANGED	3072-AC91	202404	1	3	usc_section_end: None -> '40503'; usc_section_span_rule: None -> 'stated'	46 U.S.C. 305, 40101 to 40104, 40301 to 40307, 40501 to 40503, 40901 to 40904, 41101 to 41109, 41301 and 41302, and 41305 to 41307
CHANGED	3072-AC91	202404	1	4	usc_section_end: None -> '40904'; usc_section_span_rule: None -> 'stated'	46 U.S.C. 305, 40101 to 40104, 40301 to 40307, 40501 to 40503, 40901 to 40904, 41101 to 41109, 41301 and 41302, and 41305 to 41307
CHANGED	3072-AC91	202404	1	5	usc_section_end: None -> '41109'; usc_section_span_rule: None -> 'stated'	46 U.S.C. 305, 40101 to 40104, 40301 to 40307, 40501 to 40503, 40901 to 40904, 41101 to 41109, 41301 and 41302, and 41305 to 41307
CHANGED	3072-AC91	202404	1	8	usc_section_end: None -> '41307'; usc_section_span_rule: None -> 'stated'	46 U.S.C. 305, 40101 to 40104, 40301 to 40307, 40501 to 40503, 40901 to 40904, 41101 to 41109, 41301 and 41302, and 41305 to 41307
CHANGED	3072-AC91	202410	1	1	usc_section_end: None -> '40104'; usc_section_span_rule: None -> 'stated'	46 U.S.C. 305, 40101 to 40104, 40301 to 40307, 40501 to 40503, 40901 to 40904, 41101 to 41109, 41301 and 41302, and 41305 to 41307
CHANGED	3072-AC91	202410	1	2	usc_section_end: None -> '40307'; usc_section_span_rule: None -> 'stated'	46 U.S.C. 305, 40101 to 40104, 40301 to 40307, 40501 to 40503, 40901 to 40904, 41101 to 41109, 41301 and 41302, and 41305 to 41307
CHANGED	3072-AC91	202410	1	3	usc_section_end: None -> '40503'; usc_section_span_rule: None -> 'stated'	46 U.S.C. 305, 40101 to 40104, 40301 to 40307, 40501 to 40503, 40901 to 40904, 41101 to 41109, 41301 and 41302, and 41305 to 41307
CHANGED	3072-AC91	202410	1	4	usc_section_end: None -> '40904'; usc_section_span_rule: None -> 'stated'	46 U.S.C. 305, 40101 to 40104, 40301 to 40307, 40501 to 40503, 40901 to 40904, 41101 to 41109, 41301 and 41302, and 41305 to 41307
CHANGED	3072-AC91	202410	1	5	usc_section_end: None -> '41109'; usc_section_span_rule: None -> 'stated'	46 U.S.C. 305, 40101 to 40104, 40301 to 40307, 40501 to 40503, 40901 to 40904, 41101 to 41109, 41301 and 41302, and 41305 to 41307
CHANGED	3072-AC91	202410	1	8	usc_section_end: None -> '41307'; usc_section_span_rule: None -> 'stated'	46 U.S.C. 305, 40101 to 40104, 40301 to 40307, 40501 to 40503, 40901 to 40904, 41101 to 41109, 41301 and 41302, and 41305 to 41307
CHANGED	3072-AC95	202304	0	5	usc_section_end: None -> '569'; usc_section_span_rule: None -> 'stated'	5 U.S.C. 504, 551, 553, 556(c), 559, 561 to 569, 571 to 584
CHANGED	3072-AC95	202304	0	6	usc_section_end: None -> '584'; usc_section_span_rule: None -> 'stated'	5 U.S.C. 504, 551, 553, 556(c), 559, 561 to 569, 571 to 584
CHANGED	3072-AC95	202304	0	7	usc_section_end: None -> '596'; usc_section_span_rule: None -> 'stated'	5 U.S.C. 504, 551, 553, 556(c), 559, 561 to 569, 571 to 584
CHANGED	3072-AC95	202310	0	5	usc_section_end: None -> '569'; usc_section_span_rule: None -> 'stated'	5 U.S.C. 504, 551, 553, 556(c), 559, 561 to 569, 571 to 584
CHANGED	3072-AC95	202310	0	6	usc_section_end: None -> '584'; usc_section_span_rule: None -> 'stated'	5 U.S.C. 504, 551, 553, 556(c), 559, 561 to 569, 571 to 584
CHANGED	3072-AC95	202310	0	7	usc_section_end: None -> '596'; usc_section_span_rule: None -> 'stated'	5 U.S.C. 504, 551, 553, 556(c), 559, 561 to 569, 571 to 584
CHANGED	3072-AC96	202304	0	5	usc_section_end: None -> '569'; usc_section_span_rule: None -> 'stated'	5 U.S.C. 504, 551, 553, 556(c), 559, 561 to 569, 571 to 584
CHANGED	3072-AC96	202304	0	6	usc_section_end: None -> '584'; usc_section_span_rule: None -> 'stated'	5 U.S.C. 504, 551, 553, 556(c), 559, 561 to 569, 571 to 584
CHANGED	3072-AC96	202304	0	7	usc_section_end: None -> '596'; usc_section_span_rule: None -> 'stated'	5 U.S.C. 504, 551, 553, 556(c), 559, 561 to 569, 571 to 584
CHANGED	3072-AC96	202310	0	5	usc_section_end: None -> '569'; usc_section_span_rule: None -> 'stated'	5 U.S.C. 504, 551, 553, 556(c), 559, 561 to 569, 571 to 584
CHANGED	3072-AC96	202310	0	6	usc_section_end: None -> '584'; usc_section_span_rule: None -> 'stated'	5 U.S.C. 504, 551, 553, 556(c), 559, 561 to 569, 571 to 584
CHANGED	3072-AC96	202310	0	7	usc_section_end: None -> '596'; usc_section_span_rule: None -> 'stated'	5 U.S.C. 504, 551, 553, 556(c), 559, 561 to 569, 571 to 584
CHANGED	3072-AC97	202310	0	1	usc_section_end: None -> '706'; usc_section_span_rule: None -> 'stated'	5 U.S.C. 551 to 557, 701 to 706, 2903 and 6304
CHANGED	3072-AC97	202310	3	1	usc_section_end: None -> '3520'; usc_section_span_rule: None -> 'stated'	44 U.S.C. 501 to 520 and 3501 to 3520
CHANGED	3072-AC97	202310	4	1	usc_section_end: None -> '42109'; usc_section_span_rule: None -> 'stated'	46 U.S.C. 40101 to 41309, 42101 to 42109, 44101 to 44106, 46101 to 46108
CHANGED	3072-AC97	202310	4	2	usc_section_end: None -> '44106'; usc_section_span_rule: None -> 'stated'	46 U.S.C. 40101 to 41309, 42101 to 42109, 44101 to 44106, 46101 to 46108
CHANGED	3072-AC97	202310	4	3	usc_section_end: None -> '46108'; usc_section_span_rule: None -> 'stated'	46 U.S.C. 40101 to 41309, 42101 to 42109, 44101 to 44106, 46101 to 46108
CHANGED	3090-AH33	200010	1	0	parse_status: 'partial' -> 'ok'; usc_section_end: None -> '2000d-7'; usc_section_span_rule: None -> 'stated'	42 USC 2000d to 2000d-7
CHANGED	3090-AH33	200104	1	0	parse_status: 'partial' -> 'ok'; usc_section_end: None -> '2000d-7'; usc_section_span_rule: None -> 'stated'	42 USC 2000d to 2000d-7
CHANGED	3090-AH33	200110	1	0	parse_status: 'partial' -> 'ok'; usc_section_end: None -> '2000d-7'; usc_section_span_rule: None -> 'stated'	42 USC 2000d to 2000d-7
CHANGED	3090-AH33	200204	1	0	parse_status: 'partial' -> 'ok'; usc_section_end: None -> '2000d-7'; usc_section_span_rule: None -> 'stated'	42 USC 2000d to 2000d-7
CHANGED	3090-AH33	200210	1	0	parse_status: 'partial' -> 'ok'; usc_section_end: None -> '2000d-7'; usc_section_span_rule: None -> 'stated'	42 USC 2000d to 2000d-7
CHANGED	3090-AH33	200304	1	0	parse_status: 'partial' -> 'ok'; usc_section_end: None -> '2000d-7'; usc_section_span_rule: None -> 'stated'	42 USC 2000d to 2000d-7
CHANGED	3090-AJ77	201610	0	1	usc_section_end: None -> '306114'; usc_section_span_rule: None -> 'stated'	54 U.S.C. 306101 to 306107 and 306109 to 306114
CHANGED	3090-AJ77	201704	0	1	usc_section_end: None -> '306114'; usc_section_span_rule: None -> 'stated'	54 U.S.C. 306101 to 306107 and 306109 to 306114
CHANGED	3090-AJ77	201804	0	1	usc_section_end: None -> '306114'; usc_section_span_rule: None -> 'stated'	54 U.S.C. 306101 to 306107 and 306109 to 306114
CHANGED	3090-AJ77	202110	0	1	usc_section_end: None -> '306114'; usc_section_span_rule: None -> 'stated'	54 U.S.C. 306101 to 306107 and 306109 to 306114
CHANGED	3090-AK69	202310	1	3	usc_section_end: None -> '905'; usc_section_span_rule: None -> 'stated'	40 U.S.C. secs. 581(c)(1), 584, 585, and 901 to 905
CHANGED	3090-AK69	202404	1	3	usc_section_end: None -> '905'; usc_section_span_rule: None -> 'stated'	40 U.S.C. secs. 581(c)(1), 584, 585, and 901 to 905
CHANGED	3090-AK92	202504	4	2	usc_section_end: None -> '523'; usc_section_span_rule: None -> 'stated'	40 U.S.C. 121(c), 586(b)(2) 589(c), 521 to 523, 541 to 559
CHANGED	3090-AK92	202504	4	3	usc_section_end: None -> '559'; usc_section_span_rule: None -> 'stated'	40 U.S.C. 121(c), 586(b)(2) 589(c), 521 to 523, 541 to 559
CHANGED	3090-AK92	202510	4	2	usc_section_end: None -> '523'; usc_section_span_rule: None -> 'stated'	40 U.S.C. 121(c), 586(b)(2) 589(c), 521 to 523, 541 to 559
CHANGED	3090-AK92	202510	4	3	usc_section_end: None -> '559'; usc_section_span_rule: None -> 'stated'	40 U.S.C. 121(c), 586(b)(2) 589(c), 521 to 523, 541 to 559
CHANGED	3095-AB09	200110	1	0	parse_status: 'partial' -> 'ok'; usc_section_end: None -> '2000d-7'; usc_section_span_rule: None -> 'stated'	42 USC 2000d to 2000d-7
CHANGED	3095-AB09	200204	1	0	parse_status: 'partial' -> 'ok'; usc_section_end: None -> '2000d-7'; usc_section_span_rule: None -> 'stated'	42 USC 2000d to 2000d-7
CHANGED	3095-AB09	200210	1	0	parse_status: 'partial' -> 'ok'; usc_section_end: None -> '2000d-7'; usc_section_span_rule: None -> 'stated'	42 USC 2000d to 2000d-7
CHANGED	3095-AB09	200304	1	0	parse_status: 'partial' -> 'ok'; usc_section_end: None -> '2000d-7'; usc_section_span_rule: None -> 'stated'	42 USC 2000d to 2000d-7
CHANGED	3095-AB09	200310	1	0	parse_status: 'partial' -> 'ok'; usc_section_end: None -> '2000d-7'; usc_section_span_rule: None -> 'stated'	42 USC 2000d to 2000d-7
CHANGED	3095-AB09	200404	1	0	parse_status: 'partial' -> 'ok'; usc_section_end: None -> '2000d-7'; usc_section_span_rule: None -> 'stated'	42 USC 2000d to 2000d-7
CHANGED	3095-AB09	200410	1	0	parse_status: 'partial' -> 'ok'; usc_section_end: None -> '2000d-7'; usc_section_span_rule: None -> 'stated'	42 USC 2000d to 2000d-7
CHANGED	3095-AB09	200504	1	0	parse_status: 'partial' -> 'ok'; usc_section_end: None -> '2000d-7'; usc_section_span_rule: None -> 'stated'	42 USC 2000d to 2000d-7
CHANGED	3095-AB09	200510	1	0	parse_status: 'partial' -> 'ok'; usc_section_end: None -> '2000d-7'; usc_section_span_rule: None -> 'stated'	42 USC 2000d to 2000d-7
CHANGED	3095-AB09	200604	1	0	parse_status: 'partial' -> 'ok'; usc_section_end: None -> '2000d-7'; usc_section_span_rule: None -> 'stated'	42 USC 2000d to 2000d-7
CHANGED	3095-AB09	200610	1	0	parse_status: 'partial' -> 'ok'; usc_section_end: None -> '2000d-7'; usc_section_span_rule: None -> 'stated'	42 USC 2000d to 2000d-7
CHANGED	3095-AB09	200704	1	0	parse_status: 'partial' -> 'ok'; usc_section_end: None -> '2000d-7'; usc_section_span_rule: None -> 'stated'	42 USC 2000d to 2000d-7
CHANGED	3095-AB09	200710	0	0	parse_status: 'partial' -> 'ok'; usc_section_end: None -> '2000d-7'; usc_section_span_rule: None -> 'stated'	42 USC 2000d to 2000d-7
CHANGED	3133-AC98	200410	0	1	usc_section_end: None -> '1757'; usc_section_span_rule: None -> 'stated'	12 USC 1752(s), 1755 to 1757, 1759, 1761a, 1761b, 1766 to 1767
CHANGED	3133-AC98	200410	0	5	usc_section_end: None -> '1767'; usc_section_span_rule: None -> 'stated'	12 USC 1752(s), 1755 to 1757, 1759, 1761a, 1761b, 1766 to 1767
CHANGED	3133-AC98	200504	0	1	usc_section_end: None -> '1757'; usc_section_span_rule: None -> 'stated'	12 USC 1752(s), 1755 to 1757, 1759, 1761a, 1761b, 1766 to 1767
CHANGED	3133-AC98	200504	0	5	usc_section_end: None -> '1767'; usc_section_span_rule: None -> 'stated'	12 USC 1752(s), 1755 to 1757, 1759, 1761a, 1761b, 1766 to 1767
CHANGED	3133-AC98	200510	0	1	usc_section_end: None -> '1757'; usc_section_span_rule: None -> 'stated'	12 USC 1752(s), 1755 to 1757, 1759, 1761a, 1761b, 1766 to 1767
CHANGED	3133-AC98	200510	0	5	usc_section_end: None -> '1767'; usc_section_span_rule: None -> 'stated'	12 USC 1752(s), 1755 to 1757, 1759, 1761a, 1761b, 1766 to 1767
CHANGED	3133-AC98	200604	0	1	usc_section_end: None -> '1757'; usc_section_span_rule: None -> 'stated'	12 USC 1752(s), 1755 to 1757, 1759, 1761a, 1761b, 1766 to 1767
CHANGED	3133-AC98	200604	0	5	usc_section_end: None -> '1767'; usc_section_span_rule: None -> 'stated'	12 USC 1752(s), 1755 to 1757, 1759, 1761a, 1761b, 1766 to 1767
CHANGED	3133-AC98	200610	0	1	usc_section_end: None -> '1757'; usc_section_span_rule: None -> 'stated'	12 USC 1752(s), 1755 to 1757, 1759, 1761a, 1761b, 1766 to 1767
CHANGED	3133-AC98	200610	0	5	usc_section_end: None -> '1767'; usc_section_span_rule: None -> 'stated'	12 USC 1752(s), 1755 to 1757, 1759, 1761a, 1761b, 1766 to 1767
CHANGED	3133-AC98	200704	0	1	usc_section_end: None -> '1757'; usc_section_span_rule: None -> 'stated'	12 USC 1752(s), 1755 to 1757, 1759, 1761a, 1761b, 1766 to 1767
CHANGED	3133-AC98	200704	0	5	usc_section_end: None -> '1767'; usc_section_span_rule: None -> 'stated'	12 USC 1752(s), 1755 to 1757, 1759, 1761a, 1761b, 1766 to 1767
CHANGED	3133-AC98	200710	0	1	usc_section_end: None -> '1757'; usc_section_span_rule: None -> 'stated'	12 USC 1752(s), 1755 to 1757, 1759, 1761a, 1761b, 1766 to 1767
CHANGED	3133-AC98	200710	0	5	usc_section_end: None -> '1767'; usc_section_span_rule: None -> 'stated'	12 USC 1752(s), 1755 to 1757, 1759, 1761a, 1761b, 1766 to 1767
CHANGED	3133-AD41	200804	1	1	usc_section_end: None -> '4104b'; usc_section_span_rule: None -> 'stated'	42 USC 4012a, 4104a to 4104b, 4106, 4128
CHANGED	3133-AD41	200810	1	1	usc_section_end: None -> '4104b'; usc_section_span_rule: None -> 'stated'	42 USC 4012a, 4104a to 4104b, 4106, 4128
CHANGED	3133-AD41	200904	1	1	usc_section_end: None -> '4104b'; usc_section_span_rule: None -> 'stated'	42 USC 4012a, 4104a to 4104b, 4106, 4128
CHANGED	3135-AA10	199510	0	0	parse_status: 'partial' -> 'ok'; usc_section_end: None -> '2000d-4'; usc_section_span_rule: None -> 'stated'	42 USC 2000d to 2000d-4
CHANGED	3135-AA10	199604	0	0	parse_status: 'partial' -> 'ok'; usc_section_end: None -> '2000d-4'; usc_section_span_rule: None -> 'stated'	42 USC 2000d to 2000d-4
CHANGED	3135-AA10	199610	0	0	parse_status: 'partial' -> 'ok'; usc_section_end: None -> '2000d-4'; usc_section_span_rule: None -> 'stated'	42 USC 2000d to 2000d-4
CHANGED	3135-AA10	199704	0	0	parse_status: 'partial' -> 'ok'; usc_section_end: None -> '2000d-4'; usc_section_span_rule: None -> 'stated'	42 USC 2000d to 2000d-4
CHANGED	3135-AA10	199710	0	0	parse_status: 'partial' -> 'ok'; usc_section_end: None -> '2000d-4'; usc_section_span_rule: None -> 'stated'	42 USC 2000d to 2000d-4
CHANGED	3135-AA10	199804	0	0	parse_status: 'partial' -> 'ok'; usc_section_end: None -> '2000d-4'; usc_section_span_rule: None -> 'stated'	42 USC 2000d to 2000d-4
CHANGED	3135-AA10	199810	0	0	parse_status: 'partial' -> 'ok'; usc_section_end: None -> '2000d-4'; usc_section_span_rule: None -> 'stated'	42 USC 2000d to 2000d-4
CHANGED	3135-AA10	199904	0	0	parse_status: 'partial' -> 'ok'; usc_section_end: None -> '2000d-4'; usc_section_span_rule: None -> 'stated'	42 USC 2000d to 2000d-4
CHANGED	3135-AA10	199910	0	0	parse_status: 'partial' -> 'ok'; usc_section_end: None -> '2000d-4'; usc_section_span_rule: None -> 'stated'	42 USC 2000d to 2000d-4
CHANGED	3135-AA10	200004	0	0	parse_status: 'partial' -> 'ok'; usc_section_end: None -> '2000d-4'; usc_section_span_rule: None -> 'stated'	42 USC 2000d to 2000d-4
CHANGED	3135-AA10	200010	0	0	parse_status: 'partial' -> 'ok'; usc_section_end: None -> '2000d-4'; usc_section_span_rule: None -> 'stated'	42 USC 2000d to 2000d-4
CHANGED	3135-AA10	200104	0	0	parse_status: 'partial' -> 'ok'; usc_section_end: None -> '2000d-4'; usc_section_span_rule: None -> 'stated'	42 USC 2000d to 2000d-4
CHANGED	3135-AA10	200110	0	0	parse_status: 'partial' -> 'ok'; usc_section_end: None -> '2000d-4'; usc_section_span_rule: None -> 'stated'	42 USC 2000d to 2000d-4
CHANGED	3135-AA10	200204	0	0	parse_status: 'partial' -> 'ok'; usc_section_end: None -> '2000d-4'; usc_section_span_rule: None -> 'stated'	42 USC 2000d to 2000d-4
CHANGED	3135-AA10	200210	0	0	parse_status: 'partial' -> 'ok'; usc_section_end: None -> '2000d-4'; usc_section_span_rule: None -> 'stated'	42 USC 2000d to 2000d-4
CHANGED	3135-AA10	200304	0	0	parse_status: 'partial' -> 'ok'; usc_section_end: None -> '2000d-4'; usc_section_span_rule: None -> 'stated'	42 USC 2000d to 2000d-4
CHANGED	3135-AA10	200310	0	0	parse_status: 'partial' -> 'ok'; usc_section_end: None -> '2000d-4'; usc_section_span_rule: None -> 'stated'	42 USC 2000d to 2000d-4
CHANGED	3135-AA10	200404	0	0	parse_status: 'partial' -> 'ok'; usc_section_end: None -> '2000d-4'; usc_section_span_rule: None -> 'stated'	42 USC 2000d to 2000d-4
CHANGED	3135-AA10	200410	0	0	parse_status: 'partial' -> 'ok'; usc_section_end: None -> '2000d-4'; usc_section_span_rule: None -> 'stated'	42 USC 2000d to 2000d-4
CHANGED	3135-AA10	200504	0	0	parse_status: 'partial' -> 'ok'; usc_section_end: None -> '2000d-4'; usc_section_span_rule: None -> 'stated'	42 USC 2000d to 2000d-4
CHANGED	3135-AA10	200510	0	0	parse_status: 'partial' -> 'ok'; usc_section_end: None -> '2000d-4'; usc_section_span_rule: None -> 'stated'	42 USC 2000d to 2000d-4
CHANGED	3135-AA10	200604	0	0	parse_status: 'partial' -> 'ok'; usc_section_end: None -> '2000d-4'; usc_section_span_rule: None -> 'stated'	42 USC 2000d to 2000d-4
CHANGED	3135-AA10	200610	0	0	parse_status: 'partial' -> 'ok'; usc_section_end: None -> '2000d-4'; usc_section_span_rule: None -> 'stated'	42 USC 2000d to 2000d-4
CHANGED	3135-AA10	200704	0	0	parse_status: 'partial' -> 'ok'; usc_section_end: None -> '2000d-4'; usc_section_span_rule: None -> 'stated'	42 USC 2000d to 2000d-4
CHANGED	3135-AA10	200710	0	0	parse_status: 'partial' -> 'ok'; usc_section_end: None -> '2000d-4'; usc_section_span_rule: None -> 'stated'	42 USC 2000d to 2000d-4
CHANGED	3135-AA10	200804	0	0	parse_status: 'partial' -> 'ok'; usc_section_end: None -> '2000d-4'; usc_section_span_rule: None -> 'stated'	42 USC 2000d to 2000d-4
CHANGED	3135-AA10	200810	0	0	parse_status: 'partial' -> 'ok'; usc_section_end: None -> '2000d-4'; usc_section_span_rule: None -> 'stated'	42 USC 2000d to 2000d-4
CHANGED	3135-AA10	200904	0	0	parse_status: 'partial' -> 'ok'; usc_section_end: None -> '2000d-4'; usc_section_span_rule: None -> 'stated'	42 USC 2000d to 2000d-4
CHANGED	3135-AA10	200910	0	0	parse_status: 'partial' -> 'ok'; usc_section_end: None -> '2000d-4'; usc_section_span_rule: None -> 'stated'	42 USC 2000d to 2000d-4
CHANGED	3136-AA11	199510	0	0	parse_status: 'partial' -> 'ok'; usc_section_end: None -> '2000d-4'; usc_section_span_rule: None -> 'stated'	42 USC 2000d to 2000d-4
CHANGED	3136-AA11	199604	0	0	parse_status: 'partial' -> 'ok'; usc_section_end: None -> '2000d-4'; usc_section_span_rule: None -> 'stated'	42 USC 2000d to 2000d-4
CHANGED	3136-AA11	199610	0	0	parse_status: 'partial' -> 'ok'; usc_section_end: None -> '2000d-4'; usc_section_span_rule: None -> 'stated'	42 USC 2000d to 2000d-4
CHANGED	3136-AA11	199704	0	0	parse_status: 'partial' -> 'ok'; usc_section_end: None -> '2000d-4'; usc_section_span_rule: None -> 'stated'	42 USC 2000d to 2000d-4
CHANGED	3136-AA11	199710	0	0	parse_status: 'partial' -> 'ok'; usc_section_end: None -> '2000d-4'; usc_section_span_rule: None -> 'stated'	42 USC 2000d to 2000d-4
CHANGED	3136-AA11	199804	0	0	parse_status: 'partial' -> 'ok'; usc_section_end: None -> '2000d-4'; usc_section_span_rule: None -> 'stated'	42 USC 2000d to 2000d-4
CHANGED	3136-AA11	199810	0	0	parse_status: 'partial' -> 'ok'; usc_section_end: None -> '2000d-4'; usc_section_span_rule: None -> 'stated'	42 USC 2000d to 2000d-4
CHANGED	3136-AA11	199904	0	0	parse_status: 'partial' -> 'ok'; usc_section_end: None -> '2000d-4'; usc_section_span_rule: None -> 'stated'	42 USC 2000d to 2000d-4
CHANGED	3136-AA11	199910	0	0	parse_status: 'partial' -> 'ok'; usc_section_end: None -> '2000d-4'; usc_section_span_rule: None -> 'stated'	42 USC 2000d to 2000d-4
CHANGED	3136-AA11	200004	0	0	parse_status: 'partial' -> 'ok'; usc_section_end: None -> '2000d-4'; usc_section_span_rule: None -> 'stated'	42 USC 2000d to 2000d-4
CHANGED	3136-AA11	200010	0	0	parse_status: 'partial' -> 'ok'; usc_section_end: None -> '2000d-4'; usc_section_span_rule: None -> 'stated'	42 USC 2000d to 2000d-4
CHANGED	3136-AA11	200104	0	0	parse_status: 'partial' -> 'ok'; usc_section_end: None -> '2000d-4'; usc_section_span_rule: None -> 'stated'	42 USC 2000d to 2000d-4
CHANGED	3136-AA11	200110	0	0	parse_status: 'partial' -> 'ok'; usc_section_end: None -> '2000d-4'; usc_section_span_rule: None -> 'stated'	42 USC 2000d to 2000d-4
CHANGED	3136-AA11	200204	0	0	parse_status: 'partial' -> 'ok'; usc_section_end: None -> '2000d-4'; usc_section_span_rule: None -> 'stated'	42 USC 2000d to 2000d-4
CHANGED	3136-AA11	200210	0	0	parse_status: 'partial' -> 'ok'; usc_section_end: None -> '2000d-4'; usc_section_span_rule: None -> 'stated'	42 USC 2000d to 2000d-4
CHANGED	3136-AA11	200304	0	0	parse_status: 'partial' -> 'ok'; usc_section_end: None -> '2000d-4'; usc_section_span_rule: None -> 'stated'	42 USC 2000d to 2000d-4
CHANGED	3136-AA24	200010	0	0	parse_status: 'partial' -> 'ok'; usc_section_end: None -> '2000d-7'; usc_section_span_rule: None -> 'stated'	42 USC 2000d to 2000d-7
CHANGED	3136-AA24	200104	0	0	parse_status: 'partial' -> 'ok'; usc_section_end: None -> '2000d-7'; usc_section_span_rule: None -> 'stated'	42 USC 2000d to 2000d-7
CHANGED	3136-AA24	200110	0	0	parse_status: 'partial' -> 'ok'; usc_section_end: None -> '2000d-7'; usc_section_span_rule: None -> 'stated'	42 USC 2000d to 2000d-7
CHANGED	3136-AA24	200204	0	0	parse_status: 'partial' -> 'ok'; usc_section_end: None -> '2000d-7'; usc_section_span_rule: None -> 'stated'	42 USC 2000d to 2000d-7
CHANGED	3136-AA24	200210	0	0	parse_status: 'partial' -> 'ok'; usc_section_end: None -> '2000d-7'; usc_section_span_rule: None -> 'stated'	42 USC 2000d to 2000d-7
CHANGED	3136-AA24	200304	0	0	parse_status: 'partial' -> 'ok'; usc_section_end: None -> '2000d-7'; usc_section_span_rule: None -> 'stated'	42 USC 2000d to 2000d-7
CHANGED	3136-AA24	200310	0	0	parse_status: 'partial' -> 'ok'; usc_section_end: None -> '2000d-7'; usc_section_span_rule: None -> 'stated'	42 USC 2000d to 2000d-7
CHANGED	3137-AA13	200010	0	0	parse_status: 'partial' -> 'ok'; usc_section_end: None -> '2000d-7'; usc_section_span_rule: None -> 'stated'	42 USC 2000d to 2000d-7
CHANGED	3137-AA13	200104	0	0	parse_status: 'partial' -> 'ok'; usc_section_end: None -> '2000d-7'; usc_section_span_rule: None -> 'stated'	42 USC 2000d to 2000d-7
CHANGED	3137-AA13	200110	0	0	parse_status: 'partial' -> 'ok'; usc_section_end: None -> '2000d-7'; usc_section_span_rule: None -> 'stated'	42 USC 2000d to 2000d-7
CHANGED	3137-AA13	200204	0	0	parse_status: 'partial' -> 'ok'; usc_section_end: None -> '2000d-7'; usc_section_span_rule: None -> 'stated'	42 USC 2000d to 2000d-7
CHANGED	3137-AA13	200210	0	0	parse_status: 'partial' -> 'ok'; usc_section_end: None -> '2000d-7'; usc_section_span_rule: None -> 'stated'	42 USC 2000d to 2000d-7
CHANGED	3137-AA13	200304	0	0	parse_status: 'partial' -> 'ok'; usc_section_end: None -> '2000d-7'; usc_section_span_rule: None -> 'stated'	42 USC 2000d to 2000d-7
CHANGED	3137-AA13	200310	0	0	parse_status: 'partial' -> 'ok'; usc_section_end: None -> '2000d-7'; usc_section_span_rule: None -> 'stated'	42 USC 2000d to 2000d-7
CHANGED	3147-AA32	202310	0	1	usc_section_end: None -> '44723'; usc_section_span_rule: None -> 'stated'	49 U.S.C. 1101 to 1155, 44701 to 44723, 43601
CHANGED	3147-AA32	202404	0	1	usc_section_end: None -> '44723'; usc_section_span_rule: None -> 'stated'	49 U.S.C. 1101 to 1155, 44701 to 44723, 43601
CHANGED	3147-AA32	202410	0	1	usc_section_end: None -> '44723'; usc_section_span_rule: None -> 'stated'	49 U.S.C. 1101 to 1155, 44701 to 44723, 43601
CHANGED	3147-AA32	202504	0	1	usc_section_end: None -> '44723'; usc_section_span_rule: None -> 'stated'	49 U.S.C. 1101 to 1155, 44701 to 44723, 43601
CHANGED	3235-AL90	201810	16	0	parse_status: 'partial' -> 'ok'; usc_section_end: None -> '80a-31'; usc_section_span_rule: None -> 'stated'	15 U.S.C. 80a-29 to 80a-31
CHANGED	3245-AE59	200010	1	0	parse_status: 'partial' -> 'ok'; usc_section_end: None -> '2000d-7'; usc_section_span_rule: None -> 'stated'	42 USC 2000d to 2000d-7
CHANGED	3245-AE59	200104	1	0	parse_status: 'partial' -> 'ok'; usc_section_end: None -> '2000d-7'; usc_section_span_rule: None -> 'stated'	42 USC 2000d to 2000d-7
CHANGED	3245-AE59	200110	1	0	parse_status: 'partial' -> 'ok'; usc_section_end: None -> '2000d-7'; usc_section_span_rule: None -> 'stated'	42 USC 2000d to 2000d-7
CHANGED	3245-AE59	200204	1	0	parse_status: 'partial' -> 'ok'; usc_section_end: None -> '2000d-7'; usc_section_span_rule: None -> 'stated'	42 USC 2000d to 2000d-7
CHANGED	3245-AE59	200210	1	0	parse_status: 'partial' -> 'ok'; usc_section_end: None -> '2000d-7'; usc_section_span_rule: None -> 'stated'	42 USC 2000d to 2000d-7
CHANGED	3245-AE59	200304	1	0	parse_status: 'partial' -> 'ok'; usc_section_end: None -> '2000d-7'; usc_section_span_rule: None -> 'stated'	42 USC 2000d to 2000d-7
CHANGED	3245-AE59	200310	1	0	parse_status: 'partial' -> 'ok'; usc_section_end: None -> '2000d-7'; usc_section_span_rule: None -> 'stated'	42 USC 2000d to 2000d-7
CHANGED	3316-AA20	200010	1	0	parse_status: 'partial' -> 'ok'; usc_section_end: None -> '2000d-7'; usc_section_span_rule: None -> 'stated'	42 USC 2000d to 2000d-7
CHANGED	3316-AA20	200104	1	0	parse_status: 'partial' -> 'ok'; usc_section_end: None -> '2000d-7'; usc_section_span_rule: None -> 'stated'	42 USC 2000d to 2000d-7
CHANGED	3316-AA20	200110	1	0	parse_status: 'partial' -> 'ok'; usc_section_end: None -> '2000d-7'; usc_section_span_rule: None -> 'stated'	42 USC 2000d to 2000d-7
CHANGED	3316-AA20	200204	1	0	parse_status: 'partial' -> 'ok'; usc_section_end: None -> '2000d-7'; usc_section_span_rule: None -> 'stated'	42 USC 2000d to 2000d-7
CHANGED	3316-AA20	200210	1	0	parse_status: 'partial' -> 'ok'; usc_section_end: None -> '2000d-7'; usc_section_span_rule: None -> 'stated'	42 USC 2000d to 2000d-7
CHANGED	3316-AA20	200304	1	0	parse_status: 'partial' -> 'ok'; usc_section_end: None -> '2000d-7'; usc_section_span_rule: None -> 'stated'	42 USC 2000d to 2000d-7
CHANGED	3316-AA20	200310	1	0	parse_status: 'partial' -> 'ok'; usc_section_end: None -> '2000d-7'; usc_section_span_rule: None -> 'stated'	42 USC 2000d to 2000d-7
