finding_id	report	source_repo	source_paths	finding	disposition	preservation_evidence	future_verification
CAT-001	01	spicy-regs-landing	src/spicy_regs/source_catalog/universe.py	Conjunctive location, agency, docket, type, date, and budget frame with distinct unusable-date and out-of-window reasons is absent from DocSpec.	copy	source-snapshots/spicy-regs-landing-main-31a4bfe.tar.gz; source-snapshots/spicy-regs-local-history-2026-08-27.bundle	Rerun focused scope and reason-code cases over the frozen universe and compare current DocSpec.
CAT-002	01	spicy-regs-landing	src/spicy_regs/source_catalog/verify.py; src/spicy_regs/source_catalog/validate.py	Consumer independently re-derives release identity, requested and selected digests, dispositions, coverage, schema membership, and sizes; DocSpec performs full semantics only at the producer gate.	copy	source-snapshots/spicy-regs-landing-main-31a4bfe.tar.gz; source-snapshots/spicy-regs-local-history-2026-08-27.bundle	Demonstrate tampered receipt and row failures plus bounded read-back on a sealed release.
CAT-003	01	spicy-regs-landing	src/spicy_regs/source_catalog/mirrulations.py	Every draw remains accounted for: missing receipt becomes unavailable, unreadable metadata becomes failed, and source-stated last_modified can supply a missing source date.	copy	source-snapshots/spicy-regs-landing-main-31a4bfe.tar.gz; source-snapshots/spicy-regs-local-history-2026-08-27.bundle	Replay a frozen draw with missing and corrupt cache cases and reconcile every row.
CAT-004	01	spicy-regs-landing	src/spicy_regs/source_catalog/published_catalog.py; tools/build_source_catalog_universe.py	Exactly one rendition family is selected in verified-bytes, source-URL, exact-Federal-Register order; lower and undeclared families are suppressed.	copy	source-snapshots/spicy-regs-landing-main-31a4bfe.tar.gz; source-snapshots/spicy-regs-local-history-2026-08-27.bundle	Run the mixed-candidate fixture and verify the selected locator and selected-set digest.
CAT-005	01	spicy-regs-landing	src/spicy_regs/source_catalog/validate.py	Source-observed topics cannot use urn:ref or urn:refspec identities and therefore cannot impersonate normalized RefSpec concepts.	copy	source-snapshots/spicy-regs-landing-main-31a4bfe.tar.gz; source-snapshots/spicy-regs-local-history-2026-08-27.bundle	Run negative tests for both reserved prefixes and positive source-native namespace cases.
CAT-006	01	spicy-regs-landing	src/spicy_regs/source_catalog/discovery.py; src/spicy_regs/source_catalog/universe.py	Closed lexical guards cover reason codes, BCP 47, HTTP(S), media types, lowercase SHA-256, JSON-safe sizes, and absolute identifiers.	copy	source-snapshots/spicy-regs-landing-main-31a4bfe.tar.gz; source-snapshots/spicy-regs-local-history-2026-08-27.bundle	Run the malformed-value table and compare each refusal against current DocSpec before adoption.
CAT-007	01	spicy-regs-landing	src/spicy_regs/source_catalog/published_catalog.py; src/spicy_regs/source_catalog/release.py	Source-item identity is namespaced separately from document identity, and two selected source items may not claim one document.	copy	source-snapshots/spicy-regs-landing-main-31a4bfe.tar.gz; source-snapshots/spicy-regs-local-history-2026-08-27.bundle	Run identity continuity and duplicate-selected-document fixtures.
CAT-008	01	spicy-regs-landing	src/spicy_regs/source_catalog/schema_pins.py; src/spicy_regs/source_catalog/validate.py; src/spicy_regs/fixtures/rulespec/source-catalog-release-v1/	The bundle carries exact validation schema bytes after pin, size, hash, schema ID, and schema-set verification; DocSpec only pins an installed schema-family digest.	copy	source-snapshots/spicy-regs-landing-main-31a4bfe.tar.gz; source-snapshots/spicy-regs-local-history-2026-08-27.bundle	Verify offline validation succeeds with the carried bytes and refuses a mismatched installed implementation.
CAT-009	01	spicy-regs-landing; DocSpec	src/spicy_regs/source_catalog/universe.py; src/docspec/application/regulations_gov_catalog.py	MD5 ordering, agency-year strata, rank divided by square-root stratum size, type cap, and explicit undrawn rows survive in DocSpec.	durable-current-reference	DocSpec@444f8ec283a7:src/docspec/application/regulations_gov_catalog.py	Pin a deterministic sampling golden test and keep the CAT-001 scope-frame gap separate.
CAT-010	01	spicy-regs-landing; DocSpec	src/spicy_regs/source_catalog/release.py; src/docspec/application/regulations_gov_catalog.py	Sample-before-required-metadata and rendition selection order survives in DocSpec.	durable-current-reference	DocSpec@444f8ec283a7:src/docspec/application/regulations_gov_catalog.py	Show that an undrawn item with bad rendition data does not fail the current build.
CAT-011	01	spicy-regs-landing; DocSpec	src/spicy_regs/source_catalog/; src/docspec/adapters/source_catalog_artifact.py	Complete-universe one-row accounting survives, and DocSpec compares policy output with the complete universe.	durable-current-reference	DocSpec@444f8ec283a7:src/docspec/adapters/source_catalog_artifact.py	Pin current tests that refuse omitted or duplicated universe rows and reconcile dispositions.
CAT-012	01+02	spicy-regs-landing; DocSpec	src/spicy_regs/source_catalog/published_catalog.py; src/docspec/application/regulations_gov_catalog.py; tests/test_regulations_gov_catalog.py	Exact document-to-docket and Federal Register joins plus complete matched source-native facts are implemented in DocSpec.	durable-current-reference	DocSpec@444f8ec283a7:src/docspec/application/regulations_gov_catalog.py; DocSpec@444f8ec283a7:tests/test_regulations_gov_catalog.py	Rerun join, no-match, mismatch, fallback, and unknown-nested-field preservation tests.
CAT-013	01	DocSpec	src/docspec/domain/source_catalog.py	Selected, excluded, deleted, unavailable, and failed dispositions plus reason and rendition consistency survive in current domain validation.	durable-current-reference	DocSpec@444f8ec283a7:src/docspec/domain/source_catalog.py	Pin tests for all dispositions and invalid selected or non-selected reason combinations.
CAT-014	01+02	spicy-regs-landing; DocSpec	tools/publish_source_catalog_release.py; src/docspec/adapters/source_catalog_artifact.py; src/docspec/adapters/spicyregs_source_native.py	Immutable source identity, state, schema-set, and canonical policy bytes are pinned by current DocSpec.	durable-current-reference	DocSpec@444f8ec283a7:src/docspec/adapters/source_catalog_artifact.py; DocSpec@444f8ec283a7:src/docspec/adapters/spicyregs_source_native.py	Rerun tampered input, policy, state, and schema digest tests.
CAT-015	01+02	spicy-regs-landing; rulespec	src/spicy_regs/source_catalog/validate.py; packages/rulespec-artifacts/src/rulespec_artifacts/_artifact.py; packages/rulespec-artifacts/tests/test_artifact.py	Canonical bytes, member hashes, missing, extra, and changed member refusal, and composition-report exclusion survive in Rulespec.	durable-current-reference	rulespec@93ae44d906be:packages/rulespec-artifacts/src/rulespec_artifacts/_artifact.py; rulespec@93ae44d906be:packages/rulespec-artifacts/tests/test_artifact.py	Rerun closed-membership tests and verify composition reports remain outside the declared root.
CAT-016	01	spicy-regs-landing; DocSpec	src/spicy_regs/source_catalog/; src/docspec/adapters/source_catalog_artifact.py	Atomic no-overwrite publication survives through staging, admission, and exclusive visibility in DocSpec.	durable-current-reference	DocSpec@444f8ec283a7:src/docspec/adapters/source_catalog_artifact.py	Rerun concurrent-winner, no-replace, and partial-publication tests against the durable store.
CAT-017	02	spicy-regs-landing	src/spicy_regs/universes/regulations-gov-published-catalog-2021-2025-metadata-complete.json	The exact predecessor oracle binds policy version, four source pins, dual Federal Register roles, composite identity, scope, sample, normalization, rendition order, and requested and selected digests.	copy	source-snapshots/spicy-regs-landing-main-31a4bfe.tar.gz; source-snapshots/spicy-regs-local-history-2026-08-27.bundle	Resolve every named input and compare policy and set digests with the preserved release.
CAT-018	02	spicy-regs-landing	src/spicy_regs/schemas/federal_register.py; src/spicy_regs/transforms/build_federal_register.py	Historical pre-backfill compatibility preserves absent topics_json as absence instead of inventing a null.	copy	source-snapshots/spicy-regs-landing-main-31a4bfe.tar.gz; source-snapshots/spicy-regs-local-history-2026-08-27.bundle	Run pre- and post-backfill projection fixtures proving omitted versus null semantics.
CAT-019	02	spicy-regs-landing	src/spicy_regs/source_catalog/published_catalog.py; src/spicy_regs/source_catalog/universe.py	The exact old flat null-eliding and opt-in complete three-scope profile differential includes full classified shape, null retention, text-content exclusion, and policy-digest change.	copy	source-snapshots/spicy-regs-landing-main-31a4bfe.tar.gz; source-snapshots/spicy-regs-local-history-2026-08-27.bundle	Run both profiles against identical pinned inputs and seal expected bytes and policy digests.
CAT-020	02	spicy-regs-landing	PLAN.md:1050; PLAN.md:1068-1087; output/source-catalog-release-regulations-gov-2021-2025-metadata-complete/release.json; output/source-catalog-release-regulations-gov-2021-2025-metadata-complete-inputs/inputs.json; output/source-catalog-release-regulations-gov-2021-2025-metadata-complete-composition.json; output/mirrulations-mirror-index/mirror-index.json	Producer-only join coverage, release, policy, requested and selected identities, 1,993,040-row balance, resource use, and dispositions are absent from downstream history.	copy	source-snapshots/spicy-regs-landing-main-31a4bfe.tar.gz; source-snapshots/spicy-regs-local-history-2026-08-27.bundle; ../../../_preserved-2026-08-27/landing-output:source-catalog-release-regulations-gov-2021-2025-metadata-complete/; ../../../_preserved-2026-08-27/landing-output:source-catalog-release-regulations-gov-2021-2025-metadata-complete-inputs/; ../../../_preserved-2026-08-27/landing-output:source-catalog-release-regulations-gov-2021-2025-metadata-complete-composition.json; ../../../_preserved-2026-08-27/landing-output:mirrulations-mirror-index/	Bind each recorded count to preserved receipt and member hashes before treating the rolling-plan prose as evidence.
CAT-021	02	spicy-regs-landing	RefSpec symlink; PLAN.md:25	The dangling local RefSpec symlink contains no reusable capability; only its historical existence matters.	superseded	spicy-regs-landing@31a4bfe488c1:PLAN.md; live /Users/mikewolfd/Work/spicy-regs-landing/RefSpec symlink verified with missing target	No future technical verification is needed; do not recreate the link.
CAT-022	02	DocSpec	src/docspec/adapters/catalog_policy_workspace.py	Duplicate-key refusal now uses bounded disk-backed SQLite and is stronger and more scalable than predecessor in-memory maps.	durable-current-reference	DocSpec@444f8ec283a7:src/docspec/adapters/catalog_policy_workspace.py	Pin duplicate-key and large-workspace tests and record temporary-space limits.
CAT-023	02	spicysearch	docs/decisions/0007-metadata-first-search.md; src/spicysearch/source_catalog_metadata.py; docs/history/2026-08-15-full-catalog-metadata-build.md	Docket-versus-document meaning and the exact Federal Register join-evidence requirement survive at the consumer.	durable-current-reference	spicysearch@027a79cebf59:docs/decisions/0007-metadata-first-search.md; spicysearch@027a79cebf59:src/spicysearch/source_catalog_metadata.py; spicysearch@027a79cebf59:docs/history/2026-08-15-full-catalog-metadata-build.md	Rerun current reader tests; keep dated full-build evidence distinct from current runtime proof.
CAT-024	02	RefSpec; DocSpec	RefSpec docs/decisions.md REF-048; DocSpec source-catalog implementation	Catalog construction is intentionally DocSpec-owned; its absence from RefSpec is correct rather than a lost feature.	durable-current-reference	RefSpec@3464bda29d08:docs/decisions.md; DocSpec@444f8ec283a7:src/docspec/domain/source_catalog.py	Rerun package-boundary and ownership checks after package changes.
CAT-025	02	spicy-regs-landing	tests/test_source_catalog_release_tools.py; tests/test_source_catalog_published_universe.py	The reported 57 passing tests were not verified because collection was blocked by the dangling RefSpec link.	reproducible	spicy-regs-landing@31a4bfe488c1:tests/test_source_catalog_release_tools.py; spicy-regs-landing@31a4bfe488c1:tests/test_source_catalog_published_universe.py	Run the exact focused suite in a writable environment with installed RefSpec and record command, versions, collection count, and result.
DOC-001	03	spicy-regs	src/spicy_regs/docpipeline/relation_task.py	Leak-proof relation benchmark recursively excludes answer fields and binds two digest and time-bound blind reviews, disagreement resolution, separate scoring dimensions, and adversarial controls.	copy	source-snapshots/spicy-regs-integrate-payload-prereqs-a6ab98a.tar.gz; source-snapshots/spicy-regs-local-history-2026-08-27.bundle	Demonstrate payload blindness and refusal of one, late, incomplete, or mismatched review using preserved fixtures.
DOC-002	03	spicy-regs	src/spicy_regs/docpipeline/segments.py	Tokenizer-version-bound minimum, maximum, and overlap packing prefers structural boundaries and greedily keeps intact regions.	copy	source-snapshots/spicy-regs-integrate-payload-prereqs-a6ab98a.tar.gz; source-snapshots/spicy-regs-local-history-2026-08-27.bundle	Seal the tokenizer revision and rerun golden boundary, UTF-8, edge-budget, and overlap tests.
DOC-003	03	spicy-regs	src/spicy_regs/docpipeline/tag_task.py	Model labeling isolates gold and split fields, offers bounded concepts, uniquely resolves aliases, verifies or repairs exact offsets, maps source coordinates, and retains refusals.	copy	source-snapshots/spicy-regs-integrate-payload-prereqs-a6ab98a.tar.gz; source-snapshots/spicy-regs-local-history-2026-08-27.bundle	Prove payload blindness, ambiguous-alias refusal, unique offset repair, and source-coordinate round trip.
DOC-004	03	spicy-regs	src/spicy_regs/docpipeline/rkaf_projection.py	RKAF assembly joins native Federal Register, proceeding, docket, RIN, CFR, and authority facts without reparsing prose and binds exact evidence plus deterministic and AI lineage.	copy	source-snapshots/spicy-regs-integrate-payload-prereqs-a6ab98a.tar.gz; source-snapshots/spicy-regs-local-history-2026-08-27.bundle	Verify each emitted assertion resolves to exact source evidence and current Rulespec schemas.
DOC-005	03	spicy-regs	src/spicy_regs/docpipeline/document_release_segments.py	The sealed-release-to-model-input bridge proves boundaries, digests, fragments, and coverage while separating joined model text from citable source slices and retaining passage lineage.	copy	source-snapshots/spicy-regs-integrate-payload-prereqs-a6ab98a.tar.gz; source-snapshots/spicy-regs-local-history-2026-08-27.bundle	Verify every model slice against the original release and require citations for each source slice in joined text.
DOC-006	03	spicy-regs	src/spicy_regs/docpipeline/runtime.py	Provider-free forensic rebuild preserves historical request, response, and work bytes, recomputes derived outputs, rescans secrets, and proves provider_invoked false.	copy	source-snapshots/spicy-regs-integrate-payload-prereqs-a6ab98a.tar.gz; source-snapshots/spicy-regs-local-history-2026-08-27.bundle	Deny provider access, compare hashes before and after, and verify failed or unknown checks cannot become passes.
DOC-007	03	spicy-regs; DocSpec	src/spicy_regs/docpipeline/executor.py; src/docspec/domain/jobs.py; src/docspec/application/execution.py; src/docspec/domain/execution.py; src/docspec/adapters/execution.py; src/docspec/adapters/storage.py	Executor failure taxonomy, retry and idempotence, bounded execution, and immutable revision storage are replaced by current DocSpec.	superseded	DocSpec@444f8ec283a7:src/docspec/domain/jobs.py; DocSpec@444f8ec283a7:src/docspec/application/execution.py; DocSpec@444f8ec283a7:src/docspec/domain/execution.py; DocSpec@444f8ec283a7:src/docspec/adapters/execution.py; DocSpec@444f8ec283a7:src/docspec/adapters/storage.py	Rerun retry, terminal-failure, idempotency, and resource-bound tests; investigate only refusal-code differences.
DOC-008	03	spicy-regs; DocSpec	src/spicy_regs/docpipeline/runtime.py; src/docspec/domain/jobs.py; src/docspec/application/execution.py; src/docspec/domain/security.py; src/docspec/domain/receipts.py	Checkpoint and resume, recursive secret redaction, and content-addressed run evidence survive; forensic rebuild remains separately copied.	superseded	DocSpec@444f8ec283a7:src/docspec/domain/jobs.py; DocSpec@444f8ec283a7:src/docspec/application/execution.py; DocSpec@444f8ec283a7:src/docspec/domain/security.py; DocSpec@444f8ec283a7:src/docspec/domain/receipts.py	Rerun checkpoint-tamper, recursive-redaction, and receipt-identity tests without claiming rebuild parity.
DOC-009	03	spicy-regs; DocSpec	src/spicy_regs/docpipeline/segments.py; src/docspec/processing/segmentation.py; src/docspec/domain/content.py; src/docspec/processing/artifacts.py	Source-grounded segment identity, reversible coordinates, and artifact validation survive; token packing remains separately copied.	superseded	DocSpec@444f8ec283a7:src/docspec/processing/segmentation.py; DocSpec@444f8ec283a7:src/docspec/domain/content.py; DocSpec@444f8ec283a7:src/docspec/processing/artifacts.py	Rerun segment identity, evidence round-trip, and coverage tests without claiming tokenizer-boundary parity.
DOC-010	03	spicy-regs; DocSpec	src/spicy_regs/docpipeline/document_release_segments.py; src/docspec/domain/release.py; src/docspec/domain/content.py	Immutable release ownership and representation-to-source mappings survive; the model-input handoff remains separately copied.	superseded	DocSpec@444f8ec283a7:src/docspec/domain/release.py; DocSpec@444f8ec283a7:src/docspec/domain/content.py	Rerun release and evidence-mapping tests without claiming passage continuity through model packing.
DOC-011	03	spicy-regs; rulespec	src/spicy_regs/docpipeline/rkaf_projection.py; constraints/core/; crates/rkaf-validate/src/lib.rs; crates/rkaf-projector-json-ld/src/lib.rs	RKAF carrier shapes, validation, and JSON-LD attach and extract survive; native-facts assembly remains separately copied.	superseded	rulespec@93ae44d906be:constraints/core/; rulespec@93ae44d906be:crates/rkaf-validate/src/lib.rs; rulespec@93ae44d906be:crates/rkaf-projector-json-ld/src/lib.rs	Rerun conformance and round-trip fixtures without claiming derivation behavior.
DOC-012	03	spicy-regs; spicysearch	src/spicy_regs/docpipeline/tag_task.py; src/spicysearch/topic_tags.py	Snapshot tag identity, storage, and receipts survive; the model-labeling path remains separately copied.	superseded	spicysearch@027a79cebf59:src/spicysearch/topic_tags.py	Rerun tag storage, replay, and receipt tests without claiming provider-payload or grounding parity.
DOC-013	03	spicy-regs; rulespec	src/spicy_regs/docpipeline/relation_task.py; constraints/core/relationship-assertion.cue	Relationship record meaning survives declaratively; extraction, evaluation, and adjudication remain separately copied.	superseded	rulespec@93ae44d906be:constraints/core/relationship-assertion.cue	Rerun schema and conformance fixtures and state explicitly that they do not prove blindness or scoring.
V3-001	04	spicy-regs; DocSpec	src/spicy_regs/document_release_v3.py; src/spicy_regs/document_release_v3_writer.py; src/spicy_regs/document_release_v3_verify.py; src/spicy_regs/document_release_v3_compact.py; src/spicy_regs/document_release_v3_diff.py; src/spicy_regs/document_release_v3_cli.py; DocSpec docs/superpowers/specs/2026-08-05-docspec-standalone-platform-implementation-spec.md	DocSpec requires a Git-pinned v3 reader, verifier, and differential command but has no reader, receipt, pin, fixture, or test and cannot read v3.	copy	source-snapshots/spicy-regs-integrate-payload-prereqs-a6ab98a.tar.gz; source-snapshots/spicy-regs-local-history-2026-08-27.bundle	Rescan current DocSpec for absence, then run any future pinned differential reader over the preserved bundles.
V3-002	04	spicy-regs	src/spicy_regs/document_release_v3_verify.py	Exact segment-to-rendition reversibility covers contiguous ordinals, complete normalized coverage, UTF-8-safe coordinates, text digests, and exact pack-byte slice equality.	copy	source-snapshots/spicy-regs-integrate-payload-prereqs-a6ab98a.tar.gz; source-snapshots/spicy-regs-local-history-2026-08-27.bundle	Run mutations for gaps, overlap, UTF-8 boundaries, digest differences, and slice mismatches and compare current DocSpec.
V3-003	04	spicy-regs	src/spicy_regs/document_release_v3_verify.py	Closed selected-or-prior-active reconciliation requires exactly one state and binds eligibility schema, digest, verdict, changes, inventory, and coverage balances.	copy	source-snapshots/spicy-regs-integrate-payload-prereqs-a6ab98a.tar.gz; source-snapshots/spicy-regs-local-history-2026-08-27.bundle	Run missing, duplicate, inconsistent, and false-count fixtures and settle ownership before adoption.
V3-004	04	spicy-regs	src/spicy_regs/document_release_v3_writer.py	The final artifact retains partition-scoped manifests and physical member reuse; DocSpec reuses storage partitions but rewrites final logical-layer members.	copy	source-snapshots/spicy-regs-integrate-payload-prereqs-a6ab98a.tar.gz; source-snapshots/spicy-regs-local-history-2026-08-27.bundle	Measure unchanged member digest and path reuse across two incremental builds and compare DocSpec final artifacts.
V3-005	04	spicy-regs	src/spicy_regs/document_release_v3_diff.py	A bounded full outer active-set diff emits old and new version IDs and distinguishes add, delete, update, and eligibility.	copy	source-snapshots/spicy-regs-integrate-payload-prereqs-a6ab98a.tar.gz; source-snapshots/spicy-regs-local-history-2026-08-27.bundle	Run paired fixtures covering all four change kinds and confirm the memory bound.
V3-006	04	spicy-regs	src/spicy_regs/document_release_v3.py; src/spicy_regs/document_release_v3_verify.py	Stable first-failure codes cover format, membership, digest, path, schema, identity, foreign key, coordinate, evidence, and reconciliation failures.	copy	source-snapshots/spicy-regs-integrate-payload-prereqs-a6ab98a.tar.gz; source-snapshots/spicy-regs-local-history-2026-08-27.bundle	Run one negative fixture per code and verify deterministic first failure when defects are combined.
V3-007	04	spicy-regs	src/spicy_regs/document_release_v3_compact.py	Historical policy recommends compaction above 10 percent inactive rows or eight delta generations; DocSpec only proves equivalence after compaction.	copy	source-snapshots/spicy-regs-integrate-payload-prereqs-a6ab98a.tar.gz; source-snapshots/spicy-regs-local-history-2026-08-27.bundle	Locate measurement support for the thresholds or label them historical policy rather than current authority.
V3-008	04	spicy-regs	src/spicy_regs/document_release_v3_writer.py	Digest-deduplicated identical rendition bytes may not claim conflicting media types; current DocSpec lacks cross-write media-type consistency.	copy	source-snapshots/spicy-regs-integrate-payload-prereqs-a6ab98a.tar.gz; source-snapshots/spicy-regs-local-history-2026-08-27.bundle	Run the equivalent two-write case against current DocSpec before adopting the refusal.
V3-009	04	spicy-regs; DocSpec	src/spicy_regs/document_release_v3.py; src/docspec/domain/release.py; src/docspec/domain/identity.py	The old v3 format identity, canonical integer-only JSON, and content IDs are replaced by closed docspec-document-release 1.1 identity.	superseded	DocSpec@444f8ec283a7:src/docspec/domain/release.py; DocSpec@444f8ec283a7:src/docspec/domain/identity.py	Rerun canonicalization and identity golden tests; retain old bytes only through the V3 migration snapshot.
V3-010	04	spicy-regs; DocSpec; rulespec	src/spicy_regs/document_release_v3_verify.py; src/spicy_regs/document_release_v3_writer.py; src/docspec/adapters/platform_artifact.py; src/docspec/adapters/storage.py	Complete membership, path and symlink safety, member digests, schemas, and atomic visibility survive through Rulespec admission and DocSpec publication.	superseded	DocSpec@444f8ec283a7:src/docspec/adapters/platform_artifact.py; DocSpec@444f8ec283a7:src/docspec/adapters/storage.py; rulespec@93ae44d906be:packages/rulespec-artifacts/src/rulespec_artifacts/_artifact.py	Rerun missing, extra, changed, symlink, root-swap, and no-replace tests while keeping v3 reconciliation separate.
V3-011	04	spicy-regs; DocSpec	src/spicy_regs/document_release_v3_writer.py; src/docspec/ports/blob_store.py; src/docspec/adapters/storage.py	Indexed rendition packs are replaced by content-addressed, chunk-written, range-readable blobs.	superseded	DocSpec@444f8ec283a7:src/docspec/ports/blob_store.py; DocSpec@444f8ec283a7:src/docspec/adapters/storage.py	Rerun blob deduplication, range, digest, and conditional-write tests while retaining the V3 media-type gap separately.
V3-012	04	spicy-regs; DocSpec	src/spicy_regs/document_release_v3_writer.py; src/docspec/adapters/storage.py	Row and estimated-byte bounded Parquet writes are replaced by stricter blob, record, member, open-handle, and merge-scratch bounds.	superseded	DocSpec@444f8ec283a7:src/docspec/adapters/storage.py	Rerun boundary and oversize refusal tests with measured memory and note that v3 could load one rendition whole.
V3-013	04	spicy-regs; DocSpec	src/spicy_regs/document_release_v3_verify.py; src/docspec/domain/delivery.py	Cross-layer uniqueness, file-to-representation-to-segment lineage, partition placement, and blob verification survive in disk-backed SQLite.	superseded	DocSpec@444f8ec283a7:src/docspec/domain/delivery.py	Rerun duplicate, foreign-key, partition, lineage, and blob mutation tests while keeping full-coverage slice equality separate.
V3-014	04	spicy-regs; DocSpec	src/spicy_regs/document_release_v3_compact.py; src/docspec/application/maintenance.py	DocSpec improves compaction equivalence by hashing every ordered logical record before and after and refusing any change.	superseded	DocSpec@444f8ec283a7:src/docspec/application/maintenance.py	Rerun exhaustive logical-equivalence and mutation tests while keeping the historical trigger policy separate.
R05-06-CL-CSV	05#1+06#4	spicy-regs	src/spicy_regs/sources/courtlistener_bulk.py; docs/evidence/court-data-coverage-2026-08-22.md	CourtListener CSV requires backslash escaping; the default parser silently desynchronized 1,987 of 3,000 sampled cluster rows.	copy	source-snapshots/spicy-regs-integrate-payload-prereqs-a6ab98a.tar.gz; source-snapshots/spicy-regs-local-history-2026-08-27.bundle	Run the exact 3,000-row differential and pin the parser option before adoption.
R05-CL-RESUME	05#1	spicy-regs	src/spicy_regs/sources/courtlistener_bulk.py	Concatenated bzip2 dumps resume only at an exact compressed offset, and a resumed HTTP request must return 206 because accepting 200 can splice plausible garbage into the decompressor.	copy	source-snapshots/spicy-regs-integrate-payload-prereqs-a6ab98a.tar.gz; source-snapshots/spicy-regs-local-history-2026-08-27.bundle	Compare clean and interrupted downloads across concatenated streams and prove 200-on-resume refusal.
R05-OLRC	05#2	spicy-regs	src/spicy_regs/sources/uscode_olrc.py	OLRC Popular Names recovery extracts Statutes at Large volume from statviewer queries, preserves cite, see, renamed, and short-title-ref roles, and refuses ambiguous year completion.	copy	source-snapshots/spicy-regs-integrate-payload-prereqs-a6ab98a.tar.gz; source-snapshots/spicy-regs-local-history-2026-08-27.bundle	Run role, statviewer-volume, unique-year, and ambiguous-name fixtures before adoption.
R05-USLM	05#3	spicy-regs	src/spicy_regs/sources/uscode_uslm.py	USLM credit parsing accepts enactment evidence only with explicit Added or as-added language, bounds Statutes at Large lookup at the next citation, and retains verbatim identifiers while normalizing en dashes.	copy	source-snapshots/spicy-regs-integrate-payload-prereqs-a6ab98a.tar.gz; source-snapshots/spicy-regs-local-history-2026-08-27.bundle	Run enactment-versus-amendment, adjacent-citation, and identifier round-trip fixtures before adoption.
R05-06-SCOTUS	05#4+06#6	spicy-regs	src/spicy_regs/sources/supreme_court_opinions.py; docs/evidence/court-data-coverage-2026-08-22.md	Supreme Court acquisition handles shared bound-volume PDFs and next-opinion page ranges, rejects wrong-term pages, and records upstream 404, throttling, and incomplete-capture observations.	copy	source-snapshots/spicy-regs-integrate-payload-prereqs-a6ab98a.tar.gz; source-snapshots/spicy-regs-local-history-2026-08-27.bundle	Replay preserved term fixtures, prove term-date refusal and page ranges, and refresh upstream availability separately.
R05-BILL-ACQ	05#5	spicy-regs	src/spicy_regs/sources/bill_subjects.py	Bill-subject acquisition rejects partial pagination, distinguishes definitive 404, held-but-unassigned, and transport failure, prefers the first non-empty policyArea, and does not invent a legislative-subject hierarchy.	copy	source-snapshots/spicy-regs-integrate-payload-prereqs-a6ab98a.tar.gz; source-snapshots/spicy-regs-local-history-2026-08-27.bundle	Run later-page failure, outcome-state, repeated-policyArea, and sibling-subject fixtures.
R06-BILL-STATE	06#12	spicy-regs	docs/tables/bill_subjects.md	Bill enrichment is resumable one bill at a time; a stored null means asked with no assigned subject, absence means acquisition failure, and prior rows merge without reinterpretation.	copy	source-snapshots/spicy-regs-integrate-payload-prereqs-a6ab98a.tar.gz; source-snapshots/spicy-regs-local-history-2026-08-27.bundle	Pin null-versus-absent and interrupted-resume merge tests before adopting the state model.
R05-AGENCY-XWALK	05#6	spicy-regs	tools/build_agency_crosswalk_artifact.py	Agency crosswalks reject docket-prefix inference, require source agency evidence, quarantine normalized-docket collisions, require minimum support, and prefer deeper sub-agencies within a 0.05 share tie.	copy	source-snapshots/spicy-regs-integrate-payload-prereqs-a6ab98a.tar.gz; source-snapshots/spicy-regs-local-history-2026-08-27.bundle	Run prefix-negative, collision, support-threshold, and sub-agency tie fixtures against any replacement.
R05-COMMENT-WINDOW	05#7	spicy-regs	src/spicy_regs/transforms/build_comment_periods.py	Comment periods merge adjacent intervals when the next opens no later than one day after close, and preserve docket identity when proceeding identity remains unresolved.	copy	source-snapshots/spicy-regs-integrate-payload-prereqs-a6ab98a.tar.gz; source-snapshots/spicy-regs-local-history-2026-08-27.bundle	Run adjacency-boundary and unresolved-proceeding fixtures before adoption.
R05-DATE-EVENT	05#7	spicy-regs	tools/build_date_event_artifact.py	Date events deduplicate by document, field, and date while unioning docket anchors; their 1994-2028 and five-year bounds are generalized policy rather than corpus-proven limits.	copy	source-snapshots/spicy-regs-integrate-payload-prereqs-a6ab98a.tar.gz; source-snapshots/spicy-regs-local-history-2026-08-27.bundle	Test deduplication and anchor union independently, then review and approve bounds against a current corpus.
R06-RAW-EVAL	06#1	spicy-regs	docs/evidence/relation-exclusion-codex-cli-proof-certificate-r1-2026-07-25/; docs/evidence/candidate-selector-ablation-2026-07-28/keyword-calls/; docs/evidence/gold-adjudication-2026-07-27/	Raw provider requests and replies, per-case failures, blind votes, and disagreement resolution are not recoverable from surviving aggregate metrics.	copy	source-snapshots/spicy-regs-integrate-payload-prereqs-a6ab98a.tar.gz; source-snapshots/spicy-regs-local-history-2026-08-27.bundle	Verify every preserved evidence member by digest and bind future aggregate claims to the raw run identity.
R06-COURT-JOIN	06#2	spicy-regs	docs/evidence/court-data-coverage-2026-08-22.md	CourtListener ID joins missed D.D.C. cases; exact court_id plus docket_number reconciliation recovered at least 249 apparent misses from duplicate docket records.	copy	source-snapshots/spicy-regs-integrate-payload-prereqs-a6ab98a.tar.gz; source-snapshots/spicy-regs-local-history-2026-08-27.bundle	Reproduce direct and reconciled counts from a pinned CourtListener release before implementing the fallback.
R06-DOCKET-MAP	06#3	spicy-regs	docs/evidence/court-data-coverage-2026-08-22.md	The full CourtListener docket map measured 71,677,647 rows, 4.67 GiB, and 111 minutes, placed all 10,070,727 clusters, and used a dense unsigned-short court index instead of a Python dictionary.	copy	source-snapshots/spicy-regs-integrate-payload-prereqs-a6ab98a.tar.gz; source-snapshots/spicy-regs-local-history-2026-08-27.bundle	Rerun with pinned inputs and record row counts, memory, disk, elapsed time, and index-width assumptions.
R06-CL-CAPACITY	06#5	spicy-regs	docs/evidence/court-data-coverage-2026-08-22.md	CourtListener exposed 1,076 objects totaling 1,598.65 GiB; observed client throttling was about 1.77 MiB/s, parallel connections did not improve aggregate rate, one 50.814-GiB dump cost about 8.6 hours, and REST content required authentication.	copy	source-snapshots/spicy-regs-integrate-payload-prereqs-a6ab98a.tar.gz; source-snapshots/spicy-regs-local-history-2026-08-27.bundle	Treat preserved numbers as dated evidence and rerun a bounded capacity probe before operational planning.
R06-RECAP	06#7	spicy-regs	docs/evidence/court-data-coverage-2026-08-22.md	RECAP had no bulk document dataset; keyless search projected 6-9 hours for about 367,000 rows and fewer than 2 percent of sampled rows had a PDF, supporting a do-not-implement verdict without a token or metadata-only need.	copy	source-snapshots/spicy-regs-integrate-payload-prereqs-a6ab98a.tar.gz; source-snapshots/spicy-regs-local-history-2026-08-27.bundle	Refresh the upstream product surface before revisiting feasibility; preservation alone does not authorize implementation.
R06-08-FR-COMPLETE	06#8+08#2	spicy-regs	docs/superpowers/specs/2026-08-25-source-native-release-spec.md; src/spicy_regs/federal_register_source_native.py; src/spicy_regs/source_native.py	Federal Register completeness uses bounded windows, recursive cap splitting, ambiguous-single-day refusal, declared page inventories, preserved excluded capped replies, exact split-tree replay, and two identical terminal traversals.	copy	source-snapshots/spicy-regs-integrate-payload-prereqs-a6ab98a.tar.gz; source-snapshots/spicy-regs-local-history-2026-08-27.bundle	Run capped-window, ambiguous-day, inventory-gap, split-replay, and two-pass convergence tests before adoption.
R06-08-MIRR-COMPLETE	06#9+08#2	spicy-regs	docs/superpowers/specs/2026-08-25-source-native-release-spec.md; src/spicy_regs/regulations_gov_source_native.py; src/spicy_regs/source_native_profiles.py	Mirrulations completeness designates the exact complete-snapshot profile, enforces MAX_QUERY_DAYS = 366, seals the exact listing, builds deterministic bounded ZIP evidence packs, refuses ETag, gap, duplicate, and unclassified-object drift, selects newest comment modification time, and refuses exact timestamp ties.	copy	source-snapshots/spicy-regs-integrate-payload-prereqs-a6ab98a.tar.gz; source-snapshots/spicy-regs-local-history-2026-08-27.bundle	Run complete-snapshot designation, 366-day bound, listing, pack-bound, gap, ETag, duplicate, unclassified, newest-comment, and exact-tie fixtures before adoption.
R06-BLOOM	06#10	spicy-regs	docs/scale-architecture-report-2026-08-04.md	The Bloom manifest consumed about 240 MiB while reporting 120 MiB because the local array element was eight bytes, and a false positive could suppress a changed key until full refresh.	copy	source-snapshots/spicy-regs-integrate-payload-prereqs-a6ab98a.tar.gz; source-snapshots/spicy-regs-local-history-2026-08-27.bundle	Reproduce memory width and changed-key false-positive behavior before choosing any current manifest design.
R06-HOURLY-GAPS	06#11	spicy-regs	docs/scale-architecture-report-2026-08-04.md	Fifteen dropped hourly jobs left 12 agencies un-ingested and HHS about five days stale.	copy	source-snapshots/spicy-regs-integrate-payload-prereqs-a6ab98a.tar.gz; source-snapshots/spicy-regs-local-history-2026-08-27.bundle	Bind the dated incident to logs if available and add explicit gap and source-staleness checks to any replacement.
R06-ICEBERG-DUP	06#11	spicy-regs	docs/scale-architecture-report-2026-08-04.md	Iceberg deletion left physical duplicate records even after logical deletion.	copy	source-snapshots/spicy-regs-integrate-payload-prereqs-a6ab98a.tar.gz; source-snapshots/spicy-regs-local-history-2026-08-27.bundle	Reproduce the delete path with pinned engine versions and require physical-duplicate inspection in future validation.
R06-FINALIZE-REREAD	06#11	spicy-regs	docs/scale-architecture-report-2026-08-04.md	Finalization reread the complete artifact tree twice, creating avoidable full-corpus input and output cost.	copy	source-snapshots/spicy-regs-integrate-payload-prereqs-a6ab98a.tar.gz; source-snapshots/spicy-regs-local-history-2026-08-27.bundle	Profile current finalization against a pinned corpus and prove bounded passes before adopting a replacement.
R06-FR-NO-AGENCY	06#13	spicy-regs	docs/superpowers/specs/2026-08-25-source-native-release-spec.md	The full Federal Register baseline retained 5,871 records with no agency as valid source facts rather than discarding them as invalid.	copy	source-snapshots/spicy-regs-integrate-payload-prereqs-a6ab98a.tar.gz; source-snapshots/spicy-regs-local-history-2026-08-27.bundle	Reproduce the baseline from pinned inputs and add a no-agency retention fixture before adoption.
R08-REPLAY	08#1	spicy-regs	src/spicy_regs/source_native.py; src/spicy_regs/source_native_store.py	Source-native publication verifies continuity, scope, evidence identity, terminal state, roles, counts, schemas, and bytes, then replays evidence and compares all release digests; external-partition integration is now committed at dc57b34 rather than uncommitted as reported.	copy	source-snapshots/spicy-regs-integrate-payload-prereqs-a6ab98a.tar.gz; source-snapshots/spicy-regs-local-history-2026-08-27.bundle	Run evidence mutation, missing-member, role, count, schema, byte, and replay-digest failures before any adoption.
R08-PUBLIC-TABLE	08#3	spicy-regs	src/spicy_regs/public_table_profiles.py; src/spicy_regs/public_table.py	The public-table path pins one admitted source release, writes deterministic bounded flat Parquet, verifies identity, schema, keys, partitions, ordering, and totals, exposes members to DuckDB, and adopts the first PyIceberg snapshot; it is committed at c00df53.	copy	source-snapshots/spicy-regs-integrate-payload-prereqs-a6ab98a.tar.gz; source-snapshots/spicy-regs-local-history-2026-08-27.bundle	Run deterministic-output, mutation, duplicate-key, partition, order, total, DuckDB, and Iceberg tests before adoption.
R08-BLOB	08#4	spicy-regs	src/spicy_regs/source_native.py; src/spicy_regs/source_native_store.py	Source-native publication uses 64 deterministic buckets, streams through injected blob storage, verifies placement, order, uniqueness, and counts, handles conditional-create races and durable writes, and reconciles physical bytes without requiring reused plus written to equal read; the work is now committed at dc57b34.	copy	source-snapshots/spicy-regs-integrate-payload-prereqs-a6ab98a.tar.gz; source-snapshots/spicy-regs-local-history-2026-08-27.bundle	Run bucket, order, duplicate, race, reuse, durable-write, and byte-accounting fixtures before adoption.
R08-SCHEMAS	08#5	spicy-regs	src/spicy_regs/source_native.py; src/spicy_regs/schemas/source_native_release/1.0/	Nine generated release schemas are unique bytes but add no rule beyond their Python generator; installation refuses membership or byte drift, and the three reported local changes are now committed at dc57b34.	reproducible	spicy-regs@a6ab98aa3582:src/spicy_regs/source_native.py; spicy-regs@a6ab98aa3582:src/spicy_regs/schemas/source_native_release/1.0/	Regenerate twice in a clean installed wheel, compare exact membership and bytes, and keep this reproducibility check separate from preservation closure.
R07-01	07#1	spicy-regs	src/spicy_regs/ontology/receipt.py	Six product tables and their cross-table invariants form one corpus-wide non-ontology acceptance gate.	copy	source-snapshots/spicy-regs-integrate-payload-prereqs-a6ab98a.tar.gz; source-snapshots/spicy-regs-local-history-2026-08-27.bundle	Run each table-level and cross-table invariant over a pinned fixture before adopting the gate.
R07-02	07#2	spicy-regs	src/spicy_regs/ontology/adapters.py; src/spicy_regs/ontology/subjects.py; src/spicy_regs/ontology/segmentation.py	The complete tagging path turns raw source into structure-preserving elements, 19-profile artifacts, and token-bounded hierarchical segments with exact provenance.	copy	source-snapshots/spicy-regs-integrate-payload-prereqs-a6ab98a.tar.gz; source-snapshots/spicy-regs-local-history-2026-08-27.bundle	Trace one fixture end to end and verify profile coverage, token bounds, hierarchy, and source-coordinate round trips.
R07-03	07#3	spicy-regs	src/spicy_regs/ontology/ledger.py; src/spicy_regs/ontology/receipt.py	Zero tags, rejected output, skipped non-content, and retry exhaustion remain auditable terminal data, and every selected segment reaches exactly one final outcome.	copy	source-snapshots/spicy-regs-integrate-payload-prereqs-a6ab98a.tar.gz; source-snapshots/spicy-regs-local-history-2026-08-27.bundle	Run every negative terminal state plus missing, duplicate, and nonterminal-result refusal fixtures.
R07-04	07#4	spicy-regs	src/spicy_regs/ontology/llm.py	Model execution combines a closed output schema, exact prompt budget, non-retention, application-owned retry history, and unique-exact evidence repair.	copy	source-snapshots/spicy-regs-integrate-payload-prereqs-a6ab98a.tar.gz; source-snapshots/spicy-regs-local-history-2026-08-27.bundle	Run malformed-schema, budget, retention, retry, ambiguous-evidence, and unique-repair fixtures before adoption.
R07-05	07#5	spicy-regs	src/spicy_regs/ontology/ann_index.py	Concept retrieval reuses the expensive dense matrix, memory-maps the ANN graph, seals registry and model identity, and measures recall against the exact mapper.	copy	source-snapshots/spicy-regs-integrate-payload-prereqs-a6ab98a.tar.gz; source-snapshots/spicy-regs-local-history-2026-08-27.bundle	Rebuild from pinned vectors, verify identity and mmap behavior, and rerun recall against the exact mapper on a sealed set.
R07-06	07#6	spicy-regs	src/spicy_regs/ontology/candidate_channels.py	Boilerplate-aware concept text, dense retrieval, BM25 labels, and vocabulary-blind keyword generation provide independent candidate channels that reduce correlated failures.	copy	source-snapshots/spicy-regs-integrate-payload-prereqs-a6ab98a.tar.gz; source-snapshots/spicy-regs-local-history-2026-08-27.bundle	Run channel ablations and overlap analysis on a blind holdout before selecting any current combination.
R07-07	07#7	spicy-regs	src/spicy_regs/ontology/relation_findings.py	Relation comparison fails closed: unresolved evidence stays unknown, unpaired or disjoint artifacts stay not_comparable, and only accepted source-backed scope-compatible denials become discrepancies.	copy	source-snapshots/spicy-regs-integrate-payload-prereqs-a6ab98a.tar.gz; source-snapshots/spicy-regs-local-history-2026-08-27.bundle	Run unresolved, unpaired, disjoint, unaccepted, unsupported, scope-mismatch, and accepted-denial fixtures.
R07-08	07#8	spicy-regs	src/spicy_regs/ontology/attestations.py	Approval stays separate from generated tables; absence means unreviewed, revocation preserves history by changing one field, and many targets remain an explicit join.	copy	source-snapshots/spicy-regs-integrate-payload-prereqs-a6ab98a.tar.gz; source-snapshots/spicy-regs-local-history-2026-08-27.bundle	Run unreviewed, approve, revoke, history, and multi-target join fixtures before adoption.
R07-09	07#9	spicy-regs	src/spicy_regs/ontology/invariants.py	Small executable assertions preserve append-only behavior and acyclic relations.	copy	source-snapshots/spicy-regs-integrate-payload-prereqs-a6ab98a.tar.gz; source-snapshots/spicy-regs-local-history-2026-08-27.bundle	Run append mutation and cycle-introduction failures against any replacement.
R07-10	07#10	spicy-regs	src/spicy_regs/ontology/codex_cli.py	The Codex CLI adapter constrains a coding agent to tool-free read-only structured output, validates the schema locally, and retains auditable event provenance.	copy	source-snapshots/spicy-regs-integrate-payload-prereqs-a6ab98a.tar.gz; source-snapshots/spicy-regs-local-history-2026-08-27.bundle	Run tool-attempt, write-attempt, malformed-output, local-schema, and event-provenance fixtures in an isolated environment.
R07-11	07#11	spicy-regs	src/spicy_regs/ontology/concepts.py	Automated convergence may merge concepts only within the same facet and source vocabulary; lexical similarity cannot erase distinct vocabulary identities.	copy	source-snapshots/spicy-regs-integrate-payload-prereqs-a6ab98a.tar.gz; source-snapshots/spicy-regs-local-history-2026-08-27.bundle	Run same-vocabulary positive and cross-facet or cross-vocabulary negative collision fixtures.
R07-12	07#12	spicy-regs	src/spicy_regs/ontology/rulespec_release.py	Rulespec compatibility requires proof that the exact published tag is reachable and downloaded schema bytes reproduce the pinned digest; a local declaration is insufficient.	copy	source-snapshots/spicy-regs-integrate-payload-prereqs-a6ab98a.tar.gz; source-snapshots/spicy-regs-local-history-2026-08-27.bundle	Test missing tag, unreachable tag, byte drift, digest mismatch, and exact published-release success.
R06-CAP-COURT-TEXT	06-captured	spicysearch	research/court-opinions-2026-08-22.md	Primary html_with_citations selection, low plain-text coverage, and the risk of dropping null plain text survive, although the preserved source report and current report differ by 32 plain-text rows.	durable-current-reference	spicysearch@027a79cebf59:research/court-opinions-2026-08-22.md	Reconcile 55,303 versus 55,335 against one pinned source release before reusing the exact count.
R06-CAP-CL	06-captured	DocSpec	tests/test_courtlistener_bulk_source.py	CourtListener listing, immutable candidate capture, ETag checking, and dataset classification survive in current DocSpec tests.	durable-current-reference	DocSpec@444f8ec283a7:tests/test_courtlistener_bulk_source.py	Rerun the pinned tests while keeping parser and capacity findings in separate copied rows.
R06-CAP-CATALOG	06-captured	DocSpec	docs/superpowers/specs/2026-08-05-docspec-standalone-platform-implementation-spec.md; src/docspec/schemas/; src/docspec/adapters/; tests/	Generic source catalogs, sourceStateScope, sourceNativeFacts, exact joins, topic-empty semantics, byte-reuse accounting, and deterministic partition receipts survive in current DocSpec.	durable-current-reference	DocSpec@444f8ec283a7:docs/superpowers/specs/2026-08-05-docspec-standalone-platform-implementation-spec.md; DocSpec@444f8ec283a7:src/docspec/schemas/; DocSpec@444f8ec283a7:src/docspec/adapters/; DocSpec@444f8ec283a7:tests/	Rerun focused schema, join, topic, reuse, and partition-receipt tests without treating generic catalogs as source-acquisition proof.
R06-CAP-SCALE	06-captured	spicysearch	research/deep-sweep-reader-reports/docspec-legacy-tests-fixtures-evidence.md	The 1.47-GB release, 5.36-GB RSS, and 50-times document growth causing 88-times runtime remain in a durable research report.	durable-current-reference	spicysearch@027a79cebf59:research/deep-sweep-reader-reports/docspec-legacy-tests-fixtures-evidence.md	Treat the measurements as dated; rerun with exact inputs and versions before current capacity decisions.
R06-CAP-EXTRACTION	06-captured	spicysearch	research/deep-sweep-reader-reports/spicy-regs-transforms-and-sources.md	Extraction retention floors, Docling loss findings, PDF extractor comparisons, discovery behavior, and source-table behavior survive in a durable research report.	durable-current-reference	spicysearch@027a79cebf59:research/deep-sweep-reader-reports/spicy-regs-transforms-and-sources.md	Rerun named fixtures and tools before using the dated comparisons for a current extractor choice.
R06-CAP-ANN	06-captured	RefSpec; spicysearch	research/repo-traces-2026-08-08/RESEARCH.md; docs/idea-audit.md	ANN rejection evidence survives in current RefSpec research and the SpicySearch idea audit.	durable-current-reference	RefSpec@3464bda29d08:research/repo-traces-2026-08-08/RESEARCH.md; spicysearch@027a79cebf59:docs/idea-audit.md	Reproduce the named benchmark before reconsidering ANN adoption.
R06-CAP-HYPERBOLIC	06-captured	RefSpec; spicysearch	research/repo-traces-2026-08-08/RESEARCH.md; docs/idea-audit.md	The hyperbolic-subsumption failure survives in current RefSpec research and the SpicySearch idea audit.	durable-current-reference	RefSpec@3464bda29d08:research/repo-traces-2026-08-08/RESEARCH.md; spicysearch@027a79cebf59:docs/idea-audit.md	Reproduce the named corpus and scoring conditions before revisiting the method.
R06-CAP-GRAPH	06-captured	RefSpec; spicysearch	research/repo-traces-2026-08-08/RESEARCH.md; docs/idea-audit.md	Graph-engine measurements survive in current RefSpec research and the SpicySearch idea audit.	durable-current-reference	RefSpec@3464bda29d08:research/repo-traces-2026-08-08/RESEARCH.md; spicysearch@027a79cebf59:docs/idea-audit.md	Rerun with pinned graph, engine, and workload before making a current engine decision.
R06-CAP-BODY	06-captured	RefSpec; spicysearch	research/repo-traces-2026-08-08/RESEARCH.md; docs/idea-audit.md	Corrected body-corpus arithmetic survives in current RefSpec research and the SpicySearch idea audit.	durable-current-reference	RefSpec@3464bda29d08:research/repo-traces-2026-08-08/RESEARCH.md; spicysearch@027a79cebf59:docs/idea-audit.md	Recompute from the pinned corpus before quoting a current total.
R06-CAP-RANGE	06-captured	RefSpec; spicysearch	research/repo-traces-2026-08-08/RESEARCH.md; docs/idea-audit.md	Range-citation behavior survives in current RefSpec research and the SpicySearch idea audit.	durable-current-reference	RefSpec@3464bda29d08:research/repo-traces-2026-08-08/RESEARCH.md; spicysearch@027a79cebf59:docs/idea-audit.md	Rerun range fixtures against the current parser before relying on the behavior.
R06-CAP-SEG-RERANK	06-captured	RefSpec; spicysearch	research/repo-traces-2026-08-08/RESEARCH.md; docs/idea-audit.md	Segmentation and reranking results survive in current RefSpec research and the SpicySearch idea audit.	durable-current-reference	RefSpec@3464bda29d08:research/repo-traces-2026-08-08/RESEARCH.md; spicysearch@027a79cebf59:docs/idea-audit.md	Rerun the pinned experiment on a blind holdout before adopting either behavior.
R06-CAP-EVAL-AGG	06-captured	spicysearch	research/deep-sweep-reader-reports/docspec-legacy-tests-fixtures-evidence.md	Aggregate candidate-ablation, relation-exclusion, gold-adjudication, graph-bakeoff, and Rulespec-projection results survive; raw replies and judgments remain separately at risk.	durable-current-reference	spicysearch@027a79cebf59:research/deep-sweep-reader-reports/docspec-legacy-tests-fixtures-evidence.md	Bind aggregates to preserved raw evidence identities before treating them as reproducible proof.
R06-CAP-HOLDOUT	06-captured	spicysearch	evaluation/holdout-labeling/config-freeze.md; evaluation/holdout-labeling/config-freeze.json	Holdout identity, membership digest, blindness rules, and the evaluation boundary survive in current configuration files.	durable-current-reference	spicysearch@027a79cebf59:evaluation/holdout-labeling/config-freeze.md; spicysearch@027a79cebf59:evaluation/holdout-labeling/config-freeze.json	Reverify membership digest and evaluator blindness before every new evaluation campaign.
R06-CAP-LANDING	06-captured	spicysearch	docs/superpowers/plans/2026-08-24-platform-artifact-plan.md	The migration correction to retain docket, document, and comment substring search until equivalent proof survives, and retirement remains unauthorized.	durable-current-reference	spicysearch@027a79cebf59:docs/superpowers/plans/2026-08-24-platform-artifact-plan.md	Require equivalent-result evidence and an explicit retirement decision before removing the old search surface.
R06-BROKEN-SS-EVAL	06-broken-citations	spicysearch	src/spicysearch/validation/query_quality_dataset.py; evaluation/core-query-catalog/quality-v1/README.md; evaluation/core-query-catalog/quality-v1/manifest.json; evaluation/core-query-catalog/quality-v1/filter-capability-matrix.json; evaluation/holdout-labeling/config-freeze.md; evaluation/holdout-labeling/config-freeze.json	Current SpicySearch runtime and evaluation files cite documentation paths that will disappear with the archived SpicyRegs surface.	copy	source-snapshots/spicy-regs-integrate-payload-prereqs-a6ab98a.tar.gz; source-snapshots/spicy-regs-local-history-2026-08-27.bundle	Inventory every cited target, replace each with a durable location or sealed identity, and run a repository link check.
R06-BROKEN-SS-PLAN	06-broken-citations	spicysearch	docs/superpowers/plans/2026-08-24-platform-artifact-plan.md; docs/history/2026-08-25-platform-artifact-consolidation-review.md; docs/history/2026-08-11-cross-product-reconciliation-recommendations.md; docs/corpus-scale-design.md	Current SpicySearch plans, history, and design prose cite documentation paths that will disappear with the archived SpicyRegs surface.	copy	source-snapshots/spicy-regs-integrate-payload-prereqs-a6ab98a.tar.gz; source-snapshots/spicy-regs-local-history-2026-08-27.bundle	Replace archival path citations with durable snapshots or current references and run a repository link check.
R06-BROKEN-SS-RESEARCH	06-broken-citations	spicysearch	docs/proposal-timeline.md; docs/idea-audit.md; research/cross-repo-insight-sweep-2026-08-21.md; research/nuggets-80-20-2026-08-21.md; research/deep-sweep-reader-reports/docspec-legacy-tests-fixtures-evidence.md; research/deep-sweep-reader-reports/spicy-regs-transforms-and-sources.md	Current SpicySearch research files cite many documentation and table paths that will disappear with the archived SpicyRegs surface.	copy	source-snapshots/spicy-regs-integrate-payload-prereqs-a6ab98a.tar.gz; source-snapshots/spicy-regs-local-history-2026-08-27.bundle	Map every broken target to the preserved snapshot or a durable current source and run a repository link check.
R06-BROKEN-REFSPEC	06-broken-citations	RefSpec	docs/decisions.md; research/evidence/table3-coverage-2026-08-22.md; research/dropped-gems-survey-2026-08-20.md; research/remaining-work-sweep-2026-08-21.md; research/vocabulary-atlas-relation-candidate-matching-context-2026-08-05.md; research/repo-traces-2026-08-08/RESEARCH.md	Current RefSpec decisions and research cite documentation paths that will disappear with the archived SpicyRegs surface; copies under spicysearch/RefSpec repeat them.	copy	source-snapshots/spicy-regs-integrate-payload-prereqs-a6ab98a.tar.gz; source-snapshots/spicy-regs-local-history-2026-08-27.bundle	Inventory direct and copied citations, replace targets with durable identities, and run link checks in both trees.
R06-BROKEN-RULESPEC	06-broken-citations	rulespec	CHANGELOG.md; TODO.md; thoughts/reviews/2026-07-24-rulemaking-condition2-adversarial-review.md; thoughts/specs/2026-07-23-us-regulatory-identifiers-and-rulemaking-module.md	Current Rulespec changelog, work list, review, and specification cite documentation paths that will disappear with the archived SpicyRegs surface.	copy	source-snapshots/spicy-regs-integrate-payload-prereqs-a6ab98a.tar.gz; source-snapshots/spicy-regs-local-history-2026-08-27.bundle	Replace archived path citations with durable identities and run a repository link check.
R06-MISSING-DISPOSITION	06-broken-citations	spicysearch	.disposition-v4.md:115; docs/superpowers/plans/2026-08-24-platform-artifact-plan.md:146	The report cites .disposition-v4.md for unauthorized retirement, but that file is absent; the durable platform plan already preserves the no-retirement rule.	superseded	spicysearch@027a79cebf59:docs/superpowers/plans/2026-08-24-platform-artifact-plan.md	Replace the broken citation with the durable plan and do not recreate the missing file.
R08-PROVIDED-RULESPEC	08-provided	rulespec	packages/rulespec-artifacts/src/rulespec_artifacts/_artifact.py	Canonical JSON, schema-family digests, artifact roots and pins, local and external descriptors, manifest accounting, blob verification, semantic-verifier injection, and no-replace directory publication already survive in Rulespec.	durable-current-reference	rulespec@93ae44d906be:packages/rulespec-artifacts/src/rulespec_artifacts/_artifact.py	Rerun current Rulespec artifact tests after any primitive change without claiming source-specific proof.
R08-PROVIDED-DOCSPEC-BLOB	08-provided	DocSpec	src/docspec/adapters/storage.py; src/docspec/adapters/source_catalog_artifact.py	Generic content-addressed blob writes and downstream source-catalog partition, reuse, and publication accounting already survive in DocSpec.	durable-current-reference	DocSpec@444f8ec283a7:src/docspec/adapters/storage.py; DocSpec@444f8ec283a7:src/docspec/adapters/source_catalog_artifact.py	Rerun blob and catalog accounting tests without claiming source-native producer parity.
R08-PROVIDED-DOCSPEC-READ	08-provided	DocSpec	src/docspec/adapters/source_catalog_artifact.py; src/docspec/adapters/spicyregs_source_native.py	DocSpec validates a closed source-native record and rendition stream after admission but neither creates nor independently admits that stream.	durable-current-reference	DocSpec@444f8ec283a7:src/docspec/adapters/source_catalog_artifact.py; DocSpec@444f8ec283a7:src/docspec/adapters/spicyregs_source_native.py	Rerun closed-stream reader tests and keep upstream admission and completeness proofs separate.
R09-I01	09#1	spicy-regs	tests/test_source_native_release.py	A Federal Register interval that still reaches the API cap after narrowing to one day must fail instead of claiming completeness.	copy	source-snapshots/spicy-regs-integrate-payload-prereqs-a6ab98a.tar.gz; source-snapshots/spicy-regs-local-history-2026-08-27.bundle	Run test_capped_single_day_refuses_ambiguous_source_state against any replacement before adoption.
R09-I02	09#2	spicy-regs	tests/test_source_native_release.py	Complete Federal Register publication requires the exact ordered leaf-window inventory; a missing or reordered window invalidates the snapshot.	copy	source-snapshots/spicy-regs-integrate-payload-prereqs-a6ab98a.tar.gz; source-snapshots/spicy-regs-local-history-2026-08-27.bundle	Run missing-window and reordered-window cases against any replacement before adoption.
R09-I03	09#3	spicy-regs	tests/test_source_native_release.py	Publisher verification independently recomputes source counts instead of trusting acquisition claims.	copy	source-snapshots/spicy-regs-integrate-payload-prereqs-a6ab98a.tar.gz; source-snapshots/spicy-regs-local-history-2026-08-27.bundle	Mutate the acquisition count and prove the publisher refuses it before adopting equivalent behavior.
R09-I04	09#4	spicy-regs	tests/test_regulations_gov_source_native.py	One Regulations.gov enumeration binds listing metadata to the exact object bytes without a second potentially inconsistent listing.	copy	source-snapshots/spicy-regs-integrate-payload-prereqs-a6ab98a.tar.gz; source-snapshots/spicy-regs-local-history-2026-08-27.bundle	Run the single-enumeration metadata-and-bytes case against any replacement.
R09-I05	09#5	spicy-regs	tests/test_regulations_gov_source_native.py	Every enumerated object must still exist with identical metadata when read; disappearance or replacement invalidates completeness.	copy	source-snapshots/spicy-regs-integrate-payload-prereqs-a6ab98a.tar.gz; source-snapshots/spicy-regs-local-history-2026-08-27.bundle	Run missing-object and changed-enumerated-object cases against current DocSpec before adoption.
R09-I06	09#6	spicy-regs	tests/test_regulations_gov_comments_source_native.py	Two comment versions that normalize to the same newest timestamp must be refused rather than selected by incidental order.	copy	source-snapshots/spicy-regs-integrate-payload-prereqs-a6ab98a.tar.gz; source-snapshots/spicy-regs-local-history-2026-08-27.bundle	Run repeated normalized-version ties against the upstream selector and DocSpec adapter.
R09-I07	09#7	spicy-regs	tests/test_relation_exclusion_evaluation_v2.py	Evaluation eligibility requires two distinct complete human reviews bound to the reviewed content.	copy	source-snapshots/spicy-regs-integrate-payload-prereqs-a6ab98a.tar.gz; source-snapshots/spicy-regs-local-history-2026-08-27.bundle	Run one-review, duplicate-reviewer, incomplete-review, and content-digest mismatch cases before adoption.
R09-I08	09#8	spicy-regs	tests/test_relation_exclusion_evaluation_v2.py	A digest-valid review dated after the gate cannot authorize an earlier evaluation.	copy	source-snapshots/spicy-regs-integrate-payload-prereqs-a6ab98a.tar.gz; source-snapshots/spicy-regs-local-history-2026-08-27.bundle	Run future-dated audit records against any current blind-review gate.
R09-I09	09#9	spicy-regs	tests/test_relation_exclusion_evaluation_v2.py	Reviewing a smaller evidence span does not authorize entailment for an unreviewed enclosing span.	copy	source-snapshots/spicy-regs-integrate-payload-prereqs-a6ab98a.tar.gz; source-snapshots/spicy-regs-local-history-2026-08-27.bundle	Run nested-span fixtures and require exact reviewed-boundary authorization.
R09-I10	09#10	spicy-regs	tests/test_relation_exclusion_evaluation_v2.py	A proposed removal remains an event and cannot be combined with a current-state assertion.	copy	source-snapshots/spicy-regs-integrate-payload-prereqs-a6ab98a.tar.gz; source-snapshots/spicy-regs-local-history-2026-08-27.bundle	Run the invalid event-and-current-state hybrid against current Rulespec carriers and any evaluator.
R09-I11	09#11	spicy-regs	tests/test_body_retrieval_corpus.py	An HTTP 200 Cloudflare challenge page is unusable content and must be quarantined instead of sealed.	copy	source-snapshots/spicy-regs-integrate-payload-prereqs-a6ab98a.tar.gz; source-snapshots/spicy-regs-local-history-2026-08-27.bundle	Replay the preserved interstitial fixture through any current content fetcher.
R09-I12	09#12	spicy-regs	tests/test_body_retrieval_corpus.py	A partial cache cannot silently redefine the universe used for completeness reconciliation.	copy	source-snapshots/spicy-regs-integrate-payload-prereqs-a6ab98a.tar.gz; source-snapshots/spicy-regs-local-history-2026-08-27.bundle	Run partial-cache reconciliation against a separately pinned complete universe.
R09-I13	09#13	spicy-regs	tests/test_body_retrieval_corpus.py	Missing HTTP content type cannot erase a rendition already identified as XML from its source path.	copy	source-snapshots/spicy-regs-integrate-payload-prereqs-a6ab98a.tar.gz; source-snapshots/spicy-regs-local-history-2026-08-27.bundle	Run XML-path-without-content-type dispatch against current DocSpec.
R09-I14	09#14	spicy-regs	tests/test_body_retrieval_corpus.py	Measurement counts encoded zero-width entities as the publisher writes them rather than only decoded Unicode characters.	copy	source-snapshots/spicy-regs-integrate-payload-prereqs-a6ab98a.tar.gz; source-snapshots/spicy-regs-local-history-2026-08-27.bundle	Reproduce the exact encoded-entity measurement and add an executable current test before reusing the metric.
R09-I15	09#15	spicy-regs	tests/test_bill_subjects.py	Failure on a later page makes the whole paginated bill-subject answer incomplete; it must publish nothing.	copy	source-snapshots/spicy-regs-integrate-payload-prereqs-a6ab98a.tar.gz; source-snapshots/spicy-regs-local-history-2026-08-27.bundle	Run a later-page failure and prove no truncated result is published.
R09-I16	09#16	spicy-regs	tests/test_bill_subjects.py	A 404 is a definitive unavailable-bill answer, distinct from transport failure and from a valid bill with no subjects.	copy	source-snapshots/spicy-regs-integrate-payload-prereqs-a6ab98a.tar.gz; source-snapshots/spicy-regs-local-history-2026-08-27.bundle	Run all three outcome states and verify distinct durable records.
R09-I17	09#17	spicy-regs	tests/test_bill_subjects.py	Negative caching is scoped to a source coverage floor; switching from bulk data to the deeper API must revisit unresolved bills.	copy	source-snapshots/spicy-regs-integrate-payload-prereqs-a6ab98a.tar.gz; source-snapshots/spicy-regs-local-history-2026-08-27.bundle	Run a bulk-miss followed by deeper-carrier success and verify the second request occurs.
R09-I18	09#18	spicy-regs	tests/test_supreme_court_opinions.py	Pre-2021 Supreme Court term indexes use the bound-volume layout and require a separate parser path.	copy	source-snapshots/spicy-regs-integrate-payload-prereqs-a6ab98a.tar.gz; source-snapshots/spicy-regs-local-history-2026-08-27.bundle	Replay a preserved pre-2021 index and a modern index through their respective parsers.
R09-I19	09#19	spicy-regs	tests/test_supreme_court_opinions.py	Opinions sharing a bound volume reuse one fetch while preserving per-opinion dead-link evidence.	copy	source-snapshots/spicy-regs-integrate-payload-prereqs-a6ab98a.tar.gz; source-snapshots/spicy-regs-local-history-2026-08-27.bundle	Run shared-volume and individual-dead-link cases with a counted fetch adapter.
R09-F01	09-fixture	spicy-regs	output/segmentation-source-cache-v2/	The ignored 47 MB source cache contains captured HTML, XML, PDF bytes, and source-lock.json required for exact segmentation replay.	copy	../../../_preserved-2026-08-27/spicy-regs-output-complete:segmentation-source-cache-v2/	Verify every member against source-lock.json; future experiment adoption is a separate decision.
R09-F02	09-fixture	spicy-regs	output/segmented-real-data-evaluation-v2/	The ignored 2.7 MB sealed evaluation contains Parquet members, membership, gold spans, source provenance, manifest, receipt, and lock.	copy	../../../_preserved-2026-08-27/spicy-regs-output-complete:segmented-real-data-evaluation-v2/	Validate membership and member digests; rerunning or adopting the evaluation remains separate.
R09-F03	09-fixture+12#7	spicy-regs	tests/fixtures/docpipeline_segments_migration_v1.json; tests/fixtures/docpipeline_retrieval_migration_v1.json; tests/fixtures/docpipeline_step4_expected_differences_v1.json; tests/fixtures/docpipeline_step5_expected_differences_v1.json	Four frozen migration oracles preserve exact predecessor parity and expected-difference cases for an abandoned migration.	copy	source-snapshots/spicy-regs-integrate-payload-prereqs-a6ab98a.tar.gz; source-snapshots/spicy-regs-local-history-2026-08-27.bundle	Run only when historical parity is needed; do not make exact legacy parity a current acceptance gate.
R09-F04	09-fixture	spicy-regs	tests/fixtures/relation_exclusion_explicit_denial_v1.json; tests/fixtures/relation_exclusion_explicit_denial_v2_corpus.json; tests/fixtures/relation_exclusion_explicit_denial_v2_oracle.provisional.json; docs/evidence/relation-exclusion-openai-v2-focused-five-2026-07-25/	Relation-exclusion corpora, the provisional oracle, and focused provider evidence preserve cases not present in surviving repositories.	copy	source-snapshots/spicy-regs-integrate-payload-prereqs-a6ab98a.tar.gz; source-snapshots/spicy-regs-local-history-2026-08-27.bundle	Verify member digests and keep the provisional oracle non-authorizing until independent review.
R09-F05	09-fixture+12#7	spicy-regs	fixtures/releases/document-release-v3/; fixtures/releases/document-release-v3-incremental-mixed/; tests/fixtures/document-release-v3-source/; tests/fixtures/document-release-v3-incremental-mixed-source/	Two sealed DocumentRelease v3 bundles and their source fixtures preserve closed-membership and incremental-equivalence history.	copy	source-snapshots/spicy-regs-integrate-payload-prereqs-a6ab98a.tar.gz; source-snapshots/spicy-regs-local-history-2026-08-27.bundle	Run the historical v3 verifier when replay is needed; current DocSpec conformance remains the authority.
R09-12-SAMPLES	09-fixture+12#4	spicy-regs	sample-data/mirrulations/; sample-data/document-files/	Captured Mirrulations and document-file bytes include bill HTML and CFR XML, Regulations.gov JSON and PDF, a CBO DataDome refusal, and GovInfo summary and PREMIS material absent from survivors.	copy	source-snapshots/spicy-regs-integrate-payload-prereqs-a6ab98a.tar.gz; source-snapshots/spicy-regs-local-history-2026-08-27.bundle	Verify snapshot membership and digests; refresh mutable upstream sources only as a separate acquisition run.
R09-12-DOMAINS	09-fixture+12#4	spicy-regs	sample-data/source-domains/observed-domain-snapshot-2026-08-03.json; sample-data/source-domains/	The dated observed-domain census and capture manifest preserve exact Regulations.gov and Unified Agenda distributions not recreated elsewhere; RefSpec separately retains selected schema bytes.	copy	source-snapshots/spicy-regs-integrate-payload-prereqs-a6ab98a.tar.gz; source-snapshots/spicy-regs-local-history-2026-08-27.bundle	Validate the capture manifest, then treat the census as dated evidence rather than current domain authority.
R09-F08	09-fixture	spicy-regs	docs/evidence/elsst-r6-forward-development-dataset-2026-07-29/	The provisional ELSST development dataset preserves 19 grounded rows absent elsewhere.	copy	source-snapshots/spicy-regs-integrate-payload-prereqs-a6ab98a.tar.gz; source-snapshots/spicy-regs-local-history-2026-08-27.bundle	Keep the data developmentOnly and holdout-exposed unless a new sealed blind evaluation authorizes adoption.
R09-F09	09-fixture	spicy-regs	docs/evidence/gold-adjudication-2026-07-27/; docs/evidence/single-document-rulespec-projection-2026-07-28/	Gold adjudication and single-document Rulespec projection evidence are read directly by tests and are unique to the preserved branch.	copy	source-snapshots/spicy-regs-integrate-payload-prereqs-a6ab98a.tar.gz; source-snapshots/spicy-regs-local-history-2026-08-27.bundle	Verify all evidence members and bind any future test result to the exact evidence digests.
R09-F10	09-fixture+12#2	spicy-regs-landing	src/spicy_regs/universes/regulations-gov-published-catalog-2021-2025-metadata-complete.json	The landing-only pinned universe binds the metadata-complete Regulations.gov population and has no equivalent survivor copy.	copy	source-snapshots/spicy-regs-landing-main-31a4bfe.tar.gz; source-snapshots/spicy-regs-local-history-2026-08-27.bundle	Resolve every named input and compare requested-universe and selected-set digests with the preserved landing release.
R09-F11	09-fixture	spicy-regs; RefSpec	output/usc-act-index-2026-08-02/; output/usc-source-credit-index-2026-08-02/	The SpicyRegs paths were empty link locations, but the two actual sealed USC artifact targets are now copied with receipts and Parquet members.	copy	../../../_preserved-2026-08-27/refspec-linked-output:usc-act-index-2026-08-02/; ../../../_preserved-2026-08-27/refspec-linked-output:usc-source-credit-index-2026-08-02/	Verify receipt and member digests and trace current RefSpec generation provenance; that parity work does not block preservation closure.
R09-C01	09-covered	DocSpec; rulespec	tests/test_source_catalog_snapshot.py; tests/test_s3_blob_adapter.py; packages/rulespec-artifacts/tests/test_artifact.py	Immutable publication, concurrent-winner handling, no replacement, symlink and root-swap refusal, partial-publication refusal, and tamper-before-read have stronger current tests.	durable-current-reference	DocSpec@444f8ec283a7:tests/test_source_catalog_snapshot.py; DocSpec@444f8ec283a7:tests/test_s3_blob_adapter.py; rulespec@93ae44d906be:packages/rulespec-artifacts/tests/test_artifact.py	Rerun those current suites after storage or artifact-boundary changes.
R09-C02	09-covered	DocSpec	tests/test_regulations_gov_catalog.py	Exact Regulations.gov document, docket, and Federal Register joins, unmatched related rows, comment null-date policy, and source-fact preservation have current coverage.	durable-current-reference	DocSpec@444f8ec283a7:tests/test_regulations_gov_catalog.py	Rerun join, unmatched-row, null-date, and source-fact cases after adapter changes.
R09-C03	09-covered	DocSpec; spicysearch	tests/test_regulations_gov_catalog.py; tests/search/test_source_catalog_metadata.py	Source-scoped native facts, exact joins, no invented context, and consumer labeling of related Federal Register text survive in current DocSpec and SpicySearch tests.	durable-current-reference	DocSpec@444f8ec283a7:tests/test_regulations_gov_catalog.py; spicysearch@027a79cebf59:tests/search/test_source_catalog_metadata.py	Rerun both producer and consumer tests; preserve the pinned universe separately through R09-F10.
R09-C04	09-covered	RefSpec	tests/test_act_resolution.py; tests/test_usc_act_index.py; tests/test_usc_section_oracle.py; tests/test_unified_agenda_parquet.py	Act ambiguity, alias cycles, division fencing, Table III and source-credit composition, and amendment-versus-enactment handling survive in current RefSpec tests.	durable-current-reference	RefSpec@3464bda29d08:tests/test_act_resolution.py; RefSpec@3464bda29d08:tests/test_usc_act_index.py; RefSpec@3464bda29d08:tests/test_usc_section_oracle.py; RefSpec@3464bda29d08:tests/test_unified_agenda_parquet.py	Rerun the current RefSpec act-resolution and USC artifact suites.
R09-C05	09-covered	RefSpec	tests/test_unified_agenda_schema_divergence.py; tests/test_unified_agenda_codes.py; tests/test_regulations_gov_codes.py	Duplicated Not Major, published-versus-observed Unified Agenda values, and Regulations.gov controlled-value quirks survive in current RefSpec tests.	durable-current-reference	RefSpec@3464bda29d08:tests/test_unified_agenda_schema_divergence.py; RefSpec@3464bda29d08:tests/test_unified_agenda_codes.py; RefSpec@3464bda29d08:tests/test_regulations_gov_codes.py	Rerun current controlled-value and schema-divergence tests after source-schema updates.
R09-C06	09-covered	spicysearch	tests/test_score_inferred_against_recovered.py	An arm that does not fire counts as false negatives instead of shrinking its denominator in current scoring tests.	durable-current-reference	spicysearch@027a79cebf59:tests/test_score_inferred_against_recovered.py	Rerun the scoring test after evaluation-metric changes.
R09-C07	09-covered	RefSpec	tests/test_atlas_relatedmatch_blind_review.py	Blind inputs exclude answer-key fields and require two framing passes in current RefSpec; the stricter sealed-review timing and completeness rules remain separately copied in R09-I07 and R09-I08.	durable-current-reference	RefSpec@3464bda29d08:tests/test_atlas_relatedmatch_blind_review.py	Rerun current blindness and two-pass cases without claiming parity for the separate sealed-review gate.
R09-C08	09-scope	spicy-regs; DocSpec; RefSpec; spicysearch	tests/test_docpipeline_*_migration.py; tests/test_docpipeline_adapter_*.py; tests/test_transforms_pdf_text_pymupdf.py; tests/test_elsst_r6_forward_development_dataset.py; tests/test_ablate_candidate_selectors.py; tests/test_segmentation_rerank.py; tests/test_segmentation_sparse_retrieval.py; tests/test_segmentation_tagging.py; tests/test_relation_exclusion_evaluation*.py	Legacy parity, project-owned provider adapters, reversed PyMuPDF adoption, developmentOnly ELSST data, and experiment or paid-run machinery are deliberately absent from surviving production lanes and therefore are scope evidence, not current capability loss.	superseded	DocSpec@444f8ec283a7:src/docspec/ports/processor.py; RefSpec@3464bda29d08:docs/decisions.md; spicysearch@027a79cebf59:PLAN.md	Revisit only through a new accepted ownership or adoption decision; archive preservation does not authorize serving.
R10-M01	10-module	spicy-regs	src/spicy_regs/candidate_release.py	Reads verified Atlas releases and emits candidate-selection receipts and bridges; RefSpec recreates the outcome but not the local adapter format.	copy	source-snapshots/spicy-regs-integrate-payload-prereqs-a6ab98a.tar.gz; source-snapshots/spicy-regs-local-history-2026-08-27.bundle	Run both readers against one sealed Atlas release to determine receipt compatibility before any port.
R10-M02	10-module	spicy-regs	src/spicy_regs/cli.py	Adds document_release_v3 and makes main accept arguments and return exit codes; this is a low-risk testability and command-surface change.	copy	source-snapshots/spicy-regs-integrate-payload-prereqs-a6ab98a.tar.gz; source-snapshots/spicy-regs-local-history-2026-08-27.bundle	Exercise argument passing and exit-code behavior only if the historical command is replayed.
R10-M03	10-module	spicy-regs	src/spicy_regs/corpora/__init__.py	The corpora package marker has no independent behavior but is retained with the copied experiment modules.	copy	source-snapshots/spicy-regs-integrate-payload-prereqs-a6ab98a.tar.gz; source-snapshots/spicy-regs-local-history-2026-08-27.bundle	No standalone parity check is required.
R10-M04	10-module	spicy-regs	src/spicy_regs/corpora/artifact_retrieval_baseline.py	Provides the whole-artifact baseline used to compare artifact and segment retrieval; no executable survivor counterpart exists.	copy	source-snapshots/spicy-regs-integrate-payload-prereqs-a6ab98a.tar.gz; source-snapshots/spicy-regs-local-history-2026-08-27.bundle	Run it over the preserved deterministic inputs before interpreting any historical comparison.
R10-M05	10-module	spicy-regs	src/spicy_regs/corpora/body_retrieval_corpus.py	Builds a deterministic Federal Register body corpus with fetch caching, draw rules, secret scans, validation, and measurements; survivors retain reports but not the builder.	copy	source-snapshots/spicy-regs-integrate-payload-prereqs-a6ab98a.tar.gz; source-snapshots/spicy-regs-local-history-2026-08-27.bundle	Replay against the preserved cache and independently verify draw membership, quarantines, and measurements.
R10-M06	10-module	spicy-regs	src/spicy_regs/corpora/document_acceptance_scope.py	Builds an immutable profile-filtered document view over a segmentation dataset; only partial sealed-gold boundaries survive.	copy	source-snapshots/spicy-regs-integrate-payload-prereqs-a6ab98a.tar.gz; source-snapshots/spicy-regs-local-history-2026-08-27.bundle	Run the scope builder over a pinned segmentation release and compare current ownership before adoption.
R10-M07	10-module	spicy-regs	src/spicy_regs/corpora/embedding_audit.py	Records model-native tokenization, input limits, and input digests for embedding experiments; no exact survivor implementation exists.	copy	source-snapshots/spicy-regs-integrate-payload-prereqs-a6ab98a.tar.gz; source-snapshots/spicy-regs-local-history-2026-08-27.bundle	Recheck provider and tokenizer pins before replaying any audit.
R10-M08	10-module	spicy-regs	src/spicy_regs/corpora/mirrulations_document_corpus.py	Freezes exact Regulations.gov documents and attachments from Mirrulations with receipts; DocSpec has the catalog model but not this exact corpus-freezing method.	copy	source-snapshots/spicy-regs-integrate-payload-prereqs-a6ab98a.tar.gz; source-snapshots/spicy-regs-local-history-2026-08-27.bundle	Run against a frozen draw and verify ETags, bytes, membership, and receipts before considering parity.
R10-M09	10-module	spicy-regs	src/spicy_regs/corpora/mixed_real_data.py	Builds heterogeneous positive, negative, and cross-source ontology cases with receipts; artifacts and rules survive separately but not the builder.	copy	source-snapshots/spicy-regs-integrate-payload-prereqs-a6ab98a.tar.gz; source-snapshots/spicy-regs-local-history-2026-08-27.bundle	Rebuild only from copied sealed inputs and compare case membership and receipt digests.
R10-M10	10-module	spicy-regs	src/spicy_regs/corpora/profile_evaluation.py	Runs bounded evaluation across all declared source profiles; no executable survivor counterpart was found.	copy	source-snapshots/spicy-regs-integrate-payload-prereqs-a6ab98a.tar.gz; source-snapshots/spicy-regs-local-history-2026-08-27.bundle	Run each declared profile against a pinned corpus and keep evaluation results non-authorizing.
R10-M11	10-module	spicy-regs	src/spicy_regs/corpora/relation_exclusion_evaluation.py	Implements a deterministic candidate-only relation diagnostic with comparison and quality gates; no survivor counterpart exists.	copy	source-snapshots/spicy-regs-integrate-payload-prereqs-a6ab98a.tar.gz; source-snapshots/spicy-regs-local-history-2026-08-27.bundle	Replay the preserved corpus and compare deterministic output before any migration.
R10-M12	10-module+10-nugget#2	spicy-regs	src/spicy_regs/corpora/relation_exclusion_evaluation_v2.py	Implements leak-resistant relation and change-event evaluation with temporal, attribution, conditionality, blind adjudication, and two sealed reviews; no full survivor counterpart exists.	copy	source-snapshots/spicy-regs-integrate-payload-prereqs-a6ab98a.tar.gz; source-snapshots/spicy-regs-local-history-2026-08-27.bundle	Run payload-blindness, review-identity, timing, span, hybrid-event, and final-resolution cases before adoption.
R10-M13	10-module	spicy-regs	src/spicy_regs/corpora/segmentation_embedding_audit.py	Adds native model token-limit evidence to segmentation results; no exact survivor implementation exists.	copy	source-snapshots/spicy-regs-integrate-payload-prereqs-a6ab98a.tar.gz; source-snapshots/spicy-regs-local-history-2026-08-27.bundle	Recheck model and tokenizer revisions and validate every input digest before replay.
R10-M14	10-module	spicy-regs	src/spicy_regs/corpora/segmentation_evaluation.py	Builds provenance-bound source caches, gold spans, and adversarial segmentation cases; DocSpec retains runtime segmentation but not this evaluation builder.	copy	source-snapshots/spicy-regs-integrate-payload-prereqs-a6ab98a.tar.gz; source-snapshots/spicy-regs-local-history-2026-08-27.bundle	Rebuild from copied source bytes and verify span provenance and case membership.
R10-M15	10-module+10-nugget#3	spicy-regs	src/spicy_regs/corpora/segmentation_experiment.py	Runs a reproducible five-arm, multi-budget segmentation and retrieval experiment over one immutable snapshot; runtime pieces survive but the controlled method does not.	copy	source-snapshots/spicy-regs-integrate-payload-prereqs-a6ab98a.tar.gz; source-snapshots/spicy-regs-local-history-2026-08-27.bundle	Replay all arms on one pinned snapshot and compare receipts without treating the experiment as serving authorization.
R10-M16	10-module+10-nugget#3	spicy-regs	src/spicy_regs/corpora/segmentation_rerank.py	Reranks fixed dense candidates while retaining exact input audit evidence; no complete survivor counterpart exists.	copy	source-snapshots/spicy-regs-integrate-payload-prereqs-a6ab98a.tar.gz; source-snapshots/spicy-regs-local-history-2026-08-27.bundle	Prove fixed candidate order and input digests before rerunning a pinned reranker.
R10-M17	10-module+10-nugget#3	spicy-regs	src/spicy_regs/corpora/segmentation_sparse_retrieval.py	Evaluates learned sparse retrieval and dense-sparse reciprocal-rank fusion; survivors do not implement this experimental lane.	copy	source-snapshots/spicy-regs-integrate-payload-prereqs-a6ab98a.tar.gz; source-snapshots/spicy-regs-local-history-2026-08-27.bundle	Replay with the exact model revision and copied candidates; require a new adoption decision for any serving use.
R10-M18	10-module+10-nugget#3	spicy-regs	src/spicy_regs/corpora/segmentation_tagging.py	Evaluates segmentation choices through ontology tagging and grounding metrics; no equivalent runner survives.	copy	source-snapshots/spicy-regs-integrate-payload-prereqs-a6ab98a.tar.gz; source-snapshots/spicy-regs-local-history-2026-08-27.bundle	Replay over pinned segments and vocabulary assets and keep the result within experiments.
R10-M19	10-module+10-nugget#6+12#6	spicy-regs	src/spicy_regs/data_dictionary.py; data_dictionary/descriptions.yaml	Reconciles curated descriptions, in-code schemas, and live Parquet DESCRIBE output, including source-specific operating limits and missing tables or columns; no survivor implements the complete check.	copy	source-snapshots/spicy-regs-integrate-payload-prereqs-a6ab98a.tar.gz; source-snapshots/spicy-regs-local-history-2026-08-27.bundle	Run against a copied published dataset and separately reassess dated source limits before adoption.
R10-M20	10-module	spicy-regs; DocSpec	src/spicy_regs/document_file_pipeline.py; src/docspec/application/execution.py; src/docspec/processing/extraction.py; src/docspec/processing/segmentation.py	The mixed capture, version, extraction, segment, and receipt pipeline is superseded by DocSpec execution, extraction, and segmentation; unique inner replay and refusal behaviors remain separately copied.	superseded	DocSpec@444f8ec283a7:src/docspec/application/execution.py; DocSpec@444f8ec283a7:src/docspec/processing/extraction.py; DocSpec@444f8ec283a7:src/docspec/processing/segmentation.py	Rerun current DocSpec pipeline tests and evaluate only the separately listed gaps in report 11.
R10-M21	10-module	spicy-regs	src/spicy_regs/enrichment/__init__.py	The enrichment package marker has no independent behavior but is retained with copied enrichment modules.	copy	source-snapshots/spicy-regs-integrate-payload-prereqs-a6ab98a.tar.gz; source-snapshots/spicy-regs-local-history-2026-08-27.bundle	No standalone parity check is required.
R10-M22	10-module	spicy-regs; spicysearch	src/spicy_regs/enrichment/connected_concepts.py; src/spicysearch/related_topics.py	One-hop verified concept expansion has been recreated in SpicySearch under a newer related-topic policy.	superseded	spicysearch@027a79cebf59:src/spicysearch/related_topics.py; spicysearch@027a79cebf59:docs/decisions/0009-text-and-concept-resolution.md	Rerun one-hop, off-by-default, fan-out, provenance, and non-ranking tests under the current policy.
R10-M23	10-module	spicy-regs; spicysearch	src/spicy_regs/enrichment/experiment_artifacts.py; src/spicysearch/validation/relevance_artifacts.py	Development-only candidate artifacts and refusal of production-looking inputs have been recreated in current SpicySearch validation.	superseded	spicysearch@027a79cebf59:src/spicysearch/validation/relevance_artifacts.py	Rerun development-only and production-looking-input refusal tests.
R10-M24	10-module	spicy-regs	src/spicy_regs/enrichment/open_set.py	Verifies open-set label and value assertions plus source spans; RefSpec preserves some binding vocabulary but not this wrapper.	copy	source-snapshots/spicy-regs-integrate-payload-prereqs-a6ab98a.tar.gz; source-snapshots/spicy-regs-local-history-2026-08-27.bundle	Run accepted, unknown, ambiguous, and bad-span cases against any proposed replacement.
R10-M25	10-module	spicy-regs; spicysearch	src/spicy_regs/evaluate_tag_quality.py; src/spicysearch/validation/topic_baseline.py	The predecessor tag-drift alarm and basic quality measurement are superseded by the stronger current SpicySearch topic baseline.	superseded	spicysearch@027a79cebf59:src/spicysearch/validation/topic_baseline.py	Rerun current baseline, drift, and sealed-verdict tests without preserving the weaker gate as authority.
R10-M26	10-module	spicy-regs; RefSpec; spicysearch	src/spicy_regs/evaluation_boundary.py; tests/test_atlas_relatedmatch_blind_review.py; src/spicysearch/experiments/	Identity, digest, concept, and near-duplicate split leakage checks are superseded by current RefSpec blind-review boundaries and SpicySearch experiment gates.	superseded	RefSpec@3464bda29d08:tests/test_atlas_relatedmatch_blind_review.py; spicysearch@027a79cebf59:src/spicysearch/experiments/	Rerun current split and blindness gates and compare only if exact near-duplicate parity is required.
R10-M27A	10-module+10-nugget#1	spicy-regs	src/spicy_regs/mcp_server.py	The MCP server resolves atomic materialized tables and omits them when validation fails; no survivor implements this resolver.	copy	source-snapshots/spicy-regs-integrate-payload-prereqs-a6ab98a.tar.gz; source-snapshots/spicy-regs-local-history-2026-08-27.bundle	Run invalid pointer, incomplete table set, and validation-failure omission cases before reuse.
R10-M27B	10-module	spicy-regs	src/spicy_regs/mcp_server.py	The discarded branch removed the existing root and icon routes; that route removal is a regression, not a capability to carry forward.	superseded	spicy-regs@b190d38a874ff97db0fe4b1f25701790e90f2c6b:src/spicy_regs/mcp_server.py	Keep the origin routes and run the current MCP HTTP surface tests.
R10-M28	10-module+10-nugget#1	spicy-regs	src/spicy_regs/pipelines/materialized.py	Restores one prior snapshot, validates schemas, runs a staged graph, publishes immutable members, and replaces latest.json only after a complete atomic dataset generation.	copy	source-snapshots/spicy-regs-integrate-payload-prereqs-a6ab98a.tar.gz; source-snapshots/spicy-regs-local-history-2026-08-27.bundle	Run prior-state restore, schema failure, partial publish, concurrent writer, and latest-pointer-last cases.
R10-M29	10-module	spicy-regs	src/spicy_regs/pipelines/ontology_dataset.py	Provides a concrete multi-stage builder for identity and concept tables; RefSpec owns much of the meaning but no equivalent dataset assembly survives.	copy	source-snapshots/spicy-regs-integrate-payload-prereqs-a6ab98a.tar.gz; source-snapshots/spicy-regs-local-history-2026-08-27.bundle	Trace every stage over a pinned fixture and settle current record ownership before any port.
R10-M30	10-module	spicy-regs	src/spicy_regs/pipelines/rollups/base.py	Only minor runner and logging changes were present; the baseline rollup behavior remains on origin/main.	durable-current-reference	spicy-regs@b190d38a874ff97db0fe4b1f25701790e90f2c6b:src/spicy_regs/pipelines/rollups/base.py	Run existing rollup-base tests after operational changes; no branch-specific preservation work remains.
R10-M31	10-module	spicy-regs	src/spicy_regs/pipelines/rollups/bill_subjects.py	Thin bill-subject rollup wrapper is preserved; unique risk resides in its acquisition and transform dependencies.	copy	source-snapshots/spicy-regs-integrate-payload-prereqs-a6ab98a.tar.gz; source-snapshots/spicy-regs-local-history-2026-08-27.bundle	Exercise command wiring with the separately preserved bill-subject source and transform behavior.
R10-M32	10-module	spicy-regs	src/spicy_regs/pipelines/rollups/court_opinion_bodies.py	Thin CourtListener body-materialization wrapper is preserved; unique risk resides in its source and transform dependencies.	copy	source-snapshots/spicy-regs-integrate-payload-prereqs-a6ab98a.tar.gz; source-snapshots/spicy-regs-local-history-2026-08-27.bundle	Exercise command wiring over bounded copied CourtListener inputs.
R10-M33	10-module	spicy-regs	src/spicy_regs/pipelines/rollups/court_opinion_clusters.py	Thin CourtListener cluster-materialization wrapper is preserved; unique risk resides in its source and transform dependencies.	copy	source-snapshots/spicy-regs-integrate-payload-prereqs-a6ab98a.tar.gz; source-snapshots/spicy-regs-local-history-2026-08-27.bundle	Exercise command wiring over a pinned cluster listing.
R10-M34	10-module	spicy-regs	src/spicy_regs/pipelines/rollups/supreme_court_opinions.py	Thin official Supreme Court publication wrapper is preserved; unique risk resides in the reader and transform.	copy	source-snapshots/spicy-regs-integrate-payload-prereqs-a6ab98a.tar.gz; source-snapshots/spicy-regs-local-history-2026-08-27.bundle	Exercise command wiring with preserved historical term fixtures.
R10-M35	10-module	spicy-regs; rulespec	src/spicy_regs/publication.py; packages/rulespec-artifacts/src/rulespec_artifacts/_artifact.py	Local and directory write-once publication primitives are superseded by the current Rulespec no-replace artifact publisher.	superseded	rulespec@93ae44d906be:packages/rulespec-artifacts/src/rulespec_artifacts/_artifact.py	Rerun no-replace, concurrent-winner, partial-publication, and path-safety tests.
R10-M36	10-module+10-nugget#1	spicy-regs	src/spicy_regs/published.py	Provides a fail-closed resolver for a versioned materialized pointer, manifest, and complete public table set; no survivor equivalent exists.	copy	source-snapshots/spicy-regs-integrate-payload-prereqs-a6ab98a.tar.gz; source-snapshots/spicy-regs-local-history-2026-08-27.bundle	Run unknown version, escaped path, missing or extra table, non-public table, and digest mismatch cases.
R10-M37	10-module	spicy-regs	src/spicy_regs/rulespec_testbed.py	Runs a small real-data Rulespec tagging diagnostic with source facts and gold splits; components survive separately but no equivalent runner does.	copy	source-snapshots/spicy-regs-integrate-payload-prereqs-a6ab98a.tar.gz; source-snapshots/spicy-regs-local-history-2026-08-27.bundle	Replay only as historical testbed evidence with pinned source and answer data.
R10-M38	10-module+10-nugget#8	spicy-regs; spicy-regs-landing	src/spicy_regs/schemas/federal_register.py	Two Federal Register schema variants preserve stable projection and historical topics_json absence semantics; no exact combined survivor rule exists.	copy	source-snapshots/spicy-regs-integrate-payload-prereqs-a6ab98a.tar.gz; source-snapshots/spicy-regs-local-history-2026-08-27.bundle; source-snapshots/spicy-regs-landing-main-31a4bfe.tar.gz; source-snapshots/spicy-regs-local-history-2026-08-27.bundle	Test pre-backfill absence versus post-backfill values using versioned published manifests before adopting a combined rule.
R10-M39	10-module	spicy-regs	src/spicy_regs/source_profile_artifacts.py	Validates, canonicalizes, and seals a complete source-profile catalog joined to exact RefSpec resource IDs; generated data survives but the generator does not.	copy	source-snapshots/spicy-regs-integrate-payload-prereqs-a6ab98a.tar.gz; source-snapshots/spicy-regs-local-history-2026-08-27.bundle	Search for any newer generator, then rebuild from one exact RefSpec release and compare receipts.
R10-M40	10-module	spicy-regs	src/spicy_regs/source_profile_artifacts_cli.py	The command-line interface for source-profile artifact generation is preserved with its generator.	copy	source-snapshots/spicy-regs-integrate-payload-prereqs-a6ab98a.tar.gz; source-snapshots/spicy-regs-local-history-2026-08-27.bundle	Exercise command arguments, error exits, and output identity if the generator is replayed.
R10-M41	10-module	spicy-regs	src/spicy_regs/source_profiles.py	Declares source profiles and their measurements; RefSpec retains generated profile data but not the authoring checks.	copy	source-snapshots/spicy-regs-integrate-payload-prereqs-a6ab98a.tar.gz; source-snapshots/spicy-regs-local-history-2026-08-27.bundle	Compare declarations with current RefSpec evidence and rerun authoring validation before reuse.
R10-M42	10-module	spicy-regs	src/spicy_regs/sources/__init__.py	Registers added readers and uses a low-risk lazy import for StagingWriter; the method is retained with its source modules.	copy	source-snapshots/spicy-regs-integrate-payload-prereqs-a6ab98a.tar.gz; source-snapshots/spicy-regs-local-history-2026-08-27.bundle	Run import-without-optional-dependencies and reader-registration tests if replayed.
R10-M43	10-module	spicy-regs	src/spicy_regs/sources/bill_subjects.py	Fetches bill details and CRS policy subjects, resolves carrier bills, and reports coverage with distinct incomplete, unavailable, and empty outcomes.	copy	source-snapshots/spicy-regs-integrate-payload-prereqs-a6ab98a.tar.gz; source-snapshots/spicy-regs-local-history-2026-08-27.bundle	Run pagination, 404, carrier-depth, subject-selection, and coverage cases before adoption.
R10-M44	10-module	spicy-regs	src/spicy_regs/sources/courtlistener.py	Adds incremental keyless CourtListener search for cluster metadata while deliberately excluding opinion bodies; no survivor counterpart exists.	copy	source-snapshots/spicy-regs-integrate-payload-prereqs-a6ab98a.tar.gz; source-snapshots/spicy-regs-local-history-2026-08-27.bundle	Run bounded paging, resume, identity, and body-exclusion tests against current upstream behavior.
R10-M45	10-module	spicy-regs; DocSpec	src/spicy_regs/sources/courtlistener_bulk.py; tools/courtlistener_bulk_source.py	The pinned CourtListener bulk-listing reader with integrity and inclusion-state checks is superseded by the DocSpec source tool.	superseded	DocSpec@444f8ec283a7:tools/courtlistener_bulk_source.py; DocSpec@444f8ec283a7:tests/test_courtlistener_bulk_source.py	Rerun listing pin, inclusion state, resumed download, digest, and mutation tests.
R10-M46	10-module	spicy-regs	src/spicy_regs/sources/document_populations.py	Captures and verifies CBO feeds and GovInfo CFR package populations; RefSpec has some readers but not this capture-and-fixity method.	copy	source-snapshots/spicy-regs-integrate-payload-prereqs-a6ab98a.tar.gz; source-snapshots/spicy-regs-local-history-2026-08-27.bundle	Replay pinned CBO and GovInfo inputs and verify population identity, bytes, and refusal cases.
R10-M47	10-module	spicy-regs	src/spicy_regs/sources/fcc_ecfs.py	Derives distinct FCC proceedings from filings and fails on conflicting identity; no survivor implementation exists.	copy	source-snapshots/spicy-regs-integrate-payload-prereqs-a6ab98a.tar.gz; source-snapshots/spicy-regs-local-history-2026-08-27.bundle	Run duplicate, consistent-repeat, and conflicting-identity fixtures before adoption.
R10-M48	10-module+10-nugget#5	spicy-regs	src/spicy_regs/sources/federal_register.py	Uses bounded date windows, recursively splits capped result sets, and fails on irreducible caps or retry exhaustion; no source-specific survivor implementation exists.	copy	source-snapshots/spicy-regs-integrate-payload-prereqs-a6ab98a.tar.gz; source-snapshots/spicy-regs-local-history-2026-08-27.bundle	Run capped-window recursion, ambiguous single-day, ordering, retry, and completeness cases before adoption.
R10-M49	10-module	spicy-regs	src/spicy_regs/sources/iceberg.py	The discarded branch removed origin's secret setup and null-safe Parquet backfill; the stronger origin implementation should remain.	superseded	spicy-regs@b190d38a874ff97db0fe4b1f25701790e90f2c6b:src/spicy_regs/sources/iceberg.py	Run origin secret-setup and null-safe backfill tests; do not adopt the branch regression.
R10-M50	10-module+10-nugget#5	spicy-regs	src/spicy_regs/sources/mirrulations.py	Implements bounded streaming, exact ETag-conditioned retrieval, size caps, and fail-fast handling for mutable upstream objects; no exact survivor counterpart exists.	copy	source-snapshots/spicy-regs-integrate-payload-prereqs-a6ab98a.tar.gz; source-snapshots/spicy-regs-local-history-2026-08-27.bundle	Replay a frozen draw with If-Match, mutation, oversize, and interrupted-stream cases.
R10-M51A	10-module+10-nugget#10	spicy-regs	src/spicy_regs/sources/r2.py	Adds expected-shrink publication plus correct revalidation headers for latest.json and Parquet; these additions are useful independently of the branch uploader regression.	copy	source-snapshots/spicy-regs-integrate-payload-prereqs-a6ab98a.tar.gz; source-snapshots/spicy-regs-local-history-2026-08-27.bundle	Port only allow_shrink and cache-header behavior, then run pointer, Parquet, and anti-shrink cases.
R10-M51B	10-module+10-nugget#10	spicy-regs	src/spicy_regs/sources/r2.py	The discarded branch fails to consume executor.map and can swallow parallel-upload failures; origin/main preserves failure propagation.	superseded	spicy-regs@b190d38a874ff97db0fe4b1f25701790e90f2c6b:src/spicy_regs/sources/r2.py	Run a worker-failure injection and prove the origin uploader propagates the exception.
R10-M52	10-module+10-nugget#7	spicy-regs	src/spicy_regs/sources/source_domains.py	Compares pinned OpenAPI and XSD declarations with observed domains and fails on both unrecorded discrepancies and obsolete accepted exceptions.	copy	source-snapshots/spicy-regs-integrate-payload-prereqs-a6ab98a.tar.gz; source-snapshots/spicy-regs-local-history-2026-08-27.bundle	Run new-discrepancy and stale-exception fixtures against pinned schema and observation inputs.
R10-M53	10-module	spicy-regs	src/spicy_regs/sources/supreme_court_opinions.py	Reads official Supreme Court term indexes and PDFs with page ranges and classifications; no survivor reader exists.	copy	source-snapshots/spicy-regs-integrate-payload-prereqs-a6ab98a.tar.gz; source-snapshots/spicy-regs-local-history-2026-08-27.bundle	Replay modern and pre-2021 indexes, shared volumes, wrong terms, dead links, and page-range cases.
R10-M54	10-module	spicy-regs; RefSpec	src/spicy_regs/sources/uscode_olrc.py; src/refspec/registry/usc_act_index.py	The OLRC Popular Name Tool and Table III parser is superseded by current RefSpec USC act-index behavior.	superseded	RefSpec@3464bda29d08:src/refspec/registry/usc_act_index.py; RefSpec@3464bda29d08:tests/test_usc_act_index.py	Rerun ambiguity, alias, role, division, and Table III composition cases.
R10-M55	10-module	spicy-regs	src/spicy_regs/sources/uscode_uslm.py	Scans USLM source credits using strict enactment rules and quarantine; RefSpec consumes pinned output but no surviving scanner was found.	copy	source-snapshots/spicy-regs-integrate-payload-prereqs-a6ab98a.tar.gz; source-snapshots/spicy-regs-local-history-2026-08-27.bundle	Locate current generation provenance and run enactment, amendment, bounded-citation, and quarantine cases before any port.
R10-M56	10-module	spicy-regs	src/spicy_regs/transforms/__init__.py	The discarded branch eagerly imports new transforms and expands optional dependency reachability; origin's registry behavior should remain.	superseded	spicy-regs@b190d38a874ff97db0fe4b1f25701790e90f2c6b:src/spicy_regs/transforms/__init__.py	Run clean installed-package import tests without optional transform dependencies.
R10-M57	10-module	spicy-regs	src/spicy_regs/transforms/build_authority_edges.py	Parses Unified Agenda legal authorities, preserves range endpoints, and retains failed parses as searchable evidence; no equivalent materializer survives.	copy	source-snapshots/spicy-regs-integrate-payload-prereqs-a6ab98a.tar.gz; source-snapshots/spicy-regs-local-history-2026-08-27.bundle	Run successful, range, failed-parse, and evidence-retention cases before adoption.
R10-M58	10-module+10-nugget#4	spicy-regs	src/spicy_regs/transforms/build_comment_periods.py	Builds continuous and reopened comment intervals and merges only uniquely resolved assertions.	copy	source-snapshots/spicy-regs-integrate-payload-prereqs-a6ab98a.tar.gz; source-snapshots/spicy-regs-local-history-2026-08-27.bundle	Run adjacency, reopening, ambiguous-resolution, and unresolved-proceeding cases.
R10-M59	10-module	spicy-regs	src/spicy_regs/transforms/build_concept_assignments.py	Materializes provenance-bound concept assignments; current products retain portions of binding meaning but not this ETL.	copy	source-snapshots/spicy-regs-integrate-payload-prereqs-a6ab98a.tar.gz; source-snapshots/spicy-regs-local-history-2026-08-27.bundle	Trace source facts, concept identity, and provenance through a pinned fixture before porting.
R10-M60	10-module	spicy-regs	src/spicy_regs/transforms/build_concept_events.py	Builds append-only concept lifecycle events; RefSpec retains some lifecycle meaning but not this ETL.	copy	source-snapshots/spicy-regs-integrate-payload-prereqs-a6ab98a.tar.gz; source-snapshots/spicy-regs-local-history-2026-08-27.bundle	Run append-only, ordering, identity, and invalid-transition cases against any replacement.
R10-M61	10-module	spicy-regs	src/spicy_regs/transforms/build_concepts.py	Materializes the concept registry into tables; RefSpec Atlas builders overlap but do not prove table-output parity.	copy	source-snapshots/spicy-regs-integrate-payload-prereqs-a6ab98a.tar.gz; source-snapshots/spicy-regs-local-history-2026-08-27.bundle	Compare one pinned registry through both builders before deciding whether the ETL is needed.
R10-M62	10-module	spicy-regs	src/spicy_regs/transforms/build_congress_bills.py	Derives Public Law numbers and backfills prior Parquet without replaying the API; no survivor implementation exists.	copy	source-snapshots/spicy-regs-integrate-payload-prereqs-a6ab98a.tar.gz; source-snapshots/spicy-regs-local-history-2026-08-27.bundle	Run derivation and prior-Parquet backfill cases with API access disabled.
R10-M63	10-module	spicy-regs	src/spicy_regs/transforms/build_court_opinion_bodies.py	Builds full CourtListener opinion-text tables from bulk material; no survivor transform exists.	copy	source-snapshots/spicy-regs-integrate-payload-prereqs-a6ab98a.tar.gz; source-snapshots/spicy-regs-local-history-2026-08-27.bundle	Run bounded copied bulk input through text, identity, missing-body, and coverage cases.
R10-M64	10-module	spicy-regs	src/spicy_regs/transforms/build_court_opinion_clusters.py	Builds CourtListener decision metadata with bounded batching and headroom; DocSpec capture overlaps but not this output table.	copy	source-snapshots/spicy-regs-integrate-payload-prereqs-a6ab98a.tar.gz; source-snapshots/spicy-regs-local-history-2026-08-27.bundle	Measure batch and memory bounds and verify cluster identity and row coverage on pinned input.
R10-M65	10-module	spicy-regs	src/spicy_regs/transforms/build_federal_register.py	Adds topics_json, preserves a stable projection, and performs a one-time backfill when prior data lacks the column.	copy	source-snapshots/spicy-regs-integrate-payload-prereqs-a6ab98a.tar.gz; source-snapshots/spicy-regs-local-history-2026-08-27.bundle	Run pre-column, post-column, no-op rerun, and absence-versus-null cases.
R10-M66	10-module	spicy-regs	src/spicy_regs/transforms/build_fr_docket_links.py	Preserves stated docket values, separates normalization from resolution, and emits deterministic docket-link rows; RefSpec retains rules but not this materializer.	copy	source-snapshots/spicy-regs-integrate-payload-prereqs-a6ab98a.tar.gz; source-snapshots/spicy-regs-local-history-2026-08-27.bundle	Run decorated, foreign, colliding, unresolved, and deterministic-order cases.
R10-M67	10-module+10-nugget#4	spicy-regs	src/spicy_regs/transforms/build_proceedings.py	Uses union-find to group trusted dockets only through shared Federal Register artifacts and never through broad RIN equality.	copy	source-snapshots/spicy-regs-integrate-payload-prereqs-a6ab98a.tar.gz; source-snapshots/spicy-regs-local-history-2026-08-27.bundle	Run shared-artifact positive cases and RIN-only negative cases before adoption.
R10-M68	10-module	spicy-regs	src/spicy_regs/transforms/build_regulatory_agenda.py	Builds durable RIN agenda items and links only uniquely resolved targets; no executable survivor counterpart exists.	copy	source-snapshots/spicy-regs-integrate-payload-prereqs-a6ab98a.tar.gz; source-snapshots/spicy-regs-local-history-2026-08-27.bundle	Run unique, ambiguous, missing, and duplicate target-resolution cases.
R10-M69	10-module+10-nugget#4	spicy-regs	src/spicy_regs/transforms/build_rule_targets.py	Creates a conservative docket, CFR, and RIN identity spine from bounded evidence; no executable survivor counterpart exists.	copy	source-snapshots/spicy-regs-integrate-payload-prereqs-a6ab98a.tar.gz; source-snapshots/spicy-regs-local-history-2026-08-27.bundle	Run each evidence channel alone and in conflict, proving no unbounded identity fan-out.
R10-M70	10-module	spicy-regs	src/spicy_regs/transforms/build_supreme_court_opinions.py	Converts official Supreme Court PDFs into published opinion rows; no survivor transform exists.	copy	source-snapshots/spicy-regs-integrate-payload-prereqs-a6ab98a.tar.gz; source-snapshots/spicy-regs-local-history-2026-08-27.bundle	Replay preserved term fixtures and verify page ranges, classifications, text identity, and dead-link accounting.
R10-M71	10-module	spicy-regs	src/spicy_regs/transforms/build_unified_agenda.py	Fails on invalid dates and interprets day 00 as the first day rather than broadly clamping; no confirmed equivalent survivor rule exists.	copy	source-snapshots/spicy-regs-integrate-payload-prereqs-a6ab98a.tar.gz; source-snapshots/spicy-regs-local-history-2026-08-27.bundle	Run invalid dates, day 00, month boundaries, and ordinary dates against current RefSpec parsing.
R10-M72	10-module	spicy-regs	src/spicy_regs/transforms/court_scope.py	Derives jurisdiction and federal scope from docket evidence with cached mapping receipts; no survivor implementation exists.	copy	source-snapshots/spicy-regs-integrate-payload-prereqs-a6ab98a.tar.gz; source-snapshots/spicy-regs-local-history-2026-08-27.bundle	Replay a pinned court map and verify cache identity, scope derivation, unknowns, and receipt digests.
R10-M73	10-module	spicy-regs	src/spicy_regs/transforms/enrich_bill_subjects.py	Incrementally adopts per-bill subject results and records coverage while preserving null-versus-absent semantics.	copy	source-snapshots/spicy-regs-integrate-payload-prereqs-a6ab98a.tar.gz; source-snapshots/spicy-regs-local-history-2026-08-27.bundle	Run interrupted resume, prior-row merge, null subject, missing result, and coverage reconciliation cases.
R10-M74	10-module+10-nugget#9	spicy-regs	src/spicy_regs/transforms/pdf_text.py	Adds configurable whitespace and separators, per-page output, and failed-page ordinals; origin retains the core extractor but not all failure detail.	copy	source-snapshots/spicy-regs-integrate-payload-prereqs-a6ab98a.tar.gz; source-snapshots/spicy-regs-local-history-2026-08-27.bundle	Compare branch and origin over success and failed-page fixtures before deciding whether to port only the evidence detail.
R10-M75	10-module+10-nugget#9	spicy-regs	src/spicy_regs/transforms/pdf_text_pymupdf.py	Extracts text plus per-word page coordinates with PyMuPDF; no survivor reproduces the coordinate output, and prior adoption was reversed.	copy	source-snapshots/spicy-regs-integrate-payload-prereqs-a6ab98a.tar.gz; source-snapshots/spicy-regs-local-history-2026-08-27.bundle	Retain as historical code; require a new measured adoption decision before any current use.
R10-M76	10-module	spicy-regs	src/spicy_regs/vectordb/embed.py	The existing bulk embed command gains a model-dimension API compatibility fix; SpicySearch vector search does not replace this CLI detail.	copy	source-snapshots/spicy-regs-integrate-payload-prereqs-a6ab98a.tar.gz; source-snapshots/spicy-regs-local-history-2026-08-27.bundle	Run the bulk command with the pinned model and verify dimension discovery before porting the narrow fix.
R10-M77	10-module	spicy-regs	src/spicy_regs/manifest.py	Bloom-filter incremental-crawl state and streaming manifest updates are unchanged on origin/main, including the false-positive warning.	durable-current-reference	spicy-regs@b190d38a874ff97db0fe4b1f25701790e90f2c6b:src/spicy_regs/manifest.py	Run existing manifest tests and retain full-refresh recovery for false positives.
R10-M78	10-module	spicy-regs	src/spicy_regs/enrich_pdf.py	The PDF text enrichment driver is unchanged on origin/main and is not at risk from discarding the branch.	durable-current-reference	spicy-regs@b190d38a874ff97db0fe4b1f25701790e90f2c6b:src/spicy_regs/enrich_pdf.py	Run the existing enrich-pdf-text command tests after dependency changes.
R10-M79	10-module	spicy-regs	src/spicy_regs/backfill_derived_text.py	The derived comment-text backfill is unchanged on origin/main and is not at risk from discarding the branch.	durable-current-reference	spicy-regs@b190d38a874ff97db0fe4b1f25701790e90f2c6b:src/spicy_regs/backfill_derived_text.py	Run the existing backfill-comment-text tests after storage changes.
R11-A01	11#1	spicy-regs	src/spicy_regs/docpipeline/adapters/docling.py; src/spicy_regs/docpipeline/source.py	Office extraction covers DOCX, PPTX, and XLSX through pinned model-free Docling releases, preserves five content layers, table grids and spans, formulas, captions, comments, notes, geometry, omissions, and closed refusal codes, and runs in a credential-stripped bounded child process; no survivor has this capability.	copy	source-snapshots/spicy-regs-integrate-payload-prereqs-a6ab98a.tar.gz; source-snapshots/spicy-regs-local-history-2026-08-27.bundle	Replay representative Office fixtures and verify every layer, table, geometry, omission, refusal, timeout, and size bound before any adoption.
R11-A02	11#2	spicy-regs	src/spicy_regs/docpipeline/adapters/anthropic.py; src/spicy_regs/docpipeline/adapters/openai.py; src/spicy_regs/docpipeline/adapters/openai_compatible.py; src/spicy_regs/docpipeline/adapters/codex_cli.py	A provider-independent structured-LLM safety layer enforces local schemas, budgets, retries, outcome classes, telemetry, controlled fallback, read-only Codex execution, and honest adapter limitations; DocSpec supplies only an injected Processor interface and generic receipt.	copy	source-snapshots/spicy-regs-integrate-payload-prereqs-a6ab98a.tar.gz; source-snapshots/spicy-regs-local-history-2026-08-27.bundle	Test each adapter with pinned client versions for schema, budget, refusal, retry, fallback, telemetry, credential stripping, and local-validation behavior before adoption.
R11-A03	11#3	spicy-regs	src/spicy_regs/docpipeline/adapters/sentence_transformers.py; src/spicy_regs/docpipeline/retrieval.py	The preserved retrieval layer pins SPLADE sparse encoding and a BGE cross-encoder reranker, validates portable sparse vectors, binds exact text and model identity, rejects candidate or text drift, and supports append-only checkpoint and provider-free rank rebuild; survivors retain only dense BGE serving.	copy	source-snapshots/spicy-regs-integrate-payload-prereqs-a6ab98a.tar.gz; source-snapshots/spicy-regs-local-history-2026-08-27.bundle	Replay sparse and rerank fixtures with exact model revisions, then verify drift refusal, interrupted resume, score finiteness, order restoration, and provider-free rebuild.
R11-A04	11#4	spicy-regs	src/spicy_regs/docpipeline/source.py; src/spicy_regs/document_file_pipeline.py	Measured parser-and-format retention floors refuse thin or unmeasurable HTML, XML, and PDF parses and require explicit named exemptions; no survivor implements these measured completeness checks.	copy	source-snapshots/spicy-regs-integrate-payload-prereqs-a6ab98a.tar.gz; source-snapshots/spicy-regs-local-history-2026-08-27.bundle	Recompute the measured populations, pin the approved floors, and run below-floor, unmeasurable, unknown-pair, exemption, and Office-without-floor cases before adoption.
R11-A05	11#5	spicy-regs	src/spicy_regs/docpipeline/extraction.py	Provider-free extraction replay refuses retrieval and hidden answer fields before calls, stores exact secret-free request and response evidence, recomputes outputs without a provider, reports answer-key access, and cannot upgrade failed or unknown checks during rebuild; no survivor combines these controls.	copy	source-snapshots/spicy-regs-integrate-payload-prereqs-a6ab98a.tar.gz; source-snapshots/spicy-regs-local-history-2026-08-27.bundle	Deny provider access and test hidden-field refusal, exact evidence replay, answer-file reporting, derived recomputation, and no-upgrade rebuild semantics.
R11-A06	11#6	spicy-regs	src/spicy_regs/docpipeline/source.py; src/spicy_regs/docpipeline/adapters/docling.py	The source evidence model binds immutable state, codepoint coordinates, region digest round trips, full coverage and exclusion accounting, native-versus-parser provenance, five content layers, coordinate grades, parser-attempt records, and closed refusal outcomes; DocSpec reproduces exact bytes and mappings but not the complete taxonomy and ledger.	copy	source-snapshots/spicy-regs-integrate-payload-prereqs-a6ab98a.tar.gz; source-snapshots/spicy-regs-local-history-2026-08-27.bundle	Trace every source codepoint and parser attempt through positive, held, omitted, unsupported, failed, timeout, signal, malformed, and oversize cases before any partial port.
R12-D01	12#1	spicy-regs; spicy-regs-landing; spicysearch	spicy-regs/output/; spicy-regs-landing/output/; spicysearch@027a79cebf59:fixtures/releases/date-events-full-pin.json; spicysearch@027a79cebf59:research/	Exact historical populations remain inputs to current SpicySearch fixtures and research scripts; 21,635 files and 23,135,060,429 bytes from SpicyRegs plus 26 files and 9,298,482,522 bytes from landing are now copied.	copy	../../../_preserved-2026-08-27/spicy-regs-output-complete; ../../../_preserved-2026-08-27/landing-output	Verify copy manifests and hashes, then replace absolute SpicyRegs paths with declared sealed inputs as separate current-product work.
R12-D02	12#2	spicy-regs-landing	output/source-catalog-release-regulations-gov-2021-2025-metadata-complete/; output/source-catalog-release-regulations-gov-2021-2025-metadata-complete-inputs/; output/source-catalog-release-regulations-gov-2021-2025-metadata-complete-composition.json; output/mirrulations-mirror-index/	The metadata-complete Regulations.gov release preserves exact input locks, mirror evidence, 3.95 GB source-item membership, every selected or non-selected disposition, and the only closed 2021-2025 population used for its digests.	copy	../../../_preserved-2026-08-27/landing-output:source-catalog-release-regulations-gov-2021-2025-metadata-complete/; ../../../_preserved-2026-08-27/landing-output:source-catalog-release-regulations-gov-2021-2025-metadata-complete-inputs/; ../../../_preserved-2026-08-27/landing-output:source-catalog-release-regulations-gov-2021-2025-metadata-complete-composition.json; ../../../_preserved-2026-08-27/landing-output:mirrulations-mirror-index/	Validate release and input member hashes and reconcile all dispositions; rebuilding from mutable upstream URLs is not equivalent.
R12-D03A	12#3-agency	spicy-regs	output/agency-crosswalk-2026-08-02/receipt.json; output/agency-crosswalk-2026-08-02/	The agency-crosswalk receipt binds exact output digests and counts, including 914 rows, 715,080 Federal Register docket links, normalization gains, 579,669 foreign identifiers, and 35,662 quarantines, plus the rule that citation frequency is not ownership.	copy	../../../_preserved-2026-08-27/spicy-regs-output-complete:agency-crosswalk-2026-08-02/	Verify receipt and Parquet member digests; any new crosswalk adoption needs current qualification.
R12-D03B	12#3-date-events	spicy-regs	output/date-event-artifact-2026-08-01/receipt.json; output/date-event-artifact-2026-08-01/	The date-event receipt binds 845,784 events, event-type counts, 3,966 quarantines, the full output digest, and the dated finding that no 2026-06-30 ECFS proceeding had a usable window.	copy	../../../_preserved-2026-08-27/spicy-regs-output-complete:date-event-artifact-2026-08-01/	Verify receipt and member digests; treat ECFS coverage as dated evidence and rerun before operational use.
R12-D03C	12#3-citations	spicy-regs	output/citation-bakeoff-2026-08-02/detection-receipt.json; output/citation-bakeoff-2026-08-02/adjudication-receipt.json; output/citation-bakeoff-2026-08-02/	Citation detection and adjudication receipts bind 4,777 authority strings, comparison counts, 620 adjudicated cases, model, spend, tokens, output digest, and exact CiteURL, Markdown, and Python versions.	copy	../../../_preserved-2026-08-27/spicy-regs-output-complete:citation-bakeoff-2026-08-02/	Verify all receipt and JSONL digests; future model or library runs are new experiments rather than preservation checks.
R12-D03D	12#3-retrieval	spicy-regs	output/artifact-retrieval-deterministic-v1/artifact-retrieval-receipt.json; output/artifact-retrieval-document-bge-v2/artifact-retrieval-receipt.json	The retrieval receipts bind the exact evaluated populations: deterministic 300 artifacts, 25 queries, and 1,500 candidates; BGE 184 artifacts, 35 queries, 5,510 candidates, and 46 truncated inputs.	copy	../../../_preserved-2026-08-27/spicy-regs-output-complete:artifact-retrieval-deterministic-v1/; ../../../_preserved-2026-08-27/spicy-regs-output-complete:artifact-retrieval-document-bge-v2/	Verify receipt and candidate member digests before reusing any archived measurement.
R12-D04	12#4-current	RefSpec	tests/fixtures/cbo_topic_codes/; tests/fixtures/fcc_ecfs_codes/; tests/fixtures/regulations_gov_codes/regulations-gov-openapi-v4-2026-08-03.yaml; tests/fixtures/unified_agenda_codes/reginfo-rin-data-ver10262011.xsd	The CBO, FCC ECFS, Regulations.gov OpenAPI, and Reginfo XSD captures identified as not at risk survive as exact current RefSpec fixtures; unique sample bytes and the observed-domain census are already covered by R09-12-SAMPLES and R09-12-DOMAINS.	durable-current-reference	RefSpec@3464bda29d08:tests/fixtures/cbo_topic_codes/; RefSpec@3464bda29d08:tests/fixtures/fcc_ecfs_codes/; RefSpec@3464bda29d08:tests/fixtures/regulations_gov_codes/regulations-gov-openapi-v4-2026-08-03.yaml; RefSpec@3464bda29d08:tests/fixtures/unified_agenda_codes/reginfo-rin-data-ver10262011.xsd	Rerun fixture digest and registry tests after publisher-schema updates.
R12-D05A	12#5-schedules	spicy-regs	.github/workflows/rollup-bill-subjects.yml; .github/workflows/rollup-court-opinion-clusters.yml; .github/workflows/rollup-court-opinion-bodies.yml; .github/workflows/rollup-supreme-court-opinions.yml; .github/workflows/materialize-ontology.yml	Added workflows preserve unique operational timing and ordering for bill subjects, CourtListener clusters and bodies, Supreme Court opinions, and six-day identity versus Sunday full ontology convergence with bounded serialized publication and failure artifacts.	copy	source-snapshots/spicy-regs-integrate-payload-prereqs-a6ab98a.tar.gz; source-snapshots/spicy-regs-local-history-2026-08-27.bundle	Review schedules against current upstream cadence and capacity before activation; preservation does not authorize running them.
R12-D05B	12#5-mcp	spicy-regs	.github/workflows/deploy-mcp.yml	The added MCP deployment workflow performs a real initialization, retries alias propagation five times at 15-second intervals, and requires serverInfo because deployment readiness and HTTP 200 did not prove a working service.	copy	source-snapshots/spicy-regs-integrate-payload-prereqs-a6ab98a.tar.gz; source-snapshots/spicy-regs-local-history-2026-08-27.bundle	Replay the smoke check in a non-production environment and reassess the retry budget before any deployment adoption.
R12-D05C	12#5-superseded	spicy-regs; DocSpec; rulespec	.github/workflows/; .github/workflows/deploy-docs.yml	Twelve modified workflows mainly add submodule checkout and a package-build gate, which current installed-package and immutable-file exchange decisions supersede. The deploy-docs change also records the historical, deliberate non-blocking schema check that could publish documentation ahead of live R2 data while ingestion stayed fail-closed.	superseded	spicy-regs@b190d38a874ff97db0fe4b1f25701790e90f2c6b:.github/workflows/; DocSpec@444f8ec283a7:pyproject.toml; rulespec@93ae44d906be:packages/rulespec-artifacts/; source-snapshots/spicy-regs-integrate-payload-prereqs-a6ab98a.tar.gz; source-snapshots/spicy-regs-local-history-2026-08-27.bundle	Verify current package-boundary and installed-only gates; separately decide whether documentation-to-live-schema reconciliation must become a hard publication gate, without restoring submodule checkout.
R12-D07	12#7	spicy-regs; spicy-regs-landing	conformance/rulespec-l0.yaml; fixtures/; src/spicy_regs/fixtures/rulespec/	Historical Rulespec, L0 corpus, evidence, candidate-release, and schema-set identities preserve byte-for-byte replay of an abandoned candidate, while current Rulespec and DocSpec retain the conformance behaviors.	copy	source-snapshots/spicy-regs-integrate-payload-prereqs-a6ab98a.tar.gz; source-snapshots/spicy-regs-local-history-2026-08-27.bundle; source-snapshots/spicy-regs-landing-main-31a4bfe.tar.gz; source-snapshots/spicy-regs-local-history-2026-08-27.bundle	Verify historical fixture digests only for replay; current conformance must use current Rulespec and DocSpec releases.
R12-D08	12#8	spicy-regs	policies/source-profile-catalog-v0.json; policies/profile-resource-applicability-v0.json	Experimental policies preserve the historical mapping of 19 source tables to extraction modes and 26 resource applications, but stale RefSpec identity and newer ownership decisions make them lineage rather than authority.	copy	source-snapshots/spicy-regs-integrate-payload-prereqs-a6ab98a.tar.gz; source-snapshots/spicy-regs-local-history-2026-08-27.bundle	Validate the historical files for archive integrity and require a new current policy and approval before any use.
R12-M01	12-manifest#1	spicy-regs-landing; spicy-regs	docs/migration/spicysearch-product-migration-manifest.json; src/spicy_regs/cli.py	The manifest correctly keeps local case-folded Parquet substring search until equivalent task proof, but exact docket, document, and comment consumers remain unmeasured.	copy	source-snapshots/spicy-regs-landing-main-31a4bfe.tar.gz; source-snapshots/spicy-regs-local-history-2026-08-27.bundle; source-snapshots/spicy-regs-integrate-payload-prereqs-a6ab98a.tar.gz; source-snapshots/spicy-regs-local-history-2026-08-27.bundle	Run a pinned cutover fixture over all three result types and measure consumers before retirement.
R12-M02	12-manifest#2	spicy-regs	src/spicy_regs/transforms/build_search_index.py; .github/workflows/rollup-docket-search.yml	The daily client-side MiniSearch docket index remains a live origin/main serving surface pending SpicySearch replacement or explicit retirement.	durable-current-reference	spicy-regs@b190d38a874ff97db0fe4b1f25701790e90f2c6b:src/spicy_regs/transforms/build_search_index.py; spicy-regs@b190d38a874ff97db0fe4b1f25701790e90f2c6b:.github/workflows/rollup-docket-search.yml	Measure current clients and prove equivalent SearchSnapshot behavior before retirement.
R12-M03	12-manifest#3	spicy-regs-landing; spicysearch	docs/migration/spicysearch-product-migration-manifest.json; src/spicy_regs/vectordb/embed.py; docs/decisions/0004-semantic-enablement.md	Semantic retrieval remains SpicySearch-owned, but the manifest's docket, document, and comment embedding scope is superseded because comments cannot enter current candidate generation or ranking.	superseded	spicysearch@027a79cebf59:docs/decisions/0004-semantic-enablement.md; spicysearch@027a79cebf59:src/spicysearch/semantic_lane.py; spicysearch@027a79cebf59:src/spicysearch/backends/semantic_vector.py	Rerun current semantic sealed-verdict and eligibility gates; any comment lane requires a new decision.
R12-M04	12-manifest#4	spicy-regs	notebooks/search_capabilities.ipynb; notebooks/vector_search.ipynb	Exploratory full-text and vector notebooks remain historical research evidence on origin/main and are not release authority.	durable-current-reference	spicy-regs@b190d38a874ff97db0fe4b1f25701790e90f2c6b:notebooks/search_capabilities.ipynb; spicy-regs@b190d38a874ff97db0fe4b1f25701790e90f2c6b:notebooks/vector_search.ipynb	Pin inputs before reproducing outputs; mutable public URLs cannot support exact historical claims.
R12-M05	12-manifest#5	spicy-regs	src/spicy_regs/mcp_server.py; README.md	MCP source listing, table description, and raw SQL remain SpicyRegs diagnostics while search operations belong to SpicySearch.	durable-current-reference	spicy-regs@b190d38a874ff97db0fe4b1f25701790e90f2c6b:src/spicy_regs/mcp_server.py; spicysearch@027a79cebf59:docs/decisions/0001-four-product-boundary.md	Verify current MCP diagnostics and SpicySearch API boundaries independently before changing either surface.
R12-M06	12-manifest#6	spicy-regs-landing; DocSpec; RefSpec	docs/migration/spicysearch-product-migration-manifest.json; src/spicy_regs/docpipeline/source.py; docs/decisions.md REF-048	The dirty August 27 manifest correctly moves exact capture, representations, segmentation, and DocumentRelease to DocSpec; the older status text is superseded by implemented current ownership.	superseded	RefSpec@3464bda29d08:docs/decisions.md; DocSpec@444f8ec283a7:src/docspec/domain/content.py; DocSpec@444f8ec283a7:src/docspec/processing/segmentation.py; DocSpec@444f8ec283a7:src/docspec/domain/release.py	Rerun DocSpec package-boundary, capture, mapping, segmentation, and release tests; separately assess report-11 gaps.
R12-M07	12-manifest#7	spicy-regs-landing; DocSpec	docs/migration/spicysearch-product-migration-manifest.json; src/spicy_regs/docpipeline/segments.py	Processing-segment construction is now DocSpec-owned under REF-048, not a Rulespec Extrapolator responsibility as the manifest states.	superseded	RefSpec@3464bda29d08:docs/decisions.md; DocSpec@444f8ec283a7:src/docspec/processing/segmentation.py; DocSpec@444f8ec283a7:src/docspec/domain/content.py	Rerun current segmentation and source-mapping tests; tokenizer-packing parity remains a separate copied finding.
R12-M08	12-manifest#8	spicy-regs-landing; DocSpec; rulespec; spicysearch	docs/migration/spicysearch-product-migration-manifest.json; src/spicy_regs/docpipeline/extraction.py; src/spicy_regs/docpipeline/tag_task.py; src/spicy_regs/docpipeline/runtime.py	The mixed runtime must split: DocSpec constructs segments, Rulespec Extrapolator owns evidence-bound logical structuring, and SpicySearch owns snapshot topic tagging; baseline approval remains parked.	superseded	DocSpec@444f8ec283a7:src/docspec/processing/segmentation.py; rulespec@93ae44d906be:release-records/schemas/extrapolation-release-v2.schema.json; spicysearch@027a79cebf59:src/spicysearch/topic_tags.py; spicysearch@027a79cebf59:docs/decisions/0001-four-product-boundary.md	Run each product's boundary tests and require a separate accepted owner and gate before baseline approval.
R12-M09	12-manifest#9	spicysearch	src/spicysearch/text_retrieval.py; src/spicysearch/semantic_lane.py; src/spicysearch/retrieval_lanes.py	Sparse, dense, and hybrid search implementation remains directionally SpicySearch-owned, with current release-scoped lanes replacing the mixed predecessor runtime.	durable-current-reference	spicysearch@027a79cebf59:src/spicysearch/text_retrieval.py; spicysearch@027a79cebf59:src/spicysearch/semantic_lane.py; spicysearch@027a79cebf59:src/spicysearch/retrieval_lanes.py	Rerun lexical, semantic, hybrid, replay, and eligibility tests; archived SPLADE and rerank experiments remain separate.
R12-M10	12-manifest#10	spicy-regs-landing; DocSpec; rulespec	docs/migration/spicysearch-product-migration-manifest.json; src/spicy_regs/docpipeline/rkaf_projection.py	Portable RKAF shapes remain Rulespec Core, but source representations and fragments now belong to DocSpec rather than SpicyRegs; mixed projection ownership in the manifest is superseded.	superseded	rulespec@93ae44d906be:constraints/core/; DocSpec@444f8ec283a7:src/docspec/domain/content.py; RefSpec@3464bda29d08:docs/decisions.md	Rerun Rulespec carrier conformance and DocSpec evidence-mapping tests without inferring cross-product derivation authority.
R12-M11	12-manifest#11	RefSpec; rulespec; spicysearch	src/refspec/atlas/; release-records/schemas/extrapolation-release-v2/; src/spicysearch/topic_tags.py	Concept registry, candidate channels, ontology materialization, receipts, and evaluations remain directionally divided among current RefSpec managed releases, Rulespec Extrapolator assertions, and SpicySearch read models.	durable-current-reference	RefSpec@3464bda29d08:src/refspec/atlas/; rulespec@93ae44d906be:release-records/schemas/extrapolation-release-v2/; spicysearch@027a79cebf59:src/spicysearch/topic_tags.py	Rerun current artifact admission and product-boundary tests before moving any remaining historical component.
R12-M12	12-manifest#12	spicy-regs-landing; RefSpec	docs/migration/spicysearch-product-migration-manifest.json; src/spicy_regs/ontology/vocabulary_atlas*.py; tools/build_vocabulary_atlas.py	RefSpec ownership remains correct, but the named bindings/atlas/1.0 destination is obsolete after Atlas 1.0 and 2.0 retirement and Atlas 3.1 adoption.	superseded	RefSpec@3464bda29d08:src/refspec/atlas/; RefSpec@3464bda29d08:tests/test_atlas_v3_binding.py; RefSpec@3464bda29d08:docs/decisions.md	Rerun Atlas 3.1 binding and managed-release tests; do not recreate retired binding directories.
R12-M13	12-manifest#13	RefSpec; rulespec	src/refspec/managed_release.py; src/refspec/atlas_index.py; release-records/schemas/extrapolation-release-v2/	Managed-release lookup and product-local Atlas readers remain in RefSpec, while accepted evidence-bound assignments have a current Rulespec Extrapolator release shape.	durable-current-reference	RefSpec@3464bda29d08:src/refspec/managed_release.py; RefSpec@3464bda29d08:src/refspec/atlas_index.py; rulespec@93ae44d906be:release-records/schemas/extrapolation-release-v2/	Rerun current release verification and extrapolation conformance; preserve predecessor wrappers only as copied history.
R12-M14	12-manifest#14	spicy-regs-landing; RefSpec	docs/migration/spicysearch-product-migration-manifest.json; RefSpec/research/evidence/ladybug-vocabulary-atlas-spike-2026-07-31/; RefSpec/research/evidence/vocabulary-atlas-graph-experiment-2026-07-31.md; RefSpec/research/evidence/vocabulary-atlas-graphdb-v5/	The migration disposition survives in the landing snapshot, while the LadybugDB spike, graph configuration, and vocabulary-atlas experiment survive at exact RefSpec paths; none authorizes a graph serving design.	durable-current-reference	source-snapshots/spicy-regs-landing-main-31a4bfe.tar.gz; RefSpec@3464bda29d08:research/evidence/ladybug-vocabulary-atlas-spike-2026-07-31/; RefSpec@3464bda29d08:research/evidence/vocabulary-atlas-graph-experiment-2026-07-31.md; RefSpec@3464bda29d08:research/evidence/vocabulary-atlas-graphdb-v5/	Require a new architecture decision and measured need before any graph adoption.
R12-M15	12-manifest#15	spicy-regs-landing; RefSpec	docs/migration/spicysearch-product-migration-manifest.json; RefSpec/; output/refspec-vocabulary-portfolio/federal-register-thesaurus-1995/	The 1995 Federal Register thesaurus survives only as historical evidence; its 1995-to-2025 crosswalk is not authorized as an active mapping or managed-vocabulary output.	superseded	RefSpec@3464bda29d08:research/source-vocabulary-ontology-thesaurus-catalog-2026-07-28.md; RefSpec@3464bda29d08:docs/decisions.md	Verify historical bytes when replaying lineage; require new qualification before using any crosswalk.
R12-M16	12-manifest#16	spicy-regs-landing; DocSpec	docs/migration/spicysearch-product-migration-manifest.json; src/spicy_regs/document_release.py; src/spicy_regs/fixtures/*.json	The dirty August 27 manifest correctly moves the repository-independent predecessor release to DocSpec, whose current DocumentRelease implementation supersedes the stale not-yet-moved status.	superseded	DocSpec@444f8ec283a7:src/docspec/domain/release.py; DocSpec@444f8ec283a7:src/docspec/adapters/storage.py; RefSpec@3464bda29d08:docs/decisions.md	Rerun current DocSpec release conformance; use copied predecessor fixtures only for explicit migration replay.
R12-R01	12-reproducible#1	spicy-regs	notebooks/README.md; notebooks/*.ipynb	All 13 tracked notebooks and their README survive unchanged on origin/main, preserving substring, BM25, vector, reciprocal-rank fusion, campaign, and sentiment methods; exact outputs are not reproducible from mutable public URLs without input pins.	reproducible	spicy-regs@b190d38a874ff97db0fe4b1f25701790e90f2c6b:notebooks/README.md; spicy-regs@b190d38a874ff97db0fe4b1f25701790e90f2c6b:notebooks/	Resolve every external input to an immutable digest before rerunning a notebook or claiming output parity.
R12-R02	12-reproducible#2	DocSpec	src/docspec/domain/source_catalog.py; src/docspec/application/catalog_policy.py; src/docspec/processing/segmentation.py; src/docspec/domain/release.py	Current DocSpec can regenerate source-catalog, sampling, join, source-state, capture, segmentation, and DocumentRelease behavior from new sealed inputs, but cannot recreate the archived release's exact membership from mutable upstream sources.	reproducible	DocSpec@444f8ec283a7:src/docspec/domain/source_catalog.py; DocSpec@444f8ec283a7:src/docspec/application/catalog_policy.py; DocSpec@444f8ec283a7:src/docspec/processing/segmentation.py; DocSpec@444f8ec283a7:src/docspec/domain/release.py; ../../../_preserved-2026-08-27/landing-output	Run current conformance over new sealed inputs; use the copied landing release for exact historical membership.
R12-R03	12-reproducible#3	rulespec	packages/rulespec-artifacts/; constraints/core/; release-records/fixtures/	Rulespec preserves generic artifact validation plus current Core and Extrapolator fixtures, so the abandoned v3 pair is behaviorally replaceable for new conformance work but not byte-for-byte historical replay.	reproducible	rulespec@93ae44d906be:packages/rulespec-artifacts/; rulespec@93ae44d906be:constraints/core/; rulespec@93ae44d906be:release-records/fixtures/	Run current artifact and carrier conformance; use copied v3 fixtures only for explicit historical replay.
R12-R04	12-reproducible#4	RefSpec	src/refspec/atlas/; src/refspec/registry/; tests/fixtures/	RefSpec preserves authoritative publisher captures, current Atlas 3.1 machinery, selected CBO, FCC, OpenAPI, and XSD pins, and the 1995 thesaurus as historical evidence; obsolete fused registries and applicability outputs are not current authority.	reproducible	RefSpec@3464bda29d08:src/refspec/atlas/; RefSpec@3464bda29d08:src/refspec/registry/; RefSpec@3464bda29d08:tests/fixtures/; RefSpec@3464bda29d08:docs/decisions.md	Rerun current managed-release and Atlas conformance; require explicit qualification for any historical crosswalk.
R12-R05	12-reproducible#5	spicysearch	src/spicysearch/text_retrieval.py; src/spicysearch/semantic_lane.py; src/spicysearch/retrieval_lanes.py; src/spicysearch/topic_tags.py; fixtures/releases/date-events-full-pin.json; research/; scripts/	Current SpicySearch retains lexical, dense, hybrid, replay, tagging, and evaluation implementations; archived measurements become reproducible only after absolute SpicyRegs paths are replaced by the copied sealed inputs.	reproducible	spicysearch@027a79cebf59:src/spicysearch/text_retrieval.py; spicysearch@027a79cebf59:src/spicysearch/semantic_lane.py; spicysearch@027a79cebf59:src/spicysearch/retrieval_lanes.py; spicysearch@027a79cebf59:src/spicysearch/topic_tags.py; ../../../_preserved-2026-08-27/spicy-regs-output-complete	Replace absolute paths with declared input pins, then rerun the exact research command and compare receipts; this is future reproducibility work.
R12-R06	12-reproducible#6	spicy-regs	.github/workflows/	Workflows unchanged from origin/main and their existing schedules remain reproducible there; the unique new timings, MCP smoke budget, ontology schedule, and documentation-publication exception are preserved separately in R12-D05A through R12-D05C.	reproducible	spicy-regs@b190d38a874ff97db0fe4b1f25701790e90f2c6b:.github/workflows/	Validate workflow syntax and dry-run triggers in a safe environment; do not activate copied schedules through preservation closure.
