rin	publication_id	edition_year	usc_title	usc_section	usc_appendix	authority_text	whole_citation
0348-AB64	201210	2012	41	1502	False	41 USC 1502(c) (formerly, 41 USC 422(g))	41 USC 1502(c) (formerly, 41 USC 422(g))
0348-AB68	201210	2012	41	1502	False	41 USC 1502(b)(1)(B) (formerly, 41 USC 422(f)(2)(A))	41 USC 1502(b)(1)(B) (formerly, 41 USC 422(f)(2)(A))
0348-AB68	201210	2012	41	1502	False	41 USC 1502(c) (formerly, 41 USC 422(g))	41 USC 1502(c) (formerly, 41 USC 422(g))
0348-AB68	201210	2012	41	1908	False	and 41 USC 1908 (formerly, 41 USC 431(a))	and 41 USC 1908 (formerly, 41 USC 431(a))
0607-AA42	201004	2010	13	141	False	13 USC 141(c)	13 USC 141(c)
0607-AA42	201010	2010	13	141	False	13 USC 141(c)	13 USC 141(c)
0607-AA46	201004	2010	13	181	False	13 USC 181	13 USC 181
0607-AA46	201004	2010	13	4	False	13 USC 4	13 USC 4
0607-AA46	201010	2010	13	181	False	13 USC 181	13 USC 181
0607-AA46	201010	2010	13	4	False	13 USC 4	13 USC 4
0607-AA48	201004	2010	13	301	False	13 USC 301 and 307	13 USC 301 and 307
0607-AA48	201004	2010	13	307	False	13 USC 301 and 307	13 USC 301 and 307
0607-AA49	201004	2010	13	4	False	13 USC 4	13 USC 4
0607-AA50	201010	2010	13	301	False	13 USC 301	13 USC 301
0648-BC18	201210	2012	33	3601	False	33 USC 3601-3610	33 USC 3601-3610
0651-AB55	201210	2012	35	2	False	35 USC 2(b)(2)(D)	35 USC 2(b)(2)(D)
0651-AC19	201210	2012	35	2	False	35 USC 2(b)(2)	35 USC 2(b)(2)
0651-AC27	201210	2012	35	2	False	35 USC 2(b)(2)	35 USC 2(b)(2)
0651-AC32	201210	2012	35	2	False	35 USC 2(b)(2)(D)	35 USC 2(b)(2)(D)
0651-AC32	201210	2012	35	41	False	35 USC 41(d)	35 USC 41(d)
0651-AC35	201210	2012	35	2	False	35 USC 2	35 USC 2
0651-AC39	201210	2012	35	2	False	35 USC 2	35 USC 2
0651-AC40	201210	2012	35	2	False	35 USC 2	35 USC 2
0651-AC42	201210	2012	35	119	False	35 USC 119	35 USC 119
0651-AC42	201210	2012	35	120	False	35 USC 120	35 USC 120
0651-AC42	201210	2012	35	132	False	35 USC 132(b)	35 USC 132(b)
0651-AC42	201210	2012	35	376	False	35 USC 376	35 USC 376
0651-AC42	201210	2012	35	41	False	35 USC 41	35 USC 41
0651-AC44	201210	2012	35	119	False	35 USC 119	35 USC 119
0651-AC44	201210	2012	35	120	False	35 USC 120	35 USC 120
0651-AC44	201210	2012	35	132	False	35 USC 132(b)	35 USC 132(b)
0651-AC44	201210	2012	35	376	False	35 USC 376	35 USC 376
0651-AC44	201210	2012	35	41	False	35 USC 41	35 USC 41
0651-AC45	201210	2012	35	2	False	35 USC 2(b)(2)	35 USC 2(b)(2)
0651-AC47	201210	2012	35	2	False	35 USC 2(b)(2)	35 USC 2(b)(2)
0651-AC48	201210	2012	35	2	False	35 USC 2(b)(2)	35 USC 2(b)(2)
0651-AC49	201210	2012	35	2	False	35 USC 2	35 USC 2
0651-AC53	201210	2012	35	2	False	35 USC 2(b)(2)	35 USC 2(b)(2)
0651-AC53	201210	2012	35	41	False	35 USC 41(d)(2)	35 USC 41(d)(2)
0651-AC54	201210	2012	35	119	False	35 USC 119	35 USC 119
0651-AC54	201210	2012	35	120	False	35 USC 120	35 USC 120
0651-AC54	201210	2012	35	132	False	35 USC 132(b)	35 USC 132(b)
0651-AC54	201210	2012	35	376	False	35 USC 376	35 USC 376
0651-AC54	201210	2012	35	41	False	35 USC 41	35 USC 41
0651-AC55	201210	2012	35	119	False	35 USC 119	35 USC 119
0651-AC55	201210	2012	35	120	False	35 USC 120	35 USC 120
0651-AC55	201210	2012	35	132	False	35 USC 132(b)	35 USC 132(b)
0651-AC55	201210	2012	35	376	False	35 USC 376	35 USC 376
0651-AC55	201210	2012	35	41	False	35 USC 41	35 USC 41
0651-AC56	201210	2012	35	154	False	35 USC 154(b)	35 USC 154(b)
0651-AC56	201210	2012	35	2	False	35 USC 2(b)	35 USC 2(b)
0651-AC57	201210	2012	35	2	False	35 USC 2(b)(2)	35 USC 2(b)(2)
0651-AC58	201210	2012	35	2	False	35 USC 2(b)(2)	35 USC 2(b)(2)
0651-AC61	201210	2012	35	2	False	35 USC 2(b)(2)	35 USC 2(b)(2)
0651-AC62	201210	2012	35	2	False	35 USC 2(b)(2)	35 USC 2(b)(2)
0651-AC63	201210	2012	35	154	False	35 USC 154(b)	35 USC 154(b)
0651-AC63	201210	2012	35	2	False	35 USC 2(b)	35 USC 2(b)
0651-AC66	201210	2012	35	2	False	35 USC 2(b)(2)	35 USC 2(b)(2)
0651-AC67	201210	2012	35	2	False	35 USC 2(b)(2)	35 USC 2(b)(2)
0651-AC68	201210	2012	35	2	False	35 USC 2(b)(20)	35 USC 2(b)(20)
0651-AC69	201210	2012	35	2	False	35 USC 2(b)(2)	35 USC 2(b)(2)
0651-AC70	201210	2012	35	135	False	35 USC 135	35 USC 135
0651-AC70	201210	2012	35	2	False	35 USC 2(b)(2)	35 USC 2(b)(2)
0651-AC70	201210	2012	35	21	False	35 USC 21	35 USC 21
0651-AC70	201210	2012	35	23	False	35 USC 23	35 USC 23
0651-AC70	201210	2012	35	311	False	35 USC 311-319	35 USC 311-319
0651-AC70	201210	2012	35	321	False	35 USC 321-329	35 USC 321-329
0651-AC70	201210	2012	35	41	False	35 USC 41	35 USC 41
0651-AC70	201210	2012	35	6	False	35 USC 6	35 USC 6
0651-AC71	201210	2012	35	2	False	35 USC 2(b)(2)	35 USC 2(b)(2)
0651-AC71	201210	2012	35	21	False	35 USC 21	35 USC 21
0651-AC71	201210	2012	35	23	False	35 USC 23	35 USC 23
0651-AC71	201210	2012	35	329	False	35 USC 329-331	35 USC 329-331
0651-AC71	201210	2012	35	41	False	35 USC 41	35 USC 41
0651-AC71	201210	2012	35	6	False	35 USC 6	35 USC 6
0651-AC72	201210	2012	35	2	False	35 USC 2(b)(2)	35 USC 2(b)(2)
0651-AC73	201210	2012	35	2	False	35 USC 2(b)(2)	35 USC 2(b)(2)
0651-AC74	201210	2012	35	135	False	35 USC 135	35 USC 135
0651-AC74	201210	2012	35	2	False	35 USC 2(b)(2)	35 USC 2(b)(2)
0651-AC74	201210	2012	35	21	False	35 USC 21	35 USC 21
0651-AC74	201210	2012	35	23	False	35 USC 23	35 USC 23
0651-AC74	201210	2012	35	41	False	35 USC 41	35 USC 41
0651-AC74	201210	2012	35	6	False	35 USC 6	35 USC 6
0651-AC75	201210	2012	35	2	False	35 USC 2(b)(2)	35 USC 2(b)(2)
0651-AC75	201210	2012	35	21	False	35 USC 21	35 USC 21
0651-AC75	201210	2012	35	23	False	35 USC 23	35 USC 23
0651-AC75	201210	2012	35	321	False	35 USC 321-329	35 USC 321-329
0651-AC75	201210	2012	35	41	False	35 USC 41	35 USC 41
0651-AC75	201210	2012	35	6	False	35 USC 6	35 USC 6
0651-AC76	201210	2012	35	2	False	35 USC 2(b)(2)	35 USC 2(b)(2)
0651-AC76	201210	2012	35	32	False	35 USC 32	35 USC 32
0651-AC77	201210	2012	35	102	False	35 USC 102	35 USC 102
0651-AC77	201210	2012	35	103	False	35 USC 103	35 USC 103
0651-AC77	201210	2012	35	2	False	35 USC 2(b)(2)	35 USC 2(b)(2)
0651-AC78	201210	2012	35	123	False	35 USC 123	35 USC 123
0651-AC78	201210	2012	35	2	False	35 USC 2(b)(2)	35 USC 2(b)(2)
0651-AC79	201210	2012	35	2	False	35 USC 2(b)(2)	35 USC 2(b)(2)
0651-AC80	201210	2012	35	2	False	35 USC 2	35 USC 2
0702-AA63	201210	2012	38	2402	False	38 USC 2402 note, 2409, 2410, 2411, 2413	38 USC 2402 note, 2409, 2410, 2411, 2413
0702-AA63	201210	2012	38	2409	False	38 USC 2402 note, 2409, 2410, 2411, 2413	38 USC 2402 note, 2409, 2410, 2411, 2413
0702-AA63	201210	2012	38	2410	False	38 USC 2402 note, 2409, 2410, 2411, 2413	38 USC 2402 note, 2409, 2410, 2411, 2413
0702-AA63	201210	2012	38	2411	False	38 USC 2402 note, 2409, 2410, 2411, 2413	38 USC 2402 note, 2409, 2410, 2411, 2413
0702-AA63	201210	2012	38	2413	False	38 USC 2402 note, 2409, 2410, 2411, 2413	38 USC 2402 note, 2409, 2410, 2411, 2413
0702-AA63	201210	2012	40	9102	False	40 USC 9102	40 USC 9102
0710-AA60	201210	2012	33	1344	False	33 USC 1344	33 USC 1344
0710-AA60	201210	2012	33	1413	False	33 USC 1413	33 USC 1413
0710-AA60	201210	2012	33	401	False	33 USC 401 et seq	33 USC 401 et seq
0710-AA66	201210	2012	33	1319	False	33 USC 1319	33 USC 1319
0710-AA69	201210	2012	33	621	False	33 USC 621	33 USC 621
0710-AA70	201210	2012	33	1344	False	33 USC 1344	33 USC 1344
0710-AA70	201210	2012	33	1413	False	33 USC 1413	33 USC 1413
0710-AA70	201210	2012	33	401	False	33 USC 401	33 USC 401
0710-AA71	201210	2012	33	1344	False	33 USC 1344	33 USC 1344
0710-AA71	201210	2012	33	403	False	33 USC 403	33 USC 403
0750-AG40	201210	2012	41	1303	False	41 USC 1303	41 USC 1303
0750-AG47	201210	2012	41	1303	False	41 USC 1303	41 USC 1303
0750-AG58	201210	2012	41	1303	False	41 USC 1303	41 USC 1303
0750-AG83	201210	2012	41	1303	False	41 USC 1303	41 USC 1303
0750-AG94	201210	2012	41	1303	False	41 USC 1303	41 USC 1303
0750-AG95	201210	2012	41	1303	False	41 USC 1303	41 USC 1303
0750-AG96	201210	2012	41	1303	False	41 USC 1303	41 USC 1303
0750-AG99	201210	2012	41	1303	False	41 USC 1303	41 USC 1303
0750-AH11	201210	2012	41	1303	False	41 USC 1303	41 USC 1303
0750-AH19	201210	2012	41	1303	False	41 USC 1303	41 USC 1303
0750-AH28	201210	2012	41	1303	False	41 USC 1303	41 USC 1303
0750-AH29	201210	2012	41	134	False	41 USC 134	41 USC 134
0750-AH38	201210	2012	41	1303	False	41 USC 1303	41 USC 1303
0750-AH39	201210	2012	41	1303	False	41 USC 1303	41 USC 1303
0750-AH40	201210	2012	41	1303	False	41 USC 1303	41 USC 1303
0750-AH41	201210	2012	41	1303	False	41 USC 1303	41 USC 1303
0750-AH42	201210	2012	41	1303	False	41 USC 1303	41 USC 1303
0750-AH43	201210	2012	41	1707	False	41 USC 1707	41 USC 1707
0750-AH43	201210	2012	41	1905	False	41 USC 1905	41 USC 1905
0750-AH43	201210	2012	41	1906	False	41 USC 1906	41 USC 1906
0750-AH44	201210	2012	41	1707	False	41 USC 1707	41 USC 1707
0750-AH45	201210	2012	41	1303	False	41 USC 1303	41 USC 1303
0750-AH46	201210	2012	41	1303	False	41 USC 1303	41 USC 1303
0750-AH47	201210	2012	41	1303	False	41 USC 1303	41 USC 1303
0750-AH48	201210	2012	41	1303	False	41 USC 1303	41 USC 1303
0750-AH49	201210	2012	41	1303	False	41 USC 1303	41 USC 1303
0750-AH50	201210	2012	41	1303	False	41 USC 1303	41 USC 1303
0750-AH51	201210	2012	41	1303	False	41 USC 1303	41 USC 1303
0750-AH52	201210	2012	41	1303	False	41 USC 1303	41 USC 1303
0750-AH53	201210	2012	41	1303	False	41 USC 1303	41 USC 1303
0750-AH54	201210	2012	41	1303	False	41 USC 1303	41 USC 1303
0750-AH55	201210	2012	41	1303	False	41 USC 1303	41 USC 1303
0750-AH56	201210	2012	41	1303	False	41 USC 1303	41 USC 1303
0750-AH57	201210	2012	41	1303	False	41 USC 1303	41 USC 1303
0750-AH58	201210	2012	41	1303	False	41 USC 1303	41 USC 1303
0750-AH59	201210	2012	41	1303	False	41 USC 1303	41 USC 1303
0750-AH61	201210	2012	41	1303	False	41 USC 1303	41 USC 1303
0750-AH63	201210	2012	41	1303	False	41 USC 1303	41 USC 1303
0750-AH64	201210	2012	41	1303	False	41 USC 1303	41 USC 1303
0750-AH65	201210	2012	41	1303	False	41 USC 1303	41 USC 1303
0750-AH65	201210	2012	41	1908	False	41 USC 1908	41 USC 1908
0750-AH66	201210	2012	41	1303	False	41 USC 1303	41 USC 1303
0750-AH67	201210	2012	41	1303	False	41 USC 1303	41 USC 1303
0750-AH68	201210	2012	41	1303	False	41 USC 1303	41 USC 1303
0750-AH68	201210	2012	41	1707	False	41 USC 1707	41 USC 1707
0750-AH69	201210	2012	41	1303	False	41 USC 1303	41 USC 1303
0750-AH70	201210	2012	41	1303	False	41 USC 1303	41 USC 1303
0750-AH71	201210	2012	41	1303	False	41 USC 1303	41 USC 1303
0750-AH72	201210	2012	41	1303	False	41 USC 1303	41 USC 1303
0750-AH73	201210	2012	41	1303	False	41 USC 1303	41 USC 1303
0750-AH75	201210	2012	41	1303	False	41 USC 1303	41 USC 1303
0750-AH76	201210	2012	41	1303	False	41 USC 1303	41 USC 1303
0750-AH78	201210	2012	41	1303	False	41 USC 1303	41 USC 1303
0750-AH79	201210	2012	41	1303	False	41 USC 1303	41 USC 1303
0750-AH80	201210	2012	41	1303	False	41 USC 1303	41 USC 1303
0750-AH81	201210	2012	41	1303	False	41 USC 1303	41 USC 1303
0750-AH82	201210	2012	41	1303	False	41 USC 1303	41 USC 1303
0750-AH83	201210	2012	41	1303	False	41 USC 1303	41 USC 1303
0750-AH84	201210	2012	41	1303	False	41 USC 1303	41 USC 1303
0750-AH85	201210	2012	41	1303	False	41 USC 1303	41 USC 1303
0750-AH86	201210	2012	41	1303	False	41 USC 1303	41 USC 1303
1018-AW66	201210	2012	33	1322	False	33 USC 1322, as amended	33 USC 1322, as amended
1018-AY75	201210	2012	33	1322	False	33 USC 1322	33 USC 1322
1218-AC72	201210	2012	33	941	False	33 USC 941	33 USC 941
1240-AA05	201210	2012	33	939	False	33 USC 939(a)	33 USC 939(a)
1240-AA06	201210	2012	33	939	False	33 USC 939	33 USC 939
1250-AA00	201210	2012	38	4211	False	38 USC 4211 (2001) (amended 2002)	38 USC 4211 (2001) (amended 2002)
1250-AA00	201210	2012	38	4212	False	38 USC 4212 (2001) (amended 2002)	38 USC 4212 (2001) (amended 2002)
1293-AA18	201210	2012	38	4102	False	38 USC 4102(c)(3)(B)	38 USC 4102(c)(3)(B)
1505-AA81	201004	2010	12	24a	False	12 USC 24a	12 USC 24a
1506-AA97	201004	2010	12	1829	False	12 USC 1829	12 USC 1829
1506-AA97	201010	2010	12	1829	False	12 USC 1829	12 USC 1829
1506-AB01	201004	2010	12	1829	False	12 USC 1829	12 USC 1829
1506-AB01	201004	2010	12	1951	False	12 USC 1951 to 1959	12 USC 1951 to 1959
1506-AB01	201010	2010	12	1829	False	12 USC 1829	12 USC 1829
1506-AB01	201010	2010	12	1951	False	12 USC 1951 to 1959	12 USC 1951 to 1959
1506-AB04	201004	2010	12	1829	False	12 USC 1829	12 USC 1829
1506-AB04	201004	2010	12	1951	False	12 USC 1951 to 1959	12 USC 1951 to 1959
1506-AB05	201004	2010	12	1829	False	12 USC 1829	12 USC 1829
1506-AB06	201004	2010	12	1829b	False	12 USC 1829b	12 USC 1829b
1506-AB06	201004	2010	12	1951	False	12 USC 1951-1959	12 USC 1951-1959
1506-AB07	201004	2010	12	1829b	False	12 USC 1829b	12 USC 1829b
1506-AB07	201004	2010	12	1951	False	12 USC 1951 to 1959	12 USC 1951 to 1959
1506-AB07	201010	2010	12	1829b	False	12 USC 1829b	12 USC 1829b
1506-AB07	201010	2010	12	1951	False	12 USC 1951 to 1959	12 USC 1951 to 1959
1506-AB08	201004	2010	12	1829b	False	12 USC 1829b	12 USC 1829b
1506-AB08	201004	2010	12	1951	False	12 USC 1951 to 1959	12 USC 1951 to 1959
1506-AB08	201010	2010	12	1829b	False	12 USC 1829b	12 USC 1829b
1506-AB08	201010	2010	12	1951	False	12 USC 1951 to 1959	12 USC 1951 to 1959
1506-AB10	201010	2010	12	1829b	False	12 USC 1829b	12 USC 1829b
1506-AB10	201010	2010	12	1951	False	12 USC 1951 to 1959	12 USC 1951 to 1959
1510-AB13	201004	2010	12	1767	False	12 USC 1767	12 USC 1767
1510-AB13	201004	2010	12	1789	False	12 USC 1789(a)	12 USC 1789(a)
1510-AB13	201004	2010	12	265	False	12 USC 265 and 266	12 USC 265 and 266
1510-AB13	201004	2010	12	266	False	12 USC 265 and 266	12 USC 265 and 266
1510-AB13	201004	2010	12	90	False	12 USC 90	12 USC 90
1510-AB24	201004	2010	12	391	False	12 USC 391	12 USC 391
1510-AB24	201010	2010	12	391	False	12 USC 391	12 USC 391
1510-AB25	201004	2010	12	391	False	12 USC 391	12 USC 391
1510-AB25	201010	2010	12	391	False	12 USC 391	12 USC 391
1510-AB26	201004	2010	12	1767	False	12 USC 1767 and 1789a	12 USC 1767 and 1789a
1510-AB26	201004	2010	12	1789a	False	12 USC 1767 and 1789a	12 USC 1767 and 1789a
1510-AB26	201004	2010	12	265	False	12 USC 265 and 266	12 USC 265 and 266
1510-AB26	201004	2010	12	266	False	12 USC 265 and 266	12 USC 265 and 266
1510-AB26	201004	2010	12	90	False	12 USC 90	12 USC 90
1510-AB26	201010	2010	12	1767	False	12 USC 1767 and 1789a	12 USC 1767 and 1789a
1510-AB26	201010	2010	12	1789a	False	12 USC 1767 and 1789a	12 USC 1767 and 1789a
1510-AB26	201010	2010	12	265	False	12 USC 265 and 266	12 USC 265 and 266
1510-AB26	201010	2010	12	266	False	12 USC 265 and 266	12 USC 265 and 266
1510-AB26	201010	2010	12	90	False	12 USC 90	12 USC 90
1510-AB28	201004	2010	12	391	False	12 USC 391	12 USC 391
1510-AB28	201010	2010	12	391	False	12 USC 391	12 USC 391
1550-AB92	201004	2010	12	1462	False	12 USC 1462 to 1462a	12 USC 1462 to 1462a
1550-AB92	201004	2010	12	1463	False	12 USC 1463 and 1464	12 USC 1463 and 1464
1550-AB92	201004	2010	12	1464	False	12 USC 1463 and 1464	12 USC 1463 and 1464
1550-AB92	201004	2010	12	1467a	False	12 USC 1467a	12 USC 1467a
1550-AB92	201004	2010	12	1468	False	12 USC 1468	12 USC 1468
1550-AB92	201004	2010	12	1820	False	12 USC 1820	12 USC 1820
1550-AB92	201004	2010	12	1828	False	12 USC 1828	12 USC 1828
1550-AB92	201004	2010	12	1831o	False	12 USC 1831o	12 USC 1831o
1550-AB92	201004	2010	12	375b	False	12 USC 375b	12 USC 375b
1550-AB92	201004	2010	12	3806	False	12 USC 3806	12 USC 3806
1550-AB92	201010	2010	12	1462	False	12 USC 1462 to 1462a	12 USC 1462 to 1462a
1550-AB92	201010	2010	12	1463	False	12 USC 1463 and 1464	12 USC 1463 and 1464
1550-AB92	201010	2010	12	1464	False	12 USC 1463 and 1464	12 USC 1463 and 1464
1550-AB92	201010	2010	12	1467a	False	12 USC 1467a	12 USC 1467a
1550-AB92	201010	2010	12	1468	False	12 USC 1468	12 USC 1468
1550-AB92	201010	2010	12	1820	False	12 USC 1820	12 USC 1820
1550-AB92	201010	2010	12	1828	False	12 USC 1828	12 USC 1828
1550-AB92	201010	2010	12	1831o	False	12 USC 1831o	12 USC 1831o
1550-AB92	201010	2010	12	375b	False	12 USC 375b	12 USC 375b
1550-AB92	201010	2010	12	3806	False	12 USC 3806	12 USC 3806
1550-AC02	201004	2010	12	1462	False	12 USC 1462 to 1462a	12 USC 1462 to 1462a
1550-AC02	201004	2010	12	1463	False	12 USC 1463 and 1464	12 USC 1463 and 1464
1550-AC02	201004	2010	12	1464	False	12 USC 1463 and 1464	12 USC 1463 and 1464
1550-AC02	201004	2010	12	1467a	False	12 USC 1467a	12 USC 1467a
1550-AC02	201004	2010	12	1828	False	12 USC 1828 note	12 USC 1828 note
1550-AC02	201010	2010	12	1462	False	12 USC 1462 to 1462a	12 USC 1462 to 1462a
1550-AC02	201010	2010	12	1463	False	12 USC 1463 and 1464	12 USC 1463 and 1464
1550-AC02	201010	2010	12	1464	False	12 USC 1463 and 1464	12 USC 1463 and 1464
1550-AC02	201010	2010	12	1467a	False	12 USC 1467a	12 USC 1467a
1550-AC02	201010	2010	12	1828	False	12 USC 1828 note	12 USC 1828 note
1550-AC12	201004	2010	12	1462a	False	12 USC 1462a	12 USC 1462a
1550-AC12	201004	2010	12	1463	False	12 USC 1463 and 1464	12 USC 1463 and 1464
1550-AC12	201004	2010	12	1464	False	12 USC 1463 and 1464	12 USC 1463 and 1464
1550-AC12	201004	2010	12	1828	False	12 USC 1828	12 USC 1828
1550-AC13	201004	2010	12	1462a	False	12 USC 1462a	12 USC 1462a
1550-AC13	201004	2010	12	1463	False	12 USC 1463	12 USC 1463
1550-AC13	201004	2010	12	1464	False	12 USC 1464	12 USC 1464
1550-AC13	201004	2010	12	1828	False	12 USC 1828(t)	12 USC 1828(t)
1550-AC13	201010	2010	12	1462a	False	12 USC 1462a	12 USC 1462a
1550-AC13	201010	2010	12	1463	False	12 USC 1463	12 USC 1463
1550-AC13	201010	2010	12	1464	False	12 USC 1464	12 USC 1464
1550-AC13	201010	2010	12	1828	False	12 USC 1828(t)	12 USC 1828(t)
1550-AC19	201004	2010	12	1462	False	12 USC 1462 to 1462a	12 USC 1462 to 1462a
1550-AC19	201004	2010	12	1463	False	12 USC 1463 and 1464	12 USC 1463 and 1464
1550-AC19	201004	2010	12	1464	False	12 USC 1463 and 1464	12 USC 1463 and 1464
1550-AC19	201004	2010	12	1467a	False	12 USC 1467a	12 USC 1467a
1550-AC19	201004	2010	12	1828	False	12 USC 1828 note	12 USC 1828 note
1550-AC19	201010	2010	12	1462	False	12 USC 1462 to 1462a	12 USC 1462 to 1462a
1550-AC19	201010	2010	12	1463	False	12 USC 1463 and 1464	12 USC 1463 and 1464
1550-AC19	201010	2010	12	1464	False	12 USC 1463 and 1464	12 USC 1463 and 1464
1550-AC19	201010	2010	12	1467a	False	12 USC 1467a	12 USC 1467a
1550-AC19	201010	2010	12	1828	False	12 USC 1828 note	12 USC 1828 note
1550-AC24	201004	2010	12	1462	False	12 USC 1462	12 USC 1462
1550-AC24	201004	2010	12	1462a	False	12 USC 1462a	12 USC 1462a
1550-AC24	201004	2010	12	1463	False	12 USC 1463	12 USC 1463
1550-AC24	201004	2010	12	1464	False	12 USC 1464	12 USC 1464
1550-AC24	201004	2010	12	1467a	False	12 USC 1467a	12 USC 1467a
1550-AC24	201004	2010	12	1828	False	12 USC 1828 (note)	12 USC 1828 (note)
1550-AC24	201010	2010	12	1462	False	12 USC 1462	12 USC 1462
1550-AC24	201010	2010	12	1462a	False	12 USC 1462a	12 USC 1462a
1550-AC24	201010	2010	12	1463	False	12 USC 1463	12 USC 1463
1550-AC24	201010	2010	12	1464	False	12 USC 1464	12 USC 1464
1550-AC24	201010	2010	12	1467a	False	12 USC 1467a	12 USC 1467a
1550-AC24	201010	2010	12	1828	False	12 USC 1828 (note)	12 USC 1828 (note)
1550-AC26	201004	2010	12	1462a	False	12 USC 1462a	12 USC 1462a
1550-AC26	201004	2010	12	1463	False	12 USC 1463	12 USC 1463
1550-AC26	201004	2010	12	1464	False	12 USC 1464	12 USC 1464
1550-AC26	201010	2010	12	1462a	False	12 USC 1462a	12 USC 1462a
1550-AC26	201010	2010	12	1463	False	12 USC 1463	12 USC 1463
1550-AC26	201010	2010	12	1464	False	12 USC 1464	12 USC 1464
1550-AC28	201004	2010	12	1462a	False	12 USC 1462a	12 USC 1462a
1550-AC28	201004	2010	12	1463	False	12 USC 1463	12 USC 1463
1550-AC28	201004	2010	12	1464	False	12 USC 1464	12 USC 1464
1550-AC28	201010	2010	12	1462a	False	12 USC 1462a	12 USC 1462a
1550-AC28	201010	2010	12	1463	False	12 USC 1463	12 USC 1463
1550-AC28	201010	2010	12	1464	False	12 USC 1464	12 USC 1464
1550-AC32	201004	2010	12	1462	False	12 USC 1462	12 USC 1462
1550-AC32	201004	2010	12	1462a	False	12 USC 1462a	12 USC 1462a
1550-AC32	201004	2010	12	1463	False	12 USC 1463	12 USC 1463
1550-AC32	201004	2010	12	1464	False	12 USC 1464	12 USC 1464
1550-AC32	201004	2010	12	1467a	False	12 USC 1467a	12 USC 1467a
1550-AC32	201004	2010	12	1701j-3	False	12 USC 1701j-3	12 USC 1701j-3
1550-AC32	201004	2010	12	1828	False	12 USC 1828	12 USC 1828
1550-AC32	201004	2010	12	3806	False	12 USC 3806	12 USC 3806
1550-AC33	201004	2010	12	1462	False	12 USC 1462 and 1462a	12 USC 1462 and 1462a
1550-AC33	201004	2010	12	1462a	False	12 USC 1462 and 1462a	12 USC 1462 and 1462a
1550-AC33	201004	2010	12	1463	False	12 USC 1463 and 1464	12 USC 1463 and 1464
1550-AC33	201004	2010	12	1464	False	12 USC 1463 and 1464	12 USC 1463 and 1464
1550-AC33	201004	2010	12	1467a	False	12 USC 1467a	12 USC 1467a
1550-AC33	201004	2010	12	1468	False	12 USC 1468	12 USC 1468
1550-AC33	201004	2010	12	1817	False	12 USC 1817	12 USC 1817
1550-AC33	201004	2010	12	1820	False	12 USC 1820	12 USC 1820
1550-AC33	201004	2010	12	1828	False	12 USC 1828	12 USC 1828
1550-AC33	201004	2010	12	1831o	False	12 USC 1831o	12 USC 1831o
1550-AC33	201004	2010	12	375b	False	12 USC 375b	12 USC 375b
1550-AC33	201004	2010	12	3806	False	12 USC 3806	12 USC 3806
1550-AC33	201010	2010	12	1462	False	12 USC 1462 and 1462a	12 USC 1462 and 1462a
1550-AC33	201010	2010	12	1462a	False	12 USC 1462 and 1462a	12 USC 1462 and 1462a
1550-AC33	201010	2010	12	1463	False	12 USC 1463 and 1464	12 USC 1463 and 1464
1550-AC33	201010	2010	12	1464	False	12 USC 1463 and 1464	12 USC 1463 and 1464
1550-AC33	201010	2010	12	1467a	False	12 USC 1467a	12 USC 1467a
1550-AC33	201010	2010	12	1468	False	12 USC 1468	12 USC 1468
1550-AC33	201010	2010	12	1817	False	12 USC 1817	12 USC 1817
1550-AC33	201010	2010	12	1820	False	12 USC 1820	12 USC 1820
1550-AC33	201010	2010	12	1828	False	12 USC 1828	12 USC 1828
1550-AC33	201010	2010	12	1831o	False	12 USC 1831o	12 USC 1831o
1550-AC33	201010	2010	12	375b	False	12 USC 375b	12 USC 375b
1550-AC33	201010	2010	12	3806	False	12 USC 3806	12 USC 3806
1550-AC34	201004	2010	12	1462	False	12 USC 1462 and 1462a	12 USC 1462 and 1462a
1550-AC34	201004	2010	12	1462a	False	12 USC 1462 and 1462a	12 USC 1462 and 1462a
1550-AC34	201004	2010	12	1463	False	12 USC 1463 and 1464	12 USC 1463 and 1464
1550-AC34	201004	2010	12	1464	False	12 USC 1463 and 1464	12 USC 1463 and 1464
1550-AC34	201004	2010	12	1467a	False	12 USC 1467a	12 USC 1467a
1550-AC34	201004	2010	12	1828	False	12 USC 1828 (note)	12 USC 1828 (note)
1550-AC36	201004	2010	12	1462	False	12 USC 1462	12 USC 1462
1550-AC36	201004	2010	12	1462a	False	12 USC 1462a	12 USC 1462a
1550-AC36	201004	2010	12	1463	False	12 USC 1463	12 USC 1463
1550-AC36	201004	2010	12	1464	False	12 USC 1464	12 USC 1464
1550-AC36	201004	2010	12	1467a	False	12 USC 1467a	12 USC 1467a
1550-AC36	201004	2010	12	1828	False	12 USC 1828 (note)	12 USC 1828 (note)
1550-AC37	201004	2010	12	1462a	False	12 USC 1462a	12 USC 1462a
1550-AC37	201004	2010	12	1463	False	12 USC 1463 and 1464	12 USC 1463 and 1464
1550-AC37	201004	2010	12	1464	False	12 USC 1463 and 1464	12 USC 1463 and 1464
1550-AC37	201004	2010	12	1467a	False	12 USC 1467a	12 USC 1467a
1550-AC37	201004	2010	12	1814	False	12 USC 1814 and 1816	12 USC 1814 and 1816
1550-AC37	201004	2010	12	1816	False	12 USC 1814 and 1816	12 USC 1814 and 1816
1550-AC37	201004	2010	12	1828	False	12 USC 1828(c)	12 USC 1828(c)
1550-AC37	201004	2010	12	2901	False	12 USC 2901 to 2907	12 USC 2901 to 2907
1550-AC38	201004	2010	12	1462a	False	12 USC 1462a	12 USC 1462a
1550-AC38	201004	2010	12	1463	False	12 USC 1463 and 1464	12 USC 1463 and 1464
1550-AC38	201004	2010	12	1464	False	12 USC 1463 and 1464	12 USC 1463 and 1464
1550-AC38	201010	2010	12	1462a	False	12 USC 1462a	12 USC 1462a
1550-AC38	201010	2010	12	1463	False	12 USC 1463 and 1464	12 USC 1463 and 1464
1550-AC38	201010	2010	12	1464	False	12 USC 1463 and 1464	12 USC 1463 and 1464
1550-AC40	201010	2010	12	1462	False	12 USC 1462	12 USC 1462
1550-AC40	201010	2010	12	1462a	False	12 USC 1462a	12 USC 1462a
1550-AC40	201010	2010	12	1463	False	12 USC 1463	12 USC 1463
1550-AC40	201010	2010	12	1464	False	12 USC 1464	12 USC 1464
1550-AC40	201010	2010	12	1467a	False	12 USC 1467a	12 USC 1467a
1550-AC41	201010	2010	12	1462	False	12 USC 1462 and 1462a	12 USC 1462 and 1462a
1550-AC41	201010	2010	12	1462a	False	12 USC 1462 and 1462a	12 USC 1462 and 1462a
1550-AC41	201010	2010	12	1463	False	12 USC 1463 and 1464	12 USC 1463 and 1464
1550-AC41	201010	2010	12	1464	False	12 USC 1463 and 1464	12 USC 1463 and 1464
1550-AC41	201010	2010	12	1467a	False	12 USC 1467a	12 USC 1467a
1550-AC41	201010	2010	12	1828	False	12 USC 1828(note)	12 USC 1828(note)
1550-AC42	201010	2010	12	1462a	False	12 USC 1462a	12 USC 1462a
1550-AC42	201010	2010	12	1463	False	12 USC 1463 and 1464	12 USC 1463 and 1464
1550-AC42	201010	2010	12	1464	False	12 USC 1463 and 1464	12 USC 1463 and 1464
1550-AC42	201010	2010	12	1467a	False	12 USC 1467a	12 USC 1467a
1550-AC42	201010	2010	12	1814	False	12 USC 1814	12 USC 1814
1550-AC42	201010	2010	12	1816	False	12 USC 1816	12 USC 1816
1550-AC42	201010	2010	12	1828	False	12 USC 1828(c)	12 USC 1828(c)
1550-AC42	201010	2010	12	2901	False	12 USC 2901 to 2907	12 USC 2901 to 2907
1550-AC43	201010	2010	12	1462	False	12 USC 1462 and 1462a	12 USC 1462 and 1462a
1550-AC43	201010	2010	12	1462a	False	12 USC 1462 and 1462a	12 USC 1462 and 1462a
1550-AC43	201010	2010	12	1463	False	12 USC 1463 and 1464	12 USC 1463 and 1464
1550-AC43	201010	2010	12	1464	False	12 USC 1463 and 1464	12 USC 1463 and 1464
1550-AC43	201010	2010	12	1467a	False	12 USC 1467a	12 USC 1467a
1550-AC43	201010	2010	12	1828	False	12 USC 1828(note)	12 USC 1828(note)
1550-AC44	201010	2010	12	1462	False	12 USC 1462 and 1462a	12 USC 1462 and 1462a
1550-AC44	201010	2010	12	1462a	False	12 USC 1462 and 1462a	12 USC 1462 and 1462a
1550-AC44	201010	2010	12	1463	False	12 USC 1463 and 1464	12 USC 1463 and 1464
1550-AC44	201010	2010	12	1464	False	12 USC 1463 and 1464	12 USC 1463 and 1464
1550-AC44	201010	2010	12	1467a	False	12 USC 1467a and 1701j-3	12 USC 1467a and 1701j-3
1550-AC44	201010	2010	12	1701j-3	False	12 USC 1467a and 1701j-3	12 USC 1467a and 1701j-3
1550-AC44	201010	2010	12	1828	False	12 USC 1828	12 USC 1828
1550-AC44	201010	2010	12	3803	False	12 USC 3803 and 3806	12 USC 3803 and 3806
1550-AC44	201010	2010	12	3806	False	12 USC 3803 and 3806	12 USC 3803 and 3806
1557-AB93	201004	2010	12	1828	False	12 USC 1828(t)	12 USC 1828(t)
1557-AB93	201004	2010	12	93a	False	12 USC 93a	12 USC 93a
1557-AB93	201010	2010	12	24	False	12 USC 24	12 USC 24
1557-AB93	201010	2010	12	92a	False	12 USC 92a and 93a	12 USC 92a and 93a
1557-AB93	201010	2010	12	93a	False	12 USC 92a and 93a	12 USC 92a and 93a
1557-AC80	201004	2010	12	93a	False	12 USC 93a	12 USC 93a
1557-AC99	201004	2010	12	1	False	12 USC 1 et seq	12 USC 1 et seq
1557-AC99	201004	2010	12	161	False	12 USC 161	12 USC 161
1557-AC99	201004	2010	12	1818	False	12 USC 1818	12 USC 1818
1557-AC99	201004	2010	12	3907	False	12 USC 3907	12 USC 3907
1557-AC99	201004	2010	12	3909	False	12 USC 3909	12 USC 3909
1557-AC99	201004	2010	12	93a	False	12 USC 93a	12 USC 93a
1557-AC99	201010	2010	12	1	False	12 USC 1 et seq	12 USC 1 et seq
1557-AC99	201010	2010	12	161	False	12 USC 161	12 USC 161
1557-AC99	201010	2010	12	1818	False	12 USC 1818	12 USC 1818
1557-AC99	201010	2010	12	3907	False	12 USC 3907	12 USC 3907
1557-AC99	201010	2010	12	3909	False	12 USC 3909	12 USC 3909
1557-AC99	201010	2010	12	93a	False	12 USC 93a	12 USC 93a
1557-AD03	201004	2010	12	1	False	12 USC 1 et seq	12 USC 1 et seq
1557-AD03	201004	2010	12	84	False	12 USC 84	12 USC 84
1557-AD03	201004	2010	12	93a	False	12 USC 93a	12 USC 93a
1557-AD03	201010	2010	12	1	False	12 USC 1 et seq	12 USC 1 et seq
1557-AD03	201010	2010	12	84	False	12 USC 84	12 USC 84
1557-AD03	201010	2010	12	93a	False	12 USC 93a	12 USC 93a
1557-AD07	201004	2010	12	3907	False	12 USC 3907	12 USC 3907
1557-AD07	201004	2010	12	3909	False	12 USC 3909	12 USC 3909
1557-AD07	201004	2010	12	93a	False	12 USC 93a	12 USC 93a
1557-AD07	201010	2010	12	3907	False	12 USC 3907	12 USC 3907
1557-AD07	201010	2010	12	3909	False	12 USC 3909	12 USC 3909
1557-AD07	201010	2010	12	93a	False	12 USC 93a	12 USC 93a
1557-AD08	201004	2010	12	1	False	12 USC 1 et seq	12 USC 1 et seq
1557-AD08	201004	2010	12	84	False	12 USC 84	12 USC 84
1557-AD08	201004	2010	12	93a	False	12 USC 93a	12 USC 93a
1557-AD16	201004	2010	12	1442	False	12 USC 1442	12 USC 1442
1557-AD16	201004	2010	12	161	False	12 USC 161	12 USC 161
1557-AD16	201004	2010	12	1817	False	12 USC 1817(a)(2) and 1817(a)(3)	12 USC 1817(a)(2) and 1817(a)(3)
1557-AD16	201004	2010	12	1818	False	12 USC 1818(u) and 1818(v)	12 USC 1818(u) and 1818(v)
1557-AD16	201004	2010	12	1820	False	12 USC 1820(d)(6)	12 USC 1820(d)(6)
1557-AD16	201004	2010	12	1821	False	12 USC 1821(c), 1821(o), and 1821(t)	12 USC 1821(c), 1821(o), and 1821(t)
1557-AD16	201004	2010	12	1831m	False	12 USC 1831m	12 USC 1831m
1557-AD16	201004	2010	12	1831o	False	12 USC 1831o	12 USC 1831o
1557-AD16	201004	2010	12	1831p-1	False	12 USC 1831p-1	12 USC 1831p-1
1557-AD16	201004	2010	12	1833e	False	12 USC 1833e	12 USC 1833e
1557-AD16	201004	2010	12	1867	False	12 USC 1867	12 USC 1867
1557-AD16	201004	2010	12	1951	False	12 USC 1951 et seq	12 USC 1951 et seq
1557-AD16	201004	2010	12	2601	False	12 USC 2601 et seq	12 USC 2601 et seq
1557-AD16	201004	2010	12	2801	False	12 USC 2801 et seq	12 USC 2801 et seq
1557-AD16	201004	2010	12	2901	False	12 USC 2901 et seq	12 USC 2901 et seq
1557-AD16	201004	2010	12	3101	False	12 USC 3101 et seq	12 USC 3101 et seq
1557-AD16	201004	2010	12	3401	False	12 USC 3401 et seq	12 USC 3401 et seq
1557-AD16	201004	2010	12	481	False	12 USC 481 and 482	12 USC 481 and 482
1557-AD16	201004	2010	12	482	False	12 USC 481 and 482	12 USC 481 and 482
1557-AD16	201004	2010	12	484	False	12 USC 484(a)	12 USC 484(a)
1557-AD16	201004	2010	12	93a	False	12 USC 93a	12 USC 93a
1557-AD16	201010	2010	12	1442	False	12 USC 1442	12 USC 1442
1557-AD16	201010	2010	12	161	False	12 USC 161	12 USC 161
1557-AD16	201010	2010	12	1817	False	12 USC 1817(a)(2) and 1817(a)(3)	12 USC 1817(a)(2) and 1817(a)(3)
1557-AD16	201010	2010	12	1818	False	12 USC 1818(u) and 1818(v)	12 USC 1818(u) and 1818(v)
1557-AD16	201010	2010	12	1820	False	12 USC 1820(d)(6)	12 USC 1820(d)(6)
1557-AD16	201010	2010	12	1821	False	12 USC 1821(c), 1821(o), and 1821(t)	12 USC 1821(c), 1821(o), and 1821(t)
1557-AD16	201010	2010	12	1831m	False	12 USC 1831m	12 USC 1831m
1557-AD16	201010	2010	12	1831o	False	12 USC 1831o	12 USC 1831o
1557-AD16	201010	2010	12	1831p-1	False	12 USC 1831p-1	12 USC 1831p-1
1557-AD16	201010	2010	12	1867	False	12 USC 1867	12 USC 1867
1557-AD16	201010	2010	12	1951	False	12 USC 1951 et seq	12 USC 1951 et seq
1557-AD16	201010	2010	12	2601	False	12 USC 2601 et seq	12 USC 2601 et seq
1557-AD16	201010	2010	12	2801	False	12 USC 2801 et seq	12 USC 2801 et seq
1557-AD16	201010	2010	12	2901	False	12 USC 2901 et seq	12 USC 2901 et seq
1557-AD16	201010	2010	12	3101	False	12 USC 3101 et seq	12 USC 3101 et seq
1557-AD16	201010	2010	12	3401	False	12 USC 3401 et seq	12 USC 3401 et seq
1557-AD16	201010	2010	12	481	False	12 USC 481 and 482	12 USC 481 and 482
1557-AD16	201010	2010	12	482	False	12 USC 481 and 482	12 USC 481 and 482
1557-AD16	201010	2010	12	484	False	12 USC 484(a)	12 USC 484(a)
1557-AD16	201010	2010	12	93a	False	12 USC 93a	12 USC 93a
1557-AD16	201010	2010	12	1833e	False	Subpart D also issued under 12 USC 1833e	Subpart D also issued under 12 USC 1833e
1557-AD17	201004	2010	12	1818	False	12 USC 1818	12 USC 1818
1557-AD17	201004	2010	12	1881	False	12 USC 1881 to 1884	12 USC 1881 to 1884
1557-AD17	201004	2010	12	3401	False	12 USC 3401 to 3422	12 USC 3401 to 3422
1557-AD17	201004	2010	12	93a	False	12 USC 93a	12 USC 93a
1557-AD17	201010	2010	12	1818	False	12 USC 1818	12 USC 1818
1557-AD17	201010	2010	12	1881	False	12 USC 1881 to 1884	12 USC 1881 to 1884
1557-AD17	201010	2010	12	3401	False	12 USC 3401 to 3422	12 USC 3401 to 3422
1557-AD17	201010	2010	12	93a	False	12 USC 93a	12 USC 93a
1557-AD18	201004	2010	12	161	False	12 USC 161	12 USC 161
1557-AD18	201004	2010	12	1818	False	12 USC 1818	12 USC 1818
1557-AD18	201004	2010	12	1828	False	12 USC 1828 note	12 USC 1828 note
1557-AD18	201004	2010	12	1828	False	12 USC 1828(n)	12 USC 1828(n)
1557-AD18	201004	2010	12	1831n	False	12 USC 1831n note	12 USC 1831n note
1557-AD18	201004	2010	12	1835	False	12 USC 1835	12 USC 1835
1557-AD18	201004	2010	12	3907	False	12 USC 3907	12 USC 3907
1557-AD18	201004	2010	12	3909	False	12 USC 3909	12 USC 3909
1557-AD18	201004	2010	12	93a	False	12 USC 93a	12 USC 93a
1557-AD18	201010	2010	12	161	False	12 USC 161	12 USC 161
1557-AD18	201010	2010	12	1818	False	12 USC 1818	12 USC 1818
1557-AD18	201010	2010	12	1828	False	12 USC 1828 note	12 USC 1828 note
1557-AD18	201010	2010	12	1828	False	12 USC 1828(n)	12 USC 1828(n)
1557-AD18	201010	2010	12	1831n	False	12 USC 1831n note	12 USC 1831n note
1557-AD18	201010	2010	12	1835	False	12 USC 1835	12 USC 1835
1557-AD18	201010	2010	12	3907	False	12 USC 3907	12 USC 3907
1557-AD18	201010	2010	12	3909	False	12 USC 3909	12 USC 3909
1557-AD18	201010	2010	12	93a	False	12 USC 93a	12 USC 93a
1557-AD22	201004	2010	12	1442	False	12 USC 1442	12 USC 1442
1557-AD22	201004	2010	12	161	False	12 USC 161	12 USC 161
1557-AD22	201004	2010	12	1817	False	12 USC 1817(a)(3)	12 USC 1817(a)(3)
1557-AD22	201004	2010	12	1818	False	12 USC 1818(u) to 1818(v)	12 USC 1818(u) to 1818(v)
1557-AD22	201004	2010	12	1820	False	12 USC 1820(d)(6), 1820(k)	12 USC 1820(d)(6), 1820(k)
1557-AD22	201004	2010	12	1821	False	12 USC 1821(o), 1821(t)	12 USC 1821(o), 1821(t)
1557-AD22	201004	2010	12	1831m	False	12 USC 1831m	12 USC 1831m
1557-AD22	201004	2010	12	1831o	False	12 USC 1831o	12 USC 1831o
1557-AD22	201004	2010	12	1831p-1	False	12 USC 1831p-1	12 USC 1831p-1
1557-AD22	201004	2010	12	1833e	False	12 USC 1833e	12 USC 1833e
1557-AD22	201004	2010	12	1867	False	12 USC 1867	12 USC 1867
1557-AD22	201004	2010	12	1951	False	12 USC 1951 et seq	12 USC 1951 et seq
1557-AD22	201004	2010	12	2801	False	12 USC 2801 et seq	12 USC 2801 et seq
1557-AD22	201004	2010	12	2901	False	12 USC 2901 et seq	12 USC 2901 et seq
1557-AD22	201004	2010	12	3101	False	12 USC 3101 et seq	12 USC 3101 et seq
1557-AD22	201004	2010	12	3401	False	12 USC 3401 et seq	12 USC 3401 et seq
1557-AD22	201004	2010	12	481	False	12 USC 481 and 482	12 USC 481 and 482
1557-AD22	201004	2010	12	482	False	12 USC 481 and 482	12 USC 481 and 482
1557-AD22	201004	2010	12	484	False	12 USC 484(a)	12 USC 484(a)
1557-AD22	201004	2010	12	93a	False	12 USC 93a	12 USC 93a
1557-AD22	201010	2010	12	1442	False	12 USC 1442	12 USC 1442
1557-AD22	201010	2010	12	161	False	12 USC 161	12 USC 161
1557-AD22	201010	2010	12	1817	False	12 USC 1817(a)(3)	12 USC 1817(a)(3)
1557-AD22	201010	2010	12	1818	False	12 USC 1818(u) to 1818(v)	12 USC 1818(u) to 1818(v)
1557-AD22	201010	2010	12	1820	False	12 USC 1820(d)(6), 1820(k)	12 USC 1820(d)(6), 1820(k)
1557-AD22	201010	2010	12	1821	False	12 USC 1821(o), 1821(t)	12 USC 1821(o), 1821(t)
1557-AD22	201010	2010	12	1831m	False	12 USC 1831m	12 USC 1831m
1557-AD22	201010	2010	12	1831o	False	12 USC 1831o	12 USC 1831o
1557-AD22	201010	2010	12	1831p-1	False	12 USC 1831p-1	12 USC 1831p-1
1557-AD22	201010	2010	12	1833e	False	12 USC 1833e	12 USC 1833e
1557-AD22	201010	2010	12	1867	False	12 USC 1867	12 USC 1867
1557-AD22	201010	2010	12	1951	False	12 USC 1951 et seq	12 USC 1951 et seq
1557-AD22	201010	2010	12	2801	False	12 USC 2801 et seq	12 USC 2801 et seq
1557-AD22	201010	2010	12	2901	False	12 USC 2901 et seq	12 USC 2901 et seq
1557-AD22	201010	2010	12	3101	False	12 USC 3101 et seq	12 USC 3101 et seq
1557-AD22	201010	2010	12	3401	False	12 USC 3401 et seq	12 USC 3401 et seq
1557-AD22	201010	2010	12	481	False	12 USC 481 and 482	12 USC 481 and 482
1557-AD22	201010	2010	12	482	False	12 USC 481 and 482	12 USC 481 and 482
1557-AD22	201010	2010	12	484	False	12 USC 484(a)	12 USC 484(a)
1557-AD22	201010	2010	12	93a	False	12 USC 93a	12 USC 93a
1557-AD23	201004	2010	12	1	False	12 USC 1 et seq	12 USC 1 et seq
1557-AD23	201004	2010	12	1701j-3	False	12 USC 1701j-3	12 USC 1701j-3
1557-AD23	201004	2010	12	1828	False	12 USC 1828(o)	12 USC 1828(o)
1557-AD23	201004	2010	12	29	False	12 USC 29	12 USC 29
1557-AD23	201004	2010	12	3331	False	12 USC 3331 et seq	12 USC 3331 et seq
1557-AD23	201004	2010	12	371	False	12 USC 371	12 USC 371
1557-AD23	201004	2010	12	93a	False	12 USC 93a	12 USC 93a
1557-AD23	201010	2010	12	1	False	12 USC 1 et seq	12 USC 1 et seq
1557-AD23	201010	2010	12	1701j-3	False	12 USC 1701j-3	12 USC 1701j-3
1557-AD23	201010	2010	12	1828	False	12 USC 1828(o)	12 USC 1828(o)
1557-AD23	201010	2010	12	29	False	12 USC 29	12 USC 29
1557-AD23	201010	2010	12	3331	False	12 USC 3331 et seq	12 USC 3331 et seq
1557-AD23	201010	2010	12	371	False	12 USC 371	12 USC 371
1557-AD23	201010	2010	12	93a	False	12 USC 93a	12 USC 93a
1557-AD24	201004	2010	12	161	False	12 USC 161	12 USC 161
1557-AD24	201004	2010	12	1814	False	12 USC 1814 and 1816	12 USC 1814 and 1816
1557-AD24	201004	2010	12	1816	False	12 USC 1814 and 1816	12 USC 1814 and 1816
1557-AD24	201004	2010	12	1828	False	12 USC 1828(c)	12 USC 1828(c)
1557-AD24	201004	2010	12	1835a	False	12 USC 1835a	12 USC 1835a
1557-AD24	201004	2010	12	21	False	12 USC 21 and 22	12 USC 21 and 22
1557-AD24	201004	2010	12	22	False	12 USC 21 and 22	12 USC 21 and 22
1557-AD24	201004	2010	12	215	False	12 USC 215 and 215a	12 USC 215 and 215a
1557-AD24	201004	2010	12	215a	False	12 USC 215 and 215a	12 USC 215 and 215a
1557-AD24	201004	2010	12	26	False	12 USC 26 and 27	12 USC 26 and 27
1557-AD24	201004	2010	12	27	False	12 USC 26 and 27	12 USC 26 and 27
1557-AD24	201004	2010	12	2901	False	12 USC 2901 to 2908	12 USC 2901 to 2908
1557-AD24	201004	2010	12	30	False	12 USC 30	12 USC 30
1557-AD24	201004	2010	12	3101	False	12 USC 3101 to 3111	12 USC 3101 to 3111
1557-AD24	201004	2010	12	36	False	12 USC 36	12 USC 36
1557-AD24	201004	2010	12	481	False	12 USC 481	12 USC 481
1557-AD24	201004	2010	12	93a	False	12 USC 93a	12 USC 93a
1557-AD24	201010	2010	12	161	False	12 USC 161	12 USC 161
1557-AD24	201010	2010	12	1814	False	12 USC 1814 and 1816	12 USC 1814 and 1816
1557-AD24	201010	2010	12	1816	False	12 USC 1814 and 1816	12 USC 1814 and 1816
1557-AD24	201010	2010	12	1828	False	12 USC 1828(c)	12 USC 1828(c)
1557-AD24	201010	2010	12	1835a	False	12 USC 1835a	12 USC 1835a
1557-AD24	201010	2010	12	21	False	12 USC 21 and 22	12 USC 21 and 22
1557-AD24	201010	2010	12	22	False	12 USC 21 and 22	12 USC 21 and 22
1557-AD24	201010	2010	12	215	False	12 USC 215 and 215a	12 USC 215 and 215a
1557-AD24	201010	2010	12	215a	False	12 USC 215 and 215a	12 USC 215 and 215a
1557-AD24	201010	2010	12	26	False	12 USC 26 and 27	12 USC 26 and 27
1557-AD24	201010	2010	12	27	False	12 USC 26 and 27	12 USC 26 and 27
1557-AD24	201010	2010	12	2901	False	12 USC 2901 to 2908	12 USC 2901 to 2908
1557-AD24	201010	2010	12	30	False	12 USC 30	12 USC 30
1557-AD24	201010	2010	12	3101	False	12 USC 3101 to 3111	12 USC 3101 to 3111
1557-AD24	201010	2010	12	36	False	12 USC 36	12 USC 36
1557-AD24	201010	2010	12	481	False	12 USC 481	12 USC 481
1557-AD24	201010	2010	12	93a	False	12 USC 93a	12 USC 93a
1557-AD25	201004	2010	12	161	False	12 USC 161	12 USC 161
1557-AD25	201004	2010	12	1818	False	12 USC 1818	12 USC 1818
1557-AD25	201004	2010	12	1828	False	12 USC 1828(n)	12 USC 1828(n)
1557-AD25	201004	2010	12	1831n	False	12 USC 1831n note	12 USC 1831n note
1557-AD25	201004	2010	12	1835	False	12 USC 1835	12 USC 1835
1557-AD25	201004	2010	12	3907	False	12 USC 3907	12 USC 3907
1557-AD25	201004	2010	12	3909	False	12 USC 3909	12 USC 3909
1557-AD25	201004	2010	12	93a	False	12 USC 93a	12 USC 93a
1557-AD26	201004	2010	12	161	False	12 USC 161	12 USC 161
1557-AD26	201004	2010	12	1818	False	12 USC 1818	12 USC 1818
1557-AD26	201004	2010	12	1828	False	12 USC 1828 note	12 USC 1828 note
1557-AD26	201004	2010	12	1828	False	12 USC 1828(n)	12 USC 1828(n)
1557-AD26	201004	2010	12	1831	False	12 USC 1831(n) note	12 USC 1831(n) note
1557-AD26	201004	2010	12	1835	False	12 USC 1835	12 USC 1835
1557-AD26	201004	2010	12	3907	False	12 USC 3907	12 USC 3907
1557-AD26	201004	2010	12	3909	False	12 USC 3909	12 USC 3909
1557-AD26	201004	2010	12	93a	False	12 USC 93a	12 USC 93a
1557-AD27	201004	2010	12	1	False	12 USC 1 et seq	12 USC 1 et seq
1557-AD27	201004	2010	12	1818	False	12 USC 1818	12 USC 1818
1557-AD27	201004	2010	12	481	False	12 USC 481	12 USC 481
1557-AD27	201004	2010	12	484	False	12 USC 484	12 USC 484
1557-AD27	201004	2010	12	71	False	12 USC 71 to 71a	12 USC 71 to 71a
1557-AD27	201004	2010	12	92	False	12 USC 92 to 92a	12 USC 92 to 92a
1557-AD27	201004	2010	12	93	False	12 USC 93 and 93a	12 USC 93 and 93a
1557-AD27	201004	2010	12	93a	False	12 USC 93 and 93a	12 USC 93 and 93a
1557-AD27	201010	2010	12	1	False	12 USC 1 et seq	12 USC 1 et seq
1557-AD27	201010	2010	12	1818	False	12 USC 1818	12 USC 1818
1557-AD27	201010	2010	12	481	False	12 USC 481	12 USC 481
1557-AD27	201010	2010	12	484	False	12 USC 484	12 USC 484
1557-AD27	201010	2010	12	71	False	12 USC 71 to 71a	12 USC 71 to 71a
1557-AD27	201010	2010	12	92	False	12 USC 92 to 92a	12 USC 92 to 92a
1557-AD27	201010	2010	12	93	False	12 USC 93 and 93a	12 USC 93 and 93a
1557-AD27	201010	2010	12	93a	False	12 USC 93 and 93a	12 USC 93 and 93a
1557-AD29	201004	2010	12	161	False	12 USC 161	12 USC 161
1557-AD29	201004	2010	12	1814	False	12 USC 1814	12 USC 1814
1557-AD29	201004	2010	12	1816	False	12 USC 1816	12 USC 1816
1557-AD29	201004	2010	12	1828	False	12 USC 1828(c)	12 USC 1828(c)
1557-AD29	201004	2010	12	1835a	False	12 USC 1835a	12 USC 1835a
1557-AD29	201004	2010	12	21	False	12 USC 21 and 22	12 USC 21 and 22
1557-AD29	201004	2010	12	22	False	12 USC 21 and 22	12 USC 21 and 22
1557-AD29	201004	2010	12	215	False	12 USC 215 and 215a	12 USC 215 and 215a
1557-AD29	201004	2010	12	215a	False	12 USC 215 and 215a	12 USC 215 and 215a
1557-AD29	201004	2010	12	26	False	12 USC 26 and 27	12 USC 26 and 27
1557-AD29	201004	2010	12	27	False	12 USC 26 and 27	12 USC 26 and 27
1557-AD29	201004	2010	12	2901	False	12 USC 2901 to 2907	12 USC 2901 to 2907
1557-AD29	201004	2010	12	3101	False	12 USC 3101 to 3111	12 USC 3101 to 3111
1557-AD29	201004	2010	12	36	False	12 USC 36	12 USC 36
1557-AD29	201004	2010	12	481	False	12 USC 481	12 USC 481
1557-AD29	201004	2010	12	93a	False	12 USC 93a	12 USC 93a
1557-AD30	201004	2010	12	3907	False	12 USC 3907	12 USC 3907
1557-AD30	201004	2010	12	3909	False	12 USC 3909	12 USC 3909
1557-AD30	201004	2010	12	93a	False	12 USC 93a	12 USC 93a
1557-AD30	201010	2010	12	161	False	12 USC 161	12 USC 161
1557-AD30	201010	2010	12	1818	False	12 USC 1818	12 USC 1818
1557-AD30	201010	2010	12	1828	False	12 USC 1828 note	12 USC 1828 note
1557-AD30	201010	2010	12	1828	False	12 USC 1828(n)	12 USC 1828(n)
1557-AD30	201010	2010	12	1831n	False	12 USC 1831n note	12 USC 1831n note
1557-AD30	201010	2010	12	1835	False	12 USC 1835	12 USC 1835
1557-AD30	201010	2010	12	3907	False	12 USC 3907	12 USC 3907
1557-AD30	201010	2010	12	3909	False	12 USC 3909	12 USC 3909
1557-AD30	201010	2010	12	93a	False	12 USC 93a	12 USC 93a
1557-AD31	201004	2010	12	3907	False	12 USC 3907	12 USC 3907
1557-AD31	201004	2010	12	3909	False	12 USC 3909	12 USC 3909
1557-AD31	201004	2010	12	93a	False	12 USC 93a	12 USC 93a
1557-AD31	201010	2010	12	161	False	12 USC 161	12 USC 161
1557-AD31	201010	2010	12	1818	False	12 USC 1818	12 USC 1818
1557-AD31	201010	2010	12	1828	False	12 USC 1828 note	12 USC 1828 note
1557-AD31	201010	2010	12	1828	False	12 USC 1828(n)	12 USC 1828(n)
1557-AD31	201010	2010	12	1835	False	12 USC 1835	12 USC 1835
1557-AD31	201010	2010	12	3907	False	12 USC 3907	12 USC 3907
1557-AD31	201010	2010	12	3909	False	12 USC 3909	12 USC 3909
1557-AD31	201010	2010	12	93a	False	12 USC 93a	12 USC 93a
1557-AD32	201010	2010	12	161	False	12 USC 161	12 USC 161
1557-AD32	201010	2010	12	1814	False	12 USC 1814 and 1816	12 USC 1814 and 1816
1557-AD32	201010	2010	12	1816	False	12 USC 1814 and 1816	12 USC 1814 and 1816
1557-AD32	201010	2010	12	1828	False	12 USC 1828(c) and 1835a	12 USC 1828(c) and 1835a
1557-AD32	201010	2010	12	1835a	False	12 USC 1828(c) and 1835a	12 USC 1828(c) and 1835a
1557-AD32	201010	2010	12	21	False	12 USC 21 and 22	12 USC 21 and 22
1557-AD32	201010	2010	12	22	False	12 USC 21 and 22	12 USC 21 and 22
1557-AD32	201010	2010	12	215	False	12 USC 215 and 215a	12 USC 215 and 215a
1557-AD32	201010	2010	12	215a	False	12 USC 215 and 215a	12 USC 215 and 215a
1557-AD32	201010	2010	12	26	False	12 USC 26 and 27	12 USC 26 and 27
1557-AD32	201010	2010	12	27	False	12 USC 26 and 27	12 USC 26 and 27
1557-AD32	201010	2010	12	2901	False	12 USC 2901 to 2907	12 USC 2901 to 2907
1557-AD32	201010	2010	12	3101	False	12 USC 3101 to 3111	12 USC 3101 to 3111
1557-AD32	201010	2010	12	36	False	12 USC 36	12 USC 36
1557-AD32	201010	2010	12	481	False	12 USC 481	12 USC 481
1557-AD32	201010	2010	12	93a	False	12 USC 93a	12 USC 93a
1557-AD33	201010	2010	12	1	False	12 USC 1 et seq	12 USC 1 et seq
1557-AD33	201010	2010	12	161	False	12 USC 161	12 USC 161
1557-AD33	201010	2010	12	1818	False	12 USC 1818 and 1828(n)	12 USC 1818 and 1828(n)
1557-AD33	201010	2010	12	1828	False	12 USC 1818 and 1828(n)	12 USC 1818 and 1828(n)
1557-AD33	201010	2010	12	1828	False	12 USC 1828 note	12 USC 1828 note
1557-AD33	201010	2010	12	1831n	False	12 USC 1831n note	12 USC 1831n note
1557-AD33	201010	2010	12	1835	False	12 USC 1835	12 USC 1835
1557-AD33	201010	2010	12	3907	False	12 USC 3907 and 3909	12 USC 3907 and 3909
1557-AD33	201010	2010	12	3909	False	12 USC 3907 and 3909	12 USC 3907 and 3909
1557-AD33	201010	2010	12	93a	False	12 USC 93a	12 USC 93a
1557-AD34	201010	2010	12	161	False	12 USC 161	12 USC 161
1557-AD34	201010	2010	12	1814	False	12 USC 1814	12 USC 1814
1557-AD34	201010	2010	12	1816	False	12 USC 1816	12 USC 1816
1557-AD34	201010	2010	12	1828	False	12 USC 1828(c)	12 USC 1828(c)
1557-AD34	201010	2010	12	1835a	False	12 USC 1835a	12 USC 1835a
1557-AD34	201010	2010	12	21	False	12 USC 21 and 22	12 USC 21 and 22
1557-AD34	201010	2010	12	22	False	12 USC 21 and 22	12 USC 21 and 22
1557-AD34	201010	2010	12	215	False	12 USC 215 and 215a	12 USC 215 and 215a
1557-AD34	201010	2010	12	215a	False	12 USC 215 and 215a	12 USC 215 and 215a
1557-AD34	201010	2010	12	26	False	12 USC 26 and 27	12 USC 26 and 27
1557-AD34	201010	2010	12	27	False	12 USC 26 and 27	12 USC 26 and 27
1557-AD34	201010	2010	12	2901	False	12 USC 2901 to 2907	12 USC 2901 to 2907
1557-AD34	201010	2010	12	30	False	12 USC 30	12 USC 30
1557-AD34	201010	2010	12	3101	False	12 USC 3101 to 3111	12 USC 3101 to 3111
1557-AD34	201010	2010	12	36	False	12 USC 36	12 USC 36
1557-AD34	201010	2010	12	481	False	12 USC 481	12 USC 481
1557-AD34	201010	2010	12	93a	False	12 USC 93a	12 USC 93a
1557-AD35	201010	2010	12	161	False	12 USC 161	12 USC 161
1557-AD35	201010	2010	12	1818	False	12 USC 1818	12 USC 1818
1557-AD35	201010	2010	12	1828	False	12 USC 1828 note	12 USC 1828 note
1557-AD35	201010	2010	12	1828	False	12 USC 1828(n)	12 USC 1828(n)
1557-AD35	201010	2010	12	1831n	False	12 USC 1831n note	12 USC 1831n note
1557-AD35	201010	2010	12	1835	False	12 USC 1835	12 USC 1835
1557-AD35	201010	2010	12	3907	False	12 USC 3907	12 USC 3907
1557-AD35	201010	2010	12	3909	False	12 USC 3909	12 USC 3909
1557-AD35	201010	2010	12	93a	False	12 USC 93a	12 USC 93a
1557-AD36	201010	2010	12	1	False	12 USC 1 et seq	12 USC 1 et seq
1557-AD36	201010	2010	12	161	False	12 USC 161	12 USC 161
1557-AD36	201010	2010	12	1818	False	12 USC 1818	12 USC 1818
1557-AD36	201010	2010	12	24	False	12 USC 24(Seventh)	12 USC 24(Seventh)
1557-AD36	201010	2010	12	3101	False	12 USC 3101 et seq	12 USC 3101 et seq
1557-AD36	201010	2010	12	3901	False	12 USC 3901 et seq	12 USC 3901 et seq
1557-AD36	201010	2010	12	602	False	12 USC 602	12 USC 602
1557-AD36	201010	2010	12	93a	False	12 USC 93a	12 USC 93a
1557-AD37	201010	2010	12	24	False	12 USC 24(Seventh)	12 USC 24(Seventh)
1557-AD37	201010	2010	12	92a	False	12 USC 92a-93a	12 USC 92a-93a
1625-AA00	201004	2010	14	85	False	14 USC 85	14 USC 85
1625-AA00	201010	2010	14	85	False	14 USC 85	14 USC 85
1625-AA00	201210	2012	33	1226	False	33 USC 1226	33 USC 1226
1625-AA00	201210	2012	33	1231	False	33 USC 1231	33 USC 1231
1625-AA01	201210	2012	33	1221	False	33 USC 1221 to 1236	33 USC 1221 to 1236
1625-AA01	201210	2012	33	2030	False	33 USC 2030	33 USC 2030
1625-AA01	201210	2012	33	2035	False	33 USC 2035	33 USC 2035
1625-AA01	201210	2012	33	2071	False	33 USC 2071	33 USC 2071
1625-AA01	201210	2012	33	471	False	33 USC 471	33 USC 471
1625-AA02	201210	2012	33	1321	False	33 USC 1321	33 USC 1321
1625-AA08	201210	2012	33	1233	False	33 USC 1233	33 USC 1233
1625-AA09	201210	2012	33	499	False	33 USC 499	33 USC 499
1625-AA11	201210	2012	33	1226	False	33 USC 1226	33 USC 1226
1625-AA11	201210	2012	33	1231	False	33 USC 1231	33 USC 1231
1625-AA12	201210	2012	33	1321	False	33 USC 1321(j)	33 USC 1321(j)
1625-AA13	201210	2012	33	1231	False	33 USC 1231	33 USC 1231
1625-AA13	201210	2012	33	1321	False	33 USC 1321(j)	33 USC 1321(j)
1625-AA87	201210	2012	33	1226	False	33 USC 1226	33 USC 1226
1625-AA87	201210	2012	33	1231	False	33 USC 1231	33 USC 1231
1625-AA99	201210	2012	33	1223	False	33 USC 1223	33 USC 1223
1625-AA99	201210	2012	33	1225	False	33 USC 1225	33 USC 1225
1625-AA99	201210	2012	33	1231	False	33 USC 1231	33 USC 1231
1625-AB21	201210	2012	33	1226	False	33 USC 1226	33 USC 1226
1625-AB21	201210	2012	33	1231	False	33 USC 1231	33 USC 1231
1625-AB27	201210	2012	33	1223	False	33 USC 1223	33 USC 1223
1625-AB27	201210	2012	33	1231	False	33 USC 1231	33 USC 1231
1625-AB27	201210	2012	33	1903	False	33 USC 1903	33 USC 1903
1625-AB27	201210	2012	33	1908	False	33 USC 1908	33 USC 1908
1625-AB30	201210	2012	33	1226	False	33 USC 1226	33 USC 1226
1625-AB30	201210	2012	33	1231	False	33 USC 1231	33 USC 1231
1625-AB32	201004	2010	14	91	False	14 USC 91	14 USC 91
1625-AB32	201010	2010	14	2	False	14 USC 2	14 USC 2
1625-AB32	201010	2010	14	91	False	14 USC 91	14 USC 91
1625-AB32	201210	2012	33	1223	False	33 USC 1223	33 USC 1223
1625-AB32	201210	2012	33	1231	False	33 USC 1231	33 USC 1231
1625-AB32	201210	2012	33	1903	False	33 USC 1903(b)	33 USC 1903(b)
1625-AB35	201210	2012	33	1903	False	33 USC 1903	33 USC 1903
1625-AB36	201210	2012	33	494	False	33 USC 494	33 USC 494
1625-AB36	201210	2012	33	502	False	33 USC 502	33 USC 502
1625-AB37	201210	2012	33	1225	False	33 USC 1225	33 USC 1225
1625-AB38	201210	2012	33	1226	False	33 USC 1226	33 USC 1226
1625-AB38	201210	2012	33	1231	False	33 USC 1231	33 USC 1231
1625-AB44	201210	2012	33	1903	False	33 USC 1903(b)	33 USC 1903(b)
1625-AB57	201210	2012	33	1902	False	33 USC 1902	33 USC 1902
1625-AB67	201210	2012	33	1231	False	33 USC 1231	33 USC 1231
1625-AB72	201210	2012	33	1222	False	33 USC 1222(5)	33 USC 1222(5)
1625-AB72	201210	2012	33	1231	False	33 USC 1231	33 USC 1231
1625-AB72	201210	2012	33	1233	False	33 USC 1233	33 USC 1233
1625-AB81	201210	2012	33	1221	False	33 USC 1221	33 USC 1221
1625-AB83	201210	2012	33	1903	False	33 USC 1903(b)	33 USC 1903(b)
1625-AB84	201210	2012	33	1231	False	33 USC 1231	33 USC 1231
1625-AB90	201210	2012	33	1903	False	33 USC 1903	33 USC 1903
1625-AB90	201210	2012	33	1904	False	33 USC 1904	33 USC 1904
1625-AB92	201210	2012	33	1504	False	33 USC 1504	33 USC 1504
1625-AB94	201210	2012	33	1903	False	33 USC 1903	33 USC 1903
1625-AB95	201210	2012	33	1231	False	33 USCG 1231	33 USCG 1231
1990-AA41	201210	2012	35	207	False	35 USC 207 to 209	35 USC 207 to 209
1990-AA42	201210	2012	35	200	False	35 USC 200 to 212	35 USC 200 to 212
2020-AA47	201210	2012	33	1314	False	33 USC 1314(i) and 1361(a)	33 USC 1314(i) and 1361(a)
2020-AA47	201210	2012	33	1361	False	33 USC 1314(i) and 1361(a)	33 USC 1314(i) and 1361(a)
2040-AD39	201210	2012	33	1322	False	33 USC 1322	33 USC 1322
2040-AD39	201210	2012	33	1361	False	33 USC 1361	33 USC 1361
2040-AF05	201210	2012	33	1342	False	33 USC 1342(l) and 1362(24)	33 USC 1342(l) and 1362(24)
2040-AF05	201210	2012	33	1362	False	33 USC 1342(l) and 1362(24)	33 USC 1342(l) and 1362(24)
2040-AF09	201210	2012	33	1251	False	33 USC 1251	33 USC 1251
2040-AF09	201210	2012	33	1314	False	33 USC 1314(h)	33 USC 1314(h)
2040-AF09	201210	2012	33	1361	False	33 USC 1361(a)	33 USC 1361(a)
2040-AF13	201210	2012	33	1251	False	33 USC 1251 et seq	33 USC 1251 et seq
2040-AF14	201210	2012	33	1311	False	33 USC 1311	33 USC 1311
2040-AF14	201210	2012	33	1314	False	33 USC 1314	33 USC 1314
2040-AF14	201210	2012	33	1316	False	33 USC 1316	33 USC 1316
2040-AF14	201210	2012	33	1317	False	33 USC 1317	33 USC 1317
2040-AF14	201210	2012	33	1318	False	33 USC 1318	33 USC 1318
2040-AF14	201210	2012	33	1342	False	33 USC 1342	33 USC 1342
2040-AF14	201210	2012	33	1361	False	33 USC 1361	33 USC 1361
2040-AF16	201210	2012	33	1251	False	33 USC 1251 et seq	33 USC 1251 et seq
2040-AF21	201210	2012	33	1251	False	33 USC 1251 et seq	33 USC 1251 et seq
2040-AF22	201210	2012	33	1251	False	33 USC 1251(a)	33 USC 1251(a)
2040-AF22	201210	2012	33	1311	False	33 USC 1311(a)	33 USC 1311(a)
2040-AF22	201210	2012	33	1318	False	33 USC 1318(a)	33 USC 1318(a)
2040-AF22	201210	2012	33	1319	False	33 USC 1319	33 USC 1319
2040-AF22	201210	2012	33	1342	False	33 USC 1342	33 USC 1342
2040-AF22	201210	2012	33	1362	False	33 USC 1362(14)	33 USC 1362(14)
2040-AF25	201210	2012	33	1251	False	33 USC 1251 et seq	33 USC 1251 et seq
2040-AF27	201210	2012	33	1251	False	33 USC 1251	33 USC 1251
2040-AF27	201210	2012	33	1311	False	33 USC 1311	33 USC 1311
2040-AF27	201210	2012	33	1314	False	33 USC 1314	33 USC 1314
2040-AF27	201210	2012	33	1316	False	33 USC 1316	33 USC 1316
2040-AF27	201210	2012	33	1318	False	33 USC 1318	33 USC 1318
2040-AF27	201210	2012	33	1341	False	33 USC 1341	33 USC 1341
2040-AF27	201210	2012	33	1342	False	33 USC 1342	33 USC 1342
2040-AF27	201210	2012	33	1361	False	33 USC 1361	33 USC 1361
2040-AF27	201210	2012	33	1370	False	33 USC 1370	33 USC 1370
2040-AF30	201210	2012	33	1251	False	33 USC 1251	33 USC 1251
2040-AF33	201210	2012	33	1313	False	33 USC 1313(c)	33 USC 1313(c)
2040-AF35	201210	2012	33	1311	False	33 USC 1311	33 USC 1311
2040-AF35	201210	2012	33	1314	False	33 USC 1314	33 USC 1314
2040-AF35	201210	2012	33	1316	False	33 USC 1316	33 USC 1316
2040-AF35	201210	2012	33	1317	False	33 USC 1317	33 USC 1317
2040-AF35	201210	2012	33	1318	False	33 USC 1318	33 USC 1318
2040-AF35	201210	2012	33	1342	False	33 USC 1342	33 USC 1342
2040-AF35	201210	2012	33	1361	False	33 USC 1361	33 USC 1361
2040-AF36	201210	2012	33	1251	False	33 USC 1251 et seq	33 USC 1251 et seq
2040-AF38	201210	2012	33	1313	False	33 USC 1313(c)	33 USC 1313(c)
2040-AF39	201210	2012	33	1251	False	33 USC 1251 et seq	33 USC 1251 et seq
2040-AF40	201210	2012	33	1251	False	33 USC 1251	33 USC 1251
2040-AF40	201210	2012	33	1311	False	33 USC 1311	33 USC 1311
2040-AF40	201210	2012	33	1314	False	33 USC 1314	33 USC 1314
2040-AF40	201210	2012	33	1316	False	33 USC 1316	33 USC 1316
2040-AF40	201210	2012	33	1317	False	33 USC 1317	33 USC 1317
2040-AF40	201210	2012	33	1318	False	33 USC 1318	33 USC 1318
2040-AF40	201210	2012	33	1342	False	33 USC 1342	33 USC 1342
2040-AF40	201210	2012	33	1361	False	33 USC 1361	33 USC 1361
2040-AF41	201210	2012	33	1251	False	33 USC 1251 et seq	33 USC 1251 et seq
2040-AF42	201210	2012	33	1251	False	33 USC 1251(a)	33 USC 1251(a)
2040-AF43	201210	2012	33	1251	False	33 USC 1251(a)	33 USC 1251(a)
2050-AE81	201210	2012	33	1345	False	33 USC 1345(d)	33 USC 1345(d)
2050-AE81	201210	2012	33	1345	False	33 USC 1345(e)	33 USC 1345(e)
2050-AE87	201210	2012	33	1321	False	33 USC 1321(b)(3)	33 USC 1321(b)(3)
2050-AE87	201210	2012	33	1321	False	33 USC 1321(d)(2)	33 USC 1321(d)(2)
2050-AE87	201210	2012	33	1321	False	33 USC 1321(j)	33 USC 1321(j)
2050-AG69	201210	2012	33	1321	False	33 USC 1321	33 USC 1321
2050-AG73	201210	2012	33	1321	False	33 USC 1321(c)(2)	33 USC 1321(c)(2)
2060-AR36	201210	2012	33	1909	False	33 USC 1909	33 USC 1909
2105-AE14	201210	2012	40	102	False	40 USC 102, 40 USC 301, 40 USC 322,	40 USC 102, 40 USC 301, 40 USC 322,
2105-AE14	201210	2012	40	301	False	40 USC 102, 40 USC 301, 40 USC 322,	40 USC 102, 40 USC 301, 40 USC 322,
2125-AF44	201210	2012	40	1101	False	40 USC 1101	40 USC 1101
2501-AD11	201004	2010	12	1707	False	12 USC 1707 note	12 USC 1707 note
2501-AD11	201004	2010	12	1715z-13a	False	12 USC 1715z-13a(k)	12 USC 1715z-13a(k)
2501-AD11	201010	2010	12	1707	False	12 USC 1707 note	12 USC 1707 note
2501-AD11	201010	2010	12	1715z-13a	False	12 USC 1715z-13a(k)	12 USC 1715z-13a(k)
2501-AD56	201210	2012	40	121	False	40 USC 121(c), 42 USC 3535 (d)	40 USC 121(c), 42 USC 3535 (d)
2502-AH40	201004	2010	12	1710	False	12 USC 1710(h)	12 USC 1710(h)
2502-AH40	201010	2010	12	1710	False	12 USC 1710(h)	12 USC 1710(h)
2502-AI15	201004	2010	12	1710	False	12 USC 1710	12 USC 1710
2502-AI15	201004	2010	12	1715z	False	12 USC 1715z -11a	12 USC 1715z -11a
2502-AI37	201004	2010	12	1702	False	12 USC 1702 to 1715z-21	12 USC 1702 to 1715z-21
2502-AI37	201010	2010	12	1702	False	12 USC 1702 to 1715z-21	12 USC 1702 to 1715z-21
2502-AI45	201004	2010	12	1703	False	12 USC 1703	12 USC 1703
2502-AI45	201010	2010	12	1703	False	12 USC 1703	12 USC 1703
2502-AI49	201004	2010	12	1715z-20	False	12 USC 1715z-20	12 USC 1715z-20
2502-AI49	201010	2010	12	1715z-20	False	12 USC 1715z-20	12 USC 1715z-20
2502-AI55	201004	2010	12	1715b	False	12 USC 1715b	12 USC 1715b
2502-AI55	201004	2010	12	1715y	False	12 USC 1715y	12 USC 1715y
2502-AI56	201004	2010	12	1709	False	12 USC 1709	12 USC 1709
2502-AI56	201004	2010	12	1710	False	12 USC 1710	12 USC 1710
2502-AI56	201004	2010	12	1715b	False	12 USC 1715b	12 USC 1715b
2502-AI56	201004	2010	12	1715u	False	12 USC 1715u	12 USC 1715u
2502-AI56	201010	2010	12	1709	False	12 USC 1709	12 USC 1709
2502-AI56	201010	2010	12	1710	False	12 USC 1710	12 USC 1710
2502-AI56	201010	2010	12	1715b	False	12 USC 1715b	12 USC 1715b
2502-AI56	201010	2010	12	1715u	False	12 USC 1715u	12 USC 1715u
2502-AI58	201004	2010	12	1709	False	12 USC 1709	12 USC 1709
2502-AI58	201004	2010	12	1710	False	12 USC 1710	12 USC 1710
2502-AI58	201004	2010	12	1715b	False	12 USC 1715b	12 USC 1715b
2502-AI58	201004	2010	12	1715u	False	12 USC 1715u	12 USC 1715u
2502-AI58	201004	2010	12	1715z-16	False	12 USC 1715z-16	12 USC 1715z-16
2502-AI58	201010	2010	12	1709	False	12 USC 1709	12 USC 1709
2502-AI58	201010	2010	12	1710	False	12 USC 1710	12 USC 1710
2502-AI58	201010	2010	12	1715b	False	12 USC 1715b	12 USC 1715b
2502-AI58	201010	2010	12	1715u	False	12 USC 1715u	12 USC 1715u
2502-AI58	201010	2010	12	1715z-16	False	12 USC 1715z-16	12 USC 1715z-16
2502-AI64	201004	2010	12	1703	False	12 USC 1703, 1709, 1715b	12 USC 1703, 1709, 1715b
2502-AI64	201004	2010	12	1709	False	12 USC 1703, 1709, 1715b	12 USC 1703, 1709, 1715b
2502-AI64	201004	2010	12	1715b	False	12 USC 1703, 1709, 1715b	12 USC 1703, 1709, 1715b
2502-AI65	201004	2010	12	1715b	False	12 USC 1715b, 17152 to 1720	12 USC 1715b, 17152 to 1720
2502-AI65	201010	2010	12	1715b	False	12 USC 1715b, 17152 to 1720	12 USC 1715b, 17152 to 1720
2502-AI66	201004	2010	12	1715b	False	12 USC 1715b	12 USC 1715b
2502-AI66	201004	2010	12	1715z	False	12 USC 1715z to 1720	12 USC 1715z to 1720
2502-AI66	201010	2010	12	1715b	False	12 USC 1715b	12 USC 1715b
2502-AI66	201010	2010	12	1715z	False	12 USC 1715z to 1720	12 USC 1715z to 1720
2502-AI67	201004	2010	12	1701q	False	12 USC 1701q	12 USC 1701q
2502-AI67	201010	2010	12	1701q	False	12 USC 1701q	12 USC 1701q
2502-AI68	201004	2010	12	1709	False	12 USC 1709, 1710, 1715b, 1715z-16, 7 1715U	12 USC 1709, 1710, 1715b, 1715z-16, 7 1715U
2502-AI68	201004	2010	12	1710	False	12 USC 1709, 1710, 1715b, 1715z-16, 7 1715U	12 USC 1709, 1710, 1715b, 1715z-16, 7 1715U
2502-AI68	201004	2010	12	1715b	False	12 USC 1709, 1710, 1715b, 1715z-16, 7 1715U	12 USC 1709, 1710, 1715b, 1715z-16, 7 1715U
2502-AI68	201004	2010	12	1715z-16	False	12 USC 1709, 1710, 1715b, 1715z-16, 7 1715U	12 USC 1709, 1710, 1715b, 1715z-16, 7 1715U
2502-AI68	201004	2010	12	7	False	12 USC 1709, 1710, 1715b, 1715z-16, 7 1715U	12 USC 1709, 1710, 1715b, 1715z-16, 7 1715U
2502-AI68	201010	2010	12	1709	False	12 USC 1709, 1710, 1715b, 1715z-16, 7 1715U	12 USC 1709, 1710, 1715b, 1715z-16, 7 1715U
2502-AI68	201010	2010	12	1710	False	12 USC 1709, 1710, 1715b, 1715z-16, 7 1715U	12 USC 1709, 1710, 1715b, 1715z-16, 7 1715U
2502-AI68	201010	2010	12	1715b	False	12 USC 1709, 1710, 1715b, 1715z-16, 7 1715U	12 USC 1709, 1710, 1715b, 1715z-16, 7 1715U
2502-AI68	201010	2010	12	1715z-16	False	12 USC 1709, 1710, 1715b, 1715z-16, 7 1715U	12 USC 1709, 1710, 1715b, 1715z-16, 7 1715U
2502-AI68	201010	2010	12	7	False	12 USC 1709, 1710, 1715b, 1715z-16, 7 1715U	12 USC 1709, 1710, 1715b, 1715z-16, 7 1715U
2502-AI70	201004	2010	12	5101	False	12 USC 5101 to 5113	12 USC 5101 to 5113
2502-AI70	201010	2010	12	5101	False	12 USC 5101 to 5113	12 USC 5101 to 5113
2502-AI73	201004	2010	12	1715s	False	12 USC 1715s, sec 2834(c) of PL 110-289	12 USC 1715s, sec 2834(c) of PL 110-289
2502-AI73	201010	2010	12	1715s	False	12 USC 1715s, sec 2834(c) of PL 110-289	12 USC 1715s, sec 2834(c) of PL 110-289
2502-AI74	201004	2010	12	1709	False	12 USC 1709	12 USC 1709
2502-AI74	201004	2010	12	1710	False	12 USC 1710	12 USC 1710
2502-AI74	201004	2010	12	1715b	False	12 USC 1715b	12 USC 1715b
2502-AI74	201004	2010	12	1715n	False	12 USC 1715n(f)	12 USC 1715n(f)
2502-AI74	201004	2010	12	1715u	False	12 USC 1715u	12 USC 1715u
2502-AI74	201010	2010	12	1709	False	12 USC 1709	12 USC 1709
2502-AI74	201010	2010	12	1710	False	12 USC 1710	12 USC 1710
2502-AI74	201010	2010	12	1715b	False	12 USC 1715b	12 USC 1715b
2502-AI74	201010	2010	12	1715n	False	12 USC 1715n(f)	12 USC 1715n(f)
2502-AI74	201010	2010	12	1715u	False	12 USC 1715u	12 USC 1715u
2502-AI75	201004	2010	12	1715z-1	False	12 USC 1715z-1	12 USC 1715z-1
2502-AI75	201004	2010	12	1735f-19	False	12 USC 1735f-19(b)	12 USC 1735f-19(b)
2502-AI75	201010	2010	12	1715z-1	False	12 USC 1715z-1	12 USC 1715z-1
2502-AI75	201010	2010	12	1735f-19	False	12 USC 1735f-19(b)	12 USC 1735f-19(b)
2502-AI78	201004	2010	12	2601	False	12 USC 2601 et seq	12 USC 2601 et seq
2502-AI78	201010	2010	12	2601	False	12 USC 2601 et seq	12 USC 2601 et seq
2502-AI79	201004	2010	12	1715b	False	12 USC 1715b, 1715z-1720	12 USC 1715b, 1715z-1720
2502-AI79	201004	2010	12	1715z	False	12 USC 1715b, 1715z-1720	12 USC 1715b, 1715z-1720
2502-AI79	201010	2010	12	1715b	False	12 USC 1715b, 1715z-1720	12 USC 1715b, 1715z-1720
2502-AI79	201010	2010	12	1715z	False	12 USC 1715b, 1715z-1720	12 USC 1715b, 1715z-1720
2502-AI80	201004	2010	12	1702	False	12 USC 1702 to 1715z-21	12 USC 1702 to 1715z-21
2502-AI80	201010	2010	12	1702	False	12 USC 1702 to 1715z-21	12 USC 1702 to 1715z-21
2502-AI81	201004	2010	12	1703	False	12 USC 1703	12 USC 1703
2502-AI81	201004	2010	12	1709	False	12 USC 1709	12 USC 1709
2502-AI81	201004	2010	12	1715b	False	12 USC 1715b	12 USC 1715b
2502-AI81	201010	2010	12	1703	False	12 USC 1703	12 USC 1703
2502-AI81	201010	2010	12	1709	False	12 USC 1709	12 USC 1709
2502-AI81	201010	2010	12	1715b	False	12 USC 1715b	12 USC 1715b
2502-AI86	201004	2010	12	1701	False	12 USC 1701(x)	12 USC 1701(x)
2502-AI86	201010	2010	12	1701	False	12 USC 1701(x)	12 USC 1701(x)
2502-AI89	201004	2010	12	1715b	False	12 USC 1715b	12 USC 1715b
2502-AI89	201004	2010	12	1715z	False	12 USC 1715z to 1720	12 USC 1715z to 1720
2502-AI89	201010	2010	12	1715b	False	12 USC 1715b	12 USC 1715b
2502-AI89	201010	2010	12	1715z	False	12 USC 1715z to 1720	12 USC 1715z to 1720
2502-AI90	201010	2010	12	1703	False	12 USC 1703	12 USC 1703
2502-AI90	201010	2010	12	1709	False	12 USC 1709	12 USC 1709
2502-AI90	201010	2010	12	1715	False	12 USC 1715 (b)	12 USC 1715 (b)
2502-AI91	201010	2010	12	1703	False	12 USC 1703, 1709 and 1715b	12 USC 1703, 1709 and 1715b
2502-AI91	201010	2010	12	1709	False	12 USC 1703, 1709 and 1715b	12 USC 1703, 1709 and 1715b
2502-AI91	201010	2010	12	1715b	False	12 USC 1703, 1709 and 1715b	12 USC 1703, 1709 and 1715b
2502-AI92	201010	2010	12	1703	False	12 USC 1703	12 USC 1703
2502-AI92	201010	2010	12	1709	False	12 USC 1709	12 USC 1709
2502-AI92	201010	2010	12	1715b	False	12 USC 1715b	12 USC 1715b
2502-AI93	201010	2010	12	1703	False	12 USC 1703	12 USC 1703
2502-AI94	201010	2010	12	1701x	False	12 USC 1701x	12 USC 1701x
2506-AC23	201004	2010	12	4568	False	12 USC 4568	12 USC 4568
2506-AC23	201010	2010	12	4568	False	12 USC 4568	12 USC 4568
2506-AC30	201004	2010	12	4568	False	12 USC 4568	12 USC 4568
2506-AC30	201010	2010	12	4568	False	12 USC 4568	12 USC 4568
2529-AA91	201004	2010	12	1701u	False	12 USC 1701u	12 USC 1701u
2529-AA91	201010	2010	12	1701u	False	12 USC 1701u	12 USC 1701u
2590-AA01	201004	2010	12	4513	False	12 USC 4513	12 USC 4513
2590-AA01	201004	2010	12	4526	False	12 USC 4526	12 USC 4526
2590-AA01	201004	2010	12	4612	False	12 USC 4612	12 USC 4612
2590-AA01	201010	2010	12	4513	False	12 USC 4513	12 USC 4513
2590-AA01	201010	2010	12	4526	False	12 USC 4526	12 USC 4526
2590-AA01	201010	2010	12	4612	False	12 USC 4612	12 USC 4612
2590-AA04	201004	2010	12	1430	False	12 USC 1430(j)(2)	12 USC 1430(j)(2)
2590-AA04	201010	2010	12	1430	False	12 USC 1430(j)(2)	12 USC 1430(j)(2)
2590-AA06	201004	2010	12	4513	False	12 USC 4513, 4522, 4526, 4639	12 USC 4513, 4522, 4526, 4639
2590-AA06	201004	2010	12	4522	False	12 USC 4513, 4522, 4526, 4639	12 USC 4513, 4522, 4526, 4639
2590-AA06	201004	2010	12	4526	False	12 USC 4513, 4522, 4526, 4639	12 USC 4513, 4522, 4526, 4639
2590-AA06	201004	2010	12	4639	False	12 USC 4513, 4522, 4526, 4639	12 USC 4513, 4522, 4526, 4639
2590-AA06	201010	2010	12	4513	False	12 USC 4513, 4522, 4526, 4639	12 USC 4513, 4522, 4526, 4639
2590-AA06	201010	2010	12	4522	False	12 USC 4513, 4522, 4526, 4639	12 USC 4513, 4522, 4526, 4639
2590-AA06	201010	2010	12	4526	False	12 USC 4513, 4522, 4526, 4639	12 USC 4513, 4522, 4526, 4639
2590-AA06	201010	2010	12	4639	False	12 USC 4513, 4522, 4526, 4639	12 USC 4513, 4522, 4526, 4639
2590-AA08	201004	2010	12	4518	False	12 USC 4518(e)	12 USC 4518(e)
2590-AA08	201010	2010	12	4518	False	12 USC 4518(e), 4526	12 USC 4518(e), 4526
2590-AA08	201010	2010	12	4526	False	12 USC 4518(e), 4526	12 USC 4518(e), 4526
2590-AA10	201004	2010	12	4513b	False	12 USC 4513b(a) and (11)	12 USC 4513b(a) and (11)
2590-AA10	201010	2010	12	4513b	False	12 USC 4513b(a) and (11)	12 USC 4513b(a) and (11)
2590-AA11	201004	2010	12	4511	False	12 USC 4511	12 USC 4511
2590-AA11	201004	2010	12	4513	False	12 USC 4513	12 USC 4513
2590-AA11	201004	2010	12	4514	False	12 USC 4514	12 USC 4514
2590-AA11	201004	2010	12	4526	False	12 USC 4526	12 USC 4526
2590-AA11	201004	2010	12	4642	False	12 USC 4642	12 USC 4642
2590-AA12	201004	2010	12	1427	False	12 USC 1427	12 USC 1427, 1431(l)(5), 1452(h), 1455(l)(5), 4502(6) and (12), 4513, 4514, 4517, 4518, 4526, 4631, 4632, 4636, 1719(g)(5), 1723a(d)
2590-AA12	201004	2010	12	1431	False	12 USC 1427	12 USC 1427, 1431(l)(5), 1452(h), 1455(l)(5), 4502(6) and (12), 4513, 4514, 4517, 4518, 4526, 4631, 4632, 4636, 1719(g)(5), 1723a(d)
2590-AA12	201004	2010	12	1452	False	12 USC 1427	12 USC 1427, 1431(l)(5), 1452(h), 1455(l)(5), 4502(6) and (12), 4513, 4514, 4517, 4518, 4526, 4631, 4632, 4636, 1719(g)(5), 1723a(d)
2590-AA12	201004	2010	12	1455	False	12 USC 1427	12 USC 1427, 1431(l)(5), 1452(h), 1455(l)(5), 4502(6) and (12), 4513, 4514, 4517, 4518, 4526, 4631, 4632, 4636, 1719(g)(5), 1723a(d)
2590-AA12	201004	2010	12	1719	False	12 USC 1427	12 USC 1427, 1431(l)(5), 1452(h), 1455(l)(5), 4502(6) and (12), 4513, 4514, 4517, 4518, 4526, 4631, 4632, 4636, 1719(g)(5), 1723a(d)
2590-AA12	201004	2010	12	1723a	False	12 USC 1427	12 USC 1427, 1431(l)(5), 1452(h), 1455(l)(5), 4502(6) and (12), 4513, 4514, 4517, 4518, 4526, 4631, 4632, 4636, 1719(g)(5), 1723a(d)
2590-AA12	201004	2010	12	4502	False	12 USC 1427	12 USC 1427, 1431(l)(5), 1452(h), 1455(l)(5), 4502(6) and (12), 4513, 4514, 4517, 4518, 4526, 4631, 4632, 4636, 1719(g)(5), 1723a(d)
2590-AA12	201004	2010	12	4513	False	12 USC 1427	12 USC 1427, 1431(l)(5), 1452(h), 1455(l)(5), 4502(6) and (12), 4513, 4514, 4517, 4518, 4526, 4631, 4632, 4636, 1719(g)(5), 1723a(d)
2590-AA12	201004	2010	12	4514	False	12 USC 1427	12 USC 1427, 1431(l)(5), 1452(h), 1455(l)(5), 4502(6) and (12), 4513, 4514, 4517, 4518, 4526, 4631, 4632, 4636, 1719(g)(5), 1723a(d)
2590-AA12	201004	2010	12	4517	False	12 USC 1427	12 USC 1427, 1431(l)(5), 1452(h), 1455(l)(5), 4502(6) and (12), 4513, 4514, 4517, 4518, 4526, 4631, 4632, 4636, 1719(g)(5), 1723a(d)
2590-AA12	201004	2010	12	4518	False	12 USC 1427	12 USC 1427, 1431(l)(5), 1452(h), 1455(l)(5), 4502(6) and (12), 4513, 4514, 4517, 4518, 4526, 4631, 4632, 4636, 1719(g)(5), 1723a(d)
2590-AA12	201004	2010	12	4526	False	12 USC 1427	12 USC 1427, 1431(l)(5), 1452(h), 1455(l)(5), 4502(6) and (12), 4513, 4514, 4517, 4518, 4526, 4631, 4632, 4636, 1719(g)(5), 1723a(d)
2590-AA12	201004	2010	12	4631	False	12 USC 1427	12 USC 1427, 1431(l)(5), 1452(h), 1455(l)(5), 4502(6) and (12), 4513, 4514, 4517, 4518, 4526, 4631, 4632, 4636, 1719(g)(5), 1723a(d)
2590-AA12	201004	2010	12	4632	False	12 USC 1427	12 USC 1427, 1431(l)(5), 1452(h), 1455(l)(5), 4502(6) and (12), 4513, 4514, 4517, 4518, 4526, 4631, 4632, 4636, 1719(g)(5), 1723a(d)
2590-AA12	201004	2010	12	4636	False	12 USC 1427	12 USC 1427, 1431(l)(5), 1452(h), 1455(l)(5), 4502(6) and (12), 4513, 4514, 4517, 4518, 4526, 4631, 4632, 4636, 1719(g)(5), 1723a(d)
2590-AA12	201010	2010	12	1427	False	12 USC 1427	12 USC 1427, 1431(l)(5), 1452(h), 1455(l)(5), 4502(6) and (12), 4513, 4514, 4517, 4518, 4526, 4631, 4632, 4636, 1719(g)(5), 1723a(d)
2590-AA12	201010	2010	12	1431	False	12 USC 1427	12 USC 1427, 1431(l)(5), 1452(h), 1455(l)(5), 4502(6) and (12), 4513, 4514, 4517, 4518, 4526, 4631, 4632, 4636, 1719(g)(5), 1723a(d)
2590-AA12	201010	2010	12	1452	False	12 USC 1427	12 USC 1427, 1431(l)(5), 1452(h), 1455(l)(5), 4502(6) and (12), 4513, 4514, 4517, 4518, 4526, 4631, 4632, 4636, 1719(g)(5), 1723a(d)
2590-AA12	201010	2010	12	1455	False	12 USC 1427	12 USC 1427, 1431(l)(5), 1452(h), 1455(l)(5), 4502(6) and (12), 4513, 4514, 4517, 4518, 4526, 4631, 4632, 4636, 1719(g)(5), 1723a(d)
2590-AA12	201010	2010	12	1719	False	12 USC 1427	12 USC 1427, 1431(l)(5), 1452(h), 1455(l)(5), 4502(6) and (12), 4513, 4514, 4517, 4518, 4526, 4631, 4632, 4636, 1719(g)(5), 1723a(d)
2590-AA12	201010	2010	12	1723a	False	12 USC 1427	12 USC 1427, 1431(l)(5), 1452(h), 1455(l)(5), 4502(6) and (12), 4513, 4514, 4517, 4518, 4526, 4631, 4632, 4636, 1719(g)(5), 1723a(d)
2590-AA12	201010	2010	12	4502	False	12 USC 1427	12 USC 1427, 1431(l)(5), 1452(h), 1455(l)(5), 4502(6) and (12), 4513, 4514, 4517, 4518, 4526, 4631, 4632, 4636, 1719(g)(5), 1723a(d)
2590-AA12	201010	2010	12	4513	False	12 USC 1427	12 USC 1427, 1431(l)(5), 1452(h), 1455(l)(5), 4502(6) and (12), 4513, 4514, 4517, 4518, 4526, 4631, 4632, 4636, 1719(g)(5), 1723a(d)
2590-AA12	201010	2010	12	4514	False	12 USC 1427	12 USC 1427, 1431(l)(5), 1452(h), 1455(l)(5), 4502(6) and (12), 4513, 4514, 4517, 4518, 4526, 4631, 4632, 4636, 1719(g)(5), 1723a(d)
2590-AA12	201010	2010	12	4517	False	12 USC 1427	12 USC 1427, 1431(l)(5), 1452(h), 1455(l)(5), 4502(6) and (12), 4513, 4514, 4517, 4518, 4526, 4631, 4632, 4636, 1719(g)(5), 1723a(d)
2590-AA12	201010	2010	12	4518	False	12 USC 1427	12 USC 1427, 1431(l)(5), 1452(h), 1455(l)(5), 4502(6) and (12), 4513, 4514, 4517, 4518, 4526, 4631, 4632, 4636, 1719(g)(5), 1723a(d)
2590-AA12	201010	2010	12	4526	False	12 USC 1427	12 USC 1427, 1431(l)(5), 1452(h), 1455(l)(5), 4502(6) and (12), 4513, 4514, 4517, 4518, 4526, 4631, 4632, 4636, 1719(g)(5), 1723a(d)
2590-AA12	201010	2010	12	4631	False	12 USC 1427	12 USC 1427, 1431(l)(5), 1452(h), 1455(l)(5), 4502(6) and (12), 4513, 4514, 4517, 4518, 4526, 4631, 4632, 4636, 1719(g)(5), 1723a(d)
2590-AA12	201010	2010	12	4632	False	12 USC 1427	12 USC 1427, 1431(l)(5), 1452(h), 1455(l)(5), 4502(6) and (12), 4513, 4514, 4517, 4518, 4526, 4631, 4632, 4636, 1719(g)(5), 1723a(d)
2590-AA12	201010	2010	12	4636	False	12 USC 1427	12 USC 1427, 1431(l)(5), 1452(h), 1455(l)(5), 4502(6) and (12), 4513, 4514, 4517, 4518, 4526, 4631, 4632, 4636, 1719(g)(5), 1723a(d)
2590-AA13	201004	2010	12	4511	False	12 USC 4511, 4513(a), 4513(f), 4513b, 4519g	12 USC 4511, 4513(a), 4513(f), 4513b, 4519g
2590-AA13	201004	2010	12	4513	False	12 USC 4511, 4513(a), 4513(f), 4513b, 4519g	12 USC 4511, 4513(a), 4513(f), 4513b, 4519g
2590-AA13	201004	2010	12	4513b	False	12 USC 4511, 4513(a), 4513(f), 4513b, 4519g	12 USC 4511, 4513(a), 4513(f), 4513b, 4519g
2590-AA13	201010	2010	12	4511	False	12 USC 4511, 4513(a), 4513(f), 4513(b), 4519(g)	12 USC 4511, 4513(a), 4513(f), 4513(b), 4519(g)
2590-AA13	201010	2010	12	4513	False	12 USC 4511, 4513(a), 4513(f), 4513(b), 4519(g)	12 USC 4511, 4513(a), 4513(f), 4513(b), 4519(g)
2590-AA13	201010	2010	12	4519	False	12 USC 4511, 4513(a), 4513(f), 4513(b), 4519(g)	12 USC 4511, 4513(a), 4513(f), 4513(b), 4519(g)
2590-AA14	201004	2010	12	4631	False	12 USC 4631 to 4641F	12 USC 4631 to 4641F
2590-AA14	201010	2010	12	4501	False	12 USC 4501, 4503, 4511, 4513, 4513b, 4517, 4526, 4531, 4535, 4536, 4581, 4585, 4631 to 4641F	12 USC 4501, 4503, 4511, 4513, 4513b, 4517, 4526, 4531, 4535, 4536, 4581, 4585, 4631 to 4641F
2590-AA14	201010	2010	12	4503	False	12 USC 4501, 4503, 4511, 4513, 4513b, 4517, 4526, 4531, 4535, 4536, 4581, 4585, 4631 to 4641F	12 USC 4501, 4503, 4511, 4513, 4513b, 4517, 4526, 4531, 4535, 4536, 4581, 4585, 4631 to 4641F
2590-AA14	201010	2010	12	4511	False	12 USC 4501, 4503, 4511, 4513, 4513b, 4517, 4526, 4531, 4535, 4536, 4581, 4585, 4631 to 4641F	12 USC 4501, 4503, 4511, 4513, 4513b, 4517, 4526, 4531, 4535, 4536, 4581, 4585, 4631 to 4641F
2590-AA14	201010	2010	12	4513	False	12 USC 4501, 4503, 4511, 4513, 4513b, 4517, 4526, 4531, 4535, 4536, 4581, 4585, 4631 to 4641F	12 USC 4501, 4503, 4511, 4513, 4513b, 4517, 4526, 4531, 4535, 4536, 4581, 4585, 4631 to 4641F
2590-AA14	201010	2010	12	4513b	False	12 USC 4501, 4503, 4511, 4513, 4513b, 4517, 4526, 4531, 4535, 4536, 4581, 4585, 4631 to 4641F	12 USC 4501, 4503, 4511, 4513, 4513b, 4517, 4526, 4531, 4535, 4536, 4581, 4585, 4631 to 4641F
2590-AA14	201010	2010	12	4517	False	12 USC 4501, 4503, 4511, 4513, 4513b, 4517, 4526, 4531, 4535, 4536, 4581, 4585, 4631 to 4641F	12 USC 4501, 4503, 4511, 4513, 4513b, 4517, 4526, 4531, 4535, 4536, 4581, 4585, 4631 to 4641F
2590-AA14	201010	2010	12	4526	False	12 USC 4501, 4503, 4511, 4513, 4513b, 4517, 4526, 4531, 4535, 4536, 4581, 4585, 4631 to 4641F	12 USC 4501, 4503, 4511, 4513, 4513b, 4517, 4526, 4531, 4535, 4536, 4581, 4585, 4631 to 4641F
2590-AA14	201010	2010	12	4581	False	12 USC 4501, 4503, 4511, 4513, 4513b, 4517, 4526, 4531, 4535, 4536, 4581, 4585, 4631 to 4641F	12 USC 4501, 4503, 4511, 4513, 4513b, 4517, 4526, 4531, 4535, 4536, 4581, 4585, 4631 to 4641F
2590-AA14	201010	2010	12	4585	False	12 USC 4501, 4503, 4511, 4513, 4513b, 4517, 4526, 4531, 4535, 4536, 4581, 4585, 4631 to 4641F	12 USC 4501, 4503, 4511, 4513, 4513b, 4517, 4526, 4531, 4535, 4536, 4581, 4585, 4631 to 4641F
2590-AA14	201010	2010	12	4631	False	12 USC 4501, 4503, 4511, 4513, 4513b, 4517, 4526, 4531, 4535, 4536, 4581, 4585, 4631 to 4641F	12 USC 4501, 4503, 4511, 4513, 4513b, 4517, 4526, 4531, 4535, 4536, 4581, 4585, 4631 to 4641F
2590-AA15	201004	2010	12	4526	False	12 USC 4526	12 USC 4526
2590-AA15	201010	2010	12	4526	False	12 USC 4526	12 USC 4526
2590-AA16	201004	2010	12	1430c	False	12 USC 1430c	12 USC 1430c
2590-AA16	201010	2010	12	1430c	False	12 USC 1430c	12 USC 1430c
2590-AA17	201004	2010	12	4526	False	12 USC 4526	12 USC 4526
2590-AA17	201004	2010	12	4541	False	12 USC 4541	12 USC 4541
2590-AA17	201010	2010	12	4526	False	12 USC 4526	12 USC 4526
2590-AA17	201010	2010	12	4541	False	12 USC 4541	12 USC 4541
2590-AA18	201004	2010	12	1424	False	12 USC 1424	12 USC 1424
2590-AA20	201004	2010	12	4517	False	12 USC 4517	12 USC 4517
2590-AA20	201010	2010	12	4517	False	12 USC 4517	12 USC 4517
2590-AA22	201004	2010	12	4624	False	12 USC 4624	12 USC 4624
2590-AA22	201010	2010	12	4624	False	12 USC 4624	12 USC 4624
2590-AA23	201004	2010	12	4617	False	12 USC 4617(b)(1)	12 USC 4617(b)(1)
2590-AA23	201010	2010	12	4513	False	12 USC 4513(b)	12 USC 4513(b)
2590-AA23	201010	2010	12	4526	False	12 USC 4526	12 USC 4526
2590-AA23	201010	2010	12	4617	False	12 USC 4617(b)(1)	12 USC 4617(b)(1)
2590-AA24	201004	2010	12	1426	False	12 USC 1426	12 USC 1426
2590-AA24	201004	2010	12	1429	False	12 USC 1429	12 USC 1429
2590-AA24	201004	2010	12	1430	False	12 USC 1430, 1430(b)	12 USC 1430, 1430(b)
2590-AA24	201004	2010	12	1431	False	12 USC 1431, 1431(a), 1432(a)	12 USC 1431, 1431(a), 1432(a)
2590-AA24	201004	2010	12	1432	False	12 USC 1431, 1431(a), 1432(a)	12 USC 1431, 1431(a), 1432(a)
2590-AA24	201004	2010	12	4511	False	12 USC 4511(b)	12 USC 4511(b)
2590-AA24	201004	2010	12	4513	False	12 USC 4513	12 USC 4513
2590-AA24	201004	2010	12	4526	False	12 USC 4526(a)	12 USC 4526(a)
2590-AA24	201010	2010	12	1426	False	12 USC 1426	12 USC 1426
2590-AA24	201010	2010	12	1429	False	12 USC 1429	12 USC 1429
2590-AA24	201010	2010	12	1430	False	12 USC 1430, 1430(b)	12 USC 1430, 1430(b)
2590-AA24	201010	2010	12	1431	False	12 USC 1431, 1431(a), 1432(a)	12 USC 1431, 1431(a), 1432(a)
2590-AA24	201010	2010	12	1432	False	12 USC 1431, 1431(a), 1432(a)	12 USC 1431, 1431(a), 1432(a)
2590-AA24	201010	2010	12	4511	False	12 USC 4511(b)	12 USC 4511(b)
2590-AA24	201010	2010	12	4513	False	12 USC 4513	12 USC 4513
2590-AA24	201010	2010	12	4526	False	12 USC 4526(a)	12 USC 4526(a)
2590-AA26	201004	2010	12	4501	False	12 USC 4501	12 USC 4501
2590-AA26	201004	2010	12	4502	False	12 USC 4502	12 USC 4502
2590-AA26	201004	2010	12	4511	False	12 USC 4511	12 USC 4511
2590-AA26	201004	2010	12	4513	False	12 USC 4513	12 USC 4513
2590-AA26	201004	2010	12	4526	False	12 USC 4526	12 USC 4526
2590-AA26	201004	2010	12	4561	False	12 USC 4561 to 4566	12 USC 4561 to 4566
2590-AA26	201004	2010	12	4603	False	12 USC 4603	12 USC 4603
2590-AA26	201010	2010	12	4501	False	12 USC 4501	12 USC 4501
2590-AA26	201010	2010	12	4502	False	12 USC 4502	12 USC 4502
2590-AA26	201010	2010	12	4511	False	12 USC 4511	12 USC 4511
2590-AA26	201010	2010	12	4513	False	12 USC 4513	12 USC 4513
2590-AA26	201010	2010	12	4526	False	12 USC 4526	12 USC 4526
2590-AA26	201010	2010	12	4561	False	12 USC 4561 to 4566	12 USC 4561 to 4566
2590-AA26	201010	2010	12	4603	False	12 USC 4603	12 USC 4603
2590-AA27	201004	2010	12	4565	False	12 USC 4565	12 USC 4565
2590-AA27	201010	2010	12	4565	False	12 USC 4565	12 USC 4565
2590-AA28	201004	2010	12	1833e	False	12 USC 1833e	12 USC 1833e
2590-AA28	201004	2010	12	4520	False	12 USC 4520 and 4526	12 USC 4520 and 4526
2590-AA28	201004	2010	12	4526	False	12 USC 4520 and 4526	12 USC 4520 and 4526
2590-AA28	201010	2010	12	1833e	False	12 USC 1833e	12 USC 1833e
2590-AA28	201010	2010	12	4520	False	12 USC 4520 and 4526	12 USC 4520 and 4526
2590-AA28	201010	2010	12	4526	False	12 USC 4520 and 4526	12 USC 4520 and 4526
2590-AA30	201004	2010	12	1426	False	12 USC 1426	12 USC 1426
2590-AA30	201004	2010	12	1431	False	12 USC 1431(a) and (c), 1440	12 USC 1431(a) and (c), 1440
2590-AA30	201004	2010	12	1440	False	12 USC 1431(a) and (c), 1440	12 USC 1431(a) and (c), 1440
2590-AA30	201004	2010	12	4511	False	12 USC 4511(b), 4513, 4514(a), 4526(a)	12 USC 4511(b), 4513, 4514(a), 4526(a)
2590-AA30	201004	2010	12	4513	False	12 USC 4511(b), 4513, 4514(a), 4526(a)	12 USC 4511(b), 4513, 4514(a), 4526(a)
2590-AA30	201004	2010	12	4514	False	12 USC 4511(b), 4513, 4514(a), 4526(a)	12 USC 4511(b), 4513, 4514(a), 4526(a)
2590-AA30	201004	2010	12	4526	False	12 USC 4511(b), 4513, 4514(a), 4526(a)	12 USC 4511(b), 4513, 4514(a), 4526(a)
2590-AA30	201010	2010	12	1426	False	12 USC 1426	12 USC 1426
2590-AA30	201010	2010	12	1431	False	12 USC 1431(a) and (c), 1440	12 USC 1431(a) and (c), 1440
2590-AA30	201010	2010	12	1440	False	12 USC 1431(a) and (c), 1440	12 USC 1431(a) and (c), 1440
2590-AA30	201010	2010	12	4511	False	12 USC 4511(b), 4513, 4514(a), 4526(a)	12 USC 4511(b), 4513, 4514(a), 4526(a)
2590-AA30	201010	2010	12	4513	False	12 USC 4511(b), 4513, 4514(a), 4526(a)	12 USC 4511(b), 4513, 4514(a), 4526(a)
2590-AA30	201010	2010	12	4514	False	12 USC 4511(b), 4513, 4514(a), 4526(a)	12 USC 4511(b), 4513, 4514(a), 4526(a)
2590-AA30	201010	2010	12	4526	False	12 USC 4511(b), 4513, 4514(a), 4526(a)	12 USC 4511(b), 4513, 4514(a), 4526(a)
2590-AA31	201004	2010	12	1427	False	12 USC 1427	12 USC 1427
2590-AA31	201004	2010	12	4511	False	12 USC 4511	12 USC 4511
2590-AA31	201004	2010	12	4526	False	12 USC 4526	12 USC 4526
2590-AA32	201004	2010	12	1429	False	12 USC 1429	12 USC 1429
2590-AA32	201004	2010	12	1430	False	12 USC 1430	12 USC 1430
2590-AA32	201004	2010	12	1430b	False	12 USC 1430b	12 USC 1430b
2590-AA32	201004	2010	12	1431	False	12 USC 1431	12 USC 1431
2590-AA32	201004	2010	12	1436	False	12 USC 1436	12 USC 1436
2590-AA32	201004	2010	12	4511	False	12 USC 4511	12 USC 4511
2590-AA32	201004	2010	12	4513	False	12 USC 4513	12 USC 4513
2590-AA32	201004	2010	12	4526	False	12 USC 4526	12 USC 4526
2590-AA32	201010	2010	12	1429	False	12 USC 1429	12 USC 1429
2590-AA32	201010	2010	12	1430	False	12 USC 1430	12 USC 1430
2590-AA32	201010	2010	12	1430b	False	12 USC 1430b	12 USC 1430b
2590-AA32	201010	2010	12	1431	False	12 USC 1431	12 USC 1431
2590-AA32	201010	2010	12	1436	False	12 USC 1436	12 USC 1436
2590-AA32	201010	2010	12	4511	False	12 USC 4511	12 USC 4511
2590-AA32	201010	2010	12	4513	False	12 USC 4513	12 USC 4513
2590-AA32	201010	2010	12	4526	False	12 USC 4526	12 USC 4526
2590-AA33	201004	2010	12	1429	False	12 USC 1429	12 USC 1429
2590-AA33	201004	2010	12	1430	False	12 USC 1430	12 USC 1430
2590-AA33	201004	2010	12	1430b	False	12 USC 1430b	12 USC 1430b
2590-AA33	201004	2010	12	1431	False	12 USC 1431	12 USC 1431
2590-AA33	201004	2010	12	4511	False	12 USC 4511	12 USC 4511
2590-AA33	201004	2010	12	4513	False	12 USC 4513	12 USC 4513
2590-AA33	201004	2010	12	4526	False	12 USC 4526	12 USC 4526
2590-AA34	201004	2010	12	1426	False	12 USC 1426	12 USC 1426
2590-AA34	201004	2010	12	1427	False	12 USC 1427	12 USC 1427
2590-AA34	201004	2010	12	1432	False	12 USC 1432	12 USC 1432
2590-AA34	201004	2010	12	4511	False	12 USC 4511	12 USC 4511
2590-AA34	201004	2010	12	4526	False	12 USC 4526	12 USC 4526
2590-AA35	201010	2010	12	1440	False	12 USC 1440, 1440a, 4511, 4514, and 4517	12 USC 1440, 1440a, 4511, 4514, and 4517
2590-AA35	201010	2010	12	1440a	False	12 USC 1440, 1440a, 4511, 4514, and 4517	12 USC 1440, 1440a, 4511, 4514, and 4517
2590-AA35	201010	2010	12	4511	False	12 USC 1440, 1440a, 4511, 4514, and 4517	12 USC 1440, 1440a, 4511, 4514, and 4517
2590-AA35	201010	2010	12	4514	False	12 USC 1440, 1440a, 4511, 4514, and 4517	12 USC 1440, 1440a, 4511, 4514, and 4517
2590-AA35	201010	2010	12	4517	False	12 USC 1440, 1440a, 4511, 4514, and 4517	12 USC 1440, 1440a, 4511, 4514, and 4517
2590-AA36	201010	2010	12	1431	False	12 USC 1431	12 USC 1431
2590-AA36	201010	2010	12	1435	False	12 USC 1435	12 USC 1435
2590-AA36	201010	2010	12	4511	False	12 USC 4511	12 USC 4511
2590-AA36	201010	2010	12	4513	False	12 USC 4513	12 USC 4513
2590-AA37	201010	2010	12	1446	False	12 USC 1432a, 1446, and 4511	12 USC 1432a, 1446, and 4511
2590-AA37	201010	2010	12	4511	False	12 USC 1432a, 1446, and 4511	12 USC 1432a, 1446, and 4511
2590-AA38	201010	2010	12	1430	False	12 USC 1430(g)	12 USC 1430(g)
2590-AA38	201010	2010	12	4511	False	12 USC 4511	12 USC 4511
2590-AA38	201010	2010	12	4513	False	12 USC 4513	12 USC 4513
2590-AA39	201010	2010	12	1424	False	12 USC 1424	12 USC 1424
2700-AE02	201210	2012	35	200	False	35 USC 200 et seq	35 USC 200 et seq
2900-AM92	201210	2012	38	8127	False	38 USC 8127 to 8128	38 USC 8127 to 8128
2900-AN12	201210	2012	38	1155	False	38 USC 1155	38 USC 1155
2900-AN28	201210	2012	38	1312	False	38 USC 1312	38 USC 1312
2900-AN28	201210	2012	38	501	False	38 USC 501(a)	38 USC 501(a)
2900-AN40	201210	2012	38	1965	False	38 USC 1965 to 1980A	38 USC 1965 to 1980A
2900-AN40	201210	2012	38	501	False	38 USC 501	38 USC 501
2900-AN42	201210	2012	38	501	False	38 USC 501(a)	38 USC 501(a)
2900-AN46	201210	2012	38	501	False	38 USC 501(a)	38 USC 501(a)
2900-AN46	201210	2012	38	501	False	38 USC 501(a)(1)	38 USC 501(a)(1)
2900-AN49	201210	2012	38	1725	False	38 USC 1725	38 USC 1725
2900-AN49	201210	2012	38	1728	False	38 USC 1728	38 USC 1728
2900-AN51	201210	2012	38	1714	False	38 USC 1714	38 USC 1714
2900-AN60	201210	2012	38	1155	False	38 USC 1155	38 USC 1155
2900-AN61	201210	2012	38	501	False	38 USC 501(a)	38 USC 501(a)
2900-AN61	201210	2012	38	5307	False	38 USC 5307	38 USC 5307
2900-AN67	201210	2012	38	501	False	38 USC 501	38 USC 501
2900-AN70	201210	2012	38	501	False	38 USC 501	38 USC 501
2900-AN70	201210	2012	38	503	False	38 USC 503	38 USC 503
2900-AN70	201210	2012	38	512	False	38 USC 512	38 USC 512
2900-AN75	201210	2012	38	501	False	38 USC 501(a)	38 USC 501(a)
2900-AN77	201210	2012	38	101	False	38 USC 101	38 USC 101
2900-AN77	201210	2012	38	1710	False	38 USC 1710	38 USC 1710
2900-AN77	201210	2012	38	1742	False	38 USC 1742	38 USC 1742
2900-AN77	201210	2012	38	501	False	38 USC 501	38 USC 501
2900-AN77	201210	2012	38	8105	False	38 USC 8105	38 USC 8105
2900-AN77	201210	2012	38	8131	False	38 USC 8131 to 8137	38 USC 8131 to 8137
2900-AN78	201210	2012	38	3703	False	38 USC 3703	38 USC 3703
2900-AN79	201210	2012	38	1708	False	38 USC 1708	38 USC 1708
2900-AN79	201210	2012	38	501	False	38 USC 501	38 USC 501
2900-AN80	201210	2012	38	1730	False	38 USC 1730	38 USC 1730
2900-AN80	201210	2012	38	501	False	38 USC 501	38 USC 501
2900-AN81	201210	2012	38	2001	False	38 USC 2001	38 USC 2001
2900-AN82	201210	2012	38	1710	False	38 USC 1710	38 USC 1710
2900-AN82	201210	2012	38	1741	False	38 USC 1741 to 1743	38 USC 1741 to 1743
2900-AN82	201210	2012	38	1745	False	38 USC 1745	38 USC 1745
2900-AN86	201210	2012	38	1725	False	38 USC 1725 as amended by PL 111-137	38 USC 1725 as amended by PL 111-137
2900-AN87	201210	2012	38	1702	False	38 USC 1702	38 USC 1702
2900-AN87	201210	2012	38	5303a	False	38 USC 5303A	38 USC 5303A
2900-AN89	201210	2012	38	501	False	38 USC 501(a)	38 USC 501(a)
2900-AN90	201210	2012	38	2408	False	38 USC 2408	38 USC 2408
2900-AN91	201210	2012	38	5121a	False	38 USC 5121A	38 USC 5121A
2900-AN92	201210	2012	38	1712a	False	38 USC 1712A	38 USC 1712A
2900-AN94	201210	2012	38	1720g	False	38 USC 1720G	38 USC 1720G
2900-AN94	201210	2012	38	501	False	38 USC 501	38 USC 501
2900-AN95	201210	2012	38	7332	False	38 USC 7332	38 USC 7332
2900-AN97	201210	2012	38	501	False	38 USC 501	38 USC 501
2900-AN97	201210	2012	40	121	False	40 USC 121(c)	40 USC 121(c)
2900-AN98	201210	2012	38	1703	False	38 USC 1703	38 USC 1703
2900-AN98	201210	2012	38	1710	False	38 USC 1710	38 USC 1710
2900-AN99	201210	2012	38	1712	False	38 USC 1712	38 USC 1712
2900-AO00	201210	2012	38	501	False	38 USC 501	38 USC 501
2900-AO02	201210	2012	38	101	False	38 USC 101	38 USC 101
2900-AO02	201210	2012	38	1710	False	38 USC 1710	38 USC 1710
2900-AO02	201210	2012	38	1741	False	38 USC 1741 to 1743	38 USC 1741 to 1743
2900-AO02	201210	2012	38	501	False	38 USC 501	38 USC 501
2900-AO03	201210	2012	38	1703	False	38 USC 1703	38 USC 1703
2900-AO03	201210	2012	38	1710	False	38 USC 1710	38 USC 1710
2900-AO04	201210	2012	38	1710	False	38 USC 1710	38 USC 1710
2900-AO07	201210	2012	38	501	False	38 USC 501	38 USC 501
2900-AO09	201210	2012	38	1117	False	38 USC 1117	38 USC 1117
2900-AO10	201210	2012	38	3015	False	38 USC 3015	38 USC 3015
2900-AO10	201210	2012	38	3022	False	38 USC 3022	38 USC 3022
2900-AO10	201210	2012	38	3108	False	38 USC 3108(a), (b), (f)	38 USC 3108(a), (b), (f)
2900-AO10	201210	2012	38	3115	False	38 USC 3115(a)(1)	38 USC 3115(a)(1)
2900-AO10	201210	2012	38	3680	False	38 USC 3680	38 USC 3680
2900-AO10	201210	2012	38	501	False	38 USC 501(a)	38 USC 501(a)
2900-AO11	201210	2012	38	111	False	38 USC 111	38 USC 111
2900-AO12	201210	2012	38	2402	False	38 USC 2402	38 USC 2402
2900-AO13	201210	2012	38	501	False	38 USC 501	38 USC 501
2900-AO15	201210	2012	38	1717	False	38 USC 1717	38 USC 1717
2900-AO15	201210	2012	38	501	False	38 USC 501	38 USC 501
2900-AO16	201210	2012	38	1114	False	38 USC 1114	38 USC 1114
2900-AO17	201210	2012	38	1717	False	38 USC 1717(a)(2)	38 USC 1717(a)(2)
2900-AO19	201210	2012	38	1155	False	38 USC 1155	38 USC 1155
2900-AO20	201210	2012	38	1965	False	38 USC 1965 to 1980A	38 USC 1965 to 1980A
2900-AO20	201210	2012	38	501	False	38 USC 501	38 USC 501
2900-AO21	201210	2012	38	1705	False	38 USC 1705	38 USC 1705
2900-AO22	201210	2012	38	1318	False	38 USC 1318	38 USC 1318
2900-AO23	201210	2012	38	8127	False	38 USC 8127	38 USC 8127
2900-AO24	201210	2012	38	1967	False	38 USC 1967 to 68	38 USC 1967 to 68
2900-AO24	201210	2012	38	1977	False	38 USC 1977	38 USC 1977
2900-AO24	201210	2012	38	501	False	38 USC 501	38 USC 501
2900-AO25	201210	2012	38	101	False	38 USC 101	38 USC 101
2900-AO25	201210	2012	38	106	False	38 USC 106	38 USC 106
2900-AO26	201210	2012	38	1710	False	38 USC 1710(g)(1)	38 USC 1710(g)(1)
2900-AO27	201210	2012	38	1710	False	38 USC 1710(g)(1)	38 USC 1710(g)(1)
2900-AO28	201210	2012	38	1722a	False	38 USC 1722A	38 USC 1722A
2900-AO28	201210	2012	38	501	False	38 USC 501(a)	38 USC 501(a)
2900-AO29	201210	2012	38	501	False	38 USC 501	38 USC 501
2900-AO30	201210	2012	38	1965	False	38 USC 1965(10)	38 USC 1965(10)
2900-AO31	201210	2012	38	3901	False	38 USC 3901	38 USC 3901
2900-AO32	201210	2012	38	1118	False	38 USC 1118	38 USC 1118
2900-AO33	201210	2012	38	501	False	38 USC 501	38 USC 501
2900-AO34	201210	2012	38	501	False	38 USC 501	38 USC 501
2900-AO34	201210	2012	38	7601	False	38 USC 7601 to 7619	38 USC 7601 to 7619
2900-AO34	201210	2012	38	7633	False	38 USC 7633	38 USC 7633
2900-AO34	201210	2012	38	7634	False	38 USC 7634	38 USC 7634
2900-AO34	201210	2012	38	7636	False	38 USC 7636	38 USC 7636
2900-AO36	201210	2012	38	101	False	38 USC 101	38 USC 101
2900-AO36	201210	2012	38	1710	False	38 USC 1710	38 USC 1710
2900-AO36	201210	2012	38	1741	False	38 USC 1741 to 1745	38 USC 1741 to 1745
2900-AO36	201210	2012	38	501	False	38 USC 501	38 USC 501
2900-AO37	201210	2012	38	101	False	38 USC 101	38 USC 101
2900-AO37	201210	2012	38	1710	False	38 USC 1710	38 USC 1710
2900-AO37	201210	2012	38	1741	False	38 USC 1741 to 1745	38 USC 1741 to 1745
2900-AO37	201210	2012	38	501	False	38 USC 501	38 USC 501
2900-AO38	201210	2012	38	1311	False	38 USC 1311	38 USC 1311
2900-AO39	201210	2012	40	3103	False	40 USC 3103	40 USC 3103
2900-AO41	201210	2012	38	8502	False	38 USC 8502	38 USC 8502
2900-AO42	201210	2012	38	1965	False	38 USC 501, 1965 to 1980A	38 USC 501, 1965 to 1980A
2900-AO42	201210	2012	38	501	False	38 USC 501, 1965 to 1980A	38 USC 501, 1965 to 1980A
2900-AO43	201210	2012	38	501	False	38 USC 501(a)	38 USC 501(a)
2900-AO44	201210	2012	38	1155	False	38 USC 1155	38 USC 1155
2900-AO45	201210	2012	38	5701	False	38 USC 5701	38 USC 5701
2900-AO46	201210	2012	38	1703	False	38 USC 1703	38 USC 1703
2900-AO47	201210	2012	38	1703	False	38 USC 1703	38 USC 1703
2900-AO48	201210	2012	38	501	False	38 USC 501	38 USC 501
2900-AO49	201210	2012	38	501	False	38 USC 501 and 513	38 USC 501 and 513
2900-AO49	201210	2012	38	513	False	38 USC 501 and 513	38 USC 501 and 513
2900-AO49	201210	2012	38	8127	False	38 USC 8127	38 USC 8127
2900-AO50	201210	2012	38	2044	False	38 USC 2044	38 USC 2044
2900-AO51	201210	2012	38	501	False	38 USC 501	38 USC 501
2900-AO52	201210	2012	38	1721	False	38 USC 1721	38 USC 1721
2900-AO52	201210	2012	38	501	False	38 USC 501	38 USC 501
2900-AO54	201210	2012	38	101	False	38 USC 101	38 USC 101
2900-AO54	201210	2012	38	1744	False	38 USC 1744	38 USC 1744
2900-AO54	201210	2012	38	501	False	38 USC 501	38 USC 501
2900-AO55	201210	2012	38	1977	False	38 USC 1977(a)(3)	38 USC 1977(a)(3)
2900-AO57	201210	2012	38	1710	False	38 USC 1710	38 USC 1710
2900-AO57	201210	2012	38	1720	False	38 USC 1720	38 USC 1720
2900-AO57	201210	2012	38	1741	False	38 USC 1741 to 1745	38 USC 1741 to 1745
3052-AB92	201004	2010	12	2013	False	12 USC 2013	12 USC 2013
3052-AB92	201004	2010	12	2015	False	12 USC 2015	12 USC 2015
3052-AB92	201004	2010	12	2018	False	12 USC 2018 to 2020	12 USC 2018 to 2020
3052-AB92	201004	2010	12	2073	False	12 USC 2073 to 2076	12 USC 2073 to 2076
3052-AB92	201004	2010	12	2093	False	12 USC 2093	12 USC 2093
3052-AB92	201004	2010	12	2122	False	12 USC 2122	12 USC 2122
3052-AB92	201004	2010	12	2128	False	12 USC 2128	12 USC 2128
3052-AB92	201004	2010	12	2132	False	12 USC 2132	12 USC 2132
3052-AB92	201004	2010	12	2146	False	12 USC 2146	12 USC 2146
3052-AB92	201004	2010	12	2154	False	12 USC 2154	12 USC 2154
3052-AB92	201004	2010	12	2154a	False	12 USC 2154a	12 USC 2154a
3052-AB92	201004	2010	12	2160	False	12 USC 2160	12 USC 2160
3052-AB92	201004	2010	12	2202b	False	12 USC 2202b	12 USC 2202b
3052-AB92	201004	2010	12	2211	False	12 USC 2211	12 USC 2211
3052-AB92	201004	2010	12	2243	False	12 USC 2243	12 USC 2243
3052-AB92	201004	2010	12	2252	False	12 USC 2252	12 USC 2252
3052-AB92	201004	2010	12	2278b	False	12 USC 2278b	12 USC 2278b
3052-AB92	201004	2010	12	2278b-6	False	12 USC 2278b-6	12 USC 2278b-6
3052-AB92	201004	2010	12	2279aa	False	12 USC 2279aa	12 USC 2279aa
3052-AB92	201004	2010	12	2279aa-10	False	12 USC 2279aa-10	12 USC 2279aa-10
3052-AB92	201004	2010	12	2279aa-12	False	12 USC 2279aa-12	12 USC 2279aa-12
3052-AB92	201004	2010	12	2279aa-3	False	12 USC 2279aa-3	12 USC 2279aa-3
3052-AB92	201004	2010	12	2279aa-4	False	12 USC 2279aa-4	12 USC 2279aa-4
3052-AB92	201004	2010	12	2279aa-6	False	12 USC 2279aa-6 to 2279aa-8	12 USC 2279aa-6 to 2279aa-8
3052-AB92	201010	2010	12	2013	False	12 USC 2013	12 USC 2013
3052-AB92	201010	2010	12	2015	False	12 USC 2015	12 USC 2015
3052-AB92	201010	2010	12	2018	False	12 USC 2018 to 2020	12 USC 2018 to 2020
3052-AB92	201010	2010	12	2073	False	12 USC 2073 to 2076	12 USC 2073 to 2076
3052-AB92	201010	2010	12	2093	False	12 USC 2093	12 USC 2093
3052-AB92	201010	2010	12	2122	False	12 USC 2122	12 USC 2122
3052-AB92	201010	2010	12	2128	False	12 USC 2128	12 USC 2128
3052-AB92	201010	2010	12	2132	False	12 USC 2132	12 USC 2132
3052-AB92	201010	2010	12	2146	False	12 USC 2146	12 USC 2146
3052-AB92	201010	2010	12	2154	False	12 USC 2154	12 USC 2154
3052-AB92	201010	2010	12	2154a	False	12 USC 2154a	12 USC 2154a
3052-AB92	201010	2010	12	2160	False	12 USC 2160	12 USC 2160
3052-AB92	201010	2010	12	2202b	False	12 USC 2202b	12 USC 2202b
3052-AB92	201010	2010	12	2211	False	12 USC 2211	12 USC 2211
3052-AB92	201010	2010	12	2243	False	12 USC 2243	12 USC 2243
3052-AB92	201010	2010	12	2252	False	12 USC 2252	12 USC 2252
3052-AB92	201010	2010	12	2278b	False	12 USC 2278b	12 USC 2278b
3052-AB92	201010	2010	12	2278b-6	False	12 USC 2278b-6	12 USC 2278b-6
3052-AB92	201010	2010	12	2279aa	False	12 USC 2279aa	12 USC 2279aa
3052-AB92	201010	2010	12	2279aa-10	False	12 USC 2279aa-10	12 USC 2279aa-10
3052-AB92	201010	2010	12	2279aa-12	False	12 USC 2279aa-12	12 USC 2279aa-12
3052-AB92	201010	2010	12	2279aa-3	False	12 USC 2279aa-3	12 USC 2279aa-3
3052-AB92	201010	2010	12	2279aa-4	False	12 USC 2279aa-4	12 USC 2279aa-4
3052-AB92	201010	2010	12	2279aa-6	False	12 USC 2279aa-6 to 2279aa-8	12 USC 2279aa-6 to 2279aa-8
3052-AC20	201004	2010	12	2013	False	12 USC 2013	12 USC 2013
3052-AC20	201004	2010	12	2015	False	12 USC 2015	12 USC 2015
3052-AC20	201004	2010	12	2017	False	12 USC 2017 to 2019	12 USC 2017 to 2019
3052-AC20	201010	2010	12	2013	False	12 USC 2013	12 USC 2013
3052-AC20	201010	2010	12	2015	False	12 USC 2015	12 USC 2015
3052-AC20	201010	2010	12	2017	False	12 USC 2017 to 2019	12 USC 2017 to 2019
3052-AC25	201004	2010	12	2013	False	12 USC 2013	12 USC 2013
3052-AC25	201004	2010	12	2015	False	12 USC 2015	12 USC 2015
3052-AC25	201004	2010	12	2018	False	12 USC 2018 to 2020	12 USC 2018 to 2020
3052-AC25	201010	2010	12	2013	False	12 USC 2013	12 USC 2013
3052-AC25	201010	2010	12	2015	False	12 USC 2015	12 USC 2015
3052-AC25	201010	2010	12	2018	False	12 USC 2018 to 2020	12 USC 2018 to 2020
3052-AC39	201004	2010	12	2252	False	12 USC 2252	12 USC 2252
3052-AC41	201004	2010	12	2011	False	12 USC 2011 and 2012	12 USC 2011 and 2012
3052-AC41	201004	2010	12	2012	False	12 USC 2011 and 2012	12 USC 2011 and 2012
3052-AC41	201004	2010	12	2021	False	12 USC 2021	12 USC 2021
3052-AC41	201004	2010	12	2071	False	12 USC 2071	12 USC 2071
3052-AC41	201010	2010	12	2011	False	12 USC 2011 and 2012	12 USC 2011 and 2012
3052-AC41	201010	2010	12	2012	False	12 USC 2011 and 2012	12 USC 2011 and 2012
3052-AC41	201010	2010	12	2021	False	12 USC 2021	12 USC 2021
3052-AC41	201010	2010	12	2071	False	12 USC 2071	12 USC 2071
3052-AC42	201004	2010	12	2013	False	12 USC 2013	12 USC 2013
3052-AC42	201004	2010	12	2015	False	12 USC 2015	12 USC 2015
3052-AC42	201004	2010	12	2018	False	12 USC 2018 to 2020	12 USC 2018 to 2020
3052-AC42	201004	2010	12	2073	False	12 USC 2073 to 2076	12 USC 2073 to 2076
3052-AC42	201010	2010	12	2013	False	12 USC 2013	12 USC 2013
3052-AC42	201010	2010	12	2015	False	12 USC 2015	12 USC 2015
3052-AC42	201010	2010	12	2018	False	12 USC 2018 to 2020	12 USC 2018 to 2020
3052-AC42	201010	2010	12	2073	False	12 USC 2073 to 2076	12 USC 2073 to 2076
3052-AC43	201004	2010	12	2013	False	12 USC 2013	12 USC 2013
3052-AC43	201004	2010	12	2015	False	12 USC 2015	12 USC 2015
3052-AC43	201004	2010	12	2154	False	12 USC 2154	12 USC 2154
3052-AC43	201004	2010	12	2252	False	12 USC 2252	12 USC 2252
3052-AC43	201010	2010	12	2013	False	12 USC 2013	12 USC 2013
3052-AC43	201010	2010	12	2015	False	12 USC 2015	12 USC 2015
3052-AC43	201010	2010	12	2154	False	12 USC 2154	12 USC 2154
3052-AC43	201010	2010	12	2252	False	12 USC 2252	12 USC 2252
3052-AC44	201004	2010	12	2243	False	12 USC 2243	12 USC 2243
3052-AC44	201004	2010	12	2252	False	12 USC 2252	12 USC 2252
3052-AC44	201004	2010	12	2254	False	12 USC 2254	12 USC 2254
3052-AC44	201010	2010	12	2243	False	12 USC 2243	12 USC 2243
3052-AC44	201010	2010	12	2252	False	12 USC 2252	12 USC 2252
3052-AC44	201010	2010	12	2254	False	12 USC 2254	12 USC 2254
3052-AC45	201004	2010	12	2199	False	12 USC 2199	12 USC 2199
3052-AC45	201004	2010	12	2200	False	12 USC 2200 to 2202	12 USC 2200 to 2202
3052-AC46	201004	2010	12	2252	False	12 USC 2252	12 USC 2252
3052-AC46	201010	2010	12	2252	False	12 USC 2252	12 USC 2252
3052-AC48	201004	2010	12	2011	False	12 USC 2011	12 USC 2011
3052-AC48	201004	2010	12	2013	False	12 USC 2013 to 2015	12 USC 2013 to 2015
3052-AC49	201004	2010	12	2013	False	12 USC 2013	12 USC 2013
3052-AC49	201004	2010	12	2015	False	12 USC 2015	12 USC 2015
3052-AC49	201004	2010	12	2018	False	12 USC 2018 to 2019	12 USC 2018 to 2019
3052-AC50	201004	2010	12	2013	False	12 USC 2013	12 USC 2013
3052-AC50	201004	2010	12	2015	False	12 USC 2015	12 USC 2015
3052-AC50	201004	2010	12	2018	False	12 USC 2018 to 2019	12 USC 2018 to 2019
3052-AC50	201010	2010	12	2013	False	12 USC 2013	12 USC 2013
3052-AC50	201010	2010	12	2015	False	12 USC 2015	12 USC 2015
3052-AC50	201010	2010	12	2018	False	12 USC 2018 to 2019	12 USC 2018 to 2019
3052-AC51	201004	2010	12	2183	False	12 USC 2183	12 USC 2183
3052-AC51	201004	2010	12	2243	False	12 USC 2243	12 USC 2243
3052-AC51	201004	2010	12	2252	False	12 USC 2252	12 USC 2252
3052-AC51	201004	2010	12	2279aa-11	False	12 USC 2279aa-11	12 USC 2279aa-11
3052-AC51	201004	2010	12	2279bb	False	12 USC 2279bb	12 USC 2279bb
3052-AC51	201010	2010	12	2183	False	12 USC 2183	12 USC 2183
3052-AC51	201010	2010	12	2243	False	12 USC 2243	12 USC 2243
3052-AC51	201010	2010	12	2252	False	12 USC 2252	12 USC 2252
3052-AC51	201010	2010	12	2279aa-11	False	12 USC 2279aa-11	12 USC 2279aa-11
3052-AC51	201010	2010	12	2279bb	False	12 USC 2279bb	12 USC 2279bb
3052-AC52	201004	2010	12	2013	False	12 USC 2013	12 USC 2013
3052-AC52	201004	2010	12	2015	False	12 USC 2015	12 USC 2015
3052-AC52	201004	2010	12	2017	False	12 USC 2017 and 2018	12 USC 2017 and 2018
3052-AC52	201004	2010	12	2018	False	12 USC 2017 and 2018	12 USC 2017 and 2018
3052-AC52	201010	2010	12	2013	False	12 USC 2013	12 USC 2013
3052-AC52	201010	2010	12	2015	False	12 USC 2015	12 USC 2015
3052-AC52	201010	2010	12	2017	False	12 USC 2017 and 2018	12 USC 2017 and 2018
3052-AC52	201010	2010	12	2018	False	12 USC 2017 and 2018	12 USC 2017 and 2018
3052-AC53	201010	2010	12	2252	False	12 USC 2252	12 USC 2252
3052-AC55	201004	2010	12	2013	False	12 USC 2013	12 USC 2013
3052-AC55	201004	2010	12	2015	False	12 USC 2015	12 USC 2015
3052-AC55	201004	2010	12	2018	False	12 USC 2018 to 12 USC 2020	12 USC 2018 to 12 USC 2020
3052-AC55	201004	2010	12	2020	False	12 USC 2018 to 12 USC 2020	12 USC 2018 to 12 USC 2020
3052-AC56	201004	2010	12	2183	False	12 USC 2183	12 USC 2183
3052-AC56	201004	2010	12	2243	False	12 USC 2243	12 USC 2243
3052-AC56	201004	2010	12	2252	False	12 USC 2252	12 USC 2252
3052-AC56	201004	2010	12	2279aa-11	False	12 USC 2279aa-11	12 USC 2279aa-11
3052-AC56	201010	2010	12	2183	False	12 USC 2183	12 USC 2183
3052-AC56	201010	2010	12	2243	False	12 USC 2243	12 USC 2243
3052-AC56	201010	2010	12	2252	False	12 USC 2252	12 USC 2252
3052-AC56	201010	2010	12	2279aa-11	False	12 USC 2279aa-11	12 USC 2279aa-11
3052-AC57	201004	2010	12	2013	False	12 USC 2013	12 USC 2013
3052-AC57	201004	2010	12	2015	False	12 USC 2015	12 USC 2015
3052-AC57	201004	2010	12	2018	False	12 USC 2018 and 2019	12 USC 2018 and 2019
3052-AC57	201004	2010	12	2019	False	12 USC 2018 and 2019	12 USC 2018 and 2019
3052-AC57	201010	2010	12	2013	False	12 USC 2013	12 USC 2013
3052-AC57	201010	2010	12	2015	False	12 USC 2015	12 USC 2015
3052-AC57	201010	2010	12	2018	False	12 USC 2018 and 2019	12 USC 2018 and 2019
3052-AC57	201010	2010	12	2019	False	12 USC 2018 and 2019	12 USC 2018 and 2019
3052-AC59	201004	2010	12	2011	False	12 USC 2011	12 USC 2011
3052-AC59	201004	2010	12	2013	False	12 USC 2013 to 2015	12 USC 2013 to 2015
3052-AC59	201004	2010	12	2017	False	12 USC 2017	12 USC 2017
3052-AC59	201010	2010	12	2011	False	12 USC 2011	12 USC 2011
3052-AC59	201010	2010	12	2013	False	12 USC 2013 to 2015	12 USC 2013 to 2015
3052-AC59	201010	2010	12	2017	False	12 USC 2017	12 USC 2017
3052-AC60	201004	2010	12	2011	False	12 USC 2011	12 USC 2011
3052-AC60	201004	2010	12	2013	False	12 USC 2013 to 2015	12 USC 2013 to 2015
3052-AC60	201010	2010	12	2011	False	12 USC 2011	12 USC 2011
3052-AC60	201010	2010	12	2013	False	12 USC 2013 to 2015	12 USC 2013 to 2015
3052-AC61	201004	2010	12	2013	False	12 USC 2013	12 USC 2013
3052-AC61	201004	2010	12	2015	False	12 USC 2015	12 USC 2015
3052-AC61	201004	2010	12	2018	False	12 USC 2018 and 2019	12 USC 2018 and 2019
3052-AC61	201004	2010	12	2019	False	12 USC 2018 and 2019	12 USC 2018 and 2019
3052-AC61	201010	2010	12	2013	False	12 USC 2013	12 USC 2013
3052-AC61	201010	2010	12	2015	False	12 USC 2015	12 USC 2015
3052-AC61	201010	2010	12	2018	False	12 USC 2018 and 2019	12 USC 2018 and 2019
3052-AC61	201010	2010	12	2019	False	12 USC 2018 and 2019	12 USC 2018 and 2019
3052-AC62	201004	2010	12	2252	False	12 USC 2252	12 USC 2252
3052-AC62	201010	2010	12	2252	False	12 USC 2252	12 USC 2252
3052-AC63	201004	2010	12	2252	False	12 USC 2252	12 USC 2252
3052-AC63	201010	2010	12	2252	False	12 USC 2252	12 USC 2252
3052-AC64	201004	2010	12	2252	False	12 USC 2252	12 USC 2252
3052-AC64	201010	2010	12	2252	False	12 USC 2252	12 USC 2252
3052-AC65	201004	2010	12	2252	False	12 USC 2252	12 USC 2252
3052-AC65	201010	2010	12	2252	False	12 USC 2252	12 USC 2252
3052-AC66	201010	2010	12	2013	False	12 USC 2013	12 USC 2013
3052-AC66	201010	2010	12	2019	False	12 USC 2019	12 USC 2019
3052-AC66	201010	2010	12	2020	False	12 USC 2020	12 USC 2020
3052-AC66	201010	2010	12	2073	False	12 USC 2073	12 USC 2073
3064-AC95	201004	2010	12	1819	False	12 USC 1819(a)(Tenth)	12 USC 1819(a)(Tenth)
3064-AC95	201004	2010	12	1820	False	12 USC 1820(g)	12 USC 1820(g)
3064-AC95	201004	2010	12	1831d	False	12 USC 1831d note	12 USC 1831d note
3064-AC95	201010	2010	12	1819	False	12 USC 1819(a)(Tenth)	12 USC 1819(a)(Tenth)
3064-AC95	201010	2010	12	1820	False	12 USC 1820(g)	12 USC 1820(g)
3064-AC95	201010	2010	12	1831d	False	12 USC 1831d note	12 USC 1831d note
3064-AC97	201004	2010	12	2901	False	12 USC 2901	12 USC 2901
3064-AC97	201010	2010	12	2901	False	12 USC 2901	12 USC 2901
3064-AD10	201004	2010	12	1815	False	12 USC 1815(a)	12 USC 1815(a)
3064-AD10	201004	2010	12	1815	False	12 USC 1815(b)	12 USC 1815(b)
3064-AD10	201004	2010	12	1816	False	12 USC 1816	12 USC 1816
3064-AD10	201004	2010	12	1818	False	12 USC 1818(b) to 1818(c)	12 USC 1818(b) to 1818(c)
3064-AD10	201010	2010	12	1815	False	12 USC 1815(a)	12 USC 1815(a)
3064-AD10	201010	2010	12	1815	False	12 USC 1815(b)	12 USC 1815(b)
3064-AD10	201010	2010	12	1816	False	12 USC 1816	12 USC 1816
3064-AD10	201010	2010	12	1818	False	12 USC 1818(b) to 1818(c)	12 USC 1818(b) to 1818(c)
3064-AD15	201004	2010	12	1811	False	12 USC 1811	12 USC 1811
3064-AD15	201004	2010	12	1815	False	12 USC 1815 to 1817	12 USC 1815 to 1817
3064-AD15	201004	2010	12	1819	False	12 USC 1819(a) Seventh and Tenth	12 USC 1819(a) Seventh and Tenth
3064-AD15	201004	2010	12	1820	False	12 USC 1820(g)	12 USC 1820(g)
3064-AD15	201004	2010	12	3108	False	12 USC 3108	12 USC 3108
3064-AD15	201004	2010	12	3207	False	12 USC 3207	12 USC 3207
3064-AD15	201010	2010	12	1811	False	12 USC 1811	12 USC 1811
3064-AD15	201010	2010	12	1815	False	12 USC 1815 to 1817	12 USC 1815 to 1817
3064-AD15	201010	2010	12	1819	False	12 USC 1819(a) Seventh and Tenth	12 USC 1819(a) Seventh and Tenth
3064-AD15	201010	2010	12	1820	False	12 USC 1820(g)	12 USC 1820(g)
3064-AD15	201010	2010	12	3108	False	12 USC 3108	12 USC 3108
3064-AD15	201010	2010	12	3207	False	12 USC 3207	12 USC 3207
3064-AD16	201004	2010	12	1819	False	12 USC 1819 (Seventh and Tenth)	12 USC 1819 (Seventh and Tenth)
3064-AD23	201004	2010	12	1833e	False	12 USC 1833e	12 USC 1833e
3064-AD23	201010	2010	12	1833e	False	12 USC 1833e	12 USC 1833e
3064-AD29	201004	2010	12	1815	False	12 USC 1815(a)	12 USC 1815(a)
3064-AD29	201004	2010	12	1815	False	12 USC 1815(b)	12 USC 1815(b)
3064-AD29	201004	2010	12	1816	False	12 USC 1816	12 USC 1816
3064-AD29	201004	2010	12	1818	False	12 USC 1818(a)	12 USC 1818(a)
3064-AD29	201004	2010	12	1818	False	12 USC 1818(b)	12 USC 1818(b)
3064-AD29	201004	2010	12	1818	False	12 USC 1818(t)	12 USC 1818(t)
3064-AD29	201004	2010	12	1819	False	12 USC 1819(Tenth)	12 USC 1819(Tenth)
3064-AD29	201004	2010	12	1828	False	12 USC 1828(c)	12 USC 1828(c)
3064-AD29	201010	2010	12	1815	False	12 USC 1815(a)	12 USC 1815(a)
3064-AD29	201010	2010	12	1815	False	12 USC 1815(b)	12 USC 1815(b)
3064-AD29	201010	2010	12	1816	False	12 USC 1816	12 USC 1816
3064-AD29	201010	2010	12	1818	False	12 USC 1818(a)	12 USC 1818(a)
3064-AD29	201010	2010	12	1818	False	12 USC 1818(b)	12 USC 1818(b)
3064-AD29	201010	2010	12	1818	False	12 USC 1818(t)	12 USC 1818(t)
3064-AD29	201010	2010	12	1819	False	12 USC 1819(Tenth)	12 USC 1819(Tenth)
3064-AD29	201010	2010	12	1828	False	12 USC 1828(c)	12 USC 1828(c)
3064-AD33	201004	2010	12	1813	False	12 USC 1813(l)	12 USC 1813(l)
3064-AD33	201004	2010	12	1813	False	12 USC 1813(m)	12 USC 1813(m)
3064-AD33	201004	2010	12	1817	False	12 USC 1817(i)	12 USC 1817(i)
3064-AD33	201004	2010	12	1818	False	12 USC 1818(q)	12 USC 1818(q)
3064-AD33	201010	2010	12	1813	False	12 USC 1813(l)	12 USC 1813(l)
3064-AD33	201010	2010	12	1813	False	12 USC 1813(m)	12 USC 1813(m)
3064-AD33	201010	2010	12	1817	False	12 USC 1817(i)	12 USC 1817(i)
3064-AD33	201010	2010	12	1818	False	12 USC 1818(q)	12 USC 1818(q)
3064-AD34	201004	2010	12	1815	False	12 USC 1815(a)	12 USC 1815(a)
3064-AD34	201004	2010	12	1815	False	12 USC 1815(b)	12 USC 1815(b)
3064-AD34	201004	2010	12	1816	False	12 USC 1816	12 USC 1816
3064-AD34	201004	2010	12	1818	False	12 USC 1818(a)	12 USC 1818(a)
3064-AD34	201010	2010	12	1815	False	12 USC 1815(a)	12 USC 1815(a)
3064-AD34	201010	2010	12	1815	False	12 USC 1815(b)	12 USC 1815(b)
3064-AD34	201010	2010	12	1816	False	12 USC 1816	12 USC 1816
3064-AD34	201010	2010	12	1818	False	12 USC 1818(a)	12 USC 1818(a)
3064-AD40	201004	2010	12	1818	False	12 USC 1818	12 USC 1818
3064-AD40	201004	2010	12	1819	False	12 USC 1819 (Tenth)	12 USC 1819 (Tenth)
3064-AD40	201010	2010	12	1818	False	12 USC 1818	12 USC 1818
3064-AD40	201010	2010	12	1819	False	12 USC 1819 (Tenth)	12 USC 1819 (Tenth)
3064-AD41	201004	2010	12	1831f	False	12 USC 1831f(a)	12 USC 1831f(a)
3064-AD41	201004	2010	12	1831f	False	12 USC 1831f(c)	12 USC 1831f(c)
3064-AD41	201010	2010	12	1831f	False	12 USC 1831f(a)	12 USC 1831f(a)
3064-AD41	201010	2010	12	1831f	False	12 USC 1831f(c)	12 USC 1831f(c)
3064-AD42	201004	2010	12	1814	False	12 USC 1814(a)	12 USC 1814(a)
3064-AD42	201004	2010	12	1815	False	12 USC 1815(b)	12 USC 1815(b)
3064-AD42	201004	2010	12	1816	False	12 USC 1816	12 USC 1816
3064-AD42	201004	2010	12	1818	False	12 USC 1818(a)	12 USC 1818(a)
3064-AD43	201004	2010	12	1828	False	12 USC 1828(o)	12 USC 1828(o)
3064-AD43	201004	2010	12	5105	False	12 USC 5105 et. seq	12 USC 5105 et. seq
3064-AD43	201010	2010	12	1828	False	12 USC 1828(o)	12 USC 1828(o)
3064-AD43	201010	2010	12	5105	False	12 USC 5105 et seq	12 USC 5105 et seq
3064-AD45	201004	2010	12	1814	False	12 USC 1814 to 1817	12 USC 1814 to 1817
3064-AD45	201004	2010	12	1819	False	12 USC 1819 to 1820	12 USC 1819 to 1820
3064-AD45	201004	2010	12	1828	False	12 USC 1828 to 1831u	12 USC 1828 to 1831u
3064-AD45	201004	2010	12	2901	False	12 USC 2901 to 2908	12 USC 2901 to 2908
3064-AD45	201010	2010	12	1814	False	12 USC 1814 to 1817	12 USC 1814 to 1817
3064-AD45	201010	2010	12	1819	False	12 USC 1819 to 1820	12 USC 1819 to 1820
3064-AD45	201010	2010	12	1828	False	12 USC 1828 to 1831u	12 USC 1828 to 1831u
3064-AD45	201010	2010	12	2901	False	12 USC 2901 to 2908	12 USC 2901 to 2908
3064-AD48	201004	2010	12	1815	False	12 USC 1815(a) and 1815(b)	12 USC 1815(a) and 1815(b)
3064-AD48	201004	2010	12	1816	False	12 USC 1816 and 1818(a)	12 USC 1816 and 1818(a)
3064-AD48	201004	2010	12	1818	False	12 USC 1816 and 1818(a)	12 USC 1816 and 1818(a)
3064-AD48	201010	2010	12	1815	False	12 USC 1815(a) and 1815(b)	12 USC 1815(a) and 1815(b)
3064-AD48	201010	2010	12	1816	False	12 USC 1816 and 1818(a)	12 USC 1816 and 1818(a)
3064-AD48	201010	2010	12	1818	False	12 USC 1816 and 1818(a)	12 USC 1816 and 1818(a)
3064-AD49	201004	2010	12	1441	False	12 USC 1441	12 USC 1441
3064-AD49	201004	2010	12	1813	False	12 USC 1813	12 USC 1813
3064-AD49	201004	2010	12	1815	False	12 USC 1815	12 USC 1815
3064-AD49	201004	2010	12	1817	False	12 USC 1817-1819	12 USC 1817-1819
3064-AD49	201010	2010	12	1441	False	12 USC 1441	12 USC 1441
3064-AD49	201010	2010	12	1813	False	12 USC 1813	12 USC 1813
3064-AD49	201010	2010	12	1815	False	12 USC 1815	12 USC 1815
3064-AD49	201010	2010	12	1817	False	12 USC 1817 to 1819	12 USC 1817 to 1819
3064-AD50	201004	2010	12	1816	False	12 USC 1816	12 USC 1816
3064-AD50	201004	2010	12	1818	False	12 USC 1818(a)	12 USC 1818(a)
3064-AD50	201004	2010	12	375a	False	12 USC 375a(4)	12 USC 375a(4)
3064-AD50	201004	2010	12	375b	False	12 USC 375b	12 USC 375b
3064-AD51	201004	2010	12	1817	False	12 USC 1817(b)-(c)	12 USC 1817(b)-(c)
3064-AD52	201004	2010	12	1441	False	12 USC 1441	12 USC 1441
3064-AD52	201004	2010	12	1813	False	12 USC 1813	12 USC 1813
3064-AD52	201004	2010	12	1815	False	12 USC 1815	12 USC 1815
3064-AD52	201004	2010	12	1817	False	12 USC 1817 to 1819	12 USC 1817 to 1819
3064-AD53	201004	2010	12	1821	False	12 USC 1821(d)(1)	12 USC 1821(d)(1)
3064-AD53	201004	2010	12	1821	False	12 USC 1821(d)(10)(C)	12 USC 1821(d)(10)(C)
3064-AD53	201004	2010	12	1821	False	12 USC 1821(d)(11)	12 USC 1821(d)(11)
3064-AD53	201004	2010	12	1821	False	12 USC 1821(e)(1)	12 USC 1821(e)(1)
3064-AD53	201004	2010	12	1821	False	12 USC 1821(e)(8)(D)(i)	12 USC 1821(e)(8)(D)(i)
3064-AD53	201004	2010	12	1823	False	12 USC 1823(c)(4)	12 USC 1823(c)(4)
3064-AD53	201004	2010	12	1823	False	12 USC 1823(e)(2)	12 USC 1823(e)(2)
3064-AD53	201010	2010	12	1821	False	12 USC 1821(d)(1)	12 USC 1821(d)(1)
3064-AD53	201010	2010	12	1821	False	12 USC 1821(d)(10)(C)	12 USC 1821(d)(10)(C)
3064-AD53	201010	2010	12	1821	False	12 USC 1821(d)(11)	12 USC 1821(d)(11)
3064-AD53	201010	2010	12	1821	False	12 USC 1821(e)(1)	12 USC 1821(e)(1)
3064-AD53	201010	2010	12	1821	False	12 USC 1821(e)(8)(D)(i)	12 USC 1821(e)(8)(D)(i)
3064-AD53	201010	2010	12	1823	False	12 USC 1823(c)(4)	12 USC 1823(c)(4)
3064-AD53	201010	2010	12	1823	False	12 USC 1823(e)(2)	12 USC 1823(e)(2)
3064-AD54	201004	2010	12	1814	False	12 USC 1814 to 1817	12 USC 1814 to 1817
3064-AD54	201004	2010	12	1819	False	12 USC 1819 to 1820	12 USC 1819 to 1820
3064-AD54	201004	2010	12	1828	False	12 USC 1828	12 USC 1828
3064-AD54	201004	2010	12	1831u	False	12 USC 1831u	12 USC 1831u
3064-AD54	201004	2010	12	2901	False	12 USC 2901 to 2907	12 USC 2901 to 2907
3064-AD54	201004	2010	12	3103	False	12 USC 3103 to 3104	12 USC 3103 to 3104
3064-AD54	201004	2010	12	3108	False	12 USC 3108(a)	12 USC 3108(a)
3064-AD55	201004	2010	12	1821	False	12 USC 1821(d)(1)	12 USC 1821(d)(1)
3064-AD55	201004	2010	12	1821	False	12 USC 1821(d)(10)(C)	12 USC 1821(d)(10)(C)
3064-AD55	201004	2010	12	1821	False	12 USC 1821(d)(11)	12 USC 1821(d)(11)
3064-AD55	201004	2010	12	1821	False	12 USC 1821(e)(1)	12 USC 1821(e)(1)
3064-AD55	201004	2010	12	1821	False	12 USC 1821(e)(8)(D)(i)	12 USC 1821(e)(8)(D)(i)
3064-AD56	201004	2010	12	1817	False	12 USC 1817	12 USC 1817
3064-AD56	201010	2010	12	1817	False	12 USC 1817	12 USC 1817
3064-AD57	201010	2010	12	1441	False	12 USC 1441	12 USC 1441
3064-AD57	201010	2010	12	1813	False	12 USC 1813	12 USC 1813
3064-AD57	201010	2010	12	1815	False	12 USC 1815	12 USC 1815
3064-AD57	201010	2010	12	1821	False	12 USC 1821	12 USC 1821
3064-AD59	201010	2010	12	1817	False	12 USC 1817(b)	12 USC 1817(b)
3064-AD59	201010	2010	12	1818	False	12 USC 1818(a)(2)	12 USC 1818(a)(2)
3064-AD59	201010	2010	12	1818	False	12 USC 1818(t)	12 USC 1818(t)
3064-AD59	201010	2010	12	1819	False	12 USC 1819(a) Seventh	12 USC 1819(a) Seventh
3064-AD60	201010	2010	12	21	False	12 USC 21	12 USC 21
3064-AD60	201010	2010	12	22	False	12 USC 22	12 USC 22
3064-AD60	201010	2010	12	26	False	12 USC 26	12 USC 26
3064-AD60	201010	2010	12	27	False	12 USC 27	12 USC 27
3072-AC34	201004	2010	12	1141j	False	12 USC 1141j(a)	12 USC 1141j(a)
3072-AC34	201010	2010	12	1141j	False	12 USC 1141j(a)	12 USC 1141j(a)
3084-AA99	201004	2010	12	1811	False	12 USC 1811 et seq	12 USC 1811 et seq
3084-AA99	201010	2010	12	1811	False	12 USC 1811 et seq	12 USC 1811 et seq
3090-AI51	201210	2012	40	121	False	40 USC 121(c)	40 USC 121(c)
3090-AI72	201210	2012	40	121	False	40 USC 121(c)	40 USC 121(c)
3090-AI76	201210	2012	40	121	False	40 USC 121(c)	40 USC 121(c)
3090-AI77	201210	2012	40	121	False	40 USC 121(c)	40 USC 121(c)
3090-AI81	201210	2012	40	121	False	40 USC 121(c)	40 USC 121(c)
3090-AJ11	201210	2012	40	121	False	40 USC 121(c)	40 USC 121(c)
3090-AJ13	201210	2012	40	121	False	40 USC 121(c)	40 USC 121(c)
3090-AJ15	201210	2012	40	121	False	40 USC 121(c)	40 USC 121(c)
3090-AJ24	201210	2012	40	121	False	40 USC 121(c)	40 USC 121(c)
3090-AJ25	201210	2012	40	121	False	40 USC 121(c)	40 USC 121(c)
3090-AJ25	201210	2012	40	17503	False	40 USC 17503	40 USC 17503
3090-AJ26	201210	2012	40	121	False	40 USC 121(c)	40 USC 121(c)
3090-AJ26	201210	2012	40	549	False	40 USC 549	40 USC 549
3090-AJ30	201210	2012	40	121	False	40 USC 121(c)	40 USC 121(c)
3090-AJ31	201210	2012	40	121	False	40 USC 121(c)	40 USC 121(c)
3090-AJ32	201210	2012	40	121	False	40 USC 121(c)	40 USC 121(c)
3133-AD22	201004	2010	12	1752	False	12 USC 1752(5)	12 USC 1752(5)
3133-AD22	201004	2010	12	1755	False	12 USC 1755 to 1757	12 USC 1755 to 1757
3133-AD22	201004	2010	12	1759	False	12 USC 1759	12 USC 1759
3133-AD22	201004	2010	12	1761a	False	12 USC 1761a	12 USC 1761a
3133-AD25	201004	2010	12	1766	False	12 USC 1766	12 USC 1766
3133-AD38	201004	2010	12	1757	False	12 USC 1757	12 USC 1757
3133-AD38	201004	2010	12	1768	False	12 USC 1768	12 USC 1768
3133-AD38	201004	2010	12	3335	False	12 USC 3335 et seq	12 USC 3335 et seq
3133-AD38	201010	2010	12	1757	False	12 USC 1757	12 USC 1757
3133-AD38	201010	2010	12	1768	False	12 USC 1768	12 USC 1768
3133-AD38	201010	2010	12	3335	False	12 USC 3335 et seq	12 USC 3335 et seq
3133-AD40	201004	2010	12	1752	False	12 USC 1752(7)	12 USC 1752(7)
3133-AD40	201004	2010	12	1766	False	12 USC 1766	12 USC 1766
3133-AD40	201004	2010	12	1785	False	12 USC 1785 and 1786	12 USC 1785 and 1786
3133-AD40	201004	2010	12	1786	False	12 USC 1785 and 1786	12 USC 1785 and 1786
3133-AD40	201004	2010	12	1789	False	12 USC 1789	12 USC 1789
3133-AD40	201010	2010	12	1752	False	12 USC 1752(7)	12 USC 1752(7)
3133-AD40	201010	2010	12	1766	False	12 USC 1766	12 USC 1766
3133-AD40	201010	2010	12	1785	False	12 USC 1785 and 1786	12 USC 1785 and 1786
3133-AD40	201010	2010	12	1786	False	12 USC 1785 and 1786	12 USC 1785 and 1786
3133-AD40	201010	2010	12	1789	False	12 USC 1789	12 USC 1789
3133-AD41	201004	2010	12	1757	False	12 USC 1757	12 USC 1757
3133-AD41	201004	2010	12	1789	False	12 USC 1789	12 USC 1789
3133-AD41	201010	2010	12	1757	False	12 USC 1757	12 USC 1757
3133-AD41	201010	2010	12	1789	False	12 USC 1789	12 USC 1789
3133-AD46	201004	2010	12	1757	False	12 USC 1757(15)	12 USC 1757(15)
3133-AD46	201004	2010	12	1757	False	12 USC 1757(7)	12 USC 1757(7)
3133-AD46	201004	2010	12	1757	False	12 USC 1757(8)	12 USC 1757(8)
3133-AD46	201010	2010	12	1757	False	12 USC 1757(15)	12 USC 1757(15)
3133-AD46	201010	2010	12	1757	False	12 USC 1757(7)	12 USC 1757(7)
3133-AD46	201010	2010	12	1757	False	12 USC 1757(8)	12 USC 1757(8)
3133-AD58	201004	2010	12	1766	False	12 USC 1766	12 USC 1766
3133-AD58	201010	2010	12	1766	False	12 USC 1766	12 USC 1766
3133-AD59	201004	2010	12	5101	False	12 USC 5101 et seq	12 USC 5101 et seq
3133-AD59	201010	2010	12	5101	False	12 USC 5101 et seq	12 USC 5101 et seq
3133-AD63	201004	2010	12	1757	False	12 USC 1757	12 USC 1757
3133-AD63	201004	2010	12	1766	False	12 USC 1766(a)	12 USC 1766(a)
3133-AD63	201004	2010	12	1781	False	12 USC 1781 to 1790	12 USC 1781 to 1790
3133-AD63	201004	2010	12	1790d	False	12 USC 1790d	12 USC 1790d
3133-AD64	201004	2010	12	1752	False	12 USC 1752(5)	12 USC 1752(5)
3133-AD64	201004	2010	12	1755	False	12 USC 1755 to 1757	12 USC 1755 to 1757
3133-AD64	201004	2010	12	1759	False	12 USC 1759	12 USC 1759
3133-AD64	201004	2010	12	1761	False	12 USC 1761(a) to 1761(b)	12 USC 1761(a) to 1761(b)
3133-AD64	201004	2010	12	1766	False	12 USC 1766 to 1767	12 USC 1766 to 1767
3133-AD64	201004	2010	12	1782	False	12 USC 1782	12 USC 1782
3133-AD64	201004	2010	12	1784	False	12 USC 1784	12 USC 1784
3133-AD64	201004	2010	12	1787	False	12 USC 1787	12 USC 1787
3133-AD64	201004	2010	12	1789	False	12 USC 1789	12 USC 1789
3133-AD65	201004	2010	12	1752	False	12 USC 1752(5)	12 USC 1752(5)
3133-AD65	201004	2010	12	1755	False	12 USC 1755 to 1759	12 USC 1755 to 1759
3133-AD65	201004	2010	12	1761a	False	12 USC 1761a to 1761b	12 USC 1761a to 1761b
3133-AD65	201004	2010	12	1766	False	12 USC 1766 to 1767	12 USC 1766 to 1767
3133-AD65	201004	2010	12	1782	False	12 USC 1782	12 USC 1782
3133-AD65	201004	2010	12	1784	False	12 USC 1784	12 USC 1784
3133-AD65	201004	2010	12	1786	False	12 USC 1786 to 1787	12 USC 1786 to 1787
3133-AD65	201004	2010	12	1789	False	12 USC 1789	12 USC 1789
3133-AD65	201010	2010	12	1752	False	12 USC 1752(5)	12 USC 1752(5)
3133-AD65	201010	2010	12	1755	False	12 USC 1755 to 1759	12 USC 1755 to 1759
3133-AD65	201010	2010	12	1761a	False	12 USC 1761a to 1761b	12 USC 1761a to 1761b
3133-AD65	201010	2010	12	1766	False	12 USC 1766 to 1767	12 USC 1766 to 1767
3133-AD65	201010	2010	12	1782	False	12 USC 1782	12 USC 1782
3133-AD65	201010	2010	12	1784	False	12 USC 1784	12 USC 1784
3133-AD65	201010	2010	12	1786	False	12 USC 1786 to 1787	12 USC 1786 to 1787
3133-AD65	201010	2010	12	1789	False	12 USC 1789	12 USC 1789
3133-AD66	201004	2010	12	1757	False	12 USC 1757	12 USC 1757
3133-AD66	201004	2010	12	1766	False	12 USC 1766(a)	12 USC 1766(a)
3133-AD66	201004	2010	12	1781	False	12 USC 1781 to 1790	12 USC 1781 to 1790
3133-AD66	201004	2010	12	1790d	False	12 USC 1790d	12 USC 1790d
3133-AD66	201010	2010	12	1757	False	12 USC 1757	12 USC 1757
3133-AD66	201010	2010	12	1766	False	12 USC 1766(a)	12 USC 1766(a)
3133-AD66	201010	2010	12	1781	False	12 USC 1781 to 1790	12 USC 1781 to 1790
3133-AD66	201010	2010	12	1790d	False	12 USC 1790d	12 USC 1790d
3133-AD67	201004	2010	12	1752	False	12 USC 1752(s)	12 USC 1752(s)
3133-AD67	201004	2010	12	1755	False	12 USC 1755 to 1759	12 USC 1755 to 1759
3133-AD67	201004	2010	12	1761a	False	12 USC 1761a	12 USC 1761a
3133-AD67	201004	2010	12	1761b	False	12 USC 1761b	12 USC 1761b
3133-AD67	201004	2010	12	1766	False	12 USC 1766 to 1767	12 USC 1766 to 1767
3133-AD67	201004	2010	12	1782	False	12 USC 1782	12 USC 1782
3133-AD67	201004	2010	12	1784	False	12 USC 1784	12 USC 1784
3133-AD67	201004	2010	12	1786	False	12 USC 1786 to 1787	12 USC 1786 to 1787
3133-AD67	201004	2010	12	1789	False	12 USC 1789	12 USC 1789
3133-AD67	201010	2010	12	1752	False	12 USC 1752(s)	12 USC 1752(s)
3133-AD67	201010	2010	12	1755	False	12 USC 1755 to 1759	12 USC 1755 to 1759
3133-AD67	201010	2010	12	1761a	False	12 USC 1761a	12 USC 1761a
3133-AD67	201010	2010	12	1761b	False	12 USC 1761b	12 USC 1761b
3133-AD67	201010	2010	12	1766	False	12 USC 1766 to 1767	12 USC 1766 to 1767
3133-AD67	201010	2010	12	1782	False	12 USC 1782	12 USC 1782
3133-AD67	201010	2010	12	1784	False	12 USC 1784	12 USC 1784
3133-AD67	201010	2010	12	1786	False	12 USC 1786 to 1787	12 USC 1786 to 1787
3133-AD67	201010	2010	12	1789	False	12 USC 1789	12 USC 1789
3133-AD68	201004	2010	12	1752	False	12 USC 1752(5)	12 USC 1752(5)
3133-AD68	201004	2010	12	1755	False	12 USC 1755 to 1757	12 USC 1755 to 1757
3133-AD68	201004	2010	12	1757a	False	12 USC 1757A	12 USC 1757A
3133-AD68	201004	2010	12	1759	False	12 USC 1759	12 USC 1759
3133-AD68	201004	2010	12	1761a	False	12 USC 1761a to 1761b	12 USC 1761a to 1761b
3133-AD68	201004	2010	12	1766	False	12 USC 1766 to 1767	12 USC 1766 to 1767
3133-AD68	201004	2010	12	1782	False	12 USC 1782	12 USC 1782
3133-AD68	201004	2010	12	1784	False	12 USC 1784 to 1785	12 USC 1784 to 1785
3133-AD68	201004	2010	12	1787	False	12 USC 1787	12 USC 1787
3133-AD68	201004	2010	12	1789	False	12 USC 1789	12 USC 1789
3133-AD68	201010	2010	12	1752	False	12 USC 1752(5)	12 USC 1752(5)
3133-AD68	201010	2010	12	1755	False	12 USC 1755 to 1757	12 USC 1755 to 1757
3133-AD68	201010	2010	12	1757a	False	12 USC 1757A	12 USC 1757A
3133-AD68	201010	2010	12	1759	False	12 USC 1759	12 USC 1759
3133-AD68	201010	2010	12	1761a	False	12 USC 1761a to 1761b	12 USC 1761a to 1761b
3133-AD68	201010	2010	12	1766	False	12 USC 1766 to 1767	12 USC 1766 to 1767
3133-AD68	201010	2010	12	1782	False	12 USC 1782	12 USC 1782
3133-AD68	201010	2010	12	1784	False	12 USC 1784 to 1785	12 USC 1784 to 1785
3133-AD68	201010	2010	12	1787	False	12 USC 1787	12 USC 1787
3133-AD68	201010	2010	12	1789	False	12 USC 1789	12 USC 1789
3133-AD69	201004	2010	12	1756	False	12 USC 1756 to 1757A	12 USC 1756 to 1757A
3133-AD69	201004	2010	12	1766	False	12 USC 1766	12 USC 1766
3133-AD69	201004	2010	12	1785	False	12 USC 1785	12 USC 1785
3133-AD69	201004	2010	12	1789	False	12 USC 1789	12 USC 1789
3133-AD69	201010	2010	12	1756	False	12 USC 1756 to 1757A	12 USC 1756 to 1757A
3133-AD69	201010	2010	12	1766	False	12 USC 1766	12 USC 1766
3133-AD69	201010	2010	12	1785	False	12 USC 1785	12 USC 1785
3133-AD69	201010	2010	12	1789	False	12 USC 1789	12 USC 1789
3133-AD70	201004	2010	12	1766	False	12 USC 1766(a)	12 USC 1766(a)
3133-AD70	201004	2010	12	1786	False	12 USC 1786 to 1787	12 USC 1786 to 1787
3133-AD70	201010	2010	12	1766	False	12 USC 1766(a)	12 USC 1766(a)
3133-AD70	201010	2010	12	1786	False	12 USC 1786 to 1787	12 USC 1786 to 1787
3133-AD71	201004	2010	12	1757	False	12 USC 1757(5) et seq	12 USC 1757(5) et seq
3133-AD71	201010	2010	12	1757	False	12 USC 1757(5) et seq	12 USC 1757(5) et seq
3133-AD72	201010	2010	12	4301	False	12 USC 4301	12 USC 4301
3133-AD72	201010	2010	12	4311	False	12 USC 4311(b)	12 USC 4311(b)
3133-AD73	201010	2010	12	1757	False	12 USC 1757	12 USC 1757
3133-AD73	201010	2010	12	1766	False	12 USC 1766(a)	12 USC 1766(a)
3133-AD73	201010	2010	12	1781	False	12 USC 1781 to 1790	12 USC 1781 to 1790
3133-AD73	201010	2010	12	1786	False	12 USC 1786(t)	12 USC 1786(t)
3133-AD73	201010	2010	12	1790d	False	12 USC 1790d	12 USC 1790d
3133-AD74	201010	2010	12	1761	False	12 USC 1761	12 USC 1761
3133-AD74	201010	2010	12	1762	False	12 USC 1762	12 USC 1762
3133-AD74	201010	2010	12	1766	False	12 USC 1766	12 USC 1766
3133-AD74	201010	2010	12	1781	False	12 USC 1781	12 USC 1781
3133-AD74	201010	2010	12	1789	False	12 USC 1789	12 USC 1789
3133-AD75	201010	2010	12	1757	False	12 USC 1757(6)	12 USC 1757(6)
3133-AD76	201010	2010	12	1757	False	12 USC 1757(6)	12 USC 1757(6)
3133-AD77	201010	2010	12	1752	False	12 USC 1752(5)	12 USC 1752(5)
3133-AD77	201010	2010	12	1755	False	12 USC 1755 to 1759	12 USC 1755 to 1759
3133-AD77	201010	2010	12	1761a	False	12 USC 1761a to 1761b	12 USC 1761a to 1761b
3133-AD77	201010	2010	12	1766	False	12 USC 1766 to 1767	12 USC 1766 to 1767
3133-AD77	201010	2010	12	1782	False	12 USC 1782	12 USC 1782
3133-AD77	201010	2010	12	1784	False	12 USC 1784	12 USC 1784
3133-AD77	201010	2010	12	1786	False	12 USC 1786 to 1787	12 USC 1786 to 1787
3133-AD77	201010	2010	12	1789	False	12 USC 1789	12 USC 1789
3133-AD78	201010	2010	12	1752	False	12 USC 1752(5)	12 USC 1752(5)
3133-AD78	201010	2010	12	1757	False	12 USC 1757	12 USC 1757
3133-AD78	201010	2010	12	1766	False	12 USC 1766	12 USC 1766
3133-AD78	201010	2010	12	1781	False	12 USC 1781 to 1782	12 USC 1781 to 1782
3133-AD78	201010	2010	12	1785	False	12 USC 1785	12 USC 1785
3133-AD78	201010	2010	12	1787	False	12 USC 1787	12 USC 1787
3133-AD78	201010	2010	12	1789	False	12 USC 1789	12 USC 1789
3133-AD79	201010	2010	12	1752	False	12 USC 1752(5)	12 USC 1752(5)
3133-AD79	201010	2010	12	1757	False	12 USC 1757	12 USC 1757
3133-AD79	201010	2010	12	1765	False	12 USC 1765 to 1766	12 USC 1765 to 1766
3133-AD79	201010	2010	12	1781	False	12 USC 1781 to 1782	12 USC 1781 to 1782
3133-AD79	201010	2010	12	1787	False	12 USC 1787	12 USC 1787
3133-AD79	201010	2010	12	1789	False	12 USC 1789	12 USC 1789
3133-AD80	201010	2010	12	1753	False	12 USC 1753 to 1754	12 USC 1753 to 1754
3133-AD80	201010	2010	12	1758	False	12 USC 1758	12 USC 1758
3133-AD80	201010	2010	12	1766	False	12 USC 1766	12 USC 1766
3135-AA24	201210	2012	41	8101	False	41 USC 8101 et seq	41 USC 8101 et seq
3206-AL36	201210	2012	40	590	False	40 USC 590(g)	40 USC 590(g)
3206-AL85	201210	2012	38	4331	False	38 USC 4331	38 USC 4331
3206-AM17	201210	2012	38	501	False	38 USC 501(a)	38 USC 501(a)
3206-AM17	201210	2012	38	5301	False	38 USC 5301(a)	38 USC 5301(a)
3211-AA01	201210	2012	39	404a	False	39 USC 404a(c)	39 USC 404a(c)
3211-AA07	201210	2012	39	3633	False	39 USC 3633	39 USC 3633
3235-AK31	201004	2010	12	5221	False	12 USC 5221(e)(3)	12 USC 5221(e)(3)
7100-AC69	201004	2010	12	1835a	False	12 USC 1835a	12 USC 1835a
7100-AC69	201004	2010	12	335	False	12 USC 335	12 USC 335
7100-AC69	201010	2010	12	1835a	False	12 USC 1835a	12 USC 1835a
7100-AC69	201010	2010	12	335	False	12 USC 335	12 USC 335
7100-AC73	201004	2010	12	1828	False	12 USC 1828(t)	12 USC 1828(t)
7100-AC73	201010	2010	12	1828	False	12 USC 1828(t)	12 USC 1828(t)
7100-AD03	201004	2010	12	1829b	False	12 USC 1829b	12 USC 1829b
7100-AD03	201004	2010	12	1951	False	12 USC 1951	12 USC 1951
7100-AD03	201010	2010	12	1829b	False	12 USC 1829b	12 USC 1829b
7100-AD03	201010	2010	12	1951	False	12 USC 1951	12 USC 1951
7100-AD23	201004	2010	12	1817	False	12 USC 1817(j)(13) and 1818	12 USC 1817(j)(13) and 1818
7100-AD23	201004	2010	12	1818	False	12 USC 1817(j)(13) and 1818	12 USC 1817(j)(13) and 1818
7100-AD23	201004	2010	12	24	False	12 USC 24	12 USC 24
7100-AD23	201004	2010	12	36	False	12 USC 36	12 USC 36
7100-AD23	201010	2010	12	1817	False	12 USC 1817(j)(13) and 1818	12 USC 1817(j)(13) and 1818
7100-AD23	201010	2010	12	1818	False	12 USC 1817(j)(13) and 1818	12 USC 1817(j)(13) and 1818
7100-AD23	201010	2010	12	24	False	12 USC 24	12 USC 24
7100-AD23	201010	2010	12	36	False	12 USC 36	12 USC 36
7100-AD29	201004	2010	12	324	False	12 USC 324	12 USC 324
7100-AD32	201004	2010	12	501	False	12 USC 501 et seq	12 USC 501 et seq
7100-AD32	201010	2010	12	501	False	12 USC 501 et seq	12 USC 501 et seq
7100-AD34	201004	2010	12	3806	False	12 USC 3806	12 USC 3806
7100-AD34	201010	2010	12	3806	False	12 USC 3806	12 USC 3806
7100-AD39	201004	2010	12	2901	False	12 USC 2901 et seq	12 USC 2901 et seq
7100-AD39	201010	2010	12	2901	False	12 USC 2901 et seq	12 USC 2901 et seq
7100-AD41	201004	2010	12	161	False	12 USC 161	12 USC 161
7100-AD41	201004	2010	12	1818	False	12 USC 1818	12 USC 1818
7100-AD41	201004	2010	12	1828	False	12 USC 1828	12 USC 1828
7100-AD41	201004	2010	12	1831	False	12 USC 1831	12 USC 1831
7100-AD41	201004	2010	12	93a	False	12 USC 93a	12 USC 93a
7100-AD44	201010	2010	12	461	False	12 USC 461	12 USC 461
7100-AD46	201004	2010	12	4802	False	12 USC 4802(6)(I)(A)	12 USC 4802(6)(I)(A)
7100-AD46	201010	2010	12	4802	False	12 USC 4802(6)(I)(A)	12 USC 4802(6)(I)(A)
7100-AD48	201004	2010	12	342	False	12 USC 342	12 USC 342
7100-AD48	201004	2010	12	461	False	12 USC 461(b)(12)	12 USC 461(b)(12)
7100-AD48	201010	2010	12	342	False	12 USC 342	12 USC 342
7100-AD48	201010	2010	12	461	False	12 USC 461(b)(12)	12 USC 461(b)(12)
7100-AD50	201010	2010	12	1828	False	12 USC 1828(c)	12 USC 1828(c)
7100-AD50	201010	2010	12	1842	False	12 USC 1842 to 1844	12 USC 1842 to 1844
7100-AD50	201010	2010	12	2901	False	12 USC 2901 et seq	12 USC 2901 et seq
7100-AD50	201010	2010	12	321	False	12 USC 321	12 USC 321
7100-AD50	201010	2010	12	325	False	12 USC 325	12 USC 325
7100-AD51	201010	2010	12	2804	False	12 USC 2804(a)	12 USC 2804(a)
7100-AD53	201010	2010	12	208	False	12 USC 208	12 USC 208
9000-AL55	201210	2012	40	121	False	40 USC 121(c)	40 USC 121(c)
9000-AL66	201210	2012	40	121	False	40 USC 121(c)	40 USC 121(c)
9000-AL78	201210	2012	40	121	False	40 USC 121(c)	40 USC 121(c)
9000-AL88	201210	2012	40	121	False	40 USC 121(c)	40 USC 121(c)
9000-AL91	201210	2012	40	121	False	40 USC 121(c)	40 USC 121(c)
9000-AL93	201210	2012	40	121	False	40 USC 121(c)	40 USC 121(c)
9000-AL95	201210	2012	40	121	False	40 USC 121(c)	40 USC 121(c)
9000-AL96	201210	2012	40	121	False	40 USC 121(c)	40 USC 121(c)
9000-AL97	201210	2012	40	121	False	40 USC 121(c)	40 USC 121(c)
9000-AL99	201210	2012	40	121	False	40 USC 121(c)	40 USC 121(c)
9000-AM01	201210	2012	40	121	False	40 USC 121(c)	40 USC 121(c)
9000-AM02	201210	2012	40	121	False	40 USC 121(c)	40 USC 121(c)
9000-AM03	201210	2012	40	121	False	40 USC 121(c)	40 USC 121(c)
9000-AM06	201210	2012	40	121	False	40 USC 121(c)	40 USC 121(c)
9000-AM08	201210	2012	40	121	False	40 USC 121(c)	40 USC 121(c)
9000-AM09	201210	2012	40	121	False	40 USC 121(c)	40 USC 121(c)
9000-AM10	201210	2012	40	121	False	40 USC 121(c)	40 USC 121(c)
9000-AM13	201210	2012	40	121	False	40 USC 121(c)	40 USC 121(c)
9000-AM14	201210	2012	40	121	False	40 USC 121(c)	40 USC 121(c)
9000-AM15	201210	2012	40	121	False	40 USC 121(c)	40 USC 121(c)
9000-AM16	201210	2012	40	121	False	40 USC 121(c)	40 USC 121(c)
9000-AM17	201210	2012	40	121	False	40 USC 121(c)	40 USC 121(c)
9000-AM18	201210	2012	40	121	False	40 USC 121(c)	40 USC 121(c)
9000-AM19	201210	2012	40	121	False	40 USC 121(c)	40 USC 121(c)
9000-AM20	201210	2012	40	121	False	40 USC 121(c)	40 USC 121(c)
9000-AM21	201210	2012	40	121	False	40 USC 121(c)	40 USC 121(c)
9000-AM22	201210	2012	40	121	False	40 USC 121(c)	40 USC 121(c)
9000-AM23	201210	2012	40	121	False	40 USC 121(c)	40 USC 121(c)
9000-AM24	201210	2012	40	121	False	40 USC 121(c)	40 USC 121(c)
9000-AM25	201210	2012	40	121	False	40 USC 121(c)	40 USC 121(c)
9000-AM26	201210	2012	40	121	False	40 USC 121(c)	40 USC 121(c)
9000-AM27	201210	2012	40	121	False	40 USC 121(c)	40 USC 121(c)
9000-AM28	201210	2012	40	121	False	40 USC 121(c)	40 USC 121(c)
9000-AM29	201210	2012	40	121	False	40 USC 121(c)	40 USC 121(c)
9000-AM30	201210	2012	40	121	False	40 USC 121(c)	40 USC 121(c)
9000-AM31	201210	2012	40	121	False	40 USC 121(c)	40 USC 121(c)
9000-AM32	201210	2012	40	121	False	40 USC 121(c)	40 USC 121(c)
9000-AM33	201210	2012	40	121	False	40 USC 121(c)	40 USC 121(c)
9000-AM34	201210	2012	40	121	False	40 USC 121(c)	40 USC 121(c)
9000-AM35	201210	2012	40	121	False	40 USC 121(c)	40 USC 121(c)
9000-AM36	201210	2012	40	121	False	40 USC 121(c)	40 USC 121(c)
9000-AM37	201210	2012	40	121	False	40 USC 121(c)	40 USC 121(c)
9000-AM38	201210	2012	40	121	False	40 USC 121(c)	40 USC 121(c)
9000-AM39	201210	2012	40	121	False	40 USC 121(c)	40 USC 121(c)
9000-AM40	201210	2012	40	121	False	40 USC 121(c)	40 USC 121(c)
9000-AM41	201210	2012	40	121	False	40 USC 121(c)	40 USC 121(c)
9000-AM43	201210	2012	40	121	False	40 U.S.C 121(c)	40 U.S.C 121(c)
9000-AM44	201210	2012	40	121	False	40 USC 121(c)	40 USC 121(c)
